id,Route,distance,angle,Z_1
1,Run1,0,30.5863606282086,158.983001708984
1,Run1,1,30.5863606282086,159.066009521484
1,Run1,2,30.5863606282086,159.066009521484
1,Run1,3,30.5863606282086,159.046005249023
1,Run1,4,30.5863606282086,158.994003295898
1,Run1,5,30.5863606282086,159.013000488281
1,Run1,6,30.5863606282086,159.085006713867
1,Run1,7,30.5863606282086,159.026000976562
1,Run1,8,30.5863606282086,159.046005249023
1,Run1,9,30.5863606282086,159.046005249023
1,Run1,10,30.5863606282086,159.081008911133
1,Run1,11,30.5863606282086,159.072006225586
1,Run1,12,30.5863606282086,159.013000488281
1,Run1,13,30.5863606282086,158.956008911133
1,Run1,14,30.5863606282086,159.024002075195
1,Run1,15,30.5863606282086,158.993011474609
1,Run1,16,30.5863606282086,159.044006347656
1,Run1,17,30.5863606282086,158.989013671875
1,Run1,18,30.5863606282086,159.045013427734
1,Run1,19,30.5863606282086,158.991012573242
1,Run1,20,30.5863606282086,159.042007446289
1,Run1,21,30.5863606282086,159.031005859375
1,Run1,22,30.5863606282086,159.066009521484
1,Run1,23,30.5863606282086,159.066009521484
1,Run1,24,30.5863606282086,159.10400390625
1,Run1,25,30.5863606282086,159.115005493164
1,Run1,26,30.5863606282086,159.102005004883
1,Run1,27,30.5863606282086,159.067001342773
1,Run1,28,30.5863606282086,159.131011962891
1,Run1,29,30.5863606282086,159.11100769043
1,Run1,30,30.5863606282086,159.153015136719
1,Run1,31,30.5863606282086,159.153015136719
1,Run1,32,30.5863606282086,159.198013305664
1,Run1,33,30.5863606282086,159.165008544922
1,Run1,34,30.5863606282086,159.177001953125
1,Run1,35,30.5863606282086,159.175003051758
1,Run1,36,30.5863606282086,159.179000854492
1,Run1,37,30.5863606282086,159.163009643555
1,Run1,38,30.5863606282086,159.196014404297
1,Run1,39,30.5863606282086,159.156005859375
1,Run1,40,30.5863606282086,159.198013305664
1,Run1,41,30.5863606282086,159.181015014648
1,Run1,42,30.5863606282086,159.184005737305
1,Run1,43,30.5863606282086,159.165008544922
1,Run1,44,30.5863606282086,159.18701171875
1,Run1,45,30.5863606282086,159.18701171875
1,Run1,46,30.5863606282086,159.210006713867
1,Run1,47,30.5863606282086,159.18000793457
1,Run1,48,30.5863606282086,159.207000732422
1,Run1,49,30.5863606282086,159.18701171875
1,Run1,50,30.5863606282086,159.2080078125
1,Run1,51,30.5863606282086,159.190002441406
1,Run1,52,30.5863606282086,159.218002319336
1,Run1,53,30.5863606282086,159.210006713867
1,Run1,54,30.5863606282086,159.209014892578
1,Run1,55,30.5863606282086,159.205001831055
1,Run1,56,30.5863606282086,159.244003295898
1,Run1,57,30.5863606282086,159.228012084961
1,Run1,58,30.5863606282086,159.227005004883
1,Run1,59,30.5863606282086,159.227005004883
1,Run1,60,30.5863606282086,159.254013061523
1,Run1,61,30.5863606282086,159.243011474609
1,Run1,62,30.5863606282086,159.22200012207
1,Run1,63,30.5863606282086,159.23600769043
1,Run1,64,30.5863606282086,159.223007202148
1,Run1,65,30.5863606282086,159.231002807617
1,Run1,66,30.5863606282086,159.212005615234
1,Run1,67,30.5863606282086,159.235000610352
1,Run1,68,30.5863606282086,159.234008789062
1,Run1,69,30.5863606282086,159.225006103516
1,Run1,70,30.5863606282086,159.23600769043
1,Run1,71,30.5863606282086,159.239013671875
1,Run1,72,30.5863606282086,159.242004394531
1,Run1,73,30.5863606282086,159.246002197266
1,Run1,74,30.5863606282086,159.246002197266
1,Run1,75,30.5863606282086,159.235000610352
1,Run1,76,30.5863606282086,159.242004394531
1,Run1,77,30.5863606282086,159.265014648438
1,Run1,78,30.5863606282086,159.231002807617
1,Run1,79,30.5863606282086,159.230010986328
1,Run1,80,30.5863606282086,159.219009399414
1,Run1,81,30.5863606282086,159.238006591797
1,Run1,82,30.5863606282086,159.224014282227
1,Run1,83,30.5863606282086,159.212005615234
1,Run1,84,30.5863606282086,159.198013305664
1,Run1,85,30.5863606282086,159.202011108398
1,Run1,86,30.5863606282086,159.168014526367
1,Run1,87,30.5863606282086,159.198013305664
1,Run1,88,30.5863606282086,159.198013305664
1,Run1,89,30.5863606282086,159.213012695312
1,Run1,90,30.5863606282086,159.206008911133
1,Run1,91,30.5863606282086,159.206008911133
1,Run1,92,30.5863606282086,159.204010009766
1,Run1,93,30.5863606282086,159.219009399414
1,Run1,94,30.5863606282086,159.228012084961
1,Run1,95,30.5863606282086,159.239013671875
1,Run1,96,30.5863606282086,159.22900390625
1,Run1,97,30.5863606282086,159.259002685547
1,Run1,98,30.5863606282086,159.232009887695
1,Run1,99,30.5863606282086,159.235000610352
1,Run1,100,30.5863606282086,159.202011108398
1,Run1,101,30.5863606282086,159.186004638672
1,Run1,102,30.5863606282086,159.191009521484
1,Run1,103,30.5863606282086,159.183013916016
1,Run1,104,30.5863606282086,159.160003662109
1,Run1,105,30.5863606282086,159.212005615234
1,Run1,106,30.5863606282086,159.223007202148
1,Run1,107,30.5863606282086,159.212005615234
1,Run1,108,30.5863606282086,159.205001831055
1,Run1,109,30.5863606282086,159.232009887695
1,Run1,110,30.5863606282086,159.232009887695
1,Run1,111,30.5863606282086,159.223007202148
1,Run1,112,30.5863606282086,159.228012084961
1,Run1,113,30.5863606282086,159.214004516602
1,Run1,114,30.5863606282086,159.205001831055
1,Run1,115,30.5863606282086,159.204010009766
1,Run1,116,30.5863606282086,159.203002929688
1,Run1,117,30.5863606282086,159.214004516602
1,Run1,118,30.5863606282086,159.210006713867
1,Run1,119,30.5863606282086,159.227005004883
1,Run1,120,30.5863606282086,159.200012207031
1,Run1,121,30.5863606282086,159.192001342773
1,Run1,122,39.7684744451101,159.186004638672
1,Run1,123,39.7684744451101,159.186004638672
1,Run1,124,39.7684744451101,159.170013427734
1,Run1,125,39.7684744451101,159.138000488281
1,Run1,126,39.7684744451101,159.134002685547
1,Run1,127,39.7684744451101,159.148010253906
1,Run1,128,39.7684744451101,159.157012939453
1,Run1,129,39.7684744451101,159.148010253906
1,Run1,130,39.7684744451101,159.157012939453
1,Run1,131,39.7684744451101,159.154006958008
1,Run1,132,39.7684744451101,159.156005859375
1,Run1,133,39.7684744451101,159.168014526367
1,Run1,134,39.7684744451101,159.15901184082
1,Run1,135,39.7684744451101,159.165008544922
1,Run1,136,39.7684744451101,159.174011230469
1,Run1,137,39.7684744451101,159.168014526367
1,Run1,138,39.7684744451101,159.182006835938
1,Run1,139,39.7684744451101,159.175003051758
1,Run1,140,39.7684744451101,159.175003051758
1,Run1,141,39.7684744451101,159.202011108398
1,Run1,142,39.7684744451101,159.176010131836
1,Run1,143,39.7684744451101,159.188003540039
1,Run1,144,39.7684744451101,159.168014526367
1,Run1,145,39.7684744451101,159.168014526367
1,Run1,146,39.7684744451101,159.194000244141
1,Run1,147,39.7684744451101,159.20100402832
1,Run1,148,39.7684744451101,159.196014404297
1,Run1,149,39.7684744451101,159.207000732422
1,Run1,150,39.7684744451101,159.211013793945
1,Run1,151,39.7684744451101,159.190002441406
1,Run1,152,39.7684744451101,159.21501159668
1,Run1,153,39.7684744451101,159.21501159668
1,Run1,154,39.7684744451101,159.195007324219
1,Run1,155,39.7684744451101,159.198013305664
1,Run1,156,39.7684744451101,159.206008911133
1,Run1,157,39.7684744451101,159.169006347656
1,Run1,158,39.7684744451101,159.190002441406
1,Run1,159,39.7684744451101,159.189010620117
1,Run1,160,39.7684744451101,159.194000244141
1,Run1,161,39.7684744451101,159.176010131836
1,Run1,162,39.7684744451101,159.176010131836
1,Run1,163,39.7684744451101,159.173004150391
1,Run1,164,39.7684744451101,159.179000854492
1,Run1,165,39.7684744451101,159.192001342773
1,Run1,166,39.7684744451101,159.199005126953
1,Run1,167,39.7684744451101,159.195007324219
1,Run1,168,39.7684744451101,159.178009033203
1,Run1,169,39.7684744451101,159.18701171875
1,Run1,170,39.7684744451101,159.192001342773
1,Run1,171,39.7684744451101,159.198013305664
1,Run1,172,39.7684744451101,159.174011230469
1,Run1,173,39.7684744451101,159.179000854492
1,Run1,174,39.7684744451101,159.177001953125
1,Run1,175,39.7684744451101,159.186004638672
1,Run1,176,39.7684744451101,159.213012695312
1,Run1,177,39.7684744451101,159.177001953125
1,Run1,178,39.7684744451101,159.190002441406
1,Run1,179,39.7684744451101,159.202011108398
1,Run1,180,39.7684744451101,159.177001953125
1,Run1,181,39.7684744451101,159.189010620117
1,Run1,182,39.7684744451101,159.186004638672
1,Run1,183,39.7684744451101,159.186004638672
1,Run1,184,39.7684744451101,159.186004638672
1,Run1,185,39.7684744451101,159.172012329102
1,Run1,186,39.7684744451101,159.191009521484
1,Run1,187,39.7684744451101,159.153015136719
1,Run1,188,39.7684744451101,159.18000793457
1,Run1,189,39.7684744451101,159.195007324219
1,Run1,190,39.7684744451101,159.189010620117
1,Run1,191,39.7684744451101,159.157012939453
1,Run1,192,39.7684744451101,159.157012939453
1,Run1,193,39.7684744451101,159.173004150391
1,Run1,194,39.7684744451101,159.164001464844
1,Run1,195,39.7684744451101,159.150009155273
1,Run1,196,39.7684744451101,159.152008056641
1,Run1,197,39.7684744451101,159.184005737305
1,Run1,198,39.7684744451101,159.177001953125
1,Run1,199,39.7684744451101,159.175003051758
1,Run1,200,39.7684744451101,159.192001342773
1,Run1,201,39.7684744451101,159.192001342773
1,Run1,202,39.7684744451101,159.171005249023
1,Run1,203,39.7684744451101,159.137008666992
1,Run1,204,39.7684744451101,159.192001342773
1,Run1,205,39.7684744451101,159.177001953125
1,Run1,206,39.7684744451101,159.177001953125
1,Run1,207,39.7684744451101,159.184005737305
1,Run1,208,39.7684744451101,159.185012817383
1,Run1,209,39.7684744451101,159.174011230469
1,Run1,210,39.7684744451101,159.174011230469
1,Run1,211,39.7684744451101,159.182006835938
1,Run1,212,39.7684744451101,159.176010131836
1,Run1,213,39.7684744451101,159.199005126953
1,Run1,214,39.7684744451101,159.177001953125
1,Run1,215,39.7684744451101,159.160003662109
1,Run1,216,39.7684744451101,159.190002441406
1,Run1,217,39.7684744451101,159.200012207031
1,Run1,218,39.7684744451101,159.185012817383
1,Run1,219,39.7684744451101,159.176010131836
1,Run1,220,39.7684744451101,159.184005737305
1,Run1,221,39.7684744451101,159.190002441406
1,Run1,222,39.7684744451101,159.199005126953
1,Run1,223,39.7684744451101,159.184005737305
1,Run1,224,39.7684744451101,159.204010009766
1,Run1,225,39.7684744451101,159.197006225586
1,Run1,226,39.7684744451101,159.177001953125
1,Run1,227,39.7684744451101,159.171005249023
1,Run1,228,39.7684744451101,159.153015136719
1,Run1,229,39.7684744451101,159.160003662109
1,Run1,230,39.7684744451101,159.157012939453
1,Run1,231,39.7684744451101,159.157012939453
1,Run1,232,39.7684744451101,159.161010742188
1,Run1,233,39.7684744451101,159.182006835938
1,Run1,234,39.7684744451101,159.165008544922
1,Run1,235,39.7684744451101,159.158004760742
1,Run1,236,39.7684744451101,159.175003051758
1,Run1,237,39.7684744451101,159.178009033203
1,Run1,238,39.7684744451101,159.184005737305
1,Run1,239,39.7684744451101,159.193008422852
1,Run1,240,39.7684744451101,159.193008422852
1,Run1,241,39.7684744451101,159.178009033203
1,Run1,242,39.7684744451101,159.184005737305
1,Run1,243,39.7684744451101,159.198013305664
1,Run1,244,39.7684744451101,159.219009399414
1,Run1,245,39.7684744451101,159.186004638672
1,Run1,246,39.7684744451101,159.177001953125
1,Run1,247,39.7684744451101,159.184005737305
1,Run1,248,39.7684744451101,159.184005737305
1,Run1,249,39.7684744451101,159.18000793457
1,Run1,250,39.7684744451101,159.207000732422
1,Run1,251,39.7684744451101,159.200012207031
1,Run1,252,39.7684744451101,159.216003417969
1,Run1,253,39.7684744451101,159.216003417969
1,Run1,254,39.7684744451101,159.22200012207
1,Run1,255,39.7684744451101,159.207000732422
1,Run1,256,39.7684744451101,159.18701171875
1,Run1,257,39.7684744451101,159.203002929688
1,Run1,258,39.7684744451101,159.207000732422
1,Run1,259,39.7684744451101,159.186004638672
1,Run1,260,39.7684744451101,159.164001464844
1,Run1,261,39.7684744451101,159.242004394531
1,Run1,262,39.7684744451101,159.203002929688
1,Run1,263,39.7684744451101,159.186004638672
1,Run1,264,39.7684744451101,159.200012207031
1,Run1,265,39.7684744451101,159.179000854492
1,Run1,266,39.7684744451101,159.197006225586
1,Run1,267,39.7684744451101,159.167007446289
1,Run1,268,39.7684744451101,159.184005737305
1,Run1,269,39.7684744451101,159.220001220703
1,Run1,270,39.7684744451101,159.220001220703
1,Run1,271,39.7684744451101,159.227005004883
1,Run1,272,39.7684744451101,159.204010009766
1,Run1,273,39.7684744451101,159.182006835938
1,Run1,274,39.7684744451101,159.182006835938
1,Run1,275,39.7684744451101,159.197006225586
1,Run1,276,39.7684744451101,159.184005737305
1,Run1,277,39.7684744451101,159.196014404297
1,Run1,278,39.7684744451101,159.20100402832
1,Run1,279,39.7684744451101,159.279006958008
1,Run1,280,39.7684744451101,159.244003295898
1,Run1,281,39.7684744451101,159.190002441406
1,Run1,282,39.7684744451101,159.172012329102
1,Run1,283,39.7684744451101,159.18701171875
1,Run1,284,39.7684744451101,159.165008544922
1,Run1,285,39.7684744451101,159.172012329102
1,Run1,286,39.7684744451101,159.188003540039
1,Run1,287,39.7684744451101,159.188003540039
1,Run1,288,39.7684744451101,159.169006347656
1,Run1,289,39.7684744451101,159.193008422852
1,Run1,290,39.7684744451101,159.171005249023
1,Run1,291,39.7684744451101,159.172012329102
1,Run1,292,39.7684744451101,159.172012329102
1,Run1,293,39.7684744451101,159.195007324219
1,Run1,294,39.7684744451101,159.220001220703
1,Run1,295,39.7684744451101,159.219009399414
1,Run1,296,39.7684744451101,159.282012939453
1,Run1,297,39.7684744451101,159.318008422852
1,Run1,298,39.7684744451101,159.22200012207
1,Run1,299,39.7684744451101,159.184005737305
1,Run1,300,39.7684744451101,159.199005126953
1,Run1,301,39.7684744451101,159.175003051758
1,Run1,302,39.7684744451101,159.162002563477
1,Run1,303,39.7684744451101,159.164001464844
1,Run1,304,39.7684744451101,159.175003051758
1,Run1,305,39.7684744451101,159.207000732422
1,Run1,306,39.7684744451101,159.300003051758
1,Run1,307,39.7684744451101,159.205001831055
1,Run1,308,39.7684744451101,159.169006347656
1,Run1,309,39.7684744451101,159.169006347656
1,Run1,310,39.7684744451101,159.164001464844
1,Run1,311,39.7684744451101,159.176010131836
1,Run1,312,39.7684744451101,159.175003051758
1,Run1,313,39.7684744451101,159.216003417969
1,Run1,314,39.7684744451101,159.22900390625
1,Run1,315,39.7684744451101,159.316009521484
1,Run1,316,39.7684744451101,159.178009033203
1,Run1,317,39.7684744451101,159.156005859375
1,Run1,318,39.7684744451101,159.175003051758
1,Run1,319,39.7684744451101,159.169006347656
1,Run1,320,39.7684744451101,159.151000976562
1,Run1,321,39.7684744451101,159.196014404297
1,Run1,322,39.7684744451101,159.216003417969
1,Run1,323,39.7684744451101,159.247009277344
1,Run1,324,39.7684744451101,159.254013061523
1,Run1,325,39.7684744451101,159.192001342773
1,Run1,326,39.7684744451101,159.192001342773
1,Run1,327,39.7684744451101,159.183013916016
1,Run1,328,39.7684744451101,159.167007446289
1,Run1,329,39.7684744451101,159.181015014648
1,Run1,330,39.7684744451101,159.160003662109
1,Run1,331,39.7684744451101,159.160003662109
1,Run1,332,39.7684744451101,159.189010620117
1,Run1,333,39.7684744451101,159.211013793945
1,Run1,334,39.7684744451101,159.197006225586
1,Run1,335,39.7684744451101,159.198013305664
1,Run1,336,39.7684744451101,159.207000732422
1,Run1,337,39.7684744451101,159.18701171875
1,Run1,338,39.7684744451101,159.20100402832
1,Run1,339,39.7684744451101,159.20100402832
1,Run1,340,39.7684744451101,159.213012695312
1,Run1,341,39.7684744451101,159.194000244141
1,Run1,342,39.7684744451101,159.274002075195
1,Run1,343,39.7684744451101,159.190002441406
1,Run1,344,39.7684744451101,159.181015014648
1,Run1,345,39.7684744451101,159.170013427734
1,Run1,346,39.7684744451101,159.175003051758
1,Run1,347,39.7684744451101,159.200012207031
1,Run1,348,39.7684744451101,159.200012207031
1,Run1,349,39.7684744451101,159.192001342773
1,Run1,350,39.7684744451101,159.21501159668
1,Run1,351,39.7684744451101,159.271011352539
1,Run1,352,39.7684744451101,159.241012573242
1,Run1,353,39.7684744451101,159.219009399414
1,Run1,354,39.7684744451101,159.212005615234
1,Run1,355,39.7684744451101,159.200012207031
1,Run1,356,39.7684744451101,159.200012207031
1,Run1,357,39.7684744451101,159.189010620117
1,Run1,358,39.7684744451101,159.200012207031
1,Run1,359,39.7684744451101,159.2080078125
1,Run1,360,39.7684744451101,159.21501159668
1,Run1,361,39.7684744451101,159.18701171875
1,Run1,362,39.7684744451101,159.178009033203
1,Run1,363,39.7684744451101,159.142013549805
1,Run1,364,39.7684744451101,159.152008056641
1,Run1,365,39.7684744451101,159.15901184082
1,Run1,366,39.7684744451101,159.188003540039
1,Run1,367,39.7684744451101,159.204010009766
1,Run1,368,39.7684744451101,159.263000488281
1,Run1,369,39.7684744451101,159.234008789062
1,Run1,370,39.7684744451101,159.231002807617
1,Run1,371,39.7684744451101,159.194000244141
1,Run1,372,39.7684744451101,159.211013793945
1,Run1,373,39.7684744451101,159.202011108398
1,Run1,374,39.7684744451101,159.193008422852
1,Run1,375,39.7684744451101,159.216003417969
1,Run1,376,39.7684744451101,159.2080078125
1,Run1,377,39.7684744451101,159.233001708984
1,Run1,378,39.7684744451101,159.233001708984
1,Run1,379,39.7684744451101,159.22200012207
1,Run1,380,39.7684744451101,159.194000244141
1,Run1,381,39.7684744451101,159.204010009766
1,Run1,382,39.7684744451101,159.189010620117
1,Run1,383,39.7684744451101,159.199005126953
1,Run1,384,39.7684744451101,159.213012695312
1,Run1,385,39.7684744451101,159.240005493164
1,Run1,386,39.7684744451101,159.276000976562
1,Run1,387,39.7684744451101,159.276000976562
1,Run1,388,39.7684744451101,159.245010375977
1,Run1,389,39.7684744451101,159.2080078125
1,Run1,390,39.7684744451101,159.154006958008
1,Run1,391,39.7684744451101,159.121002197266
1,Run1,392,39.7684744451101,159.174011230469
1,Run1,393,39.7684744451101,159.184005737305
1,Run1,394,39.7684744451101,159.194000244141
1,Run1,395,39.7684744451101,159.194000244141
1,Run1,396,39.7684744451101,159.212005615234
1,Run1,397,39.7684744451101,159.189010620117
1,Run1,398,39.7684744451101,159.173004150391
1,Run1,399,39.7684744451101,159.176010131836
1,Run1,400,39.7684744451101,159.176010131836
1,Run1,401,39.7684744451101,159.191009521484
1,Run1,402,39.7684744451101,159.18701171875
1,Run1,403,39.7684744451101,159.199005126953
1,Run1,404,39.7684744451101,159.221008300781
1,Run1,405,39.7684744451101,159.205001831055
1,Run1,406,39.7684744451101,159.205001831055
1,Run1,407,39.7684744451101,159.21501159668
1,Run1,408,39.7684744451101,159.217010498047
1,Run1,409,39.7684744451101,159.217010498047
1,Run1,410,39.7684744451101,159.20100402832
1,Run1,411,39.7684744451101,159.204010009766
1,Run1,412,39.7684744451101,159.173004150391
1,Run1,413,39.7684744451101,159.202011108398
1,Run1,414,39.7684744451101,159.199005126953
1,Run1,415,39.7684744451101,159.221008300781
1,Run1,416,39.7684744451101,159.162002563477
1,Run1,417,39.7684744451101,159.162002563477
1,Run1,418,39.7684744451101,159.155014038086
1,Run1,419,39.7684744451101,159.165008544922
1,Run1,420,39.7684744451101,159.15901184082
1,Run1,421,39.7684744451101,159.198013305664
1,Run1,422,39.7684744451101,159.277008056641
1,Run1,423,39.7684744451101,159.241012573242
1,Run1,424,39.7684744451101,159.177001953125
1,Run1,425,39.7684744451101,159.142013549805
1,Run1,426,39.7684744451101,159.151000976562
1,Run1,427,39.7684744451101,159.139007568359
1,Run1,428,39.7684744451101,159.117004394531
1,Run1,429,39.7684744451101,159.127014160156
1,Run1,430,39.7684744451101,159.178009033203
1,Run1,431,39.7684744451101,159.120010375977
1,Run1,432,39.7684744451101,159.10400390625
1,Run1,433,39.7684744451101,159.151000976562
1,Run1,434,39.7684744451101,159.151000976562
1,Run1,435,39.7684744451101,159.131011962891
1,Run1,436,39.7684744451101,159.162002563477
1,Run1,437,39.7684744451101,159.158004760742
1,Run1,438,39.7684744451101,159.168014526367
1,Run1,439,39.7684744451101,159.168014526367
1,Run1,440,39.7684744451101,159.178009033203
1,Run1,441,39.7684744451101,159.193008422852
1,Run1,442,39.7684744451101,159.169006347656
1,Run1,443,39.7684744451101,159.176010131836
1,Run1,444,39.7684744451101,159.15901184082
1,Run1,445,39.7684744451101,159.150009155273
1,Run1,446,39.7684744451101,159.166000366211
1,Run1,447,39.7684744451101,159.170013427734
1,Run1,448,39.7684744451101,159.162002563477
1,Run1,449,39.7684744451101,159.173004150391
1,Run1,450,39.7684744451101,159.188003540039
1,Run1,451,39.7684744451101,159.171005249023
1,Run1,452,39.7684744451101,159.171005249023
1,Run1,453,39.7684744451101,159.18000793457
1,Run1,454,39.7684744451101,159.192001342773
1,Run1,455,39.7684744451101,159.195007324219
1,Run1,456,39.7684744451101,159.195007324219
1,Run1,457,39.7684744451101,159.207000732422
1,Run1,458,39.7684744451101,159.211013793945
1,Run1,459,39.7684744451101,159.22200012207
1,Run1,460,39.7684744451101,159.218002319336
1,Run1,461,39.7684744451101,159.213012695312
1,Run1,462,39.7684744451101,159.243011474609
1,Run1,463,39.7684744451101,159.22200012207
1,Run1,464,39.7684744451101,159.225006103516
1,Run1,465,39.7684744451101,159.223007202148
1,Run1,466,39.7684744451101,159.228012084961
1,Run1,467,39.7684744451101,159.22900390625
1,Run1,468,39.7684744451101,159.227005004883
1,Run1,469,39.7684744451101,159.234008789062
1,Run1,470,39.7684744451101,159.210006713867
1,Run1,471,39.7684744451101,159.224014282227
1,Run1,472,39.7684744451101,159.234008789062
1,Run1,473,39.7684744451101,159.234008789062
1,Run1,474,39.7684744451101,159.224014282227
1,Run1,475,39.7684744451101,159.212005615234
1,Run1,476,39.7684744451101,159.204010009766
1,Run1,477,39.7684744451101,159.228012084961
1,Run1,478,39.7684744451101,159.224014282227
1,Run1,479,39.7684744451101,159.210006713867
1,Run1,480,39.7684744451101,159.223007202148
1,Run1,481,39.7684744451101,159.181015014648
1,Run1,482,39.7684744451101,159.22900390625
1,Run1,483,39.7684744451101,159.247009277344
1,Run1,484,39.7684744451101,159.212005615234
1,Run1,485,39.7684744451101,159.211013793945
1,Run1,486,39.7684744451101,159.255004882812
1,Run1,487,39.7684744451101,159.198013305664
1,Run1,488,39.7684744451101,159.221008300781
1,Run1,489,39.7684744451101,159.190002441406
1,Run1,490,39.7684744451101,159.219009399414
1,Run1,491,39.7684744451101,159.246002197266
1,Run1,492,39.7684744451101,159.199005126953
1,Run1,493,39.7684744451101,159.179000854492
1,Run1,494,39.7684744451101,159.22200012207
1,Run1,495,39.7684744451101,159.22200012207
1,Run1,496,39.7684744451101,159.197006225586
1,Run1,497,39.7684744451101,159.20100402832
1,Run1,498,39.7684744451101,159.149002075195
1,Run1,499,39.7684744451101,159.166000366211
1,Run1,500,39.7684744451101,159.146011352539
1,Run1,501,39.7684744451101,159.172012329102
1,Run1,502,39.7684744451101,159.150009155273
1,Run1,503,39.7684744451101,159.150009155273
1,Run1,504,39.7684744451101,159.167007446289
1,Run1,505,39.7684744451101,159.162002563477
1,Run1,506,39.7684744451101,159.120010375977
1,Run1,507,39.7684744451101,159.134002685547
1,Run1,508,39.7684744451101,159.188003540039
1,Run1,509,39.7684744451101,159.15901184082
1,Run1,510,39.7684744451101,159.172012329102
1,Run1,511,39.7684744451101,159.181015014648
1,Run1,512,39.7684744451101,159.181015014648
1,Run1,513,39.7684744451101,159.173004150391
1,Run1,514,39.7684744451101,159.103012084961
1,Run1,515,39.7684744451101,159.110000610352
1,Run1,516,39.7684744451101,159.158004760742
1,Run1,517,39.7684744451101,159.122009277344
1,Run1,518,39.7684744451101,159.152008056641
1,Run1,519,39.7684744451101,159.165008544922
1,Run1,520,39.7684744451101,159.136001586914
1,Run1,521,39.7684744451101,159.171005249023
1,Run1,522,39.7684744451101,159.154006958008
1,Run1,523,39.7684744451101,159.115005493164
1,Run1,524,39.7684744451101,159.094009399414
1,Run1,525,39.7684744451101,159.094009399414
1,Run1,526,39.7684744451101,159.09001159668
1,Run1,527,39.7684744451101,159.108001708984
1,Run1,528,39.7684744451101,159.072006225586
1,Run1,529,39.7684744451101,159.130004882812
1,Run1,530,39.7684744451101,159.137008666992
1,Run1,531,39.7684744451101,159.074005126953
1,Run1,532,39.7684744451101,159.07600402832
1,Run1,533,39.7684744451101,159.058013916016
1,Run1,534,39.7684744451101,159.058013916016
1,Run1,535,39.7684744451101,159.089004516602
1,Run1,536,39.7684744451101,159.051010131836
1,Run1,537,39.7684744451101,159.080001831055
1,Run1,538,39.7684744451101,159.11100769043
1,Run1,539,39.7684744451101,159.123001098633
1,Run1,540,39.7684744451101,159.093002319336
1,Run1,541,39.7684744451101,159.091003417969
1,Run1,542,39.7684744451101,159.091003417969
1,Run1,543,39.7684744451101,159.063003540039
1,Run1,544,39.7684744451101,159.049011230469
1,Run1,545,39.7684744451101,158.999008178711
1,Run1,546,39.7684744451101,159.064010620117
1,Run1,547,39.7684744451101,159.0830078125
1,Run1,548,39.7684744451101,159.069000244141
1,Run1,549,39.7684744451101,159.021011352539
1,Run1,550,39.7684744451101,158.984008789062
1,Run1,551,39.7684744451101,158.990005493164
1,Run1,552,39.7684744451101,158.957000732422
1,Run1,553,39.7684744451101,158.923004150391
1,Run1,554,39.7684744451101,158.954010009766
1,Run1,555,39.7684744451101,159.018005371094
1,Run1,556,39.7684744451101,158.956008911133
1,Run1,557,39.7684744451101,158.966003417969
1,Run1,558,39.7684744451101,159.038009643555
1,Run1,559,39.7684744451101,158.999008178711
1,Run1,560,39.7684744451101,158.999008178711
1,Run1,561,39.7684744451101,158.96501159668
1,Run1,562,39.7684744451101,158.973007202148
1,Run1,563,39.7684744451101,159.044006347656
1,Run1,564,39.7684744451101,159.044006347656
1,Run1,565,39.7684744451101,159.127014160156
1,Run1,566,39.7684744451101,159.231002807617
1,Run1,567,39.7684744451101,159.058013916016
1,Run1,568,39.7684744451101,159.066009521484
1,Run1,569,39.7684744451101,159.072006225586
1,Run1,570,39.7684744451101,159.017013549805
1,Run1,571,39.7684744451101,159.044006347656
1,Run1,572,39.7684744451101,159.078002929688
1,Run1,573,39.7684744451101,159.078002929688
1,Run1,574,39.7684744451101,159.177001953125
1,Run1,575,39.7684744451101,159.144012451172
1,Run1,576,39.7684744451101,159.164001464844
1,Run1,577,39.7684744451101,159.157012939453
1,Run1,578,39.7684744451101,159.134002685547
1,Run1,579,56.3099324738785,159.205001831055
1,Run1,580,56.3099324738785,159.197006225586
1,Run1,581,56.3099324738785,159.213012695312
1,Run1,582,56.3099324738785,159.209014892578
1,Run1,583,56.3099324738785,159.237014770508
1,Run1,584,56.3099324738785,159.237014770508
1,Run1,585,56.3099324738785,159.227005004883
1,Run1,586,56.3099324738785,159.195007324219
1,Run1,587,56.3099324738785,159.228012084961
1,Run1,588,56.3099324738785,159.233001708984
1,Run1,589,56.3099324738785,159.21501159668
1,Run1,590,56.3099324738785,159.219009399414
1,Run1,591,56.3099324738785,159.209014892578
1,Run1,592,56.3099324738785,159.205001831055
1,Run1,593,56.3099324738785,159.230010986328
1,Run1,594,56.3099324738785,159.259002685547
1,Run1,595,56.3099324738785,159.263000488281
1,Run1,596,56.3099324738785,159.263000488281
1,Run1,597,56.3099324738785,159.259002685547
1,Run1,598,56.3099324738785,159.299011230469
1,Run1,599,56.3099324738785,159.292007446289
1,Run1,600,56.3099324738785,159.302001953125
1,Run1,601,56.3099324738785,159.290008544922
1,Run1,602,56.3099324738785,159.338012695312
1,Run1,603,56.3099324738785,159.322006225586
1,Run1,604,56.3099324738785,159.308013916016
1,Run1,605,56.3099324738785,159.337005615234
1,Run1,606,56.3099324738785,159.334014892578
1,Run1,607,56.3099324738785,159.334014892578
1,Run1,608,56.3099324738785,159.346008300781
1,Run1,609,56.3099324738785,159.370010375977
1,Run1,610,56.3099324738785,159.364013671875
1,Run1,611,56.3099324738785,159.389007568359
1,Run1,612,56.3099324738785,159.390014648438
1,Run1,613,56.3099324738785,159.364013671875
1,Run1,614,56.3099324738785,159.398010253906
1,Run1,615,56.3099324738785,159.392013549805
1,Run1,616,56.3099324738785,159.415008544922
1,Run1,617,56.3099324738785,159.402008056641
1,Run1,618,56.3099324738785,159.402008056641
1,Run1,619,56.3099324738785,159.399002075195
1,Run1,620,56.3099324738785,159.412002563477
1,Run1,621,56.3099324738785,159.40901184082
1,Run1,622,56.3099324738785,159.413009643555
1,Run1,623,56.3099324738785,159.429000854492
1,Run1,624,56.3099324738785,159.399002075195
1,Run1,625,56.3099324738785,159.399002075195
1,Run1,626,56.3099324738785,159.414001464844
1,Run1,627,56.3099324738785,159.415008544922
1,Run1,628,56.3099324738785,159.395004272461
1,Run1,629,56.3099324738785,159.495010375977
1,Run1,630,56.3099324738785,159.413009643555
1,Run1,631,56.3099324738785,159.407012939453
1,Run1,632,56.3099324738785,159.402008056641
1,Run1,633,56.3099324738785,159.389007568359
1,Run1,634,56.3099324738785,159.410003662109
1,Run1,635,56.3099324738785,159.399002075195
1,Run1,636,56.3099324738785,159.463012695312
1,Run1,637,56.3099324738785,159.422012329102
1,Run1,638,56.3099324738785,159.495010375977
1,Run1,639,56.3099324738785,159.433013916016
1,Run1,640,56.3099324738785,159.452011108398
1,Run1,641,56.3099324738785,159.456008911133
1,Run1,642,56.3099324738785,159.46501159668
1,Run1,643,56.3099324738785,159.46501159668
1,Run1,644,56.3099324738785,159.469009399414
1,Run1,645,56.3099324738785,159.489013671875
1,Run1,646,56.3099324738785,159.481002807617
1,Run1,647,56.3099324738785,159.485000610352
1,Run1,648,56.3099324738785,159.434005737305
1,Run1,649,56.3099324738785,159.423004150391
1,Run1,650,56.3099324738785,159.415008544922
1,Run1,651,56.3099324738785,159.413009643555
1,Run1,652,56.3099324738785,159.425003051758
1,Run1,653,56.3099324738785,159.453002929688
1,Run1,654,56.3099324738785,159.521011352539
1,Run1,655,56.3099324738785,159.493011474609
1,Run1,656,56.3099324738785,159.57600402832
1,Run1,657,56.3099324738785,159.439010620117
1,Run1,658,56.3099324738785,159.422012329102
1,Run1,659,56.3099324738785,159.401000976562
1,Run1,660,56.3099324738785,159.407012939453
1,Run1,661,56.3099324738785,159.407012939453
1,Run1,662,56.3099324738785,159.408004760742
1,Run1,663,56.3099324738785,159.427001953125
1,Run1,664,56.3099324738785,159.427001953125
1,Run1,665,56.3099324738785,159.456008911133
1,Run1,666,56.3099324738785,159.435012817383
1,Run1,667,56.3099324738785,159.428009033203
1,Run1,668,56.3099324738785,159.457000732422
1,Run1,669,56.3099324738785,159.459014892578
1,Run1,670,56.3099324738785,159.470001220703
1,Run1,671,56.3099324738785,159.505004882812
1,Run1,672,56.3099324738785,159.561004638672
1,Run1,673,56.3099324738785,159.559005737305
1,Run1,674,56.3099324738785,159.552001953125
1,Run1,675,56.3099324738785,159.494003295898
1,Run1,676,56.3099324738785,159.506011962891
1,Run1,677,56.3099324738785,159.514007568359
1,Run1,678,56.3099324738785,159.497009277344
1,Run1,679,56.3099324738785,159.497009277344
1,Run1,680,56.3099324738785,159.502014160156
1,Run1,681,56.3099324738785,159.567001342773
1,Run1,682,56.3099324738785,159.658004760742
1,Run1,683,56.3099324738785,159.551010131836
1,Run1,684,56.3099324738785,159.510009765625
1,Run1,685,56.3099324738785,159.510009765625
1,Run1,686,56.3099324738785,159.484008789062
1,Run1,687,56.3099324738785,159.480010986328
1,Run1,688,56.3099324738785,159.475006103516
1,Run1,689,56.3099324738785,159.487014770508
1,Run1,690,56.3099324738785,159.579010009766
1,Run1,691,56.3099324738785,159.56201171875
1,Run1,692,56.3099324738785,159.533004760742
1,Run1,693,56.3099324738785,159.478012084961
1,Run1,694,56.3099324738785,159.469009399414
1,Run1,695,56.3099324738785,159.460006713867
1,Run1,696,56.3099324738785,159.457000732422
1,Run1,697,56.3099324738785,159.457000732422
1,Run1,698,56.3099324738785,159.425003051758
1,Run1,699,56.3099324738785,159.50700378418
1,Run1,700,56.3099324738785,159.517013549805
1,Run1,701,56.3099324738785,159.499008178711
1,Run1,702,56.3099324738785,159.470001220703
1,Run1,703,56.3099324738785,159.470001220703
1,Run1,704,56.3099324738785,159.475006103516
1,Run1,705,56.3099324738785,159.481002807617
1,Run1,706,56.3099324738785,159.481002807617
1,Run1,707,56.3099324738785,159.5
1,Run1,708,56.3099324738785,159.550003051758
1,Run1,709,56.3099324738785,159.501007080078
1,Run1,710,56.3099324738785,159.499008178711
1,Run1,711,56.3099324738785,159.466003417969
1,Run1,712,56.3099324738785,159.456008911133
1,Run1,713,56.3099324738785,159.466003417969
1,Run1,714,56.3099324738785,159.47200012207
1,Run1,715,56.3099324738785,159.47200012207
1,Run1,716,56.3099324738785,159.501007080078
1,Run1,717,56.3099324738785,159.629013061523
1,Run1,718,56.3099324738785,159.546005249023
1,Run1,719,56.3099324738785,159.533004760742
1,Run1,720,56.3099324738785,159.498001098633
1,Run1,721,56.3099324738785,159.498001098633
1,Run1,722,56.3099324738785,159.521011352539
1,Run1,723,56.3099324738785,159.511001586914
1,Run1,724,56.3099324738785,159.508010864258
1,Run1,725,56.3099324738785,159.531005859375
1,Run1,726,56.3099324738785,159.513000488281
1,Run1,727,56.3099324738785,159.545013427734
1,Run1,728,56.3099324738785,159.533004760742
1,Run1,729,56.3099324738785,159.531005859375
1,Run1,730,56.3099324738785,159.533004760742
1,Run1,731,56.3099324738785,159.530014038086
1,Run1,732,56.3099324738785,159.525009155273
1,Run1,733,56.3099324738785,159.535003662109
1,Run1,734,56.3099324738785,159.535003662109
1,Run1,735,56.3099324738785,159.550003051758
1,Run1,736,56.3099324738785,159.542007446289
1,Run1,737,56.3099324738785,159.535003662109
1,Run1,738,56.3099324738785,159.537002563477
1,Run1,739,56.3099324738785,159.522003173828
1,Run1,740,56.3099324738785,159.535003662109
1,Run1,741,56.3099324738785,159.547012329102
1,Run1,742,56.3099324738785,159.56201171875
1,Run1,743,56.3099324738785,159.560012817383
1,Run1,744,56.3099324738785,159.560012817383
1,Run1,745,56.3099324738785,159.547012329102
1,Run1,746,56.3099324738785,159.573013305664
1,Run1,747,56.3099324738785,159.569000244141
1,Run1,748,56.3099324738785,159.571014404297
1,Run1,749,56.3099324738785,159.574005126953
1,Run1,750,56.3099324738785,159.546005249023
1,Run1,751,56.3099324738785,159.566009521484
1,Run1,752,56.3099324738785,159.564010620117
1,Run1,753,56.3099324738785,159.579010009766
1,Run1,754,56.3099324738785,159.585006713867
1,Run1,755,56.3099324738785,159.605010986328
1,Run1,756,56.3099324738785,159.59001159668
1,Run1,757,56.3099324738785,159.600006103516
1,Run1,758,56.3099324738785,159.594009399414
1,Run1,759,56.3099324738785,159.588012695312
1,Run1,760,56.3099324738785,159.608001708984
1,Run1,761,56.3099324738785,159.59700012207
1,Run1,762,56.3099324738785,159.59700012207
1,Run1,763,56.3099324738785,159.601013183594
1,Run1,764,56.3099324738785,159.615005493164
1,Run1,765,56.3099324738785,159.619003295898
1,Run1,766,56.3099324738785,159.556015014648
1,Run1,767,56.3099324738785,159.508010864258
1,Run1,768,56.3099324738785,159.480010986328
1,Run1,769,56.3099324738785,159.447006225586
1,Run1,770,56.3099324738785,159.348007202148
1,Run1,771,56.3099324738785,159.356002807617
1,Run1,772,56.3099324738785,159.334014892578
1,Run1,773,56.3099324738785,159.412002563477
1,Run1,774,326.836775367853,159.350006103516
1,Run1,775,326.836775367853,159.363006591797
1,Run1,776,326.836775367853,159.296005249023
1,Run1,777,326.836775367853,159.296005249023
1,Run1,778,326.836775367853,159.223007202148
1,Run1,779,326.836775367853,159.105010986328
1,Run1,780,326.836775367853,159.077011108398
1,Run1,781,326.836775367853,158.977005004883
1,Run1,782,326.836775367853,158.988006591797
1,Run1,783,326.836775367853,158.964004516602
1,Run1,784,326.836775367853,159.052001953125
1,Run1,785,326.836775367853,158.425003051758
1,Run1,786,326.836775367853,158.113006591797
1,Run1,787,326.836775367853,158.051010131836
1,Run1,788,326.836775367853,158.045013427734
1,Run1,789,326.836775367853,158.023010253906
1,Run1,790,326.836775367853,158.043014526367
1,Run1,791,326.836775367853,158.073013305664
1,Run1,792,326.836775367853,158.230010986328
1,Run1,793,326.836775367853,158.11100769043
1,Run1,794,326.836775367853,158.200012207031
1,Run1,795,326.836775367853,158.200012207031
1,Run1,796,326.836775367853,158.287002563477
1,Run1,797,326.836775367853,158.141006469727
1,Run1,798,326.836775367853,158.275009155273
1,Run1,799,326.836775367853,158.207000732422
1,Run1,800,326.836775367853,158.232009887695
1,Run1,801,326.836775367853,158.378005981445
1,Run1,802,326.836775367853,158.378005981445
1,Run1,803,326.836775367853,158.327011108398
1,Run1,804,326.836775367853,158.258010864258
1,Run1,805,326.836775367853,158.302001953125
1,Run1,806,326.836775367853,158.214004516602
1,Run1,807,326.836775367853,158.224014282227
1,Run1,808,326.836775367853,158.224014282227
1,Run1,809,326.836775367853,158.248001098633
1,Run1,810,326.836775367853,158.251007080078
1,Run1,811,326.836775367853,158.231002807617
1,Run1,812,326.836775367853,158.147003173828
1,Run1,813,326.836775367853,158.091003417969
1,Run1,814,326.836775367853,158.035003662109
1,Run1,815,326.836775367853,158.050003051758
1,Run1,816,326.836775367853,158.075012207031
1,Run1,817,326.836775367853,158.088012695312
1,Run1,818,326.836775367853,158.197006225586
1,Run1,819,326.836775367853,158.141006469727
1,Run1,820,326.836775367853,158.238006591797
1,Run1,821,326.836775367853,158.165008544922
1,Run1,822,326.836775367853,158.089004516602
1,Run1,823,326.836775367853,158.142013549805
1,Run1,824,326.836775367853,158.121002197266
1,Run1,825,326.836775367853,158.18701171875
1,Run1,826,326.836775367853,158.18701171875
1,Run1,827,326.836775367853,158.218002319336
1,Run1,828,326.836775367853,158.298004150391
1,Run1,829,326.836775367853,158.241012573242
1,Run1,830,326.836775367853,158.177001953125
1,Run1,831,326.836775367853,158.273010253906
1,Run1,832,326.836775367853,158.411010742188
1,Run1,833,326.836775367853,158.377014160156
1,Run1,834,326.836775367853,158.499008178711
1,Run1,835,326.836775367853,158.440002441406
1,Run1,836,326.836775367853,158.453002929688
1,Run1,837,326.836775367853,158.491012573242
1,Run1,838,326.836775367853,158.48600769043
1,Run1,839,326.836775367853,158.483001708984
1,Run1,840,326.836775367853,158.346008300781
1,Run1,841,326.836775367853,158.30500793457
1,Run1,842,326.836775367853,158.289001464844
1,Run1,843,326.836775367853,158.281005859375
1,Run1,844,326.836775367853,158.153015136719
1,Run1,845,326.836775367853,158.336013793945
1,Run1,846,326.836775367853,158.210006713867
1,Run1,847,326.836775367853,158.285003662109
1,Run1,848,326.836775367853,158.165008544922
1,Run1,849,326.836775367853,158.218002319336
1,Run1,850,326.836775367853,158.100006103516
1,Run1,851,326.836775367853,158.22200012207
1,Run1,852,326.836775367853,158.161010742188
1,Run1,853,326.836775367853,158.176010131836
1,Run1,854,326.836775367853,158.233001708984
1,Run1,855,326.836775367853,158.123001098633
1,Run1,856,326.836775367853,158.214004516602
1,Run1,857,326.836775367853,158.214004516602
1,Run1,858,326.836775367853,158.30500793457
1,Run1,859,326.836775367853,158.202011108398
1,Run1,860,326.836775367853,158.244003295898
1,Run1,861,326.836775367853,158.259002685547
1,Run1,862,326.836775367853,158.294006347656
1,Run1,863,326.836775367853,158.428009033203
1,Run1,864,326.836775367853,158.38200378418
1,Run1,865,326.836775367853,158.5
1,Run1,866,326.836775367853,158.450012207031
1,Run1,867,326.836775367853,158.560012817383
1,Run1,868,326.836775367853,158.457000732422
1,Run1,869,326.836775367853,158.551010131836
1,Run1,870,326.836775367853,158.442001342773
1,Run1,871,326.836775367853,158.327011108398
1,Run1,872,326.836775367853,157.954010009766
1,Run1,873,326.836775367853,157.897003173828
1,Run1,874,326.836775367853,157.897003173828
1,Run1,875,326.836775367853,157.897003173828
1,Run1,876,326.836775367853,157.927001953125
1,Run1,877,326.836775367853,157.905014038086
1,Run1,878,326.836775367853,158.191009521484
1,Run1,879,326.836775367853,158.371002197266
1,Run1,880,326.836775367853,158.519012451172
1,Run1,881,326.836775367853,158.519012451172
1,Run1,882,326.836775367853,158.55500793457
1,Run1,883,326.836775367853,158.529006958008
1,Run1,884,326.836775367853,158.519012451172
1,Run1,885,326.836775367853,158.568008422852
1,Run1,886,326.836775367853,158.542007446289
1,Run1,887,326.836775367853,158.550003051758
1,Run1,888,326.836775367853,158.550003051758
1,Run1,889,326.836775367853,158.551010131836
1,Run1,890,326.836775367853,158.523010253906
1,Run1,891,326.836775367853,158.524002075195
1,Run1,892,326.836775367853,158.506011962891
1,Run1,893,326.836775367853,158.535003662109
1,Run1,894,326.836775367853,158.535003662109
1,Run1,895,326.836775367853,158.675003051758
1,Run1,896,326.836775367853,158.786010742188
1,Run1,897,326.836775367853,158.720001220703
1,Run1,898,326.836775367853,158.703002929688
1,Run1,899,326.836775367853,158.612014770508
1,Run1,900,326.836775367853,158.59700012207
1,Run1,901,326.836775367853,158.546005249023
1,Run1,902,326.836775367853,158.525009155273
1,Run1,903,326.836775367853,158.525009155273
1,Run1,904,326.836775367853,158.485000610352
1,Run1,905,326.836775367853,158.513000488281
1,Run1,906,326.836775367853,158.523010253906
1,Run1,907,326.836775367853,158.539001464844
1,Run1,908,326.836775367853,158.501007080078
1,Run1,909,326.836775367853,158.425003051758
1,Run1,910,326.836775367853,158.336013793945
1,Run1,911,326.836775367853,158.435012817383
1,Run1,912,326.836775367853,158.435012817383
1,Run1,913,326.836775367853,158.385009765625
1,Run1,914,45.2944258745302,158.292007446289
1,Run1,915,45.2944258745302,158.042007446289
1,Run1,916,45.2944258745302,158.224014282227
1,Run1,917,45.2944258745302,158.13200378418
1,Run1,918,45.2944258745302,157.992004394531
1,Run1,919,45.2944258745302,157.962005615234
1,Run1,920,45.2944258745302,157.993011474609
1,Run1,921,45.2944258745302,158.101013183594
1,Run1,922,45.2944258745302,158.026000976562
1,Run1,923,45.2944258745302,158.117004394531
1,Run1,924,45.2944258745302,158.008010864258
1,Run1,925,45.2944258745302,158.003005981445
1,Run1,926,45.2944258745302,157.984008789062
1,Run1,927,45.2944258745302,157.941009521484
1,Run1,928,45.2944258745302,157.98600769043
1,Run1,929,45.2944258745302,157.97200012207
1,Run1,930,45.2944258745302,157.957000732422
1,Run1,931,45.2944258745302,157.922012329102
1,Run1,932,45.2944258745302,157.856002807617
1,Run1,933,45.2944258745302,157.955001831055
1,Run1,934,45.2944258745302,157.916000366211
1,Run1,935,45.2944258745302,157.997009277344
1,Run1,936,45.2944258745302,157.997009277344
1,Run1,937,45.2944258745302,158.040008544922
1,Run1,938,45.2944258745302,157.947006225586
1,Run1,939,45.2944258745302,158.010009765625
1,Run1,940,45.2944258745302,158.056015014648
1,Run1,941,45.2944258745302,157.868011474609
1,Run1,942,45.2944258745302,157.839004516602
1,Run1,943,45.2944258745302,157.893005371094
1,Run1,944,45.2944258745302,157.921005249023
1,Run1,945,45.2944258745302,157.928009033203
1,Run1,946,45.2944258745302,157.929000854492
1,Run1,947,45.2944258745302,157.966003417969
1,Run1,948,45.2944258745302,157.906005859375
1,Run1,949,45.2944258745302,157.928009033203
1,Run1,950,45.2944258745302,157.908004760742
1,Run1,951,45.2944258745302,158.033004760742
1,Run1,952,45.2944258745302,158.052001953125
1,Run1,953,45.2944258745302,158.052001953125
1,Run1,954,45.2944258745302,157.999008178711
1,Run1,955,45.2944258745302,157.912002563477
1,Run1,956,45.2944258745302,157.869003295898
1,Run1,957,45.2944258745302,158.048004150391
1,Run1,958,45.2944258745302,158.124008178711
1,Run1,959,45.2944258745302,158.338012695312
1,Run1,960,45.2944258745302,158.338012695312
1,Run1,961,45.2944258745302,158.368011474609
1,Run1,962,45.2944258745302,158.322006225586
1,Run1,963,45.2944258745302,158.322006225586
1,Run1,964,45.2944258745302,158.183013916016
1,Run1,965,45.2944258745302,158.249008178711
1,Run1,966,45.2944258745302,158.288009643555
1,Run1,967,45.2944258745302,158.288009643555
1,Run1,968,45.2944258745302,158.303009033203
1,Run1,969,45.2944258745302,158.239013671875
1,Run1,970,45.2944258745302,158.239013671875
1,Run1,971,45.2944258745302,158.022003173828
1,Run1,972,45.2944258745302,158.024002075195
1,Run1,973,45.2944258745302,158.009002685547
1,Run1,974,45.2944258745302,158.009002685547
1,Run1,975,45.2944258745302,158.087005615234
1,Run1,976,45.2944258745302,158.013000488281
1,Run1,977,45.2944258745302,158.013000488281
1,Run1,978,45.2944258745302,157.956008911133
1,Run1,979,45.2944258745302,157.964004516602
1,Run1,980,45.2944258745302,157.964004516602
1,Run1,981,45.2944258745302,158.06201171875
1,Run1,982,45.2944258745302,158.267013549805
1,Run1,983,45.2944258745302,158.372009277344
1,Run1,984,45.2944258745302,158.372009277344
1,Run1,985,45.2944258745302,158.311004638672
1,Run1,986,45.2944258745302,158.331008911133
1,Run1,987,45.2944258745302,158.331008911133
1,Run1,988,45.2944258745302,158.268005371094
1,Run1,989,45.2944258745302,158.301010131836
1,Run1,990,45.2944258745302,158.439010620117
1,Run1,991,45.2944258745302,158.175003051758
1,Run1,992,45.2944258745302,158.02799987793
1,Run1,993,45.2944258745302,158.224014282227
1,Run1,994,45.2944258745302,158.224014282227
1,Run1,995,45.2944258745302,158.065002441406
1,Run1,996,45.2944258745302,158.063003540039
1,Run1,997,45.2944258745302,158.282012939453
1,Run1,998,45.2944258745302,157.992004394531
1,Run1,999,45.2944258745302,158.191009521484
1,Run1,1000,45.2944258745302,158.512008666992
1,Run1,1001,45.2944258745302,158.53401184082
1,Run1,1002,45.2944258745302,158.549011230469
1,Run1,1003,45.2944258745302,158.460006713867
1,Run1,1004,45.2944258745302,158.56201171875
1,Run1,1005,45.2944258745302,158.36100769043
1,Run1,1006,45.2944258745302,158.330001831055
1,Run1,1007,45.2944258745302,158.362014770508
1,Run1,1008,45.2944258745302,158.293014526367
1,Run1,1009,45.2944258745302,158.060012817383
1,Run1,1010,45.2944258745302,158.047012329102
1,Run1,1011,45.2944258745302,158.3330078125
1,Run1,1012,45.2944258745302,158.137008666992
1,Run1,1013,45.2944258745302,158.206008911133
1,Run1,1014,45.2944258745302,158.317001342773
1,Run1,1015,45.2944258745302,158.162002563477
1,Run1,1016,45.2944258745302,158.157012939453
1,Run1,1017,45.2944258745302,158.346008300781
1,Run1,1018,45.2944258745302,158.385009765625
1,Run1,1019,45.2944258745302,158.293014526367
1,Run1,1020,45.2944258745302,158.303009033203
1,Run1,1021,45.2944258745302,158.431015014648
1,Run1,1022,45.2944258745302,158.2080078125
1,Run1,1023,45.2944258745302,158.390014648438
1,Run1,1024,45.2944258745302,158.575012207031
1,Run1,1025,45.2944258745302,158.253005981445
1,Run1,1026,45.2944258745302,158.23600769043
1,Run1,1027,45.2944258745302,158.309005737305
1,Run1,1028,45.2944258745302,158.359008789062
1,Run1,1029,45.2944258745302,158.216003417969
1,Run1,1030,45.2944258745302,158.30500793457
1,Run1,1031,45.2944258745302,158.356002807617
1,Run1,1032,45.2944258745302,158.32600402832
1,Run1,1033,45.2944258745302,158.34001159668
1,Run1,1034,45.2944258745302,158.357009887695
1,Run1,1035,45.2944258745302,158.372009277344
1,Run1,1036,45.2944258745302,158.323013305664
1,Run1,1037,45.2944258745302,158.383010864258
1,Run1,1038,45.2944258745302,158.420013427734
1,Run1,1039,45.2944258745302,158.431015014648
1,Run1,1040,45.2944258745302,158.339004516602
1,Run1,1041,45.2944258745302,158.343002319336
1,Run1,1042,45.2944258745302,158.414001464844
1,Run1,1043,45.2944258745302,158.406005859375
1,Run1,1044,45.2944258745302,158.457000732422
1,Run1,1045,45.2944258745302,158.422012329102
1,Run1,1046,45.2944258745302,158.302001953125
1,Run1,1047,45.2944258745302,158.400009155273
1,Run1,1048,45.2944258745302,158.481002807617
1,Run1,1049,45.2944258745302,158.513000488281
1,Run1,1050,45.2944258745302,158.408004760742
1,Run1,1051,45.2944258745302,158.484008789062
1,Run1,1052,45.2944258745302,158.498001098633
1,Run1,1053,45.2944258745302,158.414001464844
1,Run1,1054,45.2944258745302,158.505004882812
1,Run1,1055,45.2944258745302,158.535003662109
1,Run1,1056,45.2944258745302,158.504013061523
1,Run1,1057,45.2944258745302,158.457000732422
1,Run1,1058,45.2944258745302,158.474014282227
1,Run1,1059,45.2944258745302,158.497009277344
1,Run1,1060,45.2944258745302,158.469009399414
1,Run1,1061,45.2944258745302,158.528015136719
1,Run1,1062,45.2944258745302,158.600006103516
1,Run1,1063,45.2944258745302,158.545013427734
1,Run1,1064,45.2944258745302,158.538009643555
1,Run1,1065,45.2944258745302,158.589004516602
1,Run1,1066,45.2944258745302,158.483001708984
1,Run1,1067,45.2944258745302,158.453002929688
1,Run1,1068,45.2944258745302,158.464004516602
1,Run1,1069,45.2944258745302,158.548004150391
1,Run1,1070,45.2944258745302,158.577011108398
1,Run1,1071,45.2944258745302,158.575012207031
1,Run1,1072,45.2944258745302,158.538009643555
1,Run1,1073,45.2944258745302,158.564010620117
1,Run1,1074,45.2944258745302,158.475006103516
1,Run1,1075,45.2944258745302,158.478012084961
1,Run1,1076,45.2944258745302,158.497009277344
1,Run1,1077,45.2944258745302,158.454010009766
1,Run1,1078,45.2944258745302,158.493011474609
1,Run1,1079,45.2944258745302,158.495010375977
1,Run1,1080,45.2944258745302,158.513000488281
1,Run1,1081,45.2944258745302,158.513000488281
1,Run1,1082,45.2944258745302,158.508010864258
1,Run1,1083,45.2944258745302,158.511001586914
1,Run1,1084,45.2944258745302,158.407012939453
1,Run1,1085,45.2944258745302,158.546005249023
1,Run1,1086,45.2944258745302,158.515014648438
1,Run1,1087,45.2944258745302,158.511001586914
1,Run1,1088,45.2944258745302,158.511001586914
1,Run1,1089,45.2944258745302,158.528015136719
1,Run1,1090,45.2944258745302,158.518005371094
1,Run1,1091,45.2944258745302,158.573013305664
1,Run1,1092,45.2944258745302,158.536010742188
1,Run1,1093,45.2944258745302,158.564010620117
1,Run1,1094,45.2944258745302,158.588012695312
1,Run1,1095,45.2944258745302,158.588012695312
1,Run1,1096,45.2944258745302,158.577011108398
1,Run1,1097,45.2944258745302,158.543014526367
1,Run1,1098,45.2944258745302,158.543014526367
1,Run1,1099,45.2944258745302,158.525009155273
1,Run1,1100,45.2944258745302,158.496002197266
1,Run1,1101,45.2944258745302,158.570007324219
1,Run1,1102,45.2944258745302,158.545013427734
1,Run1,1103,45.2944258745302,158.517013549805
1,Run1,1104,45.2944258745302,158.521011352539
1,Run1,1105,45.2944258745302,158.521011352539
1,Run1,1106,45.2944258745302,158.50700378418
1,Run1,1107,45.2944258745302,158.519012451172
1,Run1,1108,45.2944258745302,158.519012451172
1,Run1,1109,45.2944258745302,158.526000976562
1,Run1,1110,45.2944258745302,158.533004760742
1,Run1,1111,45.2944258745302,158.536010742188
1,Run1,1112,45.2944258745302,158.536010742188
1,Run1,1113,45.2944258745302,158.533004760742
1,Run1,1114,45.2944258745302,158.523010253906
1,Run1,1115,45.2944258745302,158.523010253906
1,Run1,1116,45.2944258745302,158.514007568359
1,Run1,1117,45.2944258745302,158.485000610352
1,Run1,1118,45.2944258745302,158.491012573242
1,Run1,1119,45.2944258745302,158.491012573242
1,Run1,1120,45.2944258745302,158.50700378418
1,Run1,1121,45.2944258745302,158.565002441406
1,Run1,1122,45.2944258745302,158.565002441406
1,Run1,1123,45.2944258745302,158.538009643555
1,Run1,1124,45.2944258745302,158.585006713867
1,Run1,1125,45.2944258745302,158.593002319336
1,Run1,1126,45.2944258745302,158.572006225586
1,Run1,1127,45.2944258745302,158.570007324219
1,Run1,1128,45.2944258745302,158.551010131836
1,Run1,1129,45.2944258745302,158.551010131836
1,Run1,1130,45.2944258745302,158.571014404297
1,Run1,1131,45.2944258745302,158.573013305664
1,Run1,1132,45.2944258745302,158.580001831055
1,Run1,1133,45.2944258745302,158.595001220703
1,Run1,1134,45.2944258745302,158.573013305664
1,Run1,1135,45.2944258745302,158.571014404297
1,Run1,1136,45.2944258745302,158.587005615234
1,Run1,1137,45.2944258745302,158.591003417969
1,Run1,1138,45.2944258745302,158.571014404297
1,Run1,1139,45.2944258745302,158.59700012207
1,Run1,1140,45.2944258745302,158.598007202148
1,Run1,1141,45.2944258745302,158.57600402832
1,Run1,1142,45.2944258745302,158.574005126953
1,Run1,1143,45.2944258745302,158.600006103516
1,Run1,1144,45.2944258745302,158.594009399414
1,Run1,1145,45.2944258745302,158.599014282227
1,Run1,1146,45.2944258745302,158.600006103516
1,Run1,1147,45.2944258745302,158.59001159668
1,Run1,1148,45.2944258745302,158.606002807617
1,Run1,1149,45.2944258745302,158.633010864258
1,Run1,1150,45.2944258745302,158.636001586914
1,Run1,1151,45.2944258745302,158.614013671875
1,Run1,1152,45.2944258745302,158.61100769043
1,Run1,1153,45.2944258745302,158.603012084961
1,Run1,1154,45.2944258745302,158.605010986328
1,Run1,1155,45.2944258745302,158.630004882812
1,Run1,1156,45.2944258745302,158.613006591797
1,Run1,1157,45.2944258745302,158.609008789062
1,Run1,1158,45.2944258745302,158.624008178711
1,Run1,1159,45.2944258745302,158.622009277344
1,Run1,1160,45.2944258745302,158.622009277344
1,Run1,1161,45.2944258745302,158.615005493164
1,Run1,1162,45.2944258745302,158.640014648438
1,Run1,1163,45.2944258745302,158.658004760742
1,Run1,1164,45.2944258745302,158.640014648438
1,Run1,1165,45.2944258745302,158.635009765625
1,Run1,1166,45.2944258745302,158.615005493164
1,Run1,1167,45.2944258745302,158.642013549805
1,Run1,1168,45.2944258745302,158.623001098633
1,Run1,1169,45.2944258745302,158.628005981445
1,Run1,1170,45.2944258745302,158.615005493164
1,Run1,1171,45.2944258745302,158.591003417969
1,Run1,1172,45.2944258745302,158.631011962891
1,Run1,1173,45.2944258745302,158.591003417969
1,Run1,1174,45.2944258745302,158.530014038086
1,Run1,1175,45.2944258745302,158.574005126953
1,Run1,1176,45.2944258745302,158.595001220703
1,Run1,1177,45.2944258745302,158.573013305664
1,Run1,1178,45.2944258745302,158.601013183594
1,Run1,1179,45.2944258745302,158.563003540039
1,Run1,1180,45.2944258745302,158.607009887695
1,Run1,1181,45.2944258745302,158.589004516602
1,Run1,1182,45.2944258745302,158.59001159668
1,Run1,1183,45.2944258745302,158.591003417969
1,Run1,1184,45.2944258745302,158.599014282227
1,Run1,1185,45.2944258745302,158.620010375977
1,Run1,1186,45.2944258745302,158.614013671875
1,Run1,1187,45.2944258745302,158.676010131836
1,Run1,1188,45.2944258745302,158.779006958008
1,Run1,1189,45.2944258745302,158.675003051758
1,Run1,1190,45.2944258745302,158.641006469727
1,Run1,1191,45.2944258745302,158.616012573242
1,Run1,1192,45.2944258745302,158.661010742188
1,Run1,1193,45.2944258745302,158.642013549805
1,Run1,1194,45.2944258745302,158.631011962891
1,Run1,1195,45.2944258745302,158.652008056641
1,Run1,1196,45.2944258745302,158.633010864258
1,Run1,1197,45.2944258745302,158.647003173828
1,Run1,1198,45.2944258745302,158.667007446289
1,Run1,1199,45.2944258745302,158.675003051758
1,Run1,1200,45.2944258745302,158.728012084961
1,Run1,1201,45.2944258745302,158.709014892578
1,Run1,1202,45.2944258745302,158.716003417969
1,Run1,1203,45.2944258745302,158.7080078125
1,Run1,1204,45.2944258745302,158.712005615234
1,Run1,1205,45.2944258745302,158.689010620117
1,Run1,1206,45.2944258745302,158.770004272461
1,Run1,1207,45.2944258745302,158.809005737305
1,Run1,1208,45.2944258745302,158.776000976562
1,Run1,1209,45.2944258745302,158.786010742188
1,Run1,1210,45.2944258745302,158.759002685547
1,Run1,1211,45.2944258745302,158.75
1,Run1,1212,45.2944258745302,158.70100402832
1,Run1,1213,45.2944258745302,158.731002807617
1,Run1,1214,45.2944258745302,158.674011230469
1,Run1,1215,45.2944258745302,158.670013427734
1,Run1,1216,45.2944258745302,158.670013427734
1,Run1,1217,45.2944258745302,158.539001464844
1,Run1,1218,45.2944258745302,158.552001953125
1,Run1,1219,45.2944258745302,158.469009399414
1,Run1,1220,45.2944258745302,158.550003051758
1,Run1,1221,45.2944258745302,158.585006713867
1,Run1,1222,45.2944258745302,158.542007446289
1,Run1,1223,45.2944258745302,158.545013427734
1,Run1,1224,45.2944258745302,158.582000732422
1,Run1,1225,45.2944258745302,158.669006347656
1,Run1,1226,45.2944258745302,158.669006347656
1,Run1,1227,45.2944258745302,158.711013793945
1,Run1,1228,45.2944258745302,158.594009399414
1,Run1,1229,45.2944258745302,158.524002075195
1,Run1,1230,45.2944258745302,158.61100769043
1,Run1,1231,45.2944258745302,158.650009155273
1,Run1,1232,45.2944258745302,158.606002807617
1,Run1,1233,45.2944258745302,158.606002807617
1,Run1,1234,45.2944258745302,158.688003540039
1,Run1,1235,45.2944258745302,158.7080078125
1,Run1,1236,45.2944258745302,158.577011108398
1,Run1,1237,45.2944258745302,158.684005737305
1,Run1,1238,45.2944258745302,158.664001464844
1,Run1,1239,45.2944258745302,158.654006958008
1,Run1,1240,45.2944258745302,158.654006958008
1,Run1,1241,45.2944258745302,158.593002319336
1,Run1,1242,45.2944258745302,158.584014892578
1,Run1,1243,45.2944258745302,158.584014892578
1,Run1,1244,45.2944258745302,158.584014892578
1,Run1,1245,45.2944258745302,158.538009643555
1,Run1,1246,45.2944258745302,158.561004638672
1,Run1,1247,45.2944258745302,158.561004638672
1,Run1,1248,45.2944258745302,158.567001342773
1,Run1,1249,45.2944258745302,158.578002929688
1,Run1,1250,45.2944258745302,158.578002929688
1,Run1,1251,45.2944258745302,158.59700012207
1,Run1,1252,45.2944258745302,158.638000488281
1,Run1,1253,45.2944258745302,158.661010742188
1,Run1,1254,45.2944258745302,158.634002685547
1,Run1,1255,45.2944258745302,158.630004882812
1,Run1,1256,45.2944258745302,158.65901184082
1,Run1,1257,45.2944258745302,158.65901184082
1,Run1,1258,45.2944258745302,158.682006835938
1,Run1,1259,45.2944258745302,158.685012817383
1,Run1,1260,45.2944258745302,158.672012329102
1,Run1,1261,45.2944258745302,158.669006347656
1,Run1,1262,45.2944258745302,158.661010742188
1,Run1,1263,45.2944258745302,158.665008544922
1,Run1,1264,45.2944258745302,158.665008544922
1,Run1,1265,45.2944258745302,158.635009765625
1,Run1,1266,45.2944258745302,158.645004272461
1,Run1,1267,45.2944258745302,158.645004272461
1,Run1,1268,45.2944258745302,158.657012939453
1,Run1,1269,45.2944258745302,158.647003173828
1,Run1,1270,45.2944258745302,158.654006958008
1,Run1,1271,45.2944258745302,158.668014526367
1,Run1,1272,45.2944258745302,158.669006347656
1,Run1,1273,45.2944258745302,158.694000244141
1,Run1,1274,45.2944258745302,158.694000244141
1,Run1,1275,45.2944258745302,158.696014404297
1,Run1,1276,45.2944258745302,158.697006225586
1,Run1,1277,45.2944258745302,158.685012817383
1,Run1,1278,45.2944258745302,158.690002441406
1,Run1,1279,45.2944258745302,158.719009399414
1,Run1,1280,45.2944258745302,158.68701171875
1,Run1,1281,45.2944258745302,158.718002319336
1,Run1,1282,45.2944258745302,158.744003295898
1,Run1,1283,45.2944258745302,158.731002807617
1,Run1,1284,45.2944258745302,158.629013061523
1,Run1,1285,45.2944258745302,158.711013793945
1,Run1,1286,45.2944258745302,158.674011230469
1,Run1,1287,45.2944258745302,158.61100769043
1,Run1,1288,45.2944258745302,158.686004638672
1,Run1,1289,45.2944258745302,158.665008544922
1,Run1,1290,45.2944258745302,158.683013916016
1,Run1,1291,45.2944258745302,158.663009643555
1,Run1,1292,45.2944258745302,158.713012695312
1,Run1,1293,45.2944258745302,158.716003417969
1,Run1,1294,45.2944258745302,158.699005126953
1,Run1,1295,45.2944258745302,158.690002441406
1,Run1,1296,45.2944258745302,158.683013916016
1,Run1,1297,45.2944258745302,158.679000854492
1,Run1,1298,45.2944258745302,158.679000854492
1,Run1,1299,45.2944258745302,158.7080078125
1,Run1,1300,45.2944258745302,158.681015014648
1,Run1,1301,45.2944258745302,158.65901184082
1,Run1,1302,45.2944258745302,158.665008544922
1,Run1,1303,45.2944258745302,158.662002563477
1,Run1,1304,45.2944258745302,158.635009765625
1,Run1,1305,45.2944258745302,158.666000366211
1,Run1,1306,45.2944258745302,158.666000366211
1,Run1,1307,45.2944258745302,158.633010864258
1,Run1,1308,45.2944258745302,158.654006958008
1,Run1,1309,45.2944258745302,158.662002563477
1,Run1,1310,45.2944258745302,158.667007446289
1,Run1,1311,58.5358563689899,158.628005981445
1,Run1,1312,58.5358563689899,158.626007080078
1,Run1,1313,58.5358563689899,158.626007080078
1,Run1,1314,58.5358563689899,158.655014038086
1,Run1,1315,58.5358563689899,158.608001708984
1,Run1,1316,58.5358563689899,158.615005493164
1,Run1,1317,58.5358563689899,158.537002563477
1,Run1,1318,58.5358563689899,158.539001464844
1,Run1,1319,58.5358563689899,158.46501159668
1,Run1,1320,58.5358563689899,158.600006103516
1,Run1,1321,58.5358563689899,158.501007080078
1,Run1,1322,58.5358563689899,158.575012207031
1,Run1,1323,58.5358563689899,158.521011352539
1,Run1,1324,58.5358563689899,158.593002319336
1,Run1,1325,58.5358563689899,158.677001953125
1,Run1,1326,58.5358563689899,158.629013061523
1,Run1,1327,58.5358563689899,158.706008911133
1,Run1,1328,58.5358563689899,158.675003051758
1,Run1,1329,58.5358563689899,158.704010009766
1,Run1,1330,58.5358563689899,158.668014526367
1,Run1,1331,58.5358563689899,158.700012207031
1,Run1,1332,58.5358563689899,158.675003051758
1,Run1,1333,58.5358563689899,158.683013916016
1,Run1,1334,58.5358563689899,158.683013916016
1,Run1,1335,58.5358563689899,158.714004516602
1,Run1,1336,58.5358563689899,158.707000732422
1,Run1,1337,58.5358563689899,158.714004516602
1,Run1,1338,58.5358563689899,158.707000732422
1,Run1,1339,58.5358563689899,158.697006225586
1,Run1,1340,58.5358563689899,158.713012695312
1,Run1,1341,58.5358563689899,158.7080078125
1,Run1,1342,58.5358563689899,158.707000732422
1,Run1,1343,58.5358563689899,158.72200012207
1,Run1,1344,58.5358563689899,158.712005615234
1,Run1,1345,58.5358563689899,158.700012207031
1,Run1,1346,58.5358563689899,158.72200012207
1,Run1,1347,58.5358563689899,158.714004516602
1,Run1,1348,58.5358563689899,158.72900390625
1,Run1,1349,58.5358563689899,158.751007080078
1,Run1,1350,58.5358563689899,158.78401184082
1,Run1,1351,58.5358563689899,158.767013549805
1,Run1,1352,58.5358563689899,158.791000366211
1,Run1,1353,58.5358563689899,158.791000366211
1,Run1,1354,58.5358563689899,158.803009033203
1,Run1,1355,58.5358563689899,158.801010131836
1,Run1,1356,58.5358563689899,158.81201171875
1,Run1,1357,58.5358563689899,158.804000854492
1,Run1,1358,58.5358563689899,158.801010131836
1,Run1,1359,58.5358563689899,158.804000854492
1,Run1,1360,58.5358563689899,158.809005737305
1,Run1,1361,58.5358563689899,158.809005737305
1,Run1,1362,58.5358563689899,158.80500793457
1,Run1,1363,58.5358563689899,158.772003173828
1,Run1,1364,58.5358563689899,158.816009521484
1,Run1,1365,58.5358563689899,158.793014526367
1,Run1,1366,58.5358563689899,158.809005737305
1,Run1,1367,58.5358563689899,158.809005737305
1,Run1,1368,58.5358563689899,158.894012451172
1,Run1,1369,58.5358563689899,158.849014282227
1,Run1,1370,58.5358563689899,158.883010864258
1,Run1,1371,58.5358563689899,158.859008789062
1,Run1,1372,58.5358563689899,158.832000732422
1,Run1,1373,58.5358563689899,158.817001342773
1,Run1,1374,58.5358563689899,158.802001953125
1,Run1,1375,58.5358563689899,158.819000244141
1,Run1,1376,58.5358563689899,158.828002929688
1,Run1,1377,58.5358563689899,158.831008911133
1,Run1,1378,58.5358563689899,158.832000732422
1,Run1,1379,58.5358563689899,158.8330078125
1,Run1,1380,58.5358563689899,158.903015136719
1,Run1,1381,58.5358563689899,158.752014160156
1,Run1,1382,58.5358563689899,158.795013427734
1,Run1,1383,58.5358563689899,158.542007446289
1,Run1,1384,58.5358563689899,158.822006225586
1,Run1,1385,58.5358563689899,158.435012817383
1,Run1,1386,58.5358563689899,158.529006958008
1,Run1,1387,58.5358563689899,158.574005126953
1,Run1,1388,58.5358563689899,158.574005126953
1,Run1,1389,58.5358563689899,158.559005737305
1,Run1,1390,58.5358563689899,158.572006225586
1,Run1,1391,58.5358563689899,158.525009155273
1,Run1,1392,58.5358563689899,158.502014160156
1,Run1,1393,58.5358563689899,158.485000610352
1,Run1,1394,58.5358563689899,158.450012207031
1,Run1,1395,58.5358563689899,158.450012207031
1,Run1,1396,58.5358563689899,158.494003295898
1,Run1,1397,58.5358563689899,158.400009155273
1,Run1,1398,58.5358563689899,158.433013916016
1,Run1,1399,58.5358563689899,158.4580078125
1,Run1,1400,58.5358563689899,158.393005371094
1,Run1,1401,58.5358563689899,158.624008178711
1,Run1,1402,58.5358563689899,158.480010986328
1,Run1,1403,58.5358563689899,158.843002319336
1,Run1,1404,58.5358563689899,158.932006835938
1,Run1,1405,58.5358563689899,159.038009643555
1,Run1,1406,58.5358563689899,159.002014160156
1,Run1,1407,58.5358563689899,158.998001098633
1,Run1,1408,58.5358563689899,159.061004638672
1,Run1,1409,58.5358563689899,159.061004638672
1,Run1,1410,58.5358563689899,159.101013183594
1,Run1,1411,58.5358563689899,159.117004394531
1,Run1,1412,58.5358563689899,159.134002685547
1,Run1,1413,58.5358563689899,159.046005249023
1,Run1,1414,58.5358563689899,158.870010375977
1,Run1,1415,58.5358563689899,158.771011352539
1,Run1,1416,58.5358563689899,158.771011352539
1,Run1,1417,58.5358563689899,158.852005004883
1,Run1,1418,58.5358563689899,159.096008300781
1,Run1,1419,58.5358563689899,158.916000366211
1,Run1,1420,58.5358563689899,159.049011230469
1,Run1,1421,58.5358563689899,158.820007324219
1,Run1,1422,58.5358563689899,158.820007324219
1,Run1,1423,58.5358563689899,158.644012451172
1,Run1,1424,58.5358563689899,158.853012084961
1,Run1,1425,58.5358563689899,158.881011962891
1,Run1,1426,58.5358563689899,159.05500793457
1,Run1,1427,58.5358563689899,159.032012939453
1,Run1,1428,58.5358563689899,159.033004760742
1,Run1,1429,58.5358563689899,159.025009155273
1,Run1,1430,58.5358563689899,159.068008422852
1,Run1,1431,58.5358563689899,159.025009155273
1,Run1,1432,58.5358563689899,159.042007446289
1,Run1,1433,58.5358563689899,159.016006469727
1,Run1,1434,58.5358563689899,159.09700012207
1,Run1,1435,58.5358563689899,159.019012451172
1,Run1,1436,58.5358563689899,159.019012451172
1,Run1,1437,58.5358563689899,159.064010620117
1,Run1,1438,58.5358563689899,159.048004150391
1,Run1,1439,58.5358563689899,159.057006835938
1,Run1,1440,58.5358563689899,159.092010498047
1,Run1,1441,58.5358563689899,159.050003051758
1,Run1,1442,58.5358563689899,159.092010498047
1,Run1,1443,58.5358563689899,159.092010498047
1,Run1,1444,58.5358563689899,159.141006469727
1,Run1,1445,58.5358563689899,159.052001953125
1,Run1,1446,58.5358563689899,159.050003051758
1,Run1,1447,58.5358563689899,159.031005859375
1,Run1,1448,58.5358563689899,159.047012329102
1,Run1,1449,58.5358563689899,159.022003173828
1,Run1,1450,58.5358563689899,159.06201171875
1,Run1,1451,58.5358563689899,159.019012451172
1,Run1,1452,58.5358563689899,159.056015014648
1,Run1,1453,58.5358563689899,159.031005859375
1,Run1,1454,58.5358563689899,159.036010742188
1,Run1,1455,58.5358563689899,159.004013061523
1,Run1,1456,58.5358563689899,159.086013793945
1,Run1,1457,58.5358563689899,159.038009643555
1,Run1,1458,58.5358563689899,159.129013061523
1,Run1,1459,58.5358563689899,159.058013916016
1,Run1,1460,58.5358563689899,159.013000488281
1,Run1,1461,58.5358563689899,159.023010253906
1,Run1,1462,58.5358563689899,158.997009277344
1,Run1,1463,58.5358563689899,159.0830078125
1,Run1,1464,58.5358563689899,159.017013549805
1,Run1,1465,58.5358563689899,159.067001342773
1,Run1,1466,58.5358563689899,159.036010742188
1,Run1,1467,58.5358563689899,159.119003295898
1,Run1,1468,58.5358563689899,159.052001953125
1,Run1,1469,58.5358563689899,159.078002929688
1,Run1,1470,58.5358563689899,159.078002929688
1,Run1,1471,58.5358563689899,159.050003051758
1,Run1,1472,58.5358563689899,159.029006958008
1,Run1,1473,58.5358563689899,159.025009155273
1,Run1,1474,58.5358563689899,159.048004150391
1,Run1,1475,58.5358563689899,159.044006347656
1,Run1,1476,58.5358563689899,158.998001098633
1,Run1,1477,58.5358563689899,159.059005737305
1,Run1,1478,58.5358563689899,159.073013305664
1,Run1,1479,58.5358563689899,159.149002075195
1,Run1,1480,58.5358563689899,159.06201171875
1,Run1,1481,58.5358563689899,159.033004760742
1,Run1,1482,58.5358563689899,159.022003173828
1,Run1,1483,58.5358563689899,159.027008056641
1,Run1,1484,58.5358563689899,159.042007446289
1,Run1,1485,58.5358563689899,159.018005371094
1,Run1,1486,58.5358563689899,159.036010742188
1,Run1,1487,58.5358563689899,158.9580078125
1,Run1,1488,58.5358563689899,158.994003295898
1,Run1,1489,58.5358563689899,158.975006103516
1,Run1,1490,58.5358563689899,158.98600769043
1,Run1,1491,58.5358563689899,158.982009887695
1,Run1,1492,58.5358563689899,158.992004394531
1,Run1,1493,327.555296740638,158.992004394531
1,Run1,1494,327.555296740638,159.005004882812
1,Run1,1495,327.555296740638,159.03401184082
1,Run1,1496,327.555296740638,159.073013305664
1,Run1,1497,327.555296740638,159.093002319336
1,Run1,1498,327.555296740638,159.163009643555
1,Run1,1499,327.555296740638,159.186004638672
1,Run1,1500,327.555296740638,158.931015014648
1,Run1,1501,327.555296740638,158.691009521484
1,Run1,1502,327.555296740638,158.68000793457
1,Run1,1503,327.555296740638,158.647003173828
1,Run1,1504,327.555296740638,158.623001098633
1,Run1,1505,327.555296740638,158.612014770508
1,Run1,1506,327.555296740638,158.612014770508
1,Run1,1507,327.555296740638,159.099014282227
1,Run1,1508,327.555296740638,159.264007568359
1,Run1,1509,327.555296740638,159.321014404297
1,Run1,1510,327.555296740638,159.393005371094
1,Run1,1511,327.555296740638,159.225006103516
1,Run1,1512,327.555296740638,159.232009887695
1,Run1,1513,327.555296740638,159.290008544922
1,Run1,1514,327.555296740638,159.307006835938
1,Run1,1515,327.555296740638,159.202011108398
1,Run1,1516,327.555296740638,159.348007202148
1,Run1,1517,327.555296740638,159.498001098633
1,Run1,1518,327.555296740638,159.650009155273
1,Run1,1519,327.555296740638,159.685012817383
1,Run1,1520,327.555296740638,159.413009643555
1,Run1,1521,327.555296740638,159.301010131836
1,Run1,1522,327.555296740638,159.299011230469
1,Run1,1523,327.555296740638,159.302001953125
1,Run1,1524,327.555296740638,159.298004150391
1,Run1,1525,327.555296740638,159.298004150391
1,Run1,1526,327.555296740638,159.203002929688
1,Run1,1527,327.555296740638,159.412002563477
1,Run1,1528,327.555296740638,159.366012573242
1,Run1,1529,327.555296740638,159.550003051758
1,Run1,1530,327.555296740638,159.487014770508
1,Run1,1531,327.555296740638,159.34001159668
1,Run1,1532,327.555296740638,159.446014404297
1,Run1,1533,327.555296740638,159.432006835938
1,Run1,1534,327.555296740638,159.424011230469
1,Run1,1535,327.555296740638,159.527008056641
1,Run1,1536,327.555296740638,159.428009033203
1,Run1,1537,327.555296740638,159.414001464844
1,Run1,1538,327.555296740638,159.414001464844
1,Run1,1539,327.555296740638,159.402008056641
1,Run1,1540,327.555296740638,159.379013061523
1,Run1,1541,327.555296740638,159.426010131836
1,Run1,1542,327.555296740638,159.441009521484
1,Run1,1543,327.555296740638,159.484008789062
1,Run1,1544,327.555296740638,159.494003295898
1,Run1,1545,327.555296740638,159.473007202148
1,Run1,1546,327.555296740638,159.485000610352
1,Run1,1547,327.555296740638,159.502014160156
1,Run1,1548,327.555296740638,159.504013061523
1,Run1,1549,327.555296740638,159.508010864258
1,Run1,1550,327.555296740638,159.566009521484
1,Run1,1551,327.555296740638,159.566009521484
1,Run1,1552,327.555296740638,159.61100769043
1,Run1,1553,327.555296740638,159.577011108398
1,Run1,1554,327.555296740638,159.586013793945
1,Run1,1555,327.555296740638,159.579010009766
1,Run1,1556,327.555296740638,159.594009399414
1,Run1,1557,327.555296740638,159.594009399414
1,Run1,1558,327.555296740638,159.617004394531
1,Run1,1559,327.555296740638,159.575012207031
1,Run1,1560,327.555296740638,159.623001098633
1,Run1,1561,327.555296740638,159.647003173828
1,Run1,1562,327.555296740638,159.619003295898
1,Run1,1563,327.555296740638,159.628005981445
1,Run1,1564,327.555296740638,159.628005981445
1,Run1,1565,327.555296740638,159.670013427734
1,Run1,1566,327.555296740638,159.674011230469
1,Run1,1567,327.555296740638,159.800003051758
1,Run1,1568,327.555296740638,159.759002685547
1,Run1,1569,327.555296740638,159.898010253906
1,Run1,1570,327.555296740638,159.898010253906
1,Run1,1571,327.555296740638,159.813003540039
1,Run1,1572,327.555296740638,159.767013549805
1,Run1,1573,327.555296740638,159.78401184082
1,Run1,1574,327.555296740638,159.781005859375
1,Run1,1575,327.555296740638,159.724014282227
1,Run1,1576,327.555296740638,159.788009643555
1,Run1,1577,327.555296740638,159.788009643555
1,Run1,1578,327.555296740638,159.797012329102
1,Run1,1579,327.555296740638,159.787002563477
1,Run1,1580,327.555296740638,159.819000244141
1,Run1,1581,327.555296740638,159.817001342773
1,Run1,1582,327.555296740638,159.868011474609
1,Run1,1583,327.555296740638,159.868011474609
1,Run1,1584,327.555296740638,159.918014526367
1,Run1,1585,327.555296740638,159.940002441406
1,Run1,1586,327.555296740638,159.991012573242
1,Run1,1587,327.555296740638,160.032012939453
1,Run1,1588,327.555296740638,160.118011474609
1,Run1,1589,79.6951535312032,160.113006591797
1,Run1,1590,79.6951535312032,160.085006713867
1,Run1,1591,79.6951535312032,160.047012329102
1,Run1,1592,79.6951535312032,160.027008056641
1,Run1,1593,79.6951535312032,160.110000610352
1,Run1,1594,79.6951535312032,160.135009765625
1,Run1,1595,79.6951535312032,160.106002807617
1,Run1,1596,79.6951535312032,160.108001708984
1,Run1,1597,79.6951535312032,160.136001586914
1,Run1,1598,79.6951535312032,160.177001953125
1,Run1,1599,79.6951535312032,160.13200378418
1,Run1,1600,79.6951535312032,160.110000610352
1,Run1,1601,79.6951535312032,160.084014892578
1,Run1,1602,79.6951535312032,160.106002807617
1,Run1,1603,79.6951535312032,160.061004638672
1,Run1,1604,79.6951535312032,160.081008911133
1,Run1,1605,79.6951535312032,160.052001953125
1,Run1,1606,79.6951535312032,160.052001953125
1,Run1,1607,79.6951535312032,159.9580078125
1,Run1,1608,79.6951535312032,159.883010864258
1,Run1,1609,79.6951535312032,159.815002441406
1,Run1,1610,79.6951535312032,159.915008544922
1,Run1,1611,79.6951535312032,159.843002319336
1,Run1,1612,79.6951535312032,159.860000610352
1,Run1,1613,79.6951535312032,159.860000610352
1,Run1,1614,79.6951535312032,159.777008056641
1,Run1,1615,79.6951535312032,159.699005126953
1,Run1,1616,79.6951535312032,159.881011962891
1,Run1,1617,79.6951535312032,159.825012207031
1,Run1,1618,79.6951535312032,159.816009521484
1,Run1,1619,79.6951535312032,159.765014648438
1,Run1,1620,79.6951535312032,159.75700378418
1,Run1,1621,79.6951535312032,159.883010864258
1,Run1,1622,79.6951535312032,159.819000244141
1,Run1,1623,79.6951535312032,159.716003417969
1,Run1,1624,79.6951535312032,159.624008178711
1,Run1,1625,79.6951535312032,159.606002807617
1,Run1,1626,79.6951535312032,159.615005493164
1,Run1,1627,57.3080158174473,159.801010131836
1,Run1,1628,57.3080158174473,159.655014038086
1,Run1,1629,57.3080158174473,159.656005859375
1,Run1,1630,57.3080158174473,159.598007202148
1,Run1,1631,57.3080158174473,159.807006835938
1,Run1,1632,57.3080158174473,159.807006835938
1,Run1,1633,57.3080158174473,159.978012084961
1,Run1,1634,57.3080158174473,160.088012695312
1,Run1,1635,57.3080158174473,160.044006347656
1,Run1,1636,57.3080158174473,160.069000244141
1,Run1,1637,57.3080158174473,160.051010131836
1,Run1,1638,57.3080158174473,160.050003051758
1,Run1,1639,57.3080158174473,160.032012939453
1,Run1,1640,57.3080158174473,160.017013549805
1,Run1,1641,57.3080158174473,159.997009277344
1,Run1,1642,57.3080158174473,160.002014160156
1,Run1,1643,57.3080158174473,159.985000610352
1,Run1,1644,57.3080158174473,160.001007080078
1,Run1,1645,57.3080158174473,160.001007080078
1,Run1,1646,57.3080158174473,160.003005981445
1,Run1,1647,57.3080158174473,159.97200012207
1,Run1,1648,57.3080158174473,159.9580078125
1,Run1,1649,57.3080158174473,159.950012207031
1,Run1,1650,57.3080158174473,159.944000244141
1,Run1,1651,57.3080158174473,159.925003051758
1,Run1,1652,57.3080158174473,159.919006347656
1,Run1,1653,57.3080158174473,159.898010253906
1,Run1,1654,57.3080158174473,159.892013549805
1,Run1,1655,57.3080158174473,159.873001098633
1,Run1,1656,57.3080158174473,159.862014770508
1,Run1,1657,57.3080158174473,159.827011108398
1,Run1,1658,57.3080158174473,159.834014892578
1,Run1,1659,57.3080158174473,159.823013305664
1,Run1,1660,57.3080158174473,159.802001953125
1,Run1,1661,57.3080158174473,159.814010620117
1,Run1,1662,57.3080158174473,159.797012329102
1,Run1,1663,57.3080158174473,159.827011108398
1,Run1,1664,57.3080158174473,159.81201171875
1,Run1,1665,57.3080158174473,159.823013305664
1,Run1,1666,57.3080158174473,159.830001831055
1,Run1,1667,57.3080158174473,159.820007324219
1,Run1,1668,57.3080158174473,159.819000244141
1,Run1,1669,57.3080158174473,159.816009521484
1,Run1,1670,57.3080158174473,159.821014404297
1,Run1,1671,57.3080158174473,159.819000244141
1,Run1,1672,57.3080158174473,159.81201171875
1,Run1,1673,57.3080158174473,159.813003540039
1,Run1,1674,57.3080158174473,159.803009033203
1,Run1,1675,57.3080158174473,159.813003540039
1,Run1,1676,57.3080158174473,159.813003540039
1,Run1,1677,57.3080158174473,159.936004638672
1,Run1,1678,57.3080158174473,159.803009033203
1,Run1,1679,57.3080158174473,159.831008911133
1,Run1,1680,57.3080158174473,159.773010253906
1,Run1,1681,57.3080158174473,159.796005249023
1,Run1,1682,57.3080158174473,159.765014648438
1,Run1,1683,57.3080158174473,159.837005615234
1,Run1,1684,57.3080158174473,160.221008300781
1,Run1,1685,57.3080158174473,159.830001831055
1,Run1,1686,57.3080158174473,159.845001220703
1,Run1,1687,57.3080158174473,159.787002563477
1,Run1,1688,57.3080158174473,159.82600402832
1,Run1,1689,57.3080158174473,159.82600402832
1,Run1,1690,57.3080158174473,159.891006469727
1,Run1,1691,57.3080158174473,159.78401184082
1,Run1,1692,57.3080158174473,159.781005859375
1,Run1,1693,57.3080158174473,159.759002685547
1,Run1,1694,57.3080158174473,159.776000976562
1,Run1,1695,57.3080158174473,159.776000976562
1,Run1,1696,57.3080158174473,159.800003051758
1,Run1,1697,57.3080158174473,159.814010620117
1,Run1,1698,57.3080158174473,159.782012939453
1,Run1,1699,57.3080158174473,159.825012207031
1,Run1,1700,57.3080158174473,159.787002563477
1,Run1,1701,57.3080158174473,159.762008666992
1,Run1,1702,57.3080158174473,159.762008666992
1,Run1,1703,57.3080158174473,159.839004516602
1,Run1,1704,57.3080158174473,159.782012939453
1,Run1,1705,57.3080158174473,159.798004150391
1,Run1,1706,57.3080158174473,159.733001708984
1,Run1,1707,57.3080158174473,159.755004882812
1,Run1,1708,57.3080158174473,159.755004882812
1,Run1,1709,57.3080158174473,159.772003173828
1,Run1,1710,57.3080158174473,159.796005249023
1,Run1,1711,57.3080158174473,159.767013549805
1,Run1,1712,57.3080158174473,159.823013305664
1,Run1,1713,57.3080158174473,159.787002563477
1,Run1,1714,57.3080158174473,159.84700012207
1,Run1,1715,57.3080158174473,159.81201171875
1,Run1,1716,57.3080158174473,159.804000854492
1,Run1,1717,57.3080158174473,159.771011352539
1,Run1,1718,57.3080158174473,159.75700378418
1,Run1,1719,57.3080158174473,159.747009277344
1,Run1,1720,57.3080158174473,159.704010009766
1,Run1,1721,57.3080158174473,159.704010009766
1,Run1,1722,57.3080158174473,159.703002929688
1,Run1,1723,57.3080158174473,159.731002807617
1,Run1,1724,57.3080158174473,159.683013916016
1,Run1,1725,57.3080158174473,159.690002441406
1,Run1,1726,57.3080158174473,159.681015014648
1,Run1,1727,57.3080158174473,159.700012207031
1,Run1,1728,57.3080158174473,159.684005737305
1,Run1,1729,57.3080158174473,159.692001342773
1,Run1,1730,57.3080158174473,159.711013793945
1,Run1,1731,57.3080158174473,159.70100402832
1,Run1,1732,57.3080158174473,159.721008300781
1,Run1,1733,57.3080158174473,159.719009399414
1,Run1,1734,57.3080158174473,159.720001220703
1,Run1,1735,57.3080158174473,159.677001953125
1,Run1,1736,57.3080158174473,159.706008911133
1,Run1,1737,57.3080158174473,159.694000244141
1,Run1,1738,57.3080158174473,159.723007202148
1,Run1,1739,57.3080158174473,159.723007202148
1,Run1,1740,57.3080158174473,159.761001586914
1,Run1,1741,57.3080158174473,159.75
1,Run1,1742,57.3080158174473,159.762008666992
1,Run1,1743,57.3080158174473,159.737014770508
1,Run1,1744,57.3080158174473,159.749008178711
1,Run1,1745,57.3080158174473,159.746002197266
1,Run1,1746,57.3080158174473,159.777008056641
1,Run1,1747,57.3080158174473,159.830001831055
1,Run1,1748,57.3080158174473,159.815002441406
1,Run1,1749,57.3080158174473,159.830001831055
1,Run1,1750,57.3080158174473,159.803009033203
1,Run1,1751,57.3080158174473,159.815002441406
1,Run1,1752,57.3080158174473,159.815002441406
1,Run1,1753,57.3080158174473,159.839004516602
1,Run1,1754,57.3080158174473,159.783004760742
1,Run1,1755,57.3080158174473,159.803009033203
1,Run1,1756,57.3080158174473,159.789001464844
1,Run1,1757,57.3080158174473,159.791000366211
1,Run1,1758,57.3080158174473,159.791000366211
1,Run1,1759,57.3080158174473,159.789001464844
1,Run1,1760,57.3080158174473,159.829010009766
1,Run1,1761,57.3080158174473,159.779006958008
1,Run1,1762,57.3080158174473,159.789001464844
1,Run1,1763,57.3080158174473,159.746002197266
1,Run1,1764,57.3080158174473,159.75
1,Run1,1765,57.3080158174473,159.75
1,Run1,1766,57.3080158174473,159.770004272461
1,Run1,1767,57.3080158174473,159.756011962891
1,Run1,1768,57.3080158174473,159.742004394531
1,Run1,1769,57.3080158174473,159.756011962891
1,Run1,1770,57.3080158174473,159.723007202148
1,Run1,1771,57.3080158174473,159.723007202148
1,Run1,1772,57.3080158174473,159.711013793945
1,Run1,1773,57.3080158174473,159.68000793457
1,Run1,1774,57.3080158174473,159.698013305664
1,Run1,1775,57.3080158174473,159.7080078125
1,Run1,1776,57.3080158174473,159.713012695312
1,Run1,1777,57.3080158174473,159.709014892578
1,Run1,1778,57.3080158174473,159.739013671875
1,Run1,1779,57.3080158174473,159.688003540039
1,Run1,1780,57.3080158174473,159.668014526367
1,Run1,1781,57.3080158174473,159.671005249023
1,Run1,1782,57.3080158174473,159.568008422852
1,Run1,1783,57.3080158174473,159.7080078125
1,Run1,1784,57.3080158174473,159.754013061523
1,Run1,1785,57.3080158174473,159.704010009766
1,Run1,1786,57.3080158174473,159.650009155273
1,Run1,1787,57.3080158174473,159.626007080078
1,Run1,1788,57.3080158174473,159.5830078125
1,Run1,1789,57.3080158174473,159.519012451172
1,Run1,1790,57.3080158174473,159.572006225586
1,Run1,1791,57.3080158174473,159.492004394531
1,Run1,1792,57.3080158174473,159.521011352539
1,Run1,1793,57.3080158174473,159.510009765625
1,Run1,1794,57.3080158174473,159.630004882812
1,Run1,1795,57.3080158174473,159.575012207031
1,Run1,1796,57.3080158174473,159.593002319336
1,Run1,1797,57.3080158174473,159.621002197266
1,Run1,1798,57.3080158174473,159.622009277344
1,Run1,1799,57.3080158174473,159.662002563477
1,Run1,1800,57.3080158174473,159.709014892578
1,Run1,1801,57.3080158174473,159.755004882812
1,Run1,1802,57.3080158174473,159.765014648438
1,Run1,1803,57.3080158174473,159.824005126953
1,Run1,1804,57.3080158174473,159.814010620117
1,Run1,1805,57.3080158174473,159.870010375977
1,Run1,1806,57.3080158174473,159.932006835938
1,Run1,1807,57.3080158174473,160.006011962891
1,Run1,1808,57.3080158174473,160.078002929688
1,Run1,1809,57.3080158174473,160.081008911133
1,Run1,1810,57.3080158174473,160.170013427734
1,Run1,1811,346.526841887416,160.177001953125
1,Run1,1812,346.526841887416,160.166000366211
1,Run1,1813,346.526841887416,160.136001586914
1,Run1,1814,346.526841887416,160.119003295898
1,Run1,1815,346.526841887416,160.123001098633
1,Run1,1816,346.526841887416,160.120010375977
1,Run1,1817,346.526841887416,160.094009399414
1,Run1,1818,346.526841887416,160.092010498047
1,Run1,1819,346.526841887416,160.13200378418
1,Run1,1820,346.526841887416,160.130004882812
1,Run1,1821,346.526841887416,160.141006469727
1,Run1,1822,346.526841887416,160.157012939453
1,Run1,1823,346.526841887416,160.161010742188
1,Run1,1824,346.526841887416,160.165008544922
1,Run1,1825,346.526841887416,160.135009765625
1,Run1,1826,346.526841887416,160.152008056641
1,Run1,1827,346.526841887416,160.151000976562
1,Run1,1828,346.526841887416,160.175003051758
1,Run1,1829,346.526841887416,160.207000732422
1,Run1,1830,346.526841887416,160.130004882812
1,Run1,1831,346.526841887416,160.167007446289
1,Run1,1832,346.526841887416,160.193008422852
1,Run1,1833,346.526841887416,160.255004882812
1,Run1,1834,346.526841887416,160.171005249023
1,Run1,1835,346.526841887416,160.134002685547
1,Run1,1836,346.526841887416,160.151000976562
1,Run1,1837,346.526841887416,160.151000976562
1,Run1,1838,346.526841887416,160.11100769043
1,Run1,1839,346.526841887416,160.129013061523
1,Run1,1840,346.526841887416,160.091003417969
1,Run1,1841,346.526841887416,160.050003051758
1,Run1,1842,346.526841887416,160.074005126953
1,Run1,1843,346.526841887416,160.258010864258
1,Run1,1844,346.526841887416,160.155014038086
1,Run1,1845,346.526841887416,160.28401184082
1,Run1,1846,346.526841887416,160.268005371094
1,Run1,1847,346.526841887416,160.408004760742
1,Run1,1848,346.526841887416,160.307006835938
1,Run1,1849,346.526841887416,160.171005249023
1,Run1,1850,346.526841887416,160.219009399414
1,Run1,1851,346.526841887416,160.314010620117
1,Run1,1852,346.526841887416,160.50700378418
1,Run1,1853,346.526841887416,160.495010375977
1,Run1,1854,346.526841887416,160.543014526367
1,Run1,1855,346.526841887416,160.468002319336
1,Run1,1856,346.526841887416,160.595001220703
1,Run1,1857,346.526841887416,160.529006958008
1,Run1,1858,346.526841887416,160.515014648438
1,Run1,1859,346.526841887416,160.564010620117
1,Run1,1860,346.526841887416,160.541000366211
1,Run1,1861,346.526841887416,160.438003540039
1,Run1,1862,346.526841887416,160.503005981445
1,Run1,1863,346.526841887416,160.546005249023
1,Run1,1864,346.526841887416,160.614013671875
1,Run1,1865,346.526841887416,160.607009887695
1,Run1,1866,346.526841887416,160.487014770508
1,Run1,1867,346.526841887416,160.497009277344
1,Run1,1868,346.526841887416,160.502014160156
1,Run1,1869,346.526841887416,160.575012207031
1,Run1,1870,346.526841887416,160.561004638672
1,Run1,1871,346.526841887416,160.550003051758
1,Run1,1872,346.526841887416,160.530014038086
1,Run1,1873,346.526841887416,160.529006958008
1,Run1,1874,346.526841887416,160.529006958008
1,Run1,1875,346.526841887416,160.545013427734
1,Run1,1876,346.526841887416,160.559005737305
1,Run1,1877,346.526841887416,160.591003417969
1,Run1,1878,346.526841887416,160.59001159668
1,Run1,1879,346.526841887416,160.607009887695
1,Run1,1880,346.526841887416,160.602005004883
1,Run1,1881,346.526841887416,160.616012573242
1,Run1,1882,346.526841887416,160.646011352539
1,Run1,1883,346.526841887416,160.647003173828
1,Run1,1884,346.526841887416,160.669006347656
1,Run1,1885,346.526841887416,160.7080078125
1,Run1,1886,346.526841887416,160.740005493164
1,Run1,1887,346.526841887416,160.740005493164
1,Run1,1888,346.526841887416,160.747009277344
1,Run1,1889,346.526841887416,160.750015258789
1,Run1,1890,346.526841887416,160.759002685547
1,Run1,1891,346.526841887416,160.772003173828
1,Run1,1892,346.526841887416,160.780014038086
1,Run1,1893,346.526841887416,160.795013427734
1,Run1,1894,346.526841887416,160.778015136719
1,Run1,1895,346.526841887416,160.80500793457
1,Run1,1896,346.526841887416,160.816009521484
1,Run1,1897,346.526841887416,160.8330078125
1,Run1,1898,346.526841887416,160.849014282227
1,Run1,1899,346.526841887416,160.877014160156
1,Run1,1900,346.526841887416,160.919006347656
1,Run1,1901,346.526841887416,160.928009033203
1,Run1,1902,346.526841887416,160.925003051758
1,Run1,1903,346.526841887416,160.952011108398
1,Run1,1904,346.526841887416,160.948013305664
1,Run1,1905,346.526841887416,161.00700378418
1,Run1,1906,346.526841887416,160.982009887695
1,Run1,1907,346.526841887416,160.98600769043
1,Run1,1908,346.526841887416,161.051010131836
1,Run1,1909,346.526841887416,161.022003173828
1,Run1,1910,346.526841887416,161.022003173828
1,Run1,1911,346.526841887416,161.103012084961
1,Run1,1912,346.526841887416,161.086013793945
1,Run1,1913,346.526841887416,161.094009399414
1,Run1,1914,346.526841887416,160.968002319336
1,Run1,1915,346.526841887416,161.011001586914
1,Run1,1916,346.526841887416,161.082000732422
1,Run1,1917,346.526841887416,161.088012695312
1,Run1,1918,346.526841887416,161.065002441406
1,Run1,1919,346.526841887416,161.096008300781
1,Run1,1920,346.526841887416,161.101013183594
1,Run1,1921,346.526841887416,161.128005981445
1,Run1,1922,346.526841887416,161.139007568359
1,Run1,1923,346.526841887416,161.165008544922
1,Run1,1924,346.526841887416,161.145004272461
1,Run1,1925,59.9816325725863,161.133010864258
1,Run1,1926,59.9816325725863,161.105010986328
1,Run1,1927,59.9816325725863,161.213012695312
1,Run1,1928,59.9816325725863,161.080001831055
1,Run1,1929,59.9816325725863,161.138000488281
1,Run1,1930,59.9816325725863,161.103012084961
1,Run1,1931,59.9816325725863,161.07600402832
1,Run1,1932,59.9816325725863,161.036010742188
1,Run1,1933,59.9816325725863,161.079010009766
1,Run1,1934,59.9816325725863,161.15901184082
1,Run1,1935,59.9816325725863,161.042007446289
1,Run1,1936,59.9816325725863,161.033004760742
1,Run1,1937,59.9816325725863,161.075012207031
1,Run1,1938,59.9816325725863,161.025009155273
1,Run1,1939,59.9816325725863,161.084014892578
1,Run1,1940,59.9816325725863,161.084014892578
1,Run1,1941,59.9816325725863,161.129013061523
1,Run1,1942,59.9816325725863,161.123001098633
1,Run1,1943,59.9816325725863,161.18000793457
1,Run1,1944,59.9816325725863,161.195007324219
1,Run1,1945,59.9816325725863,161.046005249023
1,Run1,1946,59.9816325725863,161.047012329102
1,Run1,1947,59.9816325725863,161.209014892578
1,Run1,1948,59.9816325725863,161.209014892578
1,Run1,1949,59.9816325725863,161.119003295898
1,Run1,1950,59.9816325725863,161.05500793457
1,Run1,1951,59.9816325725863,161.09700012207
1,Run1,1952,59.9816325725863,161.05500793457
1,Run1,1953,59.9816325725863,161.059005737305
1,Run1,1954,59.9816325725863,161.056015014648
1,Run1,1955,59.9816325725863,161.135009765625
1,Run1,1956,59.9816325725863,161.086013793945
1,Run1,1957,59.9816325725863,161.074005126953
1,Run1,1958,59.9816325725863,161.103012084961
1,Run1,1959,59.9816325725863,161.103012084961
1,Run1,1960,59.9816325725863,161.092010498047
1,Run1,1961,59.9816325725863,161.205001831055
1,Run1,1962,59.9816325725863,161.121002197266
1,Run1,1963,59.9816325725863,161.118011474609
1,Run1,1964,59.9816325725863,161.130004882812
1,Run1,1965,59.9816325725863,161.128005981445
1,Run1,1966,59.9816325725863,161.219009399414
1,Run1,1967,59.9816325725863,161.102005004883
1,Run1,1968,59.9816325725863,161.110000610352
1,Run1,1969,59.9816325725863,161.154006958008
1,Run1,1970,59.9816325725863,161.154006958008
1,Run1,1971,59.9816325725863,161.103012084961
1,Run1,1972,59.9816325725863,161.118011474609
1,Run1,1973,59.9816325725863,161.080001831055
1,Run1,1974,59.9816325725863,161.005004882812
1,Run1,1975,59.9816325725863,161.032012939453
1,Run1,1976,59.9816325725863,161.080001831055
1,Run1,1977,59.9816325725863,161.191009521484
1,Run1,1978,59.9816325725863,161.182006835938
1,Run1,1979,59.9816325725863,161.188003540039
1,Run1,1980,59.9816325725863,161.143005371094
1,Run1,1981,59.9816325725863,161.121002197266
1,Run1,1982,59.9816325725863,161.158004760742
1,Run1,1983,59.9816325725863,161.148010253906
1,Run1,1984,59.9816325725863,161.177001953125
1,Run1,1985,59.9816325725863,161.177001953125
1,Run1,1986,59.9816325725863,161.248001098633
1,Run1,1987,59.9816325725863,161.196014404297
1,Run1,1988,59.9816325725863,161.260009765625
1,Run1,1989,59.9816325725863,161.225006103516
1,Run1,1990,59.9816325725863,161.268005371094
1,Run1,1991,59.9816325725863,161.202011108398
1,Run1,1992,59.9816325725863,161.308013916016
1,Run1,1993,59.9816325725863,161.294006347656
1,Run1,1994,59.9816325725863,161.32600402832
1,Run1,1995,59.9816325725863,161.332000732422
1,Run1,1996,59.9816325725863,161.286010742188
1,Run1,1997,59.9816325725863,161.273010253906
1,Run1,1998,59.9816325725863,161.299011230469
1,Run1,1999,59.9816325725863,161.266006469727
1,Run1,2000,59.9816325725863,161.334014892578
1,Run1,2001,59.9816325725863,161.281005859375
1,Run1,2002,59.9816325725863,161.339004516602
1,Run1,2003,59.9816325725863,161.302001953125
1,Run1,2004,59.9816325725863,161.341003417969
1,Run1,2005,59.9816325725863,161.314010620117
1,Run1,2006,59.9816325725863,161.362014770508
1,Run1,2007,59.9816325725863,161.362014770508
1,Run1,2008,59.9816325725863,161.395004272461
1,Run1,2009,59.9816325725863,161.367004394531
1,Run1,2010,59.9816325725863,161.402008056641
1,Run1,2011,59.9816325725863,161.412002563477
1,Run1,2012,59.9816325725863,161.384002685547
1,Run1,2013,59.9816325725863,161.365005493164
1,Run1,2014,59.9816325725863,161.40901184082
1,Run1,2015,59.9816325725863,161.40901184082
1,Run1,2016,59.9816325725863,161.384002685547
1,Run1,2017,59.9816325725863,161.381011962891
1,Run1,2018,59.9816325725863,161.376007080078
1,Run1,2019,59.9816325725863,161.388000488281
1,Run1,2020,59.9816325725863,161.364013671875
1,Run1,2021,59.9816325725863,161.371002197266
1,Run1,2022,59.9816325725863,161.398010253906
1,Run1,2023,59.9816325725863,161.424011230469
1,Run1,2024,59.9816325725863,161.367004394531
1,Run1,2025,59.9816325725863,161.398010253906
1,Run1,2026,59.9816325725863,161.385009765625
1,Run1,2027,59.9816325725863,161.373001098633
1,Run1,2028,59.9816325725863,161.346008300781
1,Run1,2029,59.9816325725863,161.371002197266
1,Run1,2030,59.9816325725863,161.321014404297
1,Run1,2031,59.9816325725863,161.330001831055
1,Run1,2032,59.9816325725863,161.298004150391
1,Run1,2033,59.9816325725863,161.383010864258
1,Run1,2034,59.9816325725863,161.342010498047
1,Run1,2035,59.9816325725863,161.364013671875
1,Run1,2036,59.9816325725863,161.307006835938
1,Run1,2037,59.9816325725863,161.307006835938
1,Run1,2038,59.9816325725863,161.264007568359
1,Run1,2039,59.9816325725863,161.324005126953
1,Run1,2040,59.9816325725863,161.267013549805
1,Run1,2041,59.9816325725863,161.369003295898
1,Run1,2042,59.9816325725863,161.288009643555
1,Run1,2043,59.9816325725863,161.345001220703
1,Run1,2044,59.9816325725863,161.292007446289
1,Run1,2045,59.9816325725863,161.292007446289
1,Run1,2046,59.9816325725863,161.273010253906
1,Run1,2047,59.9816325725863,161.292007446289
1,Run1,2048,59.9816325725863,161.310012817383
1,Run1,2049,59.9816325725863,161.35400390625
1,Run1,2050,59.9816325725863,161.327011108398
1,Run1,2051,59.9816325725863,161.3330078125
1,Run1,2052,59.9816325725863,161.301010131836
1,Run1,2053,59.9816325725863,161.328002929688
1,Run1,2054,59.9816325725863,161.300003051758
1,Run1,2055,59.9816325725863,161.327011108398
1,Run1,2056,59.9816325725863,161.289001464844
1,Run1,2057,59.9816325725863,161.303009033203
1,Run1,2058,59.9816325725863,161.290008544922
1,Run1,2059,59.9816325725863,161.290008544922
1,Run1,2060,59.9816325725863,161.309005737305
1,Run1,2061,59.9816325725863,161.280014038086
1,Run1,2062,59.9816325725863,161.302001953125
1,Run1,2063,59.9816325725863,161.285003662109
1,Run1,2064,59.9816325725863,161.307006835938
1,Run1,2065,59.9816325725863,161.291000366211
1,Run1,2066,59.9816325725863,161.320007324219
1,Run1,2067,59.9816325725863,161.320007324219
1,Run1,2068,59.9816325725863,161.339004516602
1,Run1,2069,59.9816325725863,161.316009521484
1,Run1,2070,59.9816325725863,161.327011108398
1,Run1,2071,59.9816325725863,161.315002441406
1,Run1,2072,59.9816325725863,161.323013305664
1,Run1,2073,59.9816325725863,161.310012817383
1,Run1,2074,59.9816325725863,161.338012695312
1,Run1,2075,59.9816325725863,161.336013793945
1,Run1,2076,59.9816325725863,161.342010498047
1,Run1,2077,59.9816325725863,161.343002319336
1,Run1,2078,59.9816325725863,161.348007202148
1,Run1,2079,59.9816325725863,161.353012084961
1,Run1,2080,59.9816325725863,161.367004394531
1,Run1,2081,59.9816325725863,161.356002807617
1,Run1,2082,59.9816325725863,161.374008178711
1,Run1,2083,59.9816325725863,161.369003295898
1,Run1,2084,59.9816325725863,161.378005981445
1,Run1,2085,59.9816325725863,161.372009277344
1,Run1,2086,59.9816325725863,161.392013549805
1,Run1,2087,59.9816325725863,161.388000488281
1,Run1,2088,59.9816325725863,161.401000976562
1,Run1,2089,59.9816325725863,161.401000976562
1,Run1,2090,59.9816325725863,161.425003051758
1,Run1,2091,59.9816325725863,161.416000366211
1,Run1,2092,59.9816325725863,161.443008422852
1,Run1,2093,59.9816325725863,161.429000854492
1,Run1,2094,59.9816325725863,161.462005615234
1,Run1,2095,59.9816325725863,161.464004516602
1,Run1,2096,59.9816325725863,161.495010375977
1,Run1,2097,59.9816325725863,161.495010375977
1,Run1,2098,59.9816325725863,161.503005981445
1,Run1,2099,59.9816325725863,161.488006591797
1,Run1,2100,59.9816325725863,161.531005859375
1,Run1,2101,59.9816325725863,161.547012329102
1,Run1,2102,59.9816325725863,161.55500793457
1,Run1,2103,59.9816325725863,161.564010620117
1,Run1,2104,59.9816325725863,161.575012207031
1,Run1,2105,59.9816325725863,161.577011108398
1,Run1,2106,59.9816325725863,161.59700012207
1,Run1,2107,59.9816325725863,161.599014282227
1,Run1,2108,59.9816325725863,161.613006591797
1,Run1,2109,59.9816325725863,161.612014770508
1,Run1,2110,59.9816325725863,161.634002685547
1,Run1,2111,59.9816325725863,161.623001098633
1,Run1,2112,59.9816325725863,161.641006469727
1,Run1,2113,59.9816325725863,161.624008178711
1,Run1,2114,59.9816325725863,161.636001586914
1,Run1,2115,59.9816325725863,161.607009887695
1,Run1,2116,59.9816325725863,161.603012084961
1,Run1,2117,59.9816325725863,161.579010009766
1,Run1,2118,59.9816325725863,161.564010620117
1,Run1,2119,59.9816325725863,161.564010620117
1,Run1,2120,59.9816325725863,161.589004516602
1,Run1,2121,59.9816325725863,161.547012329102
1,Run1,2122,59.9816325725863,161.559005737305
1,Run1,2123,59.9816325725863,161.525009155273
1,Run1,2124,59.9816325725863,161.537002563477
1,Run1,2125,59.9816325725863,161.503005981445
1,Run1,2126,59.9816325725863,161.523010253906
1,Run1,2127,59.9816325725863,161.523010253906
1,Run1,2128,59.9816325725863,161.541000366211
1,Run1,2129,59.9816325725863,161.499008178711
1,Run1,2130,59.9816325725863,161.519012451172
1,Run1,2131,59.9816325725863,161.475006103516
1,Run1,2132,59.9816325725863,161.489013671875
1,Run1,2133,59.9816325725863,161.446014404297
1,Run1,2134,59.9816325725863,161.503005981445
1,Run1,2135,59.9816325725863,161.432006835938
1,Run1,2136,59.9816325725863,161.470001220703
1,Run1,2137,59.9816325725863,161.432006835938
1,Run1,2138,59.9816325725863,161.428009033203
1,Run1,2139,59.9816325725863,161.393005371094
1,Run1,2140,59.9816325725863,161.392013549805
1,Run1,2141,59.9816325725863,161.392013549805
1,Run1,2142,59.9816325725863,161.395004272461
1,Run1,2143,59.9816325725863,161.372009277344
1,Run1,2144,59.9816325725863,161.38200378418
1,Run1,2145,59.9816325725863,161.355010986328
1,Run1,2146,59.9816325725863,161.360000610352
1,Run1,2147,59.9816325725863,161.34001159668
1,Run1,2148,59.9816325725863,161.339004516602
1,Run1,2149,59.9816325725863,161.339004516602
1,Run1,2150,59.9816325725863,161.370010375977
1,Run1,2151,59.9816325725863,161.322006225586
1,Run1,2152,59.9816325725863,161.366012573242
1,Run1,2153,59.9816325725863,161.323013305664
1,Run1,2154,59.9816325725863,161.329010009766
1,Run1,2155,59.9816325725863,161.304000854492
1,Run1,2156,59.9816325725863,161.329010009766
1,Run1,2157,59.9816325725863,161.274002075195
1,Run1,2158,59.9816325725863,161.244003295898
1,Run1,2159,59.9816325725863,161.262008666992
1,Run1,2160,59.9816325725863,161.439010620117
1,Run1,2161,59.9816325725863,161.256011962891
1,Run1,2162,59.9816325725863,161.310012817383
1,Run1,2163,59.9816325725863,161.234008789062
1,Run1,2164,59.9816325725863,161.34001159668
1,Run1,2165,59.9816325725863,161.224014282227
1,Run1,2166,59.9816325725863,161.238006591797
1,Run1,2167,59.9816325725863,161.228012084961
1,Run1,2168,59.9816325725863,161.249008178711
1,Run1,2169,59.9816325725863,161.23600769043
1,Run1,2170,59.9816325725863,161.244003295898
1,Run1,2171,59.9816325725863,161.244003295898
1,Run1,2172,59.9816325725863,161.240005493164
1,Run1,2173,59.9816325725863,161.245010375977
1,Run1,2174,59.9816325725863,161.265014648438
1,Run1,2175,59.9816325725863,161.247009277344
1,Run1,2176,59.9816325725863,161.268005371094
1,Run1,2177,59.9816325725863,161.254013061523
1,Run1,2178,59.9816325725863,161.244003295898
1,Run1,2179,59.9816325725863,161.244003295898
1,Run1,2180,59.9816325725863,161.246002197266
1,Run1,2181,59.9816325725863,161.210006713867
1,Run1,2182,59.9816325725863,161.21501159668
1,Run1,2183,59.9816325725863,161.192001342773
1,Run1,2184,59.9816325725863,161.20100402832
1,Run1,2185,59.9816325725863,161.169006347656
1,Run1,2186,59.9816325725863,161.196014404297
1,Run1,2187,59.9816325725863,161.168014526367
1,Run1,2188,59.9816325725863,161.176010131836
1,Run1,2189,59.9816325725863,161.136001586914
1,Run1,2190,59.9816325725863,161.143005371094
1,Run1,2191,59.9816325725863,161.118011474609
1,Run1,2192,59.9816325725863,161.114013671875
1,Run1,2193,59.9816325725863,161.071014404297
1,Run1,2194,59.9816325725863,161.124008178711
1,Run1,2195,59.9816325725863,161.095001220703
1,Run1,2196,59.9816325725863,161.098007202148
1,Run1,2197,59.9816325725863,161.069000244141
1,Run1,2198,59.9816325725863,161.067001342773
1,Run1,2199,59.9816325725863,161.054000854492
1,Run1,2200,59.9816325725863,161.043014526367
1,Run1,2201,59.9816325725863,161.043014526367
1,Run1,2202,59.9816325725863,161.030014038086
1,Run1,2203,59.9816325725863,161.009002685547
1,Run1,2204,59.9816325725863,161.019012451172
1,Run1,2205,59.9816325725863,160.982009887695
1,Run1,2206,59.9816325725863,161.003005981445
1,Run1,2207,59.9816325725863,160.962005615234
1,Run1,2208,59.9816325725863,160.993011474609
1,Run1,2209,59.9816325725863,160.993011474609
1,Run1,2210,59.9816325725863,161.029006958008
1,Run1,2211,59.9816325725863,160.955001831055
1,Run1,2212,59.9816325725863,161.013000488281
1,Run1,2213,59.9816325725863,160.917007446289
1,Run1,2214,59.9816325725863,160.978012084961
1,Run1,2215,59.9816325725863,160.898010253906
1,Run1,2216,59.9816325725863,161.029006958008
1,Run1,2217,59.9816325725863,160.95100402832
1,Run1,2218,59.9816325725863,160.989013671875
1,Run1,2219,59.9816325725863,160.901000976562
1,Run1,2220,59.9816325725863,160.945007324219
1,Run1,2221,59.9816325725863,160.923004150391
1,Run1,2222,59.9816325725863,160.914001464844
1,Run1,2223,59.9816325725863,160.914001464844
1,Run1,2224,59.9816325725863,160.953002929688
1,Run1,2225,59.9816325725863,160.928009033203
1,Run1,2226,57.9946167915165,160.925003051758
1,Run1,2227,57.9946167915165,160.980010986328
1,Run1,2228,57.9946167915165,160.977005004883
1,Run1,2229,57.9946167915165,161.018005371094
1,Run1,2230,57.9946167915165,160.953002929688
1,Run1,2231,57.9946167915165,160.998001098633
1,Run1,2232,57.9946167915165,160.952011108398
1,Run1,2233,57.9946167915165,160.978012084961
1,Run1,2234,57.9946167915165,161.022003173828
1,Run1,2235,57.9946167915165,160.960006713867
1,Run1,2236,57.9946167915165,160.952011108398
1,Run1,2237,57.9946167915165,160.952011108398
1,Run1,2238,57.9946167915165,160.932006835938
1,Run1,2239,57.9946167915165,160.950012207031
1,Run1,2240,57.9946167915165,160.922012329102
1,Run1,2241,57.9946167915165,160.875015258789
1,Run1,2242,57.9946167915165,160.80500793457
1,Run1,2243,57.9946167915165,160.752014160156
1,Run1,2244,57.9946167915165,160.628005981445
1,Run1,2245,57.9946167915165,160.666000366211
1,Run1,2246,57.9946167915165,160.617004394531
1,Run1,2247,57.9946167915165,160.593002319336
1,Run1,2248,57.9946167915165,160.530014038086
1,Run1,2249,57.9946167915165,160.665008544922
1,Run1,2250,57.9946167915165,160.665008544922
1,Run1,2251,57.9946167915165,160.828002929688
1,Run1,2252,57.9946167915165,160.990005493164
1,Run1,2253,57.9946167915165,160.988006591797
1,Run1,2254,57.9946167915165,160.93701171875
1,Run1,2255,57.9946167915165,160.927001953125
1,Run1,2256,57.9946167915165,160.939010620117
1,Run1,2257,57.9946167915165,161.032012939453
1,Run1,2258,57.9946167915165,161.050003051758
1,Run1,2259,57.9946167915165,160.962005615234
1,Run1,2260,57.9946167915165,161.043014526367
1,Run1,2261,57.9946167915165,161.002014160156
1,Run1,2262,57.9946167915165,160.989013671875
1,Run1,2263,57.9946167915165,160.989013671875
1,Run1,2264,57.9946167915165,161.012008666992
1,Run1,2265,57.9946167915165,160.839004516602
1,Run1,2266,57.9946167915165,160.933013916016
1,Run1,2267,57.9946167915165,160.817001342773
1,Run1,2268,57.9946167915165,160.845001220703
1,Run1,2269,57.9946167915165,160.831008911133
1,Run1,2270,57.9946167915165,160.913009643555
1,Run1,2271,57.9946167915165,160.865005493164
1,Run1,2272,57.9946167915165,160.896011352539
1,Run1,2273,57.9946167915165,161.019012451172
1,Run1,2274,57.9946167915165,160.901000976562
1,Run1,2275,57.9946167915165,161.032012939453
1,Run1,2276,57.9946167915165,161.032012939453
1,Run1,2277,57.9946167915165,161.10400390625
1,Run1,2278,57.9946167915165,161.045013427734
1,Run1,2279,57.9946167915165,161.041000366211
1,Run1,2280,57.9946167915165,161.044006347656
1,Run1,2281,57.9946167915165,161.210006713867
1,Run1,2282,57.9946167915165,161.147003173828
1,Run1,2283,57.9946167915165,161.216003417969
1,Run1,2284,57.9946167915165,161.128005981445
1,Run1,2285,57.9946167915165,161.199005126953
1,Run1,2286,57.9946167915165,161.029006958008
1,Run1,2287,57.9946167915165,161.079010009766
1,Run1,2288,57.9946167915165,160.959014892578
1,Run1,2289,57.9946167915165,160.999008178711
1,Run1,2290,57.9946167915165,161.09001159668
1,Run1,2291,57.9946167915165,161.065002441406
1,Run1,2292,57.9946167915165,161.017013549805
1,Run1,2293,57.9946167915165,160.995010375977
1,Run1,2294,57.9946167915165,160.994003295898
1,Run1,2295,57.9946167915165,160.943008422852
1,Run1,2296,57.9946167915165,160.961013793945
1,Run1,2297,57.9946167915165,160.968002319336
1,Run1,2298,57.9946167915165,160.943008422852
1,Run1,2299,57.9946167915165,160.975006103516
1,Run1,2300,57.9946167915165,160.910003662109
1,Run1,2301,57.9946167915165,160.902008056641
1,Run1,2302,57.9946167915165,160.879013061523
1,Run1,2303,57.9946167915165,160.879013061523
1,Run1,2304,57.9946167915165,160.852005004883
1,Run1,2305,57.9946167915165,160.858001708984
1,Run1,2306,57.9946167915165,160.859008789062
1,Run1,2307,57.9946167915165,160.855010986328
1,Run1,2308,57.9946167915165,160.856002807617
1,Run1,2309,57.9946167915165,160.850006103516
1,Run1,2310,57.9946167915165,160.846008300781
1,Run1,2311,57.9946167915165,160.8330078125
1,Run1,2312,57.9946167915165,160.834014892578
1,Run1,2313,57.9946167915165,160.827011108398
1,Run1,2314,57.9946167915165,160.831008911133
1,Run1,2315,57.9946167915165,160.8330078125
1,Run1,2316,57.9946167915165,160.8330078125
1,Run1,2317,57.9946167915165,160.844009399414
1,Run1,2318,57.9946167915165,160.834014892578
1,Run1,2319,57.9946167915165,160.850006103516
1,Run1,2320,57.9946167915165,160.842010498047
1,Run1,2321,57.9946167915165,160.871002197266
1,Run1,2322,57.9946167915165,160.871002197266
1,Run1,2323,57.9946167915165,160.953002929688
1,Run1,2324,57.9946167915165,160.985000610352
1,Run1,2325,57.9946167915165,160.997009277344
1,Run1,2326,57.9946167915165,161.067001342773
1,Run1,2327,57.9946167915165,161.05500793457
1,Run1,2328,57.9946167915165,161.092010498047
1,Run1,2329,57.9946167915165,161.092010498047
1,Run1,2330,57.9946167915165,161.153015136719
1,Run1,2331,57.9946167915165,161.117004394531
1,Run1,2332,57.9946167915165,161.245010375977
1,Run1,2333,57.9946167915165,161.216003417969
1,Run1,2334,57.9946167915165,161.28401184082
1,Run1,2335,57.9946167915165,161.213012695312
1,Run1,2336,57.9946167915165,161.357009887695
1,Run1,2337,57.9946167915165,161.223007202148
1,Run1,2338,57.9946167915165,161.287002563477
1,Run1,2339,57.9946167915165,161.225006103516
1,Run1,2340,57.9946167915165,161.265014648438
1,Run1,2341,57.9946167915165,161.287002563477
1,Run1,2342,57.9946167915165,161.287002563477
1,Run1,2343,57.9946167915165,161.271011352539
1,Run1,2344,57.9946167915165,161.225006103516
1,Run1,2345,57.9946167915165,161.179000854492
1,Run1,2346,57.9946167915165,161.094009399414
1,Run1,2347,57.9946167915165,161.050003051758
1,Run1,2348,57.9946167915165,160.984008789062
1,Run1,2349,57.9946167915165,161.002014160156
1,Run1,2350,57.9946167915165,160.964004516602
1,Run1,2351,57.9946167915165,160.928009033203
1,Run1,2352,57.9946167915165,160.860000610352
1,Run1,2353,57.9946167915165,160.853012084961
1,Run1,2354,57.9946167915165,160.878005981445
1,Run1,2355,57.9946167915165,160.852005004883
1,Run1,2356,95.1944289073495,160.865005493164
1,Run1,2357,95.1944289073495,160.86100769043
1,Run1,2358,95.1944289073495,160.883010864258
1,Run1,2359,95.1944289073495,160.910003662109
1,Run1,2360,95.1944289073495,160.890014648438
1,Run1,2361,95.1944289073495,160.908004760742
1,Run1,2362,95.1944289073495,160.93701171875
1,Run1,2363,95.1944289073495,160.959014892578
1,Run1,2364,95.1944289073495,160.93000793457
1,Run1,2365,95.1944289073495,160.924011230469
1,Run1,2366,95.1944289073495,160.921005249023
1,Run1,2367,95.1944289073495,160.880004882812
1,Run1,2368,95.1944289073495,160.899002075195
1,Run1,2369,95.1944289073495,160.916000366211
1,Run1,2370,95.1944289073495,160.941009521484
1,Run1,2371,95.1944289073495,160.963012695312
1,Run1,2372,95.1944289073495,160.971008300781
1,Run1,2373,95.1944289073495,160.95100402832
1,Run1,2374,95.1944289073495,160.953002929688
1,Run1,2375,95.1944289073495,160.977005004883
1,Run1,2376,95.1944289073495,161.003005981445
1,Run1,2377,95.1944289073495,161.022003173828
1,Run1,2378,95.1944289073495,160.974014282227
1,Run1,2379,95.1944289073495,160.983001708984
1,Run1,2380,95.1944289073495,161.000015258789
1,Run1,2381,95.1944289073495,160.988006591797
1,Run1,2382,95.1944289073495,160.981002807617
1,Run1,2383,95.1944289073495,160.990005493164
1,Run1,2384,95.1944289073495,161.004013061523
1,Run1,2385,95.1944289073495,161.017013549805
1,Run1,2386,95.1944289073495,161.039001464844
1,Run1,2387,95.1944289073495,161.047012329102
1,Run1,2388,95.1944289073495,161.028015136719
1,Run1,2389,95.1944289073495,160.966003417969
1,Run1,2390,95.1944289073495,160.990005493164
1,Run1,2391,95.1944289073495,161.021011352539
1,Run1,2392,95.1944289073495,161.022003173828
1,Run1,2393,95.1944289073495,161.010009765625
1,Run1,2394,95.1944289073495,161.06201171875
1,Run1,2395,95.1944289073495,161.06201171875
1,Run1,2396,95.1944289073495,161.044006347656
1,Run1,2397,95.1944289073495,161.061004638672
1,Run1,2398,95.1944289073495,161.096008300781
1,Run1,2399,95.1944289073495,161.127014160156
1,Run1,2400,95.1944289073495,161.126007080078
1,Run1,2401,95.1944289073495,161.138000488281
1,Run1,2402,95.1944289073495,161.149002075195
1,Run1,2403,95.1944289073495,161.18701171875
1,Run1,2404,95.1944289073495,161.207000732422
1,Run1,2405,95.1944289073495,161.226013183594
1,Run1,2406,95.1944289073495,161.234008789062
1,Run1,2407,95.1944289073495,161.259002685547
1,Run1,2408,95.1944289073495,161.280014038086
1,Run1,2409,95.1944289073495,161.285003662109
1,Run1,2410,95.1944289073495,161.355010986328
1,Run1,2411,95.1944289073495,161.405014038086
1,Run1,2412,95.1944289073495,161.412002563477
1,Run1,2413,95.1944289073495,161.438003540039
1,Run1,2414,95.1944289073495,161.46501159668
1,Run1,2415,95.1944289073495,161.489013671875
1,Run1,2416,95.1944289073495,161.515014648438
1,Run1,2417,95.1944289073495,161.533004760742
1,Run1,2418,95.1944289073495,161.564010620117
1,Run1,2419,95.1944289073495,161.573013305664
1,Run1,2420,95.1944289073495,161.589004516602
1,Run1,2421,95.1944289073495,161.606002807617
1,Run1,2422,95.1944289073495,161.625015258789
1,Run1,2423,95.1944289073495,161.626007080078
1,Run1,2424,95.1944289073495,161.634002685547
1,Run1,2425,95.1944289073495,161.649002075195
1,Run1,2426,95.1944289073495,161.671005249023
1,Run1,2427,95.1944289073495,161.686004638672
1,Run1,2428,95.1944289073495,161.690002441406
1,Run1,2429,95.1944289073495,161.690002441406
1,Run1,2430,95.1944289073495,161.681015014648
1,Run1,2431,95.1944289073495,161.673004150391
1,Run1,2432,95.1944289073495,161.646011352539
1,Run1,2433,95.1944289073495,161.640014648438
1,Run1,2434,95.1944289073495,161.593002319336
1,Run1,2435,95.1944289073495,161.608001708984
1,Run1,2436,95.1944289073495,161.581008911133
1,Run1,2437,95.1944289073495,161.554000854492
1,Run1,2438,95.1944289073495,161.523010253906
1,Run1,2439,95.1944289073495,161.500015258789
1,Run1,2440,95.1944289073495,161.467010498047
1,Run1,2441,95.1944289073495,161.422012329102
1,Run1,2442,95.1944289073495,161.381011962891
1,Run1,2443,95.1944289073495,161.370010375977
1,Run1,2444,95.1944289073495,161.287002563477
1,Run1,2445,95.1944289073495,161.316009521484
1,Run1,2446,144.162347045792,161.324005126953
1,Run1,2447,144.162347045792,161.223007202148
1,Run1,2448,144.162347045792,161.014007568359
1,Run1,2449,144.162347045792,160.716003417969
1,Run1,2450,144.162347045792,160.183013916016
1,Run1,2451,144.162347045792,159.810012817383
1,Run1,2452,144.162347045792,159.168014526367
1,Run1,2453,144.162347045792,159.192001342773
1,Run1,2454,144.162347045792,159.173004150391
1,Run1,2455,144.162347045792,159.18000793457
1,Run1,2456,144.162347045792,159.18000793457
1,Run1,2457,144.162347045792,159.519012451172
1,Run1,2458,144.162347045792,160.243011474609
1,Run1,2459,144.162347045792,160.349014282227
1,Run1,2460,144.162347045792,160.509002685547
1,Run1,2461,144.162347045792,160.509002685547
1,Run1,2462,144.162347045792,160.667007446289
1,Run1,2463,144.162347045792,160.859008789062
1,Run1,2464,144.162347045792,160.860000610352
1,Run1,2465,144.162347045792,160.967010498047
1,Run1,2466,144.162347045792,160.917007446289
1,Run1,2467,144.162347045792,161.014007568359
1,Run1,2468,144.162347045792,161.058013916016
1,Run1,2469,144.162347045792,161.030014038086
1,Run1,2470,144.162347045792,161.081008911133
1,Run1,2471,61.3138524264076,161.081008911133
1,Run1,2472,61.3138524264076,161.177001953125
1,Run1,2473,61.3138524264076,161.18000793457
1,Run1,2474,61.3138524264076,161.214004516602
1,Run1,2475,61.3138524264076,161.254013061523
1,Run1,2476,61.3138524264076,161.306015014648
1,Run1,2477,61.3138524264076,161.336013793945
1,Run1,2478,61.3138524264076,161.315002441406
1,Run1,2479,61.3138524264076,161.345001220703
1,Run1,2480,61.3138524264076,161.373001098633
1,Run1,2481,61.3138524264076,161.386001586914
1,Run1,2482,61.3138524264076,161.334014892578
1,Run1,2483,61.3138524264076,161.34001159668
1,Run1,2484,61.3138524264076,161.286010742188
1,Run1,2485,61.3138524264076,161.285003662109
1,Run1,2486,61.3138524264076,161.23600769043
1,Run1,2487,61.3138524264076,161.231002807617
1,Run1,2488,61.3138524264076,161.218002319336
1,Run1,2489,61.3138524264076,161.196014404297
1,Run1,2490,61.3138524264076,161.18701171875
1,Run1,2491,61.3138524264076,161.190002441406
1,Run1,2492,61.3138524264076,161.176010131836
1,Run1,2493,61.3138524264076,161.167007446289
1,Run1,2494,61.3138524264076,161.179000854492
1,Run1,2495,61.3138524264076,161.163009643555
1,Run1,2496,61.3138524264076,161.165008544922
1,Run1,2497,61.3138524264076,161.149002075195
1,Run1,2498,61.3138524264076,161.153015136719
1,Run1,2499,61.3138524264076,161.134002685547
1,Run1,2500,61.3138524264076,161.119003295898
1,Run1,2501,61.3138524264076,161.112014770508
1,Run1,2502,61.3138524264076,161.096008300781
1,Run1,2503,61.3138524264076,161.126007080078
1,Run1,2504,61.3138524264076,161.123001098633
1,Run1,2505,61.3138524264076,161.130004882812
1,Run1,2506,61.3138524264076,161.142013549805
1,Run1,2507,61.3138524264076,161.143005371094
1,Run1,2508,61.3138524264076,161.133010864258
1,Run1,2509,61.3138524264076,161.143005371094
1,Run1,2510,61.3138524264076,161.131011962891
1,Run1,2511,61.3138524264076,161.160003662109
1,Run1,2512,61.3138524264076,161.15901184082
1,Run1,2513,61.3138524264076,161.145004272461
1,Run1,2514,61.3138524264076,161.135009765625
1,Run1,2515,61.3138524264076,161.143005371094
1,Run1,2516,61.3138524264076,161.131011962891
1,Run1,2517,61.3138524264076,161.137008666992
1,Run1,2518,61.3138524264076,161.130004882812
1,Run1,2519,61.3138524264076,161.146011352539
1,Run1,2520,61.3138524264076,161.126007080078
1,Run1,2521,61.3138524264076,161.138000488281
1,Run1,2522,61.3138524264076,161.130004882812
1,Run1,2523,61.3138524264076,161.123001098633
1,Run1,2524,61.3138524264076,161.135009765625
1,Run1,2525,61.3138524264076,161.131011962891
1,Run1,2526,61.3138524264076,161.130004882812
1,Run1,2527,61.3138524264076,161.130004882812
1,Run1,2528,61.3138524264076,161.105010986328
1,Run1,2529,61.3138524264076,161.099014282227
1,Run1,2530,61.3138524264076,161.0830078125
1,Run1,2531,61.3138524264076,161.09001159668
1,Run1,2532,61.3138524264076,161.05500793457
1,Run1,2533,61.3138524264076,161.051010131836
1,Run1,2534,61.3138524264076,161.045013427734
1,Run1,2535,61.3138524264076,161.045013427734
1,Run1,2536,61.3138524264076,161.03401184082
1,Run1,2537,61.3138524264076,161.037002563477
1,Run1,2538,61.3138524264076,161.026000976562
1,Run1,2539,61.3138524264076,161.032012939453
1,Run1,2540,61.3138524264076,161.011001586914
