"Time (s)","X (m/s^2)","Y (m/s^2)","Z (m/s^2)"
1.550166664E-3,-4.109404449E0,5.869893494E0,6.251000977E0
1.157816667E-2,-3.900738373E0,5.755681000E0,6.662345581E0
2.160616667E-2,-3.622317352E0,5.527854767E0,6.998995514E0
3.163416666E-2,-3.522025909E0,5.294490051E0,7.167844391E0
4.166316666E-2,-3.551664276E0,5.093757477E0,7.206314392E0
5.169116666E-2,-3.553909607E0,4.890779572E0,7.228468323E0
6.171916667E-2,-3.601660309E0,4.759203186E0,7.281607819E0
7.174716667E-2,-3.601510620E0,4.663552094E0,7.565717010E0
8.177616667E-2,-3.501069489E0,4.625381470E0,7.923173676E0
9.180416666E-2,-3.324586487E0,4.581372986E0,8.236921234E0
1.018321667E-1,-3.109034729E0,4.416116638E0,8.692124634E0
1.118601667E-1,-2.905607758E0,4.011807404E0,9.145831146E0
1.218881667E-1,-2.634521484E0,3.379971313E0,9.353898468E0
1.319171667E-1,-2.372416534E0,2.358345795E0,9.498048706E0
1.419451667E-1,-2.369273071E0,1.608405304E0,9.707912292E0
1.519731667E-1,-2.875370636E0,2.049088898E0,9.442214813E0
1.620011667E-1,-3.376977539E0,2.758613434E0,9.073830872E0
1.720291667E-1,-3.552113342E0,3.520529022E0,8.999136200E0
1.820581667E-1,-3.241808624E0,4.028722229E0,9.095386047E0
1.920861667E-1,-2.632276154E0,4.104913788E0,9.108408966E0
2.021141667E-1,-2.112856293E0,4.021237793E0,9.075327759E0
2.121421667E-1,-1.908680878E0,3.955823822E0,9.001082153E0
2.221711667E-1,-1.869761810E0,4.198319550E0,9.000333710E0
2.321991667E-1,-1.963616638E0,4.523892517E0,9.026529236E0
2.422271667E-1,-2.036814423E0,4.914430389E0,9.002728729E0
2.522551667E-1,-2.186503143E0,5.288502502E0,9.012009430E0
2.622831667E-1,-2.165546722E0,5.452561340E0,8.966204681E0
2.723121667E-1,-2.013912048E0,5.423521729E0,8.981023865E0
2.823401667E-1,-1.935325470E0,5.210963745E0,9.040001221E0
2.923681667E-1,-2.190095673E0,5.068310394E0,8.983119507E0
3.023961667E-1,-2.790796509E0,5.115162964E0,8.836424561E0
3.124251667E-1,-3.378175049E0,5.251230011E0,8.511899414E0
3.224531667E-1,-3.584146729E0,5.343587952E0,8.089627533E0
3.324811667E-1,-3.297343140E0,5.265151062E0,8.140521698E0
3.425091667E-1,-2.887345734E0,5.229225769E0,8.116122437E0
3.525371667E-1,-2.432890778E0,4.832850037E0,7.907755737E0
3.625661667E-1,-1.404080200E0,3.241958313E0,6.834637299E0
3.725941667E-1,-1.268013153E0,3.767814789E0,7.288942566E0
3.826221667E-1,-1.278491364E0,4.044439545E0,7.159611511E0
3.926501667E-1,-1.361418915E0,3.993844757E0,6.832691345E0
4.026781667E-1,-2.063159637E0,4.130809937E0,7.541018372E0
4.127071667E-1,-3.400328979E0,4.330494690E0,9.193731537E0
4.227351667E-1,-4.146227875E0,4.198469238E0,1.014156052E1
4.327631667E-1,-4.264332275E0,3.698808289E0,1.054886353E1
4.427911667E-1,-4.009711761E0,3.233126678E0,1.083806213E1
4.528201667E-1,-3.541934509E0,2.595452728E0,1.083252365E1
4.628481667E-1,-3.254083099E0,1.864672394E0,1.070708450E1
4.728761667E-1,-3.151845703E0,1.662891998E0,1.079180832E1
4.829041667E-1,-3.227887573E0,1.563498688E0,1.034663406E1
4.929321667E-1,-3.490740967E0,1.166673889E0,9.430539093E0
5.029611667E-1,-3.668870544E0,9.569599915E-1,8.457562408E0
5.129891667E-1,-3.789369965E0,7.467970276E-1,7.903714142E0
5.230171667E-1,-4.041595459E0,2.516267395E-1,7.717052307E0
5.330451667E-1,-4.214036865E0,6.900650024E-2,7.651338959E0
5.430741667E-1,-3.929927673E0,4.236190796E-2,7.106472015E0
5.531021667E-1,-2.874921570E0,1.576222229E-1,6.260431366E0
5.631301667E-1,-2.439626770E0,3.884422302E-1,5.435646515E0
5.731581667E-1,-3.887715454E0,1.478924561E-1,4.522994385E0
5.831871667E-1,-5.773493958E0,-1.332229614E-2,3.943399658E0
5.932151667E-1,-6.932533722E0,4.014651489E-1,3.920497284E0
6.032431667E-1,-6.622827759E0,1.104253693E0,4.610711975E0
6.132711667E-1,-5.361849976E0,1.664837952E0,5.719156952E0
6.232991667E-1,-3.804937592E0,1.898502045E0,6.447093201E0
6.333281667E-1,-3.285517731E0,2.096989288E0,6.916217651E0
6.433561667E-1,-3.172053680E0,2.355651398E0,7.206164703E0
6.533841667E-1,-2.971919861E0,2.979553986E0,9.617649994E0
6.634121667E-1,-3.176394653E0,3.248694305E0,9.056317291E0
6.734411667E-1,-3.010090485E0,2.931503906E0,8.225993958E0
6.834691667E-1,-2.702330475E0,2.335443420E0,8.493637390E0
6.934971667E-1,-2.476749573E0,1.671723633E0,7.654332733E0
7.035251667E-1,-2.418071594E0,1.395398254E0,7.602989502E0
7.135531667E-1,-2.344724121E0,1.479673004E0,7.391030273E0
7.235821667E-1,-1.909579010E0,1.882934418E0,7.461533661E0
7.336101667E-1,-1.130299530E0,2.389630737E0,7.828121338E0
7.436381667E-1,-3.132984924E-1,2.639161835E0,8.309520264E0
7.536661667E-1,2.489323425E-1,2.407294006E0,8.724607086E0
7.636951667E-1,5.126838684E-1,1.954335938E0,8.808432770E0
7.737231667E-1,5.328918457E-1,1.617835693E0,8.796008606E0
7.837511667E-1,4.016148376E-1,1.471589813E0,8.710985413E0
7.937791667E-1,3.460803223E-1,1.448238373E0,8.968150635E0
8.038074583E-1,1.296304321E-1,1.481768646E0,9.273665314E0
8.138364583E-1,-2.862048340E-1,1.462309113E0,9.767937469E0
8.238644583E-1,-2.677931213E-1,1.468895416E0,1.034079620E1
8.338924583E-1,-1.522334290E-1,1.518292694E0,1.075678116E1
8.439204583E-1,-5.119354248E-2,1.525777130E0,1.102966370E1
8.539494583E-1,4.849914551E-2,1.449435883E0,1.104223755E1
8.639774583E-1,4.610412598E-2,1.338965607E0,1.084120560E1
8.740054583E-1,-1.173559570E-1,1.288969574E0,1.056248520E1
8.840334583E-1,-2.835104370E-1,1.268761597E0,1.026714935E1
8.940614583E-1,-3.034190369E-1,1.313069458E0,1.003213806E1
9.040904583E-1,-1.184037781E-1,1.484612732E0,1.008408005E1
9.141184583E-1,2.071691895E-1,1.749262390E0,1.022897873E1
9.241464583E-1,5.385800171E-1,1.948797455E0,1.024858795E1
9.341744583E-1,6.782395935E-1,2.000739441E0,1.019559814E1
9.442034583E-1,6.858737183E-1,1.907333679E0,1.010069550E1
9.542314583E-1,5.840853882E-1,1.673968964E0,1.007839188E1
9.642594583E-1,4.553530884E-1,1.435065765E0,1.016356476E1
9.742874583E-1,4.029620361E-1,1.279239807E0,1.016371445E1
9.843154583E-1,4.137396240E-1,1.324296112E0,1.024619293E1
9.943444583E-1,5.782475281E-1,1.524130554E0,1.036025574E1
1.004372458E0,9.937834167E-1,1.752256165E0,1.033346146E1
1.014400458E0,1.665736084E0,1.998793488E0,1.024619293E1
1.024428458E0,2.974165192E0,2.296524353E0,1.017209702E1
1.034457458E0,2.947670288E0,2.376757507E0,1.029678772E1
1.044485458E0,1.897454224E0,2.286944275E0,1.015997223E1
1.054513458E0,1.202449493E0,2.403551788E0,1.003857468E1
1.064541458E0,1.034049683E0,2.561323700E0,9.637408905E0
1.074569458E0,1.159638519E0,2.844834137E0,9.139693909E0
1.084598458E0,1.117426300E0,3.023861847E0,8.855285339E0
1.094626458E0,1.071172485E0,3.347189484E0,8.760382690E0
1.104654458E0,1.241069183E0,3.761527863E0,8.743916931E0
1.114682458E0,1.329684906E0,4.215384064E0,8.726553040E0
1.124711458E0,1.238374786E0,4.527934113E0,8.770711212E0
1.134739458E0,1.305884399E0,4.633464661E0,8.691974945E0
1.144767458E0,1.519939270E0,4.887187042E0,8.671617279E0
1.154795458E0,1.792971497E0,5.104385376E0,8.774004364E0
1.164824458E0,2.167492676E0,4.996310120E0,8.683742065E0
1.174852458E0,2.728526001E0,4.710404663E0,8.281977539E0
1.184880458E0,3.165018311E0,4.582869873E0,7.858059082E0
1.194908458E0,3.435805206E0,4.730612640E0,7.503745880E0
1.204936458E0,3.373834076E0,4.931045837E0,7.170239410E0
1.214965458E0,3.114124146E0,5.072501678E0,6.829398193E0
1.224993458E0,3.087329865E0,5.166506195E0,6.465355225E0
1.235021458E0,3.204835510E0,5.297783203E0,6.266568604E0
1.245049458E0,3.365451508E0,5.293292542E0,6.441854095E0
1.255078458E0,3.730841675E0,5.137915649E0,6.739435272E0
1.265106458E0,3.921844482E0,5.001698914E0,6.968758392E0
1.275134458E0,3.929328918E0,4.820276184E0,7.101532288E0
1.285162458E0,4.035158844E0,4.637805634E0,7.032226410E0
1.295190458E0,3.934268646E0,4.646637268E0,6.848408661E0
1.305219458E0,3.471431122E0,4.538711700E0,6.317313080E0
1.315247458E0,2.905757446E0,4.161945190E0,5.070256348E0
1.325275458E0,2.563269653E0,3.871249695E0,3.888613586E0
1.335303458E0,1.835782471E0,4.000880127E0,3.448379059E0
1.345332458E0,1.261277161E0,4.436324615E0,3.728746033E0
1.355360458E0,2.245330811E0,4.654720459E0,5.147495728E0
1.365388458E0,4.034859467E0,4.725672913E0,7.718249817E0
1.375416458E0,5.458848267E0,4.949607239E0,1.042117905E1
1.385444458E0,6.527625732E0,5.174290009E0,1.259585678E1
1.395473458E0,6.887926483E0,5.388793945E0,1.367511246E1
1.405501458E0,7.059769135E0,5.109774170E0,1.331481171E1
1.415529458E0,7.102131042E0,4.880151672E0,1.246308289E1
1.425557458E0,7.057823181E0,5.116959229E0,1.198797089E1
1.435586458E0,7.718249817E0,5.817203064E0,1.262220200E1
1.445614458E0,8.866961060E0,6.543193359E0,1.423240356E1
1.455642458E0,9.902807007E0,6.700965271E0,1.600426895E1
1.465670458E0,1.094793365E1,6.300398254E0,1.715357895E1
1.475698458E0,1.159967834E1,5.995632019E0,1.717333786E1
1.485727458E0,1.185669388E1,5.416486359E0,1.583077972E1
1.495755458E0,1.201745956E1,5.062622223E0,1.356134903E1
1.505783458E0,1.169473068E1,5.137316895E0,1.094673615E1
1.515811458E0,1.098161362E1,5.217100983E0,8.402926025E0
1.525839458E0,1.039258850E1,5.192402344E0,6.418352966E0
1.535868458E0,9.973609772E0,5.125940552E0,5.103786621E0
1.545896458E0,9.650282135E0,5.147645416E0,4.504133606E0
1.555924458E0,9.402996368E0,5.170248413E0,4.353097687E0
1.565952458E0,9.150172119E0,5.038821716E0,4.310137024E0
1.575981458E0,8.830287323E0,4.750221863E0,4.205504608E0
1.586009458E0,8.463100891E0,4.262236633E0,3.943998413E0
1.596037458E0,8.015232239E0,3.682043152E0,3.618126068E0
1.606065458E0,7.470814362E0,3.213218079E0,3.665577393E0
1.616093458E0,7.336094513E0,2.940335541E0,3.990102539E0
1.626122458E0,7.696245575E0,3.111429749E0,4.502786407E0
1.636150458E0,8.301736450E0,3.300336914E0,4.883145447E0
1.646178458E0,8.739875336E0,3.187770996E0,5.097948761E0
1.656206458E0,8.362210693E0,2.628533936E0,4.969815216E0
1.666235458E0,7.339836731E0,2.110461273E0,4.236939240E0
1.676263458E0,5.842051392E0,1.595981140E0,3.554059296E0
1.686291458E0,4.517306213E0,1.227297821E0,2.788700867E0
1.696319458E0,3.708088989E0,1.011746063E0,1.995799713E0
1.706347458E0,3.495531006E0,8.795709229E-1,1.431473236E0
1.716376458E0,3.782035217E0,9.253756714E-1,1.087488556E0
1.726404458E0,4.634961548E0,1.225950623E0,6.090834045E-1
1.736432458E0,5.650449829E0,1.386416931E0,1.571731567E-1
1.746460458E0,6.023773499E0,1.174008636E0,-2.817141724E-1
1.756489458E0,6.001020813E0,8.967851257E-1,-7.030879211E-1
1.766517458E0,5.594017181E0,5.420228577E-1,-1.078207855E0
1.776545458E0,4.916076965E0,1.059796143E-1,-1.411714325E0
1.786573458E0,4.306544495E0,-3.168910217E-1,-1.758243713E0
1.796601458E0,4.150718536E0,-7.824229431E-1,-2.095791779E0
1.806630042E0,4.326602783E0,-1.151405640E0,-2.345173187E0
1.816658042E0,4.693190460E0,-1.201850739E0,-2.490520935E0
1.826686042E0,5.000651093E0,-1.021326141E0,-2.463876343E0
1.836714042E0,6.198759613E0,-1.186283112E0,-3.663032684E0
1.846743042E0,7.035070496E0,-1.290017395E0,-4.791835327E0
1.856771042E0,8.133186951E0,-3.698808289E-1,-5.255121918E0
1.866799042E0,9.825118561E0,1.454225922E0,-4.737198944E0
1.876827042E0,1.224812988E1,3.075654144E0,-2.838696899E0
1.886855042E0,1.511017822E1,4.218377838E0,-1.387614441E-1
1.896884042E0,1.824870163E1,5.478457489E0,2.270927582E0
1.906912042E0,2.273187881E1,7.654781799E0,4.115841064E0
1.916940042E0,2.765124893E1,1.026759842E1,5.595663757E0
1.926968042E0,3.029475174E1,1.222358093E1,6.822961578E0
1.936996042E0,3.000345749E1,1.345581848E1,8.248447266E0
1.947025042E0,2.760679138E1,1.364697098E1,9.617200928E0
1.957053042E0,2.414883224E1,1.299642380E1,1.017404297E1
1.967081042E0,2.026560745E1,1.226998444E1,9.733958130E0
1.977109042E0,1.650632492E1,1.150387756E1,8.282576294E0
1.987138042E0,1.322574692E1,1.031879196E1,6.012995911E0
1.997166042E0,1.016760635E1,9.434880066E0,3.706592102E0
2.007194042E0,7.201973419E0,8.837921448E0,1.775158539E0
2.017222042E0,4.675227814E0,8.439450073E0,2.544708252E-1
2.027250042E0,2.443518677E0,8.027357025E0,-6.366261292E-1
2.037279042E0,8.878038025E-1,7.510781250E0,-8.731343079E-1
2.047307042E0,7.694000244E-2,6.987170105E0,-5.550457764E-1
2.057335042E0,-1.513352966E-1,6.502478027E0,9.041198730E-2
2.067363042E0,-1.285826111E-1,6.039490814E0,6.544390869E-1
2.077392042E0,-2.044747925E-1,5.585335236E0,8.421487427E-1
2.087420042E0,-3.104544067E-1,5.169200592E0,7.463479614E-1
2.097448042E0,-4.799020386E-1,4.847220154E0,6.533912659E-1
2.107476042E0,-6.713539124E-1,4.686903534E0,5.998027039E-1
2.117504042E0,-8.167016602E-1,4.654870148E0,5.617817688E-1
2.127533042E0,-1.252295837E0,4.525539093E0,6.526428223E-1
2.137561042E0,-1.916464691E0,4.287683716E0,9.033714294E-1
2.147589042E0,-2.545157318E0,4.054169312E0,1.495989075E0
2.157617042E0,-3.036735077E0,3.725003815E0,2.412682800E0
2.167645042E0,-3.271446991E0,3.582949219E0,3.489842834E0
2.177674042E0,-2.754272461E0,3.824397125E0,4.425696716E0
2.187702042E0,-1.390009460E0,4.495002594E0,4.920268250E0
2.197730042E0,5.352868652E-1,5.708978119E0,4.777465210E0
2.207758042E0,2.581232300E0,7.218738556E0,4.519701233E0
2.217787042E0,4.524640961E0,8.747060394E0,4.909191284E0
2.227815042E0,6.140979767E0,1.002615051E1,6.560856628E0
2.237843042E0,7.924820251E0,1.136496643E1,9.299112396E0
2.247871042E0,1.058643539E1,1.287053558E1,1.176403656E1
2.257899042E0,1.384979919E1,1.383018997E1,1.271530838E1
2.267928042E0,1.699730392E1,1.415172134E1,1.195833252E1
2.277956042E0,1.921449326E1,1.372480911E1,9.547296295E0
2.287984042E0,2.038535843E1,1.281110916E1,6.405030670E0
2.298012042E0,2.024016037E1,1.199770065E1,3.405268707E0
2.308040042E0,1.897139877E1,1.144624741E1,6.659651184E-1
2.318069042E0,1.739742188E1,1.085437820E1,-1.505569153E0
2.328097042E0,1.588960739E1,9.831405487E0,-2.839145966E0
2.338125042E0,1.434975952E1,8.471333771E0,-2.983894958E0
2.348153042E0,1.268297562E1,7.063062286E0,-2.426154785E0
2.358182042E0,1.091260712E1,5.580245819E0,-1.562450867E0
2.368210042E0,9.110354919E0,4.033961334E0,-6.056405640E-1
2.378238042E0,7.329358521E0,2.702480164E0,7.334747314E-2
2.388266042E0,5.810766449E0,1.657054138E0,3.252735901E-1
2.398294042E0,4.682712250E0,8.048762512E-1,3.408412170E-1
2.408323042E0,3.908372498E0,1.399589539E-1,1.440005493E-1
2.418351042E0,3.420536957E0,-2.775228882E-1,7.484436035E-2
2.428379042E0,3.119662628E0,-5.559439087E-1,2.290237427E-2
2.438407042E0,3.037782898E0,-8.610095215E-1,4.939727783E-2
2.448436042E0,3.292852478E0,-1.148262177E0,8.038284302E-2
2.458464042E0,3.729344788E0,-1.353784790E0,-1.766326904E-2
2.468492042E0,4.145778809E0,-1.501826935E0,-2.736309814E-1
2.478520042E0,4.209097137E0,-1.578916626E0,-7.090754700E-1
2.488548042E0,3.878135376E0,-1.506916351E0,-1.254840546E0
2.498577042E0,3.389850769E0,-1.422192535E0,-1.939217377E0
2.508605042E0,2.884950714E0,-1.432221680E0,-2.722538452E0
2.518633042E0,2.581681366E0,-1.416504364E0,-3.379671936E0
2.528661042E0,2.505340118E0,-1.305734711E0,-3.998185730E0
2.538689042E0,2.725382538E0,-1.148262177E0,-4.599335632E0
2.548718042E0,3.219654694E0,-4.379891968E-1,-5.262905731E0
2.558746042E0,4.272116089E0,8.735833740E-1,-6.192772064E0
2.568774042E0,5.751190338E0,2.336790619E0,-7.701334991E0
2.578802042E0,7.660320282E0,3.995042267E0,-9.512568512E0
2.588831042E0,9.871671753E0,6.248605957E0,-1.100376755E1
2.598859042E0,1.269854324E1,9.253157959E0,-1.080303497E1
2.608887042E0,1.659868286E1,1.291693909E1,-8.171507263E0
2.618915042E0,2.154335037E1,1.544697784E1,-4.664749603E0
2.628943042E0,2.654504929E1,1.554502396E1,-1.796114960E0
2.638972042E0,2.965887405E1,1.476110413E1,-1.083746338E-1
2.649000042E0,2.957684464E1,1.392239822E1,6.128256226E-1
2.659028042E0,2.680580704E1,1.334894073E1,1.230890350E0
2.669056042E0,2.290132645E1,1.345536942E1,1.930535431E0
2.679084042E0,1.895388519E1,1.351898712E1,2.253414001E0
2.689113042E0,1.589724152E1,1.300540512E1,1.849404144E0
2.699141042E0,1.334819229E1,1.195399155E1,9.397457886E-1
2.709169042E0,1.076995377E1,1.088686066E1,2.776725769E-1
2.719197042E0,8.113278351E0,1.003153931E1,2.450404358E-1
2.729226042E0,5.618566132E0,9.301657104E0,6.584806824E-1
2.739254042E0,3.512745209E0,8.679401093E0,1.293759613E0
2.749282042E0,1.876946869E0,8.171357574E0,1.860630798E0
2.759310042E0,6.360273743E-1,7.781268768E0,2.201322327E0
2.769338042E0,-1.887574768E-1,7.447313232E0,2.460433502E0
2.779367042E0,-5.396278381E-1,7.126230927E0,2.712958374E0
2.789395042E0,-6.981481934E-1,6.741231537E0,3.009042664E0
2.799423417E0,-6.559359741E-1,6.337521057E0,3.348536682E0
2.809451417E0,-4.739144897E-1,6.017785950E0,3.588637390E0
2.819479417E0,-5.828878784E-1,5.589227142E0,3.524720306E0
2.829508417E0,-1.066232758E0,5.047503662E0,3.208877106E0
2.839536417E0,-1.769620056E0,4.548890533E0,2.870430908E0
2.849564417E0,-2.375559998E0,4.115092621E0,2.829715576E0
2.859592417E0,-3.022814026E0,3.738625488E0,3.057242432E0
2.869620417E0,-3.662882996E0,3.521277466E0,3.204386444E0
2.879649417E0,-4.420158234E0,3.328927460E0,3.107837219E0
2.889677417E0,-4.973557434E0,3.288212128E0,2.917133789E0
2.899705417E0,-5.676645355E0,3.785777435E0,2.717299347E0
2.909733417E0,-6.238277435E0,4.645739136E0,2.349214783E0
2.919762417E0,-6.139931946E0,6.167025604E0,1.902543640E0
2.929790417E0,-5.544021149E0,8.108787689E0,1.813927917E0
2.939818417E0,-3.280877380E0,1.058898010E1,2.912792816E0
2.949846417E0,4.647834778E-1,1.360760284E1,5.422623596E0
2.959874417E0,5.472170563E0,1.576880859E1,8.609346771E0
2.969903417E0,1.023167313E1,1.776026733E1,1.191851532E1
2.979931417E0,1.399634445E1,2.000110748E1,1.470676712E1
2.989959417E0,1.721959167E1,2.019719971E1,1.578497498E1
2.999987417E0,1.884760620E1,1.840602448E1,1.497336273E1
3.010015417E0,1.889969788E1,1.619182892E1,1.298100586E1
3.020044417E0,1.857756775E1,1.424153458E1,1.039228912E1
3.030072417E0,1.839225311E1,1.264854721E1,7.439529419E0
3.040100417E0,1.811353271E1,1.105720642E1,4.641996918E0
3.050128417E0,1.776894928E1,9.470805359E0,2.361938324E0
3.060156417E0,1.714205292E1,7.903863831E0,1.021176453E0
3.070185417E0,1.584110825E1,6.240073700E0,8.334667969E-1
3.080213417E0,1.382824402E1,4.582869873E0,1.409918060E0
3.090241417E0,1.150881729E1,2.950963440E0,2.297721863E0
3.100269417E0,9.256301422E0,1.287472687E0,2.854414215E0
3.110298417E0,7.472910004E0,-2.390528870E-1,2.739902344E0
3.120326417E0,6.423442383E0,-1.437610474E0,1.929487610E0
3.130354417E0,5.479056244E0,-2.132166138E0,7.967930603E-1
3.140382417E0,4.714296570E0,-2.276166687E0,-4.218228149E-1
3.150410417E0,4.154460754E0,-2.238145752E0,-1.589694214E0
3.160439417E0,3.868854675E0,-2.475102997E0,-2.377356262E0
3.170467417E0,3.740272064E0,-2.969674530E0,-2.883902893E0
3.180495417E0,3.943249969E0,-3.369493103E0,-3.411555634E0
3.190523417E0,4.264781342E0,-3.412453766E0,-4.142934723E0
3.200551417E0,3.934867401E0,-3.281476135E0,-4.857099609E0
3.210580417E0,2.804268494E0,-3.285817108E0,-5.416636047E0
3.220608417E0,1.388213196E0,-3.275787964E0,-5.848188629E0
3.230636417E0,2.095642090E-1,-3.176694031E0,-6.054459686E0
3.240664417E0,-1.682501221E-1,-3.084336090E0,-6.151757355E0
3.250692417E0,4.635859680E-1,-2.821632385E0,-6.511309662E0
3.260721417E0,2.259401550E0,-2.104473724E0,-7.337890778E0
3.270749417E0,4.581522675E0,-1.109193420E0,-8.626411285E0
3.280777417E0,6.836882629E0,2.335144043E-2,-9.808952179E0
3.290805417E0,8.534502411E0,1.161883850E0,-1.032013916E1
3.300834417E0,8.988208923E0,2.385289764E0,-9.134155426E0
3.310862417E0,9.069340210E0,3.756139069E0,-6.775510254E0
3.320890417E0,9.692194977E0,5.611979828E0,-4.445605316E0
3.330918417E0,1.187750061E1,8.671766968E0,-2.987936554E0
3.340946417E0,1.581461334E1,1.199740128E1,-2.545007629E0
3.350975417E0,2.154544601E1,1.419797516E1,-2.750081177E0
3.361003417E0,2.776561111E1,1.549383041E1,-2.753973083E0
3.371031417E0,3.145034866E1,1.648985916E1,-1.965562592E0
3.381059417E0,3.081102814E1,1.681183960E1,-3.661386108E-1
3.391087417E0,2.683484665E1,1.618449417E1,1.690734100E0
3.401116417E0,2.213971024E1,1.521226593E1,3.423081665E0
3.411144417E0,1.794258820E1,1.429527283E1,4.155508575E0
3.421172417E0,1.402328842E1,1.312216232E1,3.636687469E0
3.431200417E0,1.047087570E1,1.170236481E1,2.331102448E0
3.441228417E0,7.441924438E0,1.040890457E1,1.305734711E0
3.451257417E0,4.698579254E0,9.482181702E0,1.109193420E0
3.461285417E0,2.669398956E0,8.831634521E0,1.459465027E0
3.471313417E0,1.356030121E0,8.314010925E0,1.877695312E0
3.481341417E0,5.830375671E-1,7.759863281E0,2.043101349E0
3.491369417E0,1.731898499E-1,7.204368439E0,1.870510254E0
3.501398417E0,-1.703457642E-1,6.741231537E0,1.421893158E0
3.511426417E0,-7.339237976E-1,6.343508606E0,9.822573853E-1
3.521454417E0,-1.552721100E0,5.934858398E0,7.372169495E-1
3.531482417E0,-2.509082336E0,5.602250061E0,8.211923218E-1
3.541510417E0,-3.467090149E0,5.319787445E0,1.301543427E0
3.551539417E0,-4.260889435E0,5.077591095E0,2.181563416E0
3.561567417E0,-4.819228363E0,4.947960663E0,3.358266449E0
3.571595417E0,-5.179978180E0,4.990771637E0,4.637057190E0
3.581623417E0,-4.952900391E0,5.177732849E0,5.709277496E0
3.591651417E0,-3.864364014E0,5.681435394E0,6.042634277E0
3.601680417E0,-2.323168945E0,6.390660553E0,5.363646240E0
3.611708417E0,-7.813751221E-1,7.498656464E0,4.060306549E0
3.621736417E0,6.435118103E-1,9.240284729E0,2.672093353E0
3.631764417E0,2.462229767E0,1.159413986E1,2.031725006E0
3.641792417E0,4.679568787E0,1.400098480E1,2.424657898E0
3.651821417E0,7.566016388E0,1.554053329E1,3.807631989E0
3.661849417E0,1.154758667E1,1.630185013E1,5.920937347E0
3.671877417E0,1.673025925E1,1.672367294E1,8.118218079E0
3.681905417E0,2.208612167E1,1.630514328E1,9.456135864E0
3.691934417E0,2.534439606E1,1.492740829E1,9.206155701E0
3.701962417E0,2.578403183E1,1.375429779E1,7.814200287E0
3.711990417E0,2.475387405E1,1.259510834E1,6.171815643E0
3.722018417E0,2.321806778E1,1.080138840E1,4.998256073E0
3.732046417E0,2.191442871E1,8.749605103E0,3.995042267E0
3.742075417E0,2.075958023E1,6.987469482E0,2.978057098E0
3.752103417E0,1.920147034E1,5.525010681E0,2.108665009E0
3.762131417E0,1.721899292E1,4.125121765E0,1.502725067E0
3.772159417E0,1.505868530E1,2.677781525E0,1.242117004E0
3.782187417E0,1.282547928E1,1.307081909E0,1.336570587E0
3.792216417E0,1.076381653E1,1.919009399E-1,1.668580170E0
3.802244333E0,8.985963593E0,-6.960525513E-1,1.810335388E0
3.812272333E0,7.761060791E0,-1.672172699E0,1.535806274E0
3.822300333E0,6.904242554E0,-2.723436584E0,9.563612366E-1
3.832328333E0,5.985004120E0,-3.533701630E0,1.324745178E-1
3.842357333E0,4.917573853E0,-4.014352112E0,-8.391549683E-1
3.852385333E0,3.848347321E0,-4.326303406E0,-1.776655426E0
3.862413333E0,2.868934021E0,-4.678970032E0,-2.649041290E0
3.872441333E0,2.010469208E0,-5.094206543E0,-3.360661469E0
3.882469333E0,1.332528992E0,-5.529651031E0,-3.855831757E0
3.892498333E0,8.755293274E-1,-6.030659180E0,-4.063749390E0
3.902526333E0,5.953120422E-1,-6.490353241E0,-4.183949432E0
3.912554333E0,1.579216003E-1,-6.932084656E0,-4.554578705E0
3.922582333E0,-5.020559692E-1,-7.145690460E0,-5.319488068E0
3.932610333E0,-1.421294403E0,-7.129823456E0,-6.543193359E0
3.942639333E0,-2.008822632E0,-6.704557800E0,-7.734116821E0
3.952667333E0,-1.898352356E0,-5.754483490E0,-8.297694855E0
3.962695333E0,-1.116528168E0,-4.668940887E0,-8.386909332E0
3.972723333E0,9.375004578E-1,-3.375330963E0,-8.484506378E0
3.982752333E0,5.504503326E0,-1.250499573E0,-8.944200439E0
3.992780333E0,1.269854324E1,1.734592896E0,-9.565708008E0
4.002808333E0,2.142135406E1,5.252876587E0,-9.837393036E0
4.012836333E0,2.907703400E1,8.411607971E0,-9.572444000E0
4.022864333E0,3.303854599E1,1.031819321E1,-8.510103149E0
4.032893333E0,3.331651794E1,1.118833374E1,-6.369404755E0
4.042921333E0,3.091131958E1,1.200413727E1,-2.844684448E0
4.052949333E0,2.853995087E1,1.293490173E1,3.978726196E-1
4.062977333E0,2.575244751E1,1.312261139E1,2.875520325E0
4.073005333E0,2.277139664E1,1.225591370E1,4.103416901E0
4.083034333E0,1.960069016E1,1.120749390E1,3.726351013E0
4.093062333E0,1.621518036E1,1.024050476E1,2.076931000E0
4.103090333E0,1.276425659E1,9.322314148E0,3.164419556E-1
4.113118333E0,9.225166168E0,8.767867126E0,-7.830216980E-1
4.123146333E0,5.937103729E0,8.355624390E0,-1.243613892E0
4.133175333E0,3.290906525E0,8.023914185E0,-9.608518982E-1
4.143203333E0,1.643731842E0,7.673043823E0,5.583389282E-2
4.153231333E0,9.372010803E-1,7.237599335E0,1.508712616E0
4.163259333E0,7.601193237E-1,6.772217102E0,3.075354767E0
4.173287333E0,7.825726318E-1,6.409221954E0,4.395309906E0
4.183316333E0,7.900570679E-1,6.273005219E0,5.140759735E0
4.193344333E0,6.391708374E-1,6.263125763E0,5.259911957E0
4.203372333E0,1.044827271E-1,6.240822144E0,4.918172607E0
4.213400333E0,-6.987469482E-1,6.147416382E0,4.449946289E0
4.223429333E0,-1.617087250E0,5.933361511E0,4.142186279E0
4.233457333E0,-2.221679993E0,5.645360413E0,4.067641296E0
4.243485333E0,-2.178270264E0,5.467829590E0,4.072131958E0
4.253513333E0,-1.504371643E0,5.559738464E0,4.239633636E0
4.263541333E0,-7.469467163E-1,5.956263885E0,4.575235748E0
4.273570333E0,3.285667419E-1,6.558611298E0,4.953349457E0
4.283598333E0,2.006577301E0,7.527696075E0,4.963378601E0
4.293626333E0,3.921844482E0,8.692424011E0,4.533921661E0
4.303654333E0,6.394552460E0,1.005010071E1,4.276007996E0
4.313682333E0,9.844877472E0,1.179412399E1,4.816234589E0
4.323711333E0,1.408660675E1,1.365729950E1,6.515950012E0
4.333739333E0,1.872695709E1,1.566193085E1,8.613837433E0
4.343767333E0,2.351145767E1,1.681079178E1,9.195527802E0
4.353795333E0,2.737642044E1,1.606564133E1,7.310348053E0
4.363823333E0,2.864697830E1,1.396595764E1,4.298760681E0
4.373852333E0,2.757326111E1,1.160267212E1,1.789378967E0
4.383880333E0,2.515249512E1,9.659413147E0,5.046006775E-1
4.393908333E0,2.207100311E1,8.349936218E0,1.679507446E-1
4.403936333E0,1.929727112E1,7.221882019E0,-4.146377563E-2
4.413964333E0,1.702589447E1,5.699248352E0,-5.023553467E-1
4.423993333E0,1.481454300E1,3.928580475E0,-9.713301086E-1
4.434021333E0,1.229902405E1,2.261796570E0,-1.088686066E0
4.444049333E0,9.767189026E0,8.143066406E-1,-8.304730225E-1
4.454077333E0,7.571255493E0,-3.754193115E-1,-3.260220337E-1
4.464105333E0,5.579048309E0,-1.394799500E0,8.726852417E-2
4.474134333E0,3.868106232E0,-2.132315826E0,9.714797974E-2
4.484162333E0,2.618953857E0,-2.671195221E0,-2.685415649E-1
4.494190333E0,1.725761261E0,-3.082839203E0,-7.731422424E-1
4.504218333E0,1.081950073E0,-3.462749176E0,-1.553768921E0
4.514247333E0,6.999444580E-1,-3.911216583E0,-2.514171753E0
4.524275333E0,4.969665527E-1,-4.463717651E0,-3.573069763E0
4.534303333E0,5.903723145E-1,-5.056185608E0,-4.496798859E0
4.544331333E0,6.288423157E-1,-5.527854767E0,-5.193749542E0
4.554359333E0,6.794371033E-1,-5.969735870E0,-5.713169403E0
4.564388333E0,7.768844604E-1,-6.268065491E0,-5.966143341E0
4.574416333E0,8.647517395E-1,-6.405479736E0,-5.948031006E0
4.584444333E0,1.242117004E0,-6.334078217E0,-5.961053925E0
4.594472333E0,1.505868530E0,-6.242319031E0,-6.290069733E0
4.604500333E0,1.576820984E0,-6.251000977E0,-6.784940643E0
4.614529333E0,2.014810181E0,-5.567073212E0,-6.933731232E0
4.624557333E0,3.185375977E0,-3.608096924E0,-6.951095123E0
4.634585333E0,5.439837799E0,-7.481442261E-1,-6.999893646E0
4.644613333E0,9.256451111E0,3.333867188E0,-6.765630798E0
4.654641333E0,1.466335739E1,8.319699097E0,-6.264622650E0
4.664670333E0,2.165606598E1,1.304776703E1,-5.614374847E0
4.674698333E0,2.900278839E1,1.650378021E1,-4.868775330E0
4.684726333E0,3.349240219E1,1.803898773E1,-4.048630829E0
4.694754333E0,3.465698044E1,1.834869370E1,-4.249064026E0
4.704782333E0,3.299603439E1,2.007924500E1,-4.252506866E0
4.714811333E0,2.946023712E1,2.132809799E1,-3.753594360E0
4.724839333E0,2.374527145E1,1.949036957E1,-2.636317749E0
4.734867333E0,1.701631439E1,1.699625610E1,-2.488874359E0
4.744895333E0,1.183154617E1,1.435365143E1,-2.374212799E0
4.754923333E0,7.876919861E0,1.223510696E1,-1.984722748E0
4.764952333E0,4.798870697E0,1.053434372E1,-1.041683807E0
4.774980333E0,2.103725281E0,9.432934113E0,8.232879639E-3
4.785008333E0,4.427792358E-1,8.836125183E0,4.102967834E-1
4.795036333E0,-1.185534668E-1,8.167315979E0,6.388714600E-1
4.805064292E0,-5.182223511E-1,7.409891052E0,1.164278870E0
4.815093292E0,-1.133143616E0,6.693630524E0,1.791773987E0
4.825121292E0,-1.555265808E0,6.101761322E0,2.255659332E0
4.835149292E0,-1.707798615E0,5.700445862E0,2.577490082E0
4.845177292E0,-1.886826324E0,5.334906006E0,2.462978210E0
4.855205292E0,-2.212998047E0,4.952900391E0,2.119592285E0
4.865234292E0,-2.553240509E0,4.527485046E0,2.063309326E0
4.875262292E0,-2.813848572E0,4.191433868E0,2.142943726E0
4.885290292E0,-3.110980682E0,3.843108215E0,2.504142609E0
4.895318292E0,-3.282224579E0,3.511847076E0,3.022514648E0
4.905347292E0,-3.451073456E0,3.384162598E0,3.459156647E0
4.915375292E0,-3.402274933E0,3.448079681E0,3.831881561E0
4.925403292E0,-3.007096710E0,3.890709229E0,4.091890869E0
4.935431292E0,-1.742676086E0,4.978497162E0,3.721261597E0
4.945459292E0,9.177415466E-1,6.688840485E0,2.895877991E0
4.955488292E0,4.235891418E0,8.831784210E0,2.008223877E0
4.965516292E0,7.627089386E0,1.078597046E1,1.170416107E0
4.975544292E0,1.105331451E1,1.234887039E1,1.495540009E0
4.985572292E0,1.380339569E1,1.397284332E1,3.274440765E0
4.995600292E0,1.621173752E1,1.568543198E1,5.273683319E0
5.005629292E0,1.855750946E1,1.646306488E1,5.617069244E0
5.015657292E0,1.981848724E1,1.582509155E1,3.826193390E0
5.025685292E0,1.984333557E1,1.438373886E1,8.448431396E-1
5.035713292E0,1.904654251E1,1.351270020E1,-1.991458740E0
5.045741292E0,1.773541901E1,1.349847977E1,-4.229005737E0
5.055770292E0,1.685315369E1,1.330403412E1,-5.477409668E0
5.065798292E0,1.629152161E1,1.286829025E1,-6.017037506E0
5.075826292E0,1.549981796E1,1.213466583E1,-5.967789917E0
5.085854292E0,1.414318909E1,1.090961334E1,-5.407954102E0
5.095882292E0,1.239317825E1,9.286837921E0,-4.324656830E0
5.105911292E0,1.073283096E1,7.360793152E0,-2.928809509E0
5.115939292E0,9.081015930E0,5.409301300E0,-1.685195618E0
5.125967292E0,7.594157867E0,3.574866028E0,-1.163081360E0
5.135995292E0,6.409371643E0,1.869013367E0,-1.021176453E0
5.146023292E0,5.501359863E0,3.912863159E-1,-9.098080444E-1
5.156052292E0,4.847968597E0,-6.200106812E-1,-7.325765991E-1
5.166080292E0,4.210893402E0,-1.710493011E0,-8.755293274E-1
5.176108292E0,3.341052246E0,-3.167263641E0,-1.448238373E0
5.186136292E0,2.773881683E0,-4.203708344E0,-1.844015350E0
5.196164292E0,1.965263214E0,-5.062921600E0,-2.250120850E0
5.206193292E0,1.288520508E0,-6.004613342E0,-2.814896393E0
5.216221292E0,8.569679260E-1,-6.781348114E0,-3.503464508E0
5.226249292E0,4.246669006E-1,-6.960675201E0,-4.210444336E0
5.236277292E0,1.893562317E-1,-6.736441498E0,-4.945565643E0
5.246305292E0,2.710862732E-1,-6.869365082E0,-5.774990845E0
5.256334292E0,5.300477600E-1,-7.291936340E0,-6.550378418E0
5.266362292E0,1.033001862E0,-7.554041290E0,-7.304061127E0
5.276390292E0,1.725312195E0,-7.414082336E0,-8.169860687E0
5.286418292E0,2.542163544E0,-7.009174347E0,-8.969497833E0
5.296446292E0,3.316203918E0,-5.915398865E0,-9.308542786E0
5.306475292E0,3.941453705E0,-3.568728790E0,-8.714877319E0
5.316503292E0,7.258555756E0,3.751199341E-1,-7.330855408E0
5.326531292E0,1.452205124E1,5.662574615E0,-5.769452362E0
5.336559292E0,2.440854218E1,1.064406555E1,-4.583618317E0
5.346587292E0,3.247287231E1,1.326780945E1,-4.736450500E0
5.356616292E0,3.640504532E1,1.519101013E1,-4.910688171E0
5.366644292E0,3.682806564E1,1.678025528E1,-2.966980133E0
5.376672292E0,3.353042313E1,1.800650528E1,5.554948425E-1
5.386700292E0,2.835448654E1,1.952958801E1,3.684887238E0
5.396728292E0,2.381757111E1,2.107931534E1,5.429209900E0
5.406757292E0,2.038416092E1,2.108395569E1,5.502856750E0
5.416785292E0,1.738679398E1,1.866408783E1,4.289479980E0
5.426813292E0,1.469045105E1,1.569725739E1,2.716251526E0
5.436841292E0,1.140373581E1,1.379680939E1,2.130369873E0
5.446869292E0,8.036038971E0,1.226369751E1,2.226470032E0
5.456897292E0,5.136718140E0,1.071127579E1,2.272873535E0
5.466926292E0,2.626887360E0,9.390272827E0,2.476150818E0
5.476954292E0,6.451583862E-1,8.257129211E0,2.814597015E0
5.486982292E0,-7.143145752E-1,7.229067078E0,3.207978973E0
5.497010292E0,-1.604812775E0,6.168971558E0,3.571722565E0
5.507038292E0,-2.439626770E0,5.150040436E0,3.750151520E0
5.517067292E0,-3.272644501E0,4.434827728E0,3.673211517E0
5.527095292E0,-3.951931915E0,4.008214874E0,3.427572327E0
5.537123292E0,-4.327201538E0,3.603007507E0,3.228037262E0
5.547151292E0,-4.540957031E0,3.231330414E0,3.335813141E0
5.557179292E0,-4.646487579E0,2.937790833E0,3.645369415E0
5.567208292E0,-4.557273102E0,2.700085144E0,4.128414917E0
5.577236292E0,-4.333039398E0,2.500250702E0,4.590653687E0
5.587264292E0,-4.056414642E0,2.274969177E0,4.932842102E0
5.597292292E0,-3.675007782E0,2.131866760E0,5.299878845E0
5.607320292E0,-3.494183807E0,2.392474823E0,5.617817688E0
5.617349292E0,-3.069965973E0,3.183130646E0,5.444328461E0
5.627377292E0,-1.929637299E0,4.618495789E0,4.680466919E0
5.637405292E0,-4.312532043E-1,6.609804840E0,4.042343903E0
5.647433292E0,1.676813049E0,8.701854401E0,4.093537445E0
5.657461292E0,4.809648285E0,1.082279388E1,5.731730804E0
5.667490292E0,8.445587311E0,1.231623825E1,8.841214600E0
5.677518292E0,1.241533218E1,1.372106689E1,1.289164169E1
5.687546292E0,1.683743637E1,1.569815552E1,1.611159576E1
5.697574292E0,2.122151962E1,1.561118637E1,1.633088974E1
5.707602292E0,2.426783478E1,1.368289627E1,1.376073441E1
5.717631292E0,2.530787201E1,1.123862915E1,1.087383774E1
5.727659292E0,2.503483978E1,9.140142975E0,8.180039520E0
5.737687292E0,2.439042984E1,8.180039520E0,5.777086487E0
5.747715292E0,2.281525543E1,8.086484070E0,3.878584442E0
5.757743292E0,2.021381516E1,7.722291412E0,2.690954132E0
5.767772292E0,1.796698746E1,6.714586945E0,1.641037445E0
5.777800292E0,1.576312042E1,5.179678802E0,7.324269104E-1
5.787828292E0,1.368589005E1,3.502865753E0,8.786727905E-2
5.797856292E0,1.160940811E1,2.165846100E0,-1.856140137E-1
5.807883542E0,9.315578156E0,1.080902252E0,-1.496887207E-1
5.817912542E0,7.585475922E0,-4.355941772E-1,-9.265731812E-2
5.827940542E0,6.622827759E0,-1.512754211E0,-4.306544495E-1
5.837968542E0,5.722749481E0,-1.638043671E0,-1.080602875E0
5.847996542E0,4.851561127E0,-1.424587555E0,-1.749861145E0
5.858024542E0,4.055067444E0,-1.570683746E0,-2.568359070E0
5.868052542E0,3.319048004E0,-1.910477142E0,-3.457210693E0
5.878081542E0,2.863844604E0,-2.606829071E0,-4.065395966E0
5.888109542E0,2.673290863E0,-3.684438171E0,-4.559518433E0
5.898137542E0,2.644700317E0,-4.983736267E0,-5.027595062E0
5.908165542E0,2.416574707E0,-5.968688049E0,-5.398374023E0
5.918193542E0,1.935026093E0,-6.306086426E0,-5.757926331E0
5.928222542E0,1.423090668E0,-6.103407898E0,-5.936654663E0
5.938250542E0,1.284778290E0,-5.945635986E0,-6.240822144E0
5.948278542E0,1.854194183E0,-6.107449493E0,-6.636449432E0
5.958306542E0,3.078797607E0,-6.571484528E0,-6.768325195E0
5.968334542E0,4.270319824E0,-6.390361176E0,-6.342011719E0
5.978363542E0,5.092410278E0,-4.604724426E0,-6.035149841E0
5.988391542E0,6.403234406E0,-2.070943451E0,-6.168073425E0
5.998419542E0,8.683292999E0,7.899073792E-1,-6.295308838E0
6.008447542E0,1.227657074E1,4.472848663E0,-6.030958557E0
6.018475542E0,1.684791458E1,8.353229370E0,-4.986430664E0
6.028504542E0,2.173180847E1,1.137873779E1,-3.587439880E0
6.038532542E0,2.608595398E1,1.286155426E1,-2.249222717E0
6.048560542E0,2.907254333E1,1.366238892E1,-1.201251984E0
6.058588542E0,3.039848602E1,1.459420120E1,-9.072633362E-1
6.068616542E0,2.991783554E1,1.548544785E1,-1.345102844E0
6.078644542E0,2.774255905E1,1.602103409E1,-2.043550415E0
6.088673542E0,2.347897522E1,1.549592606E1,-2.272873535E0
6.098701542E0,1.843865662E1,1.406175842E1,-2.266137543E0
6.108729542E0,1.407927200E1,1.289613235E1,-2.399210815E0
6.118757542E0,1.004755600E1,1.179427368E1,-1.807191925E0
6.128785542E0,6.894363098E0,1.074510544E1,-9.159452820E-1
6.138814542E0,4.518503723E0,9.727970581E0,2.258802795E-1
6.148842542E0,2.832859039E0,8.901539154E0,1.378034363E0
6.158870542E0,1.705403595E0,8.117619324E0,2.250120850E0
6.168898542E0,6.632707214E-1,7.289092255E0,2.837798767E0
6.178926542E0,-1.276844788E-1,6.658603363E0,3.235970764E0
6.188955542E0,-4.846920776E-1,6.256539459E0,3.179538116E0
6.198983542E0,-8.033793640E-1,5.778583374E0,2.893632660E0
6.209011542E0,-1.290316772E0,5.154980164E0,2.800675964E0
6.219039542E0,-1.822310486E0,4.509223022E0,2.871179352E0
6.229067542E0,-2.752326508E0,3.981570282E0,3.331771545E0
6.239095542E0,-3.839216309E0,3.556604004E0,4.102369080E0
6.249124542E0,-4.740342407E0,3.230282593E0,5.028343506E0
6.259152542E0,-5.291196899E0,3.021317139E0,5.961802368E0
6.269180542E0,-5.539530487E0,2.876568146E0,6.540049896E0
6.279208542E0,-5.294490051E0,2.950065308E0,6.797215118E0
6.289236542E0,-4.149970093E0,3.517984314E0,6.487958221E0
6.299265542E0,-2.159110107E0,4.384682007E0,5.673052826E0
6.309293542E0,2.917433167E-1,5.711822205E0,5.219795380E0
6.319321542E0,2.904260559E0,7.612719269E0,5.180277557E0
6.329349542E0,5.030139771E0,9.106762390E0,5.586682434E0
6.339377542E0,6.987020416E0,1.031849258E1,6.567891998E0
6.349406542E0,8.623567200E0,1.105301514E1,7.774682465E0
6.359434542E0,1.027702881E1,1.177316757E1,9.115594025E0
6.369462542E0,1.301363800E1,1.285975800E1,1.005489075E1
6.379490542E0,1.637789200E1,1.318862411E1,9.665550385E0
6.389518542E0,1.887469986E1,1.242206818E1,7.910749512E0
6.399547542E0,2.041604462E1,1.147453857E1,5.337301025E0
6.409575542E0,2.018687119E1,1.089224945E1,3.198249207E0
6.419603542E0,1.912632660E1,1.044782364E1,1.722168732E0
6.429631542E0,1.806398575E1,1.009515701E1,7.378157043E-1
6.439659542E0,1.689671310E1,9.457782440E0,3.513194275E-1
6.449688542E0,1.576985641E1,8.597820740E0,1.294807434E-1
6.459716542E0,1.446008011E1,7.404951324E0,5.373825073E-2
6.469744542E0,1.272264313E1,6.007906494E0,-3.188369751E-2
6.479772542E0,1.085213287E1,4.619244232E0,-7.589218140E-2
6.489800542E0,9.154662781E0,3.298989716E0,-2.619552612E-2
6.499828542E0,7.815996552E0,2.170336761E0,1.863624573E-1
6.509857542E0,6.649771729E0,1.198707275E0,2.884501648E-1
6.519885542E0,5.699847107E0,2.110610962E-1,2.847079468E-1
6.529913542E0,5.187013550E0,-5.993536377E-1,2.502795410E-1
6.539941542E0,4.967120819E0,-1.199605408E0,2.314187622E-1
6.549969542E0,4.777764587E0,-1.854942627E0,1.895059204E-1
6.559998542E0,4.464017029E0,-2.614163818E0,2.409988403E-2
6.570026542E0,3.880530396E0,-3.388802948E0,-3.676354980E-1
6.580054542E0,2.931054840E0,-3.978576508E0,-9.122030640E-1
6.590082542E0,1.950893097E0,-4.389621735E0,-1.854343872E0
6.600110542E0,1.314117279E0,-4.614903259E0,-3.087778931E0
6.610139542E0,1.339863739E0,-4.584217072E0,-4.381239166E0
6.620167542E0,1.860181732E0,-4.540358276E0,-5.683980103E0
6.630195542E0,2.686463470E0,-4.348157959E0,-6.379583588E0
6.640223542E0,3.657194824E0,-4.276457062E0,-6.847660217E0
6.650251542E0,4.543052673E0,-3.907923431E0,-6.909930725E0
6.660280542E0,5.657185822E0,-2.426603851E0,-6.397246857E0
6.670308542E0,6.037245483E0,-1.360670471E-1,-6.056555328E0
6.680336542E0,6.833888855E0,3.034938812E0,-5.889203339E0
6.690364542E0,1.019993912E1,7.037914581E0,-4.737947388E0
6.700392542E0,1.678699127E1,1.042102936E1,-2.709814911E0
6.710421542E0,2.529350189E1,1.247401016E1,-6.951544189E-1
6.720449542E0,3.218517059E1,1.399140472E1,1.214574280E0
6.730477542E0,3.493091080E1,1.507335480E1,2.532433777E0
6.740505542E0,3.351186172E1,1.553768921E1,3.853287048E0
6.750533542E0,2.898362823E1,1.500584518E1,5.272036743E0
6.760561542E0,2.392864014E1,1.449046692E1,6.046675873E0
6.770590542E0,1.912647629E1,1.376013565E1,6.639293518E0
6.780618542E0,1.541494446E1,1.291544220E1,6.516399078E0
6.790646542E0,1.252026398E1,1.158979889E1,5.494923248E0
6.800674542E0,1.027328659E1,9.940977631E0,3.997137909E0
6.810703208E0,7.986492004E0,8.611741791E0,2.832709351E0
6.820732208E0,5.640121307E0,7.657176819E0,2.189197540E0
6.830760208E0,3.402274933E0,6.953639832E0,2.004032593E0
6.840788208E0,1.560355225E0,6.475983124E0,1.971699829E0
6.850816208E0,3.089575195E-1,5.966592407E0,1.846560059E0
6.860844208E0,-2.784210205E-1,5.549559631E0,1.757345581E0
6.870873208E0,-6.756948853E-1,5.080884247E0,1.622775421E0
6.880901208E0,-1.040186920E0,4.388124847E0,1.575623474E0
6.890929208E0,-1.239123230E0,3.675007782E0,1.627415771E0
6.900957208E0,-1.504371643E0,3.148702240E0,1.924996948E0
6.910985208E0,-2.082768860E0,2.790946198E0,2.419867859E0
6.921014208E0,-2.715054016E0,2.480042725E0,2.953807526E0
6.931042208E0,-3.274440765E0,1.997146912E0,3.506907349E0
6.941070208E0,-3.773353271E0,1.547631683E0,4.154610443E0
6.951098208E0,-3.989354095E0,1.662891998E0,4.712799683E0
6.961126208E0,-3.992796936E0,2.122136993E0,4.781207428E0
6.971155208E0,-3.570525055E0,2.556084595E0,4.280498657E0
6.981183208E0,-2.579735413E0,3.021915894E0,3.728895721E0
6.991211208E0,-9.647438049E-1,4.134402466E0,3.741170197E0
7.001239208E0,5.213658142E-1,5.765111389E0,4.325405273E0
7.011267208E0,1.825004883E0,7.658973083E0,5.026696930E0
7.021295208E0,3.277434540E0,9.323811035E0,5.714815979E0
7.031324208E0,4.974754944E0,1.047596512E1,6.522686005E0
7.041352208E0,7.066804504E0,1.169652695E1,7.318880310E0
7.051380208E0,1.076740906E1,1.220172638E1,7.603288879E0
7.061408208E0,1.535955963E1,1.157168655E1,7.370223541E0
7.071436208E0,1.878982635E1,1.060724213E1,6.700516205E0
7.081465208E0,2.110610962E1,1.012374756E1,5.850733337E0
7.091493208E0,2.239388168E1,1.037911652E1,4.909939728E0
7.101521208E0,2.214779343E1,1.056517960E1,3.954626312E0
7.111549208E0,2.028282166E1,1.014171021E1,3.645668793E0
7.121577208E0,1.784199738E1,9.001830597E0,4.213587799E0
7.131606208E0,1.545985107E1,7.440277863E0,5.222489777E0
7.141634208E0,1.315404602E1,5.902375946E0,6.212980042E0
7.151662208E0,1.110705276E1,4.605622559E0,6.633605347E0
7.161690208E0,9.368567963E0,3.579207001E0,6.399043121E0
7.171718208E0,8.167016602E0,2.681374054E0,5.684279480E0
7.181747208E0,7.712112579E0,1.972148895E0,4.753664703E0
7.191775208E0,7.737260284E0,1.491947479E0,3.697012024E0
7.201803208E0,7.926017761E0,1.058149567E0,2.552492065E0
7.211831208E0,7.771089935E0,5.075944519E-1,1.245110779E0
7.221859208E0,7.073390808E0,-1.300794983E-1,7.933502197E-3
7.231887208E0,6.067632294E0,-7.828720093E-1,-1.107097778E0
7.241916208E0,4.944667511E0,-1.424587555E0,-2.068099365E0
7.251944208E0,3.933819580E0,-2.195634155E0,-2.893183594E0
7.261972208E0,2.934347992E0,-2.876568146E0,-3.646716614E0
7.272000208E0,2.207459564E0,-3.492986298E0,-4.359983368E0
7.282028208E0,1.710493011E0,-3.889960785E0,-4.757107544E0
7.292057208E0,1.469194794E0,-3.964356079E0,-5.029241638E0
7.302085208E0,1.882934418E0,-3.832330627E0,-5.407654724E0
7.312113208E0,3.050805817E0,-3.445235596E0,-5.981561279E0
7.322141208E0,4.753065948E0,-2.840193787E0,-6.683302002E0
7.332169208E0,6.355184326E0,-2.015109558E0,-7.187603302E0
7.342198208E0,8.011639709E0,-1.186582489E0,-7.717651062E0
7.352226208E0,9.165290680E0,2.350112915E-1,-7.191944275E0
7.362254208E0,1.050530411E1,3.004552002E0,-5.326373749E0
7.372282208E0,1.478475494E1,6.470145264E0,-2.257754974E0
7.382310208E0,2.102512802E1,1.025068359E1,9.554631042E-1
7.392339208E0,2.622426636E1,1.231818420E1,3.873644714E0
7.402367208E0,2.883034698E1,1.265633102E1,5.149591370E0
7.412395208E0,2.863844604E1,1.374920837E1,5.689368896E0
7.422423208E0,2.572550354E1,1.372959915E1,6.286177826E0
7.432451208E0,2.194286957E1,1.218690720E1,6.126909027E0
7.442479208E0,1.842742996E1,1.139744888E1,6.476432190E0
7.452508208E0,1.499072662E1,1.095616653E1,7.078629913E0
7.462536208E0,1.193528046E1,1.053778656E1,7.116052094E0
7.472564208E0,9.317823486E0,9.576485596E0,6.564149780E0
7.482592208E0,7.108567657E0,8.297994232E0,5.412295074E0
7.492620208E0,5.118456116E0,7.090904388E0,4.182302856E0
7.502649208E0,3.209924927E0,6.190377045E0,3.358865204E0
7.512677208E0,1.423988800E0,5.509143677E0,2.805765381E0
7.522705208E0,-1.775308228E-1,4.853058014E0,2.467917938E0
7.532733208E0,-1.466201019E0,4.259093170E0,2.269879761E0
7.542761208E0,-2.299817505E0,3.731141052E0,2.180066528E0
7.552790208E0,-2.684068451E0,3.166964264E0,2.206711121E0
7.562818208E0,-2.811004486E0,2.663710785E0,2.361040192E0
7.572846208E0,-2.749632111E0,2.290686493E0,2.469863892E0
7.582874208E0,-2.783910828E0,2.174228668E0,2.451152802E0
7.592902208E0,-2.851869507E0,2.150128784E0,2.326162720E0
7.602930208E0,-2.822081451E0,2.214045868E0,2.205812988E0
7.612959208E0,-2.771636353E0,2.378853149E0,2.202519836E0
7.622987208E0,-2.683619385E0,2.715203705E0,2.512674866E0
7.633015208E0,-2.153272247E0,3.299289093E0,3.133284302E0
7.643043208E0,-1.095871124E0,4.211941223E0,3.880530396E0
7.653071208E0,3.643423462E-1,5.409600677E0,4.832101593E0
7.663100208E0,2.407294006E0,6.853049011E0,5.943989410E0
7.673128208E0,4.703518982E0,8.174201660E0,7.226073303E0
7.683156208E0,7.352859650E0,9.482630768E0,8.403225403E0
7.693184208E0,9.902357941E0,1.070259384E1,9.507030029E0
7.703212208E0,1.163859741E1,1.189710983E1,1.032612671E1
7.713240208E0,1.280122971E1,1.299357971E1,1.030172745E1
7.723269208E0,1.418180878E1,1.316617081E1,9.109905853E0
7.733297208E0,1.561283295E1,1.273955795E1,7.395970001E0
7.743325208E0,1.690240128E1,1.240066269E1,5.571414185E0
7.753353208E0,1.753543488E1,1.240829681E1,3.920646973E0
7.763381208E0,1.761447052E1,1.270692581E1,2.711162109E0
7.773410208E0,1.801458847E1,1.279090118E1,2.067799988E0
7.783438208E0,1.843521378E1,1.228824646E1,1.907183990E0
7.793466208E0,1.810619797E1,1.110301117E1,1.969753876E0
7.803494417E0,1.670481216E1,9.508826294E0,2.206561432E0
7.813522417E0,1.469643860E1,7.747289429E0,2.491269379E0
7.823550417E0,1.252834717E1,6.013894043E0,2.825973358E0
7.833579417E0,1.049557434E1,4.319417725E0,2.959196320E0
7.843607417E0,8.765172729E0,2.765948181E0,2.810705109E0
7.853635417E0,7.295678558E0,1.494192810E0,2.508633270E0
7.863663417E0,6.209836578E0,3.790118408E-1,2.227368164E0
7.873691417E0,5.609884186E0,-7.680528259E-1,1.905986481E0
7.883720417E0,5.335055695E0,-1.884431305E0,1.517693939E0
7.893748417E0,4.945565643E0,-2.916385345E0,9.708810425E-1
7.903776417E0,4.264332275E0,-3.799848175E0,1.727407837E-1
7.913804417E0,3.277733917E0,-4.489314423E0,-6.756948853E-1
7.923832417E0,2.089654541E0,-5.078339539E0,-1.617236938E0
7.933860417E0,7.451504517E-1,-5.536387024E0,-2.596799927E0
7.943889417E0,-4.966671753E-1,-5.803282013E0,-3.473377075E0
7.953917417E0,-1.085841980E0,-5.920039215E0,-4.198319550E0
7.963945417E0,-7.500901794E-1,-6.067931671E0,-4.812791748E0
7.973973417E0,6.002517700E-1,-6.224655762E0,-5.352868652E0
7.984001417E0,2.509531403E0,-6.237978058E0,-5.829477539E0
7.994030417E0,4.362977142E0,-6.055357819E0,-6.206693115E0
8.004058417E0,5.904621277E0,-5.292095032E0,-6.573430481E0
8.014086417E0,7.299869843E0,-4.036506042E0,-6.994355164E0
8.024114417E0,8.310418396E0,-2.440973969E0,-7.052434387E0
8.034142417E0,8.328231354E0,-3.110531616E-1,-6.409970398E0
8.044170417E0,9.216184845E0,3.324885864E0,-4.391867065E0
8.054199417E0,1.290286835E1,7.538024597E0,-1.370699615E0
8.064227417E0,1.958227844E1,1.032433044E1,1.446292419E0
8.074255417E0,2.701836502E1,1.216175949E1,3.643273773E0
8.084283417E0,3.262869827E1,1.410831161E1,4.444108429E0
8.094311417E0,3.428904556E1,1.530148041E1,3.946842499E0
8.104340417E0,3.207799347E1,1.547392181E1,3.142714691E0
8.114368417E0,2.794044754E1,1.517334686E1,2.955304413E0
8.124396417E0,2.363599869E1,1.464165253E1,3.300636292E0
8.134424417E0,1.944920517E1,1.384276382E1,3.545077972E0
8.144452417E0,1.531076111E1,1.274868896E1,3.040327606E0
8.154480417E0,1.144040955E1,1.137080429E1,1.938917999E0
8.164509417E0,7.910001068E0,1.001582199E1,9.571096802E-1
8.174537417E0,4.815935211E0,8.751401367E0,4.135899353E-1
8.184565417E0,2.300715637E0,7.748486938E0,4.014651489E-1
8.194593417E0,4.058061218E-1,7.026837616E0,7.252418518E-1
8.204621417E0,-9.608518982E-1,6.537056122E0,1.060843964E0
8.214649417E0,-1.713786163E0,6.285878448E0,1.165626068E0
8.224678417E0,-2.091301117E0,6.120322723E0,1.121617584E0
8.234706417E0,-2.126627655E0,5.810167694E0,1.125958557E0
8.244734417E0,-2.146236877E0,5.427713013E0,1.218765564E0
8.254762417E0,-2.319277039E0,5.233716431E0,1.403930511E0
8.264790417E0,-2.721191254E0,5.174589386E0,1.714534607E0
8.274818417E0,-3.317850494E0,5.041965179E0,2.222727814E0
8.284847417E0,-3.816912689E0,4.710704041E0,2.857557678E0
8.294875417E0,-3.838467865E0,4.361480255E0,3.556154938E0
8.304903417E0,-3.683390350E0,4.247118073E0,4.222868500E0
8.314931417E0,-3.340603180E0,4.377796326E0,4.872367859E0
8.324959417E0,-2.459685059E0,4.880600739E0,5.384452972E0
8.334987417E0,-6.435118103E-1,5.737418976E0,5.563929749E0
8.345016417E0,1.228495331E0,6.745422821E0,5.452860718E0
8.355044417E0,2.872227173E0,7.657625885E0,5.355413361E0
8.365072417E0,4.378095703E0,8.476273499E0,5.676645355E0
8.375100417E0,6.455475769E0,9.580227814E0,6.643933868E0
8.385128417E0,9.738448792E0,1.136825958E1,7.733817444E0
8.395157417E0,1.405023239E1,1.306587936E1,7.655530243E0
8.405185417E0,1.819421494E1,1.388587418E1,6.322402496E0
8.415213417E0,2.096330658E1,1.385638550E1,4.363875275E0
8.425241417E0,2.199301529E1,1.324370956E1,2.525398407E0
8.435269417E0,2.159409485E1,1.255903336E1,1.058149567E0
8.445297417E0,2.072290649E1,1.195773376E1,2.216889954E-1
8.455326417E0,2.016890854E1,1.093625793E1,-1.314266968E-1
8.465354417E0,1.986339386E1,9.482032013E0,-1.788780212E-1
8.475382417E0,1.929502579E1,7.894732819E0,-1.688488770E-1
8.485410417E0,1.847862350E1,6.484515381E0,-3.582051086E-1
8.495438417E0,1.721076004E1,5.309458923E0,-6.478527832E-1
8.505466417E0,1.522573792E1,4.234993286E0,-7.948471069E-1
8.515495417E0,1.291050247E1,3.139870605E0,-8.307723999E-1
8.525523417E0,1.060918808E1,2.032323761E0,-7.752378845E-1
8.535551417E0,8.496780853E0,9.330097961E-1,-7.017407227E-1
8.545579417E0,6.747817841E0,-1.269360352E-1,-6.448590088E-1
8.555607417E0,5.345833282E0,-1.188678131E0,-6.686595154E-1
8.565635417E0,4.262086945E0,-2.145039368E0,-7.587721252E-1
8.575664417E0,3.575315094E0,-3.142864380E0,-8.342152405E-1
8.585692417E0,2.985391846E0,-4.084855499E0,-9.045689392E-1
8.595720417E0,2.341281281E0,-4.889132996E0,-1.005010071E0
8.605748417E0,1.594783630E0,-5.509293365E0,-1.244062958E0
8.615776417E0,9.059161377E-1,-5.973029022E0,-1.505269775E0
8.625804417E0,2.047741699E-1,-6.520141296E0,-1.785187683E0
8.635833417E0,-4.999603271E-2,-7.016060028E0,-2.318528595E0
8.645861417E0,6.219566345E-1,-7.197482758E0,-3.127147064E0
8.655889417E0,2.029030609E0,-7.253316650E0,-4.159550171E0
8.665917417E0,3.764521637E0,-7.108268280E0,-5.389841766E0
8.675945417E0,5.050946503E0,-6.500532074E0,-7.036417694E0
8.685973417E0,5.953569489E0,-5.518873444E0,-8.674311676E0
8.696002417E0,6.579567719E0,-3.995491333E0,-9.376950531E0
8.706030417E0,8.602012024E0,-1.174158325E0,-8.034542084E0
8.716058417E0,1.361478790E1,3.034340057E0,-4.787045288E0
8.726086417E0,2.074655731E1,6.928791504E0,-1.362017670E0
8.736114417E0,2.780213516E1,9.389973450E0,1.195713501E0
8.746142417E0,3.325798965E1,1.163156204E1,2.409239960E0
8.756171417E0,3.563759125E1,1.402762939E1,2.506387939E0
8.766199417E0,3.329002304E1,1.543799652E1,2.112706604E0
8.776227417E0,2.798774918E1,1.535701492E1,1.627715149E0
8.786255417E0,2.240376114E1,1.444331497E1,1.309925995E0
8.796283417E0,1.756357635E1,1.346884140E1,6.200106812E-1
8.806311292E0,1.355461304E1,1.244751526E1,-4.532574463E-1
8.816340292E0,1.021251297E1,1.131437164E1,-1.443747711E0
8.826368292E0,7.461084595E0,1.031849258E1,-1.794618073E0
8.836396292E0,5.423970795E0,9.532926178E0,-1.396446075E0
8.846424292E0,4.033961334E0,9.084758148E0,-4.593946838E-1
8.856452292E0,3.016826477E0,8.777896271E0,4.661306763E-1
8.866480292E0,2.343825989E0,8.440647583E0,1.121467896E0
8.876509292E0,1.564247131E0,7.958649902E0,1.435814209E0
8.886537292E0,6.004014587E-1,7.412735138E0,1.443448334E0
8.896565292E0,-3.308120728E-1,6.811585236E0,1.440903625E0
8.906593292E0,-1.163829803E0,6.285878448E0,1.801204376E0
8.916621292E0,-2.046993256E0,5.818699951E0,2.403252411E0
8.926649292E0,-2.961741028E0,5.405858459E0,2.997366943E0
8.936678292E0,-3.481460266E0,5.110223236E0,3.533102875E0
8.946706292E0,-3.468137970E0,5.000950470E0,3.965553589E0
8.956734292E0,-3.189567261E0,4.950655060E0,4.076023865E0
8.966762292E0,-2.938539276E0,4.808450775E0,3.785927124E0
8.976790292E0,-2.520009613E0,4.708309021E0,3.311413879E0
8.986818292E0,-1.220112762E0,5.195845184E0,2.983745270E0
8.996847292E0,4.755610657E-1,6.069428558E0,2.749482422E0
9.006875292E0,2.099234619E0,7.049290924E0,2.749781799E0
9.016903292E0,3.791764984E0,8.665929108E0,3.021766205E0
9.026931292E0,5.669310608E0,1.068313431E1,3.523822174E0
9.036959292E0,7.948171692E0,1.253987320E1,4.402045898E0
9.046987292E0,1.098011673E1,1.363394806E1,5.744903412E0
9.057016292E0,1.382599869E1,1.387674316E1,7.649393005E0
9.067044292E0,1.580967361E1,1.462593521E1,9.279503174E0
9.077072292E0,1.792746964E1,1.512754211E1,9.192084961E0
9.087100292E0,2.011831375E1,1.429991318E1,7.124734039E0
9.097128292E0,2.117781052E1,1.285526733E1,4.056414642E0
9.107156292E0,2.046604065E1,1.186193298E1,1.254241791E0
9.117185292E0,1.890194321E1,1.135179382E1,-9.586065674E-1
9.127213292E0,1.757450363E1,1.070498886E1,-2.261946259E0
9.137241292E0,1.656874512E1,9.627080383E0,-2.610122223E0
9.147269292E0,1.554502396E1,8.231682129E0,-2.147584076E0
9.157297292E0,1.415097290E1,6.647077332E0,-1.325343933E0
9.167325292E0,1.235261261E1,4.884193268E0,-5.625302124E-1
9.177354292E0,1.044198578E1,2.997516632E0,3.622467041E-2
9.187382292E0,8.490194550E0,1.346450043E0,3.101550293E-1
9.197410292E0,6.514752502E0,-1.796264648E-2,3.579057312E-1
9.207438292E0,4.674928436E0,-1.244811401E0,2.481838989E-1
9.217466292E0,3.175346832E0,-2.371817780E0,9.879455566E-2
9.227495292E0,2.216291199E0,-3.338357849E0,-5.613327026E-2
9.237523292E0,1.988614655E0,-4.069736938E0,-2.332150269E-1
9.247551292E0,2.364932098E0,-4.696483612E0,-4.736151123E-1
9.257579292E0,2.678679657E0,-5.351072388E0,-9.163943481E-1
9.267607292E0,2.689906311E0,-6.036347351E0,-1.703607330E0
9.277635292E0,2.348466339E0,-6.575526123E0,-2.431094513E0
9.287664292E0,1.763632507E0,-6.876699829E0,-3.016227722E0
9.297692292E0,1.161285095E0,-6.915020142E0,-3.444337463E0
9.307720292E0,7.807763672E-1,-6.823710022E0,-4.024530945E0
9.317748292E0,1.044527893E0,-6.722370758E0,-4.866679688E0
9.327776292E0,1.838476868E0,-6.332132263E0,-5.800886993E0
9.337804292E0,3.522325287E0,-5.638474731E0,-6.529721375E0
9.347833292E0,5.783074036E0,-4.498295746E0,-6.869215393E0
9.357861292E0,7.608078918E0,-2.914589081E0,-7.160210266E0
9.367889292E0,8.998088379E0,-7.795788574E-1,-7.046746216E0
9.377917292E0,1.087174210E1,2.631378021E0,-5.531746674E0
9.387945292E0,1.504162079E1,7.229965210E0,-2.928061066E0
9.397973292E0,2.228251328E1,1.188872726E1,1.866618347E-1
9.408002292E0,3.113255951E1,1.567181030E1,3.223247223E0
9.418030292E0,3.767201065E1,1.808808563E1,5.495072937E0
9.428058292E0,3.927802094E1,1.892349838E1,6.406228180E0
9.438086292E0,3.537144470E1,1.868369705E1,7.049590302E0
9.448114292E0,2.860237106E1,1.774844193E1,7.357649689E0
9.458142292E0,2.177461945E1,1.659044998E1,6.889423370E0
9.468171292E0,1.619362518E1,1.526360916E1,5.787564697E0
9.478199292E0,1.207868225E1,1.357182724E1,4.301155701E0
9.488227292E0,8.896150360E0,1.166688858E1,2.826422424E0
9.498255292E0,6.169420624E0,9.991273041E0,1.926643524E0
9.508283292E0,3.762425995E0,8.637787628E0,1.836530914E0
9.518311292E0,1.646276550E0,7.559280396E0,2.481539612E0
9.528340292E0,-1.142124939E-1,6.683152313E0,3.295397186E0
9.538368292E0,-1.334025879E0,6.049819336E0,3.853736115E0
9.548396292E0,-2.101629639E0,5.624703369E0,4.014501801E0
9.558424292E0,-2.673889618E0,5.323978729E0,3.913312225E0
9.568452292E0,-2.977158966E0,4.956642609E0,3.354224854E0
9.578480292E0,-3.251538391E0,4.567751312E0,2.718047791E0
9.588509292E0,-3.660637665E0,4.396657104E0,2.252366180E0
9.598537292E0,-4.133055267E0,4.307592316E0,1.592388611E0
9.608565292E0,-4.569697266E0,4.021986237E0,9.753717041E-1
9.618593292E0,-5.071902924E0,3.578757935E0,9.057664490E-1
9.628621292E0,-5.622308350E0,3.009192352E0,1.234931946E0
9.638649292E0,-6.645281067E0,2.812052307E0,1.955533447E0
9.648678292E0,-7.695646820E0,3.300037537E0,3.250041504E0
9.658706292E0,-7.249724121E0,4.248315582E0,3.860921173E0
9.668734292E0,-4.675377502E0,5.514382782E0,3.277284851E0
9.678762292E0,-7.542814636E-1,6.752308502E0,3.005150757E0
9.688790292E0,3.860023041E0,7.811805267E0,3.616778870E0
9.698818292E0,8.201145630E0,8.814570007E0,5.214705963E0
9.708847292E0,1.110570557E1,1.016206787E1,7.830366669E0
9.718875292E0,1.162692169E1,1.136586456E1,1.212763046E1
9.728903292E0,1.051473450E1,1.132799332E1,1.691123291E1
9.738931292E0,9.932145996E0,1.043120819E1,2.003508682E1
9.748959292E0,1.034738251E1,1.025592270E1,2.090343109E1
9.758987292E0,1.354383545E1,1.054257660E1,1.952854019E1
9.769016292E0,1.810215637E1,9.879455566E0,1.652159317E1
9.779044292E0,2.096136063E1,9.267528076E0,1.260408966E1
9.789072292E0,2.143153290E1,9.046886902E0,9.166937256E0
9.799100292E0,2.018926620E1,8.527317352E0,6.447392578E0
9.809128292E0,1.815754120E1,7.810757446E0,4.427343292E0
9.819156292E0,1.581625992E1,6.815028076E0,2.952011261E0
9.829185292E0,1.353096222E1,5.495222626E0,2.379002838E0
9.839213292E0,1.173110504E1,3.992347870E0,2.073188782E0
9.849241292E0,9.931996307E0,2.558180237E0,1.582658844E0
9.859269292E0,8.237969055E0,1.046324158E0,8.177494812E-1
9.869297292E0,6.468798065E0,-4.620890808E-1,7.050338745E-2
9.879325292E0,5.015919342E0,-1.766925659E0,-7.494914246E-1
9.889353292E0,3.719165955E0,-2.812501373E0,-1.774559784E0
9.899382292E0,2.798580322E0,-3.305725708E0,-2.865191803E0
9.909410292E0,2.203867035E0,-3.482807465E0,-3.839665375E0
9.919438292E0,1.856439514E0,-3.551514587E0,-4.526287537E0
9.929466292E0,2.082020416E0,-3.783083038E0,-4.865033112E0
9.939494292E0,2.351310425E0,-4.206552429E0,-4.688849487E0
9.949522292E0,2.660118256E0,-4.388873291E0,-4.428840179E0
9.959551292E0,3.049757996E0,-4.370162201E0,-4.017345886E0
9.969579292E0,3.039579163E0,-4.291425934E0,-3.587589569E0
9.979607292E0,3.281476135E0,-4.292324066E0,-3.232976990E0
9.989635292E0,4.043391724E0,-4.529880066E0,-3.063379669E0
9.999663292E0,4.963079224E0,-4.590653687E0,-3.231480103E0
1.000969129E1,5.876030731E0,-4.448000336E0,-3.685186615E0
1.001972029E1,7.049141235E0,-4.082310791E0,-4.143234100E0
1.002974829E1,9.005722504E0,-3.419040070E0,-4.393064575E0
1.003977629E1,1.127365631E1,-2.553539886E0,-4.644990692E0
1.004980429E1,1.315988388E1,-1.305585022E0,-4.634063416E0
1.005983229E1,1.540087372E1,6.741979980E-1,-3.620521088E0
1.006986029E1,1.870255783E1,2.940036163E0,-1.458117828E0
1.007988929E1,2.276900162E1,5.285658417E0,7.441026306E-1
1.008991729E1,2.747566406E1,7.347770233E0,2.525847473E0
1.009994529E1,3.130410278E1,9.053622894E0,3.413651276E0
1.010997329E1,3.234234375E1,1.051653076E1,2.416724396E0
1.012000129E1,3.230252655E1,1.194605804E1,1.075513458E0
1.013002929E1,2.983430923E1,1.194456116E1,-1.782792664E-1
1.014005829E1,2.560724945E1,1.115884506E1,-3.210823059E-1
1.015008629E1,2.118918686E1,1.065619034E1,2.022294617E-1
1.016011429E1,1.654419617E1,1.034783157E1,1.475930786E0
1.017014229E1,1.233719467E1,1.008243347E1,2.885998535E0
1.018017029E1,8.858728180E0,9.534423065E0,3.714076538E0
1.019019829E1,6.034551086E0,8.720565491E0,3.941753082E0
1.020022729E1,3.745960236E0,7.933502197E0,3.804937592E0
1.021025529E1,1.850451965E0,7.237599335E0,3.624862061E0
1.022028329E1,2.851570129E-1,6.713838501E0,3.641926575E0
1.023031129E1,-7.041357422E-1,6.391408997E0,3.802841949E0
1.024033929E1,-1.172511749E0,6.190826111E0,3.824397125E0
1.025036729E1,-1.260977783E0,6.052064667E0,3.807931366E0
1.026039529E1,-1.358874207E0,5.873785400E0,3.791016541E0
1.027042429E1,-1.558858337E0,5.579347687E0,3.447780304E0
1.028045229E1,-2.232008514E0,5.165458374E0,3.270548859E0
1.029048029E1,-3.115171967E0,4.613256683E0,3.057691498E0
1.030050829E1,-4.183500366E0,4.008963318E0,2.930755463E0
1.031053629E1,-4.967719574E0,3.650458832E0,3.185076599E0
1.032056429E1,-4.781057739E0,3.771407318E0,3.748504944E0
1.033059329E1,-3.743864594E0,4.259991302E0,4.165088654E0
1.034062129E1,-2.223625946E0,4.887935486E0,4.426894226E0
1.035064929E1,1.392105103E-1,5.928870850E0,4.674479370E0
1.036067729E1,3.189716949E0,7.288044434E0,4.896467743E0
1.037070529E1,5.691614227E0,8.318501587E0,4.705315247E0
1.038073329E1,6.845115509E0,9.334139557E0,4.609664154E0
1.039076229E1,7.292984161E0,1.059287201E1,5.756728821E0
1.040079029E1,8.490643616E0,1.227612167E1,8.141868896E0
1.041081829E1,1.092592941E1,1.425066559E1,1.031011002E1
1.042084629E1,1.416429520E1,1.622550888E1,1.091979218E1
1.043087429E1,1.827340027E1,1.712738342E1,9.958491211E0
1.044090229E1,2.102048767E1,1.646950150E1,7.633076935E0
1.045093129E1,2.181683167E1,1.541464508E1,4.946613464E0
1.046095929E1,2.117032608E1,1.483714600E1,3.011886749E0
1.047098729E1,2.003224274E1,1.436098618E1,1.725461884E0
1.048101529E1,1.904055496E1,1.307935135E1,7.864645386E-1
1.049104329E1,1.813493820E1,1.125000549E1,-2.993774414E-3
1.050107129E1,1.680540298E1,8.943901062E0,-6.188131714E-1
1.051110029E1,1.477816864E1,6.375841370E0,-8.723858643E-1
1.052112829E1,1.239302856E1,4.240531769E0,-8.280780029E-1
1.053115629E1,1.016431320E1,2.579885101E0,-3.180885315E-1
1.054118429E1,8.148604889E0,1.204844513E0,3.742218018E-1
1.055121229E1,6.351442108E0,-5.373825073E-2,8.442443848E-1
1.056124029E1,4.961432648E0,-1.132395172E0,1.040336609E0
1.057126829E1,4.021836548E0,-2.222129059E0,8.140072632E-1
1.058129729E1,3.279979248E0,-3.476670227E0,9.400451660E-2
1.059132529E1,3.108885040E0,-4.188440094E0,-5.745053101E-1
1.060135329E1,3.413950653E0,-4.638404388E0,-1.007255402E0
1.061138129E1,3.902384949E0,-5.032235413E0,-1.274449768E0
1.062140929E1,4.165986786E0,-5.426515503E0,-1.606758728E0
1.063143729E1,3.682342529E0,-5.686375122E0,-2.186952209E0
1.064146629E1,2.450104980E0,-6.033203888E0,-2.812052307E0
1.065149429E1,8.957373047E-1,-6.646777954E0,-3.297642517E0
1.066152229E1,-1.887574768E-1,-7.054230652E0,-3.349285126E0
1.067155029E1,-4.323010254E-1,-7.075187073E0,-3.290906525E0
1.068157829E1,3.674858093E-1,-6.632258148E0,-3.659290466E0
1.069160629E1,2.575693817E0,-5.519621887E0,-4.543501740E0
1.070163529E1,5.898184662E0,-3.922592926E0,-5.560337219E0
1.071166329E1,9.137149200E0,-1.973945160E0,-6.393205261E0
1.072169129E1,1.072863968E1,-6.866221619E-1,-8.099057922E0
1.073171929E1,1.037642212E1,6.563850403E-1,-8.121960297E0
1.074174729E1,1.095931000E1,4.033362579E0,-5.382357330E0
1.075177529E1,1.459734467E1,9.013506317E0,-1.833387451E0
1.076180429E1,2.057426559E1,1.342318634E1,3.326083374E-1
1.077183229E1,2.684263046E1,1.546104858E1,9.476792908E-1
1.078186029E1,3.075220047E1,1.572764420E1,2.273771667E-1
1.079188829E1,3.084979752E1,1.612851059E1,-6.393205261E-1
1.080191629E1,2.764720734E1,1.653716080E1,-4.839436340E-1
1.081194417E1,2.273771667E1,1.661844177E1,1.278341675E-1
1.082197317E1,1.834195770E1,1.619587051E1,6.270460510E-1
1.083200117E1,1.506781631E1,1.549607574E1,4.683760071E-1
1.084202917E1,1.243089981E1,1.449869980E1,-4.288581848E-1
1.085205717E1,9.953701172E0,1.310075684E1,-1.520987091E0
1.086208517E1,7.482041016E0,1.167796555E1,-2.368075562E0
1.087211317E1,5.189258881E0,1.053449341E1,-2.837798767E0
1.088214117E1,3.443139954E0,9.864337006E0,-3.001558228E0
1.089217017E1,2.214494934E0,9.596094818E0,-3.057092743E0
1.090219817E1,1.009201355E0,9.287736053E0,-2.990331573E0
1.091222617E1,5.882766724E-2,8.772357788E0,-2.566712494E0
1.092225417E1,-4.767585754E-1,8.114475861E0,-1.741478577E0
1.093228217E1,-7.831713867E-1,7.396868134E0,-7.617658997E-1
1.094231017E1,-9.964778137E-1,6.699767761E0,3.353027344E-2
1.095233917E1,-1.013542328E0,6.044131165E0,6.246510315E-1
1.096236717E1,-8.529263306E-1,5.483247528E0,1.155147858E0
1.097239517E1,-7.045848083E-1,5.092110901E0,1.547332306E0
1.098242317E1,-6.965016174E-1,4.668791199E0,1.862127686E0
1.099245117E1,-9.930349731E-1,4.090244293E0,2.095043335E0
1.100247917E1,-1.706750793E0,3.800297241E0,2.782563629E0
1.101250717E1,-2.312241669E0,3.805236969E0,3.733236694E0
1.102253617E1,-2.287243652E0,4.249812469E0,4.570146332E0
1.103256417E1,-1.234931946E0,5.193899231E0,4.931794281E0
1.104259217E1,6.442602539E-1,6.387666779E0,4.327800293E0
1.105262017E1,2.737507324E0,7.522307281E0,3.325634308E0
1.106264817E1,4.887037354E0,8.941206665E0,3.160827026E0
1.107267617E1,6.653663635E0,1.132410141E1,4.228406982E0
1.108270517E1,8.040978699E0,1.410262344E1,5.601651306E0
1.109273317E1,9.411828003E0,1.637534729E1,7.063661041E0
1.110276117E1,1.190549240E1,1.836351288E1,8.573271790E0
1.111278917E1,1.552316940E1,1.915626434E1,9.043144684E0
1.112281717E1,1.840632385E1,1.844494354E1,7.803123322E0
1.113284517E1,1.953033646E1,1.738918900E1,5.491330719E0
1.114287317E1,1.833866455E1,1.611054794E1,3.597319336E0
1.115290217E1,1.597732498E1,1.492995300E1,2.193538513E0
1.116293017E1,1.380803604E1,1.370250549E1,1.608704681E0
1.117295817E1,1.211999634E1,1.181582886E1,1.350940704E0
1.118298617E1,1.061981598E1,9.470955048E0,1.122964783E0
1.119301417E1,8.796158295E0,7.259004822E0,8.325686646E-1
1.120304217E1,6.867119751E0,5.338049469E0,4.011657715E-1
1.121307117E1,5.282664642E0,3.571872253E0,1.013392639E-1
1.122309917E1,4.155358887E0,1.989662476E0,4.924758911E-2
1.123312717E1,3.510200500E0,5.316943359E-1,2.498304749E-1
1.124315517E1,3.264561310E0,-8.156538391E-1,3.691323853E-1
1.125318317E1,3.237916718E0,-2.124831390E0,2.185455322E-1
1.126321117E1,3.295546875E0,-3.293900299E0,-3.019221497E-1
1.127323917E1,3.311264191E0,-4.280498657E0,-9.535171509E-1
1.128326817E1,3.067271576E0,-5.091362457E0,-1.587448883E0
1.129329617E1,2.510878601E0,-5.548511810E0,-2.215093689E0
1.130332417E1,1.967059479E0,-5.647755432E0,-2.785856781E0
1.131335217E1,1.331481171E0,-5.601202240E0,-3.282224579E0
1.132338017E1,8.108638000E-1,-5.612129517E0,-3.636687469E0
1.133340817E1,5.138813782E-1,-5.567821655E0,-3.973038025E0
1.134343717E1,4.444258118E-1,-5.481301575E0,-4.381089478E0
1.135346517E1,8.809181213E-1,-5.314698029E0,-4.701722717E0
1.136349317E1,2.181713104E0,-4.922363892E0,-4.928800507E0
1.137352117E1,4.353097687E0,-4.079766083E0,-5.222040710E0
1.138354917E1,6.867718506E0,-3.095113678E0,-5.794300690E0
1.139357717E1,9.244176636E0,-2.021845551E0,-6.551725616E0
1.140360517E1,1.042656784E1,-6.298901367E-1,-7.076534271E0
1.141363417E1,1.069271439E1,1.295705566E0,-6.633755035E0
1.142366217E1,1.180594940E1,4.271966400E0,-4.714296570E0
1.143369017E1,1.546479080E1,8.154293060E0,-2.047891388E0
1.144371817E1,2.222099121E1,1.190369614E1,3.562591553E-2
1.145374617E1,2.948358856E1,1.482801498E1,9.967771912E-1
1.146377417E1,3.386033707E1,1.633792511E1,7.921527100E-1
1.147380217E1,3.404939392E1,1.700164490E1,3.872447205E-1
1.148383117E1,3.070220444E1,1.753184235E1,1.170416107E0
1.149385917E1,2.592608643E1,1.765952682E1,2.567311249E0
1.150388717E1,2.155861862E1,1.705777817E1,3.328478394E0
1.151391517E1,1.779529449E1,1.611623611E1,3.400328979E0
1.152394317E1,1.447400116E1,1.487037689E1,2.570604401E0
1.153397117E1,1.152228928E1,1.341300751E1,1.222657471E0
1.154399917E1,8.861422577E0,1.195444061E1,1.633103943E-1
1.155402817E1,6.365961914E0,1.058628571E1,-2.903961182E-1
1.156405617E1,4.386328583E0,9.568552094E0,-1.845661926E-1
1.157408417E1,2.894231415E0,8.801547089E0,3.568579102E-1
1.158411217E1,1.692230988E0,8.173902283E0,9.987231445E-1
1.159414017E1,7.394622803E-1,7.533533936E0,1.473086700E0
1.160416817E1,-4.026626587E-2,6.941215668E0,1.869612122E0
1.161419717E1,-4.822970581E-1,6.434669037E0,2.161205750E0
1.162422517E1,-6.897656250E-1,5.991740112E0,2.340083771E0
1.163425317E1,-1.082997894E0,5.528453522E0,2.424358521E0
1.164428117E1,-1.586550751E0,4.953798523E0,2.531685333E0
1.165430917E1,-1.924697571E0,4.495002594E0,2.823877716E0
1.166433717E1,-2.279908905E0,4.252656555E0,3.246748352E0
1.167436517E1,-2.547851715E0,4.124672699E0,3.686982880E0
1.168439317E1,-2.660267944E0,4.139940948E0,4.161047058E0
1.169442217E1,-2.390828247E0,4.488266602E0,4.694387970E0
1.170445017E1,-1.429826660E0,5.201683044E0,5.173990631E0
1.171447817E1,-1.577719116E-1,6.075116730E0,5.521567841E0
1.172450617E1,1.261875916E0,7.555987244E0,5.696553955E0
1.173453417E1,2.913690948E0,9.455686798E0,5.754782867E0
1.174456217E1,5.216202850E0,1.149519562E1,6.248905334E0
1.175459117E1,8.161927185E0,1.370609802E1,7.307653656E0
1.176461917E1,1.159548706E1,1.552361847E1,8.250842285E0
1.177464717E1,1.468491257E1,1.671379349E1,8.223598938E0
1.178467517E1,1.742601242E1,1.680270859E1,6.774163055E0
1.179470317E1,1.947525101E1,1.584844299E1,4.817132721E0
1.180473117E1,2.000410126E1,1.437849976E1,3.007845154E0
1.181476004E1,1.871228760E1,1.300794983E1,1.251697083E0
1.182478804E1,1.659958099E1,1.217298615E1,-6.541397095E-2
1.183481704E1,1.510149628E1,1.139505386E1,-7.325765991E-1
1.184484504E1,1.439900711E1,1.033944901E1,-7.875123596E-1
1.185487304E1,1.398137558E1,9.075178070E0,-5.075944519E-1
1.186490104E1,1.297486862E1,7.656128998E0,-3.742218018E-3
1.187492904E1,1.140553207E1,6.073320465E0,7.436535645E-1
1.188495704E1,9.706415405E0,4.572541351E0,1.558858337E0
1.189498604E1,8.219557343E0,3.155587921E0,2.260898438E0
1.190501404E1,7.097640381E0,1.795965271E0,2.654579773E0
1.191504204E1,6.198160858E0,4.561015320E-1,2.760559387E0
1.192507004E1,5.376669159E0,-7.310797119E-1,2.554438019E0
1.193509804E1,4.747078400E0,-1.742077332E0,2.011217651E0
1.194512604E1,4.381987610E0,-2.611469421E0,1.150657196E0
1.195515404E1,4.150568848E0,-3.282523956E0,1.709445190E-1
1.196518204E1,3.954177246E0,-3.833677826E0,-7.544311523E-1
1.197521104E1,3.542084198E0,-4.383185120E0,-1.678908691E0
1.198523904E1,2.835403748E0,-4.888534241E0,-2.591111755E0
1.199526704E1,1.817670135E0,-5.263354797E0,-3.502716064E0
1.200529504E1,5.870791626E-1,-5.572462006E0,-4.268373871E0
1.201532304E1,-4.608915710E-1,-5.768254852E0,-4.820276184E0
1.202535104E1,-6.521937561E-1,-5.733826447E0,-4.949906616E0
1.203537904E1,4.061054993E-1,-5.411396942E0,-4.998854828E0
1.204540804E1,2.598596191E0,-5.087470551E0,-5.255570984E0
1.205543604E1,5.267396393E0,-4.756658478E0,-5.727838898E0
1.206546404E1,7.108118591E0,-4.241878967E0,-6.321504364E0
1.207549204E1,7.587122498E0,-3.431164856E0,-6.651717682E0
1.208552004E1,6.787185974E0,-1.664987640E0,-6.341712341E0
1.209554804E1,6.476881256E0,1.730102234E0,-5.683980103E0
1.210557604E1,9.558522949E0,5.689219208E0,-4.956792297E0
1.211560504E1,1.724713440E1,9.153315582E0,-4.433330841E0
1.212563304E1,2.616274429E1,1.182765427E1,-4.108955383E0
1.213566104E1,3.208892075E1,1.336151459E1,-4.202061768E0
1.214568904E1,3.427108292E1,1.438568481E1,-4.550237732E0
1.215571704E1,3.314707031E1,1.584305420E1,-2.134112091E0
1.216574504E1,2.908152466E1,1.623748398E1,1.326541443E0
1.217577304E1,2.486284744E1,1.560924042E1,3.729644165E0
1.218580204E1,2.106868744E1,1.470003113E1,5.338648224E0
1.219583004E1,1.755684036E1,1.367466339E1,5.749843140E0
1.220585804E1,1.415321823E1,1.231534012E1,4.899012451E0
1.221588604E1,1.110914841E1,1.084045715E1,3.372037811E0
1.222591404E1,8.413853302E0,9.716444550E0,2.047142944E0
1.223594204E1,5.978717194E0,8.973240051E0,1.156944122E0
1.224597004E1,3.921994171E0,8.399932251E0,7.973918152E-1
1.225599804E1,2.320474548E0,7.873477020E0,8.167016602E-1
1.226602704E1,1.282682648E0,7.423363037E0,1.073717194E0
1.227605504E1,8.446934509E-1,6.970554657E0,1.488504639E0
1.228608304E1,6.565347290E-1,6.500831451E0,1.950743408E0
1.229611104E1,5.069956970E-1,6.135441284E0,2.386187897E0
1.230613904E1,1.929487610E-1,5.905220032E0,2.618804169E0
1.231616704E1,-4.535568237E-1,5.685327301E0,2.589465179E0
1.232619504E1,-1.216819611E0,5.388644257E0,2.448907471E0
1.233622304E1,-1.979184265E0,4.913532257E0,2.410138092E0
1.234625204E1,-2.767594757E0,4.422553253E0,2.624192963E0
1.235628004E1,-3.572471008E0,4.109105072E0,3.110082550E0
1.236630804E1,-4.144581299E0,4.007616119E0,3.794309692E0
1.237633604E1,-4.250411224E0,4.145928497E0,4.659660187E0
1.238636404E1,-3.725003815E0,4.687801666E0,5.560337219E0
1.239639204E1,-1.995799713E0,5.993985443E0,6.098767548E0
1.240642004E1,5.113366699E-1,7.712711334E0,6.101911011E0
1.241644904E1,3.161725159E0,9.297316132E0,5.347030792E0
1.242647704E1,5.668562164E0,1.069466034E1,4.455634460E0
1.243650504E1,7.516319733E0,1.217089050E1,4.312082977E0
1.244653304E1,8.470884705E0,1.383812347E1,5.363795929E0
1.245656104E1,9.426347809E0,1.509086838E1,6.941664734E0
1.246658904E1,1.027777725E1,1.559352310E1,8.537196808E0
1.247661704E1,1.166194885E1,1.559382248E1,9.304351501E0
1.248664504E1,1.450543579E1,1.506901382E1,8.877289581E0
1.249667404E1,1.759531036E1,1.414408722E1,7.819738770E0
1.250670204E1,1.905342819E1,1.304417450E1,6.598278809E0
1.251673004E1,1.907034302E1,1.224588455E1,5.338648224E0
1.252675804E1,2.011412247E1,1.224827957E1,3.805536346E0
1.253678604E1,2.114338211E1,1.206446182E1,2.093247070E0
1.254681404E1,2.029225204E1,1.093835358E1,6.191125488E-1
1.255684204E1,1.785606812E1,9.170978851E0,-1.026864624E-1
1.256687004E1,1.480166977E1,6.975943451E0,-1.788780212E-1
1.257689904E1,1.180639847E1,4.770729218E0,1.160087585E-1
1.258692704E1,9.312285004E0,2.809507599E0,5.421725464E-1
1.259695504E1,7.351063385E0,1.065634003E0,9.490264893E-1
1.260698304E1,5.876180420E0,-4.177812195E-1,1.267713776E0
1.261701104E1,4.774022369E0,-1.566193085E0,1.488055573E0
1.262703904E1,4.128863983E0,-2.461481323E0,1.619182892E0
1.263706704E1,3.862717438E0,-3.268902283E0,1.755998383E0
1.264709604E1,3.835623779E0,-4.071383514E0,1.598974915E0
1.265712404E1,3.829636230E0,-4.830305328E0,1.061293030E0
1.266715204E1,3.675157471E0,-5.441634064E0,2.026785278E-1
1.267718004E1,3.177741852E0,-6.004613342E0,-7.696994019E-1
1.268720804E1,2.238894196E0,-6.478228455E0,-1.594035187E0
1.269723604E1,1.049766998E0,-6.801705780E0,-2.336341553E0
1.270726404E1,-6.541397095E-2,-6.919959869E0,-2.901117096E0
1.271729204E1,-7.500901794E-1,-6.922205200E0,-3.458857269E0
1.272732104E1,-6.792874146E-1,-6.834188232E0,-4.155807953E0
1.273734904E1,4.456233215E-1,-6.657854919E0,-5.026247864E0
1.274737704E1,2.254162445E0,-6.273903351E0,-5.840255127E0
1.275740504E1,3.938160553E0,-5.748945007E0,-6.553671570E0
1.276743304E1,4.744084625E0,-4.621788940E0,-7.313192139E0
1.277746104E1,4.996160431E0,-2.750979309E0,-8.378227386E0
1.278748904E1,5.689219208E0,-6.870712280E-2,-9.296268311E0
1.279751704E1,8.652008057E0,3.481160889E0,-8.691376190E0
1.280754604E1,1.499716324E1,7.078779602E0,-6.147266693E0
1.281757333E1,2.367865997E1,1.012479538E1,-2.838547211E0
1.282760133E1,3.099828873E1,1.272518784E1,3.483256531E-1
1.283762933E1,3.425880844E1,1.533590881E1,2.536026306E0
1.284765733E1,3.331816452E1,1.750444931E1,3.384611664E0
1.285768533E1,2.990346542E1,1.862412094E1,3.128494263E0
1.286771333E1,2.604059830E1,1.864417923E1,2.183808746E0
1.287774133E1,2.248788620E1,1.778511566E1,1.023571472E0
1.288777033E1,1.908665909E1,1.658730652E1,-8.831634521E-2
1.289779833E1,1.568393509E1,1.516855682E1,-9.695338440E-1
1.290782633E1,1.244422211E1,1.355476273E1,-1.423090668E0
1.291785433E1,9.490264893E0,1.197390015E1,-1.261127472E0
1.292788233E1,6.937623138E0,1.060260178E1,-5.162763977E-1
1.293791033E1,4.788093109E0,9.391769714E0,5.273533630E-1
1.294793833E1,3.004252625E0,8.428822174E0,1.625619507E0
1.295796633E1,1.568887482E0,7.845036163E0,2.423011322E0
1.296799533E1,4.950205994E-1,7.300767975E0,2.852617950E0
1.297802333E1,-2.140548706E-1,6.844067688E0,3.037633209E0
1.298805133E1,-8.187973022E-1,6.542145538E0,3.135978699E0
1.299807933E1,-1.557511139E0,6.255940704E0,3.132835236E0
1.300810733E1,-2.432441711E0,5.946085052E0,3.073259125E0
1.301813533E1,-3.450923767E0,5.597160645E0,3.009940796E0
1.302816333E1,-4.347259827E0,5.165009308E0,3.282673645E0
1.303819133E1,-4.937482452E0,4.816234589E0,3.772754517E0
1.304821933E1,-4.914729767E0,4.786446533E0,4.251459045E0
1.305824833E1,-4.278552704E0,4.974455566E0,4.519850922E0
1.306827633E1,-3.672762451E0,5.130281525E0,4.590953064E0
1.307830433E1,-3.218457184E0,5.450465698E0,4.546196136E0
1.308833233E1,-1.741328888E0,6.555467834E0,4.558769989E0
1.309836033E1,1.013093262E0,8.095615082E0,4.771926727E0
1.310838833E1,3.963008881E0,9.515262909E0,4.780908051E0
1.311841633E1,6.170318756E0,1.072040680E1,4.447102203E0
1.312844433E1,7.095544739E0,1.166419418E1,4.700674896E0
1.313847333E1,7.624544678E0,1.286454803E1,6.436914368E0
1.314850133E1,8.839118958E0,1.457189758E1,9.020092621E0
1.315852933E1,1.155058044E1,1.709984070E1,1.100556381E1
1.316855733E1,1.633208725E1,1.890239227E1,1.080842377E1
1.317858533E1,2.231783981E1,1.866872818E1,8.591982880E0
1.318861333E1,2.620720184E1,1.733844452E1,5.393284607E0
1.319864133E1,2.622127258E1,1.599917953E1,2.396217041E0
1.320866933E1,2.361863480E1,1.507260635E1,3.037184143E-1
1.321869733E1,2.110087051E1,1.407343414E1,-7.679031372E-1
1.322872633E1,1.944202011E1,1.247116608E1,-1.153800659E0
1.323875433E1,1.791354858E1,1.034199371E1,-1.188827820E0
1.324878233E1,1.607282639E1,8.130193176E0,-9.798623657E-1
1.325881033E1,1.374980713E1,5.967939606E0,-3.191363525E-1
1.326883833E1,1.130748596E1,3.951033783E0,6.776408386E-1
1.327886633E1,9.116192780E0,2.175276489E0,1.696272583E0
1.328889433E1,7.306456146E0,6.762936401E-1,2.452200623E0
1.329892233E1,5.929768982E0,-5.965095520E-1,2.843337250E0
1.330895133E1,4.984784088E0,-1.781295776E0,2.816542969E0
1.331897933E1,4.583468628E0,-2.892584839E0,2.406844940E0
1.332900733E1,4.614603882E0,-3.900588684E0,1.692680054E0
1.333903533E1,4.863386536E0,-4.709356842E0,9.211843872E-1
1.334906333E1,5.109325104E0,-5.314997406E0,1.354682922E-1
1.335909133E1,4.932991791E0,-5.885610809E0,-6.411167908E-1
1.336911933E1,4.102967834E0,-6.518644409E0,-1.468296661E0
1.337914733E1,2.553539886E0,-7.023993530E0,-2.283501434E0
1.338917533E1,7.164102173E-1,-7.354506226E0,-2.982697449E0
1.339920433E1,-8.319699097E-1,-7.506140900E0,-3.451522522E0
1.340923233E1,-1.602717133E0,-7.551197205E0,-3.738625488E0
1.341926033E1,-1.360221405E0,-7.311545563E0,-4.264931030E0
1.342928833E1,5.104385376E-2,-6.888525238E0,-5.144052887E0
1.343931633E1,2.369572449E0,-6.347400513E0,-6.224805450E0
1.344934433E1,4.499792633E0,-5.815855865E0,-7.409292297E0
1.345937233E1,5.914051666E0,-5.283712463E0,-8.216713257E0
1.346940033E1,5.601202240E0,-4.331841888E0,-7.966583405E0
1.347942933E1,3.792214050E0,-2.689008179E0,-6.713838501E0
1.348945733E1,3.667223969E0,3.535647583E-1,-4.873715057E0
1.349948533E1,8.113727417E0,4.462969208E0,-2.521057434E0
1.350951333E1,1.783301605E1,8.074808350E0,-3.956272888E-1
1.351954133E1,2.927372498E1,1.097832047E1,8.887019348E-1
1.352956933E1,3.700350082E1,1.323368042E1,1.341809692E0
1.353959733E1,3.748968979E1,1.438867859E1,1.084943848E0
1.354962533E1,3.156590836E1,1.477322891E1,1.497935028E0
1.355965333E1,2.368359970E1,1.544548096E1,2.446213074E0
1.356968233E1,1.804287964E1,1.678070435E1,3.563639374E0
1.357971033E1,1.662772247E1,1.757345581E1,3.863914948E0
1.358973833E1,1.781759811E1,1.691287949E1,2.507435760E0
1.359976633E1,1.822445206E1,1.574934906E1,6.884184265E-1
1.360979433E1,1.617311783E1,1.466709961E1,-6.267466736E-1
1.361982233E1,1.267159927E1,1.339968521E1,-1.173858948E0
1.362985033E1,8.851094055E0,1.235515732E1,-8.375083923E-1
1.363987833E1,5.349276123E0,1.146091690E1,2.469863892E-2
1.364990633E1,2.565514984E0,1.050530411E1,9.508227539E-1
1.365993533E1,2.920426941E-1,9.481433258E0,1.819017334E0
1.366996333E1,-1.030157776E0,8.723559265E0,2.696342926E0
1.367999133E1,-1.544188843E0,8.075107727E0,3.499722290E0
1.369001933E1,-1.584305420E0,7.444169769E0,4.042792969E0
1.370004733E1,-1.326391754E0,6.869365082E0,4.273762665E0
1.371007533E1,-1.049916687E0,6.302194519E0,4.222718811E0
1.372010333E1,-8.891510010E-1,5.873635712E0,4.020639038E0
1.373013133E1,-1.207089844E0,5.573509827E0,3.865112457E0
1.374015933E1,-2.225871277E0,5.089416504E0,3.718118134E0
1.375018833E1,-3.567980347E0,4.681963806E0,3.544179840E0
1.376021633E1,-4.740043030E0,4.695884857E0,3.595822449E0
1.377024433E1,-4.759203186E0,5.297184448E0,3.635340271E0
1.378027233E1,-3.101550293E0,6.131549377E0,3.658242645E0
1.379030033E1,-6.216572571E-1,6.849905548E0,3.532055054E0
1.380032833E1,1.905986481E0,7.434290314E0,3.181035004E0
1.381035633E1,3.899391174E0,8.481063538E0,2.858605499E0
1.382038433E1,4.811594238E0,9.829459534E0,2.999911652E0
1.383041233E1,4.909041595E0,1.101723953E1,4.396208038E0
1.384044133E1,6.193520508E0,1.249107468E1,7.125931549E0
1.385046933E1,9.782756653E0,1.455109085E1,9.753118286E0
1.386049733E1,1.544907349E1,1.558618835E1,9.973609772E0
1.387052533E1,2.110131958E1,1.472053848E1,7.305558014E0
1.388055333E1,2.369602386E1,1.342558136E1,3.060086517E0
1.389058133E1,2.231364853E1,1.219154755E1,-1.380130005E0
1.390060933E1,1.891436737E1,1.205158859E1,-4.664150848E0
1.391063733E1,1.662802185E1,1.223286163E1,-6.320456543E0
1.392066533E1,1.593002335E1,1.204081100E1,-6.511758728E0
1.393069333E1,1.607821518E1,1.118923187E1,-5.522016907E0
1.394072233E1,1.570549026E1,9.761500854E0,-3.821553040E0
1.395075033E1,1.417656967E1,8.028554535E0,-1.952839050E0
1.396077833E1,1.211640381E1,6.329138489E0,-1.125659180E-1
1.397080633E1,1.021505768E1,4.822222137E0,1.549427948E0
1.398083433E1,8.788823547E0,3.494782562E0,2.773582306E0
1.399086233E1,7.708520050E0,2.280507660E0,3.388204193E0
1.400089033E1,6.836134186E0,1.133892059E0,3.412304077E0
1.401091833E1,6.108048248E0,2.918930054E-2,2.919678497E0
1.402094633E1,5.522016907E0,-9.557624817E-1,2.052681427E0
1.403097533E1,5.197042694E0,-1.788181458E0,1.144370270E0
1.404100333E1,4.955894165E0,-2.426005096E0,4.037104797E-1
1.405103133E1,4.700525208E0,-3.187321930E0,-2.284249878E-1
1.406105933E1,4.312232666E0,-4.092639313E0,-8.035290527E-1
1.407108733E1,3.817810822E0,-4.946314087E0,-1.345402222E0
1.408111533E1,2.981200562E0,-5.724246368E0,-1.892065430E0
1.409114333E1,1.852248230E0,-6.329138489E0,-2.330503693E0
1.410117133E1,8.839118958E-1,-6.720724182E0,-2.775079193E0
1.411119933E1,5.965095520E-1,-6.824608154E0,-3.475323029E0
1.412122833E1,1.114133148E0,-6.649921417E0,-4.498445435E0
1.413125633E1,2.255060577E0,-6.366860046E0,-5.690416718E0
1.414128433E1,3.731739807E0,-5.984255676E0,-6.634802856E0
1.415131233E1,4.852309570E0,-4.979395294E0,-6.929839325E0
1.416134033E1,5.359904022E0,-3.450474701E0,-7.026687927E0
1.417136833E1,5.182223511E0,-1.383872223E0,-6.933132477E0
1.418139633E1,5.801485748E0,2.291734314E0,-6.027515717E0
1.419142433E1,8.962312775E0,6.855444031E0,-3.815266113E0
1.420145233E1,1.457025101E1,1.087548431E1,-1.118025055E0
1.421148133E1,2.155966644E1,1.400218231E1,9.901908875E-1
1.422150933E1,2.813998260E1,1.702828949E1,2.182162170E0
1.423153733E1,3.163760925E1,1.935714661E1,2.359094238E0
1.424156533E1,3.072405899E1,2.038895096E1,2.020648041E0
1.425159333E1,2.654639648E1,2.006831772E1,2.248474274E0
1.426162133E1,2.178524734E1,1.944965424E1,3.008593597E0
1.427164933E1,1.773766434E1,1.872935211E1,3.515140228E0
1.428167733E1,1.478744934E1,1.734937180E1,3.222798157E0
1.429170533E1,1.225471619E1,1.543455368E1,2.368973694E0
1.430173333E1,9.961784363E0,1.366268829E1,1.698068848E0
1.431176133E1,7.847281494E0,1.209005859E1,1.517095184E0
1.432179033E1,5.810467072E0,1.062340851E1,1.639839935E0
1.433181833E1,4.062252502E0,9.280550995E0,1.855391693E0
1.434184633E1,2.569107513E0,8.100105743E0,2.070494385E0
1.435187433E1,1.420845337E0,7.110214233E0,2.193239136E0
1.436190233E1,6.554869080E-1,6.293811951E0,2.260299683E0
1.437193033E1,-2.978805542E-2,5.549110565E0,2.259102173E0
1.438195833E1,-7.352709961E-1,4.860692139E0,2.234104156E0
1.439198633E1,-1.428778839E0,4.177363129E0,2.153721313E0
1.440201433E1,-1.936073914E0,3.573369141E0,2.173031158E0
1.441204233E1,-2.537822571E0,3.208877106E0,2.212399292E0
1.442207133E1,-3.317102051E0,2.876717834E0,2.302212524E0
1.443209933E1,-4.164340210E0,2.464475098E0,2.615061951E0
1.444212733E1,-4.910987549E0,2.145189056E0,3.012485504E0
1.445215533E1,-5.351371765E0,1.899400177E0,3.428769836E0
1.446218333E1,-5.303321686E0,1.976340179E0,3.707190857E0
1.447221133E1,-4.744533691E0,2.531385956E0,3.510350189E0
1.448223933E1,-3.877237244E0,3.285817108E0,2.900368652E0
1.449226733E1,-2.129920807E0,4.390819244E0,2.519710236E0
1.450229533E1,2.534230042E-1,6.245163116E0,2.729124756E0
1.451232333E1,2.775677948E0,8.486152954E0,3.277284851E0
1.452235233E1,4.965474243E0,1.098490677E1,3.992347870E0
1.453238033E1,6.749763794E0,1.329909439E1,5.211712189E0
1.454240833E1,9.258995819E0,1.554232956E1,7.641309814E0
1.455243633E1,1.304641983E1,1.746478180E1,1.004815475E1
1.456246433E1,1.779080383E1,1.787223450E1,1.016371445E1
1.457249233E1,2.140279266E1,1.735790405E1,7.786956940E0
1.458252033E1,2.247755768E1,1.655362656E1,4.591402130E0
1.459254833E1,2.131687134E1,1.535940994E1,1.803150330E0
1.460257633E1,1.891316986E1,1.422926010E1,-2.336640930E-1
1.461260433E1,1.698562820E1,1.286469772E1,-1.555116119E0
1.462263233E1,1.568692886E1,1.126138184E1,-2.051783295E0
1.463266133E1,1.442610077E1,9.667945404E0,-2.035167847E0
1.464268933E1,1.289792862E1,7.991431732E0,-1.805994415E0
1.465271733E1,1.119297409E1,6.447093201E0,-1.379680939E0
1.466274533E1,9.687704315E0,5.083578644E0,-8.214916992E-1
1.467277333E1,8.575666809E0,3.848646698E0,-3.189866638E-1
1.468280133E1,7.871830444E0,2.735860748E0,4.969665527E-2
1.469282933E1,7.517217865E0,1.784139862E0,1.770817566E-1
1.470285733E1,7.430697784E0,1.070873108E0,1.886077881E-2
1.471288533E1,7.213349762E0,4.920268250E-1,-2.269281006E-1
1.472291333E1,6.795718231E0,-5.433700562E-2,-5.572911072E-1
1.473294233E1,6.187383270E0,-6.800358582E-1,-9.024732971E-1
1.474297033E1,5.506449280E0,-1.309327240E0,-1.197360077E0
1.475299833E1,4.779710541E0,-1.865570526E0,-1.593286743E0
1.476302633E1,4.114793243E0,-2.465073853E0,-2.029629364E0
1.477305433E1,3.448828125E0,-3.228785706E0,-2.412084045E0
1.478308233E1,2.695893860E0,-4.191284180E0,-2.731819153E0
1.479311033E1,2.050286407E0,-5.031936035E0,-2.892135773E0
1.480313833E1,1.774559784E0,-5.533692627E0,-3.034938812E0
1.481316617E1,1.773212585E0,-5.774990845E0,-3.389252014E0
1.482319417E1,1.853296051E0,-5.907914429E0,-3.864364014E0
1.483322317E1,2.133663025E0,-5.991440735E0,-4.431833954E0
1.484325117E1,2.541714478E0,-6.059998169E0,-5.204078064E0
1.485327917E1,2.641556854E0,-6.004014587E0,-6.159690857E0
1.486330717E1,2.215692444E0,-5.595065002E0,-7.061266022E0
1.487333517E1,1.742227020E0,-4.216731262E0,-7.540569305E0
1.488336317E1,3.137176208E0,-1.300046539E0,-7.300917664E0
1.489339117E1,7.561376038E0,2.613265686E0,-6.214476929E0
1.490341917E1,1.437999664E1,6.338269501E0,-4.673132172E0
1.491344717E1,2.264266434E1,9.588909760E0,-3.122806091E0
1.492347517E1,3.071388016E1,1.288041504E1,-2.539319458E0
1.493350317E1,3.579835693E1,1.554487427E1,-2.215243378E0
1.494353217E1,3.623440018E1,1.654434586E1,-1.633852386E0
1.495356017E1,3.372471909E1,1.733275635E1,-1.586999817E0
1.496358817E1,2.966141876E1,1.819900497E1,-2.317181396E-1
1.497361617E1,2.461645981E1,1.793121185E1,7.680528259E-1
1.498364417E1,2.009496231E1,1.687515793E1,7.476951599E-1
1.499367217E1,1.601998627E1,1.529983383E1,6.415658569E-1
1.500370017E1,1.236683304E1,1.355566086E1,4.879852295E-1
1.501372817E1,9.138795776E0,1.193168793E1,7.158114624E-1
1.502375617E1,6.501879272E0,1.038600220E1,1.229842529E0
1.503378417E1,4.338278503E0,8.876541138E0,2.101929016E0
1.504381217E1,2.234104156E0,7.835605774E0,2.985242157E0
1.505384017E1,4.572990417E-1,7.110363922E0,3.728296967E0
1.506386917E1,-7.903564453E-1,6.627917175E0,4.280049591E0
1.507389717E1,-1.749861145E0,5.967640228E0,4.628375244E0
1.508392517E1,-2.470762024E0,5.441184998E0,4.456233215E0
1.509395317E1,-3.353326721E0,5.035827942E0,4.223167877E0
1.510398117E1,-4.131708069E0,4.608167267E0,4.223317566E0
1.511400917E1,-4.663103027E0,4.248165894E0,4.288432159E0
1.512403717E1,-5.010380859E0,4.058659973E0,4.346062317E0
1.513406517E1,-5.033283234E0,3.986959076E0,4.445006561E0
1.514409317E1,-4.997058563E0,4.046086121E0,4.520898743E0
1.515412117E1,-4.915478210E0,4.466711426E0,4.226311340E0
1.516415017E1,-4.317621460E0,4.352049866E0,3.965254211E0
1.517417817E1,-3.361110535E0,4.656217346E0,3.986060944E0
1.518420617E1,-1.804347839E0,6.114035797E0,3.712429962E0
1.519423417E1,8.418493652E-1,7.631879425E0,3.666325836E0
1.520426217E1,3.691473541E0,9.420509949E0,3.586392059E0
1.521429017E1,6.366111603E0,1.076231964E1,3.315754852E0
1.522431817E1,8.665330353E0,1.123803040E1,3.919150085E0
1.523434617E1,9.339827728E0,1.206326431E1,6.795119476E0
1.524437417E1,1.102292770E1,1.383303406E1,1.027029282E1
1.525440217E1,1.549323166E1,1.476095444E1,1.174816956E1
1.526443017E1,2.023566971E1,1.485900055E1,1.160327087E1
1.527445817E1,2.317795120E1,1.375354935E1,1.022314087E1
1.528448717E1,2.439986023E1,1.281784515E1,8.093070374E0
1.529451517E1,2.407503571E1,1.186163361E1,6.337970123E0
1.530454317E1,2.282363800E1,1.011087433E1,5.255421295E0
1.531457117E1,2.055854828E1,8.090825043E0,4.477189636E0
1.532459917E1,1.775353134E1,6.175408173E0,3.672762451E0
1.533462717E1,1.466335739E1,4.236639862E0,2.902913361E0
1.534465517E1,1.169877228E1,2.530936890E0,2.057621155E0
1.535468317E1,9.235345001E0,1.077758789E0,1.157393188E0
1.536471117E1,7.583230591E0,-1.550775146E-1,1.610650635E-1
1.537473917E1,6.493047638E0,-1.232686615E0,-8.430468750E-1
1.538476717E1,5.792654114E0,-2.032473450E0,-1.727407837E0
1.539479517E1,5.439688110E0,-2.477947083E0,-2.475701752E0
1.540482417E1,5.161267090E0,-2.770738220E0,-3.036884766E0
1.541485217E1,5.097200317E0,-3.019520874E0,-3.419489136E0
1.542488017E1,5.186115417E0,-3.217409363E0,-3.589535522E0
1.543490817E1,5.137915649E0,-3.438649292E0,-3.629352722E0
1.544493617E1,4.857099609E0,-3.821702728E0,-3.819457397E0
1.545496417E1,4.236340485E0,-4.290228424E0,-4.133803711E0
1.546499217E1,3.243155823E0,-4.710554352E0,-4.132606201E0
1.547502017E1,2.340981903E0,-4.930297394E0,-3.819906464E0
1.548504817E1,1.635648651E0,-5.029241638E0,-3.456162872E0
1.549507617E1,1.278491364E0,-5.102439423E0,-3.296295319E0
1.550510417E1,1.529519348E0,-5.062622223E0,-3.442690887E0
1.551513317E1,2.284249878E0,-4.983736267E0,-3.914360046E0
1.552516117E1,3.707041168E0,-4.562362518E0,-4.560416565E0
1.553518917E1,5.309159546E0,-3.558699646E0,-5.228926392E0
1.554521717E1,7.053631897E0,-2.243085480E0,-5.856271820E0
1.555524517E1,9.136550446E0,-3.667373657E-1,-5.980962524E0
1.556527317E1,1.203138062E1,2.421514435E0,-5.026547241E0
1.557530117E1,1.606863510E1,5.641767883E0,-2.821931763E0
1.558532917E1,2.054612411E1,8.287815399E0,-2.303709412E-1
1.559535717E1,2.434836731E1,1.007584717E1,1.924547882E0
1.560538517E1,2.648068314E1,1.155971146E1,3.495531006E0
1.561541317E1,2.698184097E1,1.320673645E1,4.693340149E0
1.562544117E1,2.602503067E1,1.460497879E1,5.724994812E0
1.563546917E1,2.383927597E1,1.530402512E1,6.452182617E0
1.564549817E1,2.103530685E1,1.540476563E1,6.286776581E0
1.565552617E1,1.833746704E1,1.503473511E1,5.177583160E0
1.566555417E1,1.575518692E1,1.389934616E1,3.740421753E0
1.567558217E1,1.263447647E1,1.231758545E1,2.415077820E0
1.568561017E1,9.135502625E0,1.089539291E1,1.426533508E0
1.569563817E1,5.791905670E0,9.945617981E0,9.379495239E-1
1.570566617E1,3.347189484E0,8.733887787E0,9.367520142E-1
1.571569417E1,1.658251648E0,8.175099792E0,1.281784515E0
1.572572217E1,5.791456604E-1,8.185278625E0,1.864971771E0
1.573575017E1,9.729766846E-3,7.759863281E0,2.401306458E0
1.574577817E1,-5.420228577E-1,7.193141785E0,2.629432068E0
1.575580617E1,-1.133143616E0,6.684948578E0,2.825973358E0
1.576583517E1,-1.625469818E0,6.243815918E0,3.050955505E0
1.577586317E1,-2.036964111E0,5.929768982E0,3.091970215E0
1.578589117E1,-2.513572998E0,5.581593018E0,3.044369202E0
1.579591917E1,-2.913092194E0,5.233716431E0,3.039728851E0
1.580594717E1,-3.159479828E0,5.092709656E0,3.061284027E0
1.581597492E1,-3.269351349E0,5.066514130E0,3.065325623E0
1.582600292E1,-3.354823608E0,5.112767944E0,3.054697723E0
1.583603092E1,-2.705623627E0,5.495671692E0,3.380270691E0
1.584605892E1,-1.364412689E0,6.321354675E0,4.180506592E0
1.585608692E1,5.475613403E-1,7.477849731E0,4.820874939E0
1.586611492E1,3.005899200E0,8.933722229E0,5.250331879E0
1.587614292E1,5.458548889E0,1.041983185E1,5.612728271E0
1.588617092E1,7.342082062E0,1.142020157E1,6.204747162E0
1.589619992E1,9.488468628E0,1.238659195E1,7.949668579E0
1.590622792E1,1.257205627E1,1.431293610E1,1.029035110E1
1.591625592E1,1.743589188E1,1.625933853E1,1.130224686E1
1.592628392E1,2.318768097E1,1.632969223E1,9.616452484E0
1.593631192E1,2.644056656E1,1.489627304E1,5.839806061E0
1.594633992E1,2.546669174E1,1.294882278E1,1.395547943E0
1.595636792E1,2.205154358E1,1.155866364E1,-2.051633606E0
1.596639592E1,1.866049530E1,1.068463120E1,-4.001778259E0
1.597642392E1,1.649554733E1,9.787846069E0,-4.465364227E0
1.598645192E1,1.512050674E1,8.662037201E0,-4.041296082E0
1.599647992E1,1.378872620E1,7.121740265E0,-3.400778046E0
1.600650792E1,1.199620377E1,5.383854218E0,-2.693798218E0
1.601653592E1,9.879754944E0,3.726949768E0,-1.971999207E0
1.602656492E1,7.964188385E0,2.303410034E0,-1.191971283E0
1.603659292E1,6.520590363E0,1.084943848E0,-3.606001282E-1
1.604662092E1,5.634732513E0,1.466949463E-1,2.272274780E-1
1.605664892E1,5.065915375E0,-4.965174866E-1,4.526586914E-1
1.606667692E1,4.744084625E0,-9.851014709E-1,2.525248718E-1
1.607670492E1,4.763244781E0,-1.358125763E0,-2.957849121E-1
1.608673292E1,4.932542725E0,-1.642833710E0,-1.022224274E0
1.609676092E1,4.856500854E0,-2.091001740E0,-1.783391418E0
1.610678892E1,4.309538269E0,-2.848127289E0,-2.396815796E0
1.611681692E1,3.432661743E0,-3.765270081E0,-2.848426666E0
1.612684492E1,2.367626495E0,-4.590054932E0,-3.065175934E0
1.613687292E1,1.314566345E0,-5.259163513E0,-3.180585938E0
1.614690092E1,5.760021973E-1,-5.751938782E0,-3.094215546E0
1.615692992E1,1.749861145E-1,-6.093678131E0,-2.781665497E0
1.616695792E1,4.697232056E-1,-6.287225647E0,-2.533780975E0
1.617698592E1,1.556313629E0,-6.283633118E0,-2.711311798E0
1.618701392E1,3.040926361E0,-6.135590973E0,-3.386856995E0
1.619704192E1,4.583318939E0,-5.636079712E0,-4.325105896E0
1.620706992E1,5.447920990E0,-4.871020660E0,-5.586981812E0
1.621709792E1,5.721851349E0,-4.024680634E0,-6.823410645E0
1.622712592E1,5.943690033E0,-2.744243317E0,-6.937623138E0
1.623715392E1,7.205565948E0,6.286926270E-2,-5.094954987E0
1.624718192E1,1.094404175E1,4.378694458E0,-2.128423920E0
1.625720992E1,1.682231781E1,8.366401978E0,2.628533936E-1
1.626723792E1,2.340368179E1,1.105990082E1,1.503174133E0
1.627726592E1,2.912493439E1,1.394515091E1,1.954635315E0
1.628729392E1,3.251209076E1,1.736419098E1,2.425705719E0
1.629732292E1,3.192126938E1,1.979528549E1,3.182831268E0
1.630735092E1,2.783102509E1,2.032323761E1,3.804638214E0
1.631737892E1,2.295072372E1,2.013268387E1,4.255500641E0
1.632740692E1,1.873369308E1,1.967538483E1,4.131109314E0
1.633743492E1,1.553035446E1,1.852323074E1,2.977009277E0
1.634746292E1,1.265947449E1,1.660257477E1,1.160087585E0
1.635749092E1,9.583371277E0,1.446891174E1,-2.724334717E-1
1.636751892E1,6.529421997E0,1.253104156E1,-6.797364807E-1
1.637754692E1,3.861070862E0,1.102442459E1,-1.127156067E-1
1.638757492E1,1.890119476E0,9.784403229E0,8.403524780E-1
1.639760292E1,5.914201355E-1,8.783883820E0,1.641037445E0
1.640763092E1,-2.694396973E-1,7.846682739E0,2.101629639E0
1.641765892E1,-9.095086670E-1,6.902446289E0,2.320624237E0
1.642768692E1,-1.412911835E0,6.144871674E0,2.404599609E0
1.643771592E1,-1.815724182E0,5.497018890E0,2.503543854E0
1.644774392E1,-2.182461548E0,4.947062531E0,2.628084869E0
1.645777192E1,-2.927761688E0,4.564158783E0,2.827769623E0
1.646779992E1,-3.743265839E0,4.390968933E0,2.945724335E0
1.647782792E1,-4.384831696E0,4.140988770E0,3.058140564E0
1.648785592E1,-4.739444275E0,3.943848724E0,3.333268433E0
1.649788392E1,-4.446503448E0,4.160448303E0,3.765270081E0
1.650791192E1,-3.655697937E0,4.706213379E0,4.103416901E0
1.651793992E1,-2.416874084E0,5.364843750E0,4.244573364E0
1.652796792E1,-9.035211182E-1,6.080954590E0,4.247567139E0
1.653799592E1,7.357200623E-1,7.229815521E0,4.183799744E0
1.654802392E1,2.501148834E0,8.901988220E0,4.336033173E0
1.655805192E1,5.016667786E0,1.119387222E1,4.695435791E0
1.656808092E1,7.914940796E0,1.323547668E1,5.387746124E0
1.657810892E1,1.065184937E1,1.430260757E1,6.250252533E0
1.658813692E1,1.320823334E1,1.561238388E1,7.070846100E0
1.659816492E1,1.555280777E1,1.694820602E1,7.505392456E0
1.660819292E1,1.752540573E1,1.669897430E1,6.682553558E0
1.661822092E1,1.848550919E1,1.540117310E1,4.791685638E0
1.662824892E1,1.832444412E1,1.416339706E1,3.097359009E0
1.663827692E1,1.724503876E1,1.323727295E1,1.982627106E0
1.664830492E1,1.582449280E1,1.215637070E1,1.193468170E0
1.665833292E1,1.446457077E1,1.085348007E1,6.135740662E-1
1.666836092E1,1.336690338E1,9.488917694E0,1.396595764E-1
1.667838892E1,1.248478775E1,8.216862946E0,-1.898052979E-1
1.668841692E1,1.133188522E1,6.875801697E0,-3.376977539E-1
1.669844492E1,1.002300705E1,5.484145660E0,-3.749702454E-1
1.670847392E1,8.659642181E0,4.159849548E0,-3.357518005E-1
1.671850192E1,7.372019806E0,2.949466553E0,-2.377056885E-1
1.672852992E1,6.256838837E0,1.794468384E0,-1.410067749E-1
1.673855792E1,5.249134369E0,6.310876465E-1,-2.456391907E-1
1.674858592E1,4.408332825E0,-5.406756592E-1,-5.526507568E-1
1.675861392E1,3.712429962E0,-1.624421997E0,-1.045426025E0
1.676864192E1,3.457061005E0,-2.427801361E0,-1.670526123E0
1.677866992E1,3.534599762E0,-2.988984375E0,-2.159409485E0
1.678869792E1,3.501368866E0,-3.445385284E0,-2.470312958E0
1.679872592E1,3.068319397E0,-3.988156586E0,-2.636467438E0
1.680875392E1,2.117346954E0,-4.581522675E0,-2.581381989E0
1.681878258E1,1.355730743E0,-5.028493195E0,-2.424358521E0
1.682881058E1,9.834548950E-1,-5.290897522E0,-2.189646606E0
1.683883958E1,1.371897125E0,-5.345384216E0,-2.279010773E0
1.684886758E1,2.312241669E0,-5.179080048E0,-2.987786865E0
1.685889558E1,3.814517670E0,-4.764741669E0,-4.021686859E0
1.686892358E1,5.498515778E0,-4.123924255E0,-4.865182800E0
1.687895158E1,7.048093414E0,-3.130290527E0,-5.601501617E0
1.688897958E1,8.079748077E0,-1.797911224E0,-6.179599457E0
1.689900758E1,8.296197968E0,-4.685256958E-2,-6.417005768E0
1.690903558E1,8.637937317E0,2.982248383E0,-5.494623871E0
1.691906358E1,1.129042145E1,7.160210266E0,-3.041824493E0
1.692909158E1,1.730671051E1,1.101604202E1,-2.624043274E-1
1.693911958E1,2.535741898E1,1.374082581E1,1.810934143E0
1.694914758E1,3.148238205E1,1.589694214E1,2.672692108E0
1.695917558E1,3.253424469E1,1.746732651E1,2.775827637E0
1.696920358E1,2.885519531E1,1.819196960E1,2.718796234E0
1.697923258E1,2.327150665E1,1.806892548E1,2.577041016E0
1.698926058E1,1.810844330E1,1.739547592E1,1.713786163E0
1.699928858E1,1.442235855E1,1.617162094E1,7.304809570E-2
1.700931658E1,1.232866241E1,1.460423035E1,-1.604513397E0
1.701934458E1,1.059137512E1,1.299118469E1,-2.709665222E0
1.702937258E1,8.481811981E0,1.137364838E1,-3.254232788E0
1.703940058E1,6.136938171E0,9.886640625E0,-3.257675629E0
1.704942858E1,3.839066620E0,8.664282532E0,-2.712060242E0
1.705945658E1,1.975891113E0,7.708070984E0,-1.858086090E0
1.706948458E1,6.972500610E-1,6.946454773E0,-9.976753235E-1
1.707951258E1,-9.355545044E-2,6.359674988E0,-2.809657288E-1
1.708954058E1,-5.421725464E-1,5.899531860E0,2.713856506E-1
1.709956858E1,-7.301815796E-1,5.432503052E0,6.887178040E-1
1.710959658E1,-7.999365234E-1,5.006638641E0,1.076860657E0
1.711962558E1,-8.262817383E-1,4.611759796E0,1.407223663E0
1.712965358E1,-1.093625793E0,4.198618927E0,1.591041412E0
1.713968158E1,-1.875749359E0,3.904330902E0,1.610351257E0
1.714970958E1,-2.806364136E0,3.681444397E0,1.764830017E0
1.715973758E1,-3.581302643E0,3.616479492E0,2.296224976E0
1.716976558E1,-4.036805420E0,3.787723389E0,3.135529633E0
1.717979358E1,-3.795956268E0,4.394711151E0,4.136049042E0
1.718982158E1,-3.264261932E0,5.423372040E0,4.934338989E0
1.719984958E1,-2.232008514E0,6.854396210E0,5.121150513E0
1.720987758E1,-4.725672913E-1,8.900042267E0,4.646786957E0
1.721990558E1,1.689237213E0,1.137155273E1,3.707041168E0
1.722993358E1,4.356839905E0,1.371238495E1,3.194207611E0
1.723996158E1,6.830296326E0,1.572030945E1,4.026776276E0
1.724998958E1,8.336613922E0,1.747436188E1,6.145320740E0
1.726001758E1,9.297166443E0,1.876961838E1,8.547225952E0
1.727004658E1,1.005429199E1,1.928379913E1,9.979297943E0
1.728007458E1,1.105900269E1,1.907049271E1,9.673932953E0
1.729010258E1,1.269060974E1,1.830199081E1,7.688162384E0
1.730013058E1,1.424482773E1,1.743125153E1,5.504503326E0
1.731015858E1,1.559591812E1,1.652443726E1,3.649710388E0
1.732018658E1,1.662697403E1,1.550835022E1,2.154020691E0
1.733021458E1,1.719429428E1,1.450498672E1,9.651928711E-1
1.734024258E1,1.708382401E1,1.310000839E1,-1.631607056E-1
1.735027058E1,1.604603210E1,1.110839996E1,-1.082249451E0
1.736029858E1,1.413809967E1,8.857081604E0,-1.558858337E0
1.737032658E1,1.179951279E1,6.629114685E0,-1.597178650E0
1.738035458E1,9.534722443E0,4.656965790E0,-1.334924011E0
1.739038258E1,7.482041016E0,3.022514648E0,-1.030008087E0
1.740041058E1,6.103707275E0,1.687440948E0,-8.129594421E-1
1.741043858E1,5.473218384E0,5.340893555E-1,-7.324269104E-1
1.742046758E1,5.229375458E0,-5.783972168E-1,-8.785231018E-1
1.743049558E1,5.330714722E0,-1.543889465E0,-1.209634552E0
1.744052358E1,5.344336395E0,-2.412533112E0,-1.585502930E0
1.745055158E1,5.091362457E0,-3.249442749E0,-1.882185974E0
1.746057958E1,4.590503998E0,-4.081113281E0,-2.092798004E0
1.747060758E1,3.832330627E0,-4.873864746E0,-2.193388824E0
1.748063558E1,2.868934021E0,-5.506149902E0,-2.153421936E0
1.749066358E1,1.894161072E0,-5.932164001E0,-2.051483917E0
1.750069158E1,1.022673340E0,-6.202651520E0,-1.963317261E0
1.751071958E1,3.321592712E-1,-6.268813934E0,-2.128274231E0
1.752074758E1,2.023791504E-1,-6.195765839E0,-2.721041565E0
1.753077558E1,7.801776123E-1,-5.960754547E0,-3.607198792E0
1.754080358E1,2.020198975E0,-5.443729706E0,-4.564158783E0
1.755083158E1,3.871249695E0,-4.660857697E0,-5.211113434E0
1.756085958E1,6.241720276E0,-3.396736450E0,-5.312303009E0
1.757088758E1,7.651338959E0,-1.525627441E0,-5.400170288E0
1.758091658E1,7.645950165E0,6.727011108E-1,-5.615572357E0
1.759094458E1,7.533084869E0,3.955524445E0,-5.231770477E0
1.760097258E1,9.084159393E0,8.029003601E0,-4.294569397E0
1.761100058E1,1.394425278E1,1.151675079E1,-3.500620422E0
1.762102858E1,2.111104935E1,1.412343018E1,-2.816692657E0
1.763105658E1,2.689876373E1,1.631921402E1,-2.159708862E0
1.764108458E1,2.845118546E1,1.755833725E1,-1.890568542E0
1.765111258E1,2.631288208E1,1.816846848E1,-1.328038330E0
1.766114058E1,2.221200989E1,1.822205704E1,-3.891906738E-1
1.767116858E1,1.836965012E1,1.760234573E1,3.996688843E-2
1.768119658E1,1.565758987E1,1.702155350E1,-7.948471069E-2
1.769122458E1,1.402044434E1,1.638866959E1,-4.794529724E-1
1.770125258E1,1.281724640E1,1.529190033E1,-9.629475403E-1
1.771128058E1,1.121557709E1,1.384231476E1,-1.243015137E0
1.772130858E1,9.051078186E0,1.239377701E1,-1.096020813E0
1.773133658E1,6.597380676E0,1.111304031E1,-4.707710266E-1
1.774136558E1,4.324058075E0,1.018047958E1,4.156855774E-1
1.775139358E1,2.481389923E0,9.444909210E0,1.252744904E0
1.776142158E1,1.210083618E0,8.823701019E0,1.839973755E0
1.777144958E1,2.794688416E-1,8.335416412E0,2.286944275E0
1.778147758E1,-6.291416931E-1,7.957602081E0,2.480491791E0
1.779150558E1,-1.382375336E0,7.751480713E0,2.455044708E0
1.780153358E1,-1.836231537E0,7.546856232E0,2.412084045E0
1.781156158E1,-2.217339020E0,7.120542755E0,2.475402374E0
1.782158917E1,-2.813249817E0,6.706204376E0,2.629731445E0
1.783161717E1,-3.461851044E0,6.444398804E0,3.009791107E0
1.784164517E1,-3.935316467E0,6.116281128E0,3.612288208E0
1.785167317E1,-4.189637604E0,5.903274078E0,4.118236084E0
1.786170117E1,-4.258045349E0,5.970184937E0,4.744384003E0
1.787172917E1,-3.998335419E0,6.536607056E0,5.471272430E0
1.788175717E1,-3.092718658E0,7.326514435E0,5.970484314E0
1.789178517E1,-1.351838837E0,8.220605164E0,5.945785675E0
1.790181317E1,1.132095795E0,9.251511383E0,5.575006714E0
1.791184117E1,3.574117584E0,1.047596512E1,5.296136627E0
1.792187017E1,5.598358154E0,1.184561691E1,5.572012939E0
1.793189817E1,7.414232025E0,1.292921356E1,6.436165924E0
1.794192617E1,9.140292664E0,1.388332947E1,7.792345734E0
1.795195417E1,1.137245087E1,1.512409927E1,8.816216583E0
1.796198217E1,1.456396408E1,1.583841385E1,8.365054779E0
1.797201017E1,1.756746826E1,1.544338531E1,6.079906769E0
1.798203817E1,1.912842224E1,1.433044968E1,3.213367767E0
1.799206617E1,1.857487335E1,1.288236099E1,8.825646973E-1
1.800209417E1,1.675810135E1,1.166419418E1,-6.658154297E-1
1.801212217E1,1.495420258E1,1.094838272E1,-1.685345306E0
1.802215017E1,1.368095032E1,1.000399658E1,-2.443069611E0
1.803217817E1,1.286140457E1,8.852740631E0,-2.881058807E0
1.804220617E1,1.204979233E1,7.751480713E0,-2.820584564E0
1.805223417E1,1.096634537E1,6.694678345E0,-2.445764008E0
1.806226217E1,9.584568787E0,5.723946991E0,-2.011367340E0
1.807229017E1,8.210576019E0,4.836442566E0,-1.527573395E0
1.808231817E1,7.057374115E0,3.953279114E0,-9.837542725E-1
1.809234617E1,6.264622650E0,3.056344299E0,-5.770500183E-1
1.810237417E1,5.784121857E0,2.060614929E0,-5.254074097E-1
1.811240317E1,5.483696594E0,1.052461395E0,-8.589138794E-1
1.812243117E1,5.201533356E0,1.990859985E-1,-1.290466461E0
1.813245917E1,4.938081207E0,-5.141807556E-1,-1.692081299E0
1.814248717E1,4.772525482E0,-1.084494781E0,-2.177072754E0
1.815251517E1,4.576732635E0,-1.587299194E0,-2.798280945E0
1.816254317E1,4.034260712E0,-2.258802795E0,-3.328628082E0
1.817257117E1,3.231779480E0,-3.014431458E0,-3.742218018E0
1.818259917E1,2.258653107E0,-3.775149536E0,-4.024980011E0
1.819262717E1,1.380429382E0,-4.444108429E0,-4.116140442E0
1.820265517E1,9.032217407E-1,-4.855303345E0,-4.130211182E0
1.821268317E1,1.105301514E0,-5.020859070E0,-4.349205780E0
1.822271117E1,2.006726990E0,-5.016667786E0,-4.841082916E0
1.823273917E1,3.121608582E0,-5.008285217E0,-5.332510986E0
1.824276717E1,4.024381256E0,-4.979994049E0,-5.708978119E0
1.825279517E1,4.326902161E0,-4.793481903E0,-5.828729095E0
1.826282317E1,4.159550171E0,-3.838617554E0,-5.517526245E0
1.827285117E1,4.508474579E0,-1.566492462E0,-5.104235687E0
1.828287917E1,7.247329102E0,2.216291199E0,-4.610113220E0
1.829290717E1,1.373887985E1,6.416706390E0,-4.290976868E0
1.830293617E1,2.306643311E1,1.001791763E1,-4.704267426E0
1.831296417E1,3.104768600E1,1.279224838E1,-5.854176178E0
1.832299217E1,3.338402756E1,1.485750366E1,-6.870113525E0
1.833302017E1,3.098077515E1,1.634211639E1,-6.968459015E0
1.834304817E1,2.553135727E1,1.696601898E1,-5.317542114E0
1.835307617E1,2.097408417E1,1.692724960E1,-3.700454865E0
1.836310417E1,1.785307434E1,1.626861923E1,-2.782114563E0
1.837313217E1,1.591670105E1,1.527797928E1,-2.410437469E0
1.838316017E1,1.403346725E1,1.401325928E1,-2.296823730E0
1.839318817E1,1.173125473E1,1.255080048E1,-2.125130768E0
1.840321617E1,9.314829712E0,1.123039627E1,-1.722318420E0
1.841324417E1,7.208559723E0,1.040156982E1,-9.901908875E-1
1.842327217E1,5.183570709E0,9.858648834E0,-5.987548828E-3
1.843330017E1,3.387605438E0,9.304950256E0,1.086889801E0
1.844332817E1,2.123334503E0,8.936117249E0,2.172282715E0
1.845335617E1,1.362317047E0,8.723259888E0,3.074306946E0
1.846338417E1,8.961863708E-1,8.398585052E0,3.590134277E0
1.847341217E1,3.820056152E-1,7.877967682E0,3.876638489E0
1.848344017E1,-2.167492676E-1,7.257657623E0,3.968547363E0
1.849346817E1,-8.616082764E-1,6.747518463E0,3.882027283E0
1.850349617E1,-1.396895142E0,6.299649811E0,3.650159454E0
1.851352517E1,-1.908531189E0,5.781726837E0,3.526965637E0
1.852355317E1,-2.642305298E0,5.311255188E0,3.562741241E0
1.853358117E1,-3.436403961E0,5.148992615E0,3.707639923E0
1.854360917E1,-3.864364014E0,5.432952118E0,3.918701019E0
1.855363717E1,-3.472928009E0,5.988297272E0,4.193828888E0
1.856366517E1,-2.246378632E0,6.708749084E0,4.478387146E0
1.857369317E1,-4.483177185E-1,7.413782959E0,4.332141266E0
1.858372117E1,1.685494995E0,8.298742676E0,3.890409851E0
1.859374917E1,4.065845032E0,9.790540466E0,3.628005524E0
1.860377717E1,6.580016785E0,1.162377823E1,3.615281982E0
1.861380517E1,9.232949982E0,1.313159271E1,4.005819855E0
1.862383317E1,1.175011551E1,1.436128555E1,5.170847168E0
1.863386117E1,1.392988266E1,1.547152679E1,6.035000153E0
1.864388917E1,1.563274155E1,1.580952393E1,5.265600128E0
1.865391717E1,1.688653427E1,1.512155457E1,3.031645660E0
1.866394517E1,1.696512085E1,1.399559601E1,1.044378204E0
1.867397317E1,1.598495911E1,1.302351746E1,-7.334747314E-3
1.868400117E1,1.495001129E1,1.237536530E1,-3.647914124E-1
1.869402917E1,1.458926147E1,1.151779861E1,-4.818479919E-1
1.870405717E1,1.458761490E1,1.034977753E1,-7.273374939E-1
1.871408517E1,1.410307251E1,9.056766357E0,-1.056502991E0
1.872411417E1,1.307605820E1,7.885302429E0,-1.045276337E0
1.873414217E1,1.187450684E1,6.738088074E0,-5.620811462E-1
1.874417017E1,1.065619034E1,5.660628662E0,1.185534668E-1
1.875419817E1,9.491312714E0,4.694986725E0,7.072792053E-1
1.876422617E1,8.493487701E0,3.787723389E0,1.070424042E0
1.877425417E1,7.836503906E0,2.817141724E0,1.132993927E0
1.878428217E1,7.426356812E0,1.764830017E0,9.125024414E-1
1.879431017E1,7.037016449E0,8.111631775E-1,4.035607910E-1
1.880433817E1,6.517596588E0,2.395019531E-3,-3.225791931E-1
1.881436654E1,6.069727936E0,-7.313790894E-1,-1.154998169E0
1.882439454E1,5.620961151E0,-1.441352692E0,-1.928140411E0
1.883442254E1,5.146747284E0,-2.239043884E0,-2.521356812E0
1.884445054E1,4.478686523E0,-3.017275543E0,-3.126248932E0
1.885447854E1,3.597019958E0,-3.799848175E0,-3.901636505E0
1.886450654E1,2.629581757E0,-4.659360809E0,-4.604425049E0
1.887453454E1,1.821112976E0,-5.503754883E0,-4.909939728E0
1.888456254E1,1.187330933E0,-6.049519958E0,-4.974156189E0
1.889459054E1,1.087638245E0,-6.405928802E0,-5.374872894E0
1.890461854E1,1.796564026E0,-6.597979431E0,-5.832621002E0
1.891464654E1,3.093167725E0,-6.240971832E0,-6.151457977E0
1.892467454E1,3.933669891E0,-5.592969360E0,-6.493945770E0
1.893470254E1,3.983965302E0,-5.020709381E0,-6.743925934E0
1.894473154E1,3.724405060E0,-3.909869385E0,-7.010671234E0
1.895475954E1,4.781057739E0,-1.217717743E0,-6.683002625E0
1.896478754E1,8.859626312E0,2.896476746E0,-5.108576660E0
1.897481554E1,1.581117050E1,6.904541931E0,-3.196153564E0
1.898484354E1,2.389525955E1,9.459728394E0,-2.275418243E0
1.899487154E1,2.975527359E1,1.137649246E1,-2.365381165E0
1.900489954E1,3.240057266E1,1.349354004E1,-2.959046631E0
1.901492754E1,3.119902130E1,1.494088028E1,-2.754871216E0
1.902495554E1,2.725427444E1,1.532797531E1,-1.144519958E0
1.903498354E1,2.290087738E1,1.512664398E1,5.222639465E-1
1.904501154E1,1.917886734E1,1.480092133E1,1.380429382E0
1.905503954E1,1.627984589E1,1.416579208E1,1.047821045E0
1.906506754E1,1.381507141E1,1.292621979E1,-5.119354248E-2
1.907509554E1,1.118773499E1,1.154459290E1,-9.398954773E-1
1.908512354E1,8.082592163E0,1.021131546E1,-1.223555603E0
1.909515154E1,5.252277832E0,9.182804260E0,-7.937992859E-1
1.910517954E1,3.139571228E0,8.781788177E0,2.589614868E-2
1.911520754E1,1.954785004E0,8.643326111E0,8.009843445E-1
1.912523554E1,1.229692841E0,8.622968445E0,1.523980865E0
1.913526354E1,7.409591675E-1,8.637637939E0,2.177671509E0
1.914529154E1,3.947291565E-1,8.295898590E0,2.782863007E0
1.915531954E1,2.993774414E-2,8.062833252E0,3.399430847E0
1.916534754E1,-5.995033264E-1,7.673193512E0,3.950135651E0
1.917537554E1,-1.542242889E0,7.207661591E0,4.290378113E0
1.918540454E1,-2.454445953E0,6.680457916E0,4.686604156E0
1.919543254E1,-3.258124695E0,6.235133972E0,5.176235962E0
1.920546054E1,-3.637884979E0,5.995632019E0,5.694308624E0
1.921548854E1,-3.746558990E0,6.015390930E0,6.208788757E0
1.922551654E1,-3.380719757E0,6.383176117E0,6.203849030E0
1.923554454E1,-2.263443146E0,6.804849243E0,5.795797577E0
1.924557254E1,-7.595205688E-1,7.259004822E0,5.031037903E0
1.925560054E1,6.701564026E-1,7.888745270E0,3.869453430E0
1.926562854E1,2.103725281E0,8.836574249E0,2.824476471E0
1.927565654E1,3.470982056E0,1.003573059E1,2.208806763E0
1.928568454E1,4.723726959E0,1.133278336E1,2.353555756E0
1.929571254E1,6.128106537E0,1.267848495E1,3.400478668E0
1.930574054E1,8.131989441E0,1.418644913E1,4.889731750E0
1.931576854E1,1.134266281E1,1.604558304E1,5.942791901E0
1.932579654E1,1.487950790E1,1.721944199E1,5.203030243E0
1.933582454E1,1.759830414E1,1.691766953E1,2.397115173E0
1.934585254E1,1.898696640E1,1.582958221E1,-4.677772522E-1
1.935588054E1,1.908920380E1,1.466799774E1,-2.380948792E0
1.936590854E1,1.875285324E1,1.373094635E1,-3.223995667E0
1.937593654E1,1.887455017E1,1.290152115E1,-3.347189484E0
1.938596454E1,1.903052582E1,1.175655212E1,-3.105741577E0
1.939599254E1,1.829675171E1,1.029080017E1,-2.746338959E0
1.940602054E1,1.667981415E1,8.693172455E0,-2.201172638E0
1.941604854E1,1.459015961E1,7.098538513E0,-1.232836304E0
1.942607754E1,1.249092499E1,5.424120483E0,9.909393311E-2
1.943610554E1,1.068088898E1,3.826492767E0,1.410666504E0
1.944613354E1,9.220076752E0,2.458337860E0,2.395169220E0
1.945616154E1,7.903863831E0,1.164278870E0,2.867437134E0
1.946618954E1,6.876550140E0,-5.418731689E-2,2.655328217E0
1.947621754E1,6.246061249E0,-1.231040039E0,1.910327454E0
1.948624554E1,5.846841431E0,-2.338287506E0,7.204518127E-1
1.949627354E1,5.408103790E0,-3.464096375E0,-5.978567505E-1
1.950630154E1,4.585713959E0,-4.447850647E0,-1.920805664E0
1.951632954E1,3.589834900E0,-5.296885071E0,-3.115770721E0
1.952635754E1,2.394271088E0,-6.026916962E0,-4.164639587E0
1.953638554E1,1.118174744E0,-6.516698456E0,-5.013823700E0
1.954641354E1,2.499801636E-2,-6.717880096E0,-5.588478699E0
1.955644154E1,-4.776567078E-1,-6.656807098E0,-5.921386414E0
1.956646954E1,-1.404080200E-1,-6.679709473E0,-6.251150665E0
1.957649754E1,1.068178711E0,-6.821464691E0,-6.771019592E0
1.958652554E1,2.947670288E0,-6.935976563E0,-7.421267395E0
1.959655354E1,4.616250458E0,-6.690337372E0,-8.050109711E0
1.960658154E1,5.295837250E0,-6.237678680E0,-8.340655518E0
1.961660954E1,4.966072998E0,-5.642067261E0,-8.323591003E0
1.962663754E1,3.828438721E0,-3.850892029E0,-7.767497406E0
1.963666554E1,4.858596497E0,-1.052311707E-1,-6.976991272E0
1.964669354E1,9.163943481E0,3.637286224E0,-6.406228180E0
1.965672154E1,1.566627182E1,5.930667114E0,-6.549480286E0
1.966674954E1,2.226455063E1,7.321574707E0,-7.477849731E0
1.967677754E1,2.702405319E1,8.827892303E0,-8.125852203E0
1.968680654E1,2.937985428E1,1.032148636E1,-7.619754639E0
1.969683454E1,2.913915482E1,1.152977371E1,-5.158273315E0
1.970686254E1,2.721415787E1,1.306153839E1,-1.139729919E0
1.971689054E1,2.539648773E1,1.457728638E1,2.740052032E0
1.972691854E1,2.359453491E1,1.551448746E1,5.666017456E0
1.973694654E1,2.151221512E1,1.549906952E1,7.113806763E0
1.974697454E1,1.842728027E1,1.511706390E1,7.535779266E0
1.975700254E1,1.475212280E1,1.418854477E1,7.703730011E0
1.976703054E1,1.122051682E1,1.311318100E1,7.682923279E0
1.977705854E1,7.780969391E0,1.257564880E1,7.670499115E0
1.978708654E1,5.084027710E0,1.182495987E1,7.880213013E0
1.979711454E1,2.927162933E0,1.088162155E1,8.177794189E0
1.980714254E1,1.055604858E0,9.920769653E0,8.368497620E0
1.981716971E1,-2.139051819E-1,9.142388306E0,8.489146729E0
1.982719771E1,-1.095721436E0,8.685987396E0,8.530610504E0
1.983722571E1,-1.833237762E0,8.106093292E0,8.491242371E0
1.984725371E1,-2.399510193E0,7.338639221E0,8.560099182E0
1.985728171E1,-2.964435425E0,6.581663361E0,8.904981995E0
1.986730971E1,-3.553011475E0,5.867498474E0,9.437873840E0
1.987733771E1,-4.018992462E0,5.210364990E0,1.004815475E1
1.988736571E1,-4.063899078E0,4.797523499E0,1.065110092E1
1.989739371E1,-3.601959686E0,4.814737701E0,1.119057907E1
1.990742171E1,-2.732118530E0,5.244943085E0,1.146675476E1
1.991744971E1,-1.430425415E0,5.752537537E0,1.102801712E1
1.992747771E1,7.274871826E-1,6.354435883E0,9.883197784E0
1.993750571E1,3.381767578E0,7.257208557E0,8.644074554E0
1.994753371E1,6.135141907E0,8.518485718E0,7.552245026E0
1.995756171E1,8.900341644E0,1.017733612E1,7.135361938E0
1.996758971E1,1.185175415E1,1.212059509E1,7.851921844E0
1.997761771E1,1.464509537E1,1.388377853E1,8.763376465E0
1.998764571E1,1.780861679E1,1.549906952E1,8.793314209E0
1.999767371E1,2.196262848E1,1.594020218E1,7.511529694E0
2.000770171E1,2.564841385E1,1.472308319E1,5.311404877E0
2.001772971E1,2.759197220E1,1.318712723E1,2.895728302E0
2.002775771E1,2.802172852E1,1.192809540E1,9.988728333E-1
2.003778671E1,2.714575012E1,1.112336884E1,-2.556683350E-1
2.004781471E1,2.559946564E1,1.028930328E1,-1.212478638E0
2.005784271E1,2.356564499E1,8.761430511E0,-2.061213684E0
2.006787071E1,2.060914307E1,6.650819550E0,-2.516117706E0
2.007789871E1,1.707080109E1,4.536166992E0,-2.512974243E0
2.008792671E1,1.337214249E1,2.833906860E0,-2.060465240E0
2.009795471E1,1.010668304E1,1.603166199E0,-1.304237823E0
2.010798271E1,7.656428375E0,6.966513062E-1,-5.737568665E-1
2.011801071E1,6.185736694E0,-1.661544800E-2,-1.059796143E-1
2.012803871E1,5.608986053E0,-6.384223938E-1,7.574249268E-2
2.013806671E1,5.425916748E0,-1.122515717E0,-6.197113037E-2
2.014809471E1,5.422024841E0,-1.570234680E0,-4.537065125E-1
2.015812271E1,5.587730255E0,-2.027982788E0,-9.767189026E-1
2.016815071E1,5.646258545E0,-2.614612885E0,-1.513802032E0
2.017817871E1,5.165608063E0,-3.338208160E0,-2.054328003E0
2.018820671E1,4.106111298E0,-4.170178070E0,-2.485880585E0
2.019823471E1,2.742596741E0,-5.109624481E0,-2.912792816E0
2.020826271E1,1.221909027E0,-5.870342560E0,-3.410208435E0
2.021829071E1,-1.278341675E-1,-6.407575378E0,-3.854634247E0
2.022831871E1,-1.104104004E0,-6.757697296E0,-4.285438385E0
2.023834671E1,-1.561403046E0,-6.943311310E0,-4.592449951E0
2.024837471E1,-1.159189453E0,-6.797664185E0,-4.891378326E0
2.025840271E1,2.968327332E-1,-6.459367676E0,-5.400769043E0
2.026843071E1,2.394869843E0,-6.222560120E0,-6.227649536E0
2.027845871E1,4.172273712E0,-5.893544312E0,-7.193590851E0
2.028848671E1,4.737797699E0,-5.253774719E0,-8.027357025E0
2.029851471E1,3.500171356E0,-4.537663879E0,-8.819360046E0
2.030854271E1,1.660646667E0,-2.912343750E0,-9.060209198E0
2.031857071E1,2.232906647E0,5.333409119E-1,-8.353977814E0
2.032859871E1,7.273674316E0,4.401746521E0,-7.209757233E0
2.033862671E1,1.673654617E1,7.206015015E0,-6.128256226E0
2.034865471E1,2.687840607E1,8.875493317E0,-5.455106049E0
2.035868271E1,3.379462372E1,9.962832184E0,-4.918771362E0
2.036871071E1,3.584026978E1,1.055739578E1,-3.631448364E0
2.037873871E1,3.378669022E1,1.124596390E1,-5.312452698E-1
2.038876671E1,3.059517700E1,1.194066925E1,3.221600647E0
2.039879471E1,2.713631973E1,1.223286163E1,6.824159088E0
2.040882271E1,2.415781357E1,1.231578918E1,9.546996918E0
2.041885071E1,2.154439819E1,1.308833267E1,1.096230377E1
2.042887871E1,1.864866989E1,1.285781204E1,1.093401260E1
2.043890671E1,1.536180496E1,1.095257401E1,9.706864471E0
2.044893471E1,1.145522873E1,9.538764038E0,8.040080566E0
2.045896271E1,7.099286957E0,9.101972351E0,7.100334778E0
2.046899171E1,3.245550842E0,8.906179504E0,6.963070221E0
2.047901971E1,5.291496277E-1,8.520581360E0,7.252418518E0
2.048904771E1,-1.169068909E0,7.979756012E0,7.614964600E0
2.049907571E1,-2.084714813E0,7.624095612E0,7.502548370E0
2.050910371E1,-2.189197540E0,7.453899536E0,6.936725006E0
2.051913171E1,-2.038161621E0,7.432793427E0,6.260281677E0
2.052915971E1,-1.922452240E0,7.299121399E0,5.738017731E0
2.053918771E1,-2.079176331E0,6.877298584E0,5.445975037E0
2.054921571E1,-2.669698334E0,6.320905609E0,5.501659241E0
2.055924371E1,-3.470982056E0,5.691763916E0,5.925428009E0
2.056927171E1,-4.240531769E0,4.996459808E0,6.714586945E0
2.057929971E1,-4.677772522E0,4.515210571E0,7.742798767E0
2.058932771E1,-4.264481964E0,4.582271118E0,8.659342804E0
2.059935571E1,-3.049159241E0,4.964576111E0,8.932973785E0
2.060938371E1,-6.652166748E-1,5.653293915E0,8.521479492E0
2.061941171E1,2.555485840E0,7.035519562E0,7.787406006E0
2.062943971E1,5.906417542E0,8.597820740E0,6.896907806E0
2.063946771E1,9.245074768E0,9.914033661E0,6.209088135E0
2.064949571E1,1.225067459E1,1.068014053E1,6.106251984E0
2.065952371E1,1.436787186E1,1.070304291E1,6.952442322E0
2.066955171E1,1.570025116E1,1.094074860E1,8.342302094E0
2.067957971E1,1.708352463E1,1.154743698E1,9.258995819E0
2.068960771E1,1.854927658E1,1.118429214E1,8.768316193E0
2.069963571E1,1.925116699E1,1.014096176E1,7.139104156E0
2.070966371E1,1.953243210E1,9.503287811E0,5.382656708E0
2.071969171E1,2.001577698E1,9.566606140E0,4.089944916E0
2.072971971E1,2.119756943E1,9.959838409E0,3.052003326E0
2.073974771E1,2.220766891E1,9.878856812E0,2.039957886E0
2.074977571E1,2.200603821E1,9.084009705E0,1.099613342E0
2.075980371E1,2.022683807E1,7.864645386E0,5.391787720E-1
2.076983171E1,1.740370880E1,6.480324097E0,4.671784973E-1
2.077985971E1,1.437071594E1,5.162464600E0,6.342311096E-1
2.078988771E1,1.163695084E1,3.883224792E0,6.680607605E-1
2.079991571E1,9.663005676E0,2.670446777E0,5.843847656E-1
2.080994371E1,8.324788513E0,1.458417206E0,4.180805969E-1
2.081997242E1,7.331005096E0,2.029779053E-1,6.945556641E-2
2.083000042E1,6.597680054E0,-9.000782776E-1,-4.457730103E-1
2.084002842E1,5.917045441E0,-1.865570526E0,-1.193767548E0
2.085005642E1,5.226980438E0,-2.928510132E0,-2.132615204E0
2.086008442E1,4.484374695E0,-4.067940674E0,-3.215613098E0
2.087011242E1,3.620371399E0,-5.090314636E0,-4.312382355E0
2.088014042E1,2.572849731E0,-5.992039490E0,-5.409151611E0
2.089016842E1,1.237476654E0,-6.779551849E0,-6.310726776E0
2.090019642E1,-2.484832764E-1,-7.124135284E0,-6.636898499E0
2.091022442E1,-1.624272308E0,-7.172335052E0,-6.457122345E0
2.092025242E1,-2.433489532E0,-7.211403809E0,-5.971532135E0
2.093028042E1,-2.393223267E0,-7.207960968E0,-5.494025116E0
2.094030842E1,-1.055006104E0,-6.867419128E0,-5.431904297E0
2.095033642E1,1.549427948E0,-6.161038055E0,-6.028713226E0
2.096036442E1,4.669689331E0,-5.357808380E0,-7.046746216E0
2.097039242E1,7.504045258E0,-4.934788055E0,-8.429271240E0
2.098042042E1,8.871002655E0,-4.828958130E0,-9.603878632E0
2.099044842E1,8.847351837E0,-4.546046448E0,-9.607471161E0
2.100047642E1,8.621621246E0,-3.284918976E0,-7.581584015E0
2.101050442E1,1.036893768E1,-9.680369568E-1,-3.942351837E0
2.102053242E1,1.517858597E1,1.524878998E0,-5.014572144E-2
2.103056042E1,2.181817886E1,3.519930267E0,3.066523132E0
2.104058842E1,2.859234192E1,5.705385590E0,4.957241364E0
2.105061642E1,3.359853149E1,8.471333771E0,5.806425476E0
2.106064442E1,3.492866547E1,1.072325089E1,6.682852936E0
2.107067242E1,3.244383270E1,1.188124283E1,7.805518341E0
2.108070042E1,2.810196167E1,1.260049713E1,9.122180328E0
2.109072842E1,2.351490051E1,1.315165100E1,9.872719574E0
2.110075642E1,1.917078415E1,1.327604233E1,9.351353760E0
2.111078442E1,1.553529419E1,1.284927979E1,7.744445343E0
2.112081242E1,1.259316238E1,1.168709656E1,5.751489716E0
2.113084042E1,9.729467468E0,1.050036438E1,4.008065186E0
2.114086842E1,6.824308777E0,9.864037628E0,3.055146790E0
2.115089642E1,4.332440643E0,9.227411499E0,2.862198029E0
2.116092442E1,2.329455872E0,8.834927673E0,3.208278351E0
2.117095242E1,9.458830261E-1,8.676407318E0,3.759432220E0
2.118098042E1,6.242019653E-2,8.449479218E0,4.188440094E0
2.119100842E1,-4.945715332E-1,8.091723175E0,4.357588348E0
2.120103642E1,-9.111552429E-1,7.727380829E0,4.333488464E0
2.121106442E1,-1.319955139E0,7.431745605E0,4.231550446E0
2.122109242E1,-1.910327454E0,7.074288940E0,4.141737213E0
2.123112042E1,-2.521356812E0,6.713239746E0,4.229305115E0
2.124114842E1,-3.064726868E0,6.364614716E0,4.520000610E0
2.125117642E1,-3.611090698E0,5.948480072E0,5.005740509E0
2.126120442E1,-3.931424561E0,5.560636597E0,5.554798737E0
2.127123242E1,-3.749403076E0,5.435646515E0,6.021528168E0
2.128126042E1,-3.160228271E0,5.762416992E0,6.261329498E0
2.129128842E1,-2.795586548E0,6.134243774E0,6.054309998E0
2.130131642E1,-1.675016785E0,6.685098267E0,5.629792786E0
2.131134442E1,5.318440247E-1,7.667056274E0,5.323829041E0
2.132137242E1,3.003653870E0,8.787626038E0,5.064717865E0
2.133140042E1,5.219196625E0,9.831555176E0,5.045258331E0
2.134142842E1,6.809040527E0,1.092892319E1,5.616470490E0
2.135145642E1,8.412057037E0,1.178439423E1,7.081473999E0
2.136148442E1,1.133637589E1,1.322080719E1,9.555080109E0
2.137151242E1,1.586475906E1,1.479463440E1,1.074884766E1
2.138154042E1,2.140518768E1,1.441696976E1,9.079219666E0
2.139156842E1,2.590513000E1,1.258672577E1,6.104904785E0
2.140159642E1,2.802098007E1,1.091590027E1,3.554059296E0
2.141162442E1,2.835508530E1,1.017224670E1,1.636097717E0
2.142165242E1,2.774240936E1,9.643396454E0,2.826123047E-1
2.143168042E1,2.634865768E1,8.885672150E0,-8.101153564E-1
2.144170842E1,2.425690750E1,7.666756897E0,-1.855391693E0
2.145173642E1,2.148557053E1,5.932463379E0,-2.654130707E0
2.146176442E1,1.806383606E1,4.193379822E0,-2.791395264E0
2.147179242E1,1.444945221E1,2.621797943E0,-2.308649139E0
2.148182042E1,1.109507767E1,1.185085602E0,-1.343156891E0
2.149184842E1,8.250393219E0,-2.103126526E-1,-3.029699707E-1
2.150187642E1,6.021827545E0,-1.579515381E0,5.659730530E-1
2.151190542E1,4.384532318E0,-2.737956390E0,1.229243774E0
2.152193242E1,3.439098358E0,-3.607498169E0,1.542242889E0
2.153196042E1,2.876119080E0,-4.397106171E0,1.281784515E0
2.154198842E1,2.526146851E0,-5.260510712E0,4.746629333E-1
2.155201642E1,2.202519836E0,-6.039939880E0,-6.861730957E-1
2.156204542E1,2.148931274E0,-6.508166199E0,-2.040406952E0
2.157207242E1,1.173858948E0,-6.992708588E0,-2.859503632E0
2.158210042E1,-2.133064270E-1,-7.611970825E0,-3.389850769E0
2.159212942E1,-1.289568329E0,-8.125852203E0,-3.716172180E0
2.160215642E1,-1.650318146E0,-7.908055115E0,-4.153712311E0
2.161218542E1,-2.226769409E0,-9.150471497E0,-4.062851257E0
2.162221242E1,-2.404150543E0,-9.815388794E0,-4.396657104E0
2.163224042E1,-1.140777740E0,-9.323960724E0,-5.440885620E0
2.164226842E1,7.183561707E-1,-9.370064850E0,-6.148164825E0
2.165229642E1,2.795736237E0,-9.388476563E0,-6.911277924E0
2.166232442E1,4.227508850E0,-9.083410950E0,-7.657925262E0
2.167235242E1,4.665048981E0,-8.169561310E0,-7.747289429E0
2.168238042E1,5.733527069E0,-6.318660278E0,-6.615193634E0
2.169240842E1,1.039528290E1,-3.456462250E0,-3.963457947E0
2.170243642E1,1.853101456E1,3.718267822E-1,-3.776646423E-1
2.171246442E1,2.673530365E1,3.569626923E0,1.789828033E0
2.172249242E1,3.415881638E1,5.952072601E0,3.315006409E0
2.173252042E1,3.862986877E1,8.159981232E0,3.567531281E0
2.174254842E1,3.970553192E1,1.064571213E1,2.658771057E0
2.175257642E1,3.597962997E1,1.190833649E1,2.551144867E0
2.176260442E1,3.119168655E1,1.232207611E1,2.722089386E0
2.177263242E1,2.709231125E1,1.278117142E1,3.284170532E0
2.178266042E1,2.359707962E1,1.311827042E1,3.850442963E0
2.179268842E1,2.038296341E1,1.318578003E1,4.140539703E0
2.180271642E1,1.697589844E1,1.268746628E1,4.430337067E0
2.181274442E1,1.336720276E1,1.164009430E1,4.656217346E0
2.182277167E1,9.547895050E0,1.091125992E1,5.264701996E0
2.183279967E1,6.028713226E0,1.050410660E1,6.059549103E0
2.184282767E1,3.148103485E0,1.007779312E1,6.666536865E0
2.185285567E1,7.905061340E-1,9.655670929E0,7.085814972E0
2.186288367E1,-6.728507996E-1,9.274413757E0,7.304210815E0
2.187291167E1,-1.257684631E0,9.069190521E0,7.377408600E0
2.188293967E1,-1.147513733E0,8.954528961E0,7.232958984E0
2.189296767E1,-9.385482788E-1,8.836574249E0,6.901697845E0
2.190299567E1,-9.485774231E-1,8.663833466E0,6.364614716E0
2.191302367E1,-1.317260742E0,8.259823608E0,5.598058777E0
2.192305167E1,-1.613943787E0,7.673193512E0,4.854854279E0
2.193307967E1,-1.687141571E0,7.098688202E0,4.335883484E0
2.194310767E1,-1.490600281E0,6.635401611E0,4.206552429E0
2.195313567E1,-5.789959717E-1,6.605014801E0,4.459226990E0
2.196316367E1,9.225315857E-1,6.847660217E0,4.889132996E0
2.197319167E1,2.515369263E0,6.979535980E0,5.006638641E0
2.198321967E1,4.328399048E0,7.240293732E0,4.622537384E0
2.199324767E1,6.386768646E0,7.906408539E0,4.275858307E0
2.200327567E1,8.816366272E0,8.902287598E0,4.516108704E0
2.201330367E1,1.197928894E1,1.018167709E1,5.666466522E0
2.202333167E1,1.567121155E1,1.123309067E1,7.789651337E0
2.203335967E1,1.913066757E1,1.144939087E1,1.044168640E1
2.204338767E1,2.131717072E1,1.127515320E1,1.293056076E1
2.205341567E1,2.292497726E1,1.101604202E1,1.406849442E1
2.206344367E1,2.397534302E1,9.628277893E0,1.305764648E1
2.207347167E1,2.411979263E1,7.676336975E0,1.019754410E1
2.208349967E1,2.319561447E1,6.506519623E0,6.971153412E0
2.209352767E1,2.115640503E1,6.046975250E0,3.948339386E0
2.210355567E1,1.862681534E1,5.954018555E0,1.147364044E0
2.211358367E1,1.615979553E1,5.793252869E0,-8.610095215E-1
2.212361167E1,1.404184982E1,5.367238770E0,-1.763482819E0
2.213363967E1,1.200683167E1,4.605173492E0,-1.633553009E0
2.214366767E1,9.999954987E0,3.655248871E0,-7.388635254E-1
2.215369567E1,8.164172516E0,2.580633545E0,3.706292725E-1
2.216372367E1,6.615792389E0,1.545386353E0,1.367256775E0
2.217375167E1,5.392536163E0,4.349954224E-1,1.930984497E0
2.218377967E1,4.682562561E0,-6.732998657E-1,1.990410919E0
2.219380767E1,4.314627686E0,-1.751058655E0,1.797162781E0
2.220383567E1,3.982917480E0,-2.640209656E0,1.551373901E0
2.221386367E1,3.698209534E0,-3.504811707E0,1.078656921E0
2.222389167E1,3.423381042E0,-4.416565704E0,4.281097412E-1
2.223391967E1,3.324885864E0,-5.340594177E0,-3.227288818E-1
2.224394767E1,3.044369202E0,-6.182593231E0,-1.145418091E0
2.225397567E1,2.400108948E0,-6.713988190E0,-2.049388275E0
2.226400367E1,1.491348724E0,-7.120243378E0,-2.965333557E0
2.227403167E1,-1.841171265E-2,-7.555538177E0,-3.871399384E0
2.228405967E1,-1.620230713E0,-7.784412231E0,-4.867727509E0
2.229408767E1,-1.860181732E0,-7.510930939E0,-5.748495941E0
2.230411567E1,-5.881269836E-1,-6.853797455E0,-6.154900818E0
2.231414367E1,1.743574219E0,-6.209986267E0,-6.156547394E0
2.232417167E1,4.669389954E0,-5.874384155E0,-6.209986267E0
2.233419967E1,7.131470032E0,-5.576802979E0,-6.480773163E0
2.234422767E1,8.242160339E0,-4.752167816E0,-6.932982788E0
2.235425567E1,8.183632050E0,-3.442541199E0,-7.226672058E0
2.236428367E1,8.080496521E0,-1.370849304E0,-6.187383270E0
2.237431167E1,1.027478348E1,2.231709137E0,-3.621568909E0
2.238433967E1,1.528845749E1,6.681655426E0,-6.131250000E-1
2.239436767E1,2.282648209E1,1.055110886E1,1.661245422E0
2.240439567E1,2.988385620E1,1.281979111E1,2.832709351E0
2.241442367E1,3.340977402E1,1.333097809E1,2.454895020E0
2.242445167E1,3.341591125E1,1.333112778E1,1.347048798E0
2.243447967E1,3.105277542E1,1.382375336E1,7.234455872E-1
2.244450767E1,2.724379623E1,1.437984695E1,4.767585754E-1
2.245453567E1,2.370799896E1,1.430829575E1,2.368075562E-1
2.246456367E1,2.101689514E1,1.351359833E1,4.221221924E-2
2.247459167E1,1.804886719E1,1.201760925E1,-3.531156921E-1
2.248461967E1,1.450363953E1,1.051593201E1,-6.855743408E-1
2.249464767E1,1.071546707E1,9.261839905E0,-4.138893127E-1
2.250467567E1,7.214098206E0,7.871231689E0,4.114942932E-1
2.251470367E1,4.207450562E0,6.731950836E0,1.620380402E0
2.252473167E1,1.725461884E0,6.367009735E0,3.084635468E0
2.253475967E1,1.811233521E-2,6.024821320E0,4.654421082E0
2.254478767E1,-8.873547363E-1,5.635930023E0,5.920488281E0
2.255481567E1,-1.337917786E0,5.575306091E0,6.831643524E0
2.256484367E1,-1.062789917E0,6.030659180E0,7.323969727E0
2.257487167E1,-9.125024414E-1,6.459517365E0,7.288493500E0
2.258489967E1,-1.480720825E0,6.537205811E0,6.944359131E0
2.259492767E1,-2.329006805E0,6.401887207E0,6.572083282E0
2.260495567E1,-3.246299286E0,6.161786499E0,6.314768372E0
2.261498367E1,-3.977977753E0,6.099815369E0,6.150859222E0
2.262501167E1,-4.288881226E0,6.244115295E0,5.978118439E0
2.263503967E1,-3.810775452E0,6.580166473E0,5.718109131E0
2.264506767E1,-2.820734253E0,7.051087189E0,5.464536438E0
2.265509567E1,-1.333427124E0,7.674091644E0,5.259762268E0
2.266512367E1,7.990383911E-1,8.538693695E0,4.992118835E0
2.267515167E1,3.292553101E0,9.664951630E0,4.705764313E0
2.268517967E1,5.958209839E0,1.103924377E1,4.718038788E0
2.269520767E1,8.457113342E0,1.217014206E1,5.276377716E0
2.270523567E1,1.076261902E1,1.315449509E1,6.523135071E0
2.271526367E1,1.280796570E1,1.420560928E1,8.314310303E0
2.272529167E1,1.531734741E1,1.520657776E1,1.008408005E1
2.273531967E1,1.905028473E1,1.544937286E1,1.090497299E1
2.274534767E1,2.248998184E1,1.455722809E1,9.986932068E0
2.275537567E1,2.412084045E1,1.315689011E1,7.757617950E0
2.276540367E1,2.419074509E1,1.176523407E1,5.376818848E0
2.277543167E1,2.335503296E1,1.081830322E1,3.561244354E0
2.278545967E1,2.236978180E1,1.003543121E1,2.095043335E0
2.279548767E1,2.107392654E1,8.948541412E0,9.792636108E-1
2.280551567E1,1.948962112E1,7.206763458E0,7.747888184E-1
2.281554267E1,1.743529312E1,4.997807007E0,3.814068604E-1
2.282557108E1,1.455647964E1,2.895428925E0,3.360511780E-1
2.283559908E1,1.191133026E1,1.414109344E0,5.134323120E-1
2.284562708E1,9.553433533E0,4.483177185E-1,7.283853149E-1
2.285565508E1,7.810308380E0,-3.779640198E-1,8.143066406E-1
2.286568308E1,6.668632507E0,-1.232237549E0,6.872209167E-1
2.287571108E1,5.864504700E0,-2.003284149E0,3.384461975E-1
2.288573908E1,5.258115692E0,-2.762954407E0,-1.919009399E-1
2.289576708E1,4.706512756E0,-3.593726807E0,-7.337741089E-1
2.290579508E1,4.231251068E0,-4.456382904E0,-1.157991943E0
2.291582308E1,3.749552765E0,-5.252128143E0,-1.394949188E0
2.292585108E1,3.260370026E0,-5.846092987E0,-1.629511414E0
2.293587908E1,2.628234558E0,-6.330485687E0,-2.161654816E0
2.294590708E1,1.756148071E0,-6.650819550E0,-2.894231415E0
2.295593508E1,7.957452393E-1,-6.655010834E0,-3.495381317E0
2.296596308E1,-1.065783691E-1,-6.767277374E0,-3.830384674E0
2.297599108E1,-2.080673218E-2,-7.050338745E0,-4.630919952E0
2.298601908E1,8.659492493E-1,-7.000941467E0,-4.829856262E0
2.299604708E1,2.662962341E0,-6.805747375E0,-4.744833069E0
2.300607508E1,4.707710266E0,-6.251749420E0,-5.045707397E0
2.301610308E1,6.164780273E0,-5.548212433E0,-5.545368347E0
2.302613108E1,6.468498688E0,-4.735851746E0,-6.184988251E0
2.303615908E1,6.663992157E0,-2.628084869E0,-6.257736969E0
2.304618708E1,8.776848450E0,1.070723419E0,-5.097200317E0
2.305621508E1,1.345177689E1,5.173242188E0,-2.727777557E0
2.306624308E1,2.014241364E1,8.142767029E0,-3.019221497E-1
2.307627108E1,2.764151917E1,1.008767258E1,1.299298096E0
2.308629908E1,3.299079529E1,1.142005188E1,1.875300293E0
2.309632708E1,3.454007355E1,1.247835114E1,1.824256439E0
2.310635508E1,3.239757889E1,1.364277969E1,2.104922791E0
2.311638308E1,2.817336319E1,1.472847198E1,2.569706268E0
2.312641108E1,2.345622253E1,1.504835678E1,2.572550354E0
2.313643908E1,1.916524567E1,1.465841766E1,2.142494659E0
2.314646708E1,1.546853302E1,1.361284195E1,1.397044830E0
2.315649508E1,1.226235031E1,1.204904388E1,6.075865173E-1
2.316652308E1,9.185947723E0,1.063179108E1,3.068618774E-1
2.317655108E1,6.288423157E0,9.773026886E0,6.421646118E-1
2.318657908E1,3.889212341E0,9.031019897E0,1.407373352E0
2.319660708E1,1.998793488E0,8.325836334E0,2.070195007E0
2.320663508E1,7.203021240E-1,7.527097321E0,2.796484680E0
2.321666308E1,-2.757266235E-1,7.311695251E0,3.172951813E0
2.322669108E1,-1.025367737E0,7.387587433E0,3.763773193E0
2.323671908E1,-1.358125763E0,6.896309052E0,4.381538544E0
2.324674708E1,-1.720073090E0,6.362668762E0,4.864733734E0
2.325677508E1,-2.339035950E0,6.004912720E0,5.258864136E0
2.326680308E1,-2.990331573E0,5.733826447E0,5.304968262E0
2.327683108E1,-3.443289642E0,5.672603760E0,4.956043854E0
2.328685908E1,-4.781207428E0,4.891528015E0,5.719007263E0
2.329688708E1,-5.521268463E0,4.879702606E0,5.468727722E0
2.330691508E1,-5.842500458E0,5.506898346E0,5.585335236E0
2.331694308E1,-5.188660126E0,6.178401947E0,5.665119324E0
2.332697108E1,-3.417243805E0,6.875801697E0,5.543422394E0
2.333699908E1,-4.424798584E-1,8.065228271E0,5.405409393E0
2.334702708E1,3.008443909E0,9.294022980E0,4.675377502E0
2.335705508E1,6.358477478E0,1.030996033E1,4.674928436E0
2.336708308E1,8.876092072E0,1.144759460E1,5.426665192E0
2.337711108E1,9.702822876E0,1.210173431E1,6.275250549E0
2.338713908E1,9.948911133E0,1.224857895E1,7.529342651E0
2.339716708E1,1.039154068E1,1.241099121E1,8.942853241E0
2.340719508E1,1.147902924E1,1.321407120E1,1.001567230E1
2.341722308E1,1.404349640E1,1.335373077E1,1.001806732E1
2.342725108E1,1.730790802E1,1.221355179E1,8.537645874E0
2.343727908E1,1.943917603E1,1.091649902E1,5.920637970E0
2.344730708E1,1.981728973E1,1.022673340E1,3.188369751E0
2.345733408E1,1.912438065E1,9.963131561E0,1.165775757E0
2.346736208E1,1.829794922E1,9.621242523E0,-1.079255676E-1
2.347739008E1,1.761012955E1,8.873397675E0,-7.170089722E-1
2.348741808E1,1.659299469E1,7.721692657E0,-9.463320923E-1
2.349744608E1,1.494342499E1,6.320755920E0,-9.990225220E-1
2.350747408E1,1.285511765E1,4.873715057E0,-8.131091309E-1
2.351750208E1,1.070079758E1,3.506757660E0,-3.965254211E-1
2.352753008E1,8.840166779E0,2.250270538E0,1.740879822E-1
2.353755808E1,7.511829071E0,1.156944122E0,6.098318481E-1
2.354758608E1,6.660249939E0,9.520202637E-2,8.099656677E-1
2.355761408E1,6.062842255E0,-1.001866608E0,6.996450806E-1
2.356764208E1,5.635031891E0,-2.109862518E0,3.746708679E-1
2.357767008E1,5.282514954E0,-3.138822784E0,-3.113525391E-2
2.358769808E1,4.847220154E0,-3.984414368E0,-3.637435913E-1
2.359772608E1,4.254153442E0,-4.660109253E0,-5.933660889E-1
2.360775408E1,3.357068939E0,-5.313500519E0,-8.414002991E-1
2.361778208E1,2.183808746E0,-5.992787933E0,-1.249601440E0
2.362781008E1,1.005459137E0,-6.587800598E0,-1.765877838E0
2.363783808E1,2.639012146E-1,-6.798262939E0,-2.271226959E0
2.364786608E1,-2.844085693E-3,-6.777605896E0,-2.759062500E0
2.365789408E1,5.204676819E-1,-6.516099701E0,-3.240910492E0
2.366792208E1,2.106269989E0,-5.980663147E0,-3.800297241E0
2.367795008E1,4.064198456E0,-5.393134918E0,-4.427642670E0
2.368797808E1,5.610333252E0,-4.884043579E0,-5.375022583E0
2.369800608E1,6.315666504E0,-4.365671539E0,-6.289920044E0
2.370803408E1,6.182293854E0,-3.385509796E0,-6.762337646E0
2.371806208E1,6.081703033E0,-1.133442993E0,-6.371500397E0
2.372809008E1,7.921676788E0,2.564167786E0,-4.737498322E0
2.373811808E1,1.290915527E1,6.535559235E0,-2.094444580E0
2.374814608E1,1.987746460E1,9.021290131E0,6.468049622E-1
2.375817408E1,2.676943268E1,9.952204285E0,2.715952148E0
2.376820208E1,3.124542480E1,1.080528030E1,3.709735565E0
2.377823008E1,3.230402344E1,1.211834976E1,4.079915771E0
2.378825808E1,3.070085724E1,1.381088013E1,4.507726135E0
2.379828608E1,2.756173508E1,1.482517090E1,5.182073822E0
2.380831408E1,2.429268311E1,1.491872635E1,5.140909424E0
2.381834208E1,2.127241379E1,1.410172531E1,4.349056091E0
2.382837004E1,1.841934677E1,1.284478912E1,3.050207062E0
2.383839804E1,1.524789185E1,1.165102158E1,1.878144379E0
2.384842604E1,1.166778671E1,1.075184143E1,1.113983459E0
2.385845404E1,8.258027344E0,9.537716217E0,7.494914246E-1
2.386848204E1,5.581293640E0,8.223299561E0,1.150357819E0
2.387851004E1,3.403023376E0,7.568112030E0,2.171534271E0
2.388853704E1,1.646875305E0,6.804250488E0,3.519181824E0
2.389856504E1,2.267784119E-1,5.877228241E0,4.912933502E0
2.390859304E1,-8.325686646E-1,5.580694885E0,5.800288239E0
2.391862104E1,-1.363215179E0,5.576653290E0,6.372997284E0
2.392864904E1,-1.224603424E0,5.370082855E0,6.548133087E0
2.393867704E1,-7.744894409E-1,5.237009583E0,6.022575989E0
2.394870504E1,-1.065184937E0,5.164709930E0,5.056934052E0
2.395873304E1,-2.047292633E0,4.921016693E0,4.134252777E0
2.396876104E1,-3.489992523E0,4.496948547E0,3.453618164E0
2.397878904E1,-5.012177124E0,4.110003204E0,3.202739868E0
2.398881704E1,-5.762117615E0,4.209995270E0,3.434008942E0
2.399884504E1,-5.205574951E0,4.735103302E0,3.992647247E0
2.400887304E1,-3.278482361E0,5.363346863E0,4.431833954E0
2.401890104E1,-5.710624695E-1,6.224057007E0,4.511019287E0
2.402892904E1,2.212099915E0,7.282206573E0,4.130809937E0
2.403895704E1,4.789440308E0,8.495433655E0,3.612587585E0
2.404898504E1,6.304439850E0,9.691895599E0,3.388653259E0
2.405901304E1,6.982529755E0,1.111872849E1,3.815415802E0
2.406904104E1,8.094118195E0,1.281769547E1,5.153034210E0
2.407906904E1,1.045815216E1,1.436727310E1,7.138505402E0
2.408909704E1,1.428524368E1,1.552017563E1,8.699010315E0
2.409912504E1,1.857891495E1,1.581536179E1,8.319549408E0
2.410915304E1,2.155532547E1,1.511137573E1,5.633235626E0
2.411918104E1,2.228954865E1,1.403915543E1,2.192490692E0
2.412920904E1,2.145937500E1,1.327095291E1,-4.752616882E-1
2.413923704E1,2.003478745E1,1.259929962E1,-2.022743683E0
2.414926504E1,1.876886993E1,1.174248138E1,-2.602937164E0
2.415929304E1,1.768856644E1,1.038016434E1,-2.619702301E0
2.416932104E1,1.621009094E1,8.442443848E0,-1.987566833E0
2.417934904E1,1.398631531E1,6.458768921E0,-6.544390869E-1
2.418937704E1,1.120180573E1,4.610711975E0,8.960366821E-1
2.419940404E1,8.614436188E0,2.807262268E0,2.318678284E0
2.420943204E1,6.891968079E0,1.225052490E0,3.532055054E0
2.421946004E1,6.133645020E0,3.353027344E-2,4.244573364E0
2.422948804E1,6.107299805E0,-9.759704590E-1,4.342170410E0
2.423951604E1,6.337371368E0,-1.876946869E0,3.921994171E0
2.424954404E1,6.413413239E0,-2.677781525E0,3.062631226E0
2.425957204E1,6.136788483E0,-3.436254272E0,1.997146912E0
2.426960004E1,5.579048309E0,-4.084107056E0,8.704399109E-1
2.427962804E1,4.801714783E0,-4.691094818E0,-2.221380615E-1
2.428965604E1,3.966002655E0,-5.324727173E0,-1.395847321E0
2.429968404E1,3.064128113E0,-5.922134857E0,-2.481539612E0
2.430971204E1,2.073039093E0,-6.424340515E0,-3.405568085E0
2.431974004E1,1.174308014E0,-6.662046204E0,-4.138294373E0
2.432976804E1,6.966513062E-1,-6.668482819E0,-4.585414581E0
2.433979604E1,9.424401855E-1,-6.650520172E0,-4.769382019E0
2.434982404E1,1.958976288E0,-6.640640717E0,-4.996609497E0
2.435985204E1,3.610641632E0,-6.706054688E0,-5.341492310E0
2.436988004E1,5.423372040E0,-6.530469818E0,-5.819747772E0
2.437990804E1,6.709647217E0,-6.152356110E0,-6.373296661E0
2.438993604E1,7.101532288E0,-5.579647064E0,-6.906188507E0
2.439996404E1,7.015161896E0,-4.321663055E0,-6.992109833E0
2.440999204E1,8.600365448E0,-1.455124054E0,-5.826932831E0
2.442002004E1,1.345102844E1,2.549049225E0,-3.043620758E0
2.443004804E1,2.111404312E1,6.334377594E0,4.700225830E-2
2.444007604E1,2.875954422E1,8.604856110E0,1.875749359E0
2.445010404E1,3.317087082E1,9.893975372E0,2.122436371E0
2.446013104E1,3.335438919E1,1.146241379E1,1.497485962E0
2.447015904E1,3.004926224E1,1.315494415E1,1.573078766E0
2.448018704E1,2.588117981E1,1.432086960E1,2.433040466E0
2.449021504E1,2.247770737E1,1.460393097E1,2.989283752E0
2.450024304E1,2.017324951E1,1.431637894E1,2.783012695E0
2.451027104E1,1.827804062E1,1.362212265E1,1.585951996E0
2.452029904E1,1.593316681E1,1.260768219E1,1.695973206E-1
2.453032704E1,1.275153305E1,1.138891663E1,-8.129594421E-1
2.454035504E1,9.180708618E0,1.010054581E1,-8.496331787E-1
2.455038304E1,5.911207581E0,9.000932465E0,6.301895142E-2
2.456041104E1,3.422033844E0,8.149652710E0,1.307980042E0
2.457043904E1,1.851649475E0,7.590565338E0,2.431244202E0
2.458046704E1,9.777667236E-1,7.132667542E0,3.285817108E0
2.459049504E1,5.288502502E-1,6.812183990E0,3.811523895E0
2.460052304E1,2.170486450E-1,6.543492737E0,3.861070862E0
2.461055104E1,-5.590873718E-1,6.181844788E0,3.554059296E0
2.462057904E1,-1.661544800E0,5.785618744E0,3.099304962E0
2.463060704E1,-2.752176819E0,5.489684143E0,2.739153900E0
2.464063504E1,-3.713777161E0,5.325774994E0,2.591560822E0
2.465066304E1,-4.433779907E0,5.239404602E0,2.747536469E0
2.466069104E1,-4.707410889E0,5.314997406E0,3.180286560E0
2.467071904E1,-4.397704926E0,5.754034424E0,3.636986847E0
2.468074704E1,-3.484753418E0,6.331084442E0,3.848497009E0
2.469077404E1,-2.312690735E0,7.044800262E0,3.888763275E0
2.470080204E1,-8.548722839E-1,8.036188660E0,3.738775177E0
2.471083004E1,1.529669037E0,9.528884583E0,3.474424896E0
2.472085804E1,4.617447968E0,1.117725677E1,3.304378510E0
2.473088604E1,7.362439728E0,1.269195694E1,3.282673645E0
2.474091404E1,9.564959564E0,1.421638687E1,3.776197357E0
2.475094204E1,1.196626602E1,1.542272827E1,5.147046661E0
2.476097004E1,1.448567688E1,1.582209778E1,7.173981628E0
2.477099804E1,1.705418564E1,1.564621353E1,8.813522186E0
2.478102604E1,1.937181610E1,1.487995697E1,8.928932190E0
2.479105404E1,2.038416092E1,1.338426727E1,7.107819214E0
2.480108204E1,1.967987549E1,1.204634949E1,4.704267426E0
2.481111004E1,1.843775848E1,1.108564728E1,3.067720642E0
2.482114154E1,1.794408508E1,1.021386017E1,2.212548981E0
2.483116954E1,1.817909637E1,9.220376129E0,1.439406738E0
2.484119754E1,1.839345062E1,7.978857880E0,5.206173706E-1
2.485122554E1,1.770802597E1,6.424041138E0,-1.688488770E-1
2.486125354E1,1.586416031E1,4.803810425E0,-3.906875610E-1
2.487128154E1,1.336031708E1,3.388802948E0,-2.011816406E-1
2.488130954E1,1.086261108E1,2.192490692E0,2.288740540E-1
2.489133754E1,8.821006622E0,1.031355286E0,6.276448059E-1
2.490136554E1,7.502248993E0,-1.166075134E-1,9.265731812E-1
2.491139254E1,6.662644958E0,-1.131497040E0,9.973759460E-1
2.492142054E1,5.929918671E0,-1.946552124E0,7.235952759E-1
2.493144854E1,5.304369507E0,-2.753074951E0,1.543290710E-1
2.494147654E1,4.845573578E0,-3.620670776E0,-5.677693176E-1
2.495150454E1,4.347559204E0,-4.499942322E0,-1.355131989E0
2.496153254E1,3.420536957E0,-5.384303284E0,-2.137255554E0
2.497156054E1,2.330354004E0,-6.003266144E0,-2.932701416E0
2.498158854E1,1.060095520E0,-6.280639343E0,-3.606749725E0
2.499161654E1,-3.760180664E-1,-6.583908691E0,-3.935615845E0
2.500164454E1,-1.315614166E0,-6.985523529E0,-3.871249695E0
2.501167254E1,-1.455722809E0,-7.276967468E0,-3.514840851E0
2.502170054E1,-2.746788025E-1,-7.203769684E0,-3.314108276E0
2.503172854E1,2.245031433E0,-6.973398743E0,-3.646117859E0
2.504175654E1,4.879852295E0,-6.686744843E0,-4.148323517E0
2.505178454E1,6.791526947E0,-6.148314514E0,-4.859644318E0
2.506181254E1,7.272327118E0,-5.402415619E0,-5.755531311E0
2.507184054E1,6.925797729E0,-4.309538269E0,-6.274502106E0
2.508186854E1,6.599626007E0,-2.421215057E0,-5.843248901E0
2.509189654E1,8.973988495E0,1.035696259E0,-3.929478607E0
2.510192454E1,1.509176651E1,5.200335846E0,-9.741741943E-1
2.511195254E1,2.382580399E1,8.439599762E0,1.504521332E0
2.512198054E1,3.185765167E1,9.931247864E0,2.954106903E0
2.513200854E1,3.585613678E1,1.073223221E1,3.166365509E0
2.514203654E1,3.466940460E1,1.194530960E1,3.581602020E0
2.515206354E1,2.992906219E1,1.304522232E1,5.283413086E0
2.516209154E1,2.475522125E1,1.353665039E1,7.398065643E0
2.517211954E1,2.060300583E1,1.366448456E1,8.754245453E0
2.518214754E1,1.799587738E1,1.345387253E1,8.801397400E0
2.519217554E1,1.633118912E1,1.274344986E1,7.208110657E0
2.520220354E1,1.434556824E1,1.167242706E1,4.790039062E0
2.521223154E1,1.113489487E1,1.078761703E1,2.959944763E0
2.522225954E1,7.507787476E0,9.326954498E0,2.034120026E0
2.523228754E1,4.108805695E0,8.534502411E0,1.876647491E0
2.524231554E1,1.481618958E0,7.736811218E0,2.369123383E0
2.525234354E1,-3.465293884E-1,7.386090546E0,3.170257416E0
2.526237154E1,-1.560654602E0,7.093748474E0,4.035009155E0
2.527239954E1,-2.230661316E0,6.795418854E0,4.705315247E0
2.528242754E1,-2.477348328E0,6.786736908E0,4.955594788E0
2.529245554E1,-2.329605560E0,6.968159637E0,4.658612366E0
2.530248354E1,-2.166594543E0,7.144193573E0,3.970942383E0
2.531251154E1,-2.316432953E0,7.224127350E0,3.257076874E0
2.532253954E1,-2.753973083E0,6.977889404E0,3.090323639E0
2.533256754E1,-2.641257477E0,6.588249664E0,3.422931976E0
2.534259554E1,-2.633623352E0,6.341113586E0,4.520599365E0
2.535262254E1,-3.461851044E0,6.202052765E0,6.199957123E0
2.536265054E1,-2.517764282E0,6.826404419E0,6.571334839E0
2.537267854E1,-4.658312988E-1,7.940986633E0,6.566993866E0
2.538270654E1,1.991608429E0,9.205257568E0,6.308481445E0
2.539273454E1,4.858297119E0,1.043345352E1,5.604495392E0
2.540276254E1,6.481521606E0,1.128233826E1,5.245990906E0
2.541279054E1,6.859635315E0,1.204919357E1,5.655688934E0
2.542281854E1,6.782994690E0,1.301872742E1,6.742429047E0
2.543284654E1,7.242089996E0,1.415172134E1,7.863148499E0
2.544287454E1,9.582473145E0,1.571731567E1,8.701854401E0
2.545290254E1,1.288819885E1,1.662906967E1,8.881480865E0
2.546293054E1,1.541075317E1,1.584485046E1,7.807613983E0
2.547295854E1,1.627834900E1,1.438358917E1,6.073021088E0
2.548298654E1,1.589125397E1,1.334205505E1,4.572092285E0
2.549301454E1,1.486184464E1,1.278057266E1,3.539539490E0
2.550304254E1,1.420007080E1,1.218750595E1,2.761906586E0
2.551307054E1,1.408451111E1,1.128099106E1,2.063459015E0
2.552309854E1,1.431607956E1,1.029424301E1,1.381177826E0
2.553312654E1,1.448971848E1,9.206604767E0,7.342231750E-1
2.554315454E1,1.415890640E1,8.043074341E0,1.707948303E-1
2.555318154E1,1.295406189E1,6.736441498E0,-6.286926270E-2
2.556320954E1,1.111094467E1,5.346432037E0,1.420545959E-1
2.557323754E1,9.241631927E0,3.994742889E0,7.400610352E-1
2.558326554E1,7.714806976E0,2.632425842E0,1.585652618E0
2.559329354E1,6.350843353E0,1.208736420E0,2.304906921E0
2.560332154E1,5.134472809E0,-2.329156494E-1,2.527344360E0
2.561334954E1,4.431983643E0,-1.614243164E0,2.163750458E0
2.562337754E1,4.483775940E0,-2.730022888E0,1.397942963E0
2.563340554E1,5.068011017E0,-3.601510620E0,2.877017212E-1
2.564343354E1,5.461842041E0,-4.331991577E0,-9.376501465E-1
2.565346154E1,5.095254364E0,-5.135670319E0,-2.190095673E0
2.566348954E1,4.053420868E0,-5.953419800E0,-3.185375977E0
2.567351754E1,2.790347443E0,-6.530170441E0,-3.726351013E0
2.568354554E1,1.656156006E0,-7.005132751E0,-4.009861450E0
2.569357354E1,9.762698364E-1,-7.547454987E0,-4.276307373E0
2.570360154E1,1.055155792E0,-8.056995392E0,-4.515659637E0
2.571362954E1,2.592309265E0,-8.060138855E0,-4.859794006E0
2.572365754E1,4.840633850E0,-7.523504791E0,-5.676645355E0
2.573368554E1,6.917265472E0,-6.838678894E0,-6.754254456E0
2.574371354E1,7.885003052E0,-5.642815704E0,-7.396868134E0
2.575374054E1,7.438182220E0,-4.691992950E0,-8.022267609E0
2.576376854E1,7.282206573E0,-2.528990936E0,-5.902226257E0
2.577379654E1,1.081126785E1,1.887574768E0,-2.103425903E0
2.578382454E1,1.733440292E1,6.342311096E0,8.556207275E-1
2.579385254E1,2.511746796E1,9.462871857E0,2.319726105E0
2.580388054E1,3.090308670E1,1.119177658E1,2.243085480E0
2.581390854E1,3.292732727E1,1.258358231E1,1.761536865E0
2.582393342E1,3.144690582E1,1.489402771E1,1.426982574E0
2.583396142E1,2.732642441E1,1.670795563E1,2.258353729E0
2.584398942E1,2.312810486E1,1.797327438E1,3.331322479E0
2.585401742E1,1.955593323E1,1.872965149E1,4.111500092E0
2.586404542E1,1.625110565E1,1.830812805E1,3.805087280E0
2.587407342E1,1.362960709E1,1.731299744E1,1.925296326E0
2.588410142E1,1.114522339E1,1.607791580E1,5.840853882E-1
2.589412942E1,9.052425385E0,1.514221161E1,-9.925859070E-1
2.590415742E1,7.085515594E0,1.421309372E1,-2.611020355E0
2.591418542E1,4.851561127E0,1.296618668E1,-3.317102051E0
2.592421342E1,2.750380554E0,1.199560501E1,-2.679128723E0
2.593424042E1,8.428971863E-1,1.125269989E1,-6.939569092E-1
2.594426842E1,-8.668473816E-1,1.049093399E1,1.608255615E0
2.595429642E1,-2.216740265E0,9.349108429E0,3.423530731E0
2.596432442E1,-3.426524506E0,8.000413055E0,5.027445374E0
2.597435242E1,-4.367018738E0,7.198530579E0,5.183870087E0
2.598438042E1,-4.048930206E0,6.714287567E0,5.119953003E0
2.599440842E1,-3.467539215E0,6.277346191E0,5.285209351E0
2.600443642E1,-3.472179565E0,5.819298706E0,5.184169464E0
2.601446442E1,-3.913461914E0,5.146896973E0,5.459896088E0
2.602449242E1,-4.707710266E0,4.661905518E0,5.954617310E0
2.603452042E1,-5.292244720E0,4.642296295E0,6.256240082E0
2.604454842E1,-5.140610046E0,5.062622223E0,6.143075409E0
2.605457642E1,-3.732488251E0,5.771997070E0,5.536686401E0
2.606460442E1,-1.657353516E0,6.817872162E0,4.908442841E0
2.607463242E1,4.523593140E-1,8.087082825E0,4.335284729E0
2.608466042E1,2.303110657E0,9.459878082E0,3.649261322E0
2.609468842E1,3.748954010E0,1.090871521E1,3.185675354E0
2.610471642E1,4.822820892E0,1.257026001E1,3.782334595E0
2.611474442E1,5.797294464E0,1.456935287E1,5.659131775E0
2.612477142E1,7.971822510E0,1.712289276E1,7.799381104E0
2.613479942E1,1.164054337E1,1.892245056E1,8.840166779E0
2.614482742E1,1.538800049E1,1.830917587E1,7.784262543E0
2.615485542E1,1.816397781E1,1.676603485E1,4.864733734E0
2.616488342E1,1.962299377E1,1.588811050E1,1.634750519E0
2.617491142E1,1.996862503E1,1.553394699E1,-9.047186279E-1
2.618493942E1,1.905761948E1,1.487681351E1,-2.577041016E0
2.619496742E1,1.790830948E1,1.381507141E1,-3.938160553E0
2.620499542E1,1.659344376E1,1.245634689E1,-4.911137238E0
2.621502342E1,1.476888794E1,1.077279785E1,-5.247637482E0
2.622505142E1,1.230650848E1,8.926088104E0,-4.549788666E0
2.623507942E1,9.639504547E0,7.093898163E0,-2.673440552E0
2.624510742E1,7.365732880E0,5.537135468E0,-3.847000122E-1
2.625513542E1,5.800288239E0,4.199816437E0,1.521735535E0
2.626516342E1,4.960384827E0,2.699037323E0,2.873274994E0
2.627519142E1,4.787194977E0,1.213825836E0,3.347488861E0
2.628521942E1,5.036576385E0,-7.993377686E-2,3.037333832E0
2.629524642E1,5.799240417E0,-1.065634003E0,2.078727264E0
2.630527442E1,6.850354614E0,-1.715732117E0,7.872129822E-1
2.631530242E1,7.366181946E0,-2.207010498E0,-4.869374084E-1
2.632533042E1,7.048392792E0,-2.836601257E0,-1.545536041E0
2.633535842E1,6.011349335E0,-3.613336029E0,-2.292931824E0
2.634538642E1,4.391118622E0,-4.633913727E0,-2.812651062E0
2.635541442E1,2.670147400E0,-5.791157227E0,-3.169508972E0
2.636544242E1,1.307530975E0,-6.621630249E0,-3.448828125E0
2.637547042E1,6.339317322E-1,-6.931635590E0,-3.784280548E0
2.638549842E1,1.252146149E0,-6.992858276E0,-4.382286987E0
2.639552642E1,3.272794189E0,-6.813680878E0,-5.042863312E0
2.640555442E1,5.984555054E0,-6.469546509E0,-6.046077118E0
2.641558242E1,8.339308319E0,-6.379284210E0,-7.341483307E0
2.642561042E1,9.501491547E0,-5.933511200E0,-8.224796448E0
2.643563842E1,8.696914673E0,-4.937931519E0,-8.361162872E0
2.644566642E1,6.526577911E0,-3.070115662E0,-7.301217041E0
2.645569442E1,6.161187744E0,7.258406067E-1,-5.119204559E0
2.646572242E1,1.003812561E1,5.299280090E0,-2.496209106E0
2.647575042E1,1.776820084E1,8.503217468E0,-4.126918030E-1
2.648577842E1,2.708512619E1,1.085901855E1,8.496331787E-1
2.649580542E1,3.426599350E1,1.326092377E1,1.389560394E0
2.650583342E1,3.580823639E1,1.559457092E1,2.034419403E0
2.651586142E1,3.119632690E1,1.749831207E1,3.827690277E0
2.652588942E1,2.438668762E1,1.864103577E1,5.623505859E0
2.653591742E1,1.914204391E1,1.931777847E1,6.353388062E0
2.654594542E1,1.645108978E1,1.902857986E1,5.751340027E0
2.655597342E1,1.518906418E1,1.773167679E1,4.238735504E0
2.656600142E1,1.356703720E1,1.623374176E1,2.726580048E0
2.657602942E1,1.085737198E1,1.486738312E1,1.790127411E0
2.658605742E1,7.667804718E0,1.353964417E1,1.439855804E0
2.659608542E1,4.662504272E0,1.219274506E1,1.560055847E0
2.660611342E1,2.055675201E0,1.084360062E1,1.903741150E0
2.661614142E1,-2.923420715E-1,9.641450500E0,2.290836182E0
2.662616942E1,-2.146087189E0,8.775800629E0,2.823877716E0
2.663619742E1,-3.044069824E0,8.226742401E0,3.551065521E0
2.664622442E1,-3.089275818E0,7.843688965E0,4.208947449E0
2.665625242E1,-2.855312347E0,7.457791443E0,4.499642944E0
2.666628042E1,-2.890339508E0,6.994654541E0,4.446054382E0
2.667630842E1,-3.379671936E0,6.383774872E0,4.161047058E0
2.668633642E1,-4.091441803E0,5.807173920E0,3.829935608E0
2.669636442E1,-4.699776764E0,5.397326202E0,3.606300659E0
2.670639242E1,-5.074747009E0,5.120851135E0,3.410358124E0
2.671642042E1,-5.186265106E0,5.279072113E0,3.212020569E0
2.672644842E1,-4.327500916E0,6.080206146E0,3.316652985E0
2.673647642E1,-2.605332184E0,6.994055786E0,3.626957703E0
2.674650442E1,-4.939727783E-1,7.878416748E0,3.942950592E0
2.675653242E1,1.861828308E0,9.007668457E0,4.521048431E0
2.676656042E1,4.058061218E0,1.003109024E1,5.185516663E0
2.677658842E1,5.843997345E0,1.117052078E1,6.069278870E0
2.678661642E1,7.379504242E0,1.248493744E1,7.263046417E0
2.679664442E1,9.060807953E0,1.336690338E1,8.557554474E0
2.680667242E1,1.104583008E1,1.424363022E1,9.264983368E0
2.681669942E1,1.354548203E1,1.530252823E1,8.781339111E0
2.682672692E1,1.657847488E1,1.521960068E1,6.925797729E0
2.683675492E1,1.822385330E1,1.407627823E1,4.129462738E0
2.684678292E1,1.816233124E1,1.328038330E1,1.755998383E0
2.685681092E1,1.724743378E1,1.320748489E1,4.872367859E-1
2.686683892E1,1.668909485E1,1.312635361E1,-1.715432739E-1
2.687686692E1,1.688593552E1,1.250290009E1,-5.667214966E-1
2.688689492E1,1.680121170E1,1.127200974E1,-4.337979126E-1
2.689692292E1,1.570354431E1,9.716294861E0,1.664538574E-1
2.690695092E1,1.352766907E1,8.157436523E0,1.043330383E0
2.691697892E1,1.088656128E1,6.638994141E0,1.855541382E0
2.692700692E1,8.567433929E0,5.239105225E0,2.504891052E0
2.693703492E1,7.083569641E0,4.071982269E0,2.943179626E0
2.694706292E1,6.367458801E0,3.085533600E0,2.970572662E0
2.695709092E1,6.075116730E0,1.922452240E0,2.384840698E0
2.696711792E1,5.833968201E0,7.776329041E-1,1.460812225E0
2.697714592E1,5.611979828E0,-1.278341675E-1,4.297563171E-1
2.698717392E1,5.465434570E0,-9.295669556E-1,-5.962101746E-1
2.699720192E1,5.419629822E0,-1.819616089E0,-1.619332581E0
2.700722992E1,5.178630981E0,-2.850821686E0,-2.594704285E0
2.701725792E1,4.360133057E0,-3.854933624E0,-3.406166840E0
2.702728592E1,2.964285736E0,-4.792883148E0,-4.047133942E0
2.703731392E1,1.359622650E0,-5.519921265E0,-4.437522125E0
2.704734192E1,2.637515259E-1,-6.186634827E0,-4.797673187E0
2.705736992E1,3.577560425E-1,-6.653064880E0,-4.888085175E0
2.706739792E1,1.476080475E0,-6.582262115E0,-5.179678802E0
2.707742592E1,3.391497345E0,-6.066135406E0,-5.907914429E0
2.708745392E1,5.681136017E0,-5.662873993E0,-6.735992432E0
2.709748192E1,7.282505951E0,-5.340145111E0,-7.120991821E0
2.710750992E1,7.542515259E0,-4.710853729E0,-7.245233459E0
2.711753792E1,6.385271759E0,-3.578009491E0,-6.723568268E0
2.712756492E1,6.069727936E0,-6.656657410E-1,-4.945116577E0
2.713759292E1,8.872050476E0,3.751498718E0,-2.768642578E0
2.714762092E1,1.468491257E1,8.337961121E0,-1.260079651E0
2.715764892E1,2.218491623E1,1.149564468E1,-5.388793945E-1
2.716767692E1,2.877361496E1,1.362212265E1,-6.800358582E-1
2.717770492E1,3.157009964E1,1.553304886E1,-9.696835327E-1
2.718773292E1,2.974958542E1,1.727362930E1,-3.351530457E-1
2.719776092E1,2.510968414E1,1.822100922E1,1.410067749E0
2.720778892E1,2.064012863E1,1.796698746E1,2.749033356E0
2.721781692E1,1.734503082E1,1.716525467E1,2.842439117E0
2.722784492E1,1.482337463E1,1.613809067E1,1.807191925E0
2.723787292E1,1.246413071E1,1.493833557E1,6.074368286E-1
2.724790092E1,9.946067047E0,1.367945343E1,4.700225830E-2
2.725792892E1,7.434889069E0,1.246068787E1,6.481521606E-2
2.726795592E1,5.320835266E0,1.142783569E1,3.616479492E-1
2.727798392E1,3.593876495E0,1.052880524E1,7.569758606E-1
2.728801192E1,2.036515045E0,9.791737976E0,1.093775482E0
2.729803992E1,6.988966370E-1,9.237590332E0,1.484912109E0
2.730806792E1,-4.364923096E-1,8.663833466E0,1.871109009E0
2.731809592E1,-1.416654053E0,8.062084808E0,2.052232361E0
2.732812392E1,-2.196831665E0,7.359296265E0,2.040107574E0
2.733815192E1,-2.755320282E0,6.663094025E0,2.107168121E0
2.734817992E1,-3.233725433E0,5.939498749E0,2.249971161E0
2.735820792E1,-3.741619263E0,5.282514954E0,2.507435760E0
2.736823592E1,-4.136049042E0,4.746329956E0,2.954406281E0
2.737826392E1,-4.554578705E0,4.359983368E0,3.548520813E0
2.738829192E1,-4.880151672E0,4.258793793E0,4.119283905E0
2.739831892E1,-4.910089417E0,4.567152557E0,4.483326874E0
2.740834692E1,-4.119732971E0,5.319188690E0,4.452640686E0
2.741837492E1,-2.540816345E0,6.314319305E0,4.104614410E0
2.742840292E1,-4.366419983E-1,7.526199188E0,3.757935333E0
2.743843092E1,1.658700714E0,8.942254486E0,3.540287933E0
2.744845892E1,3.520079956E0,1.056218582E1,3.786226501E0
2.745848692E1,4.952151947E0,1.239811798E1,4.427792358E0
2.746851492E1,6.370901642E0,1.446726517E1,5.326972504E0
2.747854292E1,8.364456024E0,1.672591827E1,6.297404480E0
2.748857092E1,1.145687531E1,1.855496475E1,6.909182281E0
2.749859892E1,1.485286331E1,1.955159225E1,6.689289551E0
2.750862692E1,1.721929230E1,1.963886078E1,5.616021423E0
2.751865492E1,1.810619797E1,1.904579407E1,4.351301422E0
2.752868192E1,1.795396454E1,1.822085953E1,3.353326721E0
2.753870992E1,1.754217087E1,1.740221191E1,2.603535919E0
2.754873792E1,1.765099457E1,1.641980484E1,1.768123169E0
2.755876592E1,1.777912811E1,1.485705460E1,6.616241455E-1
2.756879392E1,1.703412735E1,1.270468048E1,-3.376977539E-1
2.757882192E1,1.508068954E1,1.037178177E1,-7.887098694E-1
2.758884992E1,1.239078323E1,8.200247498E0,-4.926255798E-1
2.759887792E1,9.954449615E0,6.276448059E0,4.186793518E-1
2.760890592E1,8.472680969E0,4.478237457E0,1.472338257E0
2.761893392E1,7.639214172E0,2.609074402E0,2.201022949E0
2.762896192E1,7.211104431E0,9.383985901E-1,2.474354553E0
2.763898992E1,7.003486176E0,-4.649331665E-1,2.264790344E0
2.764901792E1,6.730753326E0,-1.797611847E0,1.500928802E0
2.765904492E1,6.254443817E0,-3.095862122E0,3.757186890E-1
2.766907292E1,5.609285431E0,-4.258195038E0,-7.900570679E-1
2.767910092E1,4.863685913E0,-5.296136627E0,-1.827998657E0
2.768912892E1,3.837869110E0,-6.428382111E0,-2.743195496E0
2.769915692E1,2.411934357E0,-7.374414825E0,-3.653901672E0
2.770918492E1,1.014141083E0,-7.835007019E0,-4.464316406E0
2.771921292E1,1.136137390E-1,-8.065677338E0,-5.024601288E0
2.772924092E1,-2.083666992E-1,-8.129594421E0,-5.368286591E0
2.773926892E1,2.936892700E-1,-7.879614258E0,-5.898184662E0
2.774929692E1,1.712738342E0,-7.698041840E0,-6.668033752E0
2.775932492E1,3.496429138E0,-7.490124207E0,-7.047943726E0
2.776935292E1,5.142256622E0,-6.664441223E0,-7.005731506E0
2.777938092E1,5.929170227E0,-5.230123901E0,-6.874604187E0
2.778940792E1,5.905070343E0,-3.080144806E0,-6.355633392E0
2.779943592E1,6.638994141E0,5.490582275E-1,-5.174140320E0
2.780946392E1,9.942474518E0,5.425767059E0,-3.325634308E0
2.781949192E1,1.616668121E1,1.051503387E1,-1.138981476E0
2.782951979E1,2.467394028E1,1.447789307E1,2.017803955E-1
2.783954779E1,3.111235153E1,1.668610107E1,-1.472937012E-1
2.784957579E1,3.259232391E1,1.797851349E1,-1.508113861E0
2.785960379E1,3.010943710E1,1.906734924E1,-1.866468658E0
2.786963179E1,2.592414047E1,1.939606567E1,-1.227148132E0
2.787965979E1,2.193373856E1,1.884850433E1,-1.135388947E0
2.788968779E1,1.803943680E1,1.774679535E1,-2.085912323E0
2.789971579E1,1.456561066E1,1.634660706E1,-3.276985474E0
2.790974279E1,1.159024796E1,1.483055969E1,-3.913761292E0
2.791977079E1,8.678952026E0,1.315284851E1,-3.713627472E0
2.792979879E1,5.916895752E0,1.169772446E1,-2.528242493E0
2.793982679E1,3.931274872E0,1.060529617E1,-8.572673035E-1
2.794985479E1,2.923271027E0,9.555828552E0,5.757028198E-1
2.795988279E1,2.428400116E0,8.677155762E0,1.752106476E0
2.796991079E1,1.993105316E0,7.959697723E0,2.806962891E0
2.797993879E1,1.373094635E0,7.336992645E0,3.745062103E0
2.798996679E1,3.420387268E-1,6.608757019E0,4.453089752E0
2.799999479E1,-7.767347717E-1,5.904621277E0,5.042863312E0
2.801002279E1,-2.004182281E0,5.268593903E0,5.489534454E0
2.802005079E1,-3.213816833E0,4.606221313E0,5.835614777E0
2.803007879E1,-4.098477173E0,3.983815613E0,6.038742371E0
2.804010579E1,-4.656965790E0,3.502117310E0,6.148913269E0
2.805013379E1,-5.066065063E0,3.124602356E0,6.238127747E0
2.806016179E1,-5.383554840E0,3.079695740E0,6.358926544E0
2.807018979E1,-5.427563324E0,3.651806030E0,6.476731567E0
2.808021779E1,-4.688999176E0,4.594246216E0,6.149961090E0
2.809024579E1,-3.067570953E0,5.796396332E0,5.532195740E0
2.810027379E1,-1.129551086E0,7.251370697E0,4.881947937E0
2.811030179E1,1.169068909E0,9.021888885E0,4.282145233E0
2.812032979E1,3.600462799E0,1.106918152E1,4.061953125E0
2.813035779E1,5.580844574E0,1.315000443E1,4.472698975E0
2.814038579E1,7.079228668E0,1.555684937E1,5.578898621E0
2.815041379E1,9.300010529E0,1.824181595E1,7.016808472E0
2.816044079E1,1.270048920E1,2.035886353E1,7.770640869E0
2.817046879E1,1.632400406E1,2.098740646E1,6.931186523E0
2.818049679E1,1.881751877E1,2.028012726E1,4.738246765E0
2.819052479E1,1.958781693E1,1.875973892E1,2.333647156E0
2.820055279E1,1.911150742E1,1.711765366E1,4.785548401E-1
2.821058079E1,1.809003159E1,1.587059692E1,-8.708889771E-1
2.822060879E1,1.705253906E1,1.451920715E1,-2.096689911E0
2.823063679E1,1.600067642E1,1.268851410E1,-2.938239899E0
2.824066479E1,1.490989471E1,1.063882645E1,-3.045716400E0
2.825069279E1,1.365520386E1,8.450077972E0,-2.340233459E0
2.826072079E1,1.196521820E1,6.186784515E0,-1.215622101E0
2.827074879E1,9.980345764E0,4.003125458E0,1.856140137E-2
2.828077579E1,8.212821350E0,2.056872711E0,1.170565796E0
2.829080379E1,7.000791779E0,3.582051086E-1,2.004331970E0
2.830083179E1,6.141578522E0,-1.256187744E0,2.261347504E0
2.831085979E1,5.426365814E0,-2.649190979E0,1.773362274E0
2.832088779E1,4.977299652E0,-3.661535797E0,8.122109985E-1
2.833091579E1,4.734953613E0,-4.512665863E0,-3.323089600E-1
2.834094379E1,4.691543884E0,-5.146447906E0,-1.479074249E0
2.835097179E1,4.439617767E0,-5.654192047E0,-2.570903778E0
2.836099979E1,3.648213501E0,-6.269712067E0,-3.485950928E0
2.837102779E1,2.200424194E0,-6.841672668E0,-4.114942932E0
2.838105579E1,6.044430542E-1,-7.128775635E0,-4.507277069E0
2.839108379E1,-4.114942932E-1,-7.228168945E0,-4.686454468E0
2.840111179E1,-4.138893127E-1,-7.173382874E0,-4.501738586E0
2.841113879E1,8.464897156E-1,-6.753056946E0,-4.262835388E0
2.842116679E1,3.084186401E0,-5.924978943E0,-4.671934662E0
2.843119479E1,5.506598969E0,-4.949008484E0,-5.736969910E0
2.844122279E1,7.531587982E0,-3.993844757E0,-6.891219635E0
2.845125079E1,8.549471283E0,-2.989433441E0,-7.621550903E0
2.846127879E1,8.070766754E0,-1.701960754E0,-7.395071869E0
2.847130679E1,8.130642242E0,9.466314697E-1,-5.620811462E0
2.848133479E1,1.139310791E1,5.205425262E0,-3.146905975E0
2.849136279E1,1.790292068E1,9.623188477E0,-1.344953156E0
2.850139079E1,2.579675537E1,1.298474808E1,-7.884104919E-1
2.851141879E1,3.142954193E1,1.498369125E1,-1.335073700E0
2.852144579E1,3.238545410E1,1.608554993E1,-1.813628540E0
2.853147379E1,2.879861298E1,1.702305038E1,-9.490264893E-1
2.854150179E1,2.304353073E1,1.732497253E1,2.579136658E-1
2.855152979E1,1.803509583E1,1.705553284E1,7.487429810E-1
2.856155779E1,1.497066833E1,1.667128189E1,3.487747192E-2
2.857158579E1,1.385893021E1,1.575324097E1,-1.611099701E0
2.858161379E1,1.290586212E1,1.420935150E1,-2.873274994E0
2.859164179E1,1.077713882E1,1.255020172E1,-3.102448425E0
2.860166979E1,7.690258026E0,1.106289459E1,-2.317480774E0
2.861169779E1,4.806654510E0,9.872120819E0,-8.253836060E-1
2.862172579E1,2.701432343E0,8.974138184E0,9.123527527E-1
2.863175379E1,9.994715881E-1,8.272846527E0,2.468367004E0
2.864178079E1,-3.902384949E-1,7.721093903E0,3.619922333E0
2.865180879E1,-1.382225647E0,7.398963776E0,4.105811920E0
2.866183679E1,-1.798659668E0,7.166347504E0,3.975882111E0
2.867186479E1,-1.814676361E0,6.871909790E0,3.482807465E0
2.868189279E1,-1.945504303E0,6.473288727E0,2.913990326E0
2.869192079E1,-2.482288055E0,6.015839996E0,2.569706268E0
2.870194879E1,-3.260519714E0,5.481451263E0,2.567910004E0
2.871197679E1,-4.033961334E0,4.803511047E0,2.889141998E0
2.872200479E1,-4.790637817E0,4.200564880E0,3.417992249E0
2.873203279E1,-5.415288849E0,4.146676941E0,4.044140167E0
2.874206079E1,-5.567222900E0,4.668042755E0,4.641398163E0
2.875208779E1,-4.588707733E0,5.720055084E0,5.081333313E0
2.876211579E1,-2.566413116E0,6.921007690E0,5.188061371E0
2.877214379E1,7.768844604E-2,8.201445007E0,5.097799072E0
2.878217179E1,2.971470795E0,9.960736542E0,5.014572144E0
2.879219979E1,5.516029358E0,1.198318085E1,5.076243896E0
2.880222779E1,7.234306183E0,1.385099670E1,5.279820557E0
2.881225579E1,9.554481354E0,1.612297211E1,5.846841431E0
2.882228379E1,1.307740540E1,1.817071381E1,5.394182739E0
2.883231246E1,1.710358292E1,1.888607620E1,2.969375153E0
2.884234046E1,2.059267731E1,1.860002106E1,-1.100212097E-1
2.885236846E1,2.197430420E1,1.747256561E1,-2.565664673E0
2.886239546E1,2.092528564E1,1.618958359E1,-3.499123535E0
2.887242346E1,1.876048737E1,1.550146454E1,-2.672542419E0
2.888245146E1,1.725656479E1,1.473984833E1,-1.028660889E0
2.889247946E1,1.677247147E1,1.336884933E1,2.137554932E-1
2.890250746E1,1.648237473E1,1.173933792E1,7.879614258E-1
2.891253546E1,1.555729843E1,1.010488678E1,8.752299500E-1
2.892256346E1,1.402553375E1,8.535550232E0,8.422984314E-1
2.893259146E1,1.220726486E1,7.084018707E0,9.520202637E-1
2.894261946E1,1.034932846E1,5.536536713E0,1.185834045E0
2.895264746E1,8.614286499E0,3.949686584E0,1.428479462E0
2.896267546E1,6.964118042E0,2.395917664E0,1.593885498E0
2.897270246E1,5.465883636E0,9.590556335E-1,1.704655151E0
2.898273046E1,4.186494141E0,-4.192781067E-1,1.667981415E0
2.899275846E1,3.219355316E0,-1.679657135E0,1.233435059E0
2.900278646E1,2.798879700E0,-2.693049774E0,4.839436340E-1
2.901281446E1,3.125051422E0,-3.442840576E0,-3.999682617E-1
2.902284246E1,3.810775452E0,-4.232298889E0,-1.456471252E0
2.903287046E1,4.149221649E0,-5.156477051E0,-2.598745880E0
2.904289846E1,3.886967010E0,-6.001918945E0,-3.665876770E0
2.905292646E1,2.923121338E0,-6.655459900E0,-4.550537109E0
2.906295446E1,1.850451965E0,-7.174879761E0,-5.109774170E0
2.907298146E1,9.647438049E-1,-7.714806976E0,-5.229525146E0
2.908300946E1,9.211843872E-1,-8.068970490E0,-5.148393860E0
2.909303746E1,1.873953094E0,-8.068970490E0,-5.184468842E0
2.910306546E1,3.270698547E0,-7.895630951E0,-5.464237061E0
2.911309346E1,4.659360809E0,-7.278614044E0,-6.050268402E0
2.912312146E1,5.983357544E0,-6.082002411E0,-6.767427063E0
2.913314946E1,6.652615814E0,-4.821473694E0,-7.143445129E0
2.914317746E1,7.351961517E0,-2.315534821E0,-6.363716583E0
2.915320546E1,1.023930725E1,2.247875519E0,-4.164938965E0
2.916323346E1,1.595382385E1,7.257208557E0,-1.701511688E0
2.917326146E1,2.405318115E1,1.154189850E1,-9.639953613E-2
2.918328846E1,3.129991150E1,1.471350311E1,7.319778442E-2
2.919331646E1,3.376723068E1,1.706092163E1,-6.803352356E-1
2.920334446E1,3.117492142E1,1.851918915E1,-6.611750793E-1
2.921337246E1,2.645867889E1,1.901256317E1,6.571334839E-1
2.922340046E1,2.248339554E1,1.822145828E1,1.558259583E0
2.923342846E1,2.000140686E1,1.680615143E1,1.315015411E0
2.924345646E1,1.805590256E1,1.526375885E1,7.783813477E-3
2.925348446E1,1.580832642E1,1.362840958E1,-1.751507721E0
2.926351246E1,1.307920166E1,1.223001755E1,-3.348836060E0
2.927354046E1,9.942624207E0,1.117156860E1,-4.406087494E0
2.928356746E1,6.646927643E0,1.038480469E1,-4.724325714E0
2.929359546E1,3.746109924E0,9.745783539E0,-3.916006622E0
2.930362346E1,1.899250488E0,9.289981384E0,-2.209405518E0
2.931365146E1,1.076261902E0,8.975485382E0,-6.274951172E-1
2.932367946E1,9.955796814E-1,8.490493927E0,3.447331238E-1
2.933370746E1,8.351133728E-1,7.754624176E0,8.816665649E-1
2.934373546E1,4.923262024E-1,7.165149994E0,1.326391754E0
2.935376346E1,6.421646118E-2,6.844965820E0,1.828447723E0
2.936379146E1,-5.846841431E-1,6.627617798E0,2.360591125E0
2.937381846E1,-1.600621490E0,6.275699615E0,2.776426392E0
2.938384646E1,-2.751877441E0,5.827531586E0,3.173251190E0
2.939387446E1,-3.817062378E0,5.395230560E0,3.772305450E0
2.940390246E1,-4.692442017E0,5.013674011E0,4.427942047E0
2.941393046E1,-5.365741882E0,4.706213379E0,4.972958679E0
2.942395846E1,-5.520669708E0,4.757706299E0,5.451214142E0
2.943398646E1,-4.874613190E0,5.459596710E0,5.725144501E0
2.944401446E1,-3.138373718E0,6.487658844E0,5.479804688E0
2.945404246E1,-7.430548096E-1,7.606881409E0,4.659061432E0
2.946407046E1,1.779499512E0,9.006171570E0,3.658991089E0
2.947409746E1,4.336182861E0,1.058703415E1,2.863694916E0
2.948412546E1,6.032904510E0,1.203377563E1,2.795137482E0
2.949415346E1,7.510481873E0,1.351225113E1,3.928131409E0
2.950418146E1,8.995393982E0,1.486079681E1,5.932463379E0
2.951420946E1,1.098939743E1,1.618464386E1,8.171207886E0
2.952423746E1,1.433973038E1,1.725476852E1,9.641749878E0
2.953426546E1,1.922497147E1,1.662068710E1,8.872499542E0
2.954429346E1,2.278217422E1,1.468880447E1,5.808970184E0
2.955432146E1,2.348271744E1,1.306677750E1,2.303260345E0
2.956434846E1,2.344394806E1,1.250319946E1,-5.430706787E-1
2.957437646E1,2.411305664E1,1.251801865E1,-2.923271027E0
2.958440446E1,2.372102188E1,1.186986649E1,-5.140310669E0
2.959443246E1,2.177866104E1,1.047970734E1,-6.559808807E0
2.960446046E1,1.853625366E1,8.588090973E0,-6.540199585E0
2.961448846E1,1.480975296E1,6.613397369E0,-5.319637756E0
2.962451646E1,1.116453323E1,4.707410889E0,-3.519181824E0
2.963454446E1,8.108937378E0,2.909799042E0,-1.814526672E0
2.964457246E1,5.839506683E0,1.517544250E0,-2.224374390E-1
2.965459946E1,4.295617218E0,3.860472107E-1,1.288370819E0
2.966462746E1,3.481011200E0,-5.941145325E-1,2.317929840E0
2.967465546E1,3.562741241E0,-1.393152924E0,2.855611725E0
2.968468346E1,4.192930756E0,-2.228415985E0,2.803220673E0
2.969471146E1,4.910837860E0,-3.241808624E0,2.002236328E0
2.970473946E1,5.228477325E0,-4.309238892E0,7.241940308E-1
2.971476746E1,4.727020111E0,-5.370980988E0,-7.629634094E-1
2.972479546E1,3.101699982E0,-6.350693665E0,-2.167792053E0
2.973482346E1,1.034199371E0,-7.116800537E0,-3.267854462E0
2.974485146E1,-7.842192078E-1,-7.595804443E0,-3.830534363E0
2.975487846E1,-1.624122620E0,-7.845185852E0,-4.017794952E0
2.976490646E1,-9.220825195E-1,-7.971373444E0,-4.099225616E0
2.977493446E1,8.966354370E-1,-8.039332123E0,-4.365372162E0
2.978496246E1,3.253184967E0,-7.954308929E0,-4.902754669E0
2.979499046E1,5.640720062E0,-7.418572998E0,-5.663472748E0
2.980501846E1,6.777156830E0,-6.717580719E0,-6.675218811E0
2.981504646E1,6.107449493E0,-5.766757965E0,-7.378007355E0
2.982507446E1,4.925207977E0,-3.882326660E0,-7.013515320E0
2.983510246E1,5.689219208E0,-2.380050659E-2,-4.921615448E0
2.984512946E1,1.025921585E1,5.173691254E0,-1.812281342E0
2.985515746E1,1.850137619E1,9.296118622E0,1.971400452E-1
2.986518546E1,2.822335922E1,1.245844254E1,2.624043274E-1
2.987521346E1,3.454411514E1,1.529459473E1,-1.207389221E0
2.988524146E1,3.435206451E1,1.753812927E1,-2.466720428E0
2.989526946E1,2.865012177E1,1.858565094E1,-1.604962463E0
2.990529746E1,2.174168793E1,1.811712524E1,3.248245239E-2
2.991532546E1,1.681558182E1,1.713382004E1,9.455836487E-1
2.992535346E1,1.407882294E1,1.622266479E1,1.863624573E-1
2.993538146E1,1.249481689E1,1.503204071E1,-1.881287842E0
2.994540846E1,1.054796539E1,1.359877121E1,-3.480711823E0
2.995543646E1,7.979456635E0,1.215337692E1,-3.989354095E0
2.996546446E1,6.018833771E0,1.110944778E1,-3.784879303E0
2.997549246E1,4.963977356E0,1.047836014E1,-3.170257416E0
2.998552046E1,3.917054443E0,9.781708832E0,-2.306703186E0
2.999554846E1,2.371518402E0,9.048832855E0,-1.030008087E0
3.000557646E1,7.328759766E-1,8.490044861E0,8.089178467E-1
3.001560446E1,-6.273454285E-1,7.968978424E0,2.793790283E0
3.002563246E1,-1.518741760E0,7.597301331E0,4.193379822E0
3.003565946E1,-1.889221344E0,7.364086304E0,4.797224121E0
3.004568746E1,-2.113754425E0,6.979985046E0,4.817432098E0
3.005571546E1,-2.314187622E0,6.579418030E0,4.591851196E0
3.006574346E1,-2.557731171E0,6.335724792E0,4.319567413E0
3.007577146E1,-2.865191803E0,6.069129181E0,4.052522736E0
3.008579946E1,-3.183579712E0,5.758525085E0,4.005819855E0
3.009582746E1,-3.503015442E0,5.915698242E0,4.174818420E0
3.010585546E1,-3.209475861E0,6.634204102E0,4.088747406E0
3.011588346E1,-2.283800812E0,7.332052917E0,3.594475250E0
3.012591046E1,-4.909790039E-1,8.207582245E0,2.985242157E0
3.013593846E1,2.059118042E0,9.670190735E0,2.819985809E0
3.014596646E1,4.799918518E0,1.140822647E1,3.022664337E0
3.015599446E1,7.171586609E0,1.317859497E1,3.232976990E0
3.016602246E1,9.030570831E0,1.488040604E1,3.541036377E0
3.017605046E1,1.057910065E1,1.642234955E1,4.270170135E0
3.018607846E1,1.270497986E1,1.774948975E1,5.209317169E0
3.019610646E1,1.536030807E1,1.890643387E1,5.983058167E0
3.020613446E1,1.817445602E1,1.899070862E1,5.622308350E0
3.021616146E1,2.041604462E1,1.761581772E1,3.854634247E0
3.022618946E1,2.095836685E1,1.583033066E1,1.622026978E0
3.023621746E1,1.974858261E1,1.445020065E1,3.397933960E-2
3.024624546E1,1.798001038E1,1.356778564E1,-6.333329773E-1
3.025627346E1,1.678624283E1,1.264794846E1,-7.611671448E-1
3.026630146E1,1.584275482E1,1.113100296E1,-6.156697083E-1
3.027632946E1,1.440589279E1,9.184001770E0,-2.035766602E-1
3.028635746E1,1.227133163E1,7.186705170E0,4.460723877E-1
3.029638546E1,9.958940277E0,5.284011841E0,1.264570312E0
3.030641246E1,8.005053406E0,3.539240112E0,2.064656525E0
3.031644046E1,6.635401611E0,1.925595703E0,2.685565338E0
3.032646846E1,6.027066650E0,5.507048035E-1,3.072810059E0
3.033649646E1,5.867947540E0,-6.489006042E-1,3.053949280E0
3.034652446E1,5.910758514E0,-1.689686279E0,2.437980194E0
3.035655246E1,5.892346802E0,-2.676284637E0,1.299148407E0
3.036658046E1,5.790558472E0,-3.618275757E0,-2.245330811E-2
3.037660846E1,5.692512360E0,-4.549189911E0,-1.222507782E0
3.038663646E1,5.370681610E0,-5.513634338E0,-2.296224976E0
3.039666346E1,4.408033447E0,-6.292614441E0,-3.225791931E0
3.040669146E1,2.570155334E0,-7.100783844E0,-3.822301483E0
3.041671946E1,4.047583008E-1,-7.798183594E0,-3.992647247E0
3.042674746E1,-1.100212097E0,-8.062234497E0,-3.851939850E0
3.043677546E1,-1.401385803E0,-8.175249481E0,-3.664529572E0
3.044680346E1,-1.709445190E-1,-8.089178467E0,-3.826043701E0
3.045683146E1,2.064806213E0,-7.594157867E0,-4.466861115E0
3.046685946E1,4.885390778E0,-6.337521057E0,-5.509143677E0
3.047688746E1,7.109765167E0,-4.950954437E0,-6.864125977E0
3.048691446E1,7.829767914E0,-3.774101715E0,-8.019423523E0
3.049694246E1,7.257358246E0,-2.380200348E0,-8.175548859E0
3.050697046E1,5.938600616E0,-3.591032410E-1,-7.157066803E0
3.051699846E1,6.357579346E0,3.539240112E0,-5.072651367E0
3.052702646E1,1.044468018E1,8.665929108E0,-3.061134338E0
3.053705446E1,1.728560440E1,1.287532562E1,-2.057321777E0
3.054708246E1,2.487976227E1,1.561597641E1,-1.773362274E0
3.055711046E1,3.083991806E1,1.746717682E1,-1.623224487E0
3.056713846E1,3.245865189E1,1.898067947E1,-1.327738953E0
3.057716546E1,2.948284012E1,1.982821701E1,-7.828720093E-2
3.058719346E1,2.409329773E1,1.909803543E1,1.637893982E0
3.059722146E1,1.868833740E1,1.737691452E1,2.507585449E0
3.060724946E1,1.449720291E1,1.580009354E1,2.434986420E0
3.061727746E1,1.182421143E1,1.434916077E1,1.861528931E0
3.062730546E1,9.878856812E0,1.256457184E1,1.012494507E0
3.063733346E1,7.595056000E0,1.075408676E1,2.433938599E-1
3.064736146E1,4.844825134E0,9.175469513E0,7.933502197E-3
3.065738946E1,2.458936615E0,7.983049164E0,2.549198914E-1
3.066741646E1,9.798623657E-1,7.326813812E0,8.351133728E-1
3.067744446E1,-1.230441284E-1,6.924151154E0,1.464255066E0
3.068747246E1,-1.029259644E0,6.551875305E0,2.099683685E0
3.069750046E1,-1.669178925E0,6.298302612E0,2.681673431E0
3.070752846E1,-2.091750183E0,6.184389496E0,3.100352783E0
3.071755646E1,-2.529739380E0,6.215075684E0,3.366050262E0
3.072758446E1,-2.871329041E0,6.283333740E0,3.524420929E0
3.073761246E1,-2.938389587E0,6.406976624E0,3.556304626E0
3.074763946E1,-2.630928955E0,6.529871063E0,3.521127777E0
3.075766746E1,-2.026635590E0,6.739734650E0,3.378025360E0
3.076769546E1,-1.607656860E0,6.959777069E0,3.270698547E0
3.077772346E1,-1.482966156E0,7.221882019E0,3.388503571E0
3.078775146E1,-1.382674713E0,7.557334442E0,3.663930817E0
3.079777946E1,-8.783734131E-1,8.124055939E0,3.906127167E0
3.080780746E1,3.150947571E-1,8.892857208E0,3.823498993E0
3.081783546E1,2.150278473E0,9.976453857E0,3.511098633E0
3.082786221E1,3.810176697E0,1.114836685E1,3.147205353E0
3.083789021E1,4.721930695E0,1.227043350E1,2.962489471E0
3.084791821E1,5.580245819E0,1.368813538E1,3.333867188E0
3.085794621E1,7.164850616E0,1.504656052E1,4.391417999E0
3.086797421E1,9.334438934E0,1.592583206E1,5.719905396E0
3.087800221E1,1.225291992E1,1.684522018E1,6.811585236E0
3.088803021E1,1.583242630E1,1.675256287E1,6.589596863E0
3.089805821E1,1.844748825E1,1.545895294E1,4.667144623E0
3.090808621E1,1.953333023E1,1.411878983E1,2.145189056E0
3.091811321E1,1.926838120E1,1.331885330E1,2.673440552E-1
3.092814121E1,1.829091385E1,1.264226028E1,-7.848179626E-1
3.093816921E1,1.743529312E1,1.166614014E1,-1.646725616E0
3.094819721E1,1.676468765E1,1.042821442E1,-2.404000854E0
3.095822521E1,1.597028961E1,9.157806244E0,-2.613415375E0
3.096825321E1,1.440065369E1,7.826325073E0,-2.296224976E0
3.097828121E1,1.214424591E1,6.473438416E0,-1.460213470E0
3.098830921E1,9.819729767E0,5.030439148E0,-2.341131592E-1
3.099833621E1,8.061036987E0,3.699107666E0,1.063238983E0
3.100836421E1,6.757996674E0,2.405198364E0,2.033820648E0
3.101839221E1,5.881419525E0,1.378034363E0,2.524350586E0
3.102842021E1,5.679190063E0,6.048921204E-1,2.528691559E0
3.103844821E1,5.951324158E0,-1.683998108E-1,1.957329712E0
3.104847621E1,6.342460785E0,-1.073866882E0,9.457333374E-1
3.105850421E1,6.608757019E0,-2.025587769E0,-5.403762817E-2
3.106853221E1,6.361471252E0,-2.904559937E0,-8.620573425E-1
3.107856021E1,5.304070129E0,-3.976929932E0,-1.692530365E0
3.108858721E1,3.620072021E0,-5.053790588E0,-2.558030548E0
3.109861521E1,1.700014801E0,-6.196813660E0,-3.291205902E0
3.110864321E1,-2.544708252E-2,-7.076833649E0,-3.804937592E0
3.111867121E1,-1.009201355E0,-7.430248718E0,-4.163292389E0
3.112869921E1,-9.722282410E-1,-7.411687317E0,-4.443509674E0
3.113872721E1,7.029382324E-1,-7.189100189E0,-4.814588013E0
3.114875521E1,3.087180176E0,-7.072043610E0,-5.467380524E0
3.115878321E1,4.844825134E0,-7.003935242E0,-6.423891449E0
3.116881021E1,5.276078339E0,-6.699169006E0,-7.180118866E0
3.117883821E1,4.005221100E0,-6.110443268E0,-7.195387115E0
3.118886621E1,3.093018036E0,-4.377946014E0,-6.150709534E0
3.119889421E1,5.527405701E0,-8.625064087E-1,-4.200564880E0
3.120892221E1,1.207838287E1,3.542383575E0,-2.580633545E0
3.121895021E1,2.003852966E1,7.067852325E0,-1.852846985E0
3.122897821E1,2.745081573E1,9.629774780E0,-2.377356262E0
3.123900621E1,3.251972488E1,1.236339020E1,-3.664379883E0
3.124903421E1,3.337250153E1,1.508802429E1,-4.996160431E0
3.125906121E1,3.021751236E1,1.664418823E1,-5.775589600E0
3.126908921E1,2.499666916E1,1.686722443E1,-4.351002045E0
3.127911721E1,2.070299789E1,1.699999832E1,-2.908900909E0
3.128914521E1,1.773107803E1,1.697140778E1,-3.102298737E0
3.129917321E1,1.557645859E1,1.616503464E1,-3.974983978E0
3.130920121E1,1.321242462E1,1.481843491E1,-4.508175201E0
3.131922921E1,1.007704468E1,1.348665436E1,-3.975582733E0
3.132925721E1,6.843768311E0,1.262983612E1,-2.452050934E0
3.133928421E1,4.494104462E0,1.207194626E1,-7.686515808E-1
3.134931221E1,3.365750885E0,1.146061752E1,5.393284607E-1
3.135934021E1,2.700534210E0,1.086889801E1,1.485211487E0
3.136936821E1,2.079625397E0,1.031370255E1,2.178270264E0
3.137939621E1,1.332079926E0,9.775272217E0,2.708168335E0
3.138942421E1,5.249583435E-1,9.076674957E0,2.912643127E0
3.139945221E1,-1.642085266E-1,8.397537231E0,2.743345184E0
3.140948021E1,-6.683601379E-1,7.731422424E0,2.405946808E0
3.141950821E1,-1.021026764E0,7.147935791E0,2.026036835E0
3.142953521E1,-1.370549927E0,6.584058380E0,1.800156555E0
3.143956321E1,-1.890718231E0,6.074667664E0,1.895657959E0
3.144959121E1,-2.581531677E0,5.778733063E0,2.465223541E0
3.145961921E1,-2.976111145E0,5.965843964E0,3.278781738E0
3.146964721E1,-2.603835297E0,6.450985107E0,3.905528412E0
3.147967521E1,-1.304088135E0,7.197931824E0,3.985911255E0
3.148970321E1,7.619155884E-1,8.165669403E0,3.404969330E0
3.149973121E1,3.255879364E0,9.268575897E0,2.349214783E0
3.150975821E1,5.429658966E0,1.035860916E1,1.422940979E0
3.151978621E1,7.045099640E0,1.148007706E1,1.176852722E0
3.152981421E1,7.997269592E0,1.273192383E1,2.211501160E0
3.153984221E1,8.490194550E0,1.405397461E1,4.418212280E0
3.154987021E1,9.511520691E0,1.506497223E1,6.960824890E0
3.155989821E1,1.162512543E1,1.565729050E1,8.501570892E0
3.156992621E1,1.446052917E1,1.544428345E1,8.164771271E0
3.157995421E1,1.688773178E1,1.447400116E1,6.037245483E0
3.158998121E1,1.796788559E1,1.366553238E1,3.072660370E0
3.160000921E1,1.843925537E1,1.330612976E1,6.611750793E-1
3.161003721E1,1.871213791E1,1.313593369E1,-8.205935669E-1
3.162006521E1,1.876632523E1,1.245050903E1,-1.788780212E0
3.163009321E1,1.841261078E1,1.119926102E1,-2.129022675E0
3.164012121E1,1.692320801E1,9.334738312E0,-1.654359741E0
3.165014921E1,1.428254929E1,7.228168945E0,-6.014492798E-1
3.166017721E1,1.123952728E1,5.197192383E0,5.554948425E-1
3.167020521E1,8.744365997E0,3.330424347E0,1.575473785E0
3.168023221E1,7.161557465E0,1.880988464E0,2.357447662E0
3.169026021E1,6.250252533E0,8.717871094E-1,2.683918762E0
3.170028821E1,5.933960266E0,2.694396973E-2,2.403102722E0
3.171031621E1,6.155948639E0,-8.250842285E-1,1.635498962E0
3.172034421E1,6.619684296E0,-1.621128845E0,6.300398254E-1
3.173037221E1,6.965764618E0,-2.580034790E0,-4.939727783E-1
3.174040021E1,6.740333405E0,-3.679648132E0,-1.531315613E0
3.175042821E1,5.918991394E0,-4.692741394E0,-2.346969452E0
3.176045521E1,4.241579590E0,-5.823190613E0,-3.023562469E0
3.177048321E1,1.707948303E0,-6.949598236E0,-3.592229919E0
3.178051121E1,-8.684939575E-1,-7.772287445E0,-3.780538330E0
3.179053921E1,-2.491568756E0,-8.203989716E0,-3.474574585E0
3.180056721E1,-2.616259460E0,-8.140970764E0,-3.083288269E0
3.181059521E1,-1.385518799E0,-8.026159515E0,-3.195854187E0
3.182062321E1,6.761439514E-1,-7.722291412E0,-3.956871643E0
3.183065158E1,2.926564178E0,-7.035070496E0,-4.975054321E0
3.184067858E1,5.323080597E0,-5.894741821E0,-5.858517151E0
3.185070658E1,7.013215942E0,-4.581822052E0,-6.591093750E0
3.186073458E1,6.531068573E0,-3.239563293E0,-6.953041077E0
3.187076258E1,5.857020264E0,-7.556286621E-1,-6.184688873E0
3.188079058E1,8.461604004E0,3.294499054E0,-4.412973175E0
3.189081858E1,1.449465820E1,7.859106903E0,-3.365152130E0
3.190084658E1,2.300296509E1,1.152483398E1,-3.745062103E0
3.191087458E1,3.043216599E1,1.367421432E1,-5.046006775E0
3.192090158E1,3.289409637E1,1.502964569E1,-5.642965393E0
3.193092958E1,3.017380325E1,1.639735153E1,-3.605103149E0
3.194095758E1,2.539259583E1,1.718261856E1,1.321751404E-1
3.195098558E1,2.131447632E1,1.724264374E1,2.895578613E0
3.196101358E1,1.887978928E1,1.709130844E1,3.799099731E0
3.197104158E1,1.735266495E1,1.655168060E1,3.078198853E0
3.198106958E1,1.557630890E1,1.541629166E1,1.475182343E0
3.199109758E1,1.273192383E1,1.387449783E1,-7.334747314E-3
3.200112458E1,9.461075592E0,1.232506989E1,-9.651928711E-1
3.201115258E1,6.963519287E0,1.102786743E1,-1.326391754E0
3.202118058E1,5.155878296E0,9.964927826E0,-1.176403656E0
3.203120858E1,3.434158630E0,9.064849548E0,-4.960684204E-1
3.204123658E1,1.838476868E0,8.371341705E0,6.044430542E-1
3.205126458E1,5.676196289E-1,7.806715851E0,1.880389709E0
3.206129258E1,-3.876937866E-1,7.286846924E0,2.937641144E0
3.207131958E1,-1.080004120E0,6.902595978E0,3.589685211E0
3.208134758E1,-1.607357483E0,6.653214569E0,3.815415802E0
3.209137558E1,-2.117346954E0,6.530320129E0,3.758983154E0
3.210140358E1,-2.446512451E0,6.336922302E0,3.621718597E0
3.211143158E1,-2.637365570E0,6.087989960E0,3.564836884E0
3.212145958E1,-3.041674805E0,5.783074036E0,3.722459106E0
3.213148758E1,-3.602857819E0,5.446573792E0,4.183650055E0
3.214151558E1,-4.120780792E0,5.341492310E0,4.881947937E0
3.215154258E1,-4.145629120E0,5.645210724E0,5.497917023E0
3.216157058E1,-3.344944153E0,6.307283936E0,5.732329559E0
3.217159858E1,-2.277513885E0,7.032376099E0,5.298831024E0
3.218162658E1,-6.580316162E-1,8.053402863E0,4.537065125E0
3.219165458E1,1.501228180E0,9.567204895E0,4.163442078E0
3.220168258E1,3.744014282E0,1.121168518E1,4.163741455E0
3.221171058E1,5.765111389E0,1.288745041E1,4.562063141E0
3.222173858E1,7.693401489E0,1.442490326E1,5.405259705E0
3.223176558E1,9.710906067E0,1.567315750E1,6.337371368E0
3.224179358E1,1.241922409E1,1.714669327E1,6.949747925E0
3.225182158E1,1.618958359E1,1.828088470E1,6.511309662E0
3.226184958E1,1.983854553E1,1.835797440E1,4.586013336E0
3.227187758E1,2.178195419E1,1.742541367E1,2.329455872E0
3.228190558E1,2.161594940E1,1.613210312E1,8.223898315E-1
3.229193358E1,2.032997360E1,1.527528488E1,-3.951782227E-2
3.230196058E1,1.938483902E1,1.450663330E1,-8.110134888E-1
3.231198858E1,1.877351028E1,1.311737228E1,-1.407523041E0
3.232201658E1,1.766701126E1,1.108444977E1,-1.339564362E0
3.233204458E1,1.557346481E1,8.801996155E0,-6.279441833E-1
3.234207258E1,1.282907181E1,6.548582153E0,2.240840149E-1
3.235210058E1,1.025906616E1,4.330794067E0,1.046174469E0
3.236212858E1,8.231831818E0,2.281106415E0,1.831591187E0
3.237215558E1,6.644832001E0,4.486170959E-1,2.385888519E0
3.238218358E1,5.514682159E0,-1.121318207E0,2.627336426E0
3.239221158E1,4.836143188E0,-2.364782410E0,2.557731171E0
3.240223958E1,4.718188477E0,-3.332070923E0,2.166744232E0
3.241226758E1,5.121599579E0,-4.208797760E0,1.406774597E0
3.242229558E1,5.593568115E0,-5.175188141E0,3.156935120E-1
3.243232358E1,5.679788818E0,-6.048621826E0,-9.166937256E-1
3.244235058E1,4.824467468E0,-6.865622864E0,-2.001637573E0
3.245237858E1,3.102298737E0,-7.786956940E0,-2.927911377E0
3.246240658E1,1.056203613E0,-8.544531555E0,-3.653901672E0
3.247243458E1,-7.590715027E-1,-8.891510010E0,-4.017196198E0
3.248246258E1,-1.608854370E0,-8.917555847E0,-4.087250519E0
3.249249058E1,-6.828799438E-1,-8.624165955E0,-4.020489349E0
3.250251858E1,1.992656250E0,-8.265811157E0,-4.193529510E0
3.251254658E1,4.892276459E0,-7.882158966E0,-4.868925018E0
3.252257358E1,6.592291260E0,-7.236401825E0,-5.683531036E0
3.253260158E1,6.375841370E0,-6.295009460E0,-6.333479462E0
3.254262958E1,5.637576599E0,-4.839735718E0,-6.023174744E0
3.255265758E1,6.885980530E0,-2.069446564E0,-4.182602234E0
3.256268558E1,1.156405243E1,2.323468323E0,-1.557361450E0
3.257271358E1,1.911360306E1,7.126380615E0,3.659889221E-1
3.258274158E1,2.772384796E1,1.064107178E1,4.107458496E-1
3.259276858E1,3.362517609E1,1.271276367E1,-1.386416931E0
3.260279658E1,3.410088684E1,1.440469528E1,-3.409310303E0
3.261282458E1,2.962175125E1,1.600786148E1,-3.246748352E0
3.262285258E1,2.401920181E1,1.701257217E1,-1.494192810E0
3.263288058E1,1.979738113E1,1.710208603E1,-4.567002869E-1
3.264290858E1,1.750908966E1,1.679267944E1,-9.244775391E-1
3.265293658E1,1.675046722E1,1.648447037E1,-2.262395325E0
3.266296358E1,1.544563065E1,1.565669174E1,-3.635489960E0
3.267299158E1,1.267129990E1,1.435020859E1,-4.544100494E0
3.268301958E1,9.214837646E0,1.295196625E1,-4.734055481E0
3.269304758E1,6.214027863E0,1.162781982E1,-4.253554688E0
3.270307558E1,4.205953674E0,1.064780777E1,-3.391048279E0
3.271310358E1,2.798730011E0,9.780211945E0,-2.353256378E0
3.272313158E1,1.845661926E0,9.014254761E0,-1.070274353E0
3.273315858E1,1.199755096E0,8.472980347E0,3.411405945E-1
3.274318658E1,6.494993591E-1,7.942932587E0,1.700763245E0
3.275321458E1,1.032852173E-1,7.408843231E0,2.784659271E0
3.276324258E1,-5.144801331E-1,6.989415436E0,3.438200226E0
3.277327058E1,-1.134790192E0,6.632108459E0,3.796704712E0
3.278329858E1,-1.712139587E0,6.289321289E0,4.167783051E0
3.279332558E1,-2.301913147E0,6.018684082E0,4.526437225E0
3.280335358E1,-2.833757172E0,5.942941589E0,4.907544708E0
3.281338158E1,-3.181184692E0,6.169270935E0,5.289400635E0
3.282340958E1,-3.154540100E0,6.715036011E0,5.362299042E0
3.283343729E1,-2.506537628E0,7.398814087E0,5.022505646E0
3.284346529E1,-1.064286804E0,8.162525940E0,4.324806519E0
3.285349329E1,6.987469482E-1,8.754993896E0,3.463198242E0
3.286352029E1,2.245031433E0,9.517657928E0,2.782563629E0
3.287354829E1,3.538192291E0,1.075588303E1,2.595452728E0
3.288357629E1,5.053940277E0,1.241667938E1,2.863844604E0
3.289360429E1,6.254593506E0,1.412193329E1,3.340902557E0
3.290363229E1,7.336094513E0,1.547407150E1,3.908671875E0
3.291366029E1,8.715027008E0,1.644315628E1,4.748575287E0
3.292368829E1,1.042507095E1,1.697919159E1,5.604345703E0
3.293371529E1,1.338097412E1,1.722977051E1,5.529950409E0
3.294374329E1,1.630050293E1,1.710642700E1,3.873794403E0
3.295377129E1,1.811757431E1,1.671544006E1,1.613494720E0
3.296379929E1,1.884700745E1,1.599453918E1,-3.547622681E-2
3.297382729E1,1.883548141E1,1.493923370E1,-1.221759338E0
3.298385529E1,1.835587875E1,1.347048798E1,-2.296075287E0
3.299388229E1,1.721749603E1,1.155043076E1,-3.092269592E0
3.300391029E1,1.540416687E1,9.442364502E0,-3.242257690E0
3.301393829E1,1.324475739E1,7.482340393E0,-2.707270203E0
3.302396629E1,1.125913651E1,5.557642822E0,-1.814676361E0
3.303399429E1,9.735305328E0,3.537743225E0,-8.825646973E-1
3.304402229E1,8.667425995E0,1.672023010E0,1.691482544E-2
3.305405029E1,7.799381104E0,5.987548828E-4,6.860234070E-1
3.306407729E1,6.866670685E0,-1.425635376E0,9.598040771E-1
3.307410529E1,5.876479797E0,-2.365231476E0,9.162446594E-1
3.308413329E1,4.975802765E0,-3.190465393E0,6.953041077E-1
3.309416129E1,4.328099670E0,-4.020339661E0,4.176315308E-1
3.310418929E1,3.914809113E0,-4.735552368E0,8.367599487E-2
3.311421729E1,3.538940735E0,-5.336702271E0,-3.835025024E-1
3.312424529E1,3.040626984E0,-5.887556763E0,-1.033450928E0
3.313427229E1,2.493814087E0,-6.313421173E0,-1.756297760E0
3.314430029E1,1.890269165E0,-6.643634491E0,-2.388582916E0
3.315432829E1,1.236578522E0,-7.070995789E0,-2.916535034E0
3.316435629E1,7.137158203E-1,-7.403005371E0,-3.224594421E0
3.317438429E1,6.777905273E-1,-7.414082336E0,-3.385509796E0
3.318441229E1,1.867815857E0,-6.969057770E0,-3.768712921E0
3.319443929E1,4.222419434E0,-6.419849854E0,-4.530029755E0
3.320446729E1,6.618037720E0,-5.579347687E0,-5.528154144E0
3.321449529E1,8.132288818E0,-4.599335632E0,-6.708000641E0
3.322452329E1,8.606652374E0,-3.575015717E0,-7.515571289E0
3.323455129E1,8.671467590E0,-1.674717407E0,-7.230863342E0
3.324457929E1,1.000863693E1,1.733994141E0,-5.382507019E0
3.325460729E1,1.436083649E1,6.197113037E0,-2.346221008E0
3.326463429E1,2.076272369E1,1.002779709E1,4.278103638E-1
3.327466229E1,2.695130447E1,1.241518250E1,2.076481934E0
3.328469029E1,3.042707657E1,1.385039795E1,2.799029388E0
3.329471829E1,2.974793884E1,1.498443970E1,3.166365509E0
3.330474629E1,2.639895309E1,1.604977432E1,3.619772644E0
3.331477429E1,2.310894470E1,1.659748535E1,3.653901672E0
3.332480129E1,2.055720108E1,1.632115997E1,2.841540985E0
3.333482929E1,1.830154175E1,1.586386093E1,1.284628601E0
3.334485729E1,1.613584534E1,1.536464905E1,-6.524931335E-1
3.335488529E1,1.376028534E1,1.443792618E1,-2.587219849E0
3.336491329E1,1.095511871E1,1.328951431E1,-3.838617554E0
3.337494129E1,8.137677612E0,1.224573486E1,-4.199666748E0
3.338496929E1,5.774691467E0,1.127709915E1,-3.791764984E0
3.339499629E1,4.177961884E0,1.043914169E1,-2.803969116E0
3.340502429E1,3.207230530E0,9.868677979E0,-1.634600830E0
3.341505229E1,2.514620819E0,9.422006836E0,-7.081773376E-1
3.342508029E1,1.786085815E0,8.765621796E0,8.592132568E-2
3.343510829E1,1.205892334E0,8.238418121E0,1.103954315E0
3.344513629E1,5.676196289E-1,7.770491180E0,2.197280731E0
3.345516329E1,-3.338058472E-1,7.188651123E0,3.114423523E0
3.346519129E1,-1.334924011E0,6.539151764E0,3.769161987E0
3.347521929E1,-2.306104431E0,5.944438477E0,4.188290405E0
3.348524729E1,-3.147804108E0,5.489534454E0,4.439168701E0
3.349527529E1,-3.489992523E0,5.261109467E0,4.467609558E0
3.350530329E1,-3.676205292E0,5.136269073E0,4.060755615E0
3.351533029E1,-3.409160614E0,5.248236237E0,3.390150146E0
3.352535829E1,-2.895428925E0,5.611381073E0,2.897075500E0
3.353538629E1,-2.095941467E0,6.037544861E0,2.819237366E0
3.354541429E1,-4.590953064E-1,6.611900482E0,3.142115936E0
3.355544229E1,1.370699615E0,7.354805603E0,3.435056763E0
3.356547029E1,3.290307770E0,8.651109924E0,3.349285126E0
3.357549729E1,5.128036194E0,1.013422577E1,3.525468750E0
3.358552529E1,6.653963013E0,1.198782120E1,4.024231567E0
3.359555329E1,8.145760803E0,1.361418915E1,5.168302460E0
3.360558129E1,9.725575562E0,1.508203674E1,6.909331970E0
3.361560929E1,1.250918701E1,1.653192169E1,8.417894897E0
3.362563729E1,1.717588257E1,1.667726944E1,8.171357574E0
3.363566429E1,2.147120041E1,1.581176926E1,5.847589874E0
3.364569229E1,2.349349503E1,1.498653534E1,2.800077209E0
3.365572029E1,2.295970505E1,1.406355469E1,2.409988403E-1
3.366574829E1,2.124367355E1,1.302246964E1,-1.582658844E0
3.367577629E1,1.955997482E1,1.166509232E1,-2.999462585E0
3.368580429E1,1.802566544E1,9.984537048E0,-4.009262695E0
3.369583129E1,1.599723358E1,8.245752869E0,-4.045936432E0
3.370585929E1,1.338696167E1,6.394103394E0,-2.819836121E0
3.371588729E1,1.048479675E1,4.622387695E0,-7.794291687E-1
3.372591529E1,7.892487488E0,3.086731110E0,1.445094910E0
3.373594329E1,6.225703583E0,1.760938110E0,3.357068939E0
3.374597129E1,5.414540405E0,4.849914551E-1,4.326752472E0
3.375599829E1,5.116210785E0,-7.958949280E-1,4.070784760E0
3.376602629E1,5.125042419E0,-1.891766052E0,2.953657837E0
3.377605429E1,5.485043793E0,-2.598446503E0,1.460812225E0
3.378608229E1,5.959407349E0,-3.053200836E0,-1.377136230E-1
3.379611029E1,6.090684357E0,-3.621119843E0,-1.622925110E0
3.380613829E1,5.580096130E0,-4.332590332E0,-2.865491180E0
3.381616529E1,4.340374146E0,-5.005740509E0,-3.671564941E0
3.382619329E1,2.657124481E0,-5.738167419E0,-4.135001221E0
3.383622108E1,9.830058289E-1,-6.461463318E0,-4.345613251E0
3.384624908E1,-3.197351074E-1,-7.068002014E0,-4.360582123E0
3.385627708E1,-9.051676941E-1,-7.411088562E0,-4.312382355E0
3.386630508E1,-1.398092651E-1,-7.300618286E0,-4.258644104E0
3.387633208E1,1.611099701E0,-7.041656799E0,-4.388274536E0
3.388636008E1,3.792064362E0,-6.801705780E0,-4.994813232E0
3.389638808E1,5.647905121E0,-6.498436432E0,-5.852080536E0
3.390641608E1,6.498586121E0,-6.257287903E0,-6.825356598E0
3.391644408E1,6.302942963E0,-5.807473297E0,-7.057823181E0
3.392647208E1,6.359375610E0,-3.873495026E0,-5.757926331E0
3.393649908E1,9.091643829E0,2.634521484E-2,-3.410358124E0
3.394652708E1,1.503952515E1,4.674030304E0,-1.418001251E0
3.395655508E1,2.307316910E1,8.713380432E0,-5.656736755E-1
3.396658308E1,3.077360596E1,1.170341263E1,-1.010099487E0
3.397661108E1,3.458857269E1,1.389680145E1,-2.202370148E0
3.398663908E1,3.332774460E1,1.571866287E1,-2.515668640E0
3.399666608E1,2.822231140E1,1.693114151E1,-1.446142731E0
3.400669408E1,2.262470169E1,1.683174820E1,-3.927832031E-1
3.401672208E1,1.852397919E1,1.611204483E1,-1.480421448E-1
3.402675008E1,1.585443054E1,1.534114792E1,-8.337661743E-1
3.403677808E1,1.384021912E1,1.435110672E1,-1.903142395E0
3.404680608E1,1.126422592E1,1.302202057E1,-2.452350311E0
3.405683308E1,8.040529633E0,1.142753632E1,-2.126627655E0
3.406686108E1,5.010829926E0,1.000220032E1,-9.226812744E-1
3.407688908E1,2.850073242E0,9.123826904E0,6.806346130E-1
3.408691708E1,1.700463867E0,8.784482574E0,2.243534546E0
3.409694508E1,1.174607391E0,8.707243195E0,3.523672485E0
3.410697308E1,9.201365662E-1,8.689130859E0,4.366270294E0
3.411700008E1,7.408094788E-1,8.722361755E0,4.690046997E0
3.412702808E1,6.053411865E-1,8.634195099E0,4.463717651E0
3.413705608E1,2.558180237E-1,8.346343689E0,3.931723938E0
3.414708408E1,-6.661148071E-2,8.205187225E0,3.393443298E0
3.415711208E1,-6.054908752E-1,8.016729126E0,2.832709351E0
3.416714008E1,-1.582060089E0,7.513325958E0,2.387834473E0
3.417716708E1,-2.565664673E0,6.978338470E0,2.410138092E0
3.418719508E1,-3.332519989E0,6.507118378E0,2.873873749E0
3.419722308E1,-3.568579102E0,6.346951447E0,3.424279175E0
3.420725108E1,-2.810705109E0,6.690037994E0,3.863765259E0
3.421727908E1,-1.016386414E0,7.358697510E0,4.075874176E0
3.422730608E1,1.303040314E0,8.186326447E0,4.056414642E0
3.423733408E1,3.739972687E0,9.383536835E0,4.068090363E0
3.424736208E1,6.227499847E0,1.094464050E1,3.942202148E0
3.425739008E1,8.057294769E0,1.231563950E1,3.470532990E0
3.426741808E1,1.005923172E1,1.408301422E1,3.090623016E0
3.427744608E1,1.288595352E1,1.588930801E1,3.202141113E0
3.428747308E1,1.631322647E1,1.709774506E1,3.998335419E0
3.429750108E1,1.969095245E1,1.751238281E1,4.753365326E0
3.430752908E1,2.194406708E1,1.666619247E1,4.542004852E0
3.431755708E1,2.224404327E1,1.513098495E1,3.243754578E0
3.432758508E1,2.098770584E1,1.350491638E1,1.393901367E0
3.433761308E1,1.951806198E1,1.209080704E1,-1.962419128E-1
3.434764008E1,1.845976273E1,1.104418350E1,-1.148262177E0
3.435766808E1,1.782538193E1,1.021071671E1,-1.531914368E0
3.436769608E1,1.727602432E1,9.035809937E0,-1.498533783E0
3.437772408E1,1.601848938E1,7.365583191E0,-1.176253967E0
3.438775208E1,1.412462769E1,5.599405975E0,-6.141728210E-1
3.439778008E1,1.182031952E1,4.050576782E0,2.709365845E-2
3.440780708E1,9.488318939E0,2.699037323E0,7.822732544E-1
3.441783508E1,7.632478180E0,1.598076782E0,1.589095459E0
3.442786308E1,6.386020203E0,4.755610657E-1,2.220033417E0
3.443789108E1,5.601202240E0,-6.559359741E-1,2.519410858E0
3.444791908E1,5.102289734E0,-1.700014801E0,2.439028015E0
3.445794708E1,4.726271667E0,-2.586770782E0,1.929786987E0
3.446797408E1,4.711302795E0,-3.331921234E0,1.087787933E0
3.447800208E1,4.898563385E0,-3.960314484E0,-8.187973022E-2
3.448803008E1,4.586612091E0,-4.651576996E0,-1.439855804E0
3.449805808E1,3.793710938E0,-5.306315460E0,-2.665057983E0
3.450808608E1,2.602039032E0,-5.735173645E0,-3.775299225E0
3.451811408E1,1.284179535E0,-6.017636261E0,-4.678820343E0
3.452814108E1,3.653901672E-1,-6.248905334E0,-5.207670593E0
3.453816908E1,1.886077881E-1,-6.187832336E0,-5.351371765E0
3.454819708E1,5.764512634E-1,-5.883964233E0,-5.312602386E0
3.455822508E1,1.724713440E0,-5.190606079E0,-5.239404602E0
3.456825308E1,3.236719208E0,-4.296515350E0,-5.281018066E0
3.457828108E1,4.895419922E0,-3.259022827E0,-5.684728546E0
3.458830808E1,6.394552460E0,-2.174827423E0,-6.364315338E0
3.459833608E1,7.297175446E0,-1.206491089E0,-6.957382050E0
3.460836408E1,7.682773590E0,1.041833496E-1,-6.962172089E0
3.461839208E1,7.797285461E0,2.578388214E0,-5.608237610E0
3.462842008E1,9.585017853E0,6.557563477E0,-3.134781189E0
3.463844808E1,1.438209229E1,1.055230637E1,-8.466394043E-1
3.464847508E1,2.146027313E1,1.299357971E1,4.610412598E-1
3.465850308E1,2.676015198E1,1.365355728E1,2.677931213E-1
3.466853108E1,2.782997726E1,1.359457993E1,-6.994953918E-1
3.467855908E1,2.555979813E1,1.402119278E1,-1.520837402E0
3.468858708E1,2.265718414E1,1.558708649E1,-2.184557190E0
3.469861408E1,1.916883820E1,1.608809464E1,-2.248174896E0
3.470864208E1,1.571611816E1,1.455692871E1,-2.117945709E0
3.471867008E1,1.414558411E1,1.327574295E1,-3.071013794E0
3.472869808E1,1.252415588E1,1.221040833E1,-3.754043427E0
3.473872608E1,1.066157913E1,1.097023727E1,-4.197421417E0
3.474875408E1,8.562943268E0,9.692045288E0,-4.240082703E0
3.475878108E1,6.543043671E0,8.574918365E0,-3.638034668E0
3.476880908E1,4.943619690E0,7.767048340E0,-2.719544678E0
3.477883708E1,3.482059021E0,7.145690460E0,-1.829944611E0
3.478886508E1,2.167193298E0,6.552324371E0,-8.875044250E-1
3.479889308E1,1.000818787E0,6.041736145E0,2.341131592E-1
3.480892108E1,1.772314453E-1,5.674849091E0,1.360820160E0
3.481894808E1,-3.315605164E-1,5.461542664E0,2.338137817E0
3.482897608E1,-8.614585876E-1,5.373376007E0,3.073109436E0
3.483900442E1,-1.408121796E0,5.443580017E0,3.490591278E0
3.484903242E1,-2.227218475E0,5.589526520E0,3.590134277E0
3.485906042E1,-2.912044373E0,5.639821930E0,3.435056763E0
3.486908842E1,-3.364703064E0,5.490133209E0,3.189866638E0
3.487911542E1,-3.462449799E0,5.489534454E0,2.964734802E0
3.488914342E1,-3.235072632E0,5.754184113E0,2.854114838E0
3.489917142E1,-2.674338684E0,6.257587280E0,2.756966858E0
3.490919942E1,-1.418450317E0,7.132218475E0,2.866988068E0
3.491922742E1,-3.409909058E-1,8.046517181E0,3.042572937E0
3.492925542E1,1.871109009E-1,9.266330566E0,3.055745544E0
3.493928242E1,9.119036865E-1,1.123234222E1,3.200045471E0
3.494931042E1,2.357896729E0,1.389111328E1,3.641926575E0
3.495933842E1,4.989424438E0,1.642893585E1,4.427792358E0
3.496936642E1,8.561446381E0,1.885269562E1,5.761818237E0
3.497939442E1,1.257250534E1,2.063204544E1,7.896678772E0
3.498942142E1,1.627505585E1,2.145922531E1,1.027777725E1
3.499944942E1,1.931927536E1,2.101674545E1,1.076276871E1
3.500947742E1,2.111913254E1,1.885479126E1,8.431067505E0
3.501950542E1,2.075493988E1,1.608031082E1,4.732558594E0
3.502953342E1,1.936253540E1,1.377944550E1,1.472787323E0
3.503956142E1,1.790935730E1,1.208990891E1,-9.936337280E-1
3.504958842E1,1.709190720E1,1.085841980E1,-2.632276154E0
3.505961642E1,1.653416702E1,9.541608124E0,-3.287014618E0
3.506964442E1,1.549383041E1,7.927364960E0,-3.247646484E0
3.507967242E1,1.354293732E1,6.107000427E0,-2.788700867E0
3.508970042E1,1.108789261E1,4.474195862E0,-2.126178589E0
3.509972842E1,8.831035767E0,3.175496521E0,-1.270857239E0
3.510975542E1,7.256909180E0,2.071392517E0,-3.031196594E-1
3.511978342E1,6.394253082E0,9.627978516E-1,3.927832031E-1
3.512981142E1,5.979465637E0,-7.604187012E-2,5.697152710E-1
3.513983942E1,5.758225708E0,-1.030307465E0,2.154020691E-1
3.514986742E1,5.600753174E0,-1.841770020E0,-4.067042542E-1
3.515989442E1,5.418282623E0,-2.562072144E0,-1.049317932E0
3.516992242E1,4.992118835E0,-3.367098083E0,-1.717378693E0
3.517995042E1,4.250111847E0,-4.307891693E0,-2.448009338E0
3.518997842E1,3.147953796E0,-5.296585693E0,-3.111878815E0
3.520000642E1,1.612596588E0,-6.348148956E0,-3.560196533E0
3.521003442E1,-7.379653931E-2,-7.337292023E0,-3.574416962E0
3.522006142E1,-1.427281952E0,-8.014633484E0,-3.151696014E0
3.523008942E1,-1.581161957E0,-8.302335205E0,-2.601290588E0
3.524011742E1,-5.908213806E-1,-8.358169098E0,-2.433040466E0
3.525014542E1,1.315763855E0,-8.075257416E0,-3.005450134E0
3.526017342E1,3.447929993E0,-7.643255768E0,-4.137396240E0
3.527020142E1,5.553301849E0,-7.044650574E0,-5.341342621E0
3.528022842E1,7.298223267E0,-6.226601715E0,-6.249953156E0
3.529025642E1,8.045169983E0,-4.771777039E0,-6.820716248E0
3.530028442E1,8.459508362E0,-2.605781250E0,-6.661746826E0
3.531031242E1,1.055185730E1,1.202748871E0,-4.793182526E0
3.532034042E1,1.601220245E1,6.520740051E0,-1.691033478E0
3.533036842E1,2.394091461E1,1.128084137E1,9.011260986E-1
3.534039542E1,3.120905045E1,1.394934219E1,1.764680328E0
3.535042342E1,3.427886673E1,1.521780441E1,7.951464844E-1
3.536045142E1,3.232947052E1,1.633822449E1,-3.721261597E-1
3.537047942E1,2.719529709E1,1.729263977E1,-3.830534363E-1
3.538050742E1,2.203193436E1,1.730536331E1,1.157093811E-1
3.539053442E1,1.839704315E1,1.650946838E1,-2.871029663E-1
3.540056242E1,1.649345169E1,1.526705200E1,-1.731299744E0
3.541059042E1,1.515313889E1,1.405636963E1,-3.235671387E0
3.542061842E1,1.288625290E1,1.288520508E1,-4.320615234E0
3.543064642E1,9.678124237E0,1.167931274E1,-4.801415405E0
3.544067442E1,6.759343872E0,1.073283096E1,-4.162993011E0
3.545070142E1,4.844974823E0,1.009575577E1,-2.820434875E0
3.546072942E1,3.554658051E0,9.642947388E0,-1.595981140E0
3.547075742E1,2.564766541E0,9.386680298E0,-3.941304016E-1
3.548078542E1,1.923799438E0,9.017248535E0,9.202862549E-1
3.549081342E1,1.273701324E0,8.589887238E0,1.981579285E0
3.550084042E1,4.995112610E-1,8.208480377E0,2.650089111E0
3.551086842E1,-4.324507141E-1,7.668702850E0,3.108735352E0
3.552089642E1,-1.400787048E0,6.928492126E0,3.337908783E0
3.553092442E1,-2.272574158E0,6.208938446E0,3.487447815E0
3.554095242E1,-2.982248383E0,5.676645355E0,3.681594086E0
3.555097942E1,-3.532055054E0,5.306165771E0,4.062551880E0
3.556100742E1,-3.813769226E0,5.091063080E0,4.596641235E0
3.557103542E1,-3.943549347E0,5.104834442E0,5.220094757E0
3.558106342E1,-3.838617554E0,5.413342896E0,5.571563873E0
3.559109142E1,-3.463198242E0,5.996380463E0,5.517975311E0
3.560111942E1,-2.377356262E0,6.691983948E0,5.275778961E0
3.561114642E1,-3.046165466E-1,7.827672272E0,5.044210510E0
3.562117442E1,2.328108673E0,9.350605316E0,4.598587189E0
3.563120242E1,5.104684753E0,1.132963989E1,4.258793793E0
3.564123042E1,7.760162659E0,1.378154114E1,4.287084961E0
3.565125842E1,1.099852844E1,1.587733292E1,4.780758362E0
3.566128542E1,1.537722290E1,1.778481628E1,6.227948914E0
3.567131342E1,1.981309845E1,1.921134979E1,7.275620270E0
3.568134142E1,2.317031708E1,1.885149811E1,6.049969025E0
3.569136942E1,2.426005096E1,1.686632629E1,2.677033081E0
3.570139742E1,2.291869034E1,1.475167374E1,-1.258582764E0
3.571142542E1,2.080807938E1,1.328322739E1,-4.406087494E0
3.572145242E1,1.908770691E1,1.233195557E1,-6.415957947E0
3.573148042E1,1.822624832E1,1.137903717E1,-7.489375763E0
3.574150842E1,1.782328629E1,1.002854553E1,-7.677983551E0
3.575153642E1,1.690764038E1,8.253087616E0,-7.092550964E0
3.576156442E1,1.500000732E1,6.277944946E0,-5.877527618E0
3.577159142E1,1.239392670E1,4.362528076E0,-4.246369629E0
3.578161942E1,9.939480743E0,2.674638062E0,-2.543211365E0
3.579164742E1,7.825576630E0,1.199605408E0,-5.764512634E-1
3.580167542E1,6.417754211E0,-1.303788757E-1,9.545649719E-1
3.581170342E1,5.536387024E0,-1.331032104E0,1.934726715E0
3.582173042E1,4.904101868E0,-2.384391632E0,2.300266571E0
3.583175817E1,4.329746246E0,-3.233276367E0,1.948498077E0
3.584178617E1,3.989803162E0,-4.022135925E0,9.927355957E-1
3.585181417E1,3.834126892E0,-4.789739685E0,-1.875599670E-1
3.586184217E1,3.966002655E0,-5.357359314E0,-1.543590088E0
3.587186917E1,3.898343353E0,-5.839656372E0,-2.803520050E0
3.588189717E1,3.148552551E0,-6.356232147E0,-3.808979187E0
3.589192517E1,1.873803406E0,-6.883585510E0,-4.368964691E0
3.590195317E1,4.270619202E-1,-7.570357361E0,-4.627926178E0
3.591198117E1,-7.716453552E-1,-8.140671387E0,-4.703219604E0
3.592200917E1,-7.729925537E-1,-8.361312561E0,-4.523144073E0
3.593203617E1,3.995191956E-1,-8.304131470E0,-4.278403015E0
3.594206417E1,2.125879211E0,-8.176896057E0,-4.261338501E0
3.595209217E1,4.038002930E0,-7.706873474E0,-4.842879181E0
3.596212017E1,5.522465973E0,-6.969057770E0,-5.348377991E0
3.597214817E1,6.352489929E0,-5.782325592E0,-5.856870575E0
3.598217517E1,6.664740601E0,-4.067790985E0,-6.253695374E0
3.599220317E1,7.997718658E0,-1.307530975E0,-5.583089905E0
3.600223117E1,1.201985458E1,2.548450470E0,-3.688030701E0
3.601225917E1,1.810425201E1,6.323150940E0,-1.919159088E0
3.602228717E1,2.445913696E1,9.400301971E0,-1.080004120E0
3.603231417E1,2.922238174E1,1.198752182E1,-1.211580505E0
3.604234217E1,3.106235550E1,1.453716980E1,-1.707050171E0
3.605237017E1,2.931144653E1,1.657158920E1,-1.769769745E0
3.606239817E1,2.580783234E1,1.762165558E1,-1.256786499E0
3.607242617E1,2.237786499E1,1.779080383E1,-1.344653778E0
3.608245417E1,1.965203339E1,1.709849350E1,-2.736609192E0
3.609248117E1,1.770158936E1,1.614752106E1,-4.480482788E0
3.610250917E1,1.480421448E1,1.473146576E1,-5.200485535E0
3.611253717E1,1.153965317E1,1.316841614E1,-5.256020050E0
3.612256517E1,8.634644165E0,1.189621170E1,-4.072131958E0
3.613259317E1,6.096971283E0,1.071546707E1,-1.993255005E0
3.614262017E1,4.324207764E0,9.811197510E0,1.377136230E-2
3.615264817E1,3.217109985E0,9.270072784E0,1.692530365E0
3.616267617E1,2.140249329E0,8.730744324E0,3.271297302E0
3.617270417E1,1.109642487E0,8.428822174E0,4.439318390E0
3.618273217E1,4.049079895E-1,8.339607697E0,4.943619690E0
3.619275917E1,-1.651066589E-1,8.029901733E0,4.681664429E0
3.620278717E1,-8.405021667E-1,7.602241058E0,3.925886078E0
3.621281517E1,-1.663191376E0,7.332501984E0,3.154689789E0
3.622284317E1,-2.665057983E0,7.029831390E0,2.669249268E0
3.623287117E1,-3.685635681E0,6.647376709E0,2.512974243E0
3.624289817E1,-4.541555786E0,6.171665955E0,2.503843231E0
3.625292617E1,-4.852309570E0,5.862708435E0,2.511327667E0
3.626295417E1,-4.607418823E0,5.947581940E0,2.351310425E0
3.627298217E1,-3.857328644E0,6.201454010E0,2.027384033E0
3.628301017E1,-2.585722961E0,6.653364258E0,1.935325470E0
3.629303717E1,-7.948471069E-1,7.698790283E0,2.073937225E0
3.630306517E1,1.675465851E0,9.329948273E0,2.085912323E0
3.631309317E1,4.636907501E0,1.144504990E1,2.041305084E0
3.632312117E1,7.599097595E0,1.394380371E1,2.326462097E0
3.633314917E1,1.073941727E1,1.660152695E1,3.223097534E0
3.634317717E1,1.451920715E1,1.855691071E1,4.494254150E0
3.635320417E1,1.926538742E1,1.976504837E1,5.303621063E0
3.636323217E1,2.344424744E1,1.981160156E1,4.530478821E0
3.637326017E1,2.506941788E1,1.839000778E1,2.199975128E0
3.638328817E1,2.376278503E1,1.648955978E1,-1.306782532E-1
3.639331617E1,2.114413055E1,1.496767456E1,-1.729653168E0
3.640334317E1,1.909788574E1,1.373423950E1,-2.686463470E0
3.641337117E1,1.804856781E1,1.259121643E1,-3.178340607E0
3.642339917E1,1.741433670E1,1.110181366E1,-3.282074890E0
3.643342717E1,1.627565460E1,9.383836212E0,-2.455493774E0
3.644345517E1,1.420111862E1,7.602690125E0,-1.032253418E0
3.645348217E1,1.153950348E1,5.591322784E0,3.577560425E-1
3.646351017E1,9.067543945E0,3.541036377E0,1.695224762E0
3.647353817E1,7.016060028E0,1.807042236E0,2.903063049E0
3.648356617E1,5.724545746E0,4.522096252E-1,3.764521637E0
3.649359417E1,5.055586853E0,-7.384144592E-1,3.933071136E0
3.650362117E1,4.947511597E0,-1.775008850E0,3.485052795E0
3.651364917E1,5.268294525E0,-2.631078644E0,2.686613159E0
3.652367717E1,5.535638580E0,-3.403921509E0,1.742975464E0
3.653370517E1,5.645360413E0,-4.119134216E0,7.887098694E-1
3.654373317E1,5.511688385E0,-4.944966888E0,-1.017883301E-2
3.655376017E1,4.976700897E0,-5.824388123E0,-8.012837219E-1
3.656378817E1,3.911665649E0,-6.659651184E0,-1.641187134E0
3.657381617E1,2.315684509E0,-7.518115997E0,-2.315085754E0
3.658384417E1,7.792794800E-1,-8.262967072E0,-2.680924988E0
3.659387217E1,-2.781216431E-1,-8.725954285E0,-2.934497681E0
3.660390017E1,-8.373587036E-1,-9.035360870E0,-3.295247498E0
3.661392717E1,-5.325924683E-1,-9.053024139E0,-3.809727631E0
3.662395517E1,7.566764832E-1,-8.634494476E0,-4.506229248E0
3.663398317E1,3.148851929E0,-7.999065857E0,-5.482499084E0
3.664401117E1,5.788612518E0,-6.983427887E0,-6.643035736E0
3.665403917E1,8.123606873E0,-5.337301025E0,-7.808212738E0
3.666406617E1,8.895102539E0,-3.488345947E0,-8.485404510E0
3.667409417E1,9.607620850E0,-3.522175598E-1,-7.282805328E0
3.668412217E1,1.328652054E1,4.543501740E0,-4.086202698E0
3.669415017E1,2.004421783E1,9.377549286E0,-1.040635986E0
3.670417817E1,2.812321747E1,1.276934601E1,1.746867371E-1
3.671420517E1,3.362203262E1,1.445349380E1,-5.545967102E-1
3.672423317E1,3.417932373E1,1.571057968E1,-1.887125702E0
3.673426117E1,3.049623276E1,1.720192841E1,-2.108814697E0
3.674428917E1,2.509037430E1,1.769395523E1,-1.506766663E0
3.675431717E1,2.055345886E1,1.683025131E1,-1.394649811E0
3.676434417E1,1.718561234E1,1.555056244E1,-1.810634766E0
3.677437217E1,1.429048279E1,1.420995026E1,-2.641407166E0
3.678440017E1,1.121722366E1,1.284868103E1,-3.359314270E0
3.679442817E1,7.910599823E0,1.147229324E1,-3.437152405E0
3.680445617E1,4.871769104E0,1.019664597E1,-2.603535919E0
3.681448317E1,2.714006195E0,9.233848114E0,-1.194665680E0
3.682451117E1,1.657652893E0,8.721463623E0,2.450404358E-1
3.683453929E1,1.303040314E0,8.461753693E0,1.479223938E0
3.684456729E1,1.057850189E0,8.163873138E0,2.336790619E0
3.685459529E1,7.800279236E-1,7.936046906E0,2.818638611E0
3.686462229E1,2.972817993E-1,7.702532501E0,3.017275543E0
3.687465029E1,-5.224136353E-1,7.260801086E0,2.995870056E0
3.688467829E1,-1.582060089E0,6.633605347E0,2.910098419E0
3.689470629E1,-2.714904327E0,5.993985443E0,2.899171143E0
3.690473429E1,-3.559148712E0,5.489534454E0,3.151995392E0
3.691476129E1,-3.954027557E0,5.130431213E0,3.600612488E0
3.692478929E1,-3.908522186E0,5.125341797E0,4.172273712E0
3.693481729E1,-3.674409027E0,5.484445038E0,4.657414856E0
3.694484529E1,-3.635489960E0,5.843548279E0,4.813240814E0
3.695487329E1,-2.848426666E0,6.579268341E0,4.727618866E0
3.696490029E1,-9.837542725E-1,7.721243591E0,4.430935822E0
3.697492829E1,1.779200134E0,9.221873016E0,4.075425110E0
3.698495629E1,4.217928772E0,1.090123077E1,3.703149261E0
3.699498429E1,5.899382172E0,1.267623962E1,3.720662842E0
3.700501229E1,7.464228058E0,1.479194000E1,4.547693024E0
3.701503929E1,9.920619965E0,1.691542419E1,5.445076904E0
3.702506729E1,1.371762405E1,1.850212463E1,5.813011780E0
3.703509529E1,1.795067139E1,1.932810699E1,4.888983307E0
3.704512329E1,2.150547913E1,1.907827652E1,2.665207672E0
3.705515129E1,2.283860687E1,1.774829224E1,4.242178345E-1
3.706517829E1,2.171010361E1,1.593945374E1,-9.813592529E-1
3.707520629E1,1.949216583E1,1.456770630E1,-1.393152924E0
3.708523429E1,1.745505203E1,1.354652985E1,-1.457219696E0
3.709526229E1,1.625649445E1,1.220846237E1,-1.481918335E0
3.710528929E1,1.549113602E1,1.045156586E1,-1.316661987E0
3.711531729E1,1.429452438E1,8.519832916E0,-7.014413452E-1
3.712534529E1,1.238045471E1,6.544989624E0,7.858657837E-2
3.713537329E1,1.013302826E1,4.603975983E0,8.223898315E-1
3.714540129E1,8.296497345E0,2.917283478E0,1.608105927E0
3.715542829E1,7.232958984E0,1.468446350E0,2.314337311E0
3.716545629E1,6.598129120E0,1.309776306E-1,2.649190979E0
3.717548429E1,6.000871124E0,-1.027164001E0,2.468217316E0
3.718551229E1,5.441634064E0,-1.949396210E0,1.909129944E0
3.719554029E1,5.231770477E0,-2.595003662E0,1.294807434E0
3.720556729E1,5.448220367E0,-3.265309753E0,5.234614563E-1
3.721559529E1,5.937253418E0,-4.129313049E0,-4.331991577E-1
3.722562329E1,6.066734161E0,-5.197042694E0,-1.509760437E0
3.723565129E1,5.303171997E0,-6.238876190E0,-2.552492065E0
3.724567929E1,3.713777161E0,-7.005731506E0,-3.275638275E0
3.725570629E1,1.353635101E0,-7.764952698E0,-3.610791321E0
3.726573429E1,-5.936654663E-1,-8.217162323E0,-3.738326111E0
3.727576229E1,-1.335522766E0,-8.270601196E0,-3.799548798E0
3.728579029E1,-4.394860840E-1,-8.094716949E0,-4.113895111E0
3.729581829E1,1.656305695E0,-7.926317139E0,-4.947960663E0
3.730584529E1,4.256398773E0,-7.529941406E0,-6.035449219E0
3.731587329E1,6.196963348E0,-6.729256439E0,-7.083270264E0
3.732590129E1,6.798113251E0,-5.887107697E0,-7.780819702E0
3.733592929E1,6.540948029E0,-4.449197845E0,-7.568261719E0
3.734595729E1,7.544760590E0,-8.753796387E-1,-6.164929962E0
3.735598429E1,1.297636551E1,4.481231232E0,-4.296066284E0
3.736601229E1,2.109024261E1,8.635691986E0,-3.411705322E0
3.737604029E1,2.763433411E1,1.056143738E1,-4.130959625E0
3.738606829E1,3.063394638E1,1.187869812E1,-5.423372040E0
3.739609629E1,3.025253952E1,1.348500778E1,-5.621260529E0
3.740612329E1,2.757685364E1,1.494372437E1,-4.231251068E0
3.741615129E1,2.440105774E1,1.558139832E1,-2.459086304E0
3.742617929E1,2.175051956E1,1.574755280E1,-1.009201355E0
3.743620729E1,1.982013382E1,1.589993591E1,7.080276489E-2
3.744623429E1,1.805724976E1,1.563064590E1,1.746867371E-1
3.745626229E1,1.590906693E1,1.466994370E1,-4.052073669E-1
3.746629029E1,1.324116486E1,1.329370560E1,-7.195536804E-1
3.747631829E1,1.023302032E1,1.191552155E1,-2.189945984E-1
3.748634629E1,7.357350311E0,1.053030212E1,8.494834900E-1
3.749637329E1,4.872966614E0,9.262288971E0,2.210004272E0
3.750640129E1,2.730022888E0,8.171058197E0,3.591331787E0
3.751642929E1,9.596543884E-1,7.385342102E0,4.712799683E0
3.752645729E1,-3.373983765E-1,6.942712555E0,5.387446747E0
3.753648529E1,-1.282083893E0,6.493945770E0,5.560187531E0
3.754651229E1,-1.975142670E0,5.974376221E0,5.446274414E0
3.755654029E1,-2.698588257E0,5.494923248E0,5.350473633E0
3.756656829E1,-3.394341431E0,5.195695496E0,5.284311218E0
3.757659629E1,-3.939208374E0,4.984335022E0,5.116360474E0
3.758662329E1,-4.607119446E0,4.723277893E0,5.006339264E0
3.759665129E1,-5.315596161E0,4.450245667E0,5.120252380E0
3.760667929E1,-5.818699951E0,4.379442902E0,5.429209900E0
3.761670729E1,-5.924529877E0,4.731061707E0,5.827830963E0
3.762673529E1,-5.205125885E0,5.431604919E0,6.052663422E0
3.763676229E1,-4.014950867E0,6.032605133E0,5.848637695E0
3.764679029E1,-2.129322052E0,7.020401001E0,5.340594177E0
3.765681829E1,9.324110413E-1,8.834927673E0,4.571643219E0
3.766684629E1,4.123475189E0,1.049692154E1,3.361709290E0
3.767687429E1,6.467151489E0,1.171898026E1,2.658022614E0
3.768690129E1,7.711813202E0,1.321736435E1,3.661984863E0
3.769692929E1,8.176297302E0,1.518382507E1,6.279292145E0
3.770695729E1,9.522597656E0,1.720013214E1,9.019493866E0
3.771698529E1,1.308474014E1,1.937091797E1,1.054572006E1
3.772701329E1,1.792717026E1,2.031335815E1,9.856253815E0
3.773704029E1,2.225347366E1,1.927736252E1,7.261399841E0
3.774706829E1,2.452035965E1,1.741074417E1,4.179458771E0
3.775709629E1,2.446003510E1,1.573767334E1,1.776655426E0
3.776712429E1,2.285222855E1,1.477113327E1,3.725752258E-1
3.777715129E1,2.082244949E1,1.371163651E1,-5.309458923E-1
3.778717929E1,1.887320297E1,1.188633224E1,-1.302142181E0
3.779720729E1,1.669508240E1,9.628726959E0,-1.722168732E0
3.780723529E1,1.408002045E1,7.342231750E0,-1.610950012E0
3.781726329E1,1.126257935E1,5.279072113E0,-1.115779724E0
3.782729029E1,8.771160278E0,3.538491669E0,-2.754272461E-1
3.783731754E1,7.057972870E0,2.073039093E0,6.864724731E-1
3.784734554E1,6.083199921E0,6.297404480E-1,1.451082458E0
3.785737354E1,5.597460022E0,-6.812333679E-1,1.867965546E0
3.786740154E1,5.567372589E0,-1.733545074E0,1.833686829E0
3.787742854E1,5.776038666E0,-2.683320007E0,1.298549652E0
3.788745654E1,5.914949799E0,-3.658392334E0,4.041595459E-1
3.789748454E1,5.760620728E0,-4.582121429E0,-5.577401733E-1
3.790751254E1,5.317242737E0,-5.407654724E0,-1.483564911E0
3.791754054E1,4.422553253E0,-6.218817902E0,-2.282902679E0
3.792756754E1,3.089575195E0,-6.942862244E0,-2.935994568E0
3.793759554E1,1.629810791E0,-7.627688141E0,-3.464994507E0
3.794762354E1,2.865042114E-1,-8.086783447E0,-3.775748291E0
3.795765154E1,-6.403683472E-1,-8.205636292E0,-4.105662231E0
3.796767854E1,-7.490423584E-1,-8.092920685E0,-4.589456177E0
3.797770654E1,3.594026184E-1,-7.785460052E0,-5.182522888E0
3.798773454E1,2.481988678E0,-7.489076385E0,-5.908064117E0
3.799776254E1,5.138664093E0,-6.673721924E0,-6.837032318E0
3.800779054E1,7.229067078E0,-5.441184998E0,-7.964338074E0
3.801781754E1,8.201145630E0,-3.622766418E0,-8.556955719E0
3.802784554E1,9.568252716E0,-6.182144165E-2,-7.447313232E0
3.803787354E1,1.377600266E1,4.956941986E0,-5.010829926E0
3.804790154E1,2.078113541E1,9.668993225E0,-3.111729126E0
3.805792954E1,2.828847382E1,1.291409500E1,-2.460134125E0
3.806795654E1,3.308644638E1,1.506751694E1,-2.763852539E0
3.807798454E1,3.345183655E1,1.704909622E1,-2.923869781E0
3.808801254E1,2.992636780E1,1.887559799E1,-1.983674927E0
3.809804054E1,2.499083130E1,1.979423767E1,-4.713697815E-1
3.810806754E1,2.096869537E1,1.947674789E1,2.727328491E-1
3.811809554E1,1.810874268E1,1.811248489E1,-8.427474976E-2
3.812812354E1,1.559367279E1,1.598974915E1,-1.419647827E0
3.813815154E1,1.238913666E1,1.393452301E1,-2.561024323E0
3.814817954E1,8.498876495E0,1.215352661E1,-2.864742737E0
3.815820654E1,4.818330231E0,1.054272629E1,-2.173779602E0
3.816823454E1,2.030377808E0,9.211095428E0,-5.794450378E-1
3.817826254E1,2.471360779E-1,8.290958862E0,1.280437317E0
3.818829054E1,-7.930508423E-1,7.576644287E0,3.030747528E0
3.819831854E1,-1.357527008E0,7.078779602E0,4.449048157E0
3.820834554E1,-1.354383545E0,6.908733215E0,5.298831024E0
3.821837354E1,-9.153465271E-1,6.796616364E0,5.489384766E0
3.822840154E1,-7.455995178E-1,6.487209778E0,5.153932343E0
3.823842954E1,-1.352886658E0,6.067183228E0,4.539310455E0
3.824845654E1,-2.396217041E0,5.754184113E0,3.899840240E0
3.825848454E1,-3.425177307E0,5.368136902E0,3.347638550E0
3.826851254E1,-4.219425659E0,4.856650543E0,3.006647644E0
3.827854054E1,-4.829257507E0,4.355642395E0,2.886447601E0
3.828856854E1,-5.018164673E0,4.126918030E0,2.858455811E0
3.829859554E1,-4.850513306E0,4.142934723E0,2.873574371E0
3.830862354E1,-4.559069366E0,4.392166443E0,2.838996277E0
3.831865154E1,-3.530408478E0,5.252128143E0,2.788551178E0
3.832867954E1,-1.781445465E0,6.535259857E0,2.837200012E0
3.833870654E1,8.018824768E-1,8.123606873E0,3.226839752E0
3.834873454E1,3.890110474E0,1.001462448E1,3.677851868E0
3.835876254E1,6.330485687E0,1.191776688E1,3.813170471E0
3.836879054E1,8.087831268E0,1.406849442E1,4.229754181E0
3.837881854E1,9.941127319E0,1.609797409E1,5.533542938E0
3.838884554E1,1.248029709E1,1.775068726E1,7.250472565E0
3.839887354E1,1.596475113E1,1.935669754E1,8.599317627E0
3.840890154E1,2.033386551E1,2.017938675E1,8.131240997E0
3.841892954E1,2.452514969E1,1.915222275E1,5.313799896E0
3.842895754E1,2.641122757E1,1.709909225E1,1.697619781E0
3.843898454E1,2.506837006E1,1.563753159E1,-1.193168793E0
3.844901254E1,2.232756958E1,1.486154526E1,-2.900069275E0
3.845904054E1,1.972942245E1,1.353096222E1,-3.721710663E0
3.846906854E1,1.743424530E1,1.153276749E1,-3.794609070E0
3.847909554E1,1.496378265E1,9.193581848E0,-3.070265350E0
3.848912354E1,1.202015396E1,6.874304810E0,-1.767973480E0
3.849915154E1,8.986113281E0,4.876259766E0,-1.848655701E-1
3.850917954E1,6.631958771E0,3.169808350E0,1.473984833E0
3.851920754E1,5.135820007E0,1.690584412E0,3.057990875E0
3.852923454E1,4.334536285E0,4.661306763E-1,4.049528961E0
3.853926254E1,4.018244019E0,-5.043013000E-1,4.123325500E0
3.854929054E1,4.291276245E0,-1.245110779E0,3.371738434E0
3.855931854E1,4.761598206E0,-2.030527496E0,2.026036835E0
3.856934554E1,5.227579193E0,-2.964585114E0,4.230203247E-1
3.857937354E1,5.436095581E0,-3.916306000E0,-1.216220856E0
3.858940154E1,5.037025452E0,-4.814737701E0,-2.793341217E0
3.859942954E1,3.749253387E0,-5.624254303E0,-4.112697601E0
3.860945754E1,1.569037170E0,-6.219716034E0,-5.221591644E0
3.861948454E1,-9.499246216E-1,-6.687343597E0,-5.775290222E0
3.862951254E1,-2.674937439E0,-6.917864227E0,-5.571264496E0
3.863954054E1,-3.061882782E0,-6.903045044E0,-4.758305054E0
3.864956854E1,-2.033521271E0,-6.762637024E0,-4.057312775E0
3.865959554E1,1.809736633E-1,-6.417155457E0,-4.086502075E0
3.866962354E1,2.775378571E0,-5.608087921E0,-4.647834778E0
3.867965154E1,5.119204559E0,-4.411326599E0,-5.669460297E0
3.868967954E1,7.031178589E0,-3.059487762E0,-7.052883453E0
3.869970754E1,8.004604340E0,-1.925895081E0,-8.364456024E0
3.870973454E1,8.189769287E0,-6.162684631E-1,-8.600365448E0
3.871976254E1,8.840765533E0,1.747466125E0,-7.007976837E0
3.872979054E1,1.178155014E1,5.338498535E0,-4.147126007E0
3.873981854E1,1.696721649E1,8.879235535E0,-1.760039978E0
3.874984554E1,2.296689011E1,1.134011810E1,-1.005908203E0
3.875987354E1,2.787727890E1,1.300675232E1,-1.567091217E0
3.876990154E1,2.978910324E1,1.449959793E1,-2.424208832E0
3.877992954E1,2.910547485E1,1.634525986E1,-2.583777008E0
3.878995654E1,2.690385315E1,1.758513153E1,-2.081571350E0
3.879998454E1,2.398492310E1,1.734622833E1,-1.549877014E0
3.881001254E1,2.099264557E1,1.633538040E1,-1.280886383E0
3.882004054E1,1.771715698E1,1.519714737E1,-1.520388336E0
3.883006854E1,1.426683197E1,1.378618149E1,-2.194736023E0
3.884009629E1,1.082728455E1,1.220142700E1,-2.836301880E0
3.885012429E1,7.480993195E0,1.057281372E1,-3.043471069E0
3.886015229E1,4.546196136E0,9.140592041E0,-2.501448212E0
3.887018029E1,2.296524353E0,8.227790222E0,-1.290765839E0
3.888020729E1,7.795788574E-1,7.675887909E0,2.038760376E-1
3.889023529E1,-1.481918335E-2,7.206913147E0,1.778601379E0
3.890026329E1,-3.635939026E-1,6.942263489E0,3.205733643E0
3.891029129E1,-4.363426208E-1,6.922354889E0,4.301305389E0
3.892031829E1,-6.285429382E-1,6.958280182E0,4.821623383E0
3.893034629E1,-1.191821594E0,6.948849792E0,4.880750427E0
3.894037429E1,-2.090552673E0,6.797664185E0,4.718487854E0
3.895040229E1,-2.994822235E0,6.554569702E0,4.591252441E0
3.896043029E1,-3.691772919E0,6.315067749E0,4.669988708E0
3.897045729E1,-4.075724487E0,5.984255676E0,4.695286102E0
3.898048529E1,-4.295018463E0,5.761818237E0,4.557422791E0
3.899051329E1,-4.361779633E0,5.915249176E0,4.266577606E0
3.900054129E1,-4.017944641E0,6.357579346E0,3.900438995E0
3.901056829E1,-2.985990601E0,6.965764618E0,3.559747467E0
3.902059629E1,-1.152154083E0,7.959098969E0,3.485651550E0
3.903062429E1,1.343605957E0,9.440717926E0,3.528761902E0
3.904065229E1,4.247716827E0,1.127365631E1,3.577410736E0
3.905067929E1,6.450236664E0,1.301782928E1,3.757486267E0
3.906070729E1,8.246351624E0,1.490585312E1,4.577331390E0
3.907073529E1,1.078342575E1,1.685285431E1,6.314169617E0
3.908076329E1,1.424228302E1,1.833118011E1,8.306376801E0
3.909079029E1,1.809078003E1,1.904010590E1,8.878187714E0
3.910081829E1,2.132136200E1,1.827729218E1,7.517666931E0
3.911084629E1,2.326072906E1,1.669897430E1,5.433700562E0
3.912087429E1,2.370964554E1,1.506871445E1,3.597768402E0
3.913090229E1,2.285133041E1,1.355281677E1,2.233355713E0
3.914092929E1,2.159199921E1,1.180130905E1,1.213526459E0
3.915095729E1,2.029868866E1,9.840087433E0,2.547702026E-1
3.916098529E1,1.876946869E1,7.741301880E0,-6.367758179E-1
3.917101329E1,1.685869217E1,5.703589325E0,-1.286724243E0
3.918104029E1,1.454315735E1,3.937711487E0,-1.630559235E0
3.919106829E1,1.211236221E1,2.497256927E0,-1.620230713E0
3.920109629E1,9.947414246E0,1.324146423E0,-1.321452026E0
3.921112429E1,8.287516022E0,1.303788757E-1,-8.628057861E-1
3.922115129E1,7.057374115E0,-9.596543884E-1,-5.122348022E-1
3.923117929E1,6.029611359E0,-1.819616089E0,-4.330494690E-1
3.924120729E1,5.226082306E0,-2.481689301E0,-5.432203674E-1
3.925123529E1,4.649631042E0,-3.094215546E0,-8.493338013E-1
3.926126229E1,4.230352936E0,-3.732039185E0,-1.406325531E0
3.927129029E1,3.699556732E0,-4.428989868E0,-1.982926483E0
3.928131829E1,2.729573822E0,-5.194797363E0,-2.615061951E0
3.929134629E1,1.278491364E0,-5.872288513E0,-3.238814850E0
3.930137429E1,-2.652484131E-1,-6.505920868E0,-3.565585327E0
3.931140129E1,-1.722468109E0,-7.226971436E0,-3.645668793E0
3.932142929E1,-2.450254669E0,-7.698939972E0,-3.467389526E0
3.933145729E1,-1.953288116E0,-7.752079468E0,-3.089874573E0
3.934148529E1,-3.701802063E-1,-7.972421265E0,-2.985391846E0
3.935151229E1,1.708397369E0,-8.316106567E0,-3.353476410E0
3.936154029E1,3.870950317E0,-8.269852753E0,-4.019591217E0
3.937156829E1,5.321733398E0,-7.894882507E0,-5.013973389E0
3.938159629E1,5.835914154E0,-7.324568481E0,-6.180796967E0
3.939162329E1,6.032754822E0,-6.010750580E0,-6.938221893E0
3.940165129E1,7.551346893E0,-3.100502472E0,-6.488706665E0
3.941167929E1,1.174801987E1,1.113534393E0,-4.398752747E0
3.942170729E1,1.877291153E1,5.449118500E0,-1.788780212E0
3.943173429E1,2.748943542E1,8.844956818E0,-6.975494385E-1
3.944176229E1,3.485801239E1,1.135972733E1,-1.558409271E0
3.945179029E1,3.812002899E1,1.393317581E1,-2.801125031E0
3.946181829E1,3.645728668E1,1.661170578E1,-2.531835022E0
3.947184529E1,3.149645279E1,1.839404938E1,-1.029409332E0
3.948187329E1,2.647170181E1,1.848401230E1,2.775228882E-1
3.949190129E1,2.302047867E1,1.742810806E1,6.490502930E-1
3.950192929E1,2.034793625E1,1.555999283E1,-4.326004028E-1
3.951195629E1,1.717483475E1,1.350970642E1,-1.894310760E0
3.952198429E1,1.298863998E1,1.177182037E1,-2.687361603E0
3.953201229E1,8.539442139E0,1.022478745E1,-2.424059143E0
3.954204029E1,4.892276459E0,8.877139893E0,-1.047970734E0
3.955206729E1,2.508932648E0,8.029452667E0,7.692503357E-1
3.956209529E1,1.410666504E0,7.566764832E0,2.497855682E0
3.957212329E1,9.954299927E-1,7.228468323E0,3.937711487E0
3.958215129E1,7.216493225E-1,6.954088898E0,4.944368134E0
3.959217829E1,4.221221924E-1,6.684050446E0,5.376818848E0
3.960220629E1,1.568737793E-1,6.511309662E0,5.258864136E0
3.961223429E1,-3.125500488E-1,6.512956238E0,4.718787231E0
3.962226229E1,-1.393302612E0,6.413562927E0,4.026776276E0
3.963229029E1,-2.753224640E0,6.201753387E0,3.510350189E0
3.964231729E1,-3.860023041E0,6.002218323E0,3.256029053E0
3.965234529E1,-4.521497498E0,5.667813721E0,3.363355865E0
3.966237329E1,-4.721481628E0,5.352269897E0,3.752696228E0
3.967240129E1,-4.353995819E0,5.312602386E0,4.352349243E0
3.968242829E1,-3.794459381E0,5.275928650E0,4.926854553E0
3.969245629E1,-3.179538116E0,5.514831848E0,5.212161255E0
3.970248429E1,-2.132016449E0,6.183491364E0,5.103187866E0
3.971251229E1,-4.041595459E-2,7.410190430E0,4.638404388E0
3.972253929E1,2.734064484E0,8.837622070E0,4.125570831E0
3.973256729E1,5.109474792E0,1.044468018E1,3.834575958E0
3.974259529E1,7.008425903E0,1.249137405E1,4.502037964E0
3.975262329E1,8.702902222E0,1.480945358E1,6.308331757E0
3.976265029E1,1.091335556E1,1.675914917E1,8.585546265E0
3.977267829E1,1.448582657E1,1.832309692E1,1.045770309E1
3.978270629E1,1.899055893E1,1.939337128E1,1.095721436E1
3.979273429E1,2.348885468E1,1.884521118E1,9.498797150E0
3.980276129E1,2.639685745E1,1.680899551E1,6.823859711E0
3.981278929E1,2.660282913E1,1.479059280E1,4.087998962E0
3.982281729E1,2.477542923E1,1.362227234E1,1.673070831E0
3.983284529E1,2.253069717E1,1.259031830E1,-1.564247131E-1
3.984287229E1,2.041095520E1,1.092757599E1,-1.666933594E0
3.985290029E1,1.790726166E1,8.856333160E0,-2.790197754E0
3.986292829E1,1.479328720E1,6.874304810E0,-3.156186676E0
3.987295629E1,1.138861725E1,5.188809814E0,-2.715802460E0
3.988298329E1,8.382718048E0,3.877386932E0,-1.487905884E0
3.989301129E1,6.162534943E0,2.841241608E0,-2.739303589E-2
3.990303929E1,4.916975098E0,1.861079865E0,1.137634277E0
3.991306729E1,4.376299438E0,9.512718201E-1,1.979633331E0
3.992309429E1,4.304897919E0,3.637435913E-2,2.432142334E0
3.993312229E1,4.452790375E0,-8.771759033E-1,2.347568207E0
3.994315029E1,4.540507965E0,-1.801952820E0,1.767524414E0
3.995317829E1,4.407434692E0,-2.863545227E0,8.240364075E-1
3.996320529E1,4.144581299E0,-3.981121216E0,-2.074685669E-1
3.997323329E1,3.648812256E0,-5.041216736E0,-1.185684357E0
3.998326129E1,2.807561646E0,-5.969735870E0,-2.039808197E0
3.999328929E1,1.501377869E0,-6.716682587E0,-2.863096161E0
4.000331629E1,-6.286926270E-3,-7.414681091E0,-3.526067505E0
4.001334429E1,-1.361718292E0,-7.909701691E0,-3.946992188E0
4.002337229E1,-1.949096832E0,-8.143515472E0,-4.185745697E0
4.003340029E1,-1.325194244E0,-8.038583679E0,-4.292773132E0
4.004342729E1,5.421725464E-1,-7.838000793E0,-4.408332825E0
4.005345529E1,3.058889008E0,-7.650740204E0,-4.613256683E0
4.006348329E1,5.933660889E0,-7.034322052E0,-4.999603271E0
4.007351129E1,8.753347321E0,-6.083199921E0,-5.736820221E0
4.008353829E1,1.015533188E1,-4.820126495E0,-6.801705780E0
4.009356629E1,1.005908203E1,-2.548151093E0,-7.426506500E0
4.010359429E1,1.028795609E1,1.284478912E0,-6.451284485E0
4.011362229E1,1.407478134E1,6.460415497E0,-3.197201385E0
4.012364929E1,2.149290527E1,1.061846878E1,5.792953491E-1
4.013367729E1,2.937671082E1,1.309671524E1,3.713777161E0
4.014370529E1,3.357218628E1,1.479164063E1,5.985752563E0
4.015373329E1,3.354479324E1,1.675016785E1,7.780071259E0
4.016376029E1,3.059083603E1,1.888742340E1,9.168134766E0
4.017378829E1,2.595782043E1,1.940085571E1,9.203610992E0
4.018381629E1,2.142060562E1,1.807730804E1,7.408543854E0
4.019384429E1,1.700793182E1,1.629616196E1,3.810176697E0
4.020387129E1,1.266980301E1,1.503398666E1,1.077758789E-1
4.021389929E1,9.147777100E0,1.378318771E1,-2.600242767E0
4.022392729E1,6.742728424E0,1.250379822E1,-3.972139893E0
4.023395529E1,4.979395294E0,1.163006516E1,-3.965703278E0
4.024398229E1,3.857927399E0,1.108504852E1,-2.901715851E0
4.025401029E1,3.008743286E0,1.057191559E1,-1.403481445E0
4.026403829E1,2.266885986E0,9.917925568E0,-1.166075134E-1
4.027406629E1,1.729054413E0,9.336235199E0,9.119036865E-1
4.028409329E1,8.723858643E-1,8.825197906E0,1.535207520E0
4.029412129E1,-4.559518433E-1,8.183482361E0,1.782493286E0
4.030414929E1,-2.017654266E0,7.361840973E0,1.851948853E0
4.031417729E1,-3.449127502E0,6.618935852E0,1.976190491E0
4.032420429E1,-4.503235474E0,6.103557587E0,2.354304199E0
4.033423229E1,-4.955145721E0,5.813161469E0,2.938838654E0
4.034426029E1,-4.934039612E0,5.573360138E0,3.811523895E0
4.035428829E1,-4.631219330E0,5.507497101E0,4.682712250E0
4.036431529E1,-4.346511383E0,5.882018280E0,5.112767944E0
4.037434329E1,-4.154161377E0,6.480174408E0,5.089566193E0
4.038437129E1,-3.332519989E0,7.178921356E0,4.751269684E0
4.039439929E1,-1.806742859E0,8.141719208E0,4.168681183E0
4.040442629E1,1.793270874E-1,9.553283844E0,3.400927734E0
4.041445429E1,2.451601868E0,1.115645004E1,2.605781250E0
4.042448229E1,4.043092346E0,1.244706619E1,2.004930725E0
4.043451029E1,5.442083130E0,1.405666901E1,2.610421600E0
4.044453729E1,6.544091492E0,1.615755020E1,4.718188477E0
4.045456529E1,7.617209930E0,1.847383347E1,7.521858215E0
4.046459329E1,1.045500870E1,2.071422455E1,1.007554779E1
4.047462129E1,1.523412048E1,2.201921082E1,1.095811249E1
4.048464829E1,2.072305618E1,2.170561295E1,9.132808228E0
4.049467629E1,2.530697388E1,1.994347733E1,5.345234528E0
4.050470429E1,2.710443604E1,1.788510773E1,1.254990234E0
4.051473229E1,2.576397354E1,1.629092285E1,-2.288141785E0
4.052475929E1,2.330354004E1,1.477083389E1,-5.141957245E0
4.053478729E1,2.070659042E1,1.261426849E1,-6.968459015E0
4.054481529E1,1.807730804E1,1.003812561E1,-7.348668365E0
4.055484329E1,1.518801636E1,7.368277588E0,-6.352938995E0
4.056487029E1,1.201326828E1,4.877457275E0,-4.233795776E0
4.057489829E1,9.112899628E0,2.835403748E0,-1.688788147E0
4.058492629E1,6.800657959E0,1.103056183E0,5.505551147E-1
4.059495429E1,5.191204834E0,-3.827540588E-1,2.379002838E0
4.060498129E1,4.159999237E0,-1.477277985E0,3.635489960E0
4.061500929E1,3.578009491E0,-2.256557465E0,4.264631653E0
4.062503729E1,3.520379333E0,-2.992576904E0,4.184248810E0
4.063506529E1,3.737427979E0,-3.898493042E0,3.459306335E0
4.064509229E1,3.876339111E0,-4.916376343E0,2.261347504E0
4.065512029E1,3.753893738E0,-5.853128357E0,8.720864868E-1
4.066514829E1,3.258723450E0,-6.621630249E0,-4.394860840E-1
4.067517629E1,2.591411133E0,-7.013515320E0,-1.566043396E0
4.068520329E1,1.545386353E0,-7.205416260E0,-2.546953583E0
4.069523129E1,1.380130005E-1,-7.467221832E0,-3.368145905E0
4.070525929E1,-1.028660889E0,-7.795938263E0,-3.868704987E0
4.071528729E1,-1.223106537E0,-8.035589905E0,-4.098477173E0
4.072531429E1,-3.281176758E-1,-8.175249481E0,-4.685406647E0
4.073534229E1,1.709744568E0,-7.988437958E0,-5.773943024E0
4.074537029E1,4.432881775E0,-7.425907745E0,-7.165000305E0
4.075539829E1,7.001839600E0,-6.436016235E0,-8.808283081E0
4.076542529E1,8.346044312E0,-5.392835541E0,-1.023885818E1
4.077545329E1,7.988887024E0,-4.151766357E0,-1.064361649E1
4.078548129E1,5.784271545E0,-2.114802246E0,-9.684710541E0
4.079550929E1,5.395529938E0,1.225052490E0,-6.832541656E0
4.080553629E1,1.125165207E1,5.664670258E0,-2.403551788E0
4.081556429E1,2.086032074E1,9.699679413E0,2.325414276E0
4.082559229E1,2.973985565E1,1.243808487E1,6.072272644E0
4.083561979E1,3.602064468E1,1.445469131E1,8.769813080E0
4.084564679E1,3.837779297E1,1.615231110E1,1.084015778E1
4.085567479E1,3.668541229E1,1.734787491E1,1.189740921E1
4.086570279E1,3.190779739E1,1.838222397E1,1.216340607E1
4.087572979E1,2.487706787E1,1.850332214E1,1.148247208E1
4.088575779E1,1.814841019E1,1.720357498E1,9.438023529E0
4.089578579E1,1.361149475E1,1.496004044E1,6.768624573E0
4.090581379E1,1.038779846E1,1.284404068E1,4.255051575E0
4.091584079E1,7.758216705E0,1.127934448E1,2.405797119E0
4.092586879E1,5.483995972E0,1.014739838E1,1.462309113E0
4.093589679E1,3.360362091E0,9.211694183E0,1.623074799E0
4.094592479E1,1.771416321E0,8.410859528E0,2.771336975E0
4.095595179E1,7.222480774E-1,7.651039581E0,4.076323242E0
4.096597979E1,1.067280579E-1,6.830146637E0,5.062771912E0
4.097600779E1,-3.649411011E-1,5.859115906E0,5.743705902E0
4.098603579E1,-8.536747742E-1,5.019212494E0,6.176755371E0
4.099606279E1,-1.418150940E0,4.467010803E0,6.470893707E0
4.100609079E1,-2.066602478E0,4.116739197E0,6.477030945E0
4.101611879E1,-2.884202271E0,3.871399384E0,6.173911285E0
4.102614679E1,-3.620221710E0,3.716172180E0,5.591622162E0
4.103617379E1,-4.320914612E0,3.672313385E0,5.018613739E0
4.104620179E1,-5.163662109E0,3.517834625E0,4.704716492E0
4.105622979E1,-5.999972992E0,3.495830383E0,4.802463226E0
4.106625679E1,-6.557114410E0,3.750600586E0,5.052742767E0
4.107628479E1,-6.110443268E0,4.294120331E0,5.262007599E0
4.108631279E1,-4.925507355E0,5.084027710E0,5.461542664E0
4.109634079E1,-2.645598450E0,6.470294952E0,5.370232544E0
4.110636779E1,8.663983154E-1,8.406668243E0,4.824766846E0
4.111639579E1,4.676425323E0,1.089674011E1,4.856650543E0
4.112642379E1,7.460934906E0,1.383842285E1,5.350174255E0
4.113645179E1,9.413474579E0,1.605935440E1,6.451434174E0
4.114647879E1,1.167601959E1,1.778781006E1,8.493936768E0
4.115650679E1,1.547526901E1,1.974439133E1,1.008961853E1
4.116653479E1,2.093636261E1,2.039673477E1,9.231752472E0
4.117656279E1,2.544798065E1,1.882455414E1,5.948779449E0
4.118658979E1,2.668411011E1,1.645857422E1,2.037113800E0
4.119661779E1,2.507001663E1,1.462039673E1,-1.038540344E0
4.120664579E1,2.225407242E1,1.366074234E1,-2.696342926E0
4.121667379E1,1.986803421E1,1.243329483E1,-3.317551117E0
4.122670079E1,1.802327042E1,1.041998154E1,-3.406017151E0
4.123672879E1,1.603974518E1,8.171806641E0,-3.267106018E0
4.124675679E1,1.373034760E1,6.181695099E0,-2.847229156E0
4.125678379E1,1.123428818E1,4.511468353E0,-2.161355438E0
4.126681179E1,8.849297791E0,3.106639709E0,-1.254541168E0
4.127683979E1,6.934180298E0,1.801054688E0,-3.698808289E-1
4.128686779E1,5.647605743E0,5.707630920E-1,3.095562744E-1
4.129689479E1,4.728816376E0,-5.182223511E-1,8.033793640E-1
4.130692279E1,4.104764099E0,-1.465901642E0,1.031205597E0
4.131695079E1,3.821103973E0,-2.282303925E0,1.003812561E0
4.132697879E1,4.070784760E0,-2.807262268E0,5.418731689E-1
4.133700579E1,4.419858856E0,-3.243006134E0,-2.592608643E-1
4.134703379E1,4.378844147E0,-3.860172729E0,-1.142274628E0
4.135706179E1,3.727698212E0,-4.537214813E0,-1.953288116E0
4.136708979E1,2.568658447E0,-5.141208801E0,-2.563269653E0
4.137711679E1,1.220262451E0,-5.759572906E0,-2.943628693E0
4.138714479E1,4.251159668E-2,-6.448141022E0,-3.141666870E0
4.139717279E1,-5.098397827E-1,-6.999594269E0,-3.186872864E0
4.140720079E1,-3.083587646E-2,-7.179071045E0,-3.180885315E0
4.141722779E1,1.563648376E0,-7.216193848E0,-3.557352448E0
4.142725579E1,3.625161438E0,-7.213499451E0,-4.214336243E0
4.143728379E1,5.751340027E0,-7.064858551E0,-5.147495728E0
4.144731079E1,7.102280731E0,-6.643933868E0,-6.179898834E0
4.145733879E1,7.430248718E0,-5.704637146E0,-7.035968628E0
4.146736679E1,7.131470032E0,-3.746259613E0,-7.304210815E0
4.147739479E1,7.561376038E0,-7.509883118E-1,-6.221063232E0
4.148742179E1,1.090751770E1,3.714525604E0,-3.503614197E0
4.149744979E1,1.793136154E1,8.888216858E0,-7.333250427E-1
4.150747779E1,2.650747742E1,1.272773254E1,1.085692291E0
4.151750579E1,3.304947327E1,1.499132538E1,1.843865662E0
4.152753279E1,3.544000214E1,1.640573410E1,1.674717407E0
4.153756079E1,3.367547150E1,1.768437515E1,1.436412964E0
4.154758879E1,2.908706314E1,1.864507736E1,1.293160858E0
4.155761679E1,2.355426865E1,1.859103973E1,6.881190491E-1
4.156764379E1,1.868684052E1,1.756402542E1,-7.988887024E-1
4.157767179E1,1.474209366E1,1.566746933E1,-2.959795074E0
4.158769979E1,1.151525391E1,1.382330429E1,-4.618795166E0
4.159772779E1,8.897347870E0,1.231189728E1,-5.116959229E0
4.160775479E1,6.860084381E0,1.075857742E1,-4.361779633E0
4.161778279E1,5.178181915E0,9.479786682E0,-2.733465729E0
4.162781079E1,3.702849884E0,8.497678986E0,-9.930349731E-1
4.163783779E1,2.564916229E0,7.626939697E0,3.749702454E-1
4.164786579E1,1.930385742E0,6.958878937E0,1.264270935E0
4.165789379E1,1.511556702E0,6.528074799E0,1.861079865E0
4.166792179E1,8.273295593E-1,6.049370270E0,2.229164429E0
4.167794879E1,-2.748284912E-1,5.367837524E0,2.356699219E0
4.168797679E1,-1.588496704E0,4.716092834E0,2.347418518E0
4.169800479E1,-2.922372894E0,4.252656555E0,2.302362213E0
4.170803279E1,-3.985013123E0,3.889362030E0,2.409838715E0
4.171805979E1,-4.757855988E0,3.634891205E0,2.646197205E0
4.172808779E1,-5.275030518E0,3.515738983E0,3.215613098E0
4.173811579E1,-5.549559631E0,3.670068054E0,3.844904480E0
4.174814379E1,-5.479804688E0,4.105063477E0,4.203109589E0
4.175817079E1,-4.770130463E0,4.785249023E0,4.312831421E0
4.176819879E1,-3.181783447E0,6.076164551E0,4.399800568E0
4.177822679E1,-7.698490906E-1,7.895630951E0,4.387975159E0
4.178825379E1,2.203867035E0,1.016610947E1,3.912414093E0
4.179828179E1,4.999004517E0,1.246637604E1,2.736459503E0
4.180830979E1,6.731651459E0,1.443972244E1,1.460512848E0
4.181833779E1,7.921377411E0,1.613075592E1,1.361568604E0
4.182836479E1,9.052425385E0,1.749891083E1,3.043022003E0
4.183839358E1,1.119013000E1,1.860331421E1,5.054089966E0
4.184842158E1,1.471455093E1,1.935205719E1,5.489384766E0
4.185844958E1,1.868160141E1,1.875973892E1,3.534749451E0
4.186847658E1,2.087334366E1,1.731778748E1,2.586621094E-1
4.187850458E1,2.054088501E1,1.585323303E1,-2.593806152E0
4.188853258E1,1.861094833E1,1.458911179E1,-4.454287262E0
4.189856058E1,1.674133621E1,1.322215439E1,-5.461093597E0
4.190858758E1,1.570878342E1,1.157078842E1,-5.748196564E0
4.191861558E1,1.498608627E1,9.929301910E0,-5.401517487E0
4.192864358E1,1.425081528E1,8.436456299E0,-4.697531433E0
4.193867058E1,1.332768494E1,6.925648041E0,-3.781885529E0
4.194869858E1,1.207284439E1,5.504353638E0,-2.636317749E0
4.195872658E1,1.062984512E1,4.176914062E0,-1.326391754E0
4.196875458E1,9.281299438E0,2.805016937E0,5.553451538E-2
4.197878158E1,8.111781464E0,1.462608490E0,1.352736969E0
4.198880958E1,7.161258087E0,1.633103943E-1,2.376607819E0
4.199883758E1,6.339916077E0,-1.168021088E0,3.036585388E0
4.200886558E1,5.779780884E0,-2.408192139E0,3.439098358E0
4.201889258E1,5.634283447E0,-3.485352173E0,3.585643616E0
4.202892058E1,5.825136566E0,-4.551135864E0,3.315904541E0
4.203894858E1,5.823040924E0,-5.736071777E0,2.604883118E0
4.204897558E1,5.179678802E0,-6.828350372E0,1.605561218E0
4.205900358E1,3.805386658E0,-7.645650787E0,5.601351929E-1
4.206903158E1,1.918560333E0,-8.149053955E0,-2.856060791E-1
4.207905958E1,1.050814819E-1,-8.341703339E0,-7.613168335E-1
4.208908658E1,-7.668553162E-1,-8.228538666E0,-1.086740112E0
4.209911458E1,-5.533992004E-1,-8.029003601E0,-1.677860870E0
4.210914258E1,6.544390869E-1,-7.644602966E0,-2.802172852E0
4.211917058E1,2.142494659E0,-6.929539948E0,-4.461023254E0
4.212919758E1,2.943179626E0,-5.915249176E0,-6.345304871E0
4.213922558E1,3.306474152E0,-4.578678589E0,-7.916737061E0
4.214925358E1,3.132386169E0,-2.715952148E0,-8.750952301E0
4.215928158E1,3.684438171E0,3.403921509E-1,-8.404273224E0
4.216930858E1,6.705904999E0,4.460723877E0,-6.944658508E0
4.217933658E1,1.235874985E1,8.850644989E0,-5.371579742E0
4.218936458E1,1.942854813E1,1.205353455E1,-4.633913727E0
4.219939158E1,2.591515915E1,1.401774994E1,-4.911586304E0
4.220941958E1,2.957400055E1,1.593062210E1,-5.838907928E0
4.221944758E1,2.921983704E1,1.760114822E1,-6.785838776E0
4.222947558E1,2.615346359E1,1.839674377E1,-7.426057434E0
4.223950258E1,2.249342468E1,1.822190735E1,-7.594457245E0
4.224953058E1,1.898996017E1,1.727737152E1,-7.823031921E0
4.225955858E1,1.597927094E1,1.603106323E1,-8.503666534E0
4.226958658E1,1.338875793E1,1.458462112E1,-9.088799744E0
4.227961358E1,1.094733490E1,1.313743057E1,-9.026828613E0
4.228964158E1,8.592881012E0,1.179232773E1,-8.181536407E0
4.229966958E1,6.521338806E0,1.051248917E1,-6.542444916E0
4.230969658E1,4.715344391E0,9.253008270E0,-4.425547028E0
4.231972458E1,2.888094177E0,8.235574036E0,-2.313139801E0
4.232975258E1,1.390458527E0,7.504194946E0,-2.716850281E-1
4.233978058E1,1.972897339E-1,6.877148895E0,1.673519897E0
4.234980758E1,-8.189469910E-1,6.480623474E0,3.395538940E0
4.235983558E1,-1.556912384E0,6.287525024E0,4.655019836E0
4.236986358E1,-1.943258972E0,6.239025879E0,5.413342896E0
4.237989058E1,-2.160157928E0,6.259383545E0,5.558091888E0
4.238991858E1,-2.399510193E0,6.162385254E0,5.230872345E0
4.239994658E1,-2.580334167E0,6.041436768E0,4.790937195E0
4.240997458E1,-2.768043823E0,5.909111938E0,4.455035706E0
4.242000158E1,-2.778372345E0,5.999374237E0,4.237987061E0
4.243002958E1,-2.476749573E0,6.668931885E0,3.894301758E0
4.244005758E1,-1.628014526E0,7.537725220E0,3.376977539E0
4.245008558E1,-3.327580261E-1,8.354127502E0,2.647544403E0
4.246011258E1,1.263073425E0,9.363029480E0,1.862277374E0
4.247014058E1,3.520978088E0,1.081815353E1,1.306782532E0
4.248016858E1,6.215375061E0,1.277847702E1,1.271755371E0
4.249019558E1,8.968749390E0,1.468880447E1,1.751657410E0
4.250022358E1,1.121752304E1,1.619392456E1,2.673290863E0
4.251025158E1,1.305719742E1,1.726030701E1,3.622467041E0
4.252027958E1,1.521645721E1,1.829091385E1,3.903283081E0
4.253030658E1,1.768826706E1,1.792672119E1,2.328108673E0
4.254033458E1,1.931463501E1,1.620859406E1,-6.069877625E-1
4.255036258E1,1.948542984E1,1.483310440E1,-3.194057922E0
4.256038958E1,1.883398453E1,1.396221542E1,-4.700824585E0
4.257041758E1,1.807072174E1,1.321960968E1,-5.225782928E0
4.258044558E1,1.781834656E1,1.212284042E1,-5.364095306E0
4.259047358E1,1.759995071E1,1.052626053E1,-5.385949860E0
4.260050058E1,1.652952667E1,8.642877045E0,-5.003944244E0
4.261052858E1,1.437610474E1,6.758745117E0,-4.127666473E0
4.262055658E1,1.156165741E1,4.935087433E0,-2.837649078E0
4.263058358E1,8.995992737E0,3.330274658E0,-1.221759338E0
4.264061158E1,7.069648590E0,1.955084381E0,3.814068604E-1
4.265063958E1,5.804030457E0,8.331674194E-1,1.800306244E0
4.266066758E1,5.124144287E0,-1.447489929E-1,2.723586273E0
4.267069458E1,4.880151672E0,-1.154249725E0,2.960393829E0
4.268072258E1,4.740791473E0,-2.209704895E0,2.560874634E0
4.269075058E1,4.590653687E0,-3.235072632E0,1.766027527E0
4.270077758E1,4.538562012E0,-4.065994720E0,7.352709961E-1
4.271080558E1,4.605023804E0,-4.694238281E0,-3.794609070E-1
4.272083358E1,4.254901886E0,-5.383405151E0,-1.501377869E0
4.273086158E1,2.998115387E0,-6.153104553E0,-2.385589142E0
4.274088858E1,1.151854706E0,-6.758894806E0,-3.057242432E0
4.275091658E1,-6.005511475E-1,-7.143445129E0,-3.523971863E0
4.276094458E1,-1.383423157E0,-7.324418793E0,-3.795058136E0
4.277097258E1,-5.276527405E-1,-7.480244751E0,-4.243375854E0
4.278099958E1,1.246907043E0,-7.781717834E0,-5.082081757E0
4.279102758E1,3.337160339E0,-7.948620758E0,-6.108197937E0
4.280105558E1,5.244044952E0,-7.422165527E0,-7.186705170E0
4.281108258E1,6.710695038E0,-6.160588989E0,-8.040679321E0
4.282111058E1,7.560178528E0,-4.703968048E0,-8.473579102E0
4.283113858E1,7.674391022E0,-2.683769073E0,-8.047115936E0
4.284116654E1,8.403075714E0,4.611909485E-1,-6.215075684E0
4.285119354E1,1.215861603E1,4.793332214E0,-3.256627808E0
4.286122154E1,1.915850967E1,9.242979126E0,-9.099577332E-1
4.287124954E1,2.676000229E1,1.227791794E1,-1.404080200E-1
4.288127654E1,3.126084274E1,1.351584366E1,-1.024020538E0
4.289130454E1,3.127551224E1,1.422551788E1,-2.123484192E0
4.290133254E1,2.752176819E1,1.551403839E1,-2.044897614E0
4.291136054E1,2.290446991E1,1.640154282E1,-1.124162292E0
4.292138754E1,1.888038803E1,1.578916626E1,-7.720944214E-1
4.293141554E1,1.607252701E1,1.414663193E1,-1.359173584E0
4.294144354E1,1.399275192E1,1.235904922E1,-2.414928131E0
4.295147054E1,1.184052750E1,1.084105591E1,-3.441044312E0
4.296149854E1,9.815688171E0,9.604178009E0,-4.032913513E0
4.297152654E1,8.878487091E0,9.100475464E0,-4.496948547E0
4.298155454E1,8.300688629E0,9.235943756E0,-4.966671753E0
4.299158154E1,7.468419342E0,9.468260651E0,-5.124593353E0
4.300160954E1,6.227499847E0,9.549541626E0,-4.673581238E0
4.301163754E1,4.733905792E0,9.591005402E0,-3.604354706E0
4.302166454E1,2.949167175E0,9.543853455E0,-2.318528595E0
4.303169254E1,1.210832062E0,9.132209473E0,-1.219813385E0
4.304172054E1,-2.951861572E-1,8.431366882E0,-8.981323242E-4
4.305174754E1,-1.481618958E0,7.892188110E0,1.396146698E0
4.306177554E1,-2.268233185E0,7.718100128E0,2.609074402E0
4.307180354E1,-2.686912537E0,7.656727753E0,3.584895172E0
4.308183154E1,-2.656525726E0,7.519163818E0,4.405039673E0
4.309185854E1,-2.467019806E0,7.428302765E0,4.994364166E0
4.310188654E1,-2.063459015E0,7.633675690E0,5.239404602E0
4.311191454E1,-1.307980042E0,7.986791382E0,5.210364990E0
4.312194154E1,5.014572144E-1,8.617879028E0,4.951553192E0
4.313196954E1,2.660118256E0,9.253607025E0,4.285288696E0
4.314199754E1,4.661306763E0,9.794432373E0,3.442990265E0
4.315202554E1,6.169121246E0,1.055979080E1,2.693049774E0
4.316205254E1,6.956034851E0,1.131946106E1,2.503094788E0
4.317208054E1,7.410040741E0,1.208945984E1,3.293900299E0
4.318210854E1,8.511150970E0,1.285511765E1,4.876559143E0
4.319213554E1,1.101753891E1,1.351614304E1,6.753955078E0
4.320216354E1,1.576476700E1,1.425321030E1,7.986791382E0
4.321219154E1,2.091660370E1,1.353874603E1,6.745422821E0
4.322221954E1,2.340428055E1,1.079420334E1,2.907254333E0
4.323224654E1,2.323947327E1,7.717052307E0,-1.331032104E0
4.324227454E1,2.129516647E1,5.179678802E0,-5.210814056E0
4.325230254E1,1.836007004E1,3.730242920E0,-8.067473602E0
4.326232954E1,1.631636993E1,3.127895508E0,-1.041953247E1
4.327235754E1,1.545970139E1,2.872975616E0,-1.240889557E1
4.328238554E1,1.478685059E1,2.715503082E0,-1.279479309E1
4.329241354E1,1.377151199E1,2.916385345E0,-1.162003601E1
4.330244054E1,1.274644363E1,3.210523682E0,-9.521549835E0
4.331246854E1,1.178155014E1,2.898123322E0,-6.907835083E0
4.332249654E1,1.082683548E1,2.015708313E0,-4.663402405E0
4.333252354E1,9.887538757E0,1.025218048E0,-2.977608032E0
4.334255154E1,8.656199341E0,-9.864486694E-2,-1.629511414E0
4.335257954E1,7.196884003E0,-1.174757080E0,-5.333409119E-1
4.336260754E1,5.745651855E0,-2.037413177E0,3.947291565E-1
4.337263454E1,4.492906952E0,-2.789449310E0,1.088835754E0
4.338266254E1,3.477119293E0,-3.573668518E0,1.377734985E0
4.339269054E1,2.618953857E0,-4.426445160E0,9.488768005E-1
4.340271754E1,1.546733551E0,-5.603148193E0,-1.938468933E-1
4.341274554E1,1.663041687E-1,-6.550079041E0,-1.332828369E0
4.342277354E1,-1.095422058E0,-6.843618622E0,-2.147733765E0
4.343280054E1,-1.759291534E0,-6.870412903E0,-2.660866699E0
4.344282854E1,-1.792672119E0,-7.096293182E0,-3.185226288E0
4.345285654E1,-9.455836487E-1,-7.400011597E0,-3.903582458E0
4.346288454E1,1.288370819E0,-7.385042725E0,-4.532125397E0
4.347291154E1,4.032614136E0,-6.901398468E0,-5.415288849E0
4.348293954E1,6.629563751E0,-5.802982635E0,-6.693630524E0
4.349296754E1,7.895331573E0,-4.672982483E0,-7.959997101E0
4.350299454E1,7.552394714E0,-3.451522522E0,-8.375383301E0
4.351302254E1,7.082222443E0,-1.291813660E0,-7.173682251E0
4.352305054E1,8.186326447E0,1.523232422E0,-4.380041656E0
4.353307854E1,1.117351456E1,3.903582458E0,-1.370250549E0
4.354310554E1,1.651515656E1,5.885161743E0,4.525090027E-1
4.355313354E1,2.367072647E1,8.219856720E0,8.750802612E-1
4.356316154E1,2.981874161E1,1.072624466E1,-3.083587646E-2
4.357318854E1,3.261163376E1,1.288819885E1,-1.689686279E0
4.358321654E1,3.190794708E1,1.471125778E1,-2.961890717E0
4.359324454E1,2.852842484E1,1.550655396E1,-3.714675293E0
4.360327254E1,2.383807846E1,1.517229904E1,-4.662653961E0
4.361329954E1,1.927227310E1,1.456890381E1,-5.774242401E0
4.362332754E1,1.509356277E1,1.372436005E1,-6.801107025E0
4.363335554E1,1.167781586E1,1.262070511E1,-6.928791504E0
4.364338254E1,9.022936707E0,1.136915771E1,-6.110892334E0
4.365341054E1,7.099586334E0,1.043899200E1,-4.837789764E0
4.366343854E1,5.855074310E0,9.724976807E0,-3.234623566E0
4.367346554E1,4.757406921E0,8.916657715E0,-1.459914093E0
4.368349354E1,3.566633148E0,8.167914734E0,3.071612549E-1
4.369352154E1,2.312241669E0,7.609126740E0,1.979034576E0
4.370354954E1,1.076112213E0,7.075187073E0,3.306474152E0
4.371357654E1,-1.435514832E-1,6.472540283E0,4.182153168E0
4.372360454E1,-1.371448059E0,5.960904236E0,4.683460693E0
4.373363254E1,-2.681823120E0,5.472469940E0,4.913382568E0
4.374365954E1,-3.788771210E0,5.234764252E0,4.962929535E0
4.375368754E1,-4.363126831E0,5.132975922E0,4.965174866E0
4.376371554E1,-4.695286102E0,4.874613190E0,4.988376617E0
4.377374354E1,-4.770579529E0,4.784799957E0,5.029241638E0
4.378377054E1,-4.139641571E0,5.213807831E0,5.004992065E0
4.379379854E1,-2.536625061E0,5.782026215E0,4.871020660E0
4.380382654E1,-1.445993042E-1,6.396648102E0,4.694837036E0
4.381385354E1,2.575244751E0,7.276518402E0,4.450694733E0
4.382388154E1,5.313350830E0,8.515342255E0,3.916755066E0
4.383390954E1,7.557484131E0,9.614805908E0,3.193608856E0
4.384393646E1,9.313632202E0,1.071007828E1,2.809507599E0
4.385396446E1,1.104822510E1,1.177481415E1,3.147654419E0
4.386399246E1,1.260663437E1,1.219963074E1,3.702251129E0
4.387402046E1,1.350461700E1,1.244092896E1,3.761677551E0
4.388404746E1,1.480436417E1,1.307276505E1,3.047662354E0
4.389407546E1,1.706496323E1,1.280781601E1,1.134341125E0
4.390410346E1,1.897169815E1,1.135942795E1,-1.655257874E0
4.391413046E1,1.996143997E1,1.017718643E1,-4.413122864E0
4.392415846E1,2.011097900E1,9.982591095E0,-6.328988800E0
4.393418646E1,1.960967148E1,1.006851242E1,-7.264692993E0
4.394421446E1,1.877156433E1,9.707313538E0,-7.225923615E0
4.395424146E1,1.747091904E1,8.653504944E0,-6.375541992E0
4.396426946E1,1.552721100E1,7.250921631E0,-5.107379150E0
4.397429746E1,1.307635757E1,5.847739563E0,-3.743415527E0
4.398432446E1,1.065529221E1,4.443659363E0,-2.314187622E0
4.399435246E1,8.523425446E0,3.073708191E0,-1.042132874E0
4.400438046E1,6.808142395E0,1.845063171E0,-9.011260986E-2
4.401440746E1,5.479056244E0,7.694000244E-1,3.601510620E-1
4.402443546E1,4.506678314E0,-1.868115234E-1,2.677931213E-1
4.403446346E1,4.119583282E0,-9.903405762E-1,-2.157014465E-1
4.404449146E1,4.202510834E0,-1.670526123E0,-9.334588623E-1
4.405451846E1,4.483177185E0,-2.255359955E0,-1.702409821E0
4.406454646E1,4.582720184E0,-2.863545227E0,-2.577041016E0
4.407457446E1,4.280648346E0,-3.588637390E0,-3.467239838E0
4.408460146E1,3.542383575E0,-4.248165894E0,-4.355642395E0
4.409462946E1,2.297422485E0,-4.889582062E0,-5.207969971E0
4.410465746E1,6.183641052E-1,-5.599106598E0,-5.766159210E0
4.411468546E1,-7.900570679E-1,-6.192622375E0,-5.707331543E0
4.412471246E1,-1.294657745E0,-6.474037170E0,-4.903353424E0
4.413474046E1,-4.565505981E-2,-6.147865448E0,-3.936963043E0
4.414476846E1,3.074905701E0,-5.397326202E0,-3.602109375E0
4.415479546E1,6.703060913E0,-4.690496063E0,-4.344715118E0
4.416482346E1,9.650132446E0,-4.137994995E0,-5.917344818E0
4.417485146E1,1.108415039E1,-3.237916718E0,-7.457342377E0
4.418487846E1,1.025322830E1,-1.915117493E0,-7.838599548E0
4.419490646E1,8.721763000E0,2.471360779E-1,-6.243067474E0
4.420493446E1,9.651479645E0,3.726051636E0,-3.025807800E0
4.421496246E1,1.345791412E1,7.258855133E0,-3.143463135E-3
4.422498946E1,1.904639282E1,9.518406372E0,1.197210388E0
4.423501746E1,2.584690109E1,1.150567383E1,1.079255676E0
4.424504546E1,3.092748596E1,1.372675507E1,4.227209473E-1
4.425507246E1,3.172921875E1,1.544667847E1,-2.004331970E-1
4.426510046E1,2.906895081E1,1.646171768E1,-1.496887207E-1
4.427512846E1,2.473995300E1,1.621907227E1,-9.924362183E-2
4.428515546E1,2.062830322E1,1.521106842E1,-4.725672913E-1
4.429518346E1,1.693129120E1,1.399844009E1,-1.233884125E0
4.430521146E1,1.328771805E1,1.245425125E1,-2.194586334E0
4.431523946E1,9.720635834E0,1.089389603E1,-2.750979309E0
4.432526646E1,6.400839386E0,9.426048431E0,-2.563569031E0
4.433529446E1,3.711681519E0,8.092022552E0,-1.540746002E0
4.434532246E1,1.846110992E0,6.988217926E0,3.278182983E-2
4.435534946E1,6.809339905E-1,6.150260468E0,1.643731842E0
4.436537746E1,7.244934082E-2,5.767057343E0,3.116070099E0
4.437540546E1,-2.484832764E-1,5.681884460E0,4.168980560E0
4.438543246E1,-4.939727783E-1,5.438191223E0,4.337979126E0
4.439546046E1,-1.367107086E0,5.208868103E0,3.871848450E0
4.440548846E1,-2.763403473E0,5.047653351E0,3.350033569E0
4.441551646E1,-4.173321533E0,4.871020660E0,3.139571228E0
4.442554346E1,-5.103636932E0,4.716691589E0,3.305875397E0
4.443557146E1,-5.451214142E0,4.723577271E0,3.612138519E0
4.444559946E1,-5.401966553E0,4.940775604E0,3.813170471E0
4.445562646E1,-4.802313538E0,5.466931458E0,3.948040009E0
4.446565446E1,-3.396736450E0,6.254443817E0,4.149071960E0
4.447568246E1,-1.433718567E0,7.231761475E0,4.279001770E0
4.448570946E1,1.113684082E0,8.616980896E0,4.282594299E0
4.449573746E1,3.812571716E0,1.012419662E1,3.938908997E0
4.450576546E1,5.967490540E0,1.134041748E1,3.411705322E0
4.451579346E1,7.092850342E0,1.210517715E1,3.119962006E0
4.452582046E1,7.035818939E0,1.283116745E1,3.596271515E0
4.453584846E1,7.130272522E0,1.364756973E1,4.921166382E0
4.454587646E1,8.743168488E0,1.441711945E1,6.360124054E0
4.455590346E1,1.154354507E1,1.570249649E1,6.911726990E0
4.456593146E1,1.604558304E1,1.689641373E1,5.931415558E0
4.457595946E1,2.150727539E1,1.626323044E1,2.863245850E0
4.458598646E1,2.512016235E1,1.436787186E1,-1.600621490E0
4.459601446E1,2.541325287E1,1.290466461E1,-5.504653015E0
4.460604246E1,2.371982437E1,1.245395187E1,-7.451803894E0
4.461606946E1,2.151101761E1,1.187600372E1,-7.416028290E0
4.462609746E1,1.932017349E1,1.042566971E1,-6.425088959E0
4.463612546E1,1.701766159E1,8.229137421E0,-5.478906555E0
4.464615346E1,1.436592590E1,5.878276062E0,-4.547243958E0
4.465618046E1,1.156195679E1,3.875740356E0,-3.391946411E0
4.466620846E1,9.105415192E0,2.306104431E0,-2.067500610E0
4.467623646E1,7.481292572E0,1.070573730E0,-8.309220886E-1
4.468626346E1,6.714437256E0,-7.394622803E-2,5.748046875E-2
4.469629146E1,6.359674988E0,-1.314117279E0,3.803590393E-1
4.470631946E1,6.064788208E0,-2.467618561E0,1.462458801E-1
4.471634646E1,5.798791351E0,-3.386557617E0,-5.584886169E-1
4.472637446E1,5.298831024E0,-4.201463013E0,-1.583107910E0
4.473640246E1,4.530179443E0,-5.007836151E0,-2.776426392E0
4.474642946E1,3.223097534E0,-5.725294189E0,-3.730392609E0
4.475645746E1,1.428479462E0,-6.211333466E0,-4.184847565E0
4.476648546E1,-4.300556946E-1,-6.521787872E0,-4.169279938E0
4.477651346E1,-1.794468384E0,-6.930587769E0,-3.629053345E0
4.478654046E1,-2.335892487E0,-7.334148560E0,-2.819387054E0
4.479656846E1,-1.528920593E0,-7.502847748E0,-2.105371857E0
4.480659646E1,5.153782654E-1,-7.499853973E0,-1.953288116E0
4.481662346E1,2.847678223E0,-7.284302216E0,-2.481838989E0
4.482665146E1,4.953349457E0,-6.764433289E0,-3.414549408E0
4.483667946E1,6.362219696E0,-6.002517700E0,-4.455484772E0
4.484670621E1,6.368207245E0,-4.919669495E0,-5.350773010E0
4.485673421E1,5.157524872E0,-3.403771820E0,-5.663772125E0
4.486676221E1,5.276677094E0,-1.073118439E0,-4.997807007E0
4.487678921E1,7.938890991E0,2.252515869E0,-3.863765259E0
4.488681721E1,1.332349365E1,6.063590698E0,-3.459456024E0
4.489684521E1,2.001353165E1,9.020242310E0,-4.127816162E0
4.490687321E1,2.601305557E1,1.116019226E1,-4.965174866E0
4.491690021E1,2.932252350E1,1.348875000E1,-5.289999390E0
4.492692821E1,2.967818390E1,1.596355362E1,-4.622387695E0
4.493695621E1,2.779988983E1,1.736943008E1,-3.417243805E0
4.494698321E1,2.530951859E1,1.732976257E1,-2.833457794E0
4.495701121E1,2.315400101E1,1.700374054E1,-3.229833527E0
4.496703921E1,2.129247208E1,1.655422531E1,-4.121828613E0
4.497706621E1,1.991144394E1,1.573363174E1,-4.922214203E0
4.498709421E1,1.783615952E1,1.435769302E1,-5.445675659E0
4.499712221E1,1.461889984E1,1.256187744E1,-5.242248688E0
4.500714921E1,1.080662750E1,1.085497696E1,-3.865112457E0
4.501717721E1,7.227869568E0,9.241482239E0,-1.719624023E0
4.502720521E1,4.274511108E0,7.779472504E0,6.342311096E-1
4.503723221E1,2.004032593E0,6.710096283E0,2.797682190E0
4.504726021E1,2.453398132E-1,5.936954041E0,4.462071075E0
4.505728821E1,-8.852590942E-1,5.444478149E0,5.532944183E0
4.506731621E1,-1.363514557E0,5.185217285E0,5.982010345E0
4.507734321E1,-1.603764954E0,4.957091675E0,5.849835205E0
4.508737121E1,-1.961520996E0,4.790338440E0,5.416486359E0
4.509739921E1,-2.643951874E0,4.681664429E0,4.971611481E0
4.510742621E1,-3.366499329E0,4.574786682E0,4.690046997E0
4.511745421E1,-4.082610168E0,4.330345001E0,4.570146332E0
4.512748221E1,-4.721331940E0,4.194277954E0,4.563260651E0
4.513750921E1,-4.662653961E0,4.445755005E0,4.603077850E0
4.514753721E1,-3.587140503E0,5.084476776E0,4.309837646E0
4.515756521E1,-1.694476318E0,5.945037231E0,3.744463348E0
4.516759221E1,4.210743713E-1,6.713988190E0,2.907553711E0
4.517762021E1,2.245929565E0,7.504793701E0,2.152673492E0
4.518764821E1,3.758234711E0,8.748856659E0,2.269580383E0
4.519767521E1,4.960085449E0,1.012838791E1,3.253933411E0
4.520770321E1,6.341113586E0,1.136526581E1,4.561314697E0
4.521773121E1,8.764723663E0,1.284314255E1,5.876030731E0
4.522775821E1,1.249376907E1,1.436577621E1,6.679410095E0
4.523778621E1,1.742526398E1,1.562450867E1,5.922883301E0
4.524781421E1,2.247995270E1,1.546523987E1,3.001408539E0
4.525784121E1,2.548375626E1,1.420022049E1,-6.885681152E-1
4.526786921E1,2.528377213E1,1.286739212E1,-3.994293823E0
4.527789721E1,2.310175964E1,1.236428833E1,-6.223009186E0
4.528792521E1,2.100866226E1,1.212328949E1,-6.928641815E0
4.529795221E1,1.948348389E1,1.132080826E1,-6.611002350E0
4.530798021E1,1.799258423E1,1.005084915E1,-5.881718903E0
4.531800821E1,1.593062210E1,8.473279724E0,-4.800068207E0
4.532803521E1,1.343111984E1,6.700516205E0,-3.307821350E0
4.533806321E1,1.103400467E1,4.976551208E0,-1.482367401E0
4.534809121E1,9.151519318E0,3.475921783E0,2.984793091E-1
4.535811821E1,7.935747528E0,2.237546997E0,1.758992157E0
4.536814621E1,7.249873810E0,1.059646454E0,2.467169495E0
4.537817421E1,6.729555817E0,-1.621128845E-1,2.207459564E0
4.538820121E1,6.129753113E0,-1.325792999E0,1.116677856E0
4.539822921E1,5.502707062E0,-2.314037933E0,-1.460961914E-1
4.540825721E1,4.765789490E0,-3.363804932E0,-1.307381287E0
4.541828421E1,3.722309418E0,-4.565206604E0,-2.495760040E0
4.542831221E1,2.315983887E0,-5.698948975E0,-3.514391785E0
4.543834021E1,4.734654236E-1,-6.743626556E0,-4.031117249E0
4.544836721E1,-1.421593781E0,-7.662565613E0,-3.782184906E0
4.545839521E1,-2.905607758E0,-8.208779755E0,-2.922522583E0
4.546842321E1,-3.094814301E0,-8.298443298E0,-2.189347229E0
4.547845021E1,-1.648222504E0,-8.219108276E0,-2.114802246E0
4.548847821E1,5.487588501E-1,-7.920030212E0,-2.805915070E0
4.549850621E1,2.902763672E0,-7.290439453E0,-4.071084137E0
4.550853321E1,5.297034760E0,-6.256689148E0,-5.601351929E0
4.551856121E1,7.012617188E0,-5.038821716E0,-7.405101013E0
4.552858921E1,7.582332458E0,-3.746409302E0,-8.807384949E0
4.553861721E1,7.533683624E0,-1.901046753E0,-8.680897980E0
4.554864421E1,8.740773468E0,1.248254242E0,-6.260581055E0
4.555867221E1,1.295241531E1,5.398673401E0,-3.190465393E0
4.556870021E1,1.938828186E1,9.049132233E0,-1.628613281E0
4.557872721E1,2.677721649E1,1.184172501E1,-1.394949188E0
4.558875521E1,3.243410294E1,1.415037415E1,-1.624272308E0
4.559878321E1,3.349853943E1,1.600771179E1,-1.840722198E0
4.560881021E1,2.988535309E1,1.735401215E1,-1.237476654E0
4.561883821E1,2.402953033E1,1.777254181E1,-8.629554749E-1
4.562886621E1,1.860825394E1,1.696452209E1,-1.453776855E0
4.563889321E1,1.460048813E1,1.572944046E1,-2.482288055E0
4.564892121E1,1.159563675E1,1.443717773E1,-3.451073456E0
4.565894921E1,9.089548187E0,1.308459045E1,-3.947141876E0
4.566897621E1,6.754853210E0,1.171329208E1,-3.766617279E0
4.567900421E1,4.723277893E0,1.056443115E1,-2.759960632E0
4.568903221E1,3.113226013E0,9.680219879E0,-1.338217163E0
4.569905921E1,1.886826324E0,8.939859467E0,-7.843688965E-2
4.570908721E1,9.334588623E-1,8.312364349E0,9.087602234E-1
4.571911521E1,8.951385498E-2,7.818840637E0,1.672023010E0
4.572914221E1,-7.667056274E-1,7.318131866E0,2.232008514E0
4.573917021E1,-1.517693939E0,6.792125702E0,2.607876892E0
4.574919821E1,-2.307152252E0,6.294261017E0,2.822829895E0
4.575922521E1,-3.071762238E0,5.904321899E0,2.919229431E0
4.576925321E1,-3.614533539E0,5.526058502E0,3.075055389E0
4.577928121E1,-3.823349304E0,5.172044678E0,3.318898315E0
4.578930821E1,-3.689078522E0,5.083129578E0,3.499123535E0
4.579933621E1,-3.216810608E0,5.246739349E0,3.673660583E0
4.580936421E1,-2.437381439E0,5.851332092E0,3.903432770E0
4.581939121E1,-1.244062958E0,6.732399902E0,3.808081055E0
4.582941921E1,1.905537415E-1,7.591164093E0,3.325334930E0
4.583944721E1,1.848356323E0,8.606802063E0,2.751278687E0
4.584947392E1,3.702251129E0,9.791139221E0,2.387235718E0
4.585950192E1,5.548811188E0,1.136990616E1,2.645598450E0
4.586952992E1,7.148085480E0,1.323562637E1,3.317251740E0
4.587955692E1,8.594976654E0,1.452803879E1,4.168980560E0
4.588958492E1,1.038390656E1,1.530746796E1,5.243296509E0
4.589961292E1,1.325523560E1,1.643821655E1,5.572761383E0
4.590963992E1,1.704849747E1,1.746118927E1,4.044589233E0
4.591966792E1,2.027548691E1,1.768227951E1,9.361532593E-1
4.592969592E1,2.165801193E1,1.690374847E1,-2.480940857E0
4.593972292E1,2.148227737E1,1.547032928E1,-5.096751251E0
4.594975092E1,2.057471466E1,1.446681610E1,-6.409221954E0
4.595977892E1,1.961161743E1,1.352751938E1,-6.459816742E0
4.596980592E1,1.820948318E1,1.177376633E1,-5.633235626E0
4.597983392E1,1.588840988E1,9.475595398E0,-4.380341034E0
4.598986192E1,1.277398636E1,7.112609253E0,-2.906505890E0
4.599988892E1,9.574240265E0,4.688999176E0,-1.210233307E0
4.600991692E1,7.076234894E0,2.631976776E0,6.635700989E-1
4.601994492E1,5.502557373E0,1.023272095E0,2.342927856E0
4.602997192E1,4.758454742E0,-2.954855347E-1,3.364553375E0
4.603999992E1,4.623435516E0,-1.408271484E0,3.514541473E0
4.605002792E1,4.889282684E0,-2.448009338E0,2.863395538E0
4.606005492E1,5.119953003E0,-3.369343414E0,1.582060089E0
4.607008292E1,5.088218994E0,-4.052373047E0,5.269042969E-2
4.608011092E1,4.668491821E0,-4.591851196E0,-1.400038605E0
4.609013792E1,3.718118134E0,-5.158123627E0,-2.603835297E0
4.610016592E1,2.205962677E0,-5.657335510E0,-3.495830383E0
4.611019392E1,4.067042542E-1,-6.170468445E0,-4.209845581E0
4.612022192E1,-1.211131439E0,-6.650819550E0,-4.503235474E0
4.613024892E1,-2.294129333E0,-6.879992981E0,-4.340374146E0
4.614027692E1,-2.220632172E0,-6.824009399E0,-3.888164520E0
4.615030492E1,-4.689747620E-1,-6.348298645E0,-3.511248322E0
4.616033192E1,2.593506775E0,-5.509742432E0,-3.692671051E0
4.617035992E1,5.900429993E0,-4.417164459E0,-4.435576172E0
4.618038792E1,8.605155487E0,-3.340303802E0,-5.593717804E0
4.619041492E1,1.002899460E1,-2.202370148E0,-6.669231262E0
4.620044292E1,1.016655853E1,-7.111711121E-1,-6.958130493E0
4.621047092E1,9.817185059E0,1.248254242E0,-6.183042297E0
4.622049792E1,1.144534927E1,4.579127655E0,-4.267775116E0
4.623052592E1,1.594349533E1,8.551866302E0,-2.266885986E0
4.624055392E1,2.233415588E1,1.130494125E1,-1.560205536E0
4.625058092E1,2.805181595E1,1.254346573E1,-2.180665283E0
4.626060892E1,2.995376083E1,1.305180862E1,-3.578907623E0
4.627063692E1,2.742881149E1,1.384530853E1,-4.356091461E0
4.628066392E1,2.251632706E1,1.463356934E1,-3.804189148E0
4.629069192E1,1.818478455E1,1.430200882E1,-2.856659546E0
4.630071992E1,1.507275604E1,1.356239685E1,-2.482587433E0
4.631074692E1,1.303624100E1,1.305809555E1,-2.923570404E0
4.632077492E1,1.157512939E1,1.247745300E1,-3.611689453E0
4.633080292E1,9.909393311E0,1.167946243E1,-4.051624603E0
4.634082992E1,8.023165741E0,1.079570023E1,-3.873195648E0
4.635085792E1,6.341562653E0,1.004516098E1,-3.314557343E0
4.636088592E1,5.153483276E0,9.551038513E0,-2.915038147E0
4.637091292E1,4.505181427E0,9.283245392E0,-2.762804718E0
4.638094092E1,3.929328918E0,9.028475189E0,-2.476300507E0
4.639096892E1,3.133284302E0,8.547525330E0,-1.832489319E0
4.640099592E1,1.794019318E0,7.987390137E0,-9.740245056E-1
4.641102392E1,1.862127686E-1,7.432494049E0,5.463638306E-2
4.642105192E1,-1.153950348E0,6.874604187E0,1.197060699E0
4.643107892E1,-2.208956451E0,6.397845612E0,2.176773376E0
4.644110692E1,-2.985242157E0,5.991141357E0,2.786006470E0
4.645113492E1,-3.362457733E0,5.688470764E0,3.197051697E0
4.646116192E1,-3.451971588E0,5.585784302E0,3.575015717E0
4.647118992E1,-3.417842560E0,5.653144226E0,4.027375031E0
4.648121792E1,-3.349135437E0,5.939648438E0,4.504732361E0
4.649124492E1,-2.662513275E0,6.589596863E0,4.871020660E0
4.650127292E1,-1.041683807E0,7.526498566E0,4.712500305E0
4.651130092E1,9.279203796E-1,8.491691437E0,3.955973511E0
4.652132792E1,3.143163757E0,9.871821442E0,3.020419006E0
4.653135592E1,4.819527740E0,1.128009293E1,2.082170105E0
4.654138392E1,6.311026154E0,1.240769806E1,1.431473236E0
4.655141092E1,7.978109436E0,1.369502106E1,1.799108734E0
4.656143892E1,1.016266663E1,1.507350449E1,3.093766479E0
4.657146692E1,1.270662643E1,1.641606262E1,4.538562012E0
4.658149392E1,1.552616318E1,1.741942612E1,5.139262848E0
4.659152192E1,1.813224380E1,1.722812393E1,3.929328918E0
4.660154992E1,1.968990463E1,1.574605591E1,1.263672180E0
4.661157692E1,1.981564316E1,1.424452835E1,-1.421593781E0
4.662160492E1,1.886482040E1,1.341016342E1,-3.467239838E0
4.663163292E1,1.761641647E1,1.286799088E1,-4.909041595E0
4.664165992E1,1.675256287E1,1.206820404E1,-5.746699677E0
4.665168792E1,1.609468094E1,1.084719315E1,-6.011199646E0
4.666171592E1,1.513652344E1,9.256750488E0,-5.823639679E0
4.667174292E1,1.349922821E1,7.559430084E0,-5.028942261E0
4.668177092E1,1.124611359E1,5.921835480E0,-3.770658875E0
4.669179892E1,8.897497559E0,4.241878967E0,-2.211052094E0
4.670182592E1,7.056925049E0,2.694546661E0,-4.860392761E-1
4.671185392E1,5.882916412E0,1.494641876E0,1.061293030E0
4.672188192E1,5.297334137E0,4.035607910E-1,2.012714539E0
4.673190892E1,5.002896423E0,-9.029223633E-1,2.076631622E0
4.674193692E1,4.773722992E0,-2.253264313E0,1.484912109E0
4.675196492E1,4.602179718E0,-3.381617889E0,6.327342224E-1
4.676199192E1,4.369713135E0,-4.249213715E0,-1.552272034E-1
4.677201992E1,3.889960785E0,-5.080435181E0,-8.126600647E-1
4.678204792E1,2.984643402E0,-5.935307465E0,-1.345701599E0
4.679207492E1,1.672172699E0,-6.621779938E0,-1.722019043E0
4.680210292E1,3.092568970E-1,-7.061715088E0,-1.877246246E0
4.681213092E1,-7.673043823E-1,-7.703730011E0,-2.030078430E0
4.682215792E1,-1.348395996E0,-8.199648743E0,-2.298619995E0
4.683218592E1,-9.526190186E-1,-8.106692047E0,-2.847229156E0
4.684221458E1,1.165775757E0,-7.453151093E0,-3.655997314E0
4.685224158E1,4.334985352E0,-6.680158539E0,-4.748874664E0
4.686226958E1,7.202871552E0,-5.944288788E0,-5.936654663E0
4.687229758E1,8.743767242E0,-4.690346375E0,-6.931785278E0
4.688232458E1,9.100625153E0,-2.508333893E0,-7.364834747E0
4.689235258E1,9.437275085E0,9.216334534E-1,-6.825506287E0
4.690238058E1,1.218885315E1,5.439538422E0,-5.337001648E0
4.691240758E1,1.873444153E1,9.956096191E0,-3.495231628E0
4.692243558E1,2.728900223E1,1.288430695E1,-2.810405731E0
4.693246358E1,3.360975815E1,1.412193329E1,-3.655697937E0
4.694249058E1,3.460129623E1,1.472802292E1,-4.802912292E0
4.695251858E1,3.037618240E1,1.554981400E1,-4.845274200E0
4.696254658E1,2.412308578E1,1.584829330E1,-3.921395416E0
4.697257358E1,1.922676773E1,1.533216660E1,-3.110980682E0
4.698260158E1,1.596190704E1,1.422147629E1,-3.044668579E0
4.699262958E1,1.377959518E1,1.307456131E1,-3.705843658E0
4.700265658E1,1.171419022E1,1.199919754E1,-4.418212280E0
4.701268458E1,9.147328033E0,1.089539291E1,-4.581223297E0
4.702271258E1,6.245163116E0,9.836195526E0,-3.983665924E0
4.703273958E1,3.689677277E0,9.039402466E0,-2.625989227E0
4.704276758E1,2.116598511E0,8.593779144E0,-9.111552429E-1
4.705279558E1,1.284029846E0,8.399932251E0,6.872209167E-1
4.706282258E1,8.192463684E-1,8.293802948E0,2.048190765E0
4.707285058E1,5.493576050E-1,8.175848236E0,3.030747528E0
4.708287858E1,4.793032837E-1,8.105045471E0,3.557801514E0
4.709290558E1,1.749861145E-1,7.936645660E0,3.722159729E0
4.710293358E1,-2.514770508E-1,7.691455536E0,3.663781128E0
4.711296158E1,-8.084687805E-1,7.357050934E0,3.468736725E0
4.712298858E1,-1.644929352E0,6.912924500E0,3.174748077E0
4.713301658E1,-2.501298523E0,6.444099426E0,2.984942780E0
4.714304358E1,-3.122057648E0,5.921087036E0,3.190016327E0
4.715307158E1,-3.550317078E0,5.584886169E0,3.655997314E0
4.716309958E1,-3.657344513E0,5.581143951E0,4.030518494E0
4.717312658E1,-3.238066406E0,5.854325867E0,4.234095154E0
4.718315458E1,-2.118245087E0,6.335275726E0,3.975882111E0
4.719318258E1,-2.880010986E-1,7.144343262E0,3.260370026E0
4.720320958E1,1.848955078E0,8.253985748E0,2.471510468E0
4.721323758E1,4.257446594E0,9.544152832E0,2.001338196E0
4.722326558E1,6.384523315E0,1.134251312E1,2.333796844E0
4.723329258E1,8.433163147E0,1.339489517E1,3.126398621E0
4.724332058E1,1.064107178E1,1.494043121E1,4.265829163E0
4.725334858E1,1.313069458E1,1.608120895E1,5.554050293E0
4.726337558E1,1.608569962E1,1.705553284E1,6.137087860E0
4.727340358E1,1.921479263E1,1.667951477E1,4.572691040E0
4.728343158E1,2.157658127E1,1.500135452E1,1.475631409E0
4.729345858E1,2.192236221E1,1.329131058E1,-1.866917725E0
4.730348658E1,2.048175797E1,1.225456650E1,-4.640350342E0
4.731351458E1,1.868998398E1,1.167467239E1,-6.495592346E0
4.732354158E1,1.747421219E1,1.088491470E1,-7.370522919E0
4.733356958E1,1.651560562E1,9.625583496E0,-7.335196381E0
4.734359758E1,1.502081406E1,8.071066132E0,-6.596632233E0
4.735362458E1,1.274419830E1,6.671476593E0,-5.218448181E0
4.736365258E1,1.005264542E1,5.317691803E0,-3.484454041E0
4.737368058E1,7.815846863E0,3.890110474E0,-1.749711456E0
4.738370758E1,6.271508331E0,2.675536194E0,-1.832189941E-1
4.739373558E1,5.491031342E0,1.709744568E0,1.029409332E0
4.740376358E1,5.528453522E0,8.744815063E-1,1.763482819E0
4.741379058E1,5.875581665E0,-2.320175171E-2,1.834135895E0
4.742381858E1,6.212081909E0,-1.084045715E0,1.195863190E0
4.743384658E1,6.233188019E0,-2.219883728E0,2.284249878E-1
4.744387358E1,5.592520294E0,-3.306474152E0,-8.029302979E-1
4.745390158E1,4.286935272E0,-4.263733521E0,-1.942959595E0
4.746392958E1,2.567460938E0,-5.097499695E0,-2.914439392E0
4.747395658E1,7.975415039E-1,-5.779780884E0,-3.397185516E0
4.748398458E1,-6.059399414E-1,-6.323150940E0,-3.625610504E0
4.749401158E1,-1.415007477E0,-6.775360565E0,-3.792214050E0
4.750403958E1,-1.539249115E0,-6.916966095E0,-3.794758759E0
4.751406758E1,-6.427633667E-1,-6.758894806E0,-3.969595184E0
4.752409458E1,1.325343933E0,-6.542444916E0,-4.394561462E0
4.753412258E1,3.865112457E0,-6.240672455E0,-5.093757477E0
4.754415058E1,6.249354401E0,-5.646557922E0,-6.342760162E0
4.755417758E1,7.946674805E0,-4.850812683E0,-7.882907410E0
4.756420558E1,7.942034454E0,-4.141437836E0,-8.686735840E0
4.757423358E1,7.119195557E0,-2.305056610E0,-7.411537628E0
4.758426058E1,8.363108826E0,1.085692291E0,-4.230352936E0
4.759428858E1,1.319057007E1,4.469555511E0,-8.991801453E-1
4.760431658E1,2.068009552E1,7.187004547E0,1.174308014E0
4.761434358E1,2.770453812E1,9.118887177E0,1.517394562E0
4.762437158E1,3.129781586E1,1.057760376E1,4.218228149E-1
4.763439958E1,3.068484055E1,1.233749405E1,-7.541317749E-1
4.764442658E1,2.709635284E1,1.403406601E1,-1.231189728E0
4.765445458E1,2.287348434E1,1.489103394E1,-1.615141296E0
4.766448258E1,1.973256592E1,1.499895950E1,-2.462229767E0
4.767450958E1,1.741613297E1,1.447010925E1,-3.926484833E0
4.768453758E1,1.546718582E1,1.358050919E1,-5.774990845E0
4.769456558E1,1.313024551E1,1.243314514E1,-7.117698669E0
4.770459258E1,1.034319122E1,1.120854172E1,-7.343878326E0
4.771462058E1,7.608078918E0,1.001672012E1,-6.365213470E0
4.772464858E1,5.270988922E0,9.150770874E0,-4.771777039E0
4.773467558E1,3.494333496E0,8.535849609E0,-3.092568970E0
4.774470358E1,2.266436920E0,7.877069550E0,-1.231189728E0
4.775473158E1,1.508862305E0,7.398963776E0,5.435197449E-1
4.776475858E1,1.010099487E0,7.171885986E0,2.091450806E0
4.777478658E1,8.111631775E-1,7.063810730E0,3.476670227E0
4.778481458E1,4.373904419E-1,7.002438354E0,4.486620026E0
4.779484158E1,-4.113446045E-1,6.814429321E0,4.995112610E0
4.780486958E1,-1.366059265E0,6.528823242E0,5.004992065E0
4.781489658E1,-2.339934082E0,6.259383545E0,4.761747894E0
4.782492458E1,-3.117716675E0,6.048172760E0,4.415817261E0
4.783495258E1,-3.427572327E0,5.852529602E0,4.083208923E0
4.784497871E1,-3.186872864E0,5.852978668E0,3.868405609E0
4.785500671E1,-2.782713318E0,6.315217438E0,3.533701630E0
4.786503471E1,-2.231559448E0,7.157216492E0,3.066972198E0
4.787506171E1,-1.190025330E0,8.198600922E0,2.643053741E0
4.788508971E1,5.774990845E-1,9.665999451E0,2.242636414E0
4.789511771E1,2.566113739E0,1.131841324E1,1.593286743E0
4.790514471E1,4.692292328E0,1.320404205E1,1.109642487E0
4.791517271E1,7.074139252E0,1.499940857E1,1.170266418E0
4.792520071E1,9.482181702E0,1.620979156E1,1.718127136E0
4.793522771E1,1.168065994E1,1.716944595E1,2.777174835E0
4.794525571E1,1.488145386E1,1.848041977E1,4.096082153E0
4.795528371E1,1.865360962E1,1.938648560E1,4.879103851E0
4.796531071E1,2.302571777E1,1.848116821E1,3.895199890E0
4.797533871E1,2.561488358E1,1.601280121E1,1.818568268E0
4.798536671E1,2.474144989E1,1.372780289E1,2.844085693E-2
4.799539371E1,2.226949036E1,1.242940292E1,-6.978488159E-1
4.800542171E1,2.002580612E1,1.118369339E1,-9.301657104E-1
4.801544971E1,1.826396988E1,9.181756439E0,-8.184979248E-1
4.802547671E1,1.645902328E1,7.036866760E0,-3.091072083E-1
4.803550471E1,1.431907333E1,5.332211609E0,4.077520752E-1
4.804553171E1,1.215262848E1,3.755839691E0,1.125659180E0
4.805555971E1,1.028645920E1,2.127376099E0,1.719174957E0
4.806558771E1,8.715176697E0,5.342390442E-1,2.164199524E0
4.807561471E1,7.392227783E0,-9.797126770E-1,2.296973419E0
4.808564271E1,6.144572296E0,-2.202070770E0,2.159708862E0
4.809567071E1,4.959486694E0,-3.112028503E0,1.851649475E0
4.810569771E1,4.008963318E0,-3.875890045E0,1.380429382E0
4.811572571E1,3.589984589E0,-4.447850647E0,6.903643799E-1
4.812575371E1,3.548071747E0,-4.956343231E0,-1.227447510E-1
4.813578071E1,3.352278900E0,-5.635181580E0,-1.039438477E0
4.814580871E1,2.574346619E0,-6.271208954E0,-2.034569092E0
4.815583671E1,1.439556427E0,-6.585106201E0,-2.897225189E0
4.816586371E1,1.745370483E-1,-6.796316986E0,-3.563789062E0
4.817589171E1,-8.099656677E-1,-6.953490143E0,-4.173471222E0
4.818591971E1,-1.200204163E0,-6.928641815E0,-4.521048431E0
4.819594671E1,-5.460644531E-1,-6.638395386E0,-4.702321472E0
4.820597471E1,1.190773773E0,-6.217171326E0,-4.901856537E0
4.821600271E1,3.765270081E0,-5.891598358E0,-5.264252930E0
4.822602971E1,6.448440399E0,-5.566324768E0,-5.743705902E0
4.823605771E1,8.272547150E0,-5.117108917E0,-6.024222565E0
4.824608571E1,8.928932190E0,-4.312532043E0,-5.731880493E0
4.825611271E1,8.243357849E0,-2.916834412E0,-4.808450775E0
4.826614071E1,8.386011200E0,1.335223389E-1,-3.521576843E0
4.827616771E1,1.145612686E1,4.836143188E0,-2.239043884E0
4.828619571E1,1.805665100E1,9.377698975E0,-1.587748260E0
4.829622371E1,2.687631042E1,1.236428833E1,-1.665586395E0
4.830625071E1,3.399326065E1,1.388976608E1,-2.531236267E0
4.831627871E1,3.552816879E1,1.471634720E1,-3.203188934E0
4.832630671E1,3.132760391E1,1.572090820E1,-2.302362213E0
4.833633371E1,2.487482254E1,1.652398819E1,-6.125262451E-1
4.834636171E1,1.932765793E1,1.644929352E1,7.469467163E-2
4.835638971E1,1.578871719E1,1.570534058E1,-4.062551880E-1
4.836641671E1,1.398556686E1,1.459704529E1,-1.581910400E0
4.837644471E1,1.248793121E1,1.340103241E1,-2.709665222E0
4.838647271E1,1.041249710E1,1.223375977E1,-3.024759979E0
4.839649971E1,7.993826752E0,1.112711105E1,-2.420316925E0
4.840652771E1,5.856720886E0,1.004830444E1,-1.405128021E0
4.841655571E1,4.257596283E0,9.111702118E0,-1.534309387E-1
4.842658271E1,2.948568420E0,8.275091858E0,1.240171051E0
4.843661071E1,1.671573944E0,7.784262543E0,2.722239075E0
4.844663771E1,6.616241455E-1,7.507488098E0,4.036056976E0
4.845666571E1,-4.143383789E-1,7.267986145E0,4.548740845E0
4.846669371E1,-1.490899658E0,7.001689911E0,4.400549011E0
4.847672071E1,-2.301913147E0,6.722969513E0,3.916904755E0
4.848674871E1,-3.029849396E0,6.453978882E0,3.406316528E0
4.849677671E1,-3.567531281E0,6.273753662E0,3.008892975E0
4.850680371E1,-3.798650665E0,6.103407898E0,2.835553436E0
4.851683171E1,-3.618275757E0,5.871240692E0,2.936743011E0
4.852685971E1,-3.422333221E0,5.710774384E0,3.289559326E0
4.853688671E1,-3.305426331E0,5.699098663E0,3.835025024E0
4.854691471E1,-2.880160675E0,5.936954041E0,4.613855438E0
4.855694271E1,-1.947150879E0,6.273753662E0,5.249583435E0
4.856696971E1,1.496887207E-4,7.120542755E0,5.479355621E0
4.857699771E1,2.881208496E0,8.642877045E0,5.225333862E0
4.858702571E1,5.781277771E0,1.038645126E1,4.451592865E0
4.859705271E1,7.462431793E0,1.210263245E1,3.759432220E0
4.860708071E1,8.435109100E0,1.394440247E1,4.026177521E0
4.861710771E1,1.017988083E1,1.577554459E1,4.981940002E0
4.862713571E1,1.397508865E1,1.734997055E1,5.582790527E0
4.863716371E1,1.918365738E1,1.801833069E1,4.828059998E0
4.864719071E1,2.322480377E1,1.725461884E1,2.319426727E0
4.865721871E1,2.419059540E1,1.533291504E1,-8.587641907E-1
4.866724671E1,2.222323654E1,1.353380630E1,-3.145858154E0
4.867727371E1,1.933364548E1,1.267429367E1,-4.211192780E0
4.868730171E1,1.729952545E1,1.202539307E1,-4.391867065E0
4.869732971E1,1.638552612E1,1.084734283E1,-3.743265839E0
4.870735671E1,1.550086578E1,9.067244568E0,-2.638563080E0
4.871738471E1,1.394485153E1,7.365134125E0,-1.499431915E0
4.872741271E1,1.205592957E1,5.942642212E0,-4.400848389E-1
4.873743971E1,1.042656784E1,4.663701782E0,4.775070190E-1
4.874746771E1,9.060358887E0,3.379971313E0,1.155596924E0
4.875749471E1,8.010142822E0,2.158361664E0,1.506467285E0
4.876752271E1,7.151678009E0,9.975256348E-1,1.598376160E0
4.877755071E1,6.416407013E0,-1.375639343E-1,1.446741486E0
4.878757771E1,5.804479523E0,-1.161584473E0,1.182540894E0
4.879760571E1,5.280119934E0,-2.277064819E0,6.083349609E-1
4.880763371E1,4.851411438E0,-3.426674194E0,-2.171983337E-1
4.881766071E1,4.390220490E0,-4.385580139E0,-1.065334625E0
4.882768871E1,3.812721405E0,-5.117108917E0,-2.027533722E0
4.883771671E1,3.176544342E0,-5.669011230E0,-3.128045197E0
4.884774404E1,2.251767426E0,-6.192622375E0,-3.922742615E0
4.885777204E1,1.160985718E0,-6.862928467E0,-4.308640137E0
4.886780004E1,1.389111328E-1,-7.585625610E0,-4.439019012E0
4.887782704E1,-3.791615295E-1,-7.934999084E0,-4.329746246E0
4.888785504E1,3.412902832E-2,-7.806266785E0,-4.259991302E0
4.889788304E1,1.569336548E0,-7.300917664E0,-4.540208588E0
4.890791004E1,3.936663666E0,-6.528074799E0,-5.262157288E0
4.891793804E1,6.239474945E0,-5.542973328E0,-6.382577362E0
4.892796504E1,7.807015228E0,-4.157903595E0,-7.483687592E0
4.893799304E1,8.292755127E0,-2.358794861E0,-8.005951538E0
4.894802104E1,8.507708130E0,1.288819885E-1,-7.263046417E0
4.895804804E1,1.070019882E1,3.640729065E0,-5.111570435E0
4.896807604E1,1.556987228E1,7.345973969E0,-2.908002777E0
4.897810404E1,2.180785034E1,1.019859192E1,-1.604214020E0
4.898813104E1,2.761472488E1,1.226055405E1,-1.054856415E0
4.899815904E1,3.071298203E1,1.406609940E1,-1.099463654E0
4.900818704E1,2.987262955E1,1.578811844E1,-1.195713501E0
4.901821404E1,2.606604538E1,1.699131638E1,-9.192384338E-1
4.902824204E1,2.160951279E1,1.716660187E1,-5.523513794E-1
4.903826904E1,1.794633041E1,1.657308609E1,-8.663983154E-1
4.904829704E1,1.469494171E1,1.537422913E1,-1.824106750E0
4.905832504E1,1.168335434E1,1.412836990E1,-2.724933472E0
4.906835204E1,8.977880402E0,1.307276505E1,-3.019071808E0
4.907838004E1,6.867419128E0,1.215831665E1,-2.593057709E0
4.908840804E1,5.519921265E0,1.151660110E1,-1.892963562E0
4.909843504E1,4.781806183E0,1.099403778E1,-1.137484589E0
4.910846304E1,4.051025848E0,1.046399002E1,-3.938310242E-1
4.911849104E1,3.161725159E0,1.020487885E1,2.152523804E-1
4.912851804E1,1.927092590E0,9.920320587E0,2.918930054E-1
4.913854604E1,5.084925842E-1,9.184450836E0,-2.909948730E-1
4.914857304E1,-9.792636108E-1,8.033045197E0,-6.670129395E-1
4.915860104E1,-2.285148010E0,6.998546448E0,-2.401007080E-1
4.916862904E1,-3.382665710E0,6.253845062E0,5.269042969E-1
4.917865604E1,-3.882176971E0,5.540428619E0,1.397793274E0
4.918868404E1,-3.959715729E0,4.800517273E0,2.304457855E0
4.919871204E1,-4.008214874E0,4.297114105E0,2.897225189E0
4.920873904E1,-4.178261261E0,4.096082153E0,3.066074066E0
4.921876704E1,-4.599784698E0,4.118535461E0,3.059936829E0
4.922879404E1,-4.449197845E0,4.368964691E0,3.075055389E0
4.923882204E1,-3.318898315E0,4.931345215E0,2.997217255E0
4.924885004E1,-1.364263000E0,6.225254517E0,2.562970276E0
4.925887704E1,1.283580780E0,8.127648468E0,1.948498077E0
4.926890504E1,3.955075378E0,9.990674286E0,1.086590424E0
4.927893304E1,5.662424927E0,1.161719193E1,7.981402588E-1
4.928896004E1,6.599925385E0,1.362287109E1,1.976040802E0
4.929898804E1,8.383915558E0,1.597223557E1,4.007616119E0
4.930901604E1,1.209889023E1,1.816921692E1,5.326972504E0
4.931904304E1,1.722797424E1,1.921045166E1,4.084406433E0
4.932907104E1,2.129576523E1,1.849793335E1,2.555186462E-1
4.933909804E1,2.250824387E1,1.717303848E1,-3.867058411E0
4.934912604E1,2.127016846E1,1.593705872E1,-6.846911774E0
4.935915404E1,1.941402832E1,1.499222351E1,-8.096213837E0
4.936918104E1,1.831396591E1,1.403691010E1,-7.813751221E0
4.937920904E1,1.780771866E1,1.265243912E1,-6.706952820E0
4.938923704E1,1.672995987E1,1.081351318E1,-5.178930359E0
4.939926404E1,1.483160751E1,8.736582184E0,-3.336860962E0
4.940929204E1,1.261950760E1,6.643784180E0,-1.516047363E0
4.941932004E1,1.051368668E1,4.645739136E0,1.302291870E-1
4.942934704E1,8.837173004E0,3.008743286E0,1.612147522E0
4.943937504E1,7.621999969E0,1.619182892E0,2.568658447E0
4.944940204E1,6.658603363E0,1.880090332E-1,2.582579498E0
4.945943004E1,5.839356995E0,-1.085392914E0,1.868564301E0
4.946945804E1,5.271138611E0,-2.052531738E0,9.246272278E-1
4.947948504E1,4.840484161E0,-2.835553436E0,5.508544922E-2
4.948951304E1,4.472549286E0,-3.743714905E0,-7.191046143E-1
4.949954104E1,3.959116974E0,-4.686005402E0,-1.430724792E0
4.950956804E1,3.063978424E0,-5.566923523E0,-2.015708313E0
4.951959604E1,1.541494446E0,-6.327791290E0,-2.551893311E0
4.952962304E1,-3.626957703E-1,-7.026837616E0,-2.913241882E0
4.953965104E1,-1.915267181E0,-7.674840088E0,-2.906954956E0
4.954967904E1,-2.286495209E0,-8.044271851E0,-2.780018921E0
4.955970604E1,-1.242266693E0,-8.093519440E0,-3.103196869E0
4.956973404E1,9.497749329E-1,-7.682025146E0,-4.269272003E0
4.957976204E1,3.390449524E0,-6.999145203E0,-5.710325317E0
4.958978904E1,5.410349121E0,-6.284830627E0,-7.147786102E0
4.959981704E1,6.700366516E0,-5.709127808E0,-8.374335480E0
4.960984504E1,6.635401611E0,-4.831353149E0,-8.593030701E0
4.961987204E1,6.543642426E0,-2.280657349E0,-6.891069946E0
4.962990004E1,9.745633850E0,2.236199799E0,-3.923341370E0
4.963992704E1,1.731105148E1,7.705526276E0,-1.615290985E0
4.964995504E1,2.745306107E1,1.236533615E1,-1.421294403E0
4.965998304E1,3.529210968E1,1.466440521E1,-3.494782562E0
4.967001004E1,3.679812790E1,1.534249512E1,-5.729485474E0
4.968003804E1,3.186319016E1,1.617177063E1,-5.910309448E0
4.969006504E1,2.477183670E1,1.653760986E1,-4.771028595E0
4.970009304E1,1.950578751E1,1.537333099E1,-3.954476624E0
4.971012104E1,1.632954254E1,1.386012772E1,-4.425097961E0
4.972014804E1,1.430245789E1,1.281964142E1,-5.572761383E0
4.973017604E1,1.224962677E1,1.185804108E1,-6.105952606E0
4.974020404E1,9.392667847E0,1.064855621E1,-5.702242126E0
4.975023104E1,6.199058990E0,9.329199829E0,-4.370012512E0
4.976025904E1,3.495081940E0,8.272547150E0,-2.324067078E0
4.977028604E1,1.751507721E0,7.568261719E0,-2.728825378E-1
4.978031404E1,1.071920929E0,7.240742798E0,1.553020477E0
4.979034204E1,9.931846619E-1,7.257358246E0,3.069067841E0
4.980036904E1,1.240919495E0,7.433092804E0,3.998036041E0
4.981039704E1,1.116079102E0,7.400909729E0,4.024081879E0
4.982042504E1,7.619155884E-2,7.172484741E0,3.390748901E0
4.983045204E1,-1.317859497E0,6.896608429E0,2.611319733E0
4.984048004E1,-2.410587158E0,6.577172699E0,2.083966370E0
4.985050758E1,-2.945424957E0,6.224356384E0,1.823657684E0
4.986053558E1,-3.149450684E0,5.867648163E0,1.850451965E0
4.987056358E1,-3.099903717E0,5.672304382E0,2.137554932E0
4.988059058E1,-3.033441925E0,5.627098389E0,2.712359619E0
4.989061858E1,-2.794538727E0,5.741011505E0,3.209775238E0
4.990064658E1,-2.122286682E0,6.148464203E0,3.522325287E0
4.991067358E1,-6.683601379E-1,6.814129944E0,3.418291626E0
4.992070158E1,9.996212769E-1,7.624844055E0,2.950813751E0
4.993072858E1,3.055146790E0,8.939560089E0,2.765499115E0
4.994075658E1,5.032684479E0,1.095002930E1,3.112327881E0
4.995078458E1,7.082821198E0,1.350252136E1,3.801195374E0
4.996081158E1,9.802515564E0,1.570713684E1,4.249064026E0
4.997083958E1,1.253074219E1,1.693847626E1,3.987707520E0
4.998086658E1,1.499671417E1,1.770084091E1,2.850671997E0
4.999089458E1,1.764261200E1,1.791534485E1,1.047222290E0
5.000092258E1,1.959919327E1,1.693817688E1,-1.209484863E0
5.001094958E1,1.974020004E1,1.535761368E1,-3.353027344E0
5.002097758E1,1.821112976E1,1.442175980E1,-4.435127106E0
5.003100558E1,1.657727737E1,1.427731018E1,-4.191882935E0
5.004103258E1,1.599888016E1,1.391206970E1,-3.359763336E0
5.005106058E1,1.601684280E1,1.271830215E1,-2.499801636E0
5.006108758E1,1.580473389E1,1.111618378E1,-1.565444641E0
5.007111558E1,1.467727844E1,9.514664154E0,-4.406835938E-1
5.008114358E1,1.252610184E1,7.698939972E0,6.635700989E-1
5.009117058E1,1.025128235E1,5.850284271E0,1.732946320E0
5.010119858E1,8.479117584E0,4.186344452E0,2.508483582E0
5.011122558E1,7.393724670E0,2.569855957E0,2.769840088E0
5.012125358E1,6.769073639E0,1.062640228E0,2.539169769E0
5.013128158E1,6.171216888E0,-2.445913696E-1,1.822011108E0
5.014130858E1,5.721102905E0,-1.334924011E0,7.421566772E-1
5.015133658E1,5.509443054E0,-2.251318359E0,-4.546046448E-1
5.016136458E1,5.392236786E0,-3.067271576E0,-1.566043396E0
5.017139158E1,5.267546082E0,-3.859274597E0,-2.456541595E0
5.018141958E1,4.748126221E0,-4.725523224E0,-3.015928345E0
5.019144658E1,3.580554199E0,-5.689668274E0,-3.423381042E0
5.020147458E1,1.862427063E0,-6.668632507E0,-3.735332336E0
5.021150258E1,6.436614990E-2,-7.616910553E0,-3.730542297E0
5.022152958E1,-1.150956573E0,-8.156239014E0,-3.449576569E0
5.023155758E1,-1.392404480E0,-8.269104309E0,-3.275039520E0
5.024158558E1,-3.721261597E-1,-8.265212402E0,-3.546574860E0
5.025161258E1,1.674418030E0,-7.920030212E0,-4.238136749E0
5.026164058E1,3.787873077E0,-7.104675751E0,-5.212909698E0
5.027166758E1,5.510640564E0,-6.120322723E0,-6.407425690E0
5.028169558E1,6.191574554E0,-5.193001099E0,-7.552544403E0
5.029172358E1,5.610932007E0,-3.733685760E0,-7.918383636E0
5.030175058E1,5.417085114E0,-1.012195129E0,-6.655459900E0
5.031177858E1,8.194259949E0,3.061733093E0,-4.412524109E0
5.032180558E1,1.492216919E1,7.543712769E0,-2.928510132E0
5.033183358E1,2.411305664E1,1.103729782E1,-3.152145081E0
5.034186158E1,3.153177933E1,1.317799622E1,-4.986730042E0
5.035188858E1,3.362487671E1,1.455408463E1,-6.626270599E0
5.036191658E1,3.016811508E1,1.607342514E1,-6.003864899E0
5.037194358E1,2.444746124E1,1.686512878E1,-4.010160828E0
5.038197158E1,1.999646713E1,1.620215744E1,-2.692001953E0
5.039199958E1,1.707813583E1,1.516376678E1,-2.607577515E0
5.040202658E1,1.517229904E1,1.427326859E1,-3.538491669E0
5.041205458E1,1.356015152E1,1.344638809E1,-4.749772797E0
5.042208258E1,1.153650970E1,1.243913269E1,-5.558091888E0
5.043210958E1,9.165739746E0,1.116797607E1,-5.457201691E0
5.044213758E1,6.850055237E0,9.866582336E0,-4.541855164E0
5.045216458E1,4.752317505E0,8.684041443E0,-3.198997650E0
5.046219258E1,2.879861298E0,7.660919037E0,-1.775158539E0
5.047222058E1,1.202748871E0,6.823859711E0,-3.460803223E-1
5.048224758E1,-2.501298523E-1,6.257138214E0,9.081614685E-1
5.049227558E1,-1.323847046E0,6.057752838E0,1.932032318E0
5.050230258E1,-1.803898773E0,6.021378479E0,2.631228333E0
5.051233058E1,-1.870659943E0,5.934409332E0,2.997067566E0
5.052235858E1,-1.900747375E0,5.845943298E0,3.125949554E0
5.053238558E1,-2.258204041E0,5.609435120E0,3.165467377E0
5.054241358E1,-2.922672272E0,5.111420746E0,3.363355865E0
5.055244058E1,-3.793112183E0,4.580325165E0,3.764970703E0
5.056246858E1,-4.518653412E0,4.345164185E0,4.317621460E0
5.057249658E1,-4.551135864E0,4.860542450E0,4.821922760E0
5.058252358E1,-4.070784760E0,5.645210724E0,5.169649658E0
5.059255158E1,-3.084485779E0,6.517446899E0,5.188959503E0
5.060257958E1,-1.279688873E0,7.841593323E0,4.808750153E0
5.061260658E1,9.909393311E-1,9.709259491E0,4.089795227E0
5.062263458E1,3.305126953E0,1.195354248E1,3.344195709E0
5.063266158E1,5.058880005E0,1.422881104E1,3.291205902E0
5.064268958E1,7.238048401E0,1.708861404E1,4.496948547E0
5.065271758E1,1.070394104E1,2.013208511E1,6.032455444E0
5.066274458E1,1.553604263E1,2.252096741E1,6.571484528E0
5.067277258E1,2.001577698E1,2.344185242E1,5.574407959E0
5.068279958E1,2.257485535E1,2.253009842E1,3.375330963E0
5.069282758E1,2.266197418E1,2.051618637E1,1.113384705E0
5.070285558E1,2.111883316E1,1.828372879E1,-4.330494690E-1
5.071288258E1,1.943019470E1,1.618284760E1,-1.631157990E0
5.072291058E1,1.845212860E1,1.434002975E1,-2.680026855E0
5.073293758E1,1.790486664E1,1.245320343E1,-3.441493378E0
5.074296558E1,1.684731583E1,1.002390518E1,-3.717519379E0
5.075299358E1,1.486124588E1,7.535779266E0,-3.220103760E0
5.076302058E1,1.238524475E1,5.426964569E0,-1.950444031E0
5.077304858E1,9.875264282E0,3.438649292E0,-4.836442566E-1
5.078307558E1,7.962392120E0,1.628762970E0,7.987390137E-1
5.079310358E1,6.896309052E0,1.833686829E-1,1.896705780E0
5.080313158E1,6.345155182E0,-1.066681824E0,2.502795410E0
5.081315858E1,5.887407074E0,-2.325563965E0,2.289039917E0
5.082318658E1,5.513334961E0,-3.400029602E0,1.548380127E0
5.083321358E1,5.348527679E0,-4.109703827E0,6.001020813E-1
5.084324158E1,5.055287476E0,-4.794230347E0,-5.505551147E-1
5.085326954E1,4.691094818E0,-5.486091614E0,-1.645079041E0
5.086329654E1,4.120032349E0,-6.227200470E0,-2.532882843E0
5.087332454E1,3.117716675E0,-6.850354614E0,-3.354224854E0
5.088335154E1,1.500330048E0,-7.388635254E0,-3.890260162E0
5.089337954E1,-2.685415649E-1,-7.903265076E0,-4.169729004E0
5.090340754E1,-1.658101959E0,-8.302933960E0,-4.313280487E0
5.091343454E1,-1.917811890E0,-8.274942169E0,-4.244573364E0
5.092346254E1,-5.493576050E-1,-7.910450134E0,-4.530927887E0
5.093348954E1,1.936373291E0,-7.512727203E0,-5.159919891E0
5.094351754E1,4.733007660E0,-6.889573059E0,-5.832321625E0
5.095354554E1,6.873855743E0,-5.982758789E0,-6.819369049E0
5.096357254E1,7.660320282E0,-5.003794556E0,-7.877967682E0
5.097360054E1,7.279362488E0,-3.781137085E0,-8.008795624E0
5.098362854E1,6.961423645E0,-1.782792664E0,-7.074438629E0
5.099365554E1,8.484506378E0,1.445394287E0,-5.604196014E0
5.100368354E1,1.378393616E1,6.175707550E0,-4.155508575E0
5.101371054E1,2.230930756E1,1.088581284E1,-3.892804871E0
5.102373854E1,3.028816544E1,1.371358246E1,-5.280119934E0
5.103376654E1,3.368175842E1,1.495435226E1,-6.367608490E0
5.104379354E1,3.166081100E1,1.621742569E1,-5.008285217E0
5.105382154E1,2.691792389E1,1.748888168E1,-2.023043060E0
5.106384854E1,2.238340347E1,1.730641113E1,-3.077600098E-1
5.107387654E1,1.933574112E1,1.649045792E1,-2.583627319E-1
5.108390454E1,1.756597137E1,1.592029358E1,-1.470392303E0
5.109393154E1,1.603615265E1,1.498548752E1,-3.210972748E0
5.110395954E1,1.382001114E1,1.363290024E1,-4.504582672E0
5.111398654E1,1.103385498E1,1.226743973E1,-5.040767670E0
5.112401454E1,8.083639984E0,1.093476105E1,-4.628973999E0
5.113404154E1,5.328319702E0,9.700427856E0,-3.295546875E0
5.114406954E1,2.986589355E0,8.711883545E0,-1.616189117E0
5.115409754E1,1.060245209E0,8.001161499E0,6.646179199E-2
5.116412454E1,-5.077441406E-1,7.588769073E0,1.781295776E0
5.117415254E1,-1.531315613E0,7.419920197E0,3.144361267E0
5.118417954E1,-2.064357147E0,7.335046692E0,3.967948608E0
5.119420754E1,-2.394869843E0,7.209906921E0,4.387675781E0
5.120423554E1,-2.550246735E0,7.124584351E0,4.524191895E0
5.121426254E1,-2.831811218E0,7.042405243E0,4.337530060E0
5.122429054E1,-3.253334656E0,6.824608154E0,4.100722504E0
5.123431754E1,-3.588637390E0,6.630611572E0,4.134851532E0
5.124434554E1,-3.773053894E0,6.596033478E0,4.551884308E0
5.125437354E1,-3.428320770E0,7.073390808E0,5.343587952E0
5.126440054E1,-2.889890442E0,7.925568695E0,6.051765289E0
5.127442854E1,-1.651665344E0,9.098828888E0,6.122568054E0
5.128445554E1,6.448590088E-1,1.045979874E1,5.581742706E0
5.129448354E1,3.803889771E0,1.200144287E1,4.907993774E0
5.130451154E1,7.177723846E0,1.377091324E1,4.214934998E0
5.131453854E1,1.000249969E1,1.506886414E1,3.613934784E0
5.132456654E1,1.209514801E1,1.585038895E1,3.417094116E0
5.133459354E1,1.386192398E1,1.632774628E1,3.866609344E0
5.134462154E1,1.574919937E1,1.661799271E1,4.380790100E0
5.135464954E1,1.738754242E1,1.661724426E1,4.199067993E0
5.136467654E1,1.845093109E1,1.565758987E1,3.219804382E0
5.137470454E1,1.868339767E1,1.371283401E1,1.688937836E0
5.138473154E1,1.790441757E1,1.158815231E1,-1.541793823E-1
5.139475954E1,1.653132294E1,1.051473450E1,-1.720222778E0
5.140478754E1,1.545281570E1,1.016491196E1,-2.834056549E0
5.141481454E1,1.512978745E1,9.791139221E0,-3.822451172E0
5.142484254E1,1.522962982E1,8.960366821E0,-4.446204071E0
5.143486954E1,1.480541199E1,7.819738770E0,-4.526437225E0
5.144489754E1,1.345222595E1,6.521338806E0,-3.903283081E0
5.145492554E1,1.141002274E1,5.064568176E0,-2.821033630E0
5.146495254E1,9.315129089E0,3.448229370E0,-1.547032928E0
5.147498054E1,7.670050049E0,1.798959045E0,-4.138893127E-1
5.148500754E1,6.371051331E0,2.267784119E-1,1.270857239E-1
5.149503554E1,5.315596161E0,-1.130000153E0,3.727249146E-2
5.150506354E1,4.390519867E0,-2.198029175E0,-5.445675659E-1
5.151509054E1,3.528612213E0,-3.032843170E0,-1.324894867E0
5.152511854E1,2.958747253E0,-3.769311676E0,-2.119442596E0
5.153514554E1,2.679428101E0,-4.485871582E0,-3.035986633E0
5.154517354E1,2.482138367E0,-5.004243622E0,-4.108206940E0
5.155520154E1,1.974543915E0,-5.350024567E0,-5.059329071E0
5.156522854E1,7.860154724E-1,-5.658083954E0,-5.844745789E0
5.157525654E1,-1.032253418E0,-5.992787933E0,-6.238127747E0
5.158528354E1,-2.537373505E0,-6.225254517E0,-6.052813110E0
5.159531154E1,-3.081492004E0,-6.369554443E0,-5.400170288E0
5.160533954E1,-2.068847809E0,-6.189329224E0,-4.656965790E0
5.161536654E1,5.295986938E-1,-5.725294189E0,-4.345164185E0
5.162539454E1,3.694467316E0,-5.041815491E0,-4.850513306E0
5.163542154E1,6.334676971E0,-4.384083252E0,-5.748645630E0
5.164544954E1,7.878566437E0,-3.820056152E0,-6.563401337E0
5.165547754E1,8.000113678E0,-3.073558502E0,-6.647227020E0
5.166550454E1,8.038583679E0,-1.831740875E0,-5.763015747E0
5.167553254E1,1.018946091E1,6.135740662E-1,-3.659889221E0
5.168555954E1,1.544877411E1,4.598138123E0,-1.414109344E0
5.169558754E1,2.267993683E1,8.376281433E0,-4.878355408E-1
5.170561554E1,2.944451981E1,1.084464844E1,-1.021176453E0
5.171564254E1,3.328313736E1,1.252370682E1,-1.859133911E0
5.172567054E1,3.336007736E1,1.433823349E1,-1.950294342E0
5.173569754E1,3.041285614E1,1.603360794E1,-1.130898285E0
5.174572554E1,2.641032944E1,1.638088577E1,-2.552192688E-1
5.175575354E1,2.263637741E1,1.548559753E1,2.335144043E-2
5.176578054E1,1.928739166E1,1.452279968E1,-6.069877625E-1
5.177580854E1,1.587014786E1,1.362676300E1,-1.787133636E0
5.178583554E1,1.233629654E1,1.240515335E1,-2.693947906E0
5.179586354E1,8.789122925E0,1.097802109E1,-2.827919312E0
5.180589154E1,5.470973053E0,9.604776764E0,-2.081122284E0
5.181591854E1,2.795736237E0,8.551866302E0,-6.613247681E-1
5.182594654E1,9.042695618E-1,7.869884491E0,1.149010620E0
5.183597354E1,4.595443726E-2,7.500303040E0,2.853965149E0
5.184600121E1,2.552192688E-1,7.559280396E0,4.022135925E0
5.185602921E1,8.976832581E-1,7.875123596E0,4.553979950E0
5.186605621E1,1.265468445E0,7.894583130E0,4.405488739E0
5.187608421E1,9.207353210E-1,7.707322540E0,3.911515961E0
5.188611121E1,-1.041833496E-1,7.467221832E0,3.380121002E0
5.189613921E1,-1.226549377E0,7.095095673E0,3.032244415E0
5.190616721E1,-2.064357147E0,6.701264648E0,2.870430908E0
5.191619421E1,-2.595752106E0,6.369105377E0,2.897225189E0
5.192622221E1,-2.959944763E0,6.142626343E0,2.942580872E0
5.193624921E1,-3.074007568E0,6.079008636E0,2.930306396E0
5.194627721E1,-2.732567596E0,6.472390594E0,2.805016937E0
5.195630521E1,-1.709894257E0,7.468419342E0,2.445764008E0
5.196633221E1,-2.409988403E-2,8.494086456E0,1.952539673E0
5.197636021E1,2.177372131E0,9.605824585E0,1.480870514E0
5.198638721E1,4.414170685E0,1.107876160E1,9.316625977E-1
5.199641521E1,6.458768921E0,1.241877502E1,4.299060059E-1
5.200644321E1,7.682324524E0,1.369217697E1,5.867797852E-1
5.201647021E1,8.153843994E0,1.508967087E1,1.633403320E0
5.202649821E1,9.228758698E0,1.655287811E1,3.465293884E0
5.203652521E1,1.124701172E1,1.788795181E1,5.312602386E0
5.204655321E1,1.457698700E1,1.891002640E1,5.819598083E0
5.205658021E1,1.911794403E1,1.898921173E1,4.223916321E0
5.206660821E1,2.243744110E1,1.775862076E1,1.350192261E0
5.207663621E1,2.366339172E1,1.624841125E1,-1.270857239E0
5.208666321E1,2.295596283E1,1.504955429E1,-2.869233398E0
5.209669121E1,2.139396103E1,1.376372818E1,-3.329077148E0
5.210671821E1,1.962987946E1,1.188483536E1,-3.159030762E0
5.211674621E1,1.731838623E1,9.552984467E0,-2.645748138E0
5.212677421E1,1.438239166E1,7.144642639E0,-1.885628815E0
5.213680121E1,1.122126526E1,4.914729767E0,-1.072968750E0
5.214682921E1,8.579409027E0,3.008743286E0,-1.013392639E-1
5.215685621E1,6.783294067E0,1.402733002E0,9.202862549E-1
5.216688421E1,5.809718628E0,-4.026626587E-2,1.817071381E0
5.217691221E1,5.259163513E0,-1.391955414E0,2.381846924E0
5.218693921E1,4.729115753E0,-2.531535645E0,2.505639496E0
5.219696721E1,4.280798035E0,-3.533701630E0,2.181862793E0
5.220699421E1,4.103416901E0,-4.382885742E0,1.521286469E0
5.221702221E1,4.140689392E0,-5.143454132E0,6.598278809E-1
5.222705021E1,4.099524994E0,-5.873486023E0,-3.558100891E-1
5.223707721E1,3.396137695E0,-6.599925385E0,-1.266665955E0
5.224710521E1,1.807341614E0,-7.145540771E0,-1.880988464E0
5.225713221E1,-1.013392639E-1,-7.554789734E0,-2.131417694E0
5.226716021E1,-1.404978333E0,-7.976462860E0,-2.158810730E0
5.227718821E1,-1.884281616E0,-8.370144196E0,-2.010918274E0
5.228721521E1,-1.300645294E0,-8.524323578E0,-1.935325470E0
5.229724321E1,9.945318604E-1,-8.276289368E0,-2.354304199E0
5.230727021E1,3.973936157E0,-7.875273285E0,-3.430715790E0
5.231729821E1,6.440057831E0,-7.244784393E0,-4.871020660E0
5.232732621E1,7.555837555E0,-6.293213196E0,-6.221212921E0
5.233735321E1,7.471562805E0,-5.056934052E0,-7.283254395E0
5.234738121E1,7.033872986E0,-2.997666321E0,-7.307204590E0
5.235740821E1,9.307195587E0,8.213420105E-1,-5.754633179E0
5.236743621E1,1.570504120E1,5.909860382E0,-3.992497559E0
5.237746321E1,2.443503708E1,1.022044647E1,-3.865711212E0
5.238749121E1,3.262914734E1,1.269405258E1,-5.466482391E0
5.239751921E1,3.619997177E1,1.389949585E1,-7.577243042E0
5.240754621E1,3.346306320E1,1.518921387E1,-8.010591888E0
5.241757421E1,2.737327698E1,1.647863251E1,-5.920488281E0
5.242760121E1,2.194586334E1,1.652294037E1,-3.781735840E0
5.243762921E1,1.862277374E1,1.575907883E1,-3.068319397E0
5.244765721E1,1.661963928E1,1.494671814E1,-3.718567200E0
5.245768421E1,1.503368729E1,1.398002838E1,-4.927453308E0
5.246771221E1,1.273521698E1,1.283131714E1,-5.660179596E0
5.247773921E1,9.775421906E0,1.173245224E1,-5.400469666E0
5.248776721E1,6.949598236E0,1.068942123E1,-4.211492157E0
5.249779521E1,4.841981049E0,9.756411438E0,-2.499053192E0
5.250782221E1,3.294049988E0,9.036259003E0,-6.215075684E-1
5.251785021E1,2.022893372E0,8.540939026E0,1.222807159E0
5.252787721E1,1.193019104E0,8.168214111E0,2.940335541E0
5.253790521E1,6.363267517E-1,7.887248383E0,4.198469238E0
5.254793221E1,1.519340515E-1,7.639363861E0,4.621788940E0
5.255796021E1,-2.546205139E-1,7.336244202E0,4.339925079E0
5.256798821E1,-7.611671448E-1,6.989714813E0,3.816313934E0
5.257801521E1,-1.368454285E0,6.553222504E0,3.367547150E0
5.258804321E1,-2.058818665E0,6.065386963E0,3.208727417E0
5.259807021E1,-2.727777557E0,5.523064728E0,3.308569794E0
5.260809821E1,-3.149300995E0,5.001698914E0,3.600612488E0
5.261812621E1,-3.353326721E0,4.563410339E0,3.997736664E0
5.262815321E1,-3.278781738E0,4.498744812E0,4.329596558E0
5.263818121E1,-3.029100952E0,4.817432098E0,4.405339050E0
5.264820821E1,-2.080822906E0,5.726791077E0,4.203259277E0
5.265823621E1,-6.209088135E-1,6.986870728E0,3.615880737E0
5.266826421E1,1.507066040E0,8.604856110E0,2.711311798E0
5.267829121E1,4.259242859E0,1.094583801E1,2.223326569E0
5.268831921E1,7.144193573E0,1.383153717E1,2.410886536E0
5.269834621E1,9.986932068E0,1.629376694E1,2.776127014E0
5.270837421E1,1.287921753E1,1.769934402E1,3.562890930E0
5.271840121E1,1.577569427E1,1.865765121E1,4.487218781E0
5.272842921E1,1.860196701E1,1.921105042E1,3.952231293E0
5.273845721E1,2.090328140E1,1.816816910E1,1.556313629E0
5.274848421E1,2.179901871E1,1.634421204E1,-1.284628601E0
5.275851221E1,2.124247604E1,1.486169495E1,-3.429069214E0
5.276853921E1,1.975471985E1,1.397628616E1,-4.449497223E0
5.277856721E1,1.845991241E1,1.318203781E1,-4.484225006E0
5.278859421E1,1.751387970E1,1.184531754E1,-3.908971252E0
5.279862221E1,1.628268997E1,9.978699188E0,-2.988086243E0
5.280865021E1,1.439526489E1,7.987988892E0,-1.792672119E0
5.281867721E1,1.193183762E1,6.054160309E0,-5.550457764E-1
5.282870521E1,9.582473145E0,4.119283905E0,6.265969849E-1
5.283873221E1,7.632178802E0,2.428100739E0,1.789678345E0
5.284875979E1,6.158792725E0,1.123563538E0,2.755469971E0
5.285878779E1,5.330565033E0,1.631607056E-2,3.134631500E0
5.286881479E1,4.987628174E0,-1.010698242E0,2.871927795E0
5.287884279E1,4.865931244E0,-1.916165314E0,2.126328278E0
5.288886979E1,4.772974548E0,-2.769540710E0,1.084794159E0
5.289889779E1,4.646786957E0,-3.589685211E0,-8.337661743E-2
5.290892579E1,4.497098236E0,-4.360881500E0,-1.206191711E0
5.291895279E1,3.825744324E0,-5.121449890E0,-2.174827423E0
5.292898079E1,2.533032532E0,-5.914351044E0,-3.092119904E0
5.293900779E1,9.584568787E-1,-6.676715698E0,-3.571123810E0
5.294903579E1,-5.864804077E-1,-7.303911438E0,-3.594175873E0
5.295906279E1,-1.670226746E0,-7.835605774E0,-3.487896881E0
5.296909079E1,-1.922302551E0,-8.006101227E0,-3.388802948E0
5.297911879E1,-9.029223633E-1,-7.751929779E0,-3.526815948E0
5.298914579E1,1.440753937E0,-7.161707153E0,-3.994593201E0
5.299917379E1,4.340074768E0,-6.131998444E0,-4.789290619E0
5.300920079E1,7.060068512E0,-4.713548126E0,-6.078709259E0
5.301922879E1,8.922345886E0,-3.198249207E0,-7.623347168E0
5.302925579E1,9.917775879E0,-1.355730743E0,-8.688981171E0
5.303928379E1,1.054796539E1,1.343007202E0,-8.326734467E0
5.304931179E1,1.288400757E1,5.481301575E0,-6.175557861E0
5.305933879E1,1.791684174E1,9.875563660E0,-3.979923706E0
5.306936679E1,2.431483704E1,1.279299683E1,-3.135679321E0
5.307939379E1,2.947909790E1,1.387015686E1,-4.190086670E0
5.308942179E1,3.131368286E1,1.463701218E1,-5.979166260E0
5.309944979E1,2.935261093E1,1.589709183E1,-6.645879822E0
5.310947679E1,2.512600021E1,1.644495255E1,-6.079757080E0
5.311950479E1,2.074955109E1,1.589993591E1,-5.378315735E0
5.312953179E1,1.699670517E1,1.492725861E1,-5.284460907E0
5.313955979E1,1.392194916E1,1.406445282E1,-5.523214417E0
5.314958679E1,1.136182297E1,1.323113571E1,-5.662574615E0
5.315961479E1,9.158854065E0,1.226519440E1,-5.430257721E0
5.316964279E1,7.192842407E0,1.120120697E1,-4.719535675E0
5.317966979E1,5.286556549E0,1.010144394E1,-3.730093231E0
5.318969779E1,3.468736725E0,9.151968384E0,-2.553839264E0
5.319972479E1,1.826501770E0,8.467292175E0,-1.253044281E0
5.320975279E1,3.263214111E-1,7.784112854E0,1.163081360E-1
5.321977979E1,-1.035696259E0,7.168742523E0,1.599573669E0
5.322980779E1,-2.176174622E0,6.648873596E0,2.964585114E0
5.323983579E1,-3.107687531E0,6.190227356E0,3.916605377E0
5.324986279E1,-3.742218018E0,5.679339752E0,4.428091736E0
5.325989079E1,-4.199966125E0,5.126090240E0,4.639003143E0
5.326991779E1,-4.593348083E0,4.669240265E0,4.640649719E0
5.327994579E1,-4.896767120E0,4.198169861E0,4.522545319E0
5.328997379E1,-5.034031677E0,3.750899963E0,4.425247650E0
5.330000079E1,-5.014721832E0,3.485202484E0,4.354444885E0
5.331002879E1,-4.998705139E0,3.545826416E0,4.214186554E0
5.332005579E1,-4.845723267E0,3.998036041E0,4.058061218E0
5.333008379E1,-4.245621185E0,5.075345764E0,3.944597168E0
5.334011079E1,-2.797682190E0,6.587201843E0,3.640878754E0
5.335013879E1,-2.423460388E-1,8.509504395E0,2.926414490E0
5.336016679E1,2.555336151E0,1.082039886E1,1.733694763E0
5.337019379E1,5.186863861E0,1.361987732E1,6.640191650E-1
5.338022179E1,7.630532227E0,1.681273773E1,4.414320374E-1
5.339024879E1,1.006087830E1,1.997072067E1,1.115031281E0
5.340027679E1,1.288281006E1,2.205708206E1,2.014810181E0
5.341030379E1,1.620739655E1,2.269281006E1,2.164947968E0
5.342033179E1,1.892529465E1,2.186278610E1,6.015989685E-1
5.343035979E1,1.949830307E1,1.985321503E1,-1.977837067E0
5.344038679E1,1.801593567E1,1.788645493E1,-3.890858917E0
5.345041479E1,1.587164474E1,1.633059036E1,-4.885540466E0
5.346044179E1,1.413420776E1,1.513757126E1,-5.287454681E0
5.347046979E1,1.342004288E1,1.384336258E1,-4.899760895E0
5.348049679E1,1.310644501E1,1.203093155E1,-3.726500702E0
5.349052479E1,1.200039505E1,9.937085724E0,-2.335892487E0
5.350055279E1,1.000190094E1,8.011490021E0,-9.864486694E-1
5.351057979E1,7.897726593E0,6.308032379E0,3.258723450E-1
5.352060779E1,6.384074249E0,4.823419647E0,1.547332306E0
5.353063479E1,5.600304108E0,3.430566101E0,2.437231750E0
5.354066279E1,5.325325928E0,1.977537689E0,2.750979309E0
5.355068979E1,5.320236511E0,3.595523071E-1,2.536325684E0
5.356071779E1,5.275928650E0,-1.236877899E0,1.986369324E0
5.357074579E1,4.956642609E0,-2.647544403E0,1.329684906E0
5.358077279E1,4.339026947E0,-3.832630005E0,8.047265625E-1
5.359080079E1,3.717669067E0,-4.960384827E0,3.769161987E-1
5.360082779E1,3.308420105E0,-5.891598358E0,-1.300794983E-1
5.361085579E1,2.898572388E0,-6.447841644E0,-8.375083923E-1
5.362088279E1,2.131866760E0,-6.817722473E0,-1.446741486E0
5.363091079E1,8.997789001E-1,-7.128625946E0,-1.985022125E0
5.364093879E1,-1.335223389E-1,-7.342231750E0,-2.658172302E0
5.365096579E1,-5.355862427E-1,-7.520061951E0,-3.288960571E0
5.366099379E1,1.631607056E-2,-7.148384857E0,-3.918701019E0
5.367102079E1,2.218087463E0,-6.157146149E0,-4.670587463E0
5.368104879E1,5.372328186E0,-5.121150513E0,-5.450316010E0
5.369107679E1,8.451275482E0,-4.120780792E0,-6.575825500E0
5.370110379E1,1.041040146E1,-2.973117371E0,-7.864795074E0
5.371113179E1,1.114237930E1,-1.267713776E0,-8.566386108E0
5.372115879E1,1.156360336E1,1.605261841E0,-8.098010101E0
5.373118679E1,1.288550446E1,5.769003296E0,-6.516548767E0
5.374121379E1,1.674522812E1,1.039992325E1,-4.637805634E0
5.375124179E1,2.298410431E1,1.388647293E1,-3.202590179E0
5.376126979E1,2.833936798E1,1.511167511E1,-2.860701141E0
5.377129679E1,3.023487625E1,1.542871582E1,-2.913690948E0
5.378132479E1,2.884606430E1,1.644001282E1,-2.345771942E0
5.379135179E1,2.539798462E1,1.750579651E1,-1.311422882E0
5.380137979E1,2.176039902E1,1.730042358E1,-8.104147339E-1
5.381140679E1,1.878788040E1,1.646396301E1,-1.141825562E0
5.382143479E1,1.645857422E1,1.564351913E1,-2.373464355E0
5.383146279E1,1.417686905E1,1.464838852E1,-3.861519928E0
5.384148979E1,1.145956970E1,1.349339035E1,-4.831053772E0
5.385151796E1,8.509055328E0,1.218391342E1,-5.057832184E0
5.386154496E1,5.781876526E0,1.085093536E1,-4.579427032E0
5.387157296E1,3.466940460E0,9.761051788E0,-3.516487427E0
5.388159996E1,1.626966705E0,8.656947784E0,-2.051034851E0
5.389162796E1,1.899549866E-1,7.656727753E0,-3.814068604E-1
5.390165596E1,-9.506730652E-1,7.053482208E0,1.207838287E0
5.391168296E1,-1.848056946E0,6.558760986E0,2.470013580E0
5.392171096E1,-2.487527161E0,5.988596649E0,3.291505280E0
5.393173796E1,-3.033741302E0,5.541925507E0,3.688629456E0
5.394176596E1,-3.416046295E0,5.258115692E0,3.739673309E0
5.395179396E1,-3.728296967E0,5.114564209E0,3.538791046E0
5.396182096E1,-3.961362305E0,5.026846619E0,3.364852753E0
5.397184896E1,-4.123475189E0,4.990023193E0,3.390599213E0
5.398187596E1,-4.119732971E0,5.123096466E0,3.543880463E0
5.399190396E1,-4.117337952E0,5.397924957E0,3.604504395E0
5.400193096E1,-3.581003265E0,6.048771515E0,3.521876221E0
5.401195896E1,-2.293530579E0,7.140301666E0,3.303330688E0
5.402198596E1,-7.426057434E-1,8.365653534E0,3.281775513E0
5.403201396E1,1.298100586E0,9.981842651E0,3.266656952E0
5.404204196E1,3.869902496E0,1.201865707E1,3.026256866E0
5.405206896E1,6.080056458E0,1.396281418E1,2.755170593E0
5.406209696E1,7.832462311E0,1.587628510E1,3.017125854E0
5.407212396E1,9.524244232E0,1.764051636E1,3.874692535E0
5.408215196E1,1.216086136E1,1.924682602E1,4.883594513E0
5.409217896E1,1.583601883E1,2.051977890E1,5.194348297E0
5.410220696E1,1.937735458E1,2.051334229E1,4.121379547E0
5.411223496E1,2.104189316E1,1.915746185E1,1.708247681E0
5.412226196E1,2.055495575E1,1.754396713E1,-6.309379578E-1
5.413228996E1,1.911120804E1,1.612446899E1,-2.284249878E0
5.414231696E1,1.772299484E1,1.493938339E1,-3.546275482E0
5.415234496E1,1.680106201E1,1.366403549E1,-4.497247925E0
5.416237196E1,1.592328735E1,1.184456909E1,-4.952151947E0
5.417239996E1,1.435978867E1,9.551487579E0,-4.856351166E0
5.418242796E1,1.197794174E1,7.302564240E0,-4.174818420E0
5.419245496E1,9.319919128E0,5.429509277E0,-3.007396088E0
5.420248296E1,7.081174622E0,3.710933075E0,-1.588646393E0
5.421250996E1,5.613327026E0,1.961670685E0,-2.450404358E-1
5.422253796E1,4.548291779E0,3.098556519E-1,8.243357849E-1
5.423256496E1,3.760180664E0,-9.659413147E-1,1.595981140E0
5.424259296E1,3.384761353E0,-1.968107300E0,2.033371582E0
5.425262096E1,3.290607147E0,-2.909349976E0,1.991458740E0
5.426264796E1,3.371439056E0,-3.933520203E0,1.465302887E0
5.427267596E1,3.480562134E0,-4.929998016E0,5.523513794E-1
5.428270296E1,3.525768127E0,-5.791755981E0,-6.575825500E-1
5.429273096E1,3.192111969E0,-6.518943787E0,-2.038311310E0
5.430275796E1,2.072889404E0,-7.133865051E0,-3.258573761E0
5.431278596E1,2.552192688E-1,-7.700736237E0,-4.130211182E0
5.432281396E1,-1.359023895E0,-8.159681854E0,-4.572541351E0
5.433284096E1,-1.987866211E0,-8.390950928E0,-4.738396454E0
5.434286896E1,-1.639390869E0,-8.615783386E0,-4.955594788E0
5.435289596E1,2.589614868E-2,-8.641529846E0,-5.426515503E0
5.436292396E1,2.474803619E0,-8.385113068E0,-6.084696808E0
5.437295096E1,5.112318878E0,-7.964637451E0,-6.942113800E0
5.438297896E1,7.225025482E0,-7.205266571E0,-7.756570129E0
5.439300696E1,8.522227936E0,-5.890700226E0,-8.481811981E0
5.440303396E1,9.068891144E0,-4.080813904E0,-8.547824707E0
5.441306196E1,1.028615982E1,-6.704557800E-1,-7.392227783E0
5.442308896E1,1.495884293E1,4.197720795E0,-4.800517273E0
5.443311696E1,2.284878571E1,8.423134003E0,-2.204316101E0
5.444314396E1,3.018233551E1,1.065813629E1,-5.845344543E-1
5.445317196E1,3.410911972E1,1.175730057E1,1.672023010E-1
5.446319996E1,3.455130020E1,1.340148148E1,9.476792908E-1
5.447322696E1,3.361200348E1,1.562106583E1,1.796114960E0
5.448325496E1,3.246673508E1,1.732317627E1,1.813329163E0
5.449328196E1,2.970692413E1,1.735371277E1,6.601272583E-1
5.450330996E1,2.497092270E1,1.646980087E1,-1.205742645E0
5.451333696E1,1.913695450E1,1.573857147E1,-3.004701691E0
5.452336496E1,1.375789032E1,1.479658035E1,-4.497996368E0
5.453339296E1,9.695488129E0,1.331406326E1,-5.416785736E0
5.454341996E1,7.036567383E0,1.185055664E1,-5.285508728E0
5.455344796E1,5.247188416E0,1.064601151E1,-4.085454254E0
5.456347496E1,3.746558990E0,9.718390503E0,-2.118843842E0
5.457350296E1,2.339035950E0,8.920399933E0,2.918930054E-2
5.458352996E1,1.056502991E0,8.272996216E0,1.792223053E0
5.459355796E1,1.374142456E-1,7.745343475E0,3.168610840E0
5.460358596E1,-5.463638306E-1,7.400909729E0,4.197870483E0
5.461361296E1,-1.149609375E0,7.193590851E0,4.834945679E0
5.462364096E1,-1.917811890E0,6.985673218E0,4.967120819E0
5.463366796E1,-2.615361328E0,6.822213135E0,4.510121155E0
5.464369596E1,-3.173700256E0,6.658453674E0,3.466940460E0
5.465372296E1,-3.479963379E0,6.489754486E0,2.586321716E0
5.466375096E1,-3.329226837E0,6.429729309E0,2.277064819E0
5.467377796E1,-2.978206787E0,6.365961914E0,2.334994354E0
5.468380596E1,-2.810555420E0,6.311924286E0,2.474504242E0
5.469383396E1,-2.269879761E0,6.604416046E0,2.684816895E0
5.470386096E1,-5.304968262E-1,7.616461487E0,3.078498230E0
5.471388896E1,2.215243378E0,9.023984528E0,3.535797272E0
5.472391596E1,4.936135254E0,1.027164001E1,3.615431671E0
5.473394396E1,6.941365356E0,1.165596130E1,3.874842224E0
5.474397096E1,8.488248596E0,1.384905075E1,4.845274200E0
5.475399896E1,1.022388931E1,1.618359604E1,6.348148956E0
5.476402696E1,1.293505142E1,1.835513031E1,7.683372345E0
5.477405396E1,1.690165283E1,2.006247986E1,8.159232788E0
5.478408196E1,2.067680237E1,2.050241501E1,6.894662476E0
5.479410896E1,2.310714844E1,1.949890182E1,4.139791260E0
5.480413696E1,2.374736710E1,1.787897049E1,1.517843628E0
5.481416396E1,2.301179672E1,1.638851990E1,-4.953199768E-1
5.482419196E1,2.224763580E1,1.520044052E1,-2.143392792E0
5.483421996E1,2.190424988E1,1.366493362E1,-3.727548523E0
5.484424696E1,2.143647263E1,1.164533340E1,-5.114115143E0
5.485427542E1,2.016935760E1,9.238338776E0,-5.810916138E0
5.486430242E1,1.781789749E1,6.540498962E0,-5.387446747E0
5.487433042E1,1.468910385E1,3.938160553E0,-4.210144958E0
5.488435742E1,1.157812317E1,1.517843628E0,-2.464026031E0
5.489438542E1,8.969497833E0,-7.688012695E-1,-5.562432861E-1
5.490441342E1,6.776558075E0,-3.045117645E0,1.124910736E0
5.491444042E1,4.604574738E0,-5.144352264E0,2.316582642E0
5.492446842E1,2.653681641E0,-6.640491028E0,2.931354218E0
5.493449542E1,1.113534393E0,-7.741900635E0,2.845432892E0
5.494452342E1,8.517288208E-2,-8.840765533E0,2.135908356E0
5.495455042E1,-4.046086121E-1,-9.700727234E0,1.075214081E0
5.496457842E1,-3.110531616E-1,-1.014754807E1,-2.212399292E-1
5.497460642E1,4.625381470E-2,-1.025158173E1,-1.845362549E0
5.498463342E1,-1.077758789E-2,-1.012195129E1,-3.574716339E0
5.499466142E1,-8.422984314E-1,-9.909692688E0,-4.889881439E0
5.500468842E1,-1.522334290E0,-9.518855438E0,-5.539081421E0
5.501471642E1,-9.900411987E-1,-9.234895935E0,-5.554798737E0
5.502474342E1,1.182989960E0,-8.950487366E0,-5.395979004E0
5.503477142E1,4.163442078E0,-8.290958862E0,-5.408403168E0
5.504479942E1,6.702013092E0,-7.238198090E0,-5.930517426E0
5.505482642E1,7.840096436E0,-6.068680115E0,-6.534062347E0
5.506485442E1,8.217162323E0,-4.460125122E0,-6.512806549E0
5.507488142E1,8.587941284E0,-2.515668640E0,-6.000721436E0
5.508490942E1,9.889484711E0,-1.312770081E-1,-5.576054535E0
5.509493642E1,1.344968124E1,3.563789062E0,-4.804858246E0
5.510496442E1,1.961730560E1,7.967481537E0,-3.498375092E0
5.511499242E1,2.649610107E1,1.158575729E1,-2.419718170E0
5.512501942E1,3.164105209E1,1.362182327E1,-2.075883179E0
5.513504742E1,3.308884140E1,1.457773544E1,-2.216141510E0
5.514507442E1,3.112297943E1,1.554846680E1,-1.639690247E0
5.515510242E1,2.750021301E1,1.623598709E1,-1.318757629E-1
5.516512942E1,2.394121399E1,1.580398544E1,1.191372528E0
5.517515742E1,2.078248260E1,1.500539612E1,1.507964172E0
5.518518542E1,1.809571976E1,1.444570999E1,8.593629456E-1
5.519521242E1,1.567585190E1,1.362766113E1,-3.252735901E-1
5.520524042E1,1.311213318E1,1.239751923E1,-1.607806549E0
5.521526742E1,1.031744476E1,1.106678650E1,-2.411485291E0
5.522529542E1,7.682623901E0,9.722581787E0,-2.480491791E0
5.523532242E1,5.533243561E0,8.631051636E0,-1.941612396E0
5.524535042E1,3.813020782E0,7.777526550E0,-1.055904236E0
5.525537742E1,2.512076111E0,7.316185913E0,6.137237549E-2
5.526540542E1,1.553619232E0,7.143445129E0,1.147513733E0
5.527543342E1,7.135661316E-1,7.034771118E0,1.871558075E0
5.528546042E1,-6.137237549E-2,6.842271423E0,2.220183105E0
5.529548842E1,-7.390132141E-1,6.649771729E0,2.395618286E0
5.530551542E1,-1.291813660E0,6.490951996E0,2.468367004E0
5.531554342E1,-1.893712006E0,6.284231873E0,2.378104706E0
5.532557042E1,-2.548600159E0,6.083648987E0,2.314786377E0
5.533559842E1,-2.972817993E0,5.800437927E0,2.299218750E0
5.534562642E1,-2.994822235E0,5.410947876E0,2.489473114E0
5.535565342E1,-2.935994568E0,5.167703705E0,2.698588257E0
5.536568142E1,-2.942730560E0,5.175337830E0,2.780168610E0
5.537570842E1,-2.607577515E0,5.494174805E0,2.880609741E0
5.538573642E1,-1.617536316E0,6.238576813E0,2.874771881E0
5.539576342E1,1.335223389E-1,7.187154236E0,2.468816071E0
5.540579142E1,2.271975403E0,8.537196808E0,1.922601929E0
5.541581942E1,4.620441742E0,1.035247192E1,1.510808258E0
5.542584642E1,7.294930115E0,1.230471222E1,1.542841644E0
5.543587442E1,1.056637711E1,1.452639221E1,2.658771057E0
5.544590142E1,1.484597763E1,1.673235489E1,4.397555237E0
5.545592942E1,1.907034302E1,1.834225708E1,5.574557648E0
5.546595642E1,2.237517059E1,1.897080002E1,5.126838684E0
5.547598442E1,2.408686111E1,1.771745636E1,2.978955231E0
5.548601142E1,2.365800293E1,1.526016632E1,3.180885315E-1
5.549603942E1,2.180844910E1,1.346973953E1,-1.690285034E0
5.550606742E1,1.958497284E1,1.243254639E1,-3.064128113E0
5.551609442E1,1.783436325E1,1.142259659E1,-3.826642456E0
5.552612242E1,1.651126465E1,1.025816803E1,-4.017196198E0
5.553614942E1,1.511751297E1,9.048832855E0,-3.565435638E0
5.554617742E1,1.327589264E1,7.701185303E0,-2.585573273E0
5.555620442E1,1.126946503E1,6.319708099E0,-1.456022186E0
5.556623242E1,9.545200653E0,4.966522064E0,-2.730322266E-1
5.557626042E1,8.352031860E0,3.643722839E0,8.131091309E-1
5.558628742E1,7.456144867E0,2.447410583E0,1.788630524E0
5.559631542E1,6.656956787E0,1.312021637E0,2.560874634E0
5.560634242E1,5.719905396E0,6.182144165E-2,2.833457794E0
5.561637042E1,4.762646027E0,-1.217418365E0,2.539768524E0
5.562639742E1,4.104614410E0,-2.277663574E0,2.056872711E0
5.563642542E1,3.630101166E0,-3.244802399E0,1.541045380E0
5.564645242E1,3.439397736E0,-4.226910095E0,9.027726746E-1
5.565648042E1,3.383563843E0,-5.148992615E0,1.182540894E-1
5.566650842E1,3.163671112E0,-5.970184937E0,-8.852590942E-1
5.567653542E1,2.596500549E0,-6.673272858E0,-1.983525238E0
5.568656342E1,1.601669312E0,-7.323071594E0,-2.840642853E0
5.569659042E1,2.571652222E-1,-7.956105194E0,-3.294049988E0
5.570661842E1,-8.363108826E-1,-8.335865479E0,-3.504512329E0
5.571664542E1,-8.851094055E-1,-8.341553650E0,-3.714076538E0
5.572667342E1,5.733078003E-1,-8.151898041E0,-4.149521027E0
5.573670142E1,3.256178741E0,-7.668852539E0,-4.853058014E0
5.574672842E1,6.168073425E0,-6.726861420E0,-5.919440460E0
5.575675642E1,7.933502197E0,-5.784570923E0,-7.323820038E0
5.576678342E1,8.088879089E0,-4.846621399E0,-8.412356415E0
5.577681142E1,7.611821136E0,-3.290457458E0,-8.193361816E0
5.578683842E1,8.693172455E0,-4.745132446E-2,-5.986950073E0
5.579686642E1,1.333726501E1,4.665048981E0,-2.729573822E0
5.580689342E1,2.098845428E1,9.136400757E0,-3.387455750E-1
5.581692142E1,2.902853485E1,1.218720657E1,5.345384216E-1
5.582694942E1,3.397844147E1,1.408585831E1,2.290237427E-2
5.583697642E1,3.404430450E1,1.591774887E1,-8.842112732E-1
5.584700442E1,3.012560349E1,1.744397507E1,-8.876541138E-1
5.585703117E1,2.470657242E1,1.762405060E1,-4.794529724E-1
5.586705917E1,2.047891388E1,1.680240921E1,-5.354365540E-1
5.587708617E1,1.756013351E1,1.562944839E1,-1.539997559E0
5.588711417E1,1.509056900E1,1.434706512E1,-2.874472504E0
5.589714117E1,1.220307358E1,1.306887314E1,-3.875890045E0
5.590716917E1,8.939709778E0,1.171059769E1,-4.145778809E0
5.591719717E1,5.903573456E0,1.033316208E1,-3.524720306E0
5.592722417E1,3.688030701E0,9.116492157E0,-2.142195282E0
5.593725217E1,2.337838440E0,8.121810608E0,-4.596940613E-1
5.594727917E1,1.519190826E0,7.438780975E0,1.259630585E0
5.595730717E1,9.524693298E-1,7.055577850E0,2.793490906E0
5.596733417E1,5.279521179E-1,6.831942902E0,3.811224518E0
5.597736217E1,-1.601669312E-2,6.629713440E0,4.129762115E0
5.598738917E1,-8.919950867E-1,6.338119812E0,3.946543121E0
5.599741717E1,-2.114502869E0,6.023324432E0,3.613485718E0
5.600744517E1,-3.253035278E0,5.796246643E0,3.361858978E0
5.601747217E1,-4.025279388E0,5.568420410E0,3.375929718E0
5.602750017E1,-4.311484222E0,5.319188690E0,3.584745483E0
5.603752717E1,-4.287833405E0,5.090464325E0,3.781137085E0
5.604755517E1,-4.197122040E0,5.133574677E0,3.913761292E0
5.605758217E1,-3.876788177E0,5.642216949E0,4.063749390E0
5.606761017E1,-2.879861298E0,6.437363434E0,4.109404449E0
5.607763717E1,-9.418414307E-1,7.400310974E0,3.785028992E0
5.608766517E1,1.447789307E0,8.801247711E0,3.326532440E0
5.609769317E1,4.063450012E0,1.072145462E1,3.043620758E0
5.610772017E1,6.242917786E0,1.280242722E1,2.814597015E0
5.611774817E1,7.777227173E0,1.489088425E1,2.787203979E0
5.612777517E1,9.815239105E0,1.710058914E1,3.181184692E0
5.613780317E1,1.303534286E1,1.911929123E1,3.960464172E0
5.614783017E1,1.677411804E1,2.074625793E1,4.539460144E0
5.615785817E1,2.034733749E1,2.083637054E1,3.915407867E0
5.616788517E1,2.262545013E1,1.923544968E1,1.930984497E0
5.617791317E1,2.290087738E1,1.695838486E1,-4.077520752E-1
5.618794017E1,2.154155411E1,1.504925491E1,-2.015858002E0
5.619796817E1,1.954710159E1,1.376342880E1,-2.773133240E0
5.620799617E1,1.790022629E1,1.242281662E1,-3.122806091E0
5.621802317E1,1.655512344E1,1.065873505E1,-3.191662903E0
5.622805117E1,1.498833160E1,8.646170197E0,-2.851719818E0
5.623807817E1,1.300181259E1,6.601571960E0,-2.120789795E0
5.624810617E1,1.082518890E1,4.695286102E0,-1.276844788E0
5.625813317E1,8.797655182E0,2.981050873E0,-5.313949585E-1
5.626816117E1,7.433242493E0,1.535057831E0,2.381547546E-1
5.627818817E1,6.600973206E0,2.534230042E-1,8.144563293E-1
5.628821617E1,5.976920929E0,-1.161434784E0,9.605525208E-1
5.629824317E1,5.398673401E0,-2.529739380E0,7.086264038E-1
5.630827117E1,4.747976532E0,-3.746409302E0,1.630110168E-1
5.631829917E1,3.871998138E0,-4.896617432E0,-5.170248413E-1
5.632832617E1,3.030298462E0,-5.895041199E0,-1.097667389E0
5.633835417E1,2.398761749E0,-6.746470642E0,-1.554816742E0
5.634838117E1,1.587299194E0,-7.519163818E0,-1.958227844E0
5.635840917E1,4.935237122E-1,-8.269703064E0,-2.489323425E0
5.636843617E1,-7.402107239E-1,-8.804540863E0,-2.952610016E0
5.637846417E1,-1.928439789E0,-9.102870483E0,-3.197500763E0
5.638849117E1,-2.191442871E0,-9.034313049E0,-3.319946136E0
5.639851917E1,-1.087638245E0,-8.641679535E0,-3.779640198E0
5.640854717E1,1.187330933E0,-8.129145355E0,-4.660857697E0
5.641857417E1,4.151466980E0,-7.449708252E0,-5.502108307E0
5.642860217E1,7.381749573E0,-6.333329773E0,-6.283932495E0
5.643862917E1,9.693392487E0,-4.812192993E0,-7.053482208E0
5.644865717E1,9.940678253E0,-2.595752106E0,-7.383695526E0
5.645868417E1,9.985135803E0,1.011596375E0,-6.683601379E0
5.646871217E1,1.288730072E1,6.020630035E0,-4.839735718E0
5.647873917E1,1.966191284E1,1.125165207E1,-2.787802734E0
5.648876717E1,2.771007660E1,1.471215591E1,-1.837728424E0
5.649879417E1,3.295322342E1,1.583212692E1,-2.238445129E0
5.650882217E1,3.390030396E1,1.638747208E1,-2.606230316E0
5.651885017E1,3.055296478E1,1.708277618E1,-1.959874420E0
5.652887717E1,2.479668503E1,1.696916245E1,-7.833210754E-1
5.653890517E1,1.952120544E1,1.571701630E1,-1.731898499E-1
5.654893217E1,1.561148575E1,1.433808380E1,-2.739303589E-2
5.655896017E1,1.285406982E1,1.309357178E1,-3.050656128E-1
5.656898717E1,1.059736267E1,1.182301392E1,-9.078620911E-1
5.657901517E1,8.306526489E0,1.055574921E1,-1.284478912E0
5.658904217E1,6.143524475E0,9.382938080E0,-9.816586304E-1
5.659907017E1,4.714446259E0,8.425379333E0,-2.824626160E-1
5.660909717E1,4.396208038E0,7.925119629E0,4.619393921E-1
5.661912517E1,4.469555511E0,7.842341766E0,1.260678406E0
5.662915317E1,4.062701569E0,7.958500214E0,1.937720490E0
5.663918017E1,2.892884216E0,8.018375702E0,2.534529419E0
5.664920817E1,1.444196777E0,8.058043213E0,3.099903717E0
5.665923517E1,1.637594604E-1,8.280181274E0,3.655847626E0
5.666926317E1,-6.018983459E-1,8.672066345E0,3.912863159E0
5.667929017E1,-8.059240723E-1,8.949888611E0,3.772604828E0
5.668931817E1,-5.951623535E-1,8.995244293E0,3.472329254E0
5.669934517E1,-5.405259705E-1,8.816665649E0,3.291205902E0
5.670937317E1,-7.179071045E-1,8.600964203E0,3.259771271E0
5.671940017E1,-1.047970734E0,8.596323853E0,3.401077423E0
5.672942817E1,-1.160536652E0,8.765322418E0,3.568878479E0
5.673945617E1,-5.947132874E-1,9.228908386E0,3.970942383E0
5.674948317E1,7.267387390E-1,1.002600082E1,4.434378662E0
5.675951117E1,2.377356262E0,1.090886490E1,4.365970917E0
5.676953817E1,4.405039673E0,1.192405380E1,3.881129150E0
5.677956617E1,6.717281342E0,1.310270279E1,3.701802063E0
5.678959317E1,8.841214600E0,1.430919388E1,3.989054718E0
5.679962117E1,1.074001602E1,1.543949341E1,4.740941162E0
5.680964817E1,1.252385651E1,1.630858612E1,5.729485474E0
5.681967617E1,1.454420517E1,1.695569046E1,6.227948914E0
5.682970317E1,1.661948959E1,1.677351929E1,5.491630096E0
5.683973117E1,1.778840881E1,1.524759247E1,3.603755951E0
5.684975917E1,1.751537659E1,1.334504883E1,1.697919159E0
5.685978629E1,1.643297745E1,1.178828613E1,4.595443726E-1
5.686981429E1,1.506572067E1,1.074675201E1,-3.152444458E-1
5.687984129E1,1.405741745E1,1.004471191E1,-6.791377258E-1
5.688986929E1,1.352871689E1,9.047934723E0,-5.629792786E-1
5.689989629E1,1.277742920E1,7.502099304E0,-1.122665405E-1
5.690992429E1,1.141181900E1,5.778733063E0,6.394702148E-1
5.691995129E1,9.926457825E0,4.198918304E0,1.576072540E0
5.692997929E1,8.846154327E0,2.712658997E0,2.386337585E0
5.694000629E1,8.338110809E0,1.556014252E0,2.811453552E0
5.695003429E1,7.758216705E0,5.504054260E-1,2.798879700E0
5.696006229E1,6.895410919E0,-2.192939758E-1,2.613115997E0
5.697008929E1,5.773643646E0,-8.207432556E-1,2.323019257E0
5.698011729E1,4.719086609E0,-1.357826385E0,2.004930725E0
5.699014429E1,4.253704376E0,-1.758543091E0,1.666783905E0
5.700017229E1,4.564009094E0,-2.056723022E0,1.224004669E0
5.701019929E1,5.269941101E0,-2.398162994E0,5.632786560E-1
5.702022729E1,5.935906219E0,-2.717299347E0,-2.447410583E-1
5.703025429E1,6.102659454E0,-2.997067566E0,-1.219963074E0
5.704028229E1,5.404211884E0,-3.464246063E0,-2.436333618E0
5.705030929E1,4.153712311E0,-4.043840790E0,-3.460952911E0
5.706033729E1,2.540666656E0,-4.728516998E0,-4.283492432E0
5.707036529E1,1.160686340E0,-5.262157288E0,-4.734803925E0
5.708039229E1,6.518943787E-1,-5.539979553E0,-4.756658478E0
5.709042029E1,1.284029846E0,-5.612877960E0,-4.704267426E0
5.710044729E1,3.116219788E0,-5.489983521E0,-4.985981598E0
5.711047529E1,5.447172546E0,-5.154980164E0,-5.861660614E0
5.712050229E1,7.182364197E0,-4.604724426E0,-7.144792328E0
5.713053029E1,7.475903778E0,-3.945495300E0,-8.330027618E0
5.714055729E1,6.596632233E0,-2.870131531E0,-8.880882111E0
5.715058529E1,5.429060211E0,-8.758287048E-1,-8.381520538E0
5.716061329E1,5.936954041E0,2.340682526E0,-6.539451141E0
5.717064029E1,1.014111145E1,6.106102295E0,-4.032015381E0
5.718066829E1,1.779903671E1,9.049880676E0,-2.018402710E0
5.719069529E1,2.640074936E1,1.157976974E1,-9.196875000E-1
5.720072329E1,3.212649261E1,1.424602524E1,-6.057902527E-1
5.721075029E1,3.338103378E1,1.661050827E1,-8.568182373E-1
5.722077829E1,3.122791122E1,1.840407852E1,-9.388476562E-1
5.723080529E1,2.715802460E1,1.903486679E1,-9.383985901E-1
5.724083329E1,2.241813126E1,1.822564957E1,-1.741628265E0
5.725086029E1,1.784633835E1,1.694281723E1,-3.513793030E0
5.726088829E1,1.355446335E1,1.567704941E1,-5.588478699E0
5.727091529E1,9.753118286E0,1.438433762E1,-7.490124207E0
5.728094329E1,6.639443207E0,1.317919373E1,-8.806486816E0
5.729097129E1,4.468807068E0,1.226893661E1,-9.442963257E0
5.730099829E1,3.190465393E0,1.163126266E1,-9.176966400E0
5.731102629E1,2.639461212E0,1.073866882E1,-7.673043823E0
5.732105329E1,2.179318085E0,9.640402679E0,-5.226830750E0
5.733108129E1,1.591939545E0,8.278235321E0,-2.395468597E0
5.734110829E1,6.539900208E-1,6.987020416E0,4.954696655E-1
5.735113629E1,-6.758445740E-1,5.970035248E0,2.893932037E0
5.736116329E1,-2.108215942E0,5.108876038E0,4.369413757E0
5.737119129E1,-3.537743225E0,4.276307373E0,5.154231720E0
5.738121829E1,-4.544699249E0,3.693868561E0,5.759722595E0
5.739124629E1,-5.065915375E0,3.406166840E0,6.338568878E0
5.740127429E1,-5.172793121E0,3.222498779E0,6.711742859E0
5.741130129E1,-5.045108643E0,3.345243530E0,6.733896790E0
5.742132929E1,-4.884342957E0,3.686982880E0,6.450536041E0
5.743135629E1,-4.339625702E0,4.485871582E0,6.046376495E0
5.744138429E1,-3.177143097E0,5.406008148E0,5.444777527E0
5.745141129E1,-1.438059540E0,6.467151489E0,4.704716492E0
5.746143929E1,6.484515381E-1,8.106392670E0,3.924838257E0
5.747146629E1,2.732417908E0,9.905052338E0,3.145409088E0
5.748149429E1,4.405488739E0,1.170640640E1,2.733615417E0
5.749152129E1,5.597759399E0,1.362107483E1,3.097209320E0
5.750154929E1,6.366410980E0,1.565923645E1,4.194277954E0
5.751157729E1,8.254285126E0,1.793495407E1,5.530998230E0
5.752160429E1,1.157093811E1,1.967433701E1,5.841302948E0
5.753163229E1,1.566193085E1,2.003508682E1,4.421056366E0
5.754165929E1,1.855900635E1,1.940744202E1,1.904788971E0
5.755168729E1,1.966385880E1,1.853355927E1,-5.435197449E-1
5.756171429E1,1.940369980E1,1.788316177E1,-2.400707703E0
5.757174229E1,1.879072449E1,1.718740860E1,-3.627556458E0
5.758176929E1,1.843985413E1,1.564995575E1,-4.224215698E0
5.759179729E1,1.747271530E1,1.334624634E1,-4.083208923E0
5.760182429E1,1.529938477E1,1.089075256E1,-3.289110260E0
5.761185229E1,1.232776428E1,8.520880737E0,-2.270628204E0
5.762187929E1,9.404792633E0,6.245312805E0,-1.226250000E0
5.763190729E1,7.232360229E0,4.355492706E0,-1.734892273E-1
5.764193529E1,5.966293030E0,2.893333282E0,7.957452393E-1
5.765196229E1,5.395529938E0,1.532363434E0,1.454674988E0
5.766199029E1,5.115761719E0,1.282832336E-1,1.555864563E0
5.767201729E1,4.996459808E0,-1.177451477E0,1.284478912E0
5.768204529E1,4.860093384E0,-2.381697235E0,8.084687805E-1
5.769207229E1,4.520150299E0,-3.529809723E0,1.594184875E-1
5.770210029E1,3.990252228E0,-4.575834503E0,-6.378236389E-1
5.771212729E1,3.418591003E0,-5.453609161E0,-1.391506348E0
5.772215529E1,2.564317474E0,-6.229445801E0,-2.215093689E0
5.773218229E1,1.191821594E0,-6.983876953E0,-2.916385345E0
5.774221029E1,-3.835025024E-1,-7.614515533E0,-3.320993958E0
5.775223829E1,-1.645827484E0,-7.980654144E0,-3.464844818E0
5.776226529E1,-2.233056335E0,-8.089926910E0,-3.520978088E0
5.777229329E1,-1.646126862E0,-8.043074341E0,-3.628753967E0
5.778232029E1,1.908531189E-1,-7.634424133E0,-4.177662506E0
5.779234829E1,2.861000519E0,-6.870861969E0,-5.236410828E0
5.780237529E1,5.782175903E0,-5.695206757E0,-6.541546783E0
5.781240329E1,8.563691711E0,-4.293371887E0,-7.827073517E0
5.782243029E1,1.032073792E1,-2.591411133E0,-8.767567749E0
5.783245829E1,1.067340454E1,1.713935852E-1,-8.830137634E0
5.784248529E1,1.181133820E1,4.686005402E0,-7.504793701E0
5.785251304E1,1.621742569E1,1.013347733E1,-5.513334961E0
5.786254004E1,2.292557602E1,1.406789566E1,-4.100572815E0
5.787256804E1,2.900189026E1,1.601609436E1,-3.554658051E0
5.788259604E1,3.209236359E1,1.761282394E1,-3.115321655E0
5.789262304E1,3.137655212E1,1.937376205E1,-2.469863892E0
5.790265104E1,2.773297897E1,2.057755875E1,-1.535806274E0
5.791267804E1,2.341535751E1,2.034658905E1,-7.373666382E-1
5.792270604E1,1.992925690E1,1.903651337E1,-7.273374939E-1
5.793273304E1,1.711211517E1,1.758902344E1,-1.498833160E0
5.794276104E1,1.439257050E1,1.601145401E1,-2.689307556E0
5.795278804E1,1.138292908E1,1.419558014E1,-3.747457123E0
5.796281604E1,8.278534698E0,1.238943604E1,-4.086202698E0
5.797284304E1,5.585784302E0,1.067669769E1,-3.423830109E0
5.798287104E1,3.430566101E0,9.077423401E0,-2.139949951E0
5.799289804E1,1.757644958E0,7.672445068E0,-6.441105652E-1
5.800292604E1,1.901046753E-1,6.590494995E0,8.345146179E-1
5.801295404E1,-1.302291870E0,5.802383881E0,2.227966919E0
5.802298104E1,-2.848726044E0,5.137915649E0,3.415597229E0
5.803300904E1,-4.098626862E0,4.629123688E0,4.331991577E0
5.804303604E1,-4.584516449E0,4.296814728E0,4.803960114E0
5.805306404E1,-4.857249298E0,4.019740906E0,4.924459534E0
5.806309104E1,-4.967719574E0,3.807332611E0,4.895569611E0
5.807311904E1,-5.005291443E0,3.676205292E0,4.811444550E0
5.808314604E1,-5.089865570E0,3.539389801E0,4.756808167E0
5.809317404E1,-5.216951294E0,3.337310028E0,4.808750153E0
5.810320104E1,-5.366789703E0,3.149750061E0,4.887486420E0
5.811322904E1,-5.511239319E0,3.284769287E0,4.940775604E0
5.812325604E1,-5.212760010E0,3.937711487E0,4.893024902E0
5.813328404E1,-4.398303680E0,5.053640900E0,4.530179443E0
5.814331204E1,-2.821033630E0,6.513405304E0,3.831432495E0
5.815333904E1,-5.987548828E-1,8.353229370E0,3.310964813E0
5.816336704E1,1.981429596E0,1.100182159E1,3.267106018E0
5.817339404E1,4.585713959E0,1.443553116E1,3.660338287E0
5.818342204E1,7.564968567E0,1.824600723E1,4.577032013E0
5.819344904E1,1.116692825E1,2.151341263E1,5.724246368E0
5.820347704E1,1.524864029E1,2.385813675E1,6.191275177E0
5.821350404E1,1.921164917E1,2.456855942E1,5.072351990E0
5.822353204E1,2.141416901E1,2.337673782E1,2.690954132E0
5.823355904E1,2.106988495E1,2.119352783E1,2.609074402E-1
5.824358704E1,1.895448395E1,1.907827652E1,-1.320404205E0
5.825361404E1,1.644959290E1,1.741972549E1,-2.471510468E0
5.826364204E1,1.456920319E1,1.572794357E1,-3.384461975E0
5.827367004E1,1.337528595E1,1.377630203E1,-3.655548248E0
5.828369704E1,1.217867432E1,1.170386169E1,-3.121159515E0
5.829372504E1,1.046488815E1,9.601333923E0,-2.110760651E0
5.830375204E1,8.527167664E0,7.642058258E0,-8.750802612E-1
5.831378004E1,6.863976288E0,5.859415283E0,2.754272461E-1
5.832380704E1,5.771248627E0,4.225113831E0,1.196461945E0
5.833383504E1,5.119354248E0,2.698588257E0,1.828148346E0
5.834386204E1,4.810247040E0,1.318607941E0,2.140698395E0
5.835389004E1,4.680317230E0,3.173400879E-2,2.047592010E0
5.836391704E1,4.729415131E0,-1.178798676E0,1.611997833E0
5.837394504E1,4.742587738E0,-2.306403809E0,1.031055908E0
5.838397304E1,4.521497498E0,-3.353177032E0,4.249662781E-1
5.839400004E1,4.278403015E0,-4.295168152E0,-1.595681763E-1
5.840402804E1,4.038152618E0,-5.237608337E0,-8.925938416E-1
5.841405504E1,3.536246338E0,-6.149961090E0,-1.642234955E0
5.842408304E1,2.321073303E0,-6.953939209E0,-2.276765442E0
5.843411004E1,5.342390442E-1,-7.475454712E0,-2.719394989E0
5.844413804E1,-1.078806610E0,-7.642058258E0,-2.904410248E0
5.845416504E1,-2.051932983E0,-7.681127014E0,-3.074756012E0
5.846419304E1,-2.007774811E0,-7.628735962E0,-3.197949829E0
5.847422004E1,-2.007325745E-1,-7.186555481E0,-3.218457184E0
5.848424804E1,2.722837830E0,-6.486760712E0,-3.667972412E0
5.849427604E1,5.885610809E0,-5.535039825E0,-4.562362518E0
5.850430304E1,8.813222809E0,-4.629423065E0,-5.852679291E0
5.851433104E1,1.004546036E1,-3.853736115E0,-7.350015564E0
5.852435804E1,9.714797974E0,-2.045346680E0,-8.089328156E0
5.853438604E1,1.053179901E1,1.455423431E0,-7.072642365E0
5.854441304E1,1.505000336E1,6.344107361E0,-4.235292664E0
5.855444104E1,2.268876846E1,1.068463120E1,-1.090033264E0
5.856446804E1,3.050566315E1,1.299462753E1,4.587959290E-1
5.857449604E1,3.609444122E1,1.458028015E1,5.066963196E-1
5.858452304E1,3.772739548E1,1.644884445E1,3.971241760E-1
5.859455104E1,3.468332565E1,1.797447189E1,5.707630920E-1
5.860457804E1,2.930051926E1,1.846335526E1,6.426136780E-1
5.861460604E1,2.393956741E1,1.775817169E1,1.218466187E-1
5.862463404E1,1.951626572E1,1.630065262E1,-8.795709229E-1
5.863466104E1,1.585682556E1,1.460018875E1,-2.117945709E0
5.864468904E1,1.266186951E1,1.285631516E1,-3.172203369E0
5.865471604E1,9.878707123E0,1.113504456E1,-3.710633698E0
5.866474404E1,7.564519501E0,9.748328247E0,-3.516637115E0
5.867477104E1,6.011049957E0,8.916957092E0,-2.869981842E0
5.868479904E1,4.971611481E0,8.525072021E0,-2.114353180E0
5.869482604E1,4.017196198E0,8.223000183E0,-1.359622650E0
5.870485404E1,3.056643677E0,7.877668304E0,-4.960684204E-1
5.871488104E1,2.115101624E0,7.366631012E0,4.700225830E-1
5.872490904E1,1.311422882E0,6.774462433E0,1.475481720E0
5.873493604E1,4.348457336E-1,6.292015686E0,2.230361938E0
5.874496404E1,-4.863386536E-1,5.862558746E0,2.721191254E0
5.875499104E1,-1.442699890E0,5.567971344E0,3.073408813E0
5.876501904E1,-2.263143768E0,5.327720947E0,3.295546875E0
5.877504704E1,-2.814597015E0,5.074597321E0,3.565585327E0
5.878507404E1,-3.135679321E0,4.927902374E0,3.915407867E0
5.879510204E1,-3.552412720E0,4.608466644E0,4.197571106E0
5.880512904E1,-3.859424286E0,4.219575348E0,4.446054382E0
5.881515704E1,-4.162843323E0,4.208348694E0,4.761149139E0
5.882518404E1,-3.919449463E0,4.726421356E0,5.290598145E0
5.883521204E1,-2.995121613E0,5.430108032E0,5.982908478E0
5.884523904E1,-1.259480896E0,6.257287903E0,6.257736969E0
5.885526683E1,1.563498688E0,7.597151642E0,6.086792450E0
5.886529383E1,4.580325165E0,9.409732361E0,5.545667725E0
5.887532183E1,6.960675201E0,1.154279663E1,4.782854004E0
5.888534883E1,8.594527588E0,1.392539200E1,4.291425934E0
5.889537683E1,1.020203476E1,1.634391266E1,4.554429016E0
5.890540383E1,1.240365646E1,1.838641525E1,5.097649384E0
5.891543183E1,1.517649033E1,1.985126907E1,5.166655884E0
5.892545983E1,1.845646957E1,2.049642746E1,4.274511108E0
5.893548683E1,2.155562485E1,2.005409729E1,2.750380554E0
5.894551483E1,2.391831161E1,1.892918655E1,1.016087036E0
5.895554183E1,2.538735672E1,1.751537659E1,-3.781137085E-1
5.896556983E1,2.518123535E1,1.583197723E1,-1.327738953E0
5.897559683E1,2.336910370E1,1.367780685E1,-1.886526947E0
5.898562483E1,2.079894836E1,1.103400467E1,-1.934277649E0
5.899565183E1,1.788136551E1,8.283474426E0,-1.562001801E0
5.900567983E1,1.505943375E1,5.632487183E0,-9.660910034E-1
5.901570683E1,1.249616409E1,3.387006683E0,-4.725672913E-1
5.902573483E1,1.027433441E1,1.571432190E0,-7.499404907E-2
5.903576183E1,8.504414978E0,1.538800049E-1,3.775149536E-1
5.904578983E1,7.154671783E0,-1.006956024E0,8.196954346E-1
5.905581683E1,6.162385254E0,-2.101180573E0,1.096619568E0
5.906584483E1,5.449417877E0,-3.160677338E0,1.096020813E0
5.907587283E1,4.912933502E0,-4.215384064E0,7.701484680E-1
5.908589983E1,4.361929321E0,-5.294490051E0,9.595046997E-2
5.909592783E1,3.694167938E0,-6.424041138E0,-7.334747314E-1
5.910595483E1,2.813998260E0,-7.392976227E0,-1.423839111E0
5.911598283E1,1.499132538E0,-8.002059631E0,-2.133213959E0
5.912600983E1,-1.874102783E-1,-8.255632324E0,-2.886148224E0
5.913603783E1,-2.034868469E0,-8.310418396E0,-3.564986572E0
5.914606483E1,-3.685336304E0,-8.341254272E0,-3.981719971E0
5.915609283E1,-4.827012177E0,-8.448431396E0,-4.011208649E0
5.916611983E1,-4.974754944E0,-8.718020782E0,-3.861070862E0
5.917614783E1,-3.557053070E0,-8.796906738E0,-3.741469574E0
5.918617483E1,-1.404080200E-1,-8.506360931E0,-3.829785919E0
5.919620283E1,4.383634186E0,-7.925568695E0,-4.357438660E0
5.920622983E1,8.618926849E0,-6.784940643E0,-5.554798737E0
5.921625783E1,1.082848206E1,-5.285808105E0,-7.374863892E0
5.922628483E1,1.088641159E1,-3.487148438E0,-8.601413269E0
5.923631283E1,1.032986893E1,-8.240364075E-1,-8.083041229E0
5.924634083E1,1.179053146E1,3.094365234E0,-5.809419250E0
5.925636783E1,1.682875443E1,7.747439117E0,-2.715952148E0
5.926639583E1,2.430151474E1,1.153725815E1,-1.845661926E-1
5.927642283E1,3.117282578E1,1.336241272E1,8.291258240E-1
5.928645083E1,3.517849594E1,1.442235855E1,3.716770935E-1
5.929647783E1,3.528986435E1,1.578542404E1,-4.989125061E-1
5.930650583E1,3.194237549E1,1.732542160E1,-8.949888611E-1
5.931653283E1,2.721790009E1,1.764051636E1,-9.580078125E-1
5.932656083E1,2.274969177E1,1.672906174E1,-1.057999878E0
5.933658783E1,1.914054703E1,1.552780975E1,-1.497336273E0
5.934661583E1,1.603809860E1,1.406445282E1,-2.235301666E0
5.935664283E1,1.301932617E1,1.252191055E1,-2.722688141E0
5.936667083E1,9.975555725E0,1.113309860E1,-2.501448212E0
5.937669783E1,7.158114624E0,9.933792572E0,-1.599274292E0
5.938672583E1,4.809348907E0,8.931626587E0,-2.770738220E-1
5.939675283E1,3.102448425E0,8.086633759E0,1.190175018E0
5.940678083E1,1.953886871E0,7.499404907E0,2.595901794E0
5.941680783E1,1.028960266E0,7.162754974E0,3.764222260E0
5.942683583E1,1.935475159E-1,6.766678619E0,4.541555786E0
5.943686283E1,-6.665638733E-1,6.276897125E0,4.881349182E0
5.944689083E1,-1.554217987E0,5.854924622E0,4.880151672E0
5.945691783E1,-2.534679108E0,5.555547180E0,4.681963806E0
5.946694583E1,-3.440894623E0,5.257816315E0,4.333488464E0
5.947697283E1,-4.196972351E0,5.035528564E0,4.059408417E0
5.948700083E1,-4.617447968E0,4.877008209E0,3.971391449E0
5.949702883E1,-4.678820343E0,4.754413147E0,4.061504059E0
5.950705583E1,-4.501139832E0,4.837490387E0,4.211043091E0
5.951708383E1,-3.903283081E0,5.224735107E0,4.266876984E0
5.952711083E1,-2.828667755E0,5.742358704E0,4.353546753E0
5.953713883E1,-9.533674622E-1,6.780749359E0,4.538861389E0
5.954716583E1,1.675765228E0,8.496032410E0,4.311035156E0
5.955719383E1,4.305646362E0,1.003887405E1,3.698658600E0
5.956722083E1,6.391858063E0,1.178978302E1,3.651506653E0
5.957724883E1,8.006699982E0,1.440005493E1,4.844675446E0
5.958727583E1,9.714947662E0,1.648207535E1,6.488257599E0
5.959730383E1,1.211430817E1,1.779828827E1,7.867788849E0
5.960733083E1,1.508024048E1,1.940115509E1,8.434510345E0
5.961735883E1,1.891152328E1,2.019330780E1,7.470365295E0
5.962738583E1,2.174752579E1,1.924398193E1,5.008584595E0
5.963741383E1,2.258458511E1,1.805350754E1,2.368075562E0
5.964744083E1,2.235526199E1,1.695299606E1,2.682421875E-1
5.965746883E1,2.187625809E1,1.573767334E1,-1.371148682E0
5.966749583E1,2.110236740E1,1.413765060E1,-2.915936279E0
5.967752383E1,1.984273682E1,1.201266953E1,-4.198618927E0
5.968755083E1,1.771985138E1,9.718240814E0,-4.766238556E0
5.969757883E1,1.497800308E1,7.593708801E0,-4.507127380E0
5.970760583E1,1.214185089E1,5.826633453E0,-3.436703339E0
5.971763383E1,9.641749878E0,4.186793518E0,-1.980082397E0
5.972766083E1,7.795339508E0,2.691852264E0,-5.269042969E-1
5.973768883E1,6.456673279E0,1.374890900E0,8.138575745E-1
5.974771583E1,5.510640564E0,2.056723022E-1,1.962419128E0
5.975774383E1,4.771926727E0,-9.080117798E-1,2.821333008E0
5.976777083E1,4.235741730E0,-2.063608704E0,3.358266449E0
5.977779883E1,3.873794403E0,-3.107537842E0,3.619622955E0
5.978782583E1,3.824097748E0,-4.075574799E0,3.522474976E0
5.979785383E1,4.193828888E0,-5.101241913E0,2.844983826E0
5.980788183E1,4.584516449E0,-6.091283112E0,1.675166473E0
5.981790883E1,4.323159943E0,-6.920408936E0,4.137396240E-1
5.982793683E1,3.387755127E0,-7.421566772E0,-7.050338745E-1
5.983796383E1,2.048190765E0,-7.946525116E0,-1.686842194E0
5.984799183E1,5.635780334E-1,-8.574319611E0,-2.545756073E0
5.985801917E1,-5.158273315E-1,-8.939111023E0,-3.419788513E0
5.986804717E1,-1.069675598E0,-8.737330627E0,-4.422702942E0
5.987807417E1,-4.963677979E-1,-8.089178467E0,-5.563929749E0
5.988810217E1,1.762285309E0,-7.247478790E0,-6.481820984E0
5.989812917E1,4.910538483E0,-6.417604523E0,-7.081923065E0
5.990815717E1,7.084018707E0,-5.326972504E0,-7.713908844E0
5.991818417E1,7.840545502E0,-3.622317352E0,-8.124954071E0
5.992821217E1,8.523425446E0,-6.159690857E-1,-7.646698608E0
5.993823917E1,1.132185608E1,4.244124298E0,-6.133944397E0
5.994826717E1,1.750115616E1,9.639504547E0,-4.608316956E0
5.995829417E1,2.565290451E1,1.335073700E1,-4.125121765E0
5.996832217E1,3.214864655E1,1.507784546E1,-4.702920227E0
5.997834917E1,3.450609421E1,1.608480148E1,-5.270539856E0
5.998837717E1,3.270384201E1,1.727138397E1,-4.683610382E0
5.999840417E1,2.849414612E1,1.805904602E1,-3.455564117E0
6.000843217E1,2.427891174E1,1.784903275E1,-2.749332733E0
6.001845917E1,2.045271835E1,1.683189789E1,-2.846929779E0
6.002848717E1,1.697769470E1,1.550146454E1,-3.419040070E0
6.003851417E1,1.370325394E1,1.399125504E1,-3.801345062E0
6.004854217E1,1.029514114E1,1.239302856E1,-3.614683228E0
6.005856917E1,6.904092865E0,1.083671494E1,-2.871478729E0
6.006859717E1,4.152215424E0,9.548942871E0,-1.674268341E0
6.007862417E1,2.134860535E0,8.633147278E0,-1.960922241E-1
6.008865217E1,8.300239563E-1,8.123756561E0,1.375040588E0
6.009867917E1,9.789642334E-2,7.923173676E0,2.781815186E0
6.010870717E1,-2.630030823E-1,7.815098419E0,3.836372223E0
6.011873417E1,-4.275109863E-1,7.739505615E0,4.355043640E0
6.012876217E1,-7.601193237E-1,7.643106079E0,4.428840179E0
6.013878917E1,-1.445693665E0,7.472460938E0,4.272714844E0
6.014881717E1,-2.524799652E0,7.220834198E0,4.146227875E0
6.015884417E1,-3.574566650E0,6.887178040E0,4.020639038E0
6.016887217E1,-4.498894501E0,6.532266083E0,4.021237793E0
6.017889917E1,-5.122348022E0,6.226302338E0,4.089346161E0
6.018892717E1,-5.066214752E0,6.127208405E0,4.163292389E0
6.019895417E1,-4.085603943E0,6.373146973E0,4.058510284E0
6.020898217E1,-2.576292572E0,6.808441772E0,3.497926025E0
6.021900917E1,-7.914042664E-1,7.366032257E0,2.698139191E0
6.022903717E1,1.144669647E0,8.406817932E0,2.187850342E0
6.023906417E1,3.105442200E0,9.789342957E0,1.985171814E0
6.024909217E1,5.096451874E0,1.132365234E1,2.012864227E0
6.025911917E1,6.926695862E0,1.316781738E1,2.505489807E0
6.026914717E1,8.869206390E0,1.517050278E1,3.238964539E0
6.027917417E1,1.140089172E1,1.691512482E1,3.845353546E0
6.028920217E1,1.456276657E1,1.851724319E1,4.061054993E0
6.029922917E1,1.753169266E1,1.947944229E1,3.020718384E0
6.030925717E1,1.980321899E1,1.898052979E1,9.508227539E-1
6.031928417E1,2.011861313E1,1.726539642E1,-1.191222839E0
6.032931217E1,1.864822083E1,1.547616714E1,-2.669997711E0
6.033933917E1,1.690928696E1,1.443762680E1,-3.223845978E0
6.034936717E1,1.583167786E1,1.374681335E1,-3.394341431E0
6.035939417E1,1.548619629E1,1.275677216E1,-3.553161163E0
6.036942217E1,1.533785477E1,1.146196472E1,-3.391197968E0
6.037944917E1,1.466889587E1,9.882149963E0,-2.742147675E0
6.038947717E1,1.311318100E1,8.173902283E0,-1.671124878E0
6.039950417E1,1.097368011E1,6.538852386E0,-5.237608337E-1
6.040953217E1,9.015751648E0,5.064268799E0,5.842350769E-1
6.041955917E1,7.577243042E0,3.775897980E0,1.532363434E0
6.042958717E1,6.738088074E0,2.588866425E0,2.118095398E0
6.043961417E1,6.311924286E0,1.441352692E0,2.314786377E0
6.044964217E1,6.205794983E0,3.864962769E-1,2.105671234E0
6.045966917E1,6.187682648E0,-5.869294739E-1,1.580413513E0
6.046969717E1,6.169121246E0,-1.642684021E0,7.704478455E-1
6.047972417E1,6.337221680E0,-2.827619934E0,-2.550695801E-1
6.048975217E1,6.178851013E0,-4.149521027E0,-1.385518799E0
6.049977917E1,5.154830475E0,-5.553152161E0,-2.524200897E0
6.050980717E1,3.026256866E0,-6.775061188E0,-3.529660034E0
6.051983417E1,1.758842468E-1,-7.777825928E0,-3.980821838E0
6.052986217E1,-2.594554596E0,-8.344397736E0,-3.905528412E0
6.053988917E1,-4.285588074E0,-8.470884705E0,-3.829037476E0
6.054991717E1,-3.927981720E0,-8.428971863E0,-4.163292389E0
6.055994417E1,-1.267564087E0,-8.185428314E0,-5.061724091E0
6.056997217E1,1.982776794E0,-7.914342041E0,-6.218518524E0
6.057999917E1,4.497846680E0,-7.682773590E0,-7.248077545E0
6.059002717E1,5.809119873E0,-7.337741089E0,-8.059989166E0
6.060005417E1,5.694757690E0,-6.454577637E0,-8.113577728E0
6.061008217E1,4.658762054E0,-4.383933563E0,-6.988217926E0
6.062010917E1,5.612428894E0,-6.936575317E-1,-5.451663208E0
6.063013717E1,1.097637451E1,4.435276794E0,-3.964655457E0
6.064016417E1,2.048385361E1,9.776918793E0,-2.882705383E0
6.065019217E1,2.996289185E1,1.349398911E1,-2.832409973E0
6.066021917E1,3.529195999E1,1.588167389E1,-3.001258850E0
6.067024717E1,3.566258926E1,1.799617676E1,-2.098037109E0
6.068027417E1,3.256403275E1,1.982627106E1,-8.412506104E-2
6.069030217E1,2.851510254E1,2.049148773E1,1.552272034E0
6.070032917E1,2.490580811E1,1.978495697E1,1.904788971E0
6.071035717E1,2.173255692E1,1.867067413E1,1.362317047E0
6.072038417E1,1.864193390E1,1.731539246E1,4.409829712E-1
6.073041217E1,1.537018753E1,1.566746933E1,-2.435435486E-1
6.074043917E1,1.180190781E1,1.399050659E1,-3.817062378E-1
6.075046717E1,8.378077698E0,1.236264175E1,1.270857239E-1
6.076049417E1,5.547763367E0,1.082548828E1,1.077908478E0
6.077052217E1,3.357518005E0,9.608369293E0,2.140997772E0
6.078054917E1,1.867366791E0,8.672515411E0,2.943329315E0
6.079057717E1,8.678952026E-1,7.810607758E0,3.488795013E0
6.080060417E1,9.580078125E-3,7.034621429E0,4.021237793E0
6.081063217E1,-7.927514648E-1,6.283782806E0,4.484823761E0
6.082065917E1,-1.496138763E0,5.550757141E0,4.904251556E0
6.083068717E1,-2.310295715E0,4.852459259E0,5.099295959E0
6.084071417E1,-3.303779755E0,4.306993561E0,5.076094208E0
6.085074217E1,-4.447700958E0,3.890559540E0,4.975054321E0
6.086076958E1,-5.635630646E0,3.503763885E0,4.874014435E0
6.087079758E1,-6.606511688E0,3.232228546E0,4.912185059E0
6.088082458E1,-7.142546997E0,3.156486053E0,4.910538483E0
6.089085258E1,-7.053182831E0,3.344794464E0,4.692442017E0
6.090087958E1,-6.370302887E0,3.684438171E0,4.352947998E0
6.091090758E1,-5.295238495E0,4.232897644E0,3.981719971E0
6.092093458E1,-3.572321320E0,5.258115692E0,3.568728790E0
6.093096258E1,-1.319356384E0,6.845414886E0,3.129841461E0
6.094098958E1,1.002764740E0,8.827293549E0,2.836900635E0
6.095101758E1,2.805615692E0,1.113953522E1,2.902314606E0
6.096104458E1,4.563709717E0,1.407223663E1,4.008663940E0
6.097107258E1,7.144043884E0,1.771431290E1,6.210135956E0
6.098109958E1,1.192450287E1,2.098905304E1,8.641230469E0
6.099112758E1,1.799782333E1,2.329515747E1,1.030502060E1
6.100115458E1,2.341775253E1,2.383239029E1,9.614955597E0
6.101118258E1,2.663725754E1,2.268727158E1,6.823710022E0
6.102120958E1,2.689008179E1,2.101285355E1,3.474424896E0
6.103123758E1,2.536774750E1,1.944501389E1,4.263134766E-1
6.104126458E1,2.352373215E1,1.767284912E1,-2.180066528E0
6.105129258E1,2.182042419E1,1.530477356E1,-4.291875000E0
6.106131958E1,1.991578491E1,1.265049316E1,-5.667364655E0
6.107134758E1,1.717588257E1,9.881251831E0,-6.310427399E0
6.108137458E1,1.384725449E1,7.252119141E0,-6.083349609E0
6.109140258E1,1.060604462E1,5.085674286E0,-4.944966888E0
6.110142958E1,8.160130920E0,3.200195160E0,-3.130589905E0
6.111145758E1,6.682104492E0,1.449136505E0,-1.203497314E0
6.112148458E1,5.757028198E0,-7.200027466E-2,5.047503662E-1
6.113151258E1,4.869224396E0,-1.416953430E0,1.778002625E0
6.114153958E1,3.957470398E0,-2.663710785E0,2.417921906E0
6.115156758E1,3.058889008E0,-3.761378174E0,2.491419067E0
6.116159458E1,2.490221558E0,-4.710704041E0,2.229314117E0
6.117162258E1,2.183060303E0,-5.672304382E0,1.723366241E0
6.118164958E1,1.940714264E0,-6.769223328E0,1.095721436E0
6.119167758E1,1.716031494E0,-7.731422424E0,3.920347595E-1
6.120170458E1,1.381776581E0,-8.311166840E0,-2.868035889E-1
6.121173258E1,9.021739197E-1,-8.618028717E0,-8.792715454E-1
6.122175958E1,-1.496887207E-4,-9.050030365E0,-1.509161682E0
6.123178758E1,-1.223405914E0,-9.476493530E0,-2.192939758E0
6.124181458E1,-1.430874481E0,-9.586664429E0,-2.664159851E0
6.125184258E1,7.185058594E-2,-9.334738312E0,-3.324885864E0
6.126186958E1,3.432961121E0,-8.771759033E0,-4.536915436E0
6.127189758E1,7.413782959E0,-7.835905151E0,-5.976172485E0
6.128192458E1,1.023272095E1,-6.739584961E0,-7.637866974E0
6.129195258E1,1.055485107E1,-5.806874542E0,-9.279952240E0
6.130197958E1,8.551716614E0,-4.503834229E0,-9.625433807E0
6.131200758E1,6.190826111E0,-1.995949402E0,-7.911647644E0
6.132203458E1,7.946225739E0,2.490820312E0,-5.068011017E0
6.133206258E1,1.571028030E1,7.879165192E0,-2.613415375E0
6.134208958E1,2.621902725E1,1.229647934E1,-1.229094086E0
6.135211758E1,3.509347275E1,1.526181290E1,-9.325607300E-1
6.136214458E1,3.901786194E1,1.773826309E1,-1.045126648E0
6.137217258E1,3.786406128E1,2.027054718E1,-2.116598511E-1
6.138219958E1,3.361335068E1,2.174662766E1,1.295855255E0
6.139222758E1,2.831197495E1,2.105177261E1,1.965263214E0
6.140225458E1,2.347268829E1,1.954829910E1,1.724114685E0
6.141228258E1,1.942450653E1,1.806278824E1,1.282233582E0
6.142230958E1,1.573078766E1,1.632759659E1,7.623646545E-1
6.143233758E1,1.216370544E1,1.414872757E1,3.616479492E-1
6.144236458E1,8.714428253E0,1.189426575E1,5.625302124E-1
6.145239258E1,5.627697144E0,1.001821701E1,1.570084991E0
6.146241958E1,3.175047455E0,8.595126343E0,3.076252899E0
6.147244758E1,1.464704132E0,7.727380829E0,4.796625366E0
6.148247458E1,3.462300110E-1,7.311545563E0,6.477779388E0
6.149250258E1,-5.379812622E-1,7.041507111E0,7.617209930E0
6.150252958E1,-1.492695923E0,6.742728424E0,7.862549744E0
6.151255758E1,-2.662662964E0,6.393504639E0,7.333250427E0
6.152258458E1,-3.817062378E0,6.000871124E0,6.440656586E0
6.153261258E1,-4.770429840E0,5.686075745E0,5.605393524E0
6.154263958E1,-5.554798737E0,5.470224609E0,4.781207428E0
6.155266758E1,-6.143524475E0,5.304968262E0,3.926335144E0
6.156269458E1,-6.379433899E0,5.207221527E0,3.097508698E0
6.157272258E1,-6.303242340E0,5.140909424E0,2.348466339E0
6.158274958E1,-5.676795044E0,5.264252930E0,1.678908691E0
6.159277758E1,-4.595443726E0,5.728287964E0,1.226250000E0
6.160280458E1,-2.859952698E0,6.590345306E0,1.082099762E0
6.161283258E1,-8.958869934E-1,7.742499390E0,1.036594391E0
6.162285958E1,1.173559570E0,9.385931854E0,1.105301514E0
6.163288758E1,3.795357513E0,1.156869278E1,1.650318146E0
6.164291458E1,6.131399689E0,1.368858444E1,2.350561981E0
6.165294258E1,8.224497070E0,1.572809326E1,3.354524231E0
6.166296958E1,1.044527893E1,1.737721390E1,4.959337006E0
6.167299758E1,1.319341415E1,1.913890045E1,6.901099091E0
6.168302458E1,1.703682175E1,2.062590820E1,7.745044098E0
6.169305258E1,2.088067841E1,2.042427750E1,6.277795258E0
6.170307958E1,2.289578796E1,1.893203064E1,3.342249756E0
6.171310758E1,2.264071838E1,1.718276825E1,6.563850403E-1
6.172313458E1,2.114083740E1,1.552556442E1,-1.078806610E0
6.173316258E1,1.930236053E1,1.381432297E1,-2.119592285E0
6.174318958E1,1.782717819E1,1.171673492E1,-2.566263428E0
6.175321758E1,1.656455383E1,9.261690216E0,-2.222727814E0
6.176324458E1,1.485421051E1,6.705605621E0,-1.268911285E0
6.177327258E1,1.249332001E1,4.368665314E0,-1.035845947E-1
6.178329958E1,1.001597168E1,2.222428436E0,1.098415833E0
6.179332758E1,7.939340057E0,4.444258118E-1,2.375709686E0
6.180335458E1,6.278244324E0,-1.000519409E0,3.404071198E0
6.181338158E1,5.019062805E0,-2.270179138E0,3.880680084E0
6.182340958E1,4.216581573E0,-3.356320496E0,3.780837708E0
6.183343758E1,3.805236969E0,-4.277953949E0,3.152743835E0
6.184346458E1,3.710034943E0,-5.103337555E0,2.189646606E0
6.185349158E1,3.812571716E0,-5.817951508E0,1.059347076E0
6.186351917E1,3.731290741E0,-6.472390594E0,-7.499404907E-2
6.187354617E1,3.294049988E0,-7.063511353E0,-1.262474670E0
6.188357417E1,2.310445404E0,-7.497309265E0,-2.389930115E0
6.189360117E1,8.825646973E-1,-7.923323364E0,-3.295397186E0
6.190362917E1,-3.870950317E-1,-8.182434540E0,-3.977079620E0
6.191365617E1,-9.150471497E-1,-8.268655243E0,-4.493954773E0
6.192368417E1,-2.016307068E-1,-8.113428040E0,-4.921316071E0
6.193371117E1,1.554667053E0,-7.608228607E0,-5.452561340E0
6.194373917E1,3.791315918E0,-7.019652557E0,-6.225104828E0
6.195376617E1,6.177204437E0,-6.228847046E0,-6.841223602E0
6.196379417E1,8.164471893E0,-4.988825684E0,-7.608378296E0
6.197382117E1,9.376950531E0,-2.885848846E0,-8.575068054E0
6.198384917E1,1.037851776E1,-1.872605896E-1,-8.921747131E0
6.199387617E1,1.310824127E1,3.262315979E0,-7.570507050E0
6.200390417E1,1.901151535E1,7.611222382E0,-4.833149414E0
6.201393117E1,2.665971085E1,1.144025986E1,-2.130968628E0
6.202395917E1,3.231016068E1,1.343965210E1,-3.338058472E-1
6.203398617E1,3.388877792E1,1.428075302E1,5.542973328E-1
6.204401417E1,3.211511627E1,1.539294022E1,1.459315338E0
6.205404117E1,2.866104904E1,1.671229660E1,2.325264587E0
6.206406917E1,2.482168304E1,1.708696747E1,2.549797668E0
6.207409617E1,2.130145340E1,1.633612885E1,2.159409485E0
6.208412417E1,1.824361221E1,1.521241562E1,1.404678955E0
6.209415117E1,1.490720032E1,1.397104706E1,3.978726196E-1
6.210417917E1,1.118474121E1,1.264974472E1,-4.770579529E-1
6.211420617E1,7.603139191E0,1.134281250E1,-1.020428009E0
6.212423417E1,4.708159332E0,1.016431320E1,-9.515711975E-1
6.213426117E1,2.762355652E0,9.230554962E0,-2.133064270E-1
6.214428917E1,1.653760986E0,8.493188324E0,9.370513916E-1
6.215431617E1,1.015188904E0,7.935298462E0,2.157613220E0
6.216434417E1,5.626799011E-1,7.588619385E0,3.144510956E0
6.217437117E1,1.318757629E-1,7.366780701E0,3.859573975E0
6.218439917E1,-5.355862427E-1,7.096891937E0,4.086202698E0
6.219442617E1,-1.561852112E0,6.747518463E0,3.915108490E0
6.220445417E1,-2.723436584E0,6.337970123E0,3.614683228E0
6.221448117E1,-3.664379883E0,5.942791901E0,3.556903381E0
6.222450917E1,-4.256099396E0,5.630840607E0,3.650907898E0
6.223453617E1,-4.387526093E0,5.389692078E0,3.910917206E0
6.224456417E1,-4.227808228E0,5.340594177E0,4.191284180E0
6.225459117E1,-3.758983154E0,5.639073486E0,4.405937805E0
6.226461917E1,-2.987038422E0,6.204447784E0,4.537813568E0
6.227464617E1,-1.947899323E0,6.880442047E0,4.376598816E0
6.228467317E1,-7.831713867E-1,7.570956116E0,3.903133392E0
6.229470117E1,1.090632019E0,8.712631989E0,3.543581085E0
6.230472917E1,3.621269531E0,1.038884628E1,3.499273224E0
6.231475617E1,6.069129181E0,1.243119919E1,3.844605103E0
6.232478317E1,7.684420166E0,1.454450455E1,4.718487854E0
6.233481117E1,9.041348419E0,1.655901535E1,6.502028961E0
6.234483817E1,1.161883850E1,1.841515549E1,9.132359161E0
6.235486617E1,1.589260117E1,1.952285202E1,1.096140564E1
6.236489317E1,2.025168640E1,1.926299240E1,1.045470932E1
6.237492117E1,2.301000046E1,1.835513031E1,8.213420105E0
6.238494817E1,2.384466476E1,1.779798889E1,5.737418976E0
6.239497617E1,2.373434418E1,1.701212311E1,3.727099457E0
6.240500317E1,2.346924545E1,1.571372314E1,2.206860809E0
6.241503117E1,2.276840286E1,1.409049866E1,6.813830566E-1
6.242505817E1,2.116628448E1,1.185968765E1,-9.684860229E-1
6.243508617E1,1.835842346E1,9.213789825E0,-2.080074463E0
6.244511317E1,1.484208572E1,6.717281342E0,-2.262245636E0
6.245514117E1,1.133398087E1,4.752018127E0,-1.554667053E0
6.246516817E1,8.733588409E0,3.133134613E0,-2.791694641E-1
6.247519617E1,7.259753265E0,1.658850403E0,9.259744263E-1
6.248522317E1,6.719975739E0,2.636018372E-1,1.794618073E0
6.249525117E1,6.405479736E0,-1.032702484E0,2.142045593E0
6.250527817E1,5.946534119E0,-2.314487000E0,1.837429047E0
6.251530617E1,5.234015808E0,-3.586092682E0,1.074465637E0
6.252533317E1,4.343218231E0,-4.762496338E0,1.896556091E-1
6.253536117E1,3.354973297E0,-5.939648438E0,-6.379733276E-1
6.254538817E1,2.385738831E0,-7.111262054E0,-1.263073425E0
6.255541617E1,1.294058990E0,-8.139473877E0,-1.688788147E0
6.256544317E1,-5.553451538E-2,-8.983568573E0,-2.070195007E0
6.257547117E1,-1.418001251E0,-9.518556061E0,-2.326162720E0
6.258549817E1,-2.359543304E0,-9.773925018E0,-2.544408875E0
6.259552617E1,-2.315385132E0,-9.628726959E0,-2.962788849E0
6.260555317E1,-1.053658905E0,-9.096583557E0,-3.647465057E0
6.261558117E1,7.223977661E-1,-8.353977814E0,-4.467908936E0
6.262560817E1,3.012186127E0,-7.569159851E0,-5.378914490E0
6.263563617E1,5.435646515E0,-6.607260132E0,-6.270011444E0
6.264566317E1,7.028933258E0,-5.534441071E0,-7.179370422E0
6.265569117E1,7.084467773E0,-4.053271179E0,-7.799530792E0
6.266571817E1,6.817572784E0,-1.239871674E0,-7.581883392E0
6.267574617E1,9.128167877E0,3.402723999E0,-6.146218872E0
6.268577317E1,1.553978485E1,8.763675842E0,-4.145928497E0
6.269580017E1,2.427891174E1,1.294687683E1,-2.891686707E0
6.270582817E1,3.068409210E1,1.468506226E1,-2.883453827E0
6.271585517E1,3.360841095E1,1.529070282E1,-3.360960846E0
6.272588317E1,3.370256516E1,1.638492737E1,-3.578458557E0
6.273591017E1,3.143388290E1,1.750908966E1,-3.763473816E0
6.274593817E1,2.832499786E1,1.772374329E1,-4.345912628E0
6.275596517E1,2.487841507E1,1.669942337E1,-5.212909698E0
6.276599317E1,2.097273697E1,1.482591934E1,-5.842949524E0
6.277602017E1,1.657158920E1,1.266770737E1,-5.762416992E0
6.278604817E1,1.219454132E1,1.078207855E1,-4.692142639E0
6.279607517E1,8.261320496E0,9.216334534E0,-2.762355652E0
6.280610317E1,5.043761444E0,7.903115387E0,-4.920268250E-1
6.281613017E1,2.770738220E0,6.947502594E0,1.866468658E0
6.282615817E1,1.387015686E0,6.525679779E0,4.171525269E0
6.283618517E1,7.533833313E-1,6.359674988E0,6.030359802E0
6.284621317E1,6.982978821E-1,6.354585571E0,7.200925598E0
6.285624017E1,6.854246521E-1,6.493496704E0,7.486681366E0
6.286626842E1,1.303788757E-1,6.632108459E0,7.102729797E0
6.287629542E1,-1.176703033E0,6.591093750E0,6.206094360E0
6.288632342E1,-2.975811768E0,6.553222504E0,5.301226044E0
6.289635042E1,-4.714446259E0,6.390660553E0,4.625082092E0
6.290637842E1,-6.030060425E0,6.043831787E0,4.218976593E0
6.291640542E1,-6.395450592E0,5.750591583E0,4.205354919E0
6.292643242E1,-5.777834930E0,5.805377655E0,4.505031738E0
6.293646042E1,-4.699627075E0,6.098168793E0,4.771477661E0
6.294648742E1,-3.479514313E0,6.411616974E0,4.590653687E0
6.295651542E1,-2.113604736E0,6.794670410E0,4.098177795E0
6.296654242E1,-3.031196594E-1,7.726931763E0,3.612437897E0
6.297657042E1,1.695673828E0,9.114695892E0,3.044818268E0
6.298659742E1,3.467389526E0,1.042372375E1,2.596949615E0
6.299662542E1,4.605772247E0,1.175804901E1,3.057841187E0
6.300665242E1,5.998775482E0,1.396865204E1,4.832251282E0
6.301668042E1,8.825197906E0,1.697230591E1,7.197183380E0
6.302670742E1,1.412328049E1,1.969229965E1,9.072333984E0
6.303673542E1,2.060345490E1,2.157553345E1,9.361981659E0
6.304676242E1,2.596710114E1,2.135534134E1,7.135811005E0
6.305679042E1,2.826811615E1,1.899684586E1,3.491938477E0
6.306681742E1,2.730606674E1,1.621907227E1,1.594184875E-1
6.307684542E1,2.463621872E1,1.449899918E1,-2.058219910E0
6.308687242E1,2.221679993E1,1.337663315E1,-3.613635406E0
6.309690042E1,2.066392914E1,1.186597458E1,-4.782105560E0
6.310692742E1,1.920700882E1,9.908644867E0,-5.279371490E0
6.311695542E1,1.702529572E1,7.764353943E0,-4.884492645E0
6.312698242E1,1.421039932E1,5.891448669E0,-3.652404785E0
6.313700942E1,1.115330658E1,4.144581299E0,-1.978585510E0
6.314703742E1,8.551716614E0,2.506387939E0,-1.585203552E-1
6.315706442E1,6.730903015E0,1.091829529E0,1.470691681E0
6.316709242E1,5.676495667E0,-8.622070312E-2,2.755769348E0
6.317711942E1,5.373525696E0,-1.055305481E0,3.376678162E0
6.318714742E1,5.510191498E0,-2.113754425E0,3.172951813E0
6.319717442E1,5.532046051E0,-3.363804932E0,2.255659332E0
6.320720242E1,5.280269623E0,-4.621190186E0,9.689350891E-1
6.321722942E1,4.957391052E0,-5.682483215E0,-3.749702454E-1
6.322725742E1,4.402195587E0,-6.592590637E0,-1.632654877E0
6.323728442E1,3.357368317E0,-7.527546387E0,-2.802472229E0
6.324731242E1,1.513203278E0,-8.439001007E0,-3.812571716E0
6.325733942E1,-6.204597473E-1,-9.090146942E0,-4.223766632E0
6.326736742E1,-2.345322876E0,-9.518556061E0,-4.213587799E0
6.327739442E1,-3.176394653E0,-9.810299377E0,-3.992647247E0
6.328742242E1,-2.587219849E0,-9.894125061E0,-3.921245728E0
6.329744942E1,-6.258485413E-1,-9.610015869E0,-4.380041656E0
6.330747742E1,2.044149170E0,-8.837622070E0,-5.046306152E0
6.331750442E1,4.608466644E0,-7.558232574E0,-5.757177887E0
6.332753242E1,6.515650635E0,-6.105802917E0,-6.495742035E0
6.333755942E1,7.101981354E0,-4.289629669E0,-6.967411194E0
6.334758642E1,6.892716522E0,-1.428030396E0,-6.735243988E0
6.335761442E1,7.614665222E0,2.411485291E0,-5.481900330E0
6.336764142E1,1.155267609E1,6.949897614E0,-3.287014618E0
6.337766942E1,1.920685913E1,1.169802383E1,-1.304237823E0
6.338769642E1,2.706491821E1,1.508188705E1,-7.852670288E-1
6.339772442E1,3.175750992E1,1.662577652E1,-1.698068848E0
6.340775142E1,3.229129990E1,1.766671188E1,-2.670596466E0
6.341777942E1,3.025583267E1,1.922407333E1,-2.680475922E0
6.342780642E1,2.710368759E1,1.968137238E1,-2.498454437E0
6.343783442E1,2.395977539E1,1.868848709E1,-2.857258301E0
6.344786142E1,2.091765152E1,1.721076004E1,-3.779340820E0
6.345788942E1,1.806847641E1,1.560729446E1,-4.869972839E0
6.346791642E1,1.499476822E1,1.376522507E1,-5.732329559E0
6.347794442E1,1.166928360E1,1.192525131E1,-5.809868317E0
6.348797142E1,8.405171356E0,1.024050476E1,-4.820126495E0
6.349799842E1,5.651048584E0,8.785231018E0,-3.049608307E0
6.350802642E1,3.564836884E0,7.598947906E0,-1.098715210E0
6.351805342E1,1.985471191E0,6.698869629E0,7.191046143E-1
6.352808142E1,7.846682739E-1,6.073170776E0,2.493065643E0
6.353810842E1,-2.978805542E-2,5.662724304E0,4.021986237E0
6.354813642E1,-7.896080017E-1,5.442232819E0,5.126239929E0
6.355816342E1,-1.730850677E0,5.359005890E0,5.719156952E0
6.356819142E1,-2.850971375E0,5.287903748E0,5.935606842E0
6.357821842E1,-3.901786194E0,5.242398376E0,6.077811127E0
6.358824642E1,-4.796625366E0,5.238356781E0,6.158792725E0
6.359827342E1,-5.272785187E0,5.201383667E0,6.022875366E0
6.360830142E1,-5.389692078E0,5.043761444E0,5.762716370E0
6.361832842E1,-5.332061920E0,5.013524323E0,5.546565857E0
6.362835642E1,-5.123545532E0,5.284161530E0,5.437592468E0
6.363838342E1,-4.428091736E0,5.904321899E0,5.202431488E0
6.364841042E1,-2.632126465E0,6.741979980E0,4.657863922E0
6.365843842E1,-1.288819885E-1,7.887248383E0,4.060007172E0
6.366846542E1,2.779270477E0,9.396260376E0,3.476071472E0
6.367849342E1,5.822142792E0,1.127051285E1,3.264261932E0
6.368852042E1,8.739575958E0,1.365595230E1,3.749253387E0
6.369854842E1,1.190713898E1,1.622505981E1,4.517605591E0
6.370857542E1,1.596624802E1,1.788870026E1,5.175038452E0
6.371860342E1,2.006158173E1,1.858954285E1,5.215903473E0
6.372863042E1,2.304383011E1,1.812356186E1,3.626209259E0
6.373865842E1,2.399121002E1,1.644600037E1,5.656736755E-1
6.374868542E1,2.255764114E1,1.434062851E1,-2.418071594E0
6.375871342E1,2.005349854E1,1.282652710E1,-4.183650055E0
6.376874042E1,1.792971497E1,1.208227478E1,-4.701872406E0
6.377876742E1,1.683668793E1,1.146106659E1,-4.462071075E0
6.378879542E1,1.647069901E1,1.024619293E1,-3.653302917E0
6.379882242E1,1.566896622E1,8.582103424E0,-2.384541321E0
6.380885042E1,1.379935410E1,7.085814972E0,-8.803193665E-1
6.381887742E1,1.119926102E1,5.500761108E0,5.532495117E-1
6.382890542E1,8.808133392E0,3.911366272E0,1.819915466E0
6.383893242E1,6.949149170E0,2.457589417E0,2.699336700E0
6.384896042E1,5.725743256E0,1.176852722E0,3.104693756E0
6.385898717E1,5.094805298E0,1.386117554E-1,3.114423523E0
6.386901517E1,4.957840118E0,-8.496331787E-1,2.704276428E0
6.387904217E1,4.994214478E0,-1.817819824E0,1.892215118E0
6.388907017E1,5.012177124E0,-2.631527710E0,6.194119263E-1
6.389909717E1,4.823120270E0,-3.303929443E0,-8.352630615E-1
6.390912417E1,4.257147217E0,-3.854933624E0,-2.150877228E0
6.391915217E1,3.332220612E0,-4.452940063E0,-3.303330688E0
6.392917917E1,1.910926208E0,-5.121599579E0,-4.165088654E0
6.393920717E1,2.779719543E-1,-5.693111115E0,-4.693040771E0
6.394923417E1,-1.403780823E0,-6.181096344E0,-4.950355682E0
6.395926217E1,-2.879112854E0,-6.532715149E0,-4.999004517E0
6.396928917E1,-3.358116760E0,-6.398294678E0,-4.885989532E0
6.397931717E1,-2.324366455E0,-5.796096954E0,-4.848866730E0
6.398934417E1,2.993774414E-3,-5.224286041E0,-4.840633850E0
6.399937217E1,3.119812317E0,-4.306993561E0,-4.924459534E0
6.400939917E1,5.831872559E0,-3.137625275E0,-5.237458649E0
6.401942717E1,7.589517517E0,-1.868264923E0,-5.742807770E0
6.402945417E1,8.265362091E0,-5.514532471E-1,-6.286327515E0
6.403948117E1,7.428302765E0,6.518943787E-1,-6.509363708E0
6.404950917E1,6.583309937E0,1.987117767E0,-5.629493408E0
6.405953617E1,7.800279236E0,4.277055817E0,-3.200644226E0
6.406956417E1,1.206116867E1,7.541467438E0,-3.345542908E-1
6.407959117E1,1.831501373E1,1.035531601E1,1.527723083E0
6.408961917E1,2.446662140E1,1.230950226E1,2.193388824E0
6.409964617E1,2.876328644E1,1.376208160E1,2.253414001E0
6.410967417E1,3.024310913E1,1.510987885E1,2.122436371E0
6.411970117E1,2.939572128E1,1.637070694E1,1.877246246E0
6.412972917E1,2.696582428E1,1.686692505E1,1.505569153E0
6.413975617E1,2.397818710E1,1.648207535E1,1.030457153E0
6.414978417E1,2.116299133E1,1.572435104E1,5.707630920E-1
6.415981117E1,1.834644836E1,1.476843887E1,-5.837860107E-3
6.416983817E1,1.534039948E1,1.350297043E1,-1.010398865E0
6.417986617E1,1.222807159E1,1.194036987E1,-2.180066528E0
6.418989317E1,9.170679474E0,1.013781830E1,-3.039878540E0
6.419992117E1,6.148314514E0,8.405321045E0,-3.433110809E0
6.420994817E1,3.436254272E0,7.050338745E0,-3.390299835E0
6.421997617E1,1.235680389E0,6.156846771E0,-2.857557678E0
6.423000317E1,-4.421804810E-1,5.430407410E0,-1.961670685E0
6.424003117E1,-1.669029236E0,4.694687347E0,-8.443940735E-1
6.425005817E1,-2.519111481E0,4.093387756E0,3.938310242E-1
6.426008517E1,-3.143463135E0,4.048930206E0,1.924697571E0
6.427011317E1,-3.530558167E0,4.137246552E0,3.409459991E0
6.428014017E1,-3.863914948E0,4.142785034E0,4.358486481E0
6.429016817E1,-4.068539429E0,4.207450562E0,4.825215912E0
6.430019517E1,-4.214186554E0,4.234095154E0,4.925806732E0
6.431022317E1,-4.239483948E0,4.218078461E0,4.985083466E0
6.432025017E1,-4.293671265E0,4.394411774E0,5.027894440E0
6.433027817E1,-4.068240051E0,4.888085175E0,5.094356232E0
6.434030517E1,-3.294948120E0,5.658083954E0,4.994513855E0
6.435033317E1,-1.906585236E0,6.598877563E0,4.809797974E0
6.436036017E1,6.526428223E-2,8.160879364E0,4.671186218E0
6.437038817E1,2.521506500E0,1.041788589E1,4.379293213E0
6.438041517E1,5.311105499E0,1.306004150E1,4.246519318E0
6.439044217E1,8.450976105E0,1.606579102E1,4.784650269E0
6.440047017E1,1.211790070E1,1.870450378E1,5.845943298E0
6.441049717E1,1.587359070E1,2.037488022E1,6.981931000E0
6.442052517E1,1.901361099E1,2.109353577E1,7.339537354E0
6.443055217E1,2.114203491E1,2.030931656E1,6.234684906E0
6.444058017E1,2.205094482E1,1.889820099E1,4.458179169E0
6.445060717E1,2.199750595E1,1.811413147E1,2.686912537E0
6.446063517E1,2.139830200E1,1.744143036E1,1.075812836E0
6.447066217E1,2.103590561E1,1.615171234E1,-3.854484558E-1
6.448068917E1,2.088831253E1,1.427431641E1,-1.497485962E0
6.449071717E1,1.983165985E1,1.173724228E1,-1.988315277E0
6.450074417E1,1.717318817E1,8.820707245E0,-1.779798889E0
6.451077217E1,1.351000580E1,6.082601166E0,-1.021475830E0
6.452079917E1,9.903256073E0,3.738775177E0,2.432441711E-1
6.453082717E1,7.107370148E0,1.795516205E0,1.474433899E0
6.454085417E1,5.400619354E0,6.256988525E-2,2.483635254E0
6.455088217E1,4.569697266E0,-1.596579895E0,3.193010101E0
6.456090917E1,4.121978302E0,-3.098406830E0,3.402274933E0
6.457093617E1,3.765120392E0,-4.385879517E0,2.973416748E0
6.458096417E1,3.443139954E0,-5.558241577E0,2.068698120E0
6.459099117E1,3.299139404E0,-6.700815582E0,9.437873840E-1
6.460101917E1,3.273243256E0,-7.697892151E0,-3.409909058E-1
6.461104617E1,2.879262543E0,-8.437953186E0,-1.806593170E0
6.462107417E1,1.604064331E0,-8.869805145E0,-3.324287109E0
6.463110117E1,-3.628454590E-1,-9.051976318E0,-4.382736053E0
6.464112917E1,-2.290387115E0,-9.113199005E0,-4.790937195E0
6.465115617E1,-3.437900848E0,-9.138047333E0,-4.852758636E0
6.466118417E1,-3.392096100E0,-8.858578491E0,-4.885989532E0
6.467121117E1,-1.977537689E0,-8.277636566E0,-5.148842926E0
6.468123817E1,6.649172974E-1,-7.640261993E0,-5.660478973E0
6.469126617E1,3.642225952E0,-6.785689087E0,-6.160139923E0
6.470129317E1,6.355334015E0,-5.645659790E0,-6.696324921E0
6.471132117E1,8.146060181E0,-4.502037964E0,-7.173382874E0
6.472134817E1,8.462053070E0,-3.315754852E0,-7.320826263E0
6.473137617E1,8.673712921E0,-1.369951172E0,-6.463708649E0
6.474140317E1,1.106349335E1,2.073188782E0,-4.312382355E0
6.475143117E1,1.648626663E1,6.383325806E0,-1.680255890E0
6.476145817E1,2.381592453E1,1.019170624E1,3.092568970E-1
6.477148517E1,3.014251831E1,1.256576935E1,1.148112488E0
6.478151317E1,3.378384613E1,1.384470978E1,8.913963318E-1
6.479154017E1,3.448019806E1,1.528800842E1,7.220983887E-1
6.480156817E1,3.251538391E1,1.712618591E1,1.111887817E0
6.481159517E1,2.886761948E1,1.796983154E1,1.544787598E0
6.482162317E1,2.548166061E1,1.785052963E1,1.963616638E0
6.483165017E1,2.266541702E1,1.742511429E1,1.758094025E0
6.484167817E1,1.992386810E1,1.629541351E1,5.819897461E-1
6.485170517E1,1.666514465E1,1.461321167E1,-8.613088989E-1
6.486173254E1,1.265363663E1,1.289747955E1,-1.689386902E0
6.487176054E1,8.487949219E0,1.129700775E1,-1.591939545E0
6.488178754E1,4.802163849E0,9.949958954E0,-6.688092041E-1
6.489181554E1,2.107018433E0,8.876990204E0,7.746391296E-1
6.490184254E1,3.391946411E-1,8.054750061E0,2.339035950E0
6.491187054E1,-9.392967224E-1,7.448510742E0,3.718267822E0
6.492189754E1,-2.016606445E0,7.015311584E0,4.822671204E0
6.493192554E1,-2.793341217E0,6.578968964E0,5.645210724E0
6.494195254E1,-3.232228546E0,6.130501556E0,6.369853821E0
6.495197954E1,-3.402424622E0,5.947881317E0,6.984625397E0
6.496200754E1,-3.430416412E0,5.824088745E0,7.260052643E0
6.497203454E1,-3.464395752E0,5.567372589E0,7.075636139E0
6.498206254E1,-3.507955170E0,5.282215576E0,6.688241730E0
6.499208954E1,-3.520379333E0,5.101092224E0,6.303242340E0
6.500211754E1,-3.087329865E0,5.141208801E0,5.800437927E0
6.501214454E1,-2.235151978E0,5.353018341E0,5.250331879E0
6.502217254E1,-1.080453186E0,5.680836639E0,4.684957581E0
6.503219954E1,6.915618896E-1,6.351741486E0,4.286486206E0
6.504222654E1,3.047063599E0,7.380102997E0,4.269122314E0
6.505225454E1,5.121000824E0,8.478219452E0,4.610711975E0
6.506228154E1,6.669830017E0,9.517957306E0,5.284760284E0
6.507230954E1,8.040978699E0,1.035441788E1,6.184389496E0
6.508233654E1,9.706714783E0,1.107741440E1,7.087760925E0
6.509236454E1,1.166090103E1,1.265483414E1,7.945626984E0
6.510239154E1,1.519460266E1,1.489537491E1,8.191715240E0
6.511241854E1,2.011097900E1,1.548155594E1,6.874304810E0
6.512244654E1,2.422771820E1,1.462997681E1,4.226461029E0
6.513247354E1,2.575529160E1,1.352976471E1,1.397942963E0
6.514250154E1,2.430825073E1,1.302785843E1,-7.837701416E-1
6.515252854E1,2.152688461E1,1.286275177E1,-1.961970062E0
6.516255654E1,1.892439651E1,1.204380478E1,-2.202519836E0
6.517258354E1,1.686647598E1,1.070019882E1,-2.009421387E0
6.518261154E1,1.508368332E1,9.221124573E0,-1.410816193E0
6.519263854E1,1.331121918E1,7.739206238E0,-4.204756165E-1
6.520266554E1,1.149729126E1,6.186335449E0,6.821315002E-1
6.521269354E1,9.619745636E0,4.549040222E0,1.670376434E0
6.522272054E1,8.076454926E0,3.034040680E0,2.536625061E0
6.523274854E1,7.014413452E0,1.749711456E0,3.247945862E0
6.524277554E1,6.352040863E0,4.995112610E-1,3.472628632E0
6.525280354E1,5.876330109E0,-8.271798706E-1,3.135230255E0
6.526283054E1,5.397026825E0,-2.037263489E0,2.447859650E0
6.527285754E1,4.904401245E0,-3.088826752E0,1.471889191E0
6.528288554E1,4.424199829E0,-4.106710052E0,4.222718811E-1
6.529291254E1,3.742966461E0,-5.135969696E0,-6.572831726E-1
6.530294054E1,2.657872925E0,-6.157146149E0,-1.806742859E0
6.531296754E1,1.325044556E0,-6.933880920E0,-2.849624176E0
6.532299554E1,-2.095642090E-1,-7.450007629E0,-3.545227661E0
6.533302254E1,-1.600771179E0,-7.721542969E0,-3.854933624E0
6.534305054E1,-2.101929016E0,-7.700287170E0,-3.864364014E0
6.535307754E1,-1.242416382E0,-7.449109497E0,-3.798800354E0
6.536310454E1,8.583151245E-1,-7.036417694E0,-4.041445770E0
6.537313254E1,3.364253998E0,-6.336622925E0,-4.492607574E0
6.538315954E1,5.459447021E0,-5.239853668E0,-5.109774170E0
6.539318754E1,6.990163879E0,-3.983366547E0,-5.721551971E0
6.540321454E1,8.043523407E0,-2.726130981E0,-5.944887543E0
6.541324254E1,8.595126343E0,-1.401984558E0,-5.790408783E0
6.542326954E1,1.018586838E1,1.234931946E0,-4.561314697E0
6.543329754E1,1.500090546E1,5.053940277E0,-2.207309875E0
6.544332454E1,2.242890884E1,8.198900299E0,5.304968262E-1
6.545335154E1,2.945484833E1,9.580078125E0,2.443668365E0
6.546337954E1,3.369493103E1,9.864337006E0,3.333268433E0
6.547340654E1,3.371588745E1,1.054167847E1,4.222718811E0
6.548343454E1,3.054757599E1,1.195923065E1,5.444627838E0
6.549346154E1,2.633503601E1,1.309716431E1,6.303990784E0
6.550348954E1,2.213985992E1,1.343905334E1,5.961502991E0
6.551351654E1,1.825633575E1,1.310749283E1,4.583318939E0
6.552354354E1,1.494237717E1,1.221010895E1,2.763852539E0
6.553357154E1,1.190369614E1,1.108998825E1,9.644444275E-1
6.554359854E1,9.085805969E0,1.004456223E1,-3.885919189E-1
6.555362654E1,6.593638458E0,9.226363678E0,-1.027014313E0
6.556365354E1,4.737498322E0,9.042246552E0,-8.907975769E-1
6.557368154E1,3.483406219E0,7.536677399E0,2.918930054E-2
6.558370854E1,2.026635590E0,6.283483429E0,1.237326965E0
6.559373654E1,4.019142151E-1,6.646927643E0,2.303859100E0
6.560376354E1,-7.550299072E-1,6.892716522E0,3.645818481E0
6.561379054E1,-1.746268616E0,6.761289825E0,4.584366760E0
6.562381854E1,-2.600242767E0,6.761888580E0,5.238356781E0
6.563384554E1,-3.160377960E0,7.002438354E0,5.687273254E0
6.564387354E1,-3.505410461E0,7.154073029E0,5.901777191E0
6.565390054E1,-3.626209259E0,7.141349487E0,5.989794159E0
6.566392854E1,-3.499123535E0,7.072941742E0,5.874234467E0
6.567395554E1,-3.290158081E0,6.774761810E0,5.563630371E0
6.568398254E1,-2.832260284E0,6.690936127E0,5.259313202E0
6.569401054E1,-1.733545074E0,7.100035400E0,5.136867828E0
6.570403754E1,-2.095642090E-3,7.767198029E0,4.856500854E0
6.571406554E1,2.172731781E0,8.528215485E0,4.445455627E0
6.572409254E1,4.433330841E0,9.468560028E0,4.139192505E0
6.573412054E1,6.741231537E0,1.088356750E1,4.313280487E0
6.574414754E1,8.681496735E0,1.239871674E1,4.715494080E0
6.575417554E1,1.031220566E1,1.375519592E1,5.296735382E0
6.576420254E1,1.205323517E1,1.476514572E1,6.224057007E0
6.577422954E1,1.438164322E1,1.528336807E1,6.994953918E0
6.578425754E1,1.717243973E1,1.509640686E1,6.892267456E0
6.579428454E1,2.013193542E1,1.433104843E1,5.598956909E0
6.580431254E1,2.266392014E1,1.335163513E1,2.868035889E0
6.581433954E1,2.291988785E1,1.174023605E1,-9.310638428E-2
6.582436754E1,2.155083481E1,1.050710037E1,-1.903890839E0
6.583439454E1,2.139216476E1,1.019619690E1,-2.326462097E0
6.584442254E1,2.238085876E1,9.875413971E0,-1.789828033E0
6.585444954E1,2.265688477E1,8.849746857E0,-8.137078857E-1
6.586447629E1,2.109293701E1,6.921157379E0,3.370989990E-1
6.587450429E1,1.804961563E1,4.398752747E0,1.446591797E0
6.588453129E1,1.428958466E1,1.996997223E0,2.287093964E0
6.589455929E1,1.085228256E1,1.157093811E-1,2.665956116E0
6.590458629E1,8.081095276E0,-1.298549652E0,2.656974792E0
6.591461429E1,6.102809143E0,-2.365081787E0,2.488125916E0
6.592464129E1,4.997208252E0,-3.212020569E0,2.248773651E0
6.593466829E1,4.531376953E0,-4.023932190E0,1.828896790E0
6.594469629E1,4.454137573E0,-4.825814667E0,1.050964508E0
6.595472329E1,4.502936096E0,-5.610482941E0,-1.495390320E-1
6.596475129E1,4.194427643E0,-6.582411804E0,-1.819017334E0
6.597477829E1,3.053799591E0,-7.474706268E0,-3.699257355E0
6.598480629E1,1.339863739E0,-7.793094177E0,-5.722001038E0
6.599483329E1,-7.572752380E-1,-7.697892151E0,-7.435936890E0
6.600486129E1,-2.801125031E0,-7.563321991E0,-8.349636841E0
6.601488829E1,-3.830684052E0,-7.514972534E0,-8.438252563E0
6.602491529E1,-3.306025085E0,-7.481591949E0,-7.906857605E0
6.603494329E1,-1.314716034E0,-7.285050659E0,-7.139702911E0
6.604497029E1,1.431323547E0,-6.909182281E0,-6.416706390E0
6.605499829E1,4.315675507E0,-5.865851898E0,-5.990991669E0
6.606502529E1,6.379433899E0,-4.393363953E0,-6.044729919E0
6.607505329E1,6.684349823E0,-3.173550568E0,-6.363566895E0
6.608508029E1,5.529351654E0,-1.995650024E0,-6.303990784E0
6.609510829E1,5.681136017E0,3.799099731E-1,-4.459376678E0
6.610513529E1,9.398954773E0,4.212090912E0,-9.388476562E-1
6.611516229E1,1.729069382E1,8.241860962E0,2.351460114E0
6.612519029E1,2.791290482E1,1.194530960E1,4.801565094E0
6.613521729E1,3.620595932E1,1.480945358E1,5.243446198E0
6.614524529E1,3.876907928E1,1.646980087E1,3.309767303E0
6.615527229E1,3.599594604E1,1.778825912E1,1.080752563E0
6.616530029E1,3.031451065E1,1.839734253E1,-3.861968994E-1
6.617532729E1,2.459280899E1,1.742376709E1,-1.557062073E0
6.618535429E1,2.012265472E1,1.557151886E1,-2.593806152E0
6.619538229E1,1.649973862E1,1.364263000E1,-3.496129761E0
6.620540929E1,1.305330551E1,1.176059372E1,-4.007765808E0
6.621543729E1,9.603728943E0,1.000639160E1,-3.984713745E0
6.622546429E1,6.333778839E0,8.494086456E0,-3.335513763E0
6.623549229E1,3.572770386E0,7.132966919E0,-2.130818939E0
6.624551929E1,1.325194244E0,5.770949249E0,-5.366340637E-1
6.625554729E1,-5.321434021E-1,4.815785522E0,1.409019928E0
6.626557429E1,-2.125579834E0,4.395908661E0,3.536845093E0
6.627560129E1,-3.353775787E0,4.189637604E0,5.410349121E0
6.628562929E1,-4.179159393E0,4.120780792E0,6.894363098E0
6.629565629E1,-4.821773071E0,4.111949158E0,7.630532227E0
6.630568429E1,-5.279371490E0,4.204307098E0,7.710915070E0
6.631571129E1,-5.594915314E0,4.469256134E0,7.187004547E0
6.632573929E1,-5.918692017E0,4.715793457E0,6.254144440E0
6.633576629E1,-6.106850739E0,4.840334473E0,5.182522888E0
6.634579429E1,-6.222410431E0,4.933141479E0,4.276007996E0
6.635582129E1,-5.941444702E0,5.171445923E0,3.767066345E0
6.636584829E1,-5.119503937E0,5.884413300E0,3.837420044E0
6.637587629E1,-3.612886963E0,7.109765167E0,4.186194763E0
6.638590329E1,-1.049018555E0,8.782087555E0,4.676874390E0
6.639593129E1,2.296524353E0,1.118758530E1,5.083428955E0
6.640595829E1,5.901028748E0,1.375789032E1,5.244943085E0
6.641598629E1,9.216783600E0,1.622356293E1,5.676645355E0
6.642601329E1,1.220202576E1,1.850886063E1,6.872957611E0
6.643604029E1,1.476694199E1,2.008852570E1,8.427175598E0
6.644606829E1,1.735910156E1,2.091839996E1,9.726473694E0
6.645609529E1,2.025602737E1,2.034254745E1,9.532926178E0
6.646612329E1,2.233909561E1,1.836800354E1,7.353907471E0
6.647615029E1,2.279849030E1,1.648581757E1,4.405788116E0
6.648617829E1,2.192775101E1,1.484043915E1,1.824855194E0
6.649620529E1,2.025243484E1,1.359278366E1,-3.257226562E-1
6.650623229E1,1.862831223E1,1.263492554E1,-1.966610413E0
6.651626029E1,1.743589188E1,1.151016449E1,-2.928809509E0
6.652628729E1,1.608569962E1,9.861492920E0,-3.063978424E0
6.653631529E1,1.425500656E1,7.900570679E0,-2.362387390E0
6.654634229E1,1.198168396E1,6.007906494E0,-1.266516266E0
6.655637029E1,9.774074707E0,4.139791260E0,-1.017883301E-1
6.656639729E1,8.030650177E0,2.492466888E0,1.144070892E0
6.657642529E1,6.805897064E0,1.118324432E0,2.394420776E0
6.658645229E1,6.051166534E0,-1.058299255E-1,3.378474426E0
6.659647929E1,5.497767334E0,-1.486109619E0,3.673510895E0
6.660650729E1,5.113516388E0,-2.830314331E0,3.335813141E0
6.661653429E1,4.733307037E0,-4.015998688E0,2.484084320E0
6.662656229E1,4.384382629E0,-5.002746735E0,1.405577087E0
6.663658929E1,3.948938141E0,-5.835465088E0,1.990859985E-1
6.664661729E1,3.336411896E0,-6.626120911E0,-1.175505524E0
6.665664429E1,2.338886261E0,-7.349416809E0,-2.610720978E0
6.666667129E1,8.647517395E-1,-7.744595032E0,-4.045187988E0
6.667669929E1,-7.735913086E-1,-7.915988617E0,-5.241500244E0
6.668672629E1,-1.954785004E0,-7.923323364E0,-6.105054474E0
6.669675429E1,-2.063758392E0,-7.900720367E0,-6.631809082E0
6.670678129E1,-1.096619568E0,-7.674840088E0,-6.859635315E0
6.671680929E1,9.385482788E-1,-7.260501709E0,-6.917415161E0
6.672683629E1,3.632645874E0,-6.729855194E0,-6.885232086E0
6.673686329E1,6.270011444E0,-5.755231934E0,-6.953190765E0
6.674689129E1,7.987090759E0,-4.247267761E0,-7.309599609E0
6.675691829E1,8.497678986E0,-2.430795135E0,-7.834707642E0
6.676694629E1,7.907456360E0,-5.665718079E-1,-7.786208496E0
6.677697329E1,8.921747131E0,2.543959808E0,-5.876629486E0
6.678700129E1,1.427805862E1,7.034471741E0,-2.962489471E0
6.679702829E1,2.289009979E1,1.108639572E1,-7.481442261E-1
6.680705629E1,3.094080826E1,1.377046417E1,2.582130432E-1
6.681708329E1,3.501593399E1,1.533770508E1,-5.433700562E-2
6.682711029E1,3.376962570E1,1.664239197E1,-6.285429382E-1
6.683713829E1,2.899275925E1,1.811937057E1,-2.225871277E-1
6.684716529E1,2.374856461E1,1.814676361E1,2.010319519E-1
6.685719329E1,1.955069412E1,1.671903259E1,-9.535171509E-2
6.686721954E1,1.607911331E1,1.518412445E1,-7.924520874E-1
6.687724754E1,1.285676422E1,1.389590332E1,-1.436412964E0
6.688727454E1,9.863139496E0,1.277069321E1,-1.785636749E0
6.689730154E1,7.215894470E0,1.160162430E1,-1.551074524E0
6.690732954E1,4.975503387E0,1.035322037E1,-6.719526672E-1
6.691735654E1,3.108286285E0,9.279952240E0,6.589297485E-1
6.692738454E1,1.552421722E0,8.478967896E0,2.275717621E0
6.693741154E1,3.203338623E-1,7.946375427E0,3.838617554E0
6.694743954E1,-6.486012268E-1,7.699389038E0,4.905449066E0
6.695746654E1,-1.376537476E0,7.704927521E0,5.492079163E0
6.696749354E1,-2.031275940E0,7.649842072E0,5.731730804E0
6.697752154E1,-2.660866699E0,7.415279846E0,5.711373138E0
6.698754854E1,-3.302282867E0,7.295379181E0,5.360802155E0
6.699757654E1,-3.885769501E0,7.134314117E0,4.775369568E0
6.700760354E1,-4.112248535E0,6.939269714E0,4.208498383E0
6.701763154E1,-3.857328644E0,6.767127686E0,3.835324402E0
6.702765854E1,-3.052302704E0,6.733298035E0,3.802243195E0
6.703768554E1,-2.453697510E0,6.882687378E0,3.992647247E0
6.704771354E1,-1.888323212E0,7.163204041E0,4.234993286E0
6.705774054E1,-9.961784363E-1,7.599247284E0,4.374652863E0
6.706776854E1,9.386979675E-1,8.588839417E0,4.141737213E0
6.707779554E1,3.523971863E0,9.926757202E0,3.570974121E0
6.708782354E1,5.915249176E0,1.118249588E1,3.106789398E0
6.709785054E1,7.783214722E0,1.262818954E1,3.290008392E0
6.710787854E1,9.505682831E0,1.429467407E1,4.005370789E0
6.711790554E1,1.193752579E1,1.599992798E1,4.861290894E0
6.712793254E1,1.547017960E1,1.732302658E1,5.361251221E0
6.713796054E1,1.956177109E1,1.795950302E1,4.877157898E0
6.714798754E1,2.252979904E1,1.746118927E1,2.959944763E0
6.715801554E1,2.303200470E1,1.603076385E1,2.155517578E-2
6.716804254E1,2.138243500E1,1.391012375E1,-2.768193512E0
6.717807054E1,1.887455017E1,1.224812988E1,-4.285288696E0
6.718809754E1,1.667592224E1,1.137679184E1,-4.930447083E0
6.719812454E1,1.553499481E1,1.072878937E1,-5.072950745E0
6.720815254E1,1.516720963E1,9.720186768E0,-4.375850372E0
6.721817954E1,1.440005493E1,8.223000183E0,-2.822829895E0
6.722820754E1,1.282143768E1,6.744973755E0,-1.059796143E0
6.723823454E1,1.055679703E1,5.208568726E0,2.555186462E-1
6.724826254E1,8.278085632E0,3.766467590E0,1.312770081E0
6.725828954E1,6.420598297E0,2.649340668E0,2.312690735E0
6.726831654E1,5.280119934E0,1.721869354E0,3.159629517E0
6.727834454E1,4.838538208E0,8.026309204E-1,3.611988831E0
6.728837154E1,4.728816376E0,-2.347119141E-1,3.466491394E0
6.729839954E1,4.755011902E0,-1.346300354E0,2.788850555E0
6.730842654E1,4.950655060E0,-2.160606995E0,1.858984222E0
6.731845454E1,5.167703705E0,-2.756817169E0,8.921447754E-1
6.732848154E1,5.260361023E0,-3.523073730E0,-9.101074219E-2
6.733850854E1,4.980592804E0,-4.546495514E0,-1.043629761E0
6.734853654E1,3.952830048E0,-5.688770142E0,-1.709445190E0
6.735856354E1,2.214195557E0,-6.592291260E0,-2.048340454E0
6.736859154E1,1.648072815E-1,-7.142696686E0,-2.226470032E0
6.737861854E1,-1.811383209E0,-7.577243042E0,-2.326761475E0
6.738864654E1,-2.732717285E0,-7.720046082E0,-2.274370422E0
6.739867354E1,-1.889820099E0,-7.550897827E0,-2.258204041E0
6.740870054E1,4.644841003E-1,-7.383246460E0,-2.702779541E0
6.741872854E1,3.415447540E0,-7.122937775E0,-3.583547974E0
6.742875554E1,5.887706451E0,-6.387517090E0,-4.861440582E0
6.743878354E1,7.246430969E0,-5.031786346E0,-6.326743469E0
6.744881054E1,6.828500061E0,-3.182232513E0,-7.385791168E0
6.745883854E1,6.587501221E0,-8.382568359E-2,-6.976691895E0
6.746886554E1,9.573641510E0,4.916076965E0,-4.596641235E0
6.747889254E1,1.713846039E1,1.100017502E1,-1.887275391E0
6.748892054E1,2.882286255E1,1.648222504E1,-1.091829529E0
6.749894754E1,3.962020935E1,2.008837601E1,-3.094065857E0
6.750897554E1,4.407255066E1,2.197804642E1,-6.192322998E0
6.751900254E1,4.024770447E1,2.284444473E1,-7.729326782E0
6.752903054E1,3.154345505E1,2.243070511E1,-7.088808746E0
6.753905754E1,2.319980576E1,2.059432388E1,-5.942791901E0
6.754908454E1,1.662308212E1,1.785726562E1,-5.410498810E0
6.755911254E1,1.216415451E1,1.534294418E1,-5.142855377E0
6.756913954E1,9.105864258E0,1.320149734E1,-4.676575012E0
6.757916754E1,6.699169006E0,1.121602615E1,-4.002227325E0
6.758919454E1,4.631069641E0,9.226962433E0,-2.925516357E0
6.759922254E1,2.585423584E0,7.464228058E0,-1.257684631E0
6.760924954E1,6.677613831E-1,6.104904785E0,7.012916565E-1
6.761927654E1,-1.003962250E0,4.995861053E0,2.863096161E0
6.762930454E1,-2.500400391E0,3.991000671E0,4.987777863E0
6.763933154E1,-3.845054169E0,3.352727966E0,6.581064606E0
6.764935954E1,-4.858596497E0,3.143612823E0,7.446864166E0
6.765938654E1,-5.532794495E0,2.885100403E0,7.425907745E0
6.766941354E1,-5.935157776E0,2.683320007E0,6.755451965E0
6.767944154E1,-6.067482605E0,2.678080902E0,5.926176453E0
6.768946854E1,-6.119125214E0,2.573747864E0,5.125341797E0
6.769949654E1,-6.114335175E0,2.395019531E0,4.568799133E0
6.770952354E1,-6.223607941E0,2.331701202E0,4.250111847E0
6.771955154E1,-6.334976349E0,2.486030273E0,4.015399933E0
6.772957854E1,-6.028114471E0,3.173251190E0,3.596421204E0
6.773960554E1,-5.273683319E0,4.162394257E0,3.148552551E0
6.774963354E1,-4.005520477E0,5.331014099E0,2.860701141E0
6.775966054E1,-2.088906097E0,6.726861420E0,2.817740479E0
6.776968854E1,2.900967407E-1,8.625363464E0,3.052901459E0
6.777971554E1,2.790497131E0,1.099673218E1,3.303929443E0
6.778974354E1,4.648583221E0,1.373932892E1,3.856729889E0
6.779977054E1,6.402485962E0,1.706196945E1,5.282215576E0
6.780979754E1,9.139993286E0,2.062306412E1,7.417824554E0
6.781982554E1,1.360221405E1,2.378164581E1,9.383985901E0
6.782985254E1,1.910806458E1,2.530906952E1,9.522148590E0
6.783988054E1,2.379616562E1,2.477587830E1,6.995552673E0
6.784990754E1,2.579885101E1,2.303035812E1,3.221900024E0
6.785993454E1,2.496688110E1,2.083202957E1,8.681945801E-2
6.786996296E1,2.241843063E1,1.863699417E1,-1.649869080E0
6.787998996E1,1.910177765E1,1.659778473E1,-2.410437469E0
6.789001796E1,1.609662689E1,1.433359314E1,-2.822081451E0
6.790004496E1,1.381656830E1,1.182555862E1,-2.659369812E0
6.791007296E1,1.169113815E1,9.400451660E0,-1.904339905E0
6.792009996E1,9.458830261E0,7.388934631E0,-1.009949799E0
6.793012696E1,7.431146851E0,5.695955200E0,-1.547781372E-1
6.794015496E1,6.147566071E0,4.265529785E0,7.131170654E-1
6.795018196E1,5.692662048E0,3.094963989E0,1.386716309E0
6.796020996E1,5.633535004E0,1.954934692E0,1.719624023E0
6.797023696E1,5.675896912E0,7.021897888E-1,1.651365967E0
6.798026496E1,5.539530487E0,-7.146139526E-1,1.429377594E0
6.799029196E1,5.028642883E0,-2.248623962E0,1.081501007E0
6.800031896E1,4.353247375E0,-3.849095764E0,6.170169067E-1
6.801034696E1,3.699556732E0,-5.276377716E0,1.709445190E-1
6.802037396E1,2.992726593E0,-6.446644135E0,-4.270619202E-1
6.803040196E1,2.051932983E0,-7.424560547E0,-1.239272919E0
6.804042896E1,7.840695190E-1,-8.157436523E0,-2.086960144E0
6.805045596E1,-8.792715454E-1,-8.572673035E0,-2.749033356E0
6.806048396E1,-2.156565399E0,-8.655301208E0,-3.356170807E0
6.807051096E1,-2.310295715E0,-8.490344238E0,-3.850442963E0
6.808053896E1,-1.379830627E0,-8.352181549E0,-4.299060059E0
6.809056596E1,6.888674927E-1,-7.935148773E0,-4.830305328E0
6.810059396E1,3.186872864E0,-7.307803345E0,-5.532345428E0
6.811062096E1,5.587281189E0,-6.287824402E0,-6.189628601E0
6.812064796E1,7.022047577E0,-4.843777313E0,-6.851701813E0
6.813067596E1,6.928941193E0,-3.124602356E0,-7.088209991E0
6.814070296E1,6.729256439E0,-3.300636292E-1,-6.280489655E0
6.815073096E1,8.961115265E0,4.125121765E0,-4.765639801E0
6.816075796E1,1.487591537E1,9.211843872E0,-3.038381653E0
6.817078496E1,2.315998856E1,1.314476532E1,-1.896107025E0
6.818081296E1,3.098766083E1,1.584754486E1,-1.533710632E0
6.819083996E1,3.539793961E1,1.794692917E1,-1.516945496E0
6.820086796E1,3.497851181E1,1.944366669E1,-1.001267853E0
6.821089496E1,3.098062546E1,2.062007034E1,6.120771790E-1
6.822092296E1,2.548630096E1,2.062066910E1,2.143841858E0
6.823094996E1,2.010723679E1,1.940474762E1,2.390977936E0
6.824097696E1,1.588212296E1,1.767060379E1,1.610051880E0
6.825100496E1,1.243299545E1,1.566746933E1,6.063890076E-1
6.826103196E1,8.985514526E0,1.379665970E1,-4.460723877E-2
6.827105996E1,5.648653564E0,1.231578918E1,2.170486450E-2
6.828108696E1,3.049159241E0,1.114207993E1,9.747729492E-1
6.829111396E1,1.317410431E0,1.028645920E1,2.247875519E0
6.830114196E1,3.252735901E-1,9.352700958E0,3.378025360E0
6.831116896E1,-1.528321838E-1,8.356372833E0,4.346810760E0
6.832119696E1,-5.336402893E-1,8.451874237E0,5.194947052E0
6.833122396E1,-5.360353088E-1,8.355624390E0,5.664221191E0
6.834125096E1,-7.192543030E-1,7.985294495E0,5.283113708E0
6.835127896E1,-1.536854095E0,7.720794525E0,4.469854889E0
6.836130596E1,-2.774480438E0,7.423512726E0,3.734434204E0
6.837133396E1,-3.841012573E0,6.957531738E0,3.428320770E0
6.838136096E1,-4.307292938E0,6.423292694E0,3.395988007E0
6.839138896E1,-4.319866791E0,6.035898285E0,3.391497345E0
6.840141596E1,-3.984114990E0,5.956413574E0,3.174448700E0
6.841144296E1,-3.643573151E0,6.020929413E0,2.825224915E0
6.842147096E1,-2.959944763E0,6.270759888E0,2.708916779E0
6.843149796E1,-1.739682312E0,6.814579010E0,2.919079742E0
6.844152596E1,2.395019531E-1,7.786956940E0,3.173550568E0
6.845155296E1,2.321672058E0,9.178163910E0,3.173101501E0
6.846157996E1,4.024381256E0,1.053509216E1,2.934198303E0
6.847160796E1,5.193749542E0,1.193378357E1,3.084785156E0
6.848163496E1,5.871839447E0,1.377600266E1,4.127367096E0
6.849166296E1,7.624394989E0,1.619182892E1,6.193670197E0
6.850168996E1,1.230111969E1,1.864702332E1,8.288414154E0
6.851171696E1,1.893682068E1,2.050960007E1,8.778794403E0
6.852174496E1,2.427546890E1,2.036994049E1,6.521338806E0
6.853177196E1,2.627890274E1,1.827010712E1,2.687810669E0
6.854179996E1,2.492811172E1,1.582329529E1,-6.581813049E-1
6.855182696E1,2.184227875E1,1.430335602E1,-2.702031097E0
6.856185396E1,1.878653320E1,1.353455475E1,-3.773952026E0
6.857188196E1,1.703712112E1,1.249317032E1,-4.190236359E0
6.858190896E1,1.619467300E1,1.077534256E1,-3.898343353E0
6.859193696E1,1.506721756E1,8.725205841E0,-2.906206512E0
6.860196396E1,1.300211197E1,6.848558350E0,-1.394051056E0
6.861199096E1,1.049542465E1,5.109474792E0,3.540138245E-1
6.862201896E1,8.431366882E0,3.537743225E0,2.236499176E0
6.863204596E1,7.010222168E0,2.235750732E0,3.876039734E0
6.864207396E1,6.205944672E0,1.213676147E0,5.023104401E0
6.865210096E1,6.004763031E0,3.026705933E-1,5.230123901E0
6.866212896E1,6.111640778E0,-6.270460510E-1,4.355043640E0
6.867215596E1,6.279741211E0,-1.511556702E0,2.931054840E0
6.868218296E1,6.466552734E0,-2.400857391E0,1.559157715E0
6.869221096E1,6.300547943E0,-3.433410187E0,3.115022278E-1
6.870223796E1,5.770799561E0,-4.531227264E0,-8.913963318E-1
6.871226596E1,4.834346924E0,-5.575306091E0,-1.998793488E0
6.872229296E1,3.355422363E0,-6.336772614E0,-2.937641144E0
6.873231996E1,1.562899933E0,-6.978937225E0,-3.660487976E0
6.874234796E1,-2.664459229E-1,-7.530540161E0,-4.215833130E0
6.875237496E1,-1.972597961E0,-7.986492004E0,-4.573439484E0
6.876240296E1,-2.833158417E0,-8.077652435E0,-4.606820068E0
6.877242996E1,-2.335892487E0,-7.813002777E0,-4.621489563E0
6.878245696E1,-3.203338623E-1,-7.450606384E0,-5.002597046E0
6.879248496E1,2.244582367E0,-6.820267181E0,-5.673052826E0
6.880251196E1,4.340673523E0,-5.963299255E0,-6.444698181E0
6.881253996E1,5.407954102E0,-4.919070740E0,-7.200476532E0
6.882256696E1,5.239703979E0,-3.304079132E0,-7.554340668E0
6.883259396E1,5.086123352E0,-3.038681030E-1,-6.733747101E0
6.884262196E1,7.695347443E0,4.549638977E0,-4.486021271E0
6.885264896E1,1.451845871E1,1.002570145E1,-1.585353241E0
6.886267696E1,2.278606613E1,1.392329636E1,-2.155517578E-1
6.887270367E1,2.960618362E1,1.586056778E1,-1.547182617E0
6.888273067E1,3.480741760E1,1.745520172E1,-3.923790436E0
6.889275867E1,3.724075745E1,1.949575836E1,-6.043532410E0
6.890278567E1,3.487313095E1,2.038715469E1,-7.825576630E0
6.891281367E1,2.899904617E1,1.970173004E1,-8.263266449E0
6.892284067E1,2.220033417E1,1.814990707E1,-7.391928406E0
6.893286767E1,1.607013199E1,1.622461075E1,-6.461014252E0
6.894289567E1,1.132919083E1,1.410576691E1,-5.878575439E0
6.895292267E1,7.715405731E0,1.207359283E1,-5.240452423E0
6.896295067E1,4.887486420E0,1.029020142E1,-4.099225616E0
6.897297767E1,2.647245026E0,8.778045959E0,-2.457140350E0
6.898300467E1,8.866062927E-1,7.654781799E0,-4.405339050E-1
6.899303267E1,-4.321513367E-1,6.889423370E0,1.640887756E0
6.900305967E1,-1.439406738E0,6.384673004E0,3.503165131E0
6.901308767E1,-2.030078430E0,6.224206696E0,4.909939728E0
6.902311467E1,-2.325863342E0,6.239025879E0,5.611530762E0
6.903314167E1,-2.398312683E0,5.994135132E0,5.582940216E0
6.904316967E1,-2.840343475E0,5.503754883E0,5.202431488E0
6.905319667E1,-3.528163147E0,5.080285492E0,4.811444550E0
6.906322467E1,-4.244273987E0,4.676874390E0,4.614005127E0
6.907325167E1,-4.841082916E0,4.266128540E0,4.622687073E0
6.908327967E1,-4.844974823E0,3.918401642E0,4.643344116E0
6.909330667E1,-4.608466644E0,3.741768951E0,4.529431000E0
6.910333367E1,-4.173620911E0,3.767365723E0,4.202510834E0
6.911336167E1,-3.301983490E0,4.060456238E0,3.693569183E0
6.912338867E1,-2.341880035E0,4.667893066E0,3.302432556E0
6.913341667E1,-9.204359436E-1,5.703739014E0,2.946921844E0
6.914344367E1,7.177574158E-1,7.217690735E0,2.614014130E0
6.915347067E1,2.239792328E0,9.078920288E0,2.493963776E0
6.916349867E1,3.404370575E0,1.112306946E1,2.912343750E0
6.917352567E1,4.999603271E0,1.340522369E1,4.215683441E0
6.918355367E1,8.570128326E0,1.586341187E1,5.902974701E0
6.919358067E1,1.353859634E1,1.793240936E1,6.239624634E0
6.920360767E1,1.795052170E1,1.875405075E1,4.321064301E0
6.921363567E1,2.026036835E1,1.824720474E1,1.030307465E0
6.922366267E1,2.036365356E1,1.693129120E1,-2.461780701E0
6.923369067E1,1.958602066E1,1.564351913E1,-5.356461182E0
6.924371767E1,1.912063843E1,1.527797928E1,-7.365882568E0
6.925374467E1,1.939097626E1,1.495225662E1,-8.412206726E0
6.926377267E1,1.975457016E1,1.399140472E1,-8.417894897E0
6.927379967E1,1.932945419E1,1.234048782E1,-7.540419617E0
6.928382767E1,1.804751999E1,1.040635986E1,-5.988896027E0
6.929385467E1,1.572674606E1,8.444090424E0,-4.133654022E0
6.930388167E1,1.318922287E1,6.617588654E0,-2.318079529E0
6.931390967E1,1.095332245E1,5.008584595E0,-8.334667969E-1
6.932393667E1,9.302405548E0,3.572920074E0,1.902543640E-1
6.933396467E1,8.148305511E0,2.139650574E0,7.355703735E-1
6.934399167E1,7.449109497E0,8.198451233E-1,8.631051636E-1
6.935401867E1,7.025191040E0,-3.727249146E-1,5.875282288E-1
6.936404667E1,6.617588654E0,-1.680255890E0,-1.332229614E-2
6.937407367E1,6.076463928E0,-3.083887024E0,-7.634124756E-1
6.938410167E1,5.161416779E0,-4.433181152E0,-1.497336273E0
6.939412867E1,3.855532379E0,-5.759722595E0,-2.142494659E0
6.940415567E1,2.007625122E0,-6.958429871E0,-2.749781799E0
6.941418367E1,-1.886077881E-1,-7.566016388E0,-3.279380493E0
6.942421067E1,-2.246378632E0,-7.493866425E0,-3.570824432E0
6.943423867E1,-3.661236420E0,-7.180867310E0,-3.807781677E0
6.944426567E1,-4.129163361E0,-6.751110992E0,-3.984863434E0
6.945429267E1,-3.238365784E0,-6.143823853E0,-4.209246826E0
6.946432067E1,-9.949809265E-1,-5.388045502E0,-4.541406097E0
6.947434767E1,1.852098541E0,-4.615202637E0,-5.005291443E0
6.948437567E1,4.159849548E0,-4.070335693E0,-5.593418427E0
6.949440267E1,5.121749268E0,-3.623664551E0,-5.935906219E0
6.950442967E1,4.896168365E0,-2.903212738E0,-5.773793335E0
6.951445767E1,4.530628510E0,-1.164129181E0,-5.041516113E0
6.952448467E1,5.809868317E0,2.208806763E0,-3.706442413E0
6.953451267E1,9.484576721E0,6.399492188E0,-2.185754700E0
6.954453967E1,1.552062469E1,1.009515701E1,-1.138382721E0
6.955456767E1,2.260733780E1,1.263342865E1,-1.479074249E0
6.956459467E1,2.802741669E1,1.435425018E1,-2.834655304E0
6.957462167E1,3.005764481E1,1.587912918E1,-3.804189148E0
6.958464967E1,2.937266922E1,1.756163040E1,-3.499422913E0
6.959467667E1,2.725382538E1,1.874731476E1,-2.560724945E0
6.960470467E1,2.448069214E1,1.856544296E1,-2.200424194E0
6.961473167E1,2.139500885E1,1.749382141E1,-2.363734589E0
6.962475867E1,1.803689209E1,1.598555786E1,-2.673141174E0
6.963478667E1,1.456920319E1,1.416354675E1,-2.943179626E0
6.964481367E1,1.101215012E1,1.229168930E1,-3.043171692E0
6.965484067E1,7.457641754E0,1.050515442E1,-2.638563080E0
6.966486867E1,4.510420532E0,8.882528687E0,-1.610800323E0
6.967489567E1,2.138153687E0,7.736362152E0,-8.068222046E-2
6.968492367E1,2.254312134E-1,6.971602478E0,1.756297760E0
6.969495067E1,-1.116378479E0,6.455775146E0,3.621419220E0
6.970497867E1,-1.776206360E0,6.172414398E0,5.240003357E0
6.971500567E1,-1.844015350E0,6.046376495E0,6.230343933E0
6.972503267E1,-1.906285858E0,6.207441559E0,6.755751343E0
6.973506067E1,-2.181862793E0,6.129902802E0,7.019053802E0
6.974508767E1,-2.823428650E0,5.767955475E0,6.855144653E0
6.975511567E1,-3.691473541E0,5.487438812E0,6.576723633E0
6.976514267E1,-4.335883484E0,5.193300476E0,6.217770081E0
6.977516967E1,-4.645140381E0,4.796176300E0,5.663622437E0
6.978519767E1,-4.600533142E0,4.789739685E0,4.972808990E0
6.979522467E1,-4.089795227E0,5.259762268E0,4.267326050E0
6.980525167E1,-2.930156708E0,5.999523926E0,3.609893188E0
6.981527967E1,-1.010398865E0,6.954837341E0,3.029100952E0
6.982530667E1,1.551523590E0,8.315657501E0,2.588716736E0
6.983533467E1,4.008663940E0,9.827812958E0,2.224823456E0
6.984536167E1,5.836512909E0,1.109702362E1,2.297272797E0
6.985538867E1,6.722670135E0,1.229228806E1,3.405867462E0
6.986541708E1,7.187752991E0,1.379067215E1,5.411846008E0
6.987544408E1,8.243058472E0,1.555969345E1,7.316185913E0
6.988547208E1,1.058463913E1,1.721540039E1,8.206384735E0
6.989549908E1,1.416339706E1,1.792088333E1,7.134912872E0
6.990552608E1,1.762420029E1,1.702334976E1,4.337080994E0
6.991555408E1,1.922452240E1,1.566941528E1,9.806108093E-1
6.992558108E1,1.905657166E1,1.450633392E1,-2.229912872E0
6.993560908E1,1.781849625E1,1.393856461E1,-4.801265717E0
6.994563608E1,1.694835571E1,1.364248032E1,-6.370602264E0
6.995566308E1,1.675435913E1,1.307486069E1,-6.838978271E0
6.996569108E1,1.636037842E1,1.184651505E1,-6.283034363E0
6.997571808E1,1.509535904E1,9.936486969E0,-5.093458099E0
6.998574608E1,1.289673111E1,7.934849396E0,-3.463946686E0
6.999577308E1,1.034289185E1,6.092779999E0,-1.636247406E0
7.000580008E1,8.058941345E0,4.445006561E0,1.272354126E-1
7.001582808E1,6.482719116E0,3.057541809E0,1.681303711E0
7.002585508E1,5.728587341E0,1.979333954E0,2.891537018E0
7.003588308E1,5.765111389E0,9.689350891E-1,3.431464233E0
7.004591008E1,6.099665680E0,-1.713935852E-1,3.109034729E0
7.005593708E1,6.280190277E0,-1.341510315E0,2.095791779E0
7.006596508E1,6.239774323E0,-2.426454163E0,8.271798706E-1
7.007599208E1,5.817502441E0,-3.538042603E0,-3.869453430E-1
7.008602008E1,4.885091400E0,-4.672383728E0,-1.528770905E0
7.009604708E1,3.557801514E0,-5.644611969E0,-2.571652222E0
7.010607408E1,1.863325195E0,-6.429729309E0,-3.551364899E0
7.011610208E1,-6.092330933E-2,-7.092101898E0,-4.159550171E0
7.012612908E1,-1.733844452E0,-7.541467438E0,-4.467759247E0
7.013615708E1,-2.453098755E0,-7.764503632E0,-4.567152557E0
7.014618408E1,-1.735341339E0,-7.732170868E0,-4.583618317E0
7.015621108E1,3.791615295E-1,-7.525450745E0,-5.041965179E0
7.016623908E1,3.300636292E0,-7.064409485E0,-5.809419250E0
7.017626608E1,6.001469879E0,-6.202950897E0,-6.540199585E0
7.018629408E1,7.938292236E0,-5.184019775E0,-7.575895844E0
7.019632108E1,8.386310577E0,-3.927532654E0,-8.398435364E0
7.020634808E1,8.426726532E0,-1.009949799E0,-7.845934296E0
7.021637608E1,1.086530548E1,3.932622070E0,-5.635780334E0
7.022640308E1,1.675570633E1,8.784781952E0,-2.978057098E0
7.023643108E1,2.510234940E1,1.186687271E1,-1.409169617E0
7.024645808E1,3.265190002E1,1.422357193E1,-9.054670715E-1
7.025648508E1,3.593143021E1,1.668176010E1,-9.376501465E-1
7.026651308E1,3.404984299E1,1.854089401E1,-1.405577087E-1
7.027654008E1,2.896955750E1,1.926269302E1,1.870210876E0
7.028656808E1,2.361893417E1,1.885763535E1,3.486250305E0
7.029659508E1,1.909653854E1,1.796653839E1,3.595523071E0
7.030662208E1,1.574425964E1,1.661035858E1,2.584226074E0
7.031665008E1,1.292202850E1,1.487875946E1,1.351090393E0
7.032667708E1,9.613758087E0,1.296783325E1,4.239184570E-1
7.033670508E1,6.201903076E0,1.120345230E1,2.405497742E-1
7.034673208E1,3.338507538E0,9.754016418E0,1.081501007E0
7.035675908E1,1.299447784E0,8.730145569E0,2.422861633E0
7.036678708E1,1.489402771E-1,8.045918427E0,3.757336578E0
7.037681408E1,-4.382885742E-1,7.595056000E0,4.784201202E0
7.038684208E1,-8.379574585E-1,7.225025482E0,5.282065887E0
7.039686908E1,-1.308129730E0,6.897955627E0,5.301076355E0
7.040689608E1,-2.131118317E0,6.599925385E0,4.893473969E0
7.041692408E1,-3.343297577E0,6.196364594E0,4.230203247E0
7.042695108E1,-4.450694733E0,5.626799011E0,3.576662292E0
7.043697908E1,-5.286706238E0,5.143454132E0,3.090772705E0
7.044700608E1,-5.936804352E0,4.789290619E0,2.778821411E0
7.045703308E1,-5.964796143E0,4.486320648E0,2.631078644E0
7.046706108E1,-5.510490875E0,4.513863373E0,2.602188721E0
7.047708808E1,-4.805756378E0,4.861739960E0,2.507585449E0
7.048711608E1,-3.523223419E0,5.517077179E0,2.483635254E0
7.049714308E1,-1.864522705E0,6.384523315E0,2.571652222E0
7.050717008E1,4.059558105E-1,7.804320831E0,2.694846039E0
7.051719808E1,2.945874023E0,9.924960938E0,2.644700317E0
7.052722508E1,5.213957520E0,1.212119385E1,2.393372955E0
7.053725308E1,6.782246246E0,1.387449783E1,2.792143707E0
7.054728008E1,7.563172302E0,1.573093735E1,4.855752411E0
7.055730708E1,8.498876495E0,1.759516068E1,7.574099579E0
7.056733508E1,1.135733231E1,1.942196182E1,9.876012726E0
7.057736208E1,1.591265945E1,2.079355957E1,1.090676926E1
7.058739008E1,2.043490540E1,2.029195267E1,9.818232880E0
7.059741708E1,2.269969574E1,1.846979187E1,7.033872986E0
7.060744408E1,2.252021896E1,1.644031219E1,3.907324677E0
7.061747208E1,2.102842117E1,1.476813950E1,1.437909851E0
7.062749908E1,1.909878387E1,1.346674576E1,-5.403762817E-1
7.063752608E1,1.775427979E1,1.204140976E1,-2.044149170E0
7.064755408E1,1.676274170E1,1.027523254E1,-2.660866699E0
7.065758108E1,1.526495636E1,8.115523682E0,-2.414029999E0
7.066760908E1,1.291544220E1,5.976022797E0,-1.608405304E0
7.067763608E1,1.018796402E1,4.072880402E0,-5.819897461E-1
7.068766408E1,7.902366943E0,2.425406342E0,5.914201355E-1
7.069769108E1,6.456972656E0,1.269510040E0,1.832339630E0
7.070771808E1,5.877826996E0,3.162922668E-1,2.738704834E0
7.071774608E1,5.802832947E0,-7.667056274E-1,2.998863831E0
7.072777308E1,5.940845947E0,-1.771715698E0,2.613265686E0
7.073780008E1,5.940995636E0,-2.546654205E0,1.798659668E0
7.074782808E1,5.655090179E0,-3.198398895E0,6.656657410E-1
7.075785508E1,5.077890472E0,-3.917653198E0,-4.851411438E-1
7.076788308E1,4.548591156E0,-4.539460144E0,-1.593436432E0
7.077791008E1,3.965703278E0,-5.178780670E0,-2.839595032E0
7.078793808E1,2.968477020E0,-5.918991394E0,-3.883224792E0
7.079796508E1,1.449735260E0,-6.606212311E0,-4.644391937E0
7.080799208E1,-2.847079468E-1,-7.152276764E0,-5.038073273E0
7.081802008E1,-1.531465302E0,-7.413633270E0,-5.080435181E0
7.082804708E1,-1.748214569E0,-7.538323975E0,-4.953948212E0
7.083807408E1,-5.996530151E-1,-7.444319458E0,-4.973258057E0
7.084810208E1,1.988914032E0,-7.064409485E0,-5.349126434E0
7.085812908E1,4.718188477E0,-6.450835419E0,-6.034700775E0
7.086815854E1,6.704408112E0,-5.657634888E0,-7.013215942E0
7.087818554E1,7.746391296E0,-4.361629944E0,-7.795938263E0
7.088821254E1,7.840695190E0,-2.191742249E0,-7.731572113E0
7.089824054E1,9.138496399E0,1.633253632E0,-6.218069458E0
7.090826754E1,1.346300354E1,6.519093475E0,-3.486998749E0
7.091829554E1,2.131043472E1,1.100840790E1,-8.804690552E-1
7.092832254E1,2.984418869E1,1.410681473E1,3.472778320E-1
7.093834954E1,3.514137314E1,1.659509033E1,2.326162720E-1
7.094837754E1,3.529525314E1,1.857247833E1,3.203338623E-2
7.095840454E1,3.103960281E1,1.986249573E1,9.755213928E-1
7.096843254E1,2.551369400E1,1.979304016E1,2.154469757E0
7.097845954E1,2.083846619E1,1.877755188E1,2.336790619E0
7.098848654E1,1.735895187E1,1.753947647E1,1.801952820E0
7.099851454E1,1.468895416E1,1.615769989E1,9.913883972E-1
7.100854154E1,1.199306030E1,1.461860046E1,1.516346741E-1
7.101856954E1,9.037007446E0,1.307321411E1,-2.803669739E-1
7.102859654E1,6.277495880E0,1.161629379E1,-9.235794067E-2
7.103862354E1,4.010310516E0,1.037342834E1,6.219566345E-1
7.104865154E1,2.470163269E0,9.302106171E0,1.611997833E0
7.105867854E1,1.322649536E0,8.337661743E0,2.527643738E0
7.106870654E1,4.528083801E-1,7.556286621E0,3.391497345E0
7.107873354E1,-1.408570862E-1,6.979985046E0,4.199367371E0
7.108876054E1,-4.517605591E-1,6.380930786E0,4.648433533E0
7.109878854E1,-8.774752808E-1,5.789360962E0,4.660109253E0
7.110881554E1,-1.728904724E0,5.180127869E0,4.319417725E0
7.111884254E1,-2.777623901E0,4.589156799E0,3.943998413E0
7.112887054E1,-3.835773468E0,4.046684875E0,3.789819031E0
7.113889754E1,-4.769082642E0,3.503614197E0,3.851341095E0
7.114892554E1,-5.323529663E0,3.090623016E0,3.973636780E0
7.115895254E1,-5.397475891E0,2.890189819E0,4.026327209E0
7.116897954E1,-5.213807831E0,2.891537018E0,4.050876160E0
7.117900754E1,-4.612508240E0,3.280578003E0,4.244872742E0
7.118903454E1,-3.558100891E0,3.851341095E0,4.496349792E0
7.119906254E1,-2.266436920E0,4.615052948E0,4.594695282E0
7.120908954E1,-3.396437073E-1,5.979615326E0,4.440066833E0
7.121911654E1,2.180066528E0,8.044870605E0,4.011058960E0
7.122914454E1,4.249962158E0,1.046623535E1,3.496728516E0
7.123917154E1,5.983656921E0,1.284778290E1,3.705843658E0
7.124919854E1,8.241112518E0,1.535641617E1,5.440137177E0
7.125922654E1,1.133053802E1,1.792133240E1,8.001460876E0
7.126925354E1,1.544967224E1,1.989827133E1,1.010638367E1
7.127928154E1,2.029000671E1,2.036200699E1,1.029978149E1
7.128930854E1,2.334560257E1,1.914863022E1,7.762258301E0
7.129933554E1,2.313573898E1,1.740176285E1,3.845952301E0
7.130936354E1,2.139860138E1,1.594574066E1,7.289840698E-1
7.131939054E1,1.970861572E1,1.502934631E1,-1.150208130E0
7.132941854E1,1.876213394E1,1.403795792E1,-2.556383972E0
7.133944554E1,1.837234451E1,1.264779877E1,-3.337908783E0
7.134947254E1,1.741807892E1,1.062625259E1,-3.212469635E0
7.135950054E1,1.535536835E1,8.474926300E0,-2.294877777E0
7.136952754E1,1.233000961E1,6.688092041E0,-9.096583557E-1
7.137955454E1,9.187594299E0,5.061574402E0,4.140390015E-1
7.138958254E1,6.873706055E0,3.692970428E0,1.671274567E0
7.139960954E1,5.617368622E0,2.756068726E0,2.699336700E0
7.140963754E1,5.384902039E0,1.977088623E0,3.242407379E0
7.141966454E1,5.817652130E0,1.187779999E0,2.962040405E0
7.142969154E1,6.520440674E0,2.598596191E-1,1.941313019E0
7.143971954E1,6.913223877E0,-7.394622803E-1,6.842271423E-1
7.144974654E1,6.574927368E0,-1.842518463E0,-7.042854309E-1
7.145977454E1,5.649851074E0,-3.075803833E0,-2.083367615E0
7.146980154E1,4.326453094E0,-4.308340759E0,-3.421135712E0
7.147982854E1,2.624342651E0,-5.520370331E0,-4.389621735E0
7.148985654E1,5.264552307E-1,-6.510112152E0,-4.890779572E0
7.149988354E1,-1.710642700E0,-7.158713379E0,-5.094655609E0
7.150991054E1,-3.538641357E0,-7.460785217E0,-4.994962921E0
7.151993854E1,-4.295766907E0,-7.706873474E0,-4.701273651E0
7.152996554E1,-3.853137360E0,-7.930807800E0,-4.544549561E0
7.153999354E1,-2.090402985E0,-7.789801025E0,-4.590653687E0
7.155002054E1,7.009922791E-1,-7.345075836E0,-4.865931244E0
7.156004754E1,3.609144745E0,-6.639742584E0,-5.303022308E0
7.157007554E1,6.080056458E0,-5.669160919E0,-6.076463928E0
7.158010254E1,6.943610687E0,-4.440066833E0,-7.123985596E0
7.159013054E1,5.825286255E0,-3.039878540E0,-7.643405457E0
7.160015754E1,5.203928375E0,-4.608915710E-1,-6.680308228E0
7.161018454E1,8.769513702E0,3.823498993E0,-4.285288696E0
7.162021254E1,1.754920624E1,8.568930817E0,-1.626218262E0
7.163023954E1,2.720547592E1,1.134026779E1,7.939489746E-1
7.164026654E1,3.399400909E1,1.174772049E1,2.367626495E0
7.165029454E1,3.851311157E1,1.261501694E1,2.967878265E0
7.166032154E1,3.831387589E1,1.469479202E1,3.548071747E0
7.167034954E1,3.397410049E1,1.664837952E1,4.320315857E0
7.168037654E1,2.822096420E1,1.695479233E1,5.189558258E0
7.169040354E1,2.301074890E1,1.580248856E1,5.565426636E0
7.170043154E1,1.918320831E1,1.431578018E1,5.220543823E0
7.171045854E1,1.626487701E1,1.277982422E1,4.127067719E0
7.172048554E1,1.355745712E1,1.118114868E1,2.566413116E0
7.173051354E1,1.030232620E1,9.484876099E0,1.050665131E0
7.174054054E1,6.588099976E0,7.921527100E0,2.201921082E-1
7.175056854E1,3.047512665E0,6.773564301E0,4.345463562E-1
7.176059554E1,2.568658447E-1,6.073470154E0,1.483714600E0
7.177062254E1,-1.406624908E0,5.532046051E0,2.828069000E0
7.178065054E1,-2.199526062E0,5.104834442E0,4.247417450E0
7.179067754E1,-2.471660156E0,4.834496613E0,5.306165771E0
7.180070454E1,-2.435435486E0,4.719086609E0,5.850134583E0
7.181073254E1,-2.488874359E0,4.729864197E0,5.909111938E0
7.182075954E1,-3.062331848E0,4.782105560E0,5.511987762E0
7.183078754E1,-4.015699310E0,4.993615723E0,4.825664978E0
7.184081454E1,-4.847818909E0,5.206024017E0,4.059707794E0
7.185084154E1,-5.308560791E0,5.204976196E0,3.410956879E0
7.186086954E1,-5.369633789E0,5.215005341E0,2.980003052E0
7.187089479E1,-5.075046387E0,5.460045776E0,2.952460327E0
7.188092279E1,-4.575086060E0,5.695805511E0,3.300935669E0
7.189094979E1,-3.830983429E0,5.985153809E0,3.588936768E0
7.190097679E1,-2.438728638E0,6.570586395E0,3.904031525E0
7.191100479E1,-2.772235107E-1,7.866890717E0,4.511468353E0
7.192103179E1,1.879641266E0,9.117689667E0,4.962480469E0
7.193105879E1,3.702101440E0,1.040336609E1,5.469775543E0
7.194108679E1,5.317242737E0,1.221235428E1,6.547534332E0
7.195111379E1,7.078031158E0,1.453447540E1,8.560997314E0
7.196114179E1,1.020278320E1,1.717887634E1,1.163665146E1
7.197116879E1,1.539758057E1,1.927332092E1,1.511077698E1
7.198119579E1,2.144754959E1,1.971819580E1,1.657293640E1
7.199122379E1,2.578313370E1,1.856753860E1,1.491378662E1
7.200125079E1,2.710114288E1,1.727347961E1,1.133203491E1
7.201127779E1,2.611110168E1,1.607417358E1,7.739804993E0
7.202130579E1,2.462439331E1,1.490600281E1,4.781207428E0
7.203133279E1,2.358345795E1,1.348949844E1,2.358345795E0
7.204136079E1,2.268996597E1,1.201132233E1,7.155120850E-1
7.205138779E1,2.127450943E1,1.015847534E1,-2.763253784E-1
7.206141479E1,1.902334076E1,7.870632935E0,-9.222322083E-1
7.207144279E1,1.612506775E1,5.596412201E0,-1.527124329E0
7.208146979E1,1.297516800E1,3.657793579E0,-1.971101074E0
7.209149679E1,1.016536102E1,2.129621429E0,-2.102527771E0
7.210152479E1,8.158334656E0,1.003662872E0,-1.756896515E0
7.211155179E1,7.029532013E0,2.245330811E-1,-1.027613068E0
7.212157979E1,6.484066315E0,-3.754193115E-1,-1.892065430E-1
7.213160679E1,6.138285370E0,-1.082698517E0,3.153941345E-1
7.214163379E1,5.852828979E0,-1.874851227E0,4.314028931E-1
7.215166179E1,5.542374573E0,-2.627037048E0,2.278262329E-1
7.216168879E1,5.085674286E0,-3.249742126E0,-7.484436035E-2
7.217171579E1,4.497846680E0,-3.793112183E0,-3.688330078E-1
7.218174379E1,3.828289032E0,-4.478387146E0,-6.285429382E-1
7.219177079E1,3.099155273E0,-5.171595612E0,-9.128018188E-1
7.220179879E1,2.176174622E0,-5.683680725E0,-1.367256775E0
7.221182579E1,1.066083069E0,-6.140381012E0,-2.011666718E0
7.222185279E1,-4.805007935E-2,-6.382577362E0,-2.726729736E0
7.223188079E1,-1.293310547E0,-6.348298645E0,-3.550167389E0
7.224190779E1,-2.646197205E0,-6.373296661E0,-4.414769440E0
7.225193579E1,-3.019221497E0,-6.329288177E0,-5.083728333E0
7.226196279E1,-1.738784180E0,-6.064339142E0,-5.226082306E0
7.227198979E1,8.345146179E-1,-5.740861816E0,-4.897365875E0
7.228201779E1,3.587739258E0,-5.162464600E0,-4.755311279E0
7.229204479E1,5.760770416E0,-4.338727570E0,-5.297633514E0
7.230207179E1,6.361171875E0,-3.241958313E0,-6.411167908E0
7.231209979E1,4.364923096E0,-2.078577576E0,-7.652386780E0
7.232212679E1,1.701511688E0,-2.939886475E-1,-7.808811493E0
7.233215479E1,2.782863007E0,2.447260895E0,-6.155798950E0
7.234218179E1,9.689350891E0,5.193300476E0,-3.466491394E0
7.235220879E1,1.916165314E1,7.516319733E0,-1.320104828E0
7.236223679E1,2.747087402E1,9.081464996E0,-6.369255066E-1
7.237226379E1,3.232123764E1,9.835746460E0,-1.653611298E0
7.238229079E1,3.208173569E1,1.017898270E1,-3.491639099E0
7.239231879E1,2.832724319E1,1.105675735E1,-4.555776215E0
7.240234579E1,2.396711014E1,1.135508698E1,-4.740641785E0
7.241237379E1,2.097243759E1,1.055290512E1,-4.652026062E0
7.242240079E1,1.903082520E1,9.384584656E0,-4.228107605E0
7.243242779E1,1.754591309E1,8.687334595E0,-3.540287933E0
7.244245579E1,1.586700439E1,8.315657501E0,-2.983445892E0
7.245248279E1,1.390593246E1,7.990084534E0,-2.604434052E0
7.246250979E1,1.172930878E1,7.689808960E0,-2.114652557E0
7.247253779E1,9.514963531E0,7.367229767E0,-1.555415497E0
7.248256479E1,7.531138916E0,7.077282715E0,-1.008901978E0
7.249259279E1,6.076613617E0,6.926246796E0,-4.318519592E-1
7.250261979E1,5.037923584E0,6.856342163E0,1.314266968E-1
7.251264679E1,4.263134766E0,6.826554108E0,6.179150391E-1
7.252267479E1,3.785178680E0,6.750811615E0,1.004261627E0
7.253270179E1,3.750001831E0,6.807393951E0,1.167721710E0
7.254272879E1,3.908372498E0,7.011719055E0,1.197360077E0
7.255275679E1,3.842958527E0,7.107819214E0,1.140628052E0
7.256278379E1,3.409160614E0,7.066654816E0,9.862989807E-1
7.257281179E1,2.806364136E0,7.184609528E0,8.815168762E-1
7.258283879E1,2.210603027E0,7.352410583E0,1.021924896E0
7.259286579E1,2.154020691E0,7.836204529E0,1.443148956E0
7.260289379E1,2.333796844E0,8.106542358E0,1.842219086E0
7.261292079E1,2.610720978E0,7.988437958E0,2.167792053E0
7.262294779E1,3.132685547E0,8.149203644E0,2.905458069E0
7.263297579E1,3.927382965E0,8.441994781E0,3.989653473E0
7.264300279E1,4.750670929E0,8.386759644E0,4.965025177E0
7.265303079E1,5.319787445E0,7.908803558E0,5.517226868E0
7.266305779E1,5.645510101E0,7.255861359E0,5.520220642E0
7.267308479E1,5.694757690E0,6.844965820E0,5.359904022E0
7.268311279E1,6.215225372E0,6.766977997E0,5.539231110E0
7.269313979E1,7.997868347E0,6.893315277E0,6.288572845E0
7.270316679E1,1.296439041E1,8.030949554E0,7.995623016E0
7.271319479E1,2.023611877E1,8.774603119E0,9.250313873E0
7.272322179E1,2.560335754E1,7.715256042E0,8.530909882E0
7.273324979E1,2.769720337E1,6.817123718E0,6.624624023E0
7.274327679E1,2.694905914E1,7.036866760E0,4.773573303E0
7.275330379E1,2.418894882E1,7.451953583E0,3.375780029E0
7.276333179E1,2.120535324E1,6.930138702E0,2.610571289E0
7.277335879E1,1.875719421E1,6.037844238E0,2.447410583E0
7.278338579E1,1.688623489E1,5.616919556E0,2.539469147E0
7.279341379E1,1.540671158E1,5.517526245E0,2.472408600E0
7.280344079E1,1.411459854E1,5.176984406E0,2.095342712E0
7.281346779E1,1.278910492E1,4.615801392E0,1.380429382E0
7.282349579E1,1.164413589E1,4.448150024E0,8.788224792E-1
7.283352279E1,1.059332108E1,4.596341858E0,9.569599915E-1
7.284355079E1,8.914861450E0,4.498744812E0,2.130220184E0
7.285357779E1,8.293054504E0,4.499792633E0,2.856958923E0
7.286360479E1,8.207282867E0,4.400549011E0,2.794688416E0
7.287363317E1,7.986492004E0,4.221820679E0,2.782713318E0
7.288366017E1,7.825876007E0,3.799249420E0,2.596650238E0
7.289368717E1,7.154971161E0,3.162772980E0,2.264341278E0
7.290371517E1,6.533313904E0,2.943928070E0,1.931732941E0
7.291374217E1,6.425687714E0,2.867287445E0,1.774260406E0
7.292377017E1,6.573430481E0,2.769241333E0,1.642234955E0
7.293379717E1,6.779402161E0,2.451601868E0,1.573976898E0
7.294382417E1,7.095694427E0,1.839375000E0,1.619631958E0
7.295385217E1,7.134912872E0,1.248403931E0,2.041005707E0
7.296387917E1,7.129374390E0,8.351133728E-1,2.285597076E0
7.297390617E1,6.024072876E0,7.095245361E-2,2.105371857E0
7.298393417E1,4.847669220E0,-4.161346436E-2,1.913321228E0
7.299396117E1,3.952380981E0,-1.263372803E-1,1.701661377E0
7.300398817E1,3.780388641E0,-2.038760376E-1,2.477048950E0
7.301401617E1,4.034260712E0,-2.775228882E-1,3.671564941E0
7.302404317E1,3.990401917E0,-9.698332214E-1,3.857628021E0
7.303407117E1,4.318220215E0,-1.762135620E0,3.966900787E0
7.304409817E1,5.580245819E0,-8.482859802E-1,4.107009430E0
7.305412517E1,6.821614380E0,-2.655477905E-1,4.869972839E0
7.306415317E1,7.696694641E0,-5.496569824E-1,5.522166595E0
7.307418017E1,7.717052307E0,-1.253643036E0,6.032305756E0
7.308420717E1,7.338489532E0,-1.546883240E0,6.385870514E0
7.309423517E1,6.991810455E0,-1.446142731E0,6.415508881E0
7.310426217E1,6.776109009E0,-1.000070343E0,6.173761597E0
7.311429017E1,6.012846222E0,-1.868115234E-1,5.990991669E0
7.312431717E1,4.944368134E0,1.193767548E0,5.658832397E0
7.313434417E1,3.932921448E0,2.533780975E0,5.551655273E0
7.314437217E1,3.170556793E0,3.179538116E0,5.661826172E0
7.315439917E1,3.951931915E0,3.612288208E0,5.205425262E0
7.316442617E1,5.523364105E0,3.660338287E0,5.518723755E0
7.317445417E1,6.462361450E0,3.397484894E0,6.215375061E0
7.318448117E1,6.975793762E0,2.589165802E0,7.089257813E0
7.319450817E1,7.041806488E0,1.325643311E0,8.003706207E0
7.320453617E1,6.597680054E0,2.874023438E-2,8.854836273E0
7.321456317E1,6.166127472E0,-9.714797974E-1,1.032013916E1
7.322459117E1,5.953120422E0,-1.109492798E0,1.046788193E1
7.323461817E1,5.494324493E0,-4.252656555E-1,1.095526840E1
7.324464517E1,5.309309235E0,8.921447754E-2,1.371687561E1
7.325467317E1,5.425467682E0,6.192622375E-1,1.454674988E1
7.326470017E1,5.239254913E0,8.608598328E-1,1.382854340E1
7.327472717E1,5.391638031E0,6.990463257E-2,1.299462753E1
7.328475517E1,4.845124512E0,-8.348139954E-1,1.281350418E1
7.329478217E1,4.217629395E0,-1.271156616E0,1.375205246E1
7.330480917E1,4.043391724E0,-1.361568604E0,1.470497086E1
7.331483717E1,3.938908997E0,-1.455573120E0,1.508712616E1
7.332486417E1,3.657943268E0,-1.378333740E0,1.468985229E1
7.333489117E1,3.144061890E0,-1.219214630E0,1.350446732E1
7.334491917E1,2.459685059E0,-1.151555328E0,1.185295166E1
7.335494617E1,1.675914917E0,-7.482939148E-1,1.032193542E1
7.336497417E1,1.301543427E0,9.954299927E-2,9.344767456E0
7.337500117E1,1.411115570E0,8.662486267E-1,9.086255035E0
7.338502817E1,1.059347076E0,5.670208740E-1,9.014105072E0
7.339505617E1,1.146615601E0,3.351530457E-1,9.181157684E0
7.340508317E1,1.385818176E0,4.441264343E-1,9.714648285E0
7.341511017E1,8.173004150E-1,2.880010986E-1,9.795779572E0
7.342513817E1,1.588197327E-1,2.320175171E-2,9.630972290E0
7.343516517E1,-1.428030396E-1,2.815644836E-1,9.572593689E0
7.344519217E1,-1.724414062E-1,4.824467468E-1,9.402247925E0
7.345522017E1,-3.426374817E-1,2.435435486E-1,9.176966400E0
7.346524717E1,-1.839674377E-1,2.441423035E-1,9.098379822E0
7.347527517E1,1.700463867E-1,4.501139832E-1,9.137747955E0
7.348530217E1,3.165916443E-1,6.421646118E-1,9.097781067E0
7.349532917E1,1.221459961E-1,7.563771057E-1,8.914711761E0
7.350535717E1,-2.763253784E-1,9.193881226E-1,8.460705872E0
7.351538417E1,-6.973997498E-1,1.041085052E0,7.852969666E0
7.352541117E1,-1.109642487E0,1.137185211E0,7.379354553E0
7.353543917E1,-1.306483154E0,1.262025604E0,7.320377197E0
7.354546617E1,-1.094224548E0,1.394799500E0,7.510182495E0
7.355549317E1,-5.935157776E-1,1.604962463E0,7.870932312E0
7.356552117E1,-2.844085693E-2,1.865720215E0,8.345595245E0
7.357554817E1,6.191125488E-1,1.922003174E0,9.169781342E0
7.358557517E1,4.168830872E-1,1.985620880E0,9.054371338E0
7.359560317E1,4.128414917E-1,1.866618347E0,9.009015656E0
7.360563017E1,6.387217712E-1,1.566492462E0,8.918304291E0
7.361565817E1,5.147795105E-1,1.410816193E0,8.571924591E0
7.362568517E1,1.826202393E-1,1.625918884E0,8.422235870E0
7.363571217E1,-2.213896179E-1,1.996847534E0,8.562943268E0
7.364574017E1,-4.420307922E-1,2.117496643E0,8.782087555E0
7.365576717E1,-1.086740112E-1,2.036664734E0,8.951684875E0
7.366579417E1,1.962419128E-1,2.374362488E0,8.821455688E0
7.367582217E1,7.664062500E-2,2.997217255E0,8.403225403E0
7.368584917E1,-4.281097412E-2,3.644471283E0,8.034991150E0
7.369587617E1,-3.023712158E-1,4.404590607E0,7.859256592E0
7.370590417E1,-4.451742554E-1,4.728666687E0,7.832162933E0
7.371593117E1,-5.821394348E-1,4.770130463E0,7.999365234E0
7.372595817E1,-9.845027161E-1,5.041216736E0,8.248447266E0
7.373598617E1,-1.567390594E0,5.284760284E0,8.657696228E0
7.374601317E1,-1.644929352E0,5.287903748E0,9.048084412E0
7.375604117E1,-1.285526733E0,4.971611481E0,9.588760071E0
7.376606817E1,-1.595681763E-1,3.571423187E0,9.970915375E0
7.377609517E1,9.122030640E-1,2.183509369E0,1.032597702E1
7.378612317E1,1.418001251E0,1.484313354E0,1.067849396E1
7.379615017E1,1.340761871E0,1.221609650E0,1.094194611E1
7.380617717E1,1.023571472E0,1.175655212E0,1.090093140E1
7.381620517E1,6.152206421E-1,1.272354126E0,1.068852310E1
7.382623217E1,1.905537415E-1,1.360071716E0,1.032388138E1
7.383625917E1,-8.173004150E-2,1.462309113E0,9.779164124E0
7.384628717E1,-1.941462708E-1,1.565145264E0,9.189540253E0
7.385631417E1,-2.625540161E-1,1.792073364E0,8.437204742E0
7.386634117E1,-5.216651917E-1,2.098785553E0,7.706873474E0
7.387636892E1,-8.810678101E-1,2.443219299E0,7.241640930E0
7.388639592E1,-1.078058167E0,2.794239349E0,7.247628479E0
7.389642292E1,-1.174607391E0,2.981799316E0,7.591313782E0
7.390645092E1,-1.102906494E0,3.025957489E0,8.176596680E0
7.391647792E1,-6.120771790E-1,2.973267059E0,8.844956818E0
7.392650492E1,1.686991882E-1,2.807861023E0,9.384584656E0
7.393653292E1,9.213340759E-1,2.502496033E0,9.649833069E0
7.394655992E1,1.964215393E0,1.795665894E0,9.836943970E0
7.395658792E1,2.219135284E0,2.068997498E0,1.012748978E1
7.396661492E1,2.110012207E0,2.505040741E0,1.055140823E1
7.397664192E1,1.743873596E0,2.574795685E0,1.090542206E1
7.398666992E1,1.413809967E0,2.435136108E0,1.127754822E1
7.399669692E1,1.151854706E0,2.202070770E0,1.164877625E1
7.400672392E1,9.373507690E-1,1.890269165E0,1.188812851E1
7.401675192E1,7.873626709E-1,1.605860596E0,1.198737213E1
7.402677892E1,7.047344971E-1,1.492097168E0,1.189710983E1
7.403680592E1,6.619235229E-1,1.542542267E0,1.157093811E1
7.404683392E1,6.294410706E-1,1.617087250E0,1.105750580E1
7.405686092E1,5.369334412E-1,1.798360291E0,1.053613998E1
7.406688792E1,4.773573303E-1,2.001637573E0,1.012000534E1
7.407691592E1,5.219645691E-1,2.363584900E0,9.933792572E0
7.408694292E1,6.412664795E-1,2.698737946E0,9.894873505E0
7.409696992E1,6.483018494E-1,2.982996826E0,9.914931793E0
7.410699792E1,5.499563599E-1,3.107837219E0,9.931247864E0
7.411702492E1,5.586383057E-1,3.025957489E0,9.914782104E0
7.412705192E1,5.584886169E-1,2.849624176E0,9.749076691E0
7.413707992E1,6.541397095E-1,2.683469696E0,9.385033722E0
7.414710692E1,6.089337158E-1,2.684367828E0,8.913663940E0
7.415713392E1,6.830296326E-1,2.755769348E0,8.625662842E0
7.416716192E1,7.767347717E-1,2.903063049E0,8.568332062E0
7.417718892E1,7.354206848E-1,3.063379669E0,8.621172180E0
7.418721592E1,5.105882263E-1,3.236270142E0,8.678652649E0
7.419724392E1,4.640350342E-1,3.297792206E0,8.709937592E0
7.420727092E1,4.314028931E-1,3.342399445E0,8.684340820E0
7.421729892E1,3.396437073E-1,3.375929718E0,8.475225677E0
7.422732592E1,3.694317627E-1,3.409459991E0,8.143216095E0
7.423735292E1,5.110372925E-1,3.502266998E0,7.885003052E0
7.424738092E1,6.363267517E-1,3.622616730E0,7.788004761E0
7.425740792E1,6.646179199E-1,3.653452606E0,7.821385345E0
7.426743492E1,6.785389709E-1,3.623814240E0,8.006999359E0
7.427746292E1,4.246669006E-1,3.678300934E0,8.245154114E0
7.428748992E1,2.743794250E-1,3.611839142E0,8.470884705E0
7.429751692E1,3.264710999E-1,3.534150696E0,8.657995605E0
7.430754492E1,4.351451111E-1,3.480113068E0,8.798104248E0
7.431757192E1,5.388793945E-1,3.425925751E0,8.800050201E0
7.432759892E1,5.774990845E-1,3.447630615E0,8.722212067E0
7.433762692E1,4.921765137E-1,3.543132019E0,8.639284515E0
7.434765392E1,3.562591553E-1,3.632945251E0,8.570727081E0
7.435768092E1,2.534230042E-1,3.689228210E0,8.493338013E0
7.436770892E1,1.703457642E-1,3.729494476E0,8.454119568E0
7.437773592E1,2.047741699E-1,3.722459106E0,8.418194275E0
7.438776292E1,2.195933533E-1,3.682043152E0,8.412356415E0
7.439779092E1,1.398092651E-1,3.568130035E0,8.456364899E0
7.440781792E1,-7.783813477E-3,3.426524506E0,8.590036926E0
7.441784492E1,-5.298980713E-2,3.351680145E0,8.799152069E0
7.442787292E1,-4.191284180E-2,3.306773529E0,8.999435577E0
7.443789992E1,1.145118713E-1,3.279230804E0,9.183253326E0
7.444792692E1,2.261796570E-1,3.250789948E0,9.335337067E0
7.445795492E1,2.585124207E-1,3.223845978E0,9.346264343E0
7.446798192E1,2.272274780E-1,3.166814575E0,9.284442902E0
7.447800992E1,1.703457642E-1,3.156336365E0,9.188043365E0
7.448803692E1,9.879455566E-2,3.199746094E0,9.141789551E0
7.449806392E1,6.122268677E-2,3.278482361E0,9.180109863E0
7.450809192E1,1.829196167E-1,3.351380768E0,9.235794067E0
7.451811892E1,3.073109436E-1,3.280727692E0,9.371561737E0
7.452814592E1,3.585044861E-1,3.187022552E0,9.533824310E0
7.453817392E1,3.059637451E-1,3.182681580E0,9.593849487E0
7.454820092E1,9.265731812E-2,3.216511230E0,9.602381744E0
7.455822792E1,-1.998344421E-1,3.250041504E0,9.604627075E0
7.456825592E1,-3.427871704E-1,3.240311737E0,9.631421356E0
7.457828292E1,-4.203259277E-1,3.102897491E0,9.707313538E0
7.458830992E1,-3.752696228E-1,2.858306122E0,9.948462067E0
7.459833792E1,-1.104702759E-1,2.591411133E0,1.038435562E1
7.460836492E1,7.963439941E-2,2.479893036E0,1.063822769E1
7.461839192E1,1.047821045E-2,2.496658173E0,1.049542465E1
7.462841992E1,-3.335064697E-1,2.654879150E0,1.023631348E1
7.463844692E1,-7.493417358E-1,2.959046631E0,9.959089966E0
7.464847392E1,-1.018032990E0,3.114124146E0,9.721384277E0
7.465850192E1,-1.336570587E0,3.171305237E0,9.381590881E0
7.466852892E1,-1.668580170E0,3.218457184E0,8.949738922E0
7.467855592E1,-2.092498627E0,3.407514038E0,8.436007233E0
7.468858392E1,-2.126178589E0,3.540287933E0,7.849676514E0
7.469861092E1,-2.142494659E0,3.299738159E0,8.063432007E0
7.470863792E1,-2.144290924E0,2.956801300E0,8.575966187E0
7.471866592E1,-1.887574768E0,2.466271362E0,9.438322906E0
7.472869292E1,-1.672023010E0,2.264191589E0,1.018691620E1
7.473871992E1,-1.625020752E0,2.389481049E0,1.030023056E1
7.474874792E1,-1.823807373E0,2.606978760E0,1.000549347E1
7.475877492E1,-2.212548981E0,2.748883667E0,9.528285828E0
7.476880192E1,-2.510579224E0,2.717149658E0,9.009165344E0
7.477882992E1,-2.654280396E0,2.714006195E0,8.692424011E0
7.478885692E1,-2.589315491E0,2.739902344E0,8.540040894E0
7.479888392E1,-2.402803345E0,2.697690125E0,8.597521362E0
7.480891192E1,-2.264191589E0,2.715652771E0,8.560697937E0
7.481893892E1,-2.356250153E0,2.737657013E0,8.336763611E0
7.482896592E1,-2.625989227E0,2.821482697E0,8.180338898E0
7.483899392E1,-2.841391296E0,2.854563904E0,8.214467926E0
7.484902092E1,-2.944077759E0,2.835703125E0,8.401129761E0
7.485904792E1,-2.838547211E0,2.769540710E0,8.789422302E0
7.486907583E1,-2.605631561E0,2.653382263E0,9.416767731E0
7.487910283E1,-2.523602142E0,2.559527435E0,9.840237122E0
7.488912983E1,-2.720293121E0,2.545905762E0,9.896669769E0
7.489915783E1,-3.038980408E0,2.653382263E0,9.682914276E0
7.490918483E1,-3.260669403E0,2.789898376E0,9.310189362E0
7.491921183E1,-3.358416138E0,2.931354218E0,8.968450012E0
7.492923983E1,-3.325933685E0,2.966531067E0,8.795260162E0
7.493926683E1,-3.217409363E0,2.920277252E0,8.793164520E0
7.494929383E1,-3.135978699E0,2.845283203E0,8.914113007E0
7.495932183E1,-3.181783447E0,2.844534760E0,8.977131958E0
7.496934883E1,-3.250939636E0,2.881058807E0,9.006321259E0
7.497937583E1,-3.297642517E0,2.976709900E0,8.951535187E0
7.498940383E1,-3.254382477E0,3.039279785E0,8.874894562E0
7.499943083E1,-3.255130920E0,3.101699982E0,8.778495026E0
7.500945783E1,-3.394790497E0,3.200344849E0,8.637937317E0
7.501948583E1,-3.428021393E0,3.147654419E0,8.648864594E0
7.502951283E1,-3.379821625E0,3.072959747E0,8.922794952E0
7.503953983E1,-3.368744659E0,3.025508423E0,9.336384888E0
7.504956783E1,-3.359913025E0,3.100801849E0,9.690548401E0
7.505959483E1,-3.423979797E0,3.285368042E0,9.695937195E0
7.506962183E1,-3.485352173E0,3.423081665E0,9.459578705E0
7.507964983E1,-3.398981781E0,3.500321045E0,9.192234650E0
7.508967683E1,-3.197201385E0,3.348536682E0,8.878038025E0
7.509970383E1,-3.084635468E0,3.129841461E0,8.572523346E0
7.510973183E1,-3.189417572E0,3.019520874E0,8.347391510E0
7.511975883E1,-3.672463074E0,3.234024811E0,8.165819092E0
7.512978583E1,-4.110302582E0,3.525618439E0,8.073910217E0
7.513981383E1,-4.351301422E0,3.713926849E0,7.900720367E0
7.514984083E1,-4.521048431E0,3.808380432E0,7.680079193E0
7.515986783E1,-4.373605042E0,3.508553925E0,7.542814636E0
7.516989583E1,-4.236340485E0,3.200793915E0,7.466024323E0
7.517992283E1,-4.357139282E0,3.134781189E0,7.331005096E0
7.518994983E1,-4.549339600E0,3.254083099E0,7.309449921E0
7.519997783E1,-4.591102753E0,3.383863220E0,7.476652222E0
7.521000483E1,-4.437522125E0,3.347339172E0,7.808212738E0
7.522003183E1,-4.264182587E0,3.228336639E0,8.227790222E0
7.523005983E1,-4.200115814E0,3.142115936E0,8.612789612E0
7.524008683E1,-4.330195312E0,3.187920685E0,8.691525879E0
7.525011383E1,-4.471950531E0,3.236719208E0,8.506211243E0
7.526014183E1,-4.477788391E0,3.260819092E0,8.231831818E0
7.527016883E1,-4.447102203E0,3.224295044E0,8.050259399E0
7.528019583E1,-4.359234924E0,3.302582245E0,7.981701965E0
7.529022383E1,-4.285588074E0,3.404220886E0,8.062833252E0
7.530025083E1,-4.206702118E0,3.502716064E0,8.143814850E0
7.531027783E1,-4.229604492E0,3.556903381E0,8.206235046E0
7.532030583E1,-4.295317841E0,3.541186066E0,8.169112244E0
7.533033283E1,-4.366569672E0,3.512146454E0,8.020321655E0
7.534035983E1,-4.431534576E0,3.495381317E0,7.888745270E0
7.535038783E1,-4.459077301E0,3.504362640E0,7.900271301E0
7.536041483E1,-4.423601074E0,3.527265015E0,8.057893524E0
7.537044183E1,-4.397255859E0,3.465293884E0,8.264613647E0
7.538046983E1,-4.426445160E0,3.439098358E0,8.397836609E0
7.539049683E1,-4.518653412E0,3.526516571E0,8.415350189E0
7.540052383E1,-4.608616333E0,3.594475250E0,8.252189484E0
7.541055083E1,-4.640350342E0,3.652704163E0,8.048313446E0
7.542057883E1,-4.633015594E0,3.660188599E0,7.904911652E0
7.543060583E1,-4.614903259E0,3.694467316E0,7.836503906E0
7.544063283E1,-4.535418549E0,3.682043152E0,7.950417023E0
7.545066083E1,-4.613855438E0,3.798800354E0,8.101602631E0
7.546068783E1,-4.706363068E0,3.831432495E0,8.082143097E0
7.547071483E1,-4.760999451E0,3.668720856E0,7.972570953E0
7.548074283E1,-4.788093109E0,3.588787079E0,7.923922119E0
7.549076983E1,-4.813989258E0,3.552113342E0,8.007149048E0
7.550079683E1,-4.786895599E0,3.565735016E0,8.093220062E0
7.551082483E1,-4.700375519E0,3.664828949E0,8.066874847E0
7.552085183E1,-4.603077850E0,3.754642181E0,7.971223755E0
7.553087883E1,-4.513414307E0,3.794459381E0,7.934250641E0
7.554090683E1,-4.565655670E0,3.751648407E0,7.862699432E0
7.555093383E1,-4.685107269E0,3.703897705E0,7.804470520E0
7.556096083E1,-4.731959839E0,3.702700195E0,7.748486938E0
7.557098883E1,-4.697681122E0,3.670816498E0,7.636519775E0
7.558101583E1,-4.562512207E0,3.664529572E0,7.685318298E0
7.559104283E1,-4.412823486E0,3.765120392E0,7.814649353E0
7.560107083E1,-4.390370178E0,3.913461914E0,7.792495422E0
7.561109783E1,-4.432133331E0,3.975582733E0,7.582182770E0
7.562112483E1,-4.517455902E0,3.907923431E0,7.362290039E0
7.563115283E1,-4.633165283E0,3.883075104E0,6.769822083E0
7.564117983E1,-4.900958405E0,3.896696777E0,6.467301178E0
7.565120683E1,-4.874762878E0,3.818259888E0,6.974745941E0
7.566123483E1,-4.733307037E0,3.790417786E0,7.453899536E0
7.567126183E1,-4.503983917E0,3.870650940E0,7.698490906E0
7.568128883E1,-4.272265778E0,3.945644989E0,7.589816895E0
7.569131683E1,-4.352648621E0,3.878285065E0,7.398065643E0
7.570134383E1,-4.459226990E0,3.827241211E0,7.336842957E0
7.571137083E1,-4.588258667E0,3.814966736E0,7.514673157E0
7.572139883E1,-4.718787231E0,3.750899963E0,7.701784058E0
7.573142583E1,-4.866080933E0,3.714375916E0,7.723488922E0
7.574145283E1,-4.944817200E0,3.792962494E0,7.414232025E0