id,Route8,distance,angle,Z_1
,Run8,0,350.389320330878,304.536010742188
,Run8,1,350.389320330878,304.513000488281
,Run8,2,350.389320330878,304.441009521484
,Run8,3,350.389320330878,304.372009277344
,Run8,4,350.389320330878,304.555023193359
,Run8,5,350.389320330878,304.542022705078
,Run8,6,350.389320330878,304.527008056641
,Run8,7,350.389320330878,304.521026611328
,Run8,8,350.389320330878,304.502014160156
,Run8,9,350.389320330878,304.533020019531
,Run8,10,350.389320330878,304.60302734375
,Run8,11,350.389320330878,304.558013916016
,Run8,12,350.389320330878,304.599029541016
,Run8,13,350.389320330878,304.5830078125
,Run8,14,350.389320330878,304.555023193359
,Run8,15,350.389320330878,304.490020751953
,Run8,16,350.389320330878,304.601013183594
,Run8,17,350.389320330878,304.571014404297
,Run8,18,350.389320330878,304.576019287109
,Run8,19,350.389320330878,304.508026123047
,Run8,20,350.389320330878,304.467010498047
,Run8,21,350.389320330878,304.439025878906
,Run8,22,350.389320330878,304.632019042969
,Run8,23,350.389320330878,304.618011474609
,Run8,24,350.389320330878,304.588012695312
,Run8,25,350.389320330878,304.563018798828
,Run8,26,350.389320330878,304.560028076172
,Run8,27,350.389320330878,304.523010253906
,Run8,28,350.389320330878,304.623016357422
,Run8,29,350.389320330878,304.631011962891
,Run8,30,350.389320330878,304.622009277344
,Run8,31,350.389320330878,304.569000244141
,Run8,32,350.389320330878,304.539001464844
,Run8,33,350.389320330878,304.472015380859
,Run8,34,350.389320330878,304.620025634766
,Run8,35,350.389320330878,304.607025146484
,Run8,36,350.389320330878,304.607025146484
,Run8,37,350.389320330878,304.596008300781
,Run8,38,350.389320330878,304.535003662109
,Run8,39,350.389320330878,304.535003662109
,Run8,40,350.389320330878,304.633026123047
,Run8,41,350.389320330878,304.626007080078
,Run8,42,350.389320330878,304.641021728516
,Run8,43,350.389320330878,304.631011962891
,Run8,44,350.389320330878,304.595001220703
,Run8,45,350.389320330878,304.555999755859
,Run8,46,350.389320330878,304.632019042969
,Run8,47,350.389320330878,304.652008056641
,Run8,48,350.389320330878,304.649017333984
,Run8,49,350.389320330878,304.638000488281
,Run8,50,350.389320330878,304.64501953125
,Run8,51,350.389320330878,304.608001708984
,Run8,52,350.389320330878,304.644012451172
,Run8,53,350.389320330878,304.672027587891
,Run8,54,350.389320330878,304.639007568359
,Run8,55,350.389320330878,304.641021728516
,Run8,56,350.389320330878,304.650024414062
,Run8,57,350.389320330878,304.6240234375
,Run8,58,350.389320330878,304.673004150391
,Run8,59,350.389320330878,304.695007324219
,Run8,60,350.389320330878,304.690002441406
,Run8,61,350.389320330878,304.679016113281
,Run8,62,350.389320330878,304.685028076172
,Run8,63,350.389320330878,304.653015136719
,Run8,64,350.389320330878,304.714019775391
,Run8,65,350.389320330878,304.703002929688
,Run8,66,350.389320330878,304.693023681641
,Run8,67,350.389320330878,304.696014404297
,Run8,68,350.389320330878,304.702026367188
,Run8,69,350.389320330878,304.679016113281
,Run8,70,350.389320330878,304.731018066406
,Run8,71,350.389320330878,304.688018798828
,Run8,72,350.389320330878,304.718017578125
,Run8,73,350.389320330878,304.719024658203
,Run8,74,350.389320330878,304.700012207031
,Run8,75,350.389320330878,304.678009033203
,Run8,76,350.389320330878,304.705017089844
,Run8,77,350.389320330878,304.710021972656
,Run8,78,350.389320330878,304.696014404297
,Run8,79,350.389320330878,304.715026855469
,Run8,80,350.389320330878,304.697021484375
,Run8,81,350.389320330878,304.710021972656
,Run8,82,350.389320330878,304.705017089844
,Run8,83,350.389320330878,304.720001220703
,Run8,84,350.389320330878,304.7080078125
,Run8,85,350.389320330878,304.712005615234
,Run8,86,350.389320330878,304.678009033203
,Run8,87,350.389320330878,304.679016113281
,Run8,88,350.389320330878,304.706024169922
,Run8,89,350.389320330878,304.709014892578
,Run8,90,350.389320330878,304.684020996094
,Run8,91,350.389320330878,304.694000244141
,Run8,92,350.389320330878,304.672027587891
,Run8,93,350.389320330878,304.631011962891
,Run8,94,350.389320330878,304.689025878906
,Run8,95,350.389320330878,304.676025390625
,Run8,96,350.389320330878,304.689025878906
,Run8,97,350.389320330878,304.68701171875
,Run8,98,350.389320330878,304.657012939453
,Run8,99,350.389320330878,304.595001220703
,Run8,100,350.389320330878,304.661010742188
,Run8,101,350.389320330878,304.688018798828
,Run8,102,350.389320330878,304.692016601562
,Run8,103,350.389320330878,304.684020996094
,Run8,104,350.389320330878,304.659027099609
,Run8,105,350.389320330878,304.596008300781
,Run8,106,350.389320330878,304.682006835938
,Run8,107,350.389320330878,304.693023681641
,Run8,108,350.389320330878,304.680999755859
,Run8,109,350.389320330878,304.689025878906
,Run8,110,350.389320330878,304.689025878906
,Run8,111,350.389320330878,304.653015136719
,Run8,112,350.389320330878,304.660003662109
,Run8,113,350.389320330878,304.685028076172
,Run8,114,350.389320330878,304.683013916016
,Run8,115,350.389320330878,304.680023193359
,Run8,116,350.389320330878,304.68701171875
,Run8,117,350.389320330878,304.663024902344
,Run8,118,350.389320330878,304.674011230469
,Run8,119,350.389320330878,304.68701171875
,Run8,120,350.389320330878,304.684020996094
,Run8,121,350.389320330878,304.663024902344
,Run8,122,350.389320330878,304.689025878906
,Run8,123,350.389320330878,304.663024902344
,Run8,124,350.389320330878,304.688018798828
,Run8,125,350.389320330878,304.673004150391
,Run8,126,350.389320330878,304.679016113281
,Run8,127,350.389320330878,304.663024902344
,Run8,128,350.389320330878,304.675018310547
,Run8,129,350.389320330878,304.677001953125
,Run8,130,350.389320330878,304.660003662109
,Run8,131,350.389320330878,304.656005859375
,Run8,132,350.389320330878,304.659027099609
,Run8,133,350.389320330878,304.683013916016
,Run8,134,350.389320330878,304.689025878906
,Run8,135,350.389320330878,304.661010742188
,Run8,136,350.389320330878,304.673004150391
,Run8,137,350.389320330878,304.689025878906
,Run8,138,350.389320330878,304.659027099609
,Run8,139,350.389320330878,304.678009033203
,Run8,140,350.389320330878,304.665008544922
,Run8,141,350.389320330878,304.678009033203
,Run8,142,350.389320330878,304.673004150391
,Run8,143,350.389320330878,304.669006347656
,Run8,144,350.389320330878,304.653015136719
,Run8,145,350.389320330878,304.663024902344
,Run8,146,350.389320330878,304.673004150391
,Run8,147,350.389320330878,304.666015625
,Run8,148,350.389320330878,304.680999755859
,Run8,149,350.389320330878,304.680023193359
,Run8,150,350.389320330878,304.680999755859
,Run8,151,350.389320330878,304.680023193359
,Run8,152,350.389320330878,304.699005126953
,Run8,153,350.389320330878,304.678009033203
,Run8,154,350.389320330878,304.676025390625
,Run8,155,350.389320330878,304.683013916016
,Run8,156,350.389320330878,304.682006835938
,Run8,157,350.389320330878,304.695007324219
,Run8,158,350.389320330878,304.680023193359
,Run8,159,350.389320330878,304.674011230469
,Run8,160,350.389320330878,304.688018798828
,Run8,161,350.389320330878,304.699005126953
,Run8,162,350.389320330878,304.720001220703
,Run8,163,350.389320330878,304.732025146484
,Run8,164,350.389320330878,304.705017089844
,Run8,165,350.389320330878,304.707000732422
,Run8,166,350.389320330878,304.699005126953
,Run8,167,350.389320330878,304.725006103516
,Run8,168,350.389320330878,304.713012695312
,Run8,169,350.389320330878,304.723022460938
,Run8,170,350.389320330878,304.724029541016
,Run8,171,350.389320330878,304.741027832031
,Run8,172,350.389320330878,304.748016357422
,Run8,173,350.389320330878,304.739013671875
,Run8,174,350.389320330878,304.743011474609
,Run8,175,350.389320330878,304.775024414062
,Run8,176,350.389320330878,304.766021728516
,Run8,177,350.389320330878,304.739013671875
,Run8,178,350.389320330878,304.736022949219
,Run8,179,350.389320330878,304.736999511719
,Run8,180,350.389320330878,304.736999511719
,Run8,181,350.389320330878,304.736999511719
,Run8,182,350.389320330878,304.7080078125
,Run8,183,350.389320330878,304.711029052734
,Run8,184,350.389320330878,304.685028076172
,Run8,185,350.389320330878,304.630004882812
,Run8,186,350.389320330878,304.615020751953
,Run8,187,350.389320330878,304.602020263672
,Run8,188,350.389320330878,304.594024658203
,Run8,189,350.389320330878,304.581024169922
,Run8,190,350.389320330878,304.541015625
,Run8,191,350.389320330878,304.523010253906
,Run8,192,350.389320330878,304.218017578125
,Run8,193,350.389320330878,303.814025878906
,Run8,194,350.389320330878,303.394012451172
,Run8,195,350.389320330878,303.568023681641
,Run8,196,350.389320330878,304.051025390625
,Run8,197,350.389320330878,304.530029296875
,Run8,198,350.389320330878,304.548004150391
,Run8,199,350.389320330878,304.574005126953
,Run8,200,350.389320330878,304.60400390625
,Run8,201,350.389320330878,304.626007080078
,Run8,202,350.389320330878,304.636016845703
,Run8,203,350.389320330878,304.637023925781
,Run8,204,350.389320330878,304.648010253906
,Run8,205,350.389320330878,304.674011230469
,Run8,206,350.389320330878,304.717010498047
,Run8,207,350.389320330878,304.704010009766
,Run8,208,350.389320330878,304.702026367188
,Run8,209,350.389320330878,304.720001220703
,Run8,210,350.389320330878,304.719024658203
,Run8,211,350.389320330878,304.731018066406
,Run8,212,350.389320330878,304.741027832031
,Run8,213,350.389320330878,304.769012451172
,Run8,214,350.389320330878,304.765014648438
,Run8,215,350.389320330878,304.755004882812
,Run8,216,350.389320330878,304.75
,Run8,217,350.389320330878,304.747009277344
,Run8,218,350.389320330878,304.756011962891
,Run8,219,350.389320330878,304.779022216797
,Run8,220,350.389320330878,304.7490234375
,Run8,221,350.389320330878,304.7490234375
,Run8,222,350.389320330878,304.760009765625
,Run8,223,350.389320330878,304.763000488281
,Run8,224,350.389320330878,304.778015136719
,Run8,225,350.389320330878,304.783020019531
,Run8,226,350.389320330878,304.785003662109
,Run8,227,350.389320330878,304.778015136719
,Run8,228,350.389320330878,304.771026611328
,Run8,229,350.389320330878,304.780029296875
,Run8,230,350.389320330878,304.765014648438
,Run8,231,350.389320330878,304.781005859375
,Run8,232,350.389320330878,304.805999755859
,Run8,233,350.389320330878,304.792999267578
,Run8,234,350.389320330878,304.785003662109
,Run8,235,350.389320330878,304.799011230469
,Run8,236,350.389320330878,304.787017822266
,Run8,237,350.389320330878,304.813018798828
,Run8,238,350.389320330878,304.813018798828
,Run8,239,350.389320330878,304.814025878906
,Run8,240,350.389320330878,304.801025390625
,Run8,241,350.389320330878,304.796020507812
,Run8,242,350.389320330878,304.786010742188
,Run8,243,350.389320330878,304.81201171875
,Run8,244,350.389320330878,304.818023681641
,Run8,245,350.389320330878,304.819000244141
,Run8,246,350.389320330878,304.81201171875
,Run8,247,350.389320330878,304.808013916016
,Run8,248,350.389320330878,304.802001953125
,Run8,249,350.389320330878,304.834014892578
,Run8,250,350.389320330878,304.813018798828
,Run8,251,350.389320330878,304.840026855469
,Run8,252,350.389320330878,304.805023193359
,Run8,253,350.389320330878,304.805023193359
,Run8,254,350.389320330878,304.807006835938
,Run8,255,350.389320330878,304.836029052734
,Run8,256,350.389320330878,304.830017089844
,Run8,257,350.389320330878,304.822021484375
,Run8,258,350.389320330878,304.802001953125
,Run8,259,350.389320330878,304.815002441406
,Run8,260,350.389320330878,304.788024902344
,Run8,261,350.389320330878,304.823028564453
,Run8,262,350.389320330878,304.837005615234
,Run8,263,350.389320330878,304.835021972656
,Run8,264,350.389320330878,304.816009521484
,Run8,265,350.389320330878,304.817016601562
,Run8,266,350.389320330878,304.822021484375
,Run8,267,350.389320330878,304.838012695312
,Run8,268,350.389320330878,304.831024169922
,Run8,269,350.389320330878,304.805999755859
,Run8,270,350.389320330878,304.830017089844
,Run8,271,350.389320330878,304.828002929688
,Run8,272,350.389320330878,304.798004150391
,Run8,273,350.389320330878,304.830017089844
,Run8,274,350.389320330878,304.820007324219
,Run8,275,350.389320330878,304.846008300781
,Run8,276,350.389320330878,304.813018798828
,Run8,277,350.389320330878,304.829010009766
,Run8,278,350.389320330878,304.805023193359
,Run8,279,350.389320330878,304.861022949219
,Run8,280,350.389320330878,304.813018798828
,Run8,281,350.389320330878,304.834014892578
,Run8,282,350.389320330878,304.814025878906
,Run8,283,350.389320330878,304.818023681641
,Run8,284,350.389320330878,304.805023193359
,Run8,285,350.389320330878,304.835021972656
,Run8,286,350.389320330878,304.841003417969
,Run8,287,350.389320330878,304.828002929688
,Run8,288,350.389320330878,304.818023681641
,Run8,289,350.389320330878,304.825012207031
,Run8,290,350.389320330878,304.808013916016
,Run8,291,350.389320330878,304.839019775391
,Run8,292,350.389320330878,304.844024658203
,Run8,293,350.389320330878,304.844024658203
,Run8,294,350.389320330878,304.8330078125
,Run8,295,350.389320330878,304.8330078125
,Run8,296,350.389320330878,304.815002441406
,Run8,297,350.389320330878,304.847015380859
,Run8,298,350.389320330878,304.848022460938
,Run8,299,351.384351815858,304.844024658203
,Run8,300,351.384351815858,304.825012207031
,Run8,301,351.384351815858,304.842010498047
,Run8,302,351.384351815858,304.836029052734
,Run8,303,351.384351815858,304.849029541016
,Run8,304,351.384351815858,304.868011474609
,Run8,305,351.384351815858,304.85400390625
,Run8,306,351.384351815858,304.845001220703
,Run8,307,351.384351815858,304.855010986328
,Run8,308,351.384351815858,304.836029052734
,Run8,309,351.384351815858,304.841003417969
,Run8,310,351.384351815858,304.883026123047
,Run8,311,351.384351815858,304.861022949219
,Run8,312,351.384351815858,304.85400390625
,Run8,313,351.384351815858,304.835021972656
,Run8,314,351.384351815858,304.863006591797
,Run8,315,351.384351815858,304.841003417969
,Run8,316,351.384351815858,304.844024658203
,Run8,317,351.384351815858,304.868011474609
,Run8,318,351.384351815858,304.863006591797
,Run8,319,351.384351815858,304.850006103516
,Run8,320,351.384351815858,304.855010986328
,Run8,321,351.384351815858,304.835021972656
,Run8,322,351.384351815858,304.843017578125
,Run8,323,351.384351815858,304.815002441406
,Run8,324,351.384351815858,304.870025634766
,Run8,325,351.384351815858,304.848022460938
,Run8,326,351.384351815858,304.861022949219
,Run8,327,351.384351815858,304.839019775391
,Run8,328,351.384351815858,304.820007324219
,Run8,329,351.384351815858,304.798004150391
,Run8,330,351.384351815858,304.89501953125
,Run8,331,351.384351815858,304.885009765625
,Run8,332,351.384351815858,304.85302734375
,Run8,333,351.384351815858,304.860015869141
,Run8,334,351.384351815858,304.867004394531
,Run8,335,351.384351815858,304.837005615234
,Run8,336,351.384351815858,304.848022460938
,Run8,337,351.384351815858,304.856018066406
,Run8,338,351.384351815858,304.844024658203
,Run8,339,351.384351815858,304.843017578125
,Run8,340,351.384351815858,304.827026367188
,Run8,341,351.384351815858,304.826019287109
,Run8,342,351.384351815858,304.81201171875
,Run8,343,351.384351815858,304.819000244141
,Run8,344,351.384351815858,304.823028564453
,Run8,345,351.384351815858,304.852020263672
,Run8,346,351.384351815858,304.845001220703
,Run8,347,351.384351815858,304.860015869141
,Run8,348,351.384351815858,304.810028076172
,Run8,349,351.384351815858,304.816009521484
,Run8,350,351.384351815858,304.861999511719
,Run8,351,351.384351815858,304.861022949219
,Run8,352,351.384351815858,304.863006591797
,Run8,353,351.384351815858,304.856018066406
,Run8,354,351.384351815858,304.846008300781
,Run8,355,351.384351815858,304.837005615234
,Run8,356,351.384351815858,304.832000732422
,Run8,357,351.384351815858,304.866027832031
,Run8,358,351.384351815858,304.857025146484
,Run8,359,351.384351815858,304.815002441406
,Run8,360,351.384351815858,304.834014892578
,Run8,361,351.384351815858,304.8330078125
,Run8,362,351.384351815858,304.838012695312
,Run8,363,351.384351815858,304.81201171875
,Run8,364,351.384351815858,304.842010498047
,Run8,365,351.384351815858,304.825012207031
,Run8,366,351.384351815858,304.828002929688
,Run8,367,351.384351815858,304.8330078125
,Run8,368,351.384351815858,304.815002441406
,Run8,369,351.384351815858,304.814025878906
,Run8,370,351.384351815858,304.845001220703
,Run8,371,351.384351815858,304.831024169922
,Run8,372,351.384351815858,304.815002441406
,Run8,373,351.384351815858,304.823028564453
,Run8,374,351.384351815858,304.792999267578
,Run8,375,351.384351815858,304.823028564453
,Run8,376,351.384351815858,304.799011230469
,Run8,377,351.384351815858,304.846008300781
,Run8,378,351.384351815858,304.826019287109
,Run8,379,351.384351815858,304.817016601562
,Run8,380,351.384351815858,304.802001953125
,Run8,381,351.384351815858,304.810028076172
,Run8,382,351.384351815858,304.815002441406
,Run8,383,351.384351815858,304.816009521484
,Run8,384,351.384351815858,304.809020996094
,Run8,385,351.384351815858,304.811004638672
,Run8,386,351.384351815858,304.817016601562
,Run8,387,351.384351815858,304.825012207031
,Run8,388,351.384351815858,304.832000732422
,Run8,389,351.384351815858,304.844024658203
,Run8,390,351.384351815858,304.824005126953
,Run8,391,351.384351815858,304.827026367188
,Run8,392,351.384351815858,304.842010498047
,Run8,393,351.384351815858,304.835021972656
,Run8,394,351.384351815858,304.802001953125
,Run8,395,351.384351815858,304.824005126953
,Run8,396,351.384351815858,304.797027587891
,Run8,397,351.384351815858,304.827026367188
,Run8,398,351.384351815858,304.815002441406
,Run8,399,351.384351815858,304.822021484375
,Run8,400,351.384351815858,304.819000244141
,Run8,401,351.384351815858,304.816009521484
,Run8,402,351.384351815858,304.780029296875
,Run8,403,351.384351815858,304.751007080078
,Run8,404,351.384351815858,304.819000244141
,Run8,405,351.384351815858,304.818023681641
,Run8,406,351.384351815858,304.81201171875
,Run8,407,351.384351815858,304.816009521484
,Run8,408,351.384351815858,304.805023193359
,Run8,409,351.384351815858,304.755004882812
,Run8,410,351.384351815858,304.816009521484
,Run8,411,351.384351815858,304.829010009766
,Run8,412,351.384351815858,304.846008300781
,Run8,413,351.384351815858,304.81201171875
,Run8,414,351.384351815858,304.794006347656
,Run8,415,351.384351815858,304.766021728516
,Run8,416,351.384351815858,304.726013183594
,Run8,417,351.384351815858,304.836029052734
,Run8,418,351.384351815858,304.836029052734
,Run8,419,351.384351815858,304.836029052734
,Run8,420,351.384351815858,304.848022460938
,Run8,421,351.384351815858,304.801025390625
,Run8,422,351.384351815858,304.760009765625
,Run8,423,351.384351815858,304.717010498047
,Run8,424,351.384351815858,304.8330078125
,Run8,425,351.384351815858,304.836029052734
,Run8,426,351.384351815858,304.823028564453
,Run8,427,351.384351815858,304.819000244141
,Run8,428,351.384351815858,304.780029296875
,Run8,429,351.384351815858,304.759002685547
,Run8,430,351.384351815858,304.831024169922
,Run8,431,351.384351815858,304.829010009766
,Run8,432,351.384351815858,304.842010498047
,Run8,433,351.384351815858,304.815002441406
,Run8,434,351.384351815858,304.797027587891
,Run8,435,351.384351815858,304.741027832031
,Run8,436,351.384351815858,304.715026855469
,Run8,437,351.384351815858,304.863006591797
,Run8,438,351.384351815858,304.85302734375
,Run8,439,351.384351815858,304.823028564453
,Run8,440,351.384351815858,304.809020996094
,Run8,441,351.384351815858,304.781005859375
,Run8,442,351.384351815858,304.726013183594
,Run8,443,351.384351815858,304.652008056641
,Run8,444,351.384351815858,304.868011474609
,Run8,445,351.384351815858,304.839019775391
,Run8,446,351.384351815858,304.810028076172
,Run8,447,351.384351815858,304.797027587891
,Run8,448,351.384351815858,304.751007080078
,Run8,449,351.384351815858,304.697021484375
,Run8,450,351.384351815858,304.631011962891
,Run8,451,351.384351815858,304.843017578125
,Run8,452,351.384351815858,304.780029296875
,Run8,453,351.384351815858,304.780029296875
,Run8,454,351.384351815858,304.727020263672
,Run8,455,351.384351815858,304.682006835938
,Run8,456,351.384351815858,304.626007080078
,Run8,457,350.672385489376,304.826019287109
,Run8,458,350.672385489376,304.802001953125
,Run8,459,350.672385489376,304.755004882812
,Run8,460,350.672385489376,304.703002929688
,Run8,461,350.672385489376,304.653015136719
,Run8,462,350.672385489376,304.600006103516
,Run8,463,350.672385489376,304.801025390625
,Run8,464,350.672385489376,304.759002685547
,Run8,465,350.672385489376,304.753021240234
,Run8,466,350.672385489376,304.719024658203
,Run8,467,350.672385489376,304.647003173828
,Run8,468,350.672385489376,304.602020263672
,Run8,469,350.672385489376,304.748016357422
,Run8,470,350.672385489376,304.75
,Run8,471,350.672385489376,304.723022460938
,Run8,472,350.672385489376,304.701019287109
,Run8,473,350.672385489376,304.656005859375
,Run8,474,350.672385489376,304.571014404297
,Run8,475,350.672385489376,304.536010742188
,Run8,476,350.672385489376,304.726013183594
,Run8,477,350.672385489376,304.7080078125
,Run8,478,350.672385489376,304.693023681641
,Run8,479,350.672385489376,304.654022216797
,Run8,480,350.672385489376,304.606018066406
,Run8,481,350.672385489376,304.570007324219
,Run8,482,350.672385489376,304.677001953125
,Run8,483,350.672385489376,304.678009033203
,Run8,484,350.672385489376,304.680999755859
,Run8,485,350.672385489376,304.649017333984
,Run8,486,350.672385489376,304.591003417969
,Run8,487,350.672385489376,304.548004150391
,Run8,488,350.672385489376,304.655029296875
,Run8,489,350.672385489376,304.651000976562
,Run8,490,350.672385489376,304.638000488281
,Run8,491,350.672385489376,304.657012939453
,Run8,492,350.672385489376,304.607025146484
,Run8,493,350.672385489376,304.566009521484
,Run8,494,350.672385489376,304.621002197266
,Run8,495,350.672385489376,304.617004394531
,Run8,496,350.672385489376,304.594024658203
,Run8,497,350.672385489376,304.570007324219
,Run8,498,350.672385489376,304.555023193359
,Run8,499,350.672385489376,304.536010742188
,Run8,500,350.672385489376,304.559020996094
,Run8,501,350.672385489376,304.554016113281
,Run8,502,350.672385489376,304.506011962891
,Run8,503,350.672385489376,304.506011962891
,Run8,504,350.672385489376,304.455017089844
,Run8,505,350.672385489376,304.381011962891
,Run8,506,350.672385489376,304.358001708984
,Run8,507,350.672385489376,304.397003173828
,Run8,508,350.672385489376,304.383026123047
,Run8,509,350.672385489376,304.401000976562
,Run8,510,350.672385489376,304.403015136719
,Run8,511,350.672385489376,304.420013427734
,Run8,512,350.672385489376,304.421020507812
,Run8,513,350.672385489376,304.462005615234
,Run8,514,350.672385489376,304.467010498047
,Run8,515,350.672385489376,304.489013671875
,Run8,516,350.672385489376,304.519012451172
,Run8,517,350.672385489376,304.552001953125
,Run8,518,350.672385489376,304.567016601562
,Run8,519,350.672385489376,304.584014892578
,Run8,520,350.672385489376,304.584014892578
,Run8,521,350.672385489376,304.590026855469
,Run8,522,350.672385489376,304.595001220703
,Run8,523,350.672385489376,304.634002685547
,Run8,524,350.672385489376,304.592010498047
,Run8,525,350.672385489376,304.653015136719
,Run8,526,350.672385489376,304.6240234375
,Run8,527,350.672385489376,304.637023925781
,Run8,528,350.672385489376,304.614013671875
,Run8,529,350.672385489376,304.663024902344
,Run8,530,350.672385489376,304.621002197266
,Run8,531,350.672385489376,304.664001464844
,Run8,532,350.672385489376,304.667022705078
,Run8,533,350.672385489376,304.691009521484
,Run8,534,350.672385489376,304.676025390625
,Run8,535,350.672385489376,304.680023193359
,Run8,536,350.672385489376,304.64501953125
,Run8,537,350.672385489376,304.715026855469
,Run8,538,350.672385489376,304.707000732422
,Run8,539,350.672385489376,304.717010498047
,Run8,540,350.672385489376,304.735015869141
,Run8,541,350.672385489376,304.702026367188
,Run8,542,350.672385489376,304.689025878906
,Run8,543,350.672385489376,304.674011230469
,Run8,544,350.672385489376,304.757019042969
,Run8,545,350.672385489376,304.771026611328
,Run8,546,350.672385489376,304.786010742188
,Run8,547,350.672385489376,304.75
,Run8,548,350.672385489376,304.752014160156
,Run8,549,350.672385489376,304.706024169922
,Run8,550,350.672385489376,304.834014892578
,Run8,551,350.672385489376,304.832000732422
,Run8,552,350.672385489376,304.808013916016
,Run8,553,350.672385489376,304.796020507812
,Run8,554,350.672385489376,304.769012451172
,Run8,555,350.672385489376,304.726013183594
,Run8,556,350.672385489376,304.819000244141
,Run8,557,350.672385489376,304.814025878906
,Run8,558,350.672385489376,304.817016601562
,Run8,559,350.672385489376,304.774017333984
,Run8,560,350.672385489376,304.725006103516
,Run8,561,350.672385489376,304.696014404297
,Run8,562,350.672385489376,304.790008544922
,Run8,563,350.672385489376,304.814025878906
,Run8,564,350.672385489376,304.778015136719
,Run8,565,350.672385489376,304.731018066406
,Run8,566,350.672385489376,304.697021484375
,Run8,567,350.672385489376,304.675018310547
,Run8,568,350.672385489376,304.786010742188
,Run8,569,350.672385489376,304.789001464844
,Run8,570,350.672385489376,304.772003173828
,Run8,571,350.672385489376,304.713012695312
,Run8,572,350.672385489376,304.670013427734
,Run8,573,350.672385489376,304.634002685547
,Run8,574,350.672385489376,304.779022216797
,Run8,575,350.672385489376,304.779022216797
,Run8,576,350.672385489376,304.766021728516
,Run8,577,350.672385489376,304.741027832031
,Run8,578,350.672385489376,304.704010009766
,Run8,579,350.672385489376,304.660003662109
,Run8,580,350.672385489376,304.651000976562
,Run8,581,350.672385489376,304.778015136719
,Run8,582,350.672385489376,304.766021728516
,Run8,583,350.672385489376,304.7490234375
,Run8,584,350.672385489376,304.707000732422
,Run8,585,350.672385489376,304.686004638672
,Run8,586,350.672385489376,304.658020019531
,Run8,587,350.672385489376,304.77001953125
,Run8,588,350.672385489376,304.77001953125
,Run8,589,350.672385489376,304.754028320312
,Run8,590,350.672385489376,304.713012695312
,Run8,591,350.672385489376,304.707000732422
,Run8,592,350.672385489376,304.658020019531
,Run8,593,350.672385489376,304.784027099609
,Run8,594,350.672385489376,304.797027587891
,Run8,595,350.672385489376,304.768005371094
,Run8,596,350.672385489376,304.736022949219
,Run8,597,350.672385489376,304.721008300781
,Run8,598,350.672385489376,304.688018798828
,Run8,599,350.672385489376,304.754028320312
,Run8,600,350.672385489376,304.778015136719
,Run8,601,350.672385489376,304.768005371094
,Run8,602,350.672385489376,304.754028320312
,Run8,603,350.672385489376,304.738006591797
,Run8,604,350.672385489376,304.704010009766
,Run8,605,350.672385489376,304.771026611328
,Run8,606,350.672385489376,304.779022216797
,Run8,607,350.672385489376,304.763000488281
,Run8,608,350.672385489376,304.769012451172
,Run8,609,350.672385489376,304.761016845703
,Run8,610,350.672385489376,304.72900390625
,Run8,611,350.672385489376,304.777008056641
,Run8,612,350.672385489376,304.758026123047
,Run8,613,350.672385489376,304.787017822266
,Run8,614,350.672385489376,304.767028808594
,Run8,615,350.672385489376,304.781005859375
,Run8,616,350.672385489376,304.775024414062
,Run8,617,350.672385489376,304.731018066406
,Run8,618,350.672385489376,304.765014648438
,Run8,619,350.672385489376,304.762023925781
,Run8,620,350.672385489376,304.787017822266
,Run8,621,350.672385489376,304.774017333984
,Run8,622,350.672385489376,304.761016845703
,Run8,623,350.672385489376,304.740020751953
,Run8,624,350.672385489376,304.774017333984
,Run8,625,350.672385489376,304.745025634766
,Run8,626,350.672385489376,304.763000488281
,Run8,627,350.672385489376,304.760009765625
,Run8,628,350.672385489376,304.759002685547
,Run8,629,350.672385489376,304.759002685547
,Run8,630,350.672385489376,304.764007568359
,Run8,631,350.672385489376,304.75
,Run8,632,350.672385489376,304.75
,Run8,633,350.672385489376,304.757019042969
,Run8,634,350.672385489376,304.75
,Run8,635,350.672385489376,304.763000488281
,Run8,636,350.672385489376,304.764007568359
,Run8,637,350.672385489376,304.762023925781
,Run8,638,350.672385489376,304.764007568359
,Run8,639,350.672385489376,304.765014648438
,Run8,640,350.672385489376,304.755004882812
,Run8,641,350.672385489376,304.771026611328
,Run8,642,350.672385489376,304.802001953125
,Run8,643,350.672385489376,304.795013427734
,Run8,644,350.672385489376,304.789001464844
,Run8,645,350.672385489376,304.778015136719
,Run8,646,350.672385489376,304.775024414062
,Run8,647,350.672385489376,304.790008544922
,Run8,648,350.672385489376,304.811004638672
,Run8,649,350.672385489376,304.807006835938
,Run8,650,350.672385489376,304.815002441406
,Run8,651,350.672385489376,304.815002441406
,Run8,652,350.672385489376,304.813018798828
,Run8,653,350.672385489376,304.817016601562
,Run8,654,356.340718481319,304.802001953125
,Run8,655,356.340718481319,304.881011962891
,Run8,656,356.340718481319,304.843017578125
,Run8,657,356.340718481319,304.832000732422
,Run8,658,356.340718481319,304.830017089844
,Run8,659,356.340718481319,304.844024658203
,Run8,660,356.340718481319,304.861999511719
,Run8,661,356.340718481319,304.825012207031
,Run8,662,356.340718481319,304.832000732422
,Run8,663,356.340718481319,304.823028564453
,Run8,664,356.340718481319,304.830017089844
,Run8,665,356.340718481319,304.824005126953
,Run8,666,356.340718481319,304.832000732422
,Run8,667,356.340718481319,304.820007324219
,Run8,668,356.340718481319,304.858001708984
,Run8,669,356.340718481319,304.843017578125
,Run8,670,356.340718481319,304.845001220703
,Run8,671,356.340718481319,304.860015869141
,Run8,672,356.340718481319,304.847015380859
,Run8,673,356.340718481319,304.846008300781
,Run8,674,356.340718481319,304.846008300781
,Run8,675,356.340718481319,304.840026855469
,Run8,676,356.340718481319,304.838012695312
,Run8,677,356.340718481319,304.856018066406
,Run8,678,356.340718481319,304.860015869141
,Run8,679,356.340718481319,304.875
,Run8,680,356.340718481319,304.864013671875
,Run8,681,356.340718481319,304.840026855469
,Run8,682,356.340718481319,304.818023681641
,Run8,683,356.340718481319,304.797027587891
,Run8,684,356.340718481319,304.753021240234
,Run8,685,356.340718481319,304.718017578125
,Run8,686,356.340718481319,304.68701171875
,Run8,687,356.340718481319,304.829010009766
,Run8,688,356.340718481319,304.810028076172
,Run8,689,356.340718481319,304.825012207031
,Run8,690,356.340718481319,304.819000244141
,Run8,691,356.340718481319,304.81201171875
,Run8,692,356.340718481319,304.798004150391
,Run8,693,356.340718481319,304.778015136719
,Run8,694,356.340718481319,304.762023925781
,Run8,695,356.340718481319,304.716003417969
,Run8,696,356.340718481319,304.688018798828
,Run8,697,356.340718481319,304.649017333984
,Run8,698,356.340718481319,304.638000488281
,Run8,699,356.340718481319,304.605010986328
,Run8,700,356.340718481319,304.547027587891
,Run8,701,356.340718481319,304.600006103516
,Run8,702,356.340718481319,304.816009521484
,Run8,703,356.340718481319,304.779022216797
,Run8,704,356.340718481319,304.790008544922
,Run8,705,356.340718481319,304.754028320312
,Run8,706,356.340718481319,304.7080078125
,Run8,707,356.340718481319,304.673004150391
,Run8,708,356.340718481319,304.657012939453
,Run8,709,356.340718481319,304.630004882812
,Run8,710,356.340718481319,304.614013671875
,Run8,711,356.340718481319,304.567016601562
,Run8,712,356.340718481319,304.565002441406
,Run8,713,356.340718481319,304.531005859375
,Run8,714,356.340718481319,304.489013671875
,Run8,715,356.340718481319,304.470001220703
,Run8,716,356.340718481319,304.388000488281
,Run8,717,356.340718481319,304.3740234375
,Run8,718,356.340718481319,304.694000244141
,Run8,719,356.340718481319,304.660003662109
,Run8,720,356.340718481319,304.654022216797
,Run8,721,356.340718481319,304.610015869141
,Run8,722,356.340718481319,304.5830078125
,Run8,723,356.340718481319,304.5830078125
,Run8,724,356.340718481319,304.568023681641
,Run8,725,356.340718481319,304.535003662109
,Run8,726,356.340718481319,304.519012451172
,Run8,727,356.340718481319,304.430999755859
,Run8,728,356.340718481319,304.428009033203
,Run8,729,356.340718481319,304.406005859375
,Run8,730,356.340718481319,304.394012451172
,Run8,731,356.340718481319,304.347015380859
,Run8,732,356.340718481319,304.263000488281
,Run8,733,356.340718481319,304.254028320312
,Run8,734,356.340718481319,304.595001220703
,Run8,735,356.340718481319,304.578002929688
,Run8,736,356.340718481319,304.550018310547
,Run8,737,356.340718481319,304.545013427734
,Run8,738,356.340718481319,304.521026611328
,Run8,739,356.340718481319,304.473022460938
,Run8,740,356.340718481319,304.47900390625
,Run8,741,356.340718481319,304.414001464844
,Run8,742,356.340718481319,304.387023925781
,Run8,743,356.340718481319,304.384002685547
,Run8,744,356.340718481319,304.332000732422
,Run8,745,356.340718481319,304.302001953125
,Run8,746,356.340718481319,304.276000976562
,Run8,747,356.340718481319,304.231018066406
,Run8,748,356.340718481319,304.180023193359
,Run8,749,356.340718481319,304.579010009766
,Run8,750,356.340718481319,304.582000732422
,Run8,751,356.340718481319,304.533020019531
,Run8,752,356.340718481319,304.491027832031
,Run8,753,356.340718481319,304.484008789062
,Run8,754,356.340718481319,304.453002929688
,Run8,755,356.340718481319,304.428009033203
,Run8,756,356.340718481319,304.386016845703
,Run8,757,356.340718481319,304.351013183594
,Run8,758,356.340718481319,304.351013183594
,Run8,759,356.340718481319,304.326019287109
,Run8,760,356.340718481319,304.292022705078
,Run8,761,356.340718481319,304.243011474609
,Run8,762,356.340718481319,304.178009033203
,Run8,763,356.340718481319,304.166015625
,Run8,764,356.340718481319,304.128021240234
,Run8,765,356.340718481319,304.577026367188
,Run8,766,356.340718481319,304.529022216797
,Run8,767,356.340718481319,304.534027099609
,Run8,768,356.340718481319,304.505004882812
,Run8,769,356.340718481319,304.448028564453
,Run8,770,356.340718481319,304.450012207031
,Run8,771,356.340718481319,304.417022705078
,Run8,772,356.340718481319,304.416015625
,Run8,773,356.340718481319,304.371002197266
,Run8,774,356.340718481319,304.342010498047
,Run8,775,356.340718481319,304.320007324219
,Run8,776,356.340718481319,304.285003662109
,Run8,777,356.340718481319,304.267028808594
,Run8,778,356.340718481319,304.227020263672
,Run8,779,356.340718481319,304.161010742188
,Run8,780,356.340718481319,304.165008544922
,Run8,781,356.340718481319,304.576019287109
,Run8,782,356.340718481319,304.557006835938
,Run8,783,356.340718481319,304.56201171875
,Run8,784,356.340718481319,304.533020019531
,Run8,785,356.340718481319,304.501007080078
,Run8,786,356.340718481319,304.539001464844
,Run8,787,356.340718481319,304.492004394531
,Run8,788,356.340718481319,304.460021972656
,Run8,789,356.340718481319,304.424011230469
,Run8,790,356.340718481319,304.403015136719
,Run8,791,356.340718481319,304.3740234375
,Run8,792,356.340718481319,304.399017333984
,Run8,793,356.340718481319,304.316009521484
,Run8,794,356.340718481319,304.315002441406
,Run8,795,356.340718481319,304.295013427734
,Run8,796,356.340718481319,304.6240234375
,Run8,797,356.340718481319,304.636016845703
,Run8,798,356.340718481319,304.574005126953
,Run8,799,356.340718481319,304.573028564453
,Run8,800,356.340718481319,304.581024169922
,Run8,801,356.340718481319,304.555023193359
,Run8,802,356.340718481319,304.554016113281
,Run8,803,356.340718481319,304.534027099609
,Run8,804,356.340718481319,304.550018310547
,Run8,805,356.340718481319,304.554016113281
,Run8,806,356.340718481319,304.535003662109
,Run8,807,356.340718481319,304.537017822266
,Run8,808,356.340718481319,304.555999755859
,Run8,809,356.340718481319,304.536010742188
,Run8,810,356.340718481319,304.580017089844
,Run8,811,356.340718481319,304.550018310547
,Run8,812,356.340718481319,304.703002929688
,Run8,813,356.340718481319,304.734008789062
,Run8,814,356.340718481319,304.696014404297
,Run8,815,356.340718481319,304.695007324219
,Run8,816,358.740954792821,304.650024414062
,Run8,817,358.740954792821,304.659027099609
,Run8,818,358.740954792821,304.644012451172
,Run8,819,358.740954792821,304.676025390625
,Run8,820,358.740954792821,304.667999267578
,Run8,821,358.740954792821,304.671020507812
,Run8,822,358.740954792821,304.667999267578
,Run8,823,358.740954792821,304.688018798828
,Run8,824,358.740954792821,304.663024902344
,Run8,825,358.740954792821,304.658020019531
,Run8,826,358.740954792821,304.625
,Run8,827,358.740954792821,304.643005371094
,Run8,828,358.740954792821,304.618011474609
,Run8,829,358.740954792821,304.607025146484
,Run8,830,358.740954792821,304.60302734375
,Run8,831,358.740954792821,304.605010986328
,Run8,832,358.740954792821,304.565002441406
,Run8,833,358.740954792821,304.5830078125
,Run8,834,358.740954792821,304.579010009766
,Run8,835,358.740954792821,304.588012695312
,Run8,836,358.740954792821,304.567016601562
,Run8,837,358.740954792821,304.551025390625
,Run8,838,358.740954792821,304.554016113281
,Run8,839,358.740954792821,304.573028564453
,Run8,840,358.740954792821,304.561004638672
,Run8,841,358.740954792821,304.539001464844
,Run8,842,358.740954792821,304.536010742188
,Run8,843,358.740954792821,304.538024902344
,Run8,844,358.740954792821,304.535003662109
,Run8,845,358.740954792821,304.536010742188
,Run8,846,358.740954792821,304.525024414062
,Run8,847,358.740954792821,304.510009765625
,Run8,848,358.740954792821,304.533020019531
,Run8,849,358.740954792821,304.760009765625
,Run8,850,358.740954792821,304.761016845703
,Run8,851,358.740954792821,304.75
,Run8,852,358.740954792821,304.765014648438
,Run8,853,358.740954792821,304.761016845703
,Run8,854,358.740954792821,304.744018554688
,Run8,855,358.740954792821,304.735015869141
,Run8,856,358.740954792821,304.736022949219
,Run8,857,358.740954792821,304.694000244141
,Run8,858,358.740954792821,304.691009521484
,Run8,859,358.740954792821,304.676025390625
,Run8,860,358.740954792821,304.647003173828
,Run8,861,358.740954792821,304.623016357422
,Run8,862,358.740954792821,304.608001708984
,Run8,863,358.740954792821,304.588012695312
,Run8,864,358.740954792821,304.555023193359
,Run8,865,358.740954792821,304.513000488281
,Run8,866,358.740954792821,304.498016357422
,Run8,867,358.740954792821,304.510009765625
,Run8,868,358.740954792821,304.524017333984
,Run8,869,358.740954792821,304.419006347656
,Run8,870,358.740954792821,304.028015136719
,Run8,871,358.740954792821,303.595001220703
,Run8,872,358.740954792821,303.271026611328
,Run8,873,358.740954792821,303.477020263672
,Run8,874,358.740954792821,303.8740234375
,Run8,875,358.740954792821,304.349029541016
,Run8,876,358.740954792821,304.521026611328
,Run8,877,358.740954792821,304.545013427734
,Run8,878,358.740954792821,304.5830078125
,Run8,879,358.740954792821,304.605010986328
,Run8,880,358.740954792821,304.594024658203
,Run8,881,358.740954792821,304.596008300781
,Run8,882,358.740954792821,304.648010253906
,Run8,883,358.740954792821,304.673004150391
,Run8,884,358.740954792821,304.675018310547
,Run8,885,358.740954792821,304.709014892578
,Run8,886,358.740954792821,304.720001220703
,Run8,887,358.740954792821,304.755004882812
,Run8,888,358.740954792821,304.758026123047
,Run8,889,358.740954792821,304.774017333984
,Run8,890,358.740954792821,304.778015136719
,Run8,891,358.740954792821,304.819000244141
,Run8,892,358.740954792821,304.809020996094
,Run8,893,358.740954792821,304.838012695312
,Run8,894,358.740954792821,304.85302734375
,Run8,895,358.740954792821,304.875
,Run8,896,358.740954792821,304.847015380859
,Run8,897,358.740954792821,304.864013671875
,Run8,898,358.740954792821,304.878021240234
,Run8,899,358.740954792821,304.8740234375
,Run8,900,358.740954792821,304.872009277344
,Run8,901,358.740954792821,304.881011962891
,Run8,902,3.6522227802744,304.898010253906
,Run8,903,3.6522227802744,304.890014648438
,Run8,904,3.6522227802744,304.891021728516
,Run8,905,3.6522227802744,304.869018554688
,Run8,906,3.6522227802744,304.857025146484
,Run8,907,3.6522227802744,304.871002197266
,Run8,908,3.6522227802744,304.85400390625
,Run8,909,3.6522227802744,304.875
,Run8,910,3.6522227802744,304.866027832031
,Run8,911,3.6522227802744,304.841003417969
,Run8,912,3.6522227802744,304.861022949219
,Run8,913,3.6522227802744,304.852020263672
,Run8,914,3.6522227802744,304.844024658203
,Run8,915,3.6522227802744,304.851013183594
,Run8,916,3.6522227802744,304.838012695312
,Run8,917,3.6522227802744,304.823028564453
,Run8,918,3.6522227802744,304.822021484375
,Run8,919,3.6522227802744,304.837005615234
,Run8,920,3.6522227802744,304.837005615234
,Run8,921,3.6522227802744,304.805023193359
,Run8,922,3.6522227802744,304.801025390625
,Run8,923,3.6522227802744,304.789001464844
,Run8,924,3.6522227802744,304.797027587891
,Run8,925,3.6522227802744,304.808013916016
,Run8,926,3.6522227802744,304.830017089844
,Run8,927,3.6522227802744,304.810028076172
,Run8,928,3.6522227802744,304.814025878906
,Run8,929,3.6522227802744,304.802001953125
,Run8,930,3.6522227802744,304.827026367188
,Run8,931,3.6522227802744,304.832000732422
,Run8,932,3.6522227802744,304.818023681641
,Run8,933,3.6522227802744,304.828002929688
,Run8,934,3.6522227802744,304.829010009766
,Run8,935,3.6522227802744,304.841003417969
,Run8,936,3.6522227802744,304.706024169922
,Run8,937,3.6522227802744,304.743011474609
,Run8,938,3.6522227802744,304.726013183594
,Run8,939,3.6522227802744,304.769012451172
,Run8,940,3.6522227802744,304.814025878906
,Run8,941,3.6522227802744,304.794006347656
,Run8,942,3.6522227802744,304.791015625
,Run8,943,3.6522227802744,304.790008544922
,Run8,944,3.6522227802744,304.825012207031
,Run8,945,3.6522227802744,304.821014404297
,Run8,946,3.6522227802744,304.837005615234
,Run8,947,3.6522227802744,304.801025390625
,Run8,948,3.6522227802744,304.850006103516
,Run8,949,3.6522227802744,304.826019287109
,Run8,950,3.6522227802744,304.85302734375
,Run8,951,3.6522227802744,304.830017089844
,Run8,952,3.6522227802744,304.634002685547
,Run8,953,3.6522227802744,304.686004638672
,Run8,954,3.6522227802744,304.72900390625
,Run8,955,3.6522227802744,304.722015380859
,Run8,956,3.6522227802744,304.763000488281
,Run8,957,3.6522227802744,304.774017333984
,Run8,958,3.6522227802744,304.791015625
,Run8,959,3.6522227802744,304.802001953125
,Run8,960,3.6522227802744,304.801025390625
,Run8,961,3.6522227802744,304.832000732422
,Run8,962,3.6522227802744,304.831024169922
,Run8,963,3.6522227802744,304.85302734375
,Run8,964,3.6522227802744,304.828002929688
,Run8,965,3.6522227802744,304.8330078125
,Run8,966,3.6522227802744,304.85302734375
,Run8,967,3.6522227802744,304.85400390625
,Run8,968,3.6522227802744,304.660003662109
,Run8,969,3.6522227802744,304.641021728516
,Run8,970,3.6522227802744,304.663024902344
,Run8,971,3.6522227802744,304.697021484375
,Run8,972,3.6522227802744,304.730010986328
,Run8,973,3.6522227802744,304.72900390625
,Run8,974,3.6522227802744,304.767028808594
,Run8,975,3.6522227802744,304.786010742188
,Run8,976,3.6522227802744,304.765014648438
,Run8,977,3.6522227802744,304.779022216797
,Run8,978,3.6522227802744,304.798004150391
,Run8,979,3.6522227802744,304.820007324219
,Run8,980,3.6522227802744,304.805999755859
,Run8,981,3.6522227802744,304.836029052734
,Run8,982,3.6522227802744,304.841003417969
,Run8,983,3.6522227802744,304.595001220703
,Run8,984,3.6522227802744,304.637023925781
,Run8,985,3.6522227802744,304.651000976562
,Run8,986,3.6522227802744,304.638000488281
,Run8,987,3.6522227802744,304.660003662109
,Run8,988,3.6522227802744,304.682006835938
,Run8,989,3.6522227802744,304.733001708984
,Run8,990,3.6522227802744,304.757019042969
,Run8,991,3.6522227802744,304.753021240234
,Run8,992,3.6522227802744,304.785003662109
,Run8,993,3.6522227802744,304.792022705078
,Run8,994,3.6522227802744,304.81201171875
,Run8,995,3.6522227802744,304.825012207031
,Run8,996,3.6522227802744,304.800018310547
,Run8,997,3.6522227802744,304.839019775391
,Run8,998,3.6522227802744,304.856018066406
,Run8,999,3.6522227802744,304.587005615234
,Run8,1000,3.6522227802744,304.581024169922
,Run8,1001,3.6522227802744,304.667999267578
,Run8,1002,3.6522227802744,304.703002929688
,Run8,1003,3.6522227802744,304.686004638672
,Run8,1004,3.6522227802744,304.715026855469
,Run8,1005,3.6522227802744,304.734008789062
,Run8,1006,3.6522227802744,304.746002197266
,Run8,1007,3.6522227802744,304.763000488281
,Run8,1008,3.6522227802744,304.780029296875
,Run8,1009,3.6522227802744,304.796020507812
,Run8,1010,3.6522227802744,304.820007324219
,Run8,1011,3.6522227802744,304.813018798828
,Run8,1012,3.6522227802744,304.836029052734
,Run8,1013,3.6522227802744,304.843017578125
,Run8,1014,3.6522227802744,304.847015380859
,Run8,1015,3.6522227802744,304.654022216797
,Run8,1016,3.6522227802744,304.680999755859
,Run8,1017,3.6522227802744,304.721008300781
,Run8,1018,3.6522227802744,304.730010986328
,Run8,1019,3.6522227802744,304.725006103516
,Run8,1020,3.6522227802744,304.746002197266
,Run8,1021,3.6522227802744,304.759002685547
,Run8,1022,3.6522227802744,304.754028320312
,Run8,1023,3.6522227802744,304.77001953125
,Run8,1024,3.6522227802744,304.760009765625
,Run8,1025,3.6522227802744,304.768005371094
,Run8,1026,3.6522227802744,304.789001464844
,Run8,1027,3.6522227802744,304.780029296875
,Run8,1028,3.6522227802744,304.783020019531
,Run8,1029,3.6522227802744,304.776000976562
,Run8,1030,3.6522227802744,304.741027832031
,Run8,1031,3.6522227802744,304.756011962891
,Run8,1032,3.6522227802744,304.736022949219
,Run8,1033,3.6522227802744,304.689025878906
,Run8,1034,3.6522227802744,304.775024414062
,Run8,1035,6.94098342875893,304.745025634766
,Run8,1036,6.94098342875893,304.745025634766
,Run8,1037,6.94098342875893,304.726013183594
,Run8,1038,6.94098342875893,304.739013671875
,Run8,1039,6.94098342875893,304.72900390625
,Run8,1040,6.94098342875893,304.742004394531
,Run8,1041,6.94098342875893,304.631011962891
,Run8,1042,6.94098342875893,304.665008544922
,Run8,1043,6.94098342875893,304.688018798828
,Run8,1044,6.94098342875893,304.692016601562
,Run8,1045,6.94098342875893,304.713012695312
,Run8,1046,6.94098342875893,304.714019775391
,Run8,1047,6.94098342875893,304.744018554688
,Run8,1048,6.94098342875893,304.735015869141
,Run8,1049,6.94098342875893,304.581024169922
,Run8,1050,6.94098342875893,304.611022949219
,Run8,1051,6.94098342875893,304.627014160156
,Run8,1052,6.94098342875893,304.655029296875
,Run8,1053,6.94098342875893,304.659027099609
,Run8,1054,6.94098342875893,304.68701171875
,Run8,1055,6.94098342875893,304.678009033203
,Run8,1056,6.94098342875893,304.715026855469
,Run8,1057,6.94098342875893,304.730010986328
,Run8,1058,6.94098342875893,304.546020507812
,Run8,1059,6.94098342875893,304.596008300781
,Run8,1060,6.94098342875893,304.598022460938
,Run8,1061,6.94098342875893,304.623016357422
,Run8,1062,6.94098342875893,304.639007568359
,Run8,1063,6.94098342875893,304.696014404297
,Run8,1064,6.94098342875893,304.672027587891
,Run8,1065,6.94098342875893,304.722015380859
,Run8,1066,6.94098342875893,304.539001464844
,Run8,1067,6.94098342875893,304.599029541016
,Run8,1068,6.94098342875893,304.607025146484
,Run8,1069,6.94098342875893,304.616027832031
,Run8,1070,6.94098342875893,304.597015380859
,Run8,1071,6.94098342875893,304.646026611328
,Run8,1072,6.94098342875893,304.631011962891
,Run8,1073,6.94098342875893,304.615020751953
,Run8,1074,6.94098342875893,304.448028564453
,Run8,1075,6.94098342875893,304.453002929688
,Run8,1076,6.94098342875893,304.503021240234
,Run8,1077,6.94098342875893,304.529022216797
,Run8,1078,6.94098342875893,304.508026123047
,Run8,1079,6.94098342875893,304.507019042969
,Run8,1080,6.94098342875893,304.578002929688
,Run8,1081,6.94098342875893,304.578002929688
,Run8,1082,6.94098342875893,304.355010986328
,Run8,1083,6.94098342875893,304.349029541016
,Run8,1084,6.94098342875893,304.408020019531
,Run8,1085,6.94098342875893,304.459014892578
,Run8,1086,6.94098342875893,304.470001220703
,Run8,1087,6.94098342875893,304.4990234375
,Run8,1088,6.94098342875893,304.546020507812
,Run8,1089,6.94098342875893,304.558013916016
,Run8,1090,6.94098342875893,304.584014892578
,Run8,1091,6.94098342875893,304.382019042969
,Run8,1092,6.94098342875893,304.417022705078
,Run8,1093,6.94098342875893,304.457000732422
,Run8,1094,6.94098342875893,304.456024169922
,Run8,1095,6.94098342875893,304.488006591797
,Run8,1096,6.94098342875893,304.524017333984
,Run8,1097,6.94098342875893,304.574005126953
,Run8,1098,6.94098342875893,304.567016601562
,Run8,1099,6.94098342875893,304.365020751953
,Run8,1100,6.94098342875893,304.438018798828
,Run8,1101,6.94098342875893,304.451019287109
,Run8,1102,6.94098342875893,304.477020263672
,Run8,1103,6.94098342875893,304.496002197266
,Run8,1104,6.94098342875893,304.541015625
,Run8,1105,6.94098342875893,304.551025390625
,Run8,1106,6.94098342875893,304.611022949219
,Run8,1107,6.94098342875893,304.406005859375
,Run8,1108,6.94098342875893,304.430023193359
,Run8,1109,6.94098342875893,304.447021484375
,Run8,1110,6.94098342875893,304.460021972656
,Run8,1111,6.94098342875893,304.491027832031
,Run8,1112,6.94098342875893,304.512023925781
,Run8,1113,6.94098342875893,304.560028076172
,Run8,1114,6.94098342875893,304.545013427734
,Run8,1115,6.94098342875893,304.398010253906
,Run8,1116,6.94098342875893,304.391021728516
,Run8,1117,6.94098342875893,304.416015625
,Run8,1118,6.94098342875893,304.432006835938
,Run8,1119,6.94098342875893,304.461029052734
,Run8,1120,6.94098342875893,304.451019287109
,Run8,1121,6.94098342875893,304.492004394531
,Run8,1122,6.94098342875893,304.504028320312
,Run8,1123,6.94098342875893,304.513000488281
,Run8,1124,6.94098342875893,304.324005126953
,Run8,1125,6.94098342875893,304.366027832031
,Run8,1126,6.94098342875893,304.368011474609
,Run8,1127,6.94098342875893,304.385009765625
,Run8,1128,6.94098342875893,304.426025390625
,Run8,1129,6.94098342875893,304.456024169922
,Run8,1130,6.94098342875893,304.450012207031
,Run8,1131,6.94098342875893,304.424011230469
,Run8,1132,6.94098342875893,304.322021484375
,Run8,1133,6.94098342875893,304.343017578125
,Run8,1134,6.94098342875893,304.388000488281
,Run8,1135,6.94098342875893,304.393005371094
,Run8,1136,6.94098342875893,304.426025390625
,Run8,1137,6.94098342875893,304.424011230469
,Run8,1138,6.94098342875893,304.404022216797
,Run8,1139,6.94098342875893,304.405029296875
,Run8,1140,6.94098342875893,304.3740234375
,Run8,1141,6.94098342875893,304.318023681641
,Run8,1142,6.94098342875893,304.373016357422
,Run8,1143,6.94098342875893,304.363006591797
,Run8,1144,37.8749836503354,304.381011962891
,Run8,1145,37.8749836503354,304.299011230469
,Run8,1146,37.8749836503354,304.310028076172
,Run8,1147,37.8749836503354,304.305023193359
,Run8,1148,37.8749836503354,304.261016845703
,Run8,1149,37.8749836503354,304.22802734375
,Run8,1150,37.8749836503354,304.205017089844
,Run8,1151,37.8749836503354,304.204010009766
,Run8,1152,37.8749836503354,304.148010253906
,Run8,1153,37.8749836503354,304.182006835938
,Run8,1154,37.8749836503354,304.161010742188
,Run8,1155,11.8886580396562,304.200006103516
,Run8,1156,11.8886580396562,304.228009033203
,Run8,1157,11.8886580396562,304.281005859375
,Run8,1158,11.8886580396562,304.252008056641
,Run8,1159,11.8886580396562,304.281005859375
,Run8,1160,11.8886580396562,304.268017578125
,Run8,1161,11.8886580396562,304.255029296875
,Run8,1162,11.8886580396562,304.241003417969
,Run8,1163,11.8886580396562,304.228015136719
,Run8,1164,11.8886580396562,304.227001953125
,Run8,1165,11.8886580396562,304.217028808594
,Run8,1166,11.8886580396562,304.259008789062
,Run8,1167,11.8886580396562,304.255010986328
,Run8,1168,11.8886580396562,304.255010986328
,Run8,1169,11.8886580396562,304.245013427734
,Run8,1170,11.8886580396562,304.205004882812
,Run8,1171,11.8886580396562,304.264019775391
,Run8,1172,11.8886580396562,304.214001464844
,Run8,1173,11.8886580396562,304.220013427734
,Run8,1174,11.8886580396562,304.281024169922
,Run8,1175,11.8886580396562,304.246008300781
,Run8,1176,11.8886580396562,304.204016113281
,Run8,1177,11.8886580396562,304.257006835938
,Run8,1178,11.8886580396562,304.276025390625
,Run8,1179,11.8886580396562,304.269012451172
,Run8,1180,11.8886580396562,304.226019287109
,Run8,1181,11.8886580396562,304.245007324219
,Run8,1182,11.8886580396562,304.264025878906
,Run8,1183,11.8886580396562,304.079010009766
,Run8,1184,11.8886580396562,304.221008300781
,Run8,1185,11.8886580396562,303.643005371094
,Run8,1186,11.8886580396562,303.849029541016
,Run8,1187,11.8886580396562,303.901000976562
,Run8,1188,11.8886580396562,304.017028808594
,Run8,1189,11.8886580396562,303.553009033203
,Run8,1190,11.8886580396562,303.610015869141
,Run8,1191,11.8886580396562,303.613006591797
,Run8,1192,343.300755765227,304.235003662109
,Run8,1193,343.300755765227,304.294018554688
,Run8,1194,343.300755765227,304.244018554688
,Run8,1195,343.300755765227,304.206024169922
,Run8,1196,343.300755765227,304.220001220703
,Run8,1197,343.300755765227,304.079010009766
,Run8,1198,343.300755765227,304.116027832031
,Run8,1199,343.300755765227,304.156005859375
,Run8,1200,343.300755765227,304.190002441406
,Run8,1201,11.5946060813783,304.467010498047
,Run8,1202,11.5946060813783,304.258026123047
,Run8,1203,11.5946060813783,304.281005859375
,Run8,1204,11.5946060813783,304.358001708984
,Run8,1205,11.5946060813783,304.358001708984
,Run8,1206,11.5946060813783,304.390014648438
,Run8,1207,11.5946060813783,304.178009033203
,Run8,1208,11.5946060813783,304.197021484375
,Run8,1209,11.5946060813783,304.239013671875
,Run8,1210,11.5946060813783,304.292022705078
,Run8,1211,11.5946060813783,304.335021972656
,Run8,1212,11.5946060813783,304.128021240234
,Run8,1213,11.5946060813783,304.144012451172
,Run8,1214,11.5946060813783,304.166015625
,Run8,1215,11.5946060813783,304.236999511719
,Run8,1216,11.5946060813783,304.321014404297
,Run8,1217,11.5946060813783,304.142028808594
,Run8,1218,11.5946060813783,304.175018310547
,Run8,1219,11.5946060813783,304.223022460938
,Run8,1220,11.5946060813783,304.244018554688
,Run8,1221,11.5946060813783,304.302001953125
,Run8,1222,11.5946060813783,304.053009033203
,Run8,1223,11.5946060813783,304.076019287109
,Run8,1224,11.5946060813783,304.029022216797
,Run8,1225,11.5946060813783,304.065002441406
,Run8,1226,11.5946060813783,304.143005371094
,Run8,1227,11.5946060813783,303.914001464844
,Run8,1228,11.5946060813783,303.980010986328
,Run8,1229,11.5946060813783,304.005004882812
,Run8,1230,11.5946060813783,304.072021484375
,Run8,1231,11.5946060813783,304.173004150391
,Run8,1232,11.5946060813783,303.990020751953
,Run8,1233,11.5946060813783,304.038024902344
,Run8,1234,11.5946060813783,304.040008544922
,Run8,1235,11.5946060813783,304.113006591797
,Run8,1236,11.5946060813783,304.22802734375
,Run8,1237,11.5946060813783,303.881011962891
,Run8,1238,11.5946060813783,303.947021484375
,Run8,1239,11.5946060813783,304.101013183594
,Run8,1240,11.5946060813783,304.177001953125
,Run8,1241,11.5946060813783,304.338012695312
,Run8,1242,11.5946060813783,303.940002441406
,Run8,1243,11.5946060813783,303.9990234375
,Run8,1244,11.5946060813783,304.027008056641
,Run8,1245,11.5946060813783,304.117004394531
,Run8,1246,11.5946060813783,304.201019287109
,Run8,1247,11.5946060813783,303.852020263672
,Run8,1248,11.5946060813783,303.964019775391
,Run8,1249,11.5946060813783,304.050018310547
,Run8,1250,11.5946060813783,304.102020263672
,Run8,1251,11.5946060813783,304.219024658203
,Run8,1252,11.5946060813783,303.921020507812
,Run8,1253,11.5946060813783,303.972015380859
,Run8,1254,11.5946060813783,303.972015380859
,Run8,1255,11.5946060813783,304.034027099609
,Run8,1256,11.5946060813783,304.111999511719
,Run8,1257,11.5946060813783,303.844024658203
,Run8,1258,11.5946060813783,303.875
,Run8,1259,11.5946060813783,303.952026367188
,Run8,1260,11.5946060813783,304.013000488281
,Run8,1261,11.5946060813783,304.116027832031
,Run8,1262,11.5946060813783,303.869018554688
,Run8,1263,11.5946060813783,303.934020996094
,Run8,1264,11.5946060813783,304.034027099609
,Run8,1265,11.5946060813783,304.150024414062
,Run8,1266,11.5946060813783,304.297027587891
,Run8,1267,11.5946060813783,303.93701171875
,Run8,1268,11.5946060813783,304.010009765625
,Run8,1269,11.5946060813783,304.109008789062
,Run8,1270,11.5946060813783,304.204010009766
,Run8,1271,11.5946060813783,304.313018798828
,Run8,1272,11.5946060813783,304.028015136719
,Run8,1273,11.5946060813783,304.10400390625
,Run8,1274,11.5946060813783,304.199005126953
,Run8,1275,11.5946060813783,304.296020507812
,Run8,1276,11.5946060813783,304.402008056641
,Run8,1277,11.5946060813783,304.099029541016
,Run8,1278,11.5946060813783,304.271026611328
,Run8,1279,11.5946060813783,304.394012451172
,Run8,1280,11.5946060813783,304.493011474609
,Run8,1281,11.5946060813783,304.594024658203
,Run8,1282,11.5946060813783,304.226013183594
,Run8,1283,11.5946060813783,304.356018066406
,Run8,1284,11.5946060813783,304.434020996094
,Run8,1285,11.5946060813783,304.4990234375
,Run8,1286,11.5946060813783,304.563018798828
,Run8,1287,11.5946060813783,304.31201171875
,Run8,1288,11.5946060813783,304.399017333984
,Run8,1289,11.5946060813783,304.468017578125
,Run8,1290,11.5946060813783,304.589019775391
,Run8,1291,11.5946060813783,304.640014648438
,Run8,1292,11.5946060813783,304.391021728516
,Run8,1293,11.5946060813783,304.449005126953
,Run8,1294,11.5946060813783,304.507019042969
,Run8,1295,11.5946060813783,304.531005859375
,Run8,1296,11.5946060813783,304.626007080078
,Run8,1297,11.5946060813783,304.351013183594
,Run8,1298,11.5946060813783,304.414001464844
,Run8,1299,11.5946060813783,304.502014160156
,Run8,1300,11.5946060813783,304.615020751953
,Run8,1301,11.5946060813783,304.705017089844
,Run8,1302,11.5946060813783,304.402008056641
,Run8,1303,11.5946060813783,304.402008056641
,Run8,1304,11.5946060813783,304.498016357422
,Run8,1305,11.5946060813783,304.547027587891
,Run8,1306,11.5946060813783,304.695007324219
,Run8,1307,11.5946060813783,304.401000976562
,Run8,1308,11.5946060813783,304.498016357422
,Run8,1309,11.5946060813783,304.616027832031
,Run8,1310,11.5946060813783,304.676025390625
,Run8,1311,11.5946060813783,304.800018310547
,Run8,1312,11.5946060813783,304.521026611328
,Run8,1313,11.5946060813783,304.649017333984
,Run8,1314,11.5946060813783,304.801025390625
,Run8,1315,11.5946060813783,304.839019775391
,Run8,1316,11.5946060813783,304.89501953125
,Run8,1317,11.5946060813783,304.666015625
,Run8,1318,11.5946060813783,304.777008056641
,Run8,1319,11.5946060813783,304.8330078125
,Run8,1320,11.5946060813783,304.860015869141
,Run8,1321,11.5946060813783,304.914001464844
,Run8,1322,11.5946060813783,304.785003662109
,Run8,1323,11.5946060813783,304.843017578125
,Run8,1324,11.5946060813783,304.908020019531
,Run8,1325,11.5946060813783,304.907012939453
,Run8,1326,11.5946060813783,304.886016845703
,Run8,1327,11.5946060813783,304.873016357422
,Run8,1328,11.5946060813783,304.913024902344
,Run8,1329,11.5946060813783,304.882019042969
,Run8,1330,11.5946060813783,304.867004394531
,Run8,1331,11.5946060813783,304.888000488281
,Run8,1332,11.5946060813783,304.873016357422
,Run8,1333,11.5946060813783,304.886016845703
,Run8,1334,11.5946060813783,304.868011474609
,Run8,1335,11.5946060813783,304.885009765625
,Run8,1336,11.5946060813783,304.892028808594
,Run8,1337,11.5946060813783,304.877014160156
,Run8,1338,11.5946060813783,304.894012451172
,Run8,1339,11.5946060813783,304.900024414062
,Run8,1340,11.5946060813783,304.901000976562
,Run8,1341,17.2414593990014,304.897003173828
,Run8,1342,17.2414593990014,304.887023925781
,Run8,1343,17.2414593990014,304.915008544922
,Run8,1344,17.2414593990014,304.926025390625
,Run8,1345,17.2414593990014,304.892028808594
,Run8,1346,17.2414593990014,304.892028808594
,Run8,1347,17.2414593990014,304.886016845703
,Run8,1348,17.2414593990014,304.896026611328
,Run8,1349,17.2414593990014,304.901000976562
,Run8,1350,17.2414593990014,304.882019042969
,Run8,1351,17.2414593990014,304.885009765625
,Run8,1352,17.2414593990014,304.896026611328
,Run8,1353,17.2414593990014,304.8740234375
,Run8,1354,17.2414593990014,304.872009277344
,Run8,1355,17.2414593990014,304.904022216797
,Run8,1356,17.2414593990014,304.873016357422
,Run8,1357,17.2414593990014,304.869018554688
,Run8,1358,17.2414593990014,304.879028320312
,Run8,1359,17.2414593990014,304.864013671875
,Run8,1360,17.2414593990014,304.850006103516
,Run8,1361,17.2414593990014,304.882019042969
,Run8,1362,17.2414593990014,304.848022460938
,Run8,1363,17.2414593990014,304.831024169922
,Run8,1364,17.2414593990014,304.8740234375
,Run8,1365,17.2414593990014,304.856018066406
,Run8,1366,17.2414593990014,304.8330078125
,Run8,1367,17.2414593990014,304.838012695312
,Run8,1368,17.2414593990014,304.81201171875
,Run8,1369,17.2414593990014,304.815002441406
,Run8,1370,17.2414593990014,304.838012695312
,Run8,1371,17.2414593990014,304.832000732422
,Run8,1372,17.2414593990014,304.850006103516
,Run8,1373,17.2414593990014,304.825012207031
,Run8,1374,17.2414593990014,304.836029052734
,Run8,1375,17.2414593990014,304.795013427734
,Run8,1376,17.2414593990014,304.827026367188
,Run8,1377,17.2414593990014,304.824005126953
,Run8,1378,17.2414593990014,304.823028564453
,Run8,1379,17.2414593990014,304.790008544922
,Run8,1380,17.2414593990014,304.831024169922
,Run8,1381,17.2414593990014,304.813018798828
,Run8,1382,17.2414593990014,304.810028076172
,Run8,1383,17.2414593990014,304.808013916016
,Run8,1384,17.2414593990014,304.839019775391
,Run8,1385,17.2414593990014,304.720001220703
,Run8,1386,17.2414593990014,304.841003417969
,Run8,1387,17.2414593990014,304.836029052734
,Run8,1388,17.2414593990014,304.846008300781
,Run8,1389,17.2414593990014,304.844024658203
,Run8,1390,17.2414593990014,304.844024658203
,Run8,1391,17.2414593990014,304.850006103516
,Run8,1392,17.2414593990014,304.718017578125
,Run8,1393,17.2414593990014,304.811004638672
,Run8,1394,17.2414593990014,304.876007080078
,Run8,1395,17.2414593990014,304.714019775391
,Run8,1396,17.2414593990014,304.792999267578
,Run8,1397,17.2414593990014,304.8740234375
,Run8,1398,17.2414593990014,304.871002197266
,Run8,1399,17.2414593990014,304.801025390625
,Run8,1400,17.2414593990014,304.851013183594
,Run8,1401,17.2414593990014,304.880004882812
,Run8,1402,17.2414593990014,304.748016357422
,Run8,1403,17.2414593990014,304.792022705078
,Run8,1404,17.2414593990014,304.880004882812
,Run8,1405,17.2414593990014,304.908020019531
,Run8,1406,17.2414593990014,304.899017333984
,Run8,1407,17.2414593990014,304.894012451172
,Run8,1408,17.2414593990014,304.888000488281
,Run8,1409,17.2414593990014,304.838012695312
,Run8,1410,17.2414593990014,304.891021728516
,Run8,1411,17.2414593990014,304.890014648438
,Run8,1412,17.2414593990014,304.788024902344
,Run8,1413,17.2414593990014,304.788024902344
,Run8,1414,17.2414593990014,304.85400390625
,Run8,1415,17.2414593990014,304.915008544922
,Run8,1416,17.2414593990014,304.798004150391
,Run8,1417,17.2414593990014,304.870025634766
,Run8,1418,17.2414593990014,304.877014160156
,Run8,1419,17.2414593990014,304.779022216797
,Run8,1420,17.2414593990014,304.872009277344
,Run8,1421,17.2414593990014,304.886016845703
,Run8,1422,17.2414593990014,304.757019042969
,Run8,1423,17.2414593990014,304.826019287109
,Run8,1424,17.2414593990014,304.888000488281
,Run8,1425,17.2414593990014,304.884002685547
,Run8,1426,17.2414593990014,304.843017578125
,Run8,1427,17.2414593990014,304.890014648438
,Run8,1428,17.2414593990014,304.881011962891
,Run8,1429,17.2414593990014,304.821014404297
,Run8,1430,17.2414593990014,304.865020751953
,Run8,1431,17.2414593990014,304.835021972656
,Run8,1432,17.2414593990014,304.885009765625
,Run8,1433,17.2414593990014,304.846008300781
,Run8,1434,17.2414593990014,304.861022949219
,Run8,1435,17.2414593990014,304.861022949219
,Run8,1436,17.2414593990014,304.768005371094
,Run8,1437,17.2414593990014,304.828002929688
,Run8,1438,17.2414593990014,304.891021728516
,Run8,1439,17.2414593990014,304.781005859375
,Run8,1440,17.2414593990014,304.868011474609
,Run8,1441,17.2414593990014,304.882019042969
,Run8,1442,17.2414593990014,304.857025146484
,Run8,1443,17.2414593990014,304.884002685547
,Run8,1444,17.2414593990014,304.882019042969
,Run8,1445,17.2414593990014,304.880004882812
,Run8,1446,17.2414593990014,304.837005615234
,Run8,1447,17.2414593990014,304.887023925781
,Run8,1448,17.2414593990014,304.890014648438
,Run8,1449,17.2414593990014,304.860015869141
,Run8,1450,17.2414593990014,304.888000488281
,Run8,1451,17.2414593990014,304.893005371094
,Run8,1452,17.2414593990014,304.884002685547
,Run8,1453,17.2414593990014,304.888000488281
,Run8,1454,17.2414593990014,304.876007080078
,Run8,1455,17.2414593990014,304.886016845703
,Run8,1456,17.2414593990014,304.904022216797
,Run8,1457,17.2414593990014,304.904022216797
,Run8,1458,17.2414593990014,304.924011230469
,Run8,1459,17.2414593990014,304.906005859375
,Run8,1460,17.2414593990014,304.904022216797
,Run8,1461,17.2414593990014,304.897003173828
,Run8,1462,17.2414593990014,304.903015136719
,Run8,1463,17.2414593990014,304.886016845703
,Run8,1464,17.2414593990014,304.900024414062
,Run8,1465,17.2414593990014,304.840026855469
,Run8,1466,17.2414593990014,304.898010253906
,Run8,1467,17.2414593990014,304.875
,Run8,1468,17.2414593990014,304.858001708984
,Run8,1469,17.2414593990014,304.889007568359
,Run8,1470,17.2414593990014,304.870025634766
,Run8,1471,17.2414593990014,304.873016357422
,Run8,1472,17.2414593990014,304.880004882812
,Run8,1473,17.2414593990014,304.856018066406
,Run8,1474,17.2414593990014,304.903015136719
,Run8,1475,17.2414593990014,304.903015136719
,Run8,1476,17.2414593990014,304.865020751953
,Run8,1477,17.2414593990014,304.8740234375
,Run8,1478,17.2414593990014,304.893005371094
,Run8,1479,17.2414593990014,304.893005371094
,Run8,1480,17.2414593990014,304.860015869141
,Run8,1481,17.2414593990014,304.884002685547
,Run8,1482,17.2414593990014,304.888000488281
,Run8,1483,17.2414593990014,304.860015869141
,Run8,1484,21.5158847094271,304.894012451172
,Run8,1485,21.5158847094271,304.885009765625
,Run8,1486,21.5158847094271,304.871002197266
,Run8,1487,21.5158847094271,304.880004882812
,Run8,1488,21.5158847094271,304.885009765625
,Run8,1489,21.5158847094271,304.887023925781
,Run8,1490,21.5158847094271,304.908020019531
,Run8,1491,21.5158847094271,304.879028320312
,Run8,1492,21.5158847094271,304.878021240234
,Run8,1493,21.5158847094271,304.909027099609
,Run8,1494,21.5158847094271,304.900024414062
,Run8,1495,21.5158847094271,304.900024414062
,Run8,1496,21.5158847094271,304.919006347656
,Run8,1497,21.5158847094271,304.892028808594
,Run8,1498,21.5158847094271,304.872009277344
,Run8,1499,21.5158847094271,304.915008544922
,Run8,1500,21.5158847094271,304.892028808594
,Run8,1501,21.5158847094271,304.905029296875
,Run8,1502,21.5158847094271,304.89501953125
,Run8,1503,21.5158847094271,304.899017333984
,Run8,1504,21.5158847094271,304.930023193359
,Run8,1505,21.5158847094271,304.905029296875
,Run8,1506,21.5158847094271,304.907012939453
,Run8,1507,21.5158847094271,304.924011230469
,Run8,1508,21.5158847094271,304.906005859375
,Run8,1509,21.5158847094271,304.89501953125
,Run8,1510,21.5158847094271,304.89501953125
,Run8,1511,21.5158847094271,304.877014160156
,Run8,1512,21.5158847094271,304.866027832031
,Run8,1513,21.5158847094271,304.872009277344
,Run8,1514,21.5158847094271,304.89501953125
,Run8,1515,21.5158847094271,304.894012451172
,Run8,1516,21.5158847094271,304.849029541016
,Run8,1517,21.5158847094271,304.875
,Run8,1518,21.5158847094271,304.861022949219
,Run8,1519,21.5158847094271,304.887023925781
,Run8,1520,21.5158847094271,304.855010986328
,Run8,1521,21.5158847094271,304.85302734375
,Run8,1522,21.5158847094271,304.861999511719
,Run8,1523,21.5158847094271,304.876007080078
,Run8,1524,21.5158847094271,304.851013183594
,Run8,1525,21.5158847094271,304.844024658203
,Run8,1526,21.5158847094271,304.827026367188
,Run8,1527,21.5158847094271,304.856018066406
,Run8,1528,21.5158847094271,304.821014404297
,Run8,1529,21.5158847094271,304.864013671875
,Run8,1530,21.5158847094271,304.85302734375
,Run8,1531,21.5158847094271,304.864013671875
,Run8,1532,21.5158847094271,304.857025146484
,Run8,1533,21.5158847094271,304.841003417969
,Run8,1534,21.5158847094271,304.875
,Run8,1535,21.5158847094271,304.869018554688
,Run8,1536,21.5158847094271,304.865020751953
,Run8,1537,21.5158847094271,304.878021240234
,Run8,1538,21.5158847094271,304.867004394531
,Run8,1539,21.5158847094271,304.879028320312
,Run8,1540,21.5158847094271,304.884002685547
,Run8,1541,21.5158847094271,304.867004394531
,Run8,1542,21.5158847094271,304.873016357422
,Run8,1543,21.5158847094271,304.866027832031
,Run8,1544,21.5158847094271,304.873016357422
,Run8,1545,21.5158847094271,304.894012451172
,Run8,1546,21.5158847094271,304.873016357422
,Run8,1547,21.5158847094271,304.880004882812
,Run8,1548,21.5158847094271,304.885009765625
,Run8,1549,21.5158847094271,304.877014160156
,Run8,1550,21.5158847094271,304.881011962891
,Run8,1551,21.5158847094271,304.876007080078
,Run8,1552,21.5158847094271,304.900024414062
,Run8,1553,21.5158847094271,304.900024414062
,Run8,1554,21.5158847094271,304.882019042969
,Run8,1555,21.5158847094271,304.879028320312
,Run8,1556,21.5158847094271,304.89501953125
,Run8,1557,21.5158847094271,304.891021728516
,Run8,1558,21.5158847094271,304.889007568359
,Run8,1559,21.5158847094271,304.917999267578
,Run8,1560,21.5158847094271,304.893005371094
,Run8,1561,21.5158847094271,304.902008056641
,Run8,1562,21.5158847094271,304.885009765625
,Run8,1563,21.5158847094271,304.898010253906
,Run8,1564,21.5158847094271,304.909027099609
,Run8,1565,21.5158847094271,304.903015136719
,Run8,1566,21.5158847094271,304.904022216797
,Run8,1567,21.5158847094271,304.904022216797
,Run8,1568,21.5158847094271,304.89501953125
,Run8,1569,21.5158847094271,304.879028320312
,Run8,1570,21.5158847094271,304.890014648438
,Run8,1571,21.5158847094271,304.882019042969
,Run8,1572,21.5158847094271,304.894012451172
,Run8,1573,21.5158847094271,304.845001220703
,Run8,1574,21.5158847094271,304.890014648438
,Run8,1575,21.5158847094271,304.893005371094
,Run8,1576,21.5158847094271,304.860015869141
,Run8,1577,21.5158847094271,304.867004394531
,Run8,1578,21.5158847094271,304.846008300781
,Run8,1579,21.5158847094271,304.816009521484
,Run8,1580,21.5158847094271,304.796020507812
,Run8,1581,21.5158847094271,304.773010253906
,Run8,1582,21.5158847094271,304.779022216797
,Run8,1583,21.5158847094271,304.777008056641
,Run8,1584,21.5158847094271,304.753021240234
,Run8,1585,21.5158847094271,304.787017822266
,Run8,1586,21.5158847094271,304.803009033203
,Run8,1587,21.5158847094271,304.784027099609
,Run8,1588,21.5158847094271,304.838012695312
,Run8,1589,24.943905263518,304.856018066406
,Run8,1590,24.943905263518,304.863006591797
,Run8,1591,24.943905263518,304.857025146484
,Run8,1592,24.943905263518,304.848022460938
,Run8,1593,24.943905263518,304.857025146484
,Run8,1594,24.943905263518,304.846008300781
,Run8,1595,24.943905263518,304.849029541016
,Run8,1596,24.943905263518,304.869018554688
,Run8,1597,24.943905263518,304.828002929688
,Run8,1598,24.943905263518,304.835021972656
,Run8,1599,24.943905263518,304.836029052734
,Run8,1600,24.943905263518,304.842010498047
,Run8,1601,24.943905263518,304.825012207031
,Run8,1602,24.943905263518,304.826019287109
,Run8,1603,24.943905263518,304.860015869141
,Run8,1604,24.943905263518,304.829010009766
,Run8,1605,24.943905263518,304.829010009766
,Run8,1606,24.943905263518,304.817016601562
,Run8,1607,24.943905263518,304.85400390625
,Run8,1608,24.943905263518,304.891021728516
,Run8,1609,24.943905263518,304.828002929688
,Run8,1610,24.943905263518,304.861999511719
,Run8,1611,24.943905263518,304.85302734375
,Run8,1612,24.943905263518,304.85302734375
,Run8,1613,24.943905263518,304.822021484375
,Run8,1614,24.943905263518,304.863006591797
,Run8,1615,24.943905263518,304.863006591797
,Run8,1616,24.943905263518,304.830017089844
,Run8,1617,24.943905263518,304.855010986328
,Run8,1618,24.943905263518,304.819000244141
,Run8,1619,24.943905263518,304.859008789062
,Run8,1620,24.943905263518,304.813018798828
,Run8,1621,24.943905263518,304.841003417969
,Run8,1622,24.943905263518,304.864013671875
,Run8,1623,24.943905263518,304.843017578125
,Run8,1624,24.943905263518,304.870025634766
,Run8,1625,24.943905263518,304.843017578125
,Run8,1626,24.943905263518,304.843017578125
,Run8,1627,24.943905263518,304.840026855469
,Run8,1628,24.943905263518,304.821014404297
,Run8,1629,24.943905263518,304.837005615234
,Run8,1630,24.943905263518,304.825012207031
,Run8,1631,24.943905263518,304.836029052734
,Run8,1632,24.943905263518,304.810028076172
,Run8,1633,24.943905263518,304.840026855469
,Run8,1634,24.943905263518,304.828002929688
,Run8,1635,24.943905263518,304.839019775391
,Run8,1636,24.943905263518,304.845001220703
,Run8,1637,24.943905263518,304.831024169922
,Run8,1638,24.943905263518,304.829010009766
,Run8,1639,24.943905263518,304.85400390625
,Run8,1640,24.943905263518,304.799011230469
,Run8,1641,24.943905263518,304.824005126953
,Run8,1642,24.943905263518,304.851013183594
,Run8,1643,24.943905263518,304.844024658203
,Run8,1644,24.943905263518,304.81201171875
,Run8,1645,24.943905263518,304.817016601562
,Run8,1646,24.943905263518,304.785003662109
,Run8,1647,24.943905263518,304.802001953125
,Run8,1648,24.943905263518,304.802001953125
,Run8,1649,24.943905263518,304.804016113281
,Run8,1650,24.943905263518,304.787017822266
,Run8,1651,24.943905263518,304.781005859375
,Run8,1652,24.943905263518,304.81201171875
,Run8,1653,24.943905263518,304.8330078125
,Run8,1654,24.943905263518,304.807006835938
,Run8,1655,24.943905263518,304.810028076172
,Run8,1656,24.943905263518,304.8330078125
,Run8,1657,24.943905263518,304.792022705078
,Run8,1658,24.943905263518,304.77001953125
,Run8,1659,24.943905263518,304.823028564453
,Run8,1660,24.943905263518,304.846008300781
,Run8,1661,24.943905263518,304.825012207031
,Run8,1662,24.943905263518,304.832000732422
,Run8,1663,24.943905263518,304.832000732422
,Run8,1664,24.943905263518,304.826019287109
,Run8,1665,24.943905263518,304.847015380859
,Run8,1666,24.943905263518,304.829010009766
,Run8,1667,24.943905263518,304.85400390625
,Run8,1668,24.943905263518,304.825012207031
,Run8,1669,24.943905263518,304.825012207031
,Run8,1670,24.943905263518,304.835021972656
,Run8,1671,24.943905263518,304.850006103516
,Run8,1672,24.943905263518,304.850006103516
,Run8,1673,24.943905263518,304.836029052734
,Run8,1674,24.943905263518,304.840026855469
,Run8,1675,24.943905263518,304.839019775391
,Run8,1676,24.943905263518,304.850006103516
,Run8,1677,24.943905263518,304.840026855469
,Run8,1678,24.943905263518,304.848022460938
,Run8,1679,24.943905263518,304.870025634766
,Run8,1680,24.943905263518,304.829010009766
,Run8,1681,24.943905263518,304.85302734375
,Run8,1682,24.943905263518,304.830017089844
,Run8,1683,24.943905263518,304.851013183594
,Run8,1684,24.943905263518,304.849029541016
,Run8,1685,24.943905263518,304.85302734375
,Run8,1686,24.943905263518,304.872009277344
,Run8,1687,24.943905263518,304.85302734375
,Run8,1688,24.943905263518,304.840026855469
,Run8,1689,24.943905263518,304.850006103516
,Run8,1690,24.943905263518,304.882019042969
,Run8,1691,24.943905263518,304.882019042969
,Run8,1692,24.943905263518,304.85400390625
,Run8,1693,24.943905263518,304.870025634766
,Run8,1694,24.943905263518,304.875
,Run8,1695,24.943905263518,304.878021240234
,Run8,1696,24.943905263518,304.859008789062
,Run8,1697,24.943905263518,304.889007568359
,Run8,1698,24.943905263518,304.897003173828
,Run8,1699,24.943905263518,304.866027832031
,Run8,1700,24.943905263518,304.889007568359
,Run8,1701,24.943905263518,304.85302734375
,Run8,1702,24.943905263518,304.873016357422
,Run8,1703,24.943905263518,304.842010498047
,Run8,1704,24.943905263518,304.857025146484
,Run8,1705,24.943905263518,304.870025634766
,Run8,1706,24.943905263518,304.863006591797
,Run8,1707,24.943905263518,304.860015869141
,Run8,1708,24.943905263518,304.844024658203
,Run8,1709,24.943905263518,304.85302734375
,Run8,1710,24.943905263518,304.8330078125
,Run8,1711,24.943905263518,304.861999511719
,Run8,1712,24.943905263518,304.861999511719
,Run8,1713,24.943905263518,304.834014892578
,Run8,1714,24.943905263518,304.851013183594
,Run8,1715,24.943905263518,304.824005126953
,Run8,1716,24.943905263518,304.823028564453
,Run8,1717,24.943905263518,304.865020751953
,Run8,1718,24.943905263518,304.820007324219
,Run8,1719,24.943905263518,304.844024658203
,Run8,1720,24.943905263518,304.831024169922
,Run8,1721,24.943905263518,304.852020263672
,Run8,1722,24.943905263518,304.821014404297
,Run8,1723,30.1413855519155,304.821014404297
,Run8,1724,30.1413855519155,304.807006835938
,Run8,1725,30.1413855519155,304.830017089844
,Run8,1726,30.1413855519155,304.819000244141
,Run8,1727,30.1413855519155,304.834014892578
,Run8,1728,30.1413855519155,304.811004638672
,Run8,1729,30.1413855519155,304.845001220703
,Run8,1730,30.1413855519155,304.794006347656
,Run8,1731,30.1413855519155,304.823028564453
,Run8,1732,30.1413855519155,304.792022705078
,Run8,1733,30.1413855519155,304.830017089844
,Run8,1734,30.1413855519155,304.790008544922
,Run8,1735,30.1413855519155,304.811004638672
,Run8,1736,30.1413855519155,304.790008544922
,Run8,1737,30.1413855519155,304.81201171875
,Run8,1738,30.1413855519155,304.769012451172
,Run8,1739,30.1413855519155,304.799011230469
,Run8,1740,30.1413855519155,304.774017333984
,Run8,1741,30.1413855519155,304.792999267578
,Run8,1742,30.1413855519155,304.767028808594
,Run8,1743,30.1413855519155,304.785003662109
,Run8,1744,30.1413855519155,304.765014648438
,Run8,1745,30.1413855519155,304.765014648438
,Run8,1746,30.1413855519155,304.733001708984
,Run8,1747,30.1413855519155,304.765014648438
,Run8,1748,30.1413855519155,304.75
,Run8,1749,30.1413855519155,304.771026611328
,Run8,1750,30.1413855519155,304.763000488281
,Run8,1751,30.1413855519155,304.776000976562
,Run8,1752,30.1413855519155,304.741027832031
,Run8,1753,30.1413855519155,304.752014160156
,Run8,1754,30.1413855519155,304.7490234375
,Run8,1755,30.1413855519155,304.765014648438
,Run8,1756,30.1413855519155,304.760009765625
,Run8,1757,30.1413855519155,304.769012451172
,Run8,1758,30.1413855519155,304.763000488281
,Run8,1759,30.1413855519155,304.788024902344
,Run8,1760,30.1413855519155,304.746002197266
,Run8,1761,30.1413855519155,304.766021728516
,Run8,1762,30.1413855519155,304.743011474609
,Run8,1763,30.1413855519155,304.786010742188
,Run8,1764,30.1413855519155,304.759002685547
,Run8,1765,30.1413855519155,304.779022216797
,Run8,1766,30.1413855519155,304.741027832031
,Run8,1767,30.1413855519155,304.741027832031
,Run8,1768,30.1413855519155,304.760009765625
,Run8,1769,30.1413855519155,304.758026123047
,Run8,1770,30.1413855519155,304.764007568359
,Run8,1771,30.1413855519155,304.762023925781
,Run8,1772,30.1413855519155,304.764007568359
,Run8,1773,30.1413855519155,304.775024414062
,Run8,1774,30.1413855519155,304.744018554688
,Run8,1775,30.1413855519155,304.744018554688
,Run8,1776,30.1413855519155,304.768005371094
,Run8,1777,30.1413855519155,304.759002685547
,Run8,1778,30.1413855519155,304.77001953125
,Run8,1779,30.1413855519155,304.758026123047
,Run8,1780,30.1413855519155,304.769012451172
,Run8,1781,30.1413855519155,304.744018554688
,Run8,1782,30.1413855519155,304.731018066406
,Run8,1783,30.1413855519155,304.752014160156
,Run8,1784,30.1413855519155,304.753021240234
,Run8,1785,30.1413855519155,304.752014160156
,Run8,1786,30.1413855519155,304.732025146484
,Run8,1787,30.1413855519155,304.742004394531
,Run8,1788,30.1413855519155,304.733001708984
,Run8,1789,30.1413855519155,304.733001708984
,Run8,1790,30.1413855519155,304.686004638672
,Run8,1791,30.1413855519155,304.716003417969
,Run8,1792,30.1413855519155,304.700012207031
,Run8,1793,30.1413855519155,304.727020263672
,Run8,1794,30.1413855519155,304.725006103516
,Run8,1795,30.1413855519155,304.706024169922
,Run8,1796,30.1413855519155,304.716003417969
,Run8,1797,30.1413855519155,304.716003417969
,Run8,1798,30.1413855519155,304.648010253906
,Run8,1799,30.1413855519155,304.709014892578
,Run8,1800,30.1413855519155,304.688018798828
,Run8,1801,30.1413855519155,304.731018066406
,Run8,1802,30.1413855519155,304.706024169922
,Run8,1803,30.1413855519155,304.722015380859
,Run8,1804,30.1413855519155,304.620025634766
,Run8,1805,30.1413855519155,304.716003417969
,Run8,1806,30.1413855519155,304.663024902344
,Run8,1807,30.1413855519155,304.726013183594
,Run8,1808,30.1413855519155,304.683013916016
,Run8,1809,30.1413855519155,304.743011474609
,Run8,1810,30.1413855519155,304.719024658203
,Run8,1811,30.1413855519155,304.742004394531
,Run8,1812,30.1413855519155,304.606018066406
,Run8,1813,30.1413855519155,304.721008300781
,Run8,1814,30.1413855519155,304.664001464844
,Run8,1815,30.1413855519155,304.72802734375
,Run8,1816,30.1413855519155,304.697021484375
,Run8,1817,30.1413855519155,304.747009277344
,Run8,1818,30.1413855519155,304.738006591797
,Run8,1819,30.1413855519155,304.738006591797
,Run8,1820,30.1413855519155,304.625
,Run8,1821,30.1413855519155,304.766021728516
,Run8,1822,30.1413855519155,304.686004638672
,Run8,1823,30.1413855519155,304.768005371094
,Run8,1824,31.6075022463971,304.739013671875
,Run8,1825,31.6075022463971,304.765014648438
,Run8,1826,31.6075022463971,304.678009033203
,Run8,1827,31.6075022463971,304.775024414062
,Run8,1828,31.6075022463971,304.699005126953
,Run8,1829,31.6075022463971,304.781005859375
,Run8,1830,31.6075022463971,304.771026611328
,Run8,1831,31.6075022463971,304.785003662109
,Run8,1832,31.6075022463971,304.814025878906
,Run8,1833,31.6075022463971,304.814025878906
,Run8,1834,31.6075022463971,304.755004882812
,Run8,1835,31.6075022463971,304.635009765625
,Run8,1836,31.6075022463971,304.801025390625
,Run8,1837,31.6075022463971,304.702026367188
,Run8,1838,31.6075022463971,304.822021484375
,Run8,1839,31.6075022463971,304.760009765625
,Run8,1840,31.6075022463971,304.760009765625
,Run8,1841,31.6075022463971,304.666015625
,Run8,1842,31.6075022463971,304.818023681641
,Run8,1843,31.6075022463971,304.707000732422
,Run8,1844,31.6075022463971,304.849029541016
,Run8,1845,31.6075022463971,304.799011230469
,Run8,1846,31.6075022463971,304.799011230469
,Run8,1847,31.6075022463971,304.678009033203
,Run8,1848,31.6075022463971,304.849029541016
,Run8,1849,31.6075022463971,304.757019042969
,Run8,1850,31.6075022463971,304.836029052734
,Run8,1851,31.6075022463971,304.809020996094
,Run8,1852,31.6075022463971,304.846008300781
,Run8,1853,31.6075022463971,304.697021484375
,Run8,1854,31.6075022463971,304.845001220703
,Run8,1855,31.6075022463971,304.800018310547
,Run8,1856,31.6075022463971,304.669006347656
,Run8,1857,31.6075022463971,304.820007324219
,Run8,1858,31.6075022463971,304.703002929688
,Run8,1859,31.6075022463971,304.866027832031
,Run8,1860,31.6075022463971,304.602020263672
,Run8,1861,31.6075022463971,304.786010742188
,Run8,1862,31.6075022463971,304.652008056641
,Run8,1863,31.6075022463971,304.800018310547
,Run8,1864,31.6075022463971,304.684020996094
,Run8,1865,31.6075022463971,304.807006835938
,Run8,1866,31.6075022463971,304.691009521484
,Run8,1867,31.6075022463971,304.691009521484
,Run8,1868,31.6075022463971,304.590026855469
,Run8,1869,31.6075022463971,304.704010009766
,Run8,1870,31.6075022463971,304.600006103516
,Run8,1871,31.6075022463971,304.653015136719
,Run8,1872,31.6075022463971,304.560028076172
,Run8,1873,31.6075022463971,304.560028076172
,Run8,1874,31.6075022463971,304.521026611328
,Run8,1875,31.6075022463971,304.555023193359
,Run8,1876,31.6075022463971,304.109008789062
,Run8,1877,31.6075022463971,303.508026123047
,Run8,1878,31.6075022463971,303.372009277344
,Run8,1879,31.6075022463971,303.867004394531
,Run8,1880,31.6075022463971,303.867004394531
,Run8,1881,31.6075022463971,304.3740234375
,Run8,1882,31.6075022463971,304.585021972656
,Run8,1883,31.6075022463971,304.577026367188
,Run8,1884,31.6075022463971,304.628021240234
,Run8,1885,31.6075022463971,304.621002197266
,Run8,1886,31.6075022463971,304.653015136719
,Run8,1887,31.6075022463971,304.570007324219
,Run8,1888,31.6075022463971,304.642028808594
,Run8,1889,31.6075022463971,304.647003173828
,Run8,1890,31.6075022463971,304.698028564453
,Run8,1891,31.6075022463971,304.691009521484
,Run8,1892,31.6075022463971,304.761016845703
,Run8,1893,31.6075022463971,304.761016845703
,Run8,1894,31.6075022463971,304.761016845703
,Run8,1895,31.6075022463971,304.713012695312
,Run8,1896,31.6075022463971,304.788024902344
,Run8,1897,31.6075022463971,304.762023925781
,Run8,1898,31.6075022463971,304.740020751953
,Run8,1899,31.6075022463971,304.803009033203
,Run8,1900,31.6075022463971,304.671020507812
,Run8,1901,31.6075022463971,304.765014648438
,Run8,1902,31.6075022463971,304.723022460938
,Run8,1903,31.6075022463971,304.784027099609
,Run8,1904,31.6075022463971,304.777008056641
,Run8,1905,31.6075022463971,304.784027099609
,Run8,1906,31.6075022463971,304.804016113281
,Run8,1907,31.6075022463971,304.804016113281
,Run8,1908,31.6075022463971,304.761016845703
,Run8,1909,31.6075022463971,304.778015136719
,Run8,1910,31.6075022463971,304.807006835938
,Run8,1911,31.6075022463971,304.781005859375
,Run8,1912,31.6075022463971,304.794006347656
,Run8,1913,31.6075022463971,304.818023681641
,Run8,1914,31.6075022463971,304.817016601562
,Run8,1915,31.6075022463971,304.805999755859
,Run8,1916,31.6075022463971,304.810028076172
,Run8,1917,31.6075022463971,304.826019287109
,Run8,1918,31.6075022463971,304.825012207031
,Run8,1919,31.6075022463971,304.834014892578
,Run8,1920,31.6075022463971,304.849029541016
,Run8,1921,31.6075022463971,304.860015869141
,Run8,1922,31.6075022463971,304.841003417969
,Run8,1923,31.6075022463971,304.880004882812
,Run8,1924,31.6075022463971,304.861999511719
,Run8,1925,31.6075022463971,304.845001220703
,Run8,1926,31.6075022463971,304.865020751953
,Run8,1927,31.6075022463971,304.868011474609
,Run8,1928,31.6075022463971,304.870025634766
,Run8,1929,31.6075022463971,304.855010986328
,Run8,1930,31.6075022463971,304.872009277344
,Run8,1931,31.6075022463971,304.883026123047
,Run8,1932,31.6075022463971,304.913024902344
,Run8,1933,31.6075022463971,304.865020751953
,Run8,1934,31.6075022463971,304.865020751953
,Run8,1935,31.6075022463971,304.886016845703
,Run8,1936,31.6075022463971,304.904022216797
,Run8,1937,31.6075022463971,304.890014648438
,Run8,1938,31.6075022463971,304.917999267578
,Run8,1939,34.9735287421053,304.916015625
,Run8,1940,34.9735287421053,304.915008544922
,Run8,1941,34.9735287421053,304.915008544922
,Run8,1942,34.9735287421053,304.903015136719
,Run8,1943,34.9735287421053,304.925018310547
,Run8,1944,34.9735287421053,304.903015136719
,Run8,1945,34.9735287421053,304.941009521484
,Run8,1946,34.9735287421053,304.912017822266
,Run8,1947,34.9735287421053,304.911010742188
,Run8,1948,34.9735287421053,304.920013427734
,Run8,1949,34.9735287421053,304.935028076172
,Run8,1950,34.9735287421053,304.93701171875
,Run8,1951,34.9735287421053,304.930999755859
,Run8,1952,34.9735287421053,304.930999755859
,Run8,1953,34.9735287421053,304.93701171875
,Run8,1954,34.9735287421053,304.910003662109
,Run8,1955,34.9735287421053,304.940002441406
,Run8,1956,34.9735287421053,304.945007324219
,Run8,1957,34.9735287421053,304.945007324219
,Run8,1958,34.9735287421053,304.947021484375
,Run8,1959,34.9735287421053,304.934020996094
,Run8,1960,34.9735287421053,304.946014404297
,Run8,1961,34.9735287421053,304.938018798828
,Run8,1962,34.9735287421053,304.944000244141
,Run8,1963,34.9735287421053,304.930999755859
,Run8,1964,34.9735287421053,304.927001953125
,Run8,1965,34.9735287421053,304.934020996094
,Run8,1966,34.9735287421053,304.950012207031
,Run8,1967,34.9735287421053,304.936004638672
,Run8,1968,34.9735287421053,304.925018310547
,Run8,1969,34.9735287421053,304.927001953125
,Run8,1970,34.9735287421053,304.914001464844
,Run8,1971,34.9735287421053,304.921020507812
,Run8,1972,34.9735287421053,304.934020996094
,Run8,1973,34.9735287421053,304.917999267578
,Run8,1974,34.9735287421053,304.917999267578
,Run8,1975,34.9735287421053,304.89501953125
,Run8,1976,34.9735287421053,304.917999267578
,Run8,1977,34.9735287421053,304.907012939453
,Run8,1978,34.9735287421053,304.933013916016
,Run8,1979,34.9735287421053,304.905029296875
,Run8,1980,34.9735287421053,304.896026611328
,Run8,1981,34.9735287421053,304.930999755859
,Run8,1982,34.9735287421053,304.901000976562
,Run8,1983,34.9735287421053,304.920013427734
,Run8,1984,34.9735287421053,304.885009765625
,Run8,1985,34.9735287421053,304.885009765625
,Run8,1986,34.9735287421053,304.884002685547
,Run8,1987,34.9735287421053,304.889007568359
,Run8,1988,34.9735287421053,304.893005371094
,Run8,1989,34.9735287421053,304.870025634766
,Run8,1990,34.9735287421053,304.870025634766
,Run8,1991,34.9735287421053,304.884002685547
,Run8,1992,34.9735287421053,304.889007568359
,Run8,1993,34.9735287421053,304.866027832031
,Run8,1994,34.9735287421053,304.877014160156
,Run8,1995,34.9735287421053,304.875
,Run8,1996,34.9735287421053,304.873016357422
,Run8,1997,34.9735287421053,304.872009277344
,Run8,1998,34.9735287421053,304.867004394531
,Run8,1999,34.9735287421053,304.868011474609
,Run8,2000,34.9735287421053,304.868011474609
,Run8,2001,34.9735287421053,304.883026123047
,Run8,2002,34.9735287421053,304.871002197266
,Run8,2003,34.9735287421053,304.851013183594
,Run8,2004,34.9735287421053,304.863006591797
,Run8,2005,34.9735287421053,304.836029052734
,Run8,2006,34.9735287421053,304.858001708984
,Run8,2007,34.9735287421053,304.823028564453
,Run8,2008,34.9735287421053,304.837005615234
,Run8,2009,34.9735287421053,304.841003417969
,Run8,2010,34.9735287421053,304.825012207031
,Run8,2011,34.9735287421053,304.832000732422
,Run8,2012,34.9735287421053,304.830017089844
,Run8,2013,34.9735287421053,304.830017089844
,Run8,2014,34.9735287421053,304.811004638672
,Run8,2015,34.9735287421053,304.824005126953
,Run8,2016,34.9735287421053,304.81201171875
,Run8,2017,34.9735287421053,304.824005126953
,Run8,2018,34.9735287421053,304.824005126953
,Run8,2019,34.9735287421053,304.816009521484
,Run8,2020,34.9735287421053,304.811004638672
,Run8,2021,34.9735287421053,304.807006835938
,Run8,2022,34.9735287421053,304.775024414062
,Run8,2023,34.9735287421053,304.807006835938
,Run8,2024,34.9735287421053,304.799011230469
,Run8,2025,34.9735287421053,304.785003662109
,Run8,2026,34.9735287421053,304.763000488281
,Run8,2027,34.9735287421053,304.757019042969
,Run8,2028,34.9735287421053,304.786010742188
,Run8,2029,34.9735287421053,304.783020019531
,Run8,2030,34.9735287421053,304.791015625
,Run8,2031,34.9735287421053,304.775024414062
,Run8,2032,34.9735287421053,304.782012939453
,Run8,2033,34.9735287421053,304.781005859375
,Run8,2034,34.9735287421053,304.779022216797
,Run8,2035,34.9735287421053,304.741027832031
,Run8,2036,34.9735287421053,304.769012451172
,Run8,2037,34.9735287421053,304.759002685547
,Run8,2038,34.9735287421053,304.773010253906
,Run8,2039,34.9735287421053,304.779022216797
,Run8,2040,34.9735287421053,304.788024902344
,Run8,2041,34.9735287421053,304.785003662109
,Run8,2042,34.9735287421053,304.773010253906
,Run8,2043,34.9735287421053,304.761016845703
,Run8,2044,34.9735287421053,304.758026123047
,Run8,2045,34.9735287421053,304.732025146484
,Run8,2046,34.9735287421053,304.732025146484
,Run8,2047,34.9735287421053,304.747009277344
,Run8,2048,34.9735287421053,304.746002197266
,Run8,2049,34.9735287421053,304.736999511719
,Run8,2050,34.9735287421053,304.727020263672
,Run8,2051,34.9735287421053,304.727020263672
,Run8,2052,34.9735287421053,304.748016357422
,Run8,2053,34.9735287421053,304.710021972656
,Run8,2054,34.9735287421053,304.701019287109
,Run8,2055,34.9735287421053,304.720001220703
,Run8,2056,34.9735287421053,304.702026367188
,Run8,2057,34.9735287421053,304.714019775391
,Run8,2058,34.9735287421053,304.669006347656
,Run8,2059,55.1755108431876,304.682006835938
,Run8,2060,55.1755108431876,304.635009765625
,Run8,2061,55.1755108431876,304.623016357422
,Run8,2062,55.1755108431876,304.678009033203
,Run8,2063,55.1755108431876,304.629028320312
,Run8,2064,55.1755108431876,304.574005126953
,Run8,2065,55.1755108431876,304.361999511719
,Run8,2066,55.1755108431876,304.278015136719
,Run8,2067,55.1755108431876,304.004028320312
,Run8,2068,55.1755108431876,304.301025390625
,Run8,2069,55.1755108431876,304.361022949219
,Run8,2070,55.1755108431876,303.997009277344
,Run8,2071,55.1755108431876,304.122009277344
,Run8,2072,55.1755108431876,303.910003662109
,Run8,2073,55.1755108431876,304.512023925781
,Run8,2074,55.1755108431876,304.109008789062
,Run8,2075,55.1755108431876,304.446014404297
,Run8,2076,55.1755108431876,304.406005859375
,Run8,2077,55.1755108431876,304.85400390625
,Run8,2078,55.1755108431876,304.800018310547
,Run8,2079,55.1755108431876,304.800018310547
,Run8,2080,55.1755108431876,304.823028564453
,Run8,2081,55.1755108431876,304.462005615234
,Run8,2082,55.1755108431876,304.409027099609
,Run8,2083,55.1755108431876,304.441009521484
,Run8,2084,55.1755108431876,304.441009521484
,Run8,2085,33.6900675261841,304.421020507812
,Run8,2086,33.6900675261841,304.781005859375
,Run8,2087,33.6900675261841,304.781005859375
,Run8,2088,33.6900675261841,304.141021728516
,Run8,2089,33.6900675261841,304.655029296875
,Run8,2090,33.6900675261841,304.015014648438
,Run8,2091,33.6900675261841,304.375
,Run8,2092,33.6900675261841,304.889007568359
,Run8,2093,33.6900675261841,304.735015869141
,Run8,2094,33.6900675261841,304.2490234375
,Run8,2095,33.6900675261841,304.609008789062
,Run8,2096,33.6900675261841,304.123016357422
,Run8,2097,33.6900675261841,304.483001708984
,Run8,2098,33.6900675261841,304.998016357422
,Run8,2099,33.6900675261841,304.843017578125
,Run8,2100,33.6900675261841,304.203002929688
,Run8,2101,33.6900675261841,304.088012695312
,Run8,2102,33.6900675261841,304.144012451172
,Run8,2103,33.6900675261841,304.063018798828
,Run8,2104,33.6900675261841,304.073028564453
,Run8,2105,33.6900675261841,304.073028564453
,Run8,2106,33.6900675261841,304.0830078125
,Run8,2107,33.6900675261841,304.966003417969
,Run8,2108,33.6900675261841,304.858001708984
,Run8,2109,33.6900675261841,304.006011962891
,Run8,2110,33.6900675261841,304.93701171875
,Run8,2111,33.6900675261841,304.938018798828
,Run8,2112,33.6900675261841,304.941009521484
,Run8,2113,33.6900675261841,304.932006835938
,Run8,2114,33.6900675261841,304.955017089844
,Run8,2115,33.6900675261841,304.983001708984
,Run8,2116,33.6900675261841,304.028015136719
,Run8,2117,33.6900675261841,304.048004150391
,Run8,2118,33.6900675261841,304.667022705078
,Run8,2119,33.6900675261841,304.123016357422
,Run8,2120,33.6900675261841,304.901000976562
,Run8,2121,33.6900675261841,304.357025146484
,Run8,2122,33.6900675261841,304.135009765625
,Run8,2123,33.6900675261841,304.135009765625
,Run8,2124,33.6900675261841,304.912017822266
,Run8,2125,33.6900675261841,304.369018554688
,Run8,2126,33.6900675261841,304.146026611328
,Run8,2127,33.6900675261841,304.923004150391
,Run8,2128,33.6900675261841,304.380004882812
,Run8,2129,33.6900675261841,304.700012207031
,Run8,2130,33.6900675261841,304.157012939453
,Run8,2131,33.6900675261841,304.934020996094
,Run8,2132,33.6900675261841,304.391021728516
,Run8,2133,33.6900675261841,304.167999267578
,Run8,2134,33.6900675261841,304.023010253906
,Run8,2135,33.6900675261841,303.034027099609
,Run8,2136,33.6900675261841,302.878021240234
,Run8,2137,33.6900675261841,303.3330078125
,Run8,2138,33.6900675261841,303.180999755859
,Run8,2139,33.6900675261841,303.430023193359
,Run8,2140,3.36646066338095,303.537017822266
,Run8,2141,3.36646066338095,303.674011230469
,Run8,2142,3.36646066338095,303.72900390625
,Run8,2143,3.36646066338095,303.810028076172
,Run8,2144,3.36646066338095,303.614013671875
,Run8,2145,3.36646066338095,303.807006835938
,Run8,2146,3.36646066338095,304.028015136719
,Run8,2147,3.36646066338095,304.1240234375
,Run8,2148,3.36646066338095,304.287017822266
,Run8,2149,3.36646066338095,304.450012207031
,Run8,2150,3.36646066338095,304.563018798828
,Run8,2151,3.36646066338095,304.7080078125
,Run8,2152,3.36646066338095,304.715026855469
,Run8,2153,3.36646066338095,304.709014892578
,Run8,2154,3.36646066338095,304.75
,Run8,2155,3.36646066338095,304.748016357422
,Run8,2156,34.9668794456069,304.757019042969
,Run8,2157,34.9668794456069,304.757019042969
,Run8,2158,34.9668794456069,304.77001953125
,Run8,2159,34.9668794456069,304.771026611328
,Run8,2160,34.9668794456069,304.751007080078
,Run8,2161,34.9668794456069,304.764007568359
,Run8,2162,34.9668794456069,304.764007568359
,Run8,2163,34.9668794456069,304.775024414062
,Run8,2164,34.9668794456069,304.744018554688
,Run8,2165,34.9668794456069,304.759002685547
,Run8,2166,34.9668794456069,304.748016357422
,Run8,2167,34.9668794456069,304.759002685547
,Run8,2168,34.9668794456069,304.759002685547
,Run8,2169,34.9668794456069,304.745025634766
,Run8,2170,34.9668794456069,304.758026123047
,Run8,2171,34.9668794456069,304.747009277344
,Run8,2172,34.9668794456069,304.734008789062
,Run8,2173,34.9668794456069,304.734008789062
,Run8,2174,34.9668794456069,304.732025146484
,Run8,2175,34.9668794456069,304.720001220703
,Run8,2176,34.9668794456069,304.762023925781
,Run8,2177,34.9668794456069,304.715026855469
,Run8,2178,34.9668794456069,304.716003417969
,Run8,2179,34.9668794456069,304.721008300781
,Run8,2180,34.9668794456069,304.715026855469
,Run8,2181,34.9668794456069,304.702026367188
,Run8,2182,34.9668794456069,304.720001220703
,Run8,2183,34.9668794456069,304.709014892578
,Run8,2184,34.9668794456069,304.722015380859
,Run8,2185,34.9668794456069,304.697021484375
,Run8,2186,34.9668794456069,304.741027832031
,Run8,2187,34.9668794456069,304.677001953125
,Run8,2188,34.9668794456069,304.709014892578
,Run8,2189,34.9668794456069,304.709014892578
,Run8,2190,34.9668794456069,304.709014892578
,Run8,2191,34.9668794456069,304.717010498047
,Run8,2192,34.9668794456069,304.686004638672
,Run8,2193,34.9668794456069,304.711029052734
,Run8,2194,34.9668794456069,304.671020507812
,Run8,2195,34.9668794456069,304.697021484375
,Run8,2196,34.9668794456069,304.699005126953
,Run8,2197,34.9668794456069,304.666015625
,Run8,2198,34.9668794456069,304.688018798828
,Run8,2199,34.9668794456069,304.680023193359
,Run8,2200,34.9668794456069,304.717010498047
,Run8,2201,34.9668794456069,304.717010498047
,Run8,2202,34.9668794456069,304.698028564453
,Run8,2203,34.9668794456069,304.718017578125
,Run8,2204,34.9668794456069,304.709014892578
,Run8,2205,34.9668794456069,304.748016357422
,Run8,2206,34.9668794456069,304.748016357422
,Run8,2207,34.9668794456069,304.712005615234
,Run8,2208,34.9668794456069,304.735015869141
,Run8,2209,34.9668794456069,304.754028320312
,Run8,2210,34.9668794456069,304.72802734375
,Run8,2211,34.9668794456069,304.7490234375
,Run8,2212,34.9668794456069,304.725006103516
,Run8,2213,34.9668794456069,304.718017578125
,Run8,2214,34.9668794456069,304.7490234375
,Run8,2215,34.9668794456069,304.722015380859
,Run8,2216,34.9668794456069,304.72802734375
,Run8,2217,34.9668794456069,304.672027587891
,Run8,2218,34.9668794456069,304.723022460938
,Run8,2219,34.9668794456069,304.718017578125
,Run8,2220,34.9668794456069,304.719024658203
,Run8,2221,34.9668794456069,304.739013671875
,Run8,2222,34.9668794456069,304.730010986328
,Run8,2223,34.9668794456069,304.730010986328
,Run8,2224,34.9668794456069,304.707000732422
,Run8,2225,34.9668794456069,304.735015869141
,Run8,2226,34.9668794456069,304.740020751953
,Run8,2227,34.9668794456069,304.734008789062
,Run8,2228,34.9668794456069,304.713012695312
,Run8,2229,34.9668794456069,304.691009521484
,Run8,2230,34.9668794456069,304.711029052734
,Run8,2231,34.9668794456069,304.726013183594
,Run8,2232,34.9668794456069,304.736999511719
,Run8,2233,34.9668794456069,304.735015869141
,Run8,2234,34.9668794456069,304.735015869141
,Run8,2235,34.9668794456069,304.748016357422
,Run8,2236,34.9668794456069,304.715026855469
,Run8,2237,34.9668794456069,304.756011962891
,Run8,2238,34.9668794456069,304.731018066406
,Run8,2239,34.9668794456069,304.751007080078
,Run8,2240,34.9668794456069,304.736999511719
,Run8,2241,34.9668794456069,304.7490234375
,Run8,2242,34.9668794456069,304.772003173828
,Run8,2243,34.9668794456069,304.760009765625
,Run8,2244,34.9668794456069,304.764007568359
,Run8,2245,34.9668794456069,304.746002197266
,Run8,2246,34.9668794456069,304.767028808594
,Run8,2247,34.9668794456069,304.790008544922
,Run8,2248,34.9668794456069,304.767028808594
,Run8,2249,34.9668794456069,304.772003173828
,Run8,2250,34.9668794456069,304.769012451172
,Run8,2251,34.9668794456069,304.769012451172
,Run8,2252,34.9668794456069,304.761016845703
,Run8,2253,34.9668794456069,304.803009033203
,Run8,2254,34.9668794456069,304.769012451172
,Run8,2255,34.9668794456069,304.791015625
,Run8,2256,34.9668794456069,304.767028808594
,Run8,2257,34.9668794456069,304.767028808594
,Run8,2258,34.9668794456069,304.811004638672
,Run8,2259,34.9668794456069,304.805999755859
,Run8,2260,34.9668794456069,304.836029052734
,Run8,2261,34.9668794456069,304.804016113281
,Run8,2262,34.9668794456069,304.804016113281
,Run8,2263,34.9668794456069,304.811004638672
,Run8,2264,34.9668794456069,304.815002441406
,Run8,2265,34.9668794456069,304.841003417969
,Run8,2266,34.9668794456069,304.807006835938
,Run8,2267,34.9668794456069,304.807006835938
,Run8,2268,34.9668794456069,304.805999755859
,Run8,2269,34.9668794456069,304.836029052734
,Run8,2270,34.9668794456069,304.803009033203
,Run8,2271,34.9668794456069,304.776000976562
,Run8,2272,34.9668794456069,304.821014404297
,Run8,2273,34.9668794456069,304.787017822266
,Run8,2274,34.9668794456069,304.791015625
,Run8,2275,34.9668794456069,304.792022705078
,Run8,2276,34.9668794456069,304.811004638672
,Run8,2277,34.9668794456069,304.805023193359
,Run8,2278,34.9668794456069,304.805999755859
,Run8,2279,34.9668794456069,304.785003662109
,Run8,2280,34.9668794456069,304.775024414062
,Run8,2281,34.9668794456069,304.824005126953
,Run8,2282,34.9668794456069,304.815002441406
,Run8,2283,34.9668794456069,304.805023193359
,Run8,2284,34.9668794456069,304.792999267578
,Run8,2285,34.9668794456069,304.798004150391
,Run8,2286,34.9668794456069,304.822021484375
,Run8,2287,34.9668794456069,304.845001220703
,Run8,2288,34.9668794456069,304.836029052734
,Run8,2289,34.9668794456069,304.818023681641
,Run8,2290,34.9668794456069,304.852020263672
,Run8,2291,34.9668794456069,304.866027832031
,Run8,2292,34.9668794456069,304.850006103516
,Run8,2293,34.9668794456069,304.855010986328
,Run8,2294,34.9668794456069,304.85400390625
,Run8,2295,34.9668794456069,304.85400390625
,Run8,2296,34.9668794456069,304.844024658203
,Run8,2297,34.9668794456069,304.860015869141
,Run8,2298,34.9668794456069,304.852020263672
,Run8,2299,34.9668794456069,304.823028564453
,Run8,2300,34.9668794456069,304.861999511719
,Run8,2301,34.9668794456069,304.736022949219
,Run8,2302,34.9668794456069,304.881011962891
,Run8,2303,34.9668794456069,304.841003417969
,Run8,2304,34.9668794456069,304.767028808594
,Run8,2305,34.9668794456069,304.881011962891
,Run8,2306,34.9668794456069,304.617004394531
,Run8,2307,34.9668794456069,304.798004150391
,Run8,2308,34.9668794456069,304.764007568359
,Run8,2309,34.9668794456069,304.888000488281
,Run8,2310,34.9668794456069,304.822021484375
,Run8,2311,34.9668794456069,304.751007080078
,Run8,2312,34.9668794456069,304.751007080078
,Run8,2313,34.9668794456069,304.614013671875
,Run8,2314,34.9668794456069,305.073028564453
,Run8,2315,34.9668794456069,305.0830078125
,Run8,2316,34.9668794456069,305.054016113281
,Run8,2317,34.9668794456069,304.715026855469
,Run8,2318,34.9668794456069,304.482025146484
,Run8,2319,34.9668794456069,304.705017089844
,Run8,2320,34.9668794456069,304.56201171875
,Run8,2321,34.9668794456069,304.768005371094
,Run8,2322,34.9668794456069,304.662017822266
,Run8,2323,34.9668794456069,304.662017822266
,Run8,2324,34.9668794456069,304.540008544922
,Run8,2325,34.9668794456069,304.363006591797
,Run8,2326,34.9668794456069,304.661010742188
,Run8,2327,34.9668794456069,304.5
,Run8,2328,34.9668794456069,304.5
,Run8,2329,34.9668794456069,304.360015869141
,Run8,2330,34.9668794456069,304.640014648438
,Run8,2331,28.562931033508,304.47900390625
,Run8,2332,28.562931033508,304.697021484375
,Run8,2333,28.562931033508,304.564025878906
,Run8,2334,28.562931033508,304.801025390625
,Run8,2335,28.562931033508,304.427001953125
,Run8,2336,28.562931033508,304.650024414062
,Run8,2337,28.562931033508,304.550018310547
,Run8,2338,28.562931033508,304.798004150391
,Run8,2339,28.562931033508,304.678009033203
,Run8,2340,28.562931033508,304.815002441406
,Run8,2341,28.562931033508,304.72802734375
,Run8,2342,28.562931033508,304.8740234375
,Run8,2343,28.562931033508,304.580017089844
,Run8,2344,28.562931033508,304.779022216797
,Run8,2345,28.562931033508,304.640014648438
,Run8,2346,28.562931033508,304.831024169922
,Run8,2347,28.562931033508,304.847015380859
,Run8,2348,28.562931033508,304.910003662109
,Run8,2349,28.562931033508,304.897003173828
,Run8,2350,28.562931033508,304.890014648438
,Run8,2351,28.562931033508,304.850006103516
,Run8,2352,28.562931033508,304.904022216797
,Run8,2353,28.562931033508,304.849029541016
,Run8,2354,28.562931033508,304.878021240234
,Run8,2355,28.562931033508,304.865020751953
,Run8,2356,28.562931033508,304.858001708984
,Run8,2357,28.562931033508,304.85400390625
,Run8,2358,28.562931033508,304.871002197266
,Run8,2359,28.562931033508,304.863006591797
,Run8,2360,28.562931033508,304.900024414062
,Run8,2361,28.562931033508,304.871002197266
,Run8,2362,28.562931033508,304.876007080078
,Run8,2363,28.562931033508,304.904022216797
,Run8,2364,28.562931033508,304.882019042969
,Run8,2365,28.562931033508,304.878021240234
,Run8,2366,28.562931033508,304.849029541016
,Run8,2367,28.562931033508,304.873016357422
,Run8,2368,28.562931033508,304.843017578125
,Run8,2369,28.562931033508,304.872009277344
,Run8,2370,28.562931033508,304.840026855469
,Run8,2371,28.562931033508,304.842010498047
,Run8,2372,28.562931033508,304.816009521484
,Run8,2373,28.562931033508,304.857025146484
,Run8,2374,28.562931033508,304.868011474609
,Run8,2375,28.562931033508,304.859008789062
,Run8,2376,28.562931033508,304.859008789062
,Run8,2377,28.562931033508,304.839019775391
,Run8,2378,28.562931033508,304.861999511719
,Run8,2379,28.562931033508,304.858001708984
,Run8,2380,28.562931033508,304.835021972656
,Run8,2381,28.562931033508,304.865020751953
,Run8,2382,28.562931033508,304.834014892578
,Run8,2383,28.562931033508,304.864013671875
,Run8,2384,28.562931033508,304.864013671875
,Run8,2385,28.562931033508,304.873016357422
,Run8,2386,28.562931033508,304.851013183594
,Run8,2387,28.562931033508,304.835021972656
,Run8,2388,28.562931033508,304.835021972656
,Run8,2389,28.562931033508,304.866027832031
,Run8,2390,28.562931033508,304.840026855469
,Run8,2391,28.562931033508,304.835021972656
,Run8,2392,28.562931033508,304.835021972656
,Run8,2393,28.562931033508,304.855010986328
,Run8,2394,28.562931033508,304.859008789062
,Run8,2395,28.562931033508,304.867004394531
,Run8,2396,28.562931033508,304.821014404297
,Run8,2397,28.562931033508,304.821014404297
,Run8,2398,28.562931033508,304.829010009766
,Run8,2399,28.562931033508,304.819000244141
,Run8,2400,28.562931033508,304.816009521484
,Run8,2401,28.562931033508,304.816009521484
,Run8,2402,28.562931033508,304.819000244141
,Run8,2403,28.562931033508,304.803009033203
,Run8,2404,28.562931033508,304.847015380859
,Run8,2405,28.562931033508,304.801025390625
,Run8,2406,28.562931033508,304.809020996094
,Run8,2407,28.562931033508,304.827026367188
,Run8,2408,28.562931033508,304.805023193359
,Run8,2409,28.562931033508,304.805023193359
,Run8,2410,28.562931033508,304.827026367188
,Run8,2411,28.562931033508,304.805023193359
,Run8,2412,28.562931033508,304.824005126953
,Run8,2413,28.562931033508,304.789001464844
,Run8,2414,28.562931033508,304.8330078125
,Run8,2415,28.562931033508,304.786010742188
,Run8,2416,28.562931033508,304.797027587891
,Run8,2417,28.562931033508,304.797027587891
,Run8,2418,28.562931033508,304.818023681641
,Run8,2419,28.562931033508,304.813018798828
,Run8,2420,28.562931033508,304.816009521484
,Run8,2421,28.562931033508,304.779022216797
,Run8,2422,28.562931033508,304.758026123047
,Run8,2423,28.562931033508,304.785003662109
,Run8,2424,28.562931033508,304.773010253906
,Run8,2425,28.562931033508,304.805999755859
,Run8,2426,28.562931033508,304.797027587891
,Run8,2427,28.562931033508,304.798004150391
,Run8,2428,28.562931033508,304.805999755859
,Run8,2429,28.562931033508,304.800018310547
,Run8,2430,28.562931033508,304.829010009766
,Run8,2431,28.562931033508,304.790008544922
,Run8,2432,28.562931033508,304.804016113281
,Run8,2433,28.562931033508,304.788024902344
,Run8,2434,28.562931033508,304.788024902344
,Run8,2435,28.562931033508,304.820007324219
,Run8,2436,28.562931033508,304.794006347656
,Run8,2437,28.562931033508,304.813018798828
,Run8,2438,28.562931033508,304.782012939453
,Run8,2439,28.562931033508,304.81201171875
,Run8,2440,28.562931033508,304.802001953125
,Run8,2441,28.562931033508,304.8330078125
,Run8,2442,28.562931033508,304.8330078125
,Run8,2443,28.562931033508,304.814025878906
,Run8,2444,28.562931033508,304.801025390625
,Run8,2445,28.562931033508,304.811004638672
,Run8,2446,28.562931033508,304.81201171875
,Run8,2447,28.562931033508,304.778015136719
,Run8,2448,28.562931033508,304.807006835938
,Run8,2449,28.562931033508,304.784027099609
,Run8,2450,28.562931033508,304.815002441406
,Run8,2451,28.562931033508,304.781005859375
,Run8,2452,28.562931033508,304.826019287109
,Run8,2453,28.562931033508,304.772003173828
,Run8,2454,28.562931033508,304.813018798828
,Run8,2455,28.562931033508,304.772003173828
,Run8,2456,28.562931033508,304.811004638672
,Run8,2457,28.562931033508,304.774017333984
,Run8,2458,28.562931033508,304.810028076172
,Run8,2459,28.562931033508,304.820007324219
,Run8,2460,28.562931033508,304.805023193359
,Run8,2461,28.562931033508,304.805999755859
,Run8,2462,28.562931033508,304.819000244141
,Run8,2463,28.562931033508,304.789001464844
,Run8,2464,28.562931033508,304.791015625
,Run8,2465,28.562931033508,304.756011962891
,Run8,2466,28.562931033508,304.805999755859
,Run8,2467,28.562931033508,304.781005859375
,Run8,2468,28.562931033508,304.752014160156
,Run8,2469,28.562931033508,304.817016601562
,Run8,2470,28.562931033508,304.758026123047
,Run8,2471,28.562931033508,304.794006347656
,Run8,2472,28.562931033508,304.781005859375
,Run8,2473,28.562931033508,304.787017822266
,Run8,2474,28.562931033508,304.763000488281
,Run8,2475,28.562931033508,304.792999267578
,Run8,2476,28.562931033508,304.801025390625
,Run8,2477,28.562931033508,304.777008056641
,Run8,2478,28.562931033508,304.772003173828
,Run8,2479,28.562931033508,304.776000976562
,Run8,2480,28.562931033508,304.77001953125
,Run8,2481,28.562931033508,304.805023193359
,Run8,2482,28.562931033508,304.786010742188
,Run8,2483,28.562931033508,304.804016113281
,Run8,2484,28.562931033508,304.792999267578
,Run8,2485,28.562931033508,304.828002929688
,Run8,2486,28.562931033508,304.804016113281
,Run8,2487,28.562931033508,304.792999267578
,Run8,2488,28.562931033508,304.799011230469
,Run8,2489,28.562931033508,304.840026855469
,Run8,2490,28.562931033508,304.814025878906
,Run8,2491,28.562931033508,304.814025878906
,Run8,2492,28.562931033508,304.836029052734
,Run8,2493,28.562931033508,304.837005615234
,Run8,2494,28.562931033508,304.841003417969
,Run8,2495,28.562931033508,304.837005615234
,Run8,2496,28.562931033508,304.841003417969
,Run8,2497,28.562931033508,304.829010009766
,Run8,2498,28.562931033508,304.830017089844
,Run8,2499,28.562931033508,304.830017089844
,Run8,2500,28.562931033508,304.821014404297
,Run8,2501,28.562931033508,304.851013183594
,Run8,2502,28.562931033508,304.852020263672
,Run8,2503,28.562931033508,304.841003417969
,Run8,2504,28.562931033508,304.844024658203
,Run8,2505,28.562931033508,304.837005615234
,Run8,2506,28.562931033508,304.848022460938
,Run8,2507,28.562931033508,304.848022460938
,Run8,2508,28.562931033508,304.85302734375
,Run8,2509,28.562931033508,304.830017089844
,Run8,2510,28.562931033508,304.841003417969
,Run8,2511,28.562931033508,304.839019775391
,Run8,2512,28.562931033508,304.782012939453
,Run8,2513,24.1609151233413,304.846008300781
,Run8,2514,24.1609151233413,304.829010009766
,Run8,2515,24.1609151233413,304.835021972656
,Run8,2516,24.1609151233413,304.799011230469
,Run8,2517,24.1609151233413,304.740020751953
,Run8,2518,24.1609151233413,304.799011230469
,Run8,2519,24.1609151233413,304.779022216797
,Run8,2520,24.1609151233413,304.813018798828
,Run8,2521,24.1609151233413,304.777008056641
,Run8,2522,24.1609151233413,304.790008544922
,Run8,2523,24.1609151233413,304.775024414062
,Run8,2524,24.1609151233413,304.783020019531
,Run8,2525,24.1609151233413,304.762023925781
,Run8,2526,24.1609151233413,304.764007568359
,Run8,2527,24.1609151233413,304.7490234375
,Run8,2528,24.1609151233413,304.7490234375
,Run8,2529,24.1609151233413,304.761016845703
,Run8,2530,24.1609151233413,304.751007080078
,Run8,2531,24.1609151233413,304.746002197266
,Run8,2532,24.1609151233413,304.752014160156
,Run8,2533,24.1609151233413,304.739013671875
,Run8,2534,24.1609151233413,304.754028320312
,Run8,2535,24.1609151233413,304.72802734375
,Run8,2536,24.1609151233413,304.746002197266
,Run8,2537,24.1609151233413,304.725006103516
,Run8,2538,24.1609151233413,304.744018554688
,Run8,2539,24.1609151233413,304.726013183594
,Run8,2540,24.1609151233413,304.726013183594
,Run8,2541,24.1609151233413,304.735015869141
,Run8,2542,24.1609151233413,304.702026367188
,Run8,2543,24.1609151233413,304.727020263672
,Run8,2544,24.1609151233413,304.714019775391
,Run8,2545,24.1609151233413,304.751007080078
,Run8,2546,24.1609151233413,304.727020263672
,Run8,2547,24.1609151233413,304.724029541016
,Run8,2548,24.1609151233413,304.743011474609
,Run8,2549,24.1609151233413,304.738006591797
,Run8,2550,24.1609151233413,304.777008056641
,Run8,2551,24.1609151233413,304.777008056641
,Run8,2552,24.1609151233413,304.731018066406
,Run8,2553,24.1609151233413,304.754028320312
,Run8,2554,24.1609151233413,304.744018554688
,Run8,2555,24.1609151233413,304.740020751953
,Run8,2556,24.1609151233413,304.736022949219
,Run8,2557,24.1609151233413,304.748016357422
,Run8,2558,24.1609151233413,304.762023925781
,Run8,2559,24.1609151233413,304.730010986328
,Run8,2560,24.1609151233413,304.746002197266
,Run8,2561,24.1609151233413,304.716003417969
,Run8,2562,24.1609151233413,304.743011474609
,Run8,2563,24.1609151233413,304.743011474609
,Run8,2564,24.1609151233413,304.739013671875
,Run8,2565,24.1609151233413,304.757019042969
,Run8,2566,24.1609151233413,304.772003173828
,Run8,2567,24.1609151233413,304.739013671875
,Run8,2568,24.1609151233413,304.758026123047
,Run8,2569,24.1609151233413,304.748016357422
,Run8,2570,24.1609151233413,304.753021240234
,Run8,2571,24.1609151233413,304.734008789062
,Run8,2572,24.1609151233413,304.742004394531
,Run8,2573,24.1609151233413,304.739013671875
,Run8,2574,24.1609151233413,304.721008300781
,Run8,2575,24.1609151233413,304.763000488281
,Run8,2576,24.1609151233413,304.726013183594
,Run8,2577,24.1609151233413,304.753021240234
,Run8,2578,24.1609151233413,304.699005126953
,Run8,2579,24.1609151233413,304.736999511719
,Run8,2580,24.1609151233413,304.746002197266
,Run8,2581,24.1609151233413,304.747009277344
,Run8,2582,24.1609151233413,304.756011962891
,Run8,2583,24.1609151233413,304.752014160156
,Run8,2584,24.1609151233413,304.743011474609
,Run8,2585,24.1609151233413,304.743011474609
,Run8,2586,24.1609151233413,304.744018554688
,Run8,2587,24.1609151233413,304.758026123047
,Run8,2588,24.1609151233413,304.7490234375
,Run8,2589,24.1609151233413,304.775024414062
,Run8,2590,24.1609151233413,304.760009765625
,Run8,2591,24.1609151233413,304.751007080078
,Run8,2592,24.1609151233413,304.772003173828
,Run8,2593,24.1609151233413,304.794006347656
,Run8,2594,24.1609151233413,304.794006347656
,Run8,2595,24.1609151233413,304.811004638672
,Run8,2596,24.1609151233413,304.786010742188
,Run8,2597,24.1609151233413,304.786010742188
,Run8,2598,24.1609151233413,304.767028808594
,Run8,2599,24.1609151233413,304.800018310547
,Run8,2600,24.1609151233413,304.788024902344
,Run8,2601,24.1609151233413,304.792999267578
,Run8,2602,24.1609151233413,304.820007324219
,Run8,2603,24.1609151233413,304.786010742188
,Run8,2604,24.1609151233413,304.802001953125
,Run8,2605,24.1609151233413,304.783020019531
,Run8,2606,24.1609151233413,304.808013916016
,Run8,2607,24.1609151233413,304.794006347656
,Run8,2608,24.1609151233413,304.771026611328
,Run8,2609,24.1609151233413,304.817016601562
,Run8,2610,24.1609151233413,304.745025634766
,Run8,2611,24.1609151233413,304.795013427734
,Run8,2612,24.1609151233413,304.799011230469
,Run8,2613,24.1609151233413,304.768005371094
,Run8,2614,24.1609151233413,304.816009521484
,Run8,2615,24.1609151233413,304.775024414062
,Run8,2616,24.1609151233413,304.801025390625
,Run8,2617,24.1609151233413,304.820007324219
,Run8,2618,24.1609151233413,304.804016113281
,Run8,2619,24.1609151233413,304.825012207031
,Run8,2620,24.1609151233413,304.792022705078
,Run8,2621,24.1609151233413,304.771026611328
,Run8,2622,24.1609151233413,304.769012451172
,Run8,2623,20.4115644428069,304.760009765625
,Run8,2624,20.4115644428069,304.807006835938
,Run8,2625,20.4115644428069,304.742004394531
,Run8,2626,20.4115644428069,304.790008544922
,Run8,2627,20.4115644428069,304.804016113281
,Run8,2628,20.4115644428069,304.782012939453
,Run8,2629,20.4115644428069,304.780029296875
,Run8,2630,20.4115644428069,304.831024169922
,Run8,2631,20.4115644428069,304.784027099609
,Run8,2632,20.4115644428069,304.77001953125
,Run8,2633,20.4115644428069,304.810028076172
,Run8,2634,20.4115644428069,304.764007568359
,Run8,2635,20.4115644428069,304.758026123047
,Run8,2636,20.4115644428069,304.783020019531
,Run8,2637,20.4115644428069,304.768005371094
,Run8,2638,20.4115644428069,304.778015136719
,Run8,2639,20.4115644428069,304.803009033203
,Run8,2640,20.4115644428069,304.764007568359
,Run8,2641,20.4115644428069,304.796020507812
,Run8,2642,20.4115644428069,304.762023925781
,Run8,2643,20.4115644428069,304.775024414062
,Run8,2644,20.4115644428069,304.781005859375
,Run8,2645,20.4115644428069,304.758026123047
,Run8,2646,20.4115644428069,304.779022216797
,Run8,2647,20.4115644428069,304.784027099609
,Run8,2648,20.4115644428069,304.762023925781
,Run8,2649,20.4115644428069,304.790008544922
,Run8,2650,20.4115644428069,304.790008544922
,Run8,2651,20.4115644428069,304.766021728516
,Run8,2652,20.4115644428069,304.789001464844
,Run8,2653,20.4115644428069,304.791015625
,Run8,2654,20.4115644428069,304.767028808594
,Run8,2655,20.4115644428069,304.797027587891
,Run8,2656,20.4115644428069,304.81201171875
,Run8,2657,20.4115644428069,304.767028808594
,Run8,2658,20.4115644428069,304.768005371094
,Run8,2659,20.4115644428069,304.786010742188
,Run8,2660,20.4115644428069,304.768005371094
,Run8,2661,20.4115644428069,304.802001953125
,Run8,2662,20.4115644428069,304.763000488281
,Run8,2663,20.4115644428069,304.743011474609
,Run8,2664,20.4115644428069,304.777008056641
,Run8,2665,20.4115644428069,304.755004882812
,Run8,2666,20.4115644428069,304.755004882812
,Run8,2667,20.4115644428069,304.774017333984
,Run8,2668,20.4115644428069,304.735015869141
,Run8,2669,20.4115644428069,304.742004394531
,Run8,2670,20.4115644428069,304.786010742188
,Run8,2671,20.4115644428069,304.738006591797
,Run8,2672,20.4115644428069,304.736022949219
,Run8,2673,20.4115644428069,304.775024414062
,Run8,2674,20.4115644428069,304.759002685547
,Run8,2675,20.4115644428069,304.755004882812
,Run8,2676,20.4115644428069,304.740020751953
,Run8,2677,20.4115644428069,304.774017333984
,Run8,2678,20.4115644428069,304.768005371094
,Run8,2679,20.4115644428069,304.786010742188
,Run8,2680,20.4115644428069,304.769012451172
,Run8,2681,20.4115644428069,304.792022705078
,Run8,2682,20.4115644428069,304.792022705078
,Run8,2683,20.4115644428069,304.758026123047
,Run8,2684,20.4115644428069,304.757019042969
,Run8,2685,20.4115644428069,304.739013671875
,Run8,2686,20.4115644428069,304.744018554688
,Run8,2687,20.4115644428069,304.758026123047
,Run8,2688,20.4115644428069,304.731018066406
,Run8,2689,20.4115644428069,304.707000732422
,Run8,2690,20.4115644428069,304.706024169922
,Run8,2691,20.4115644428069,304.674011230469
,Run8,2692,20.4115644428069,304.692016601562
,Run8,2693,20.4115644428069,304.692016601562
,Run8,2694,20.4115644428069,304.623016357422
,Run8,2695,20.4115644428069,304.621002197266
,Run8,2696,20.4115644428069,304.663024902344
,Run8,2697,20.4115644428069,304.672027587891
,Run8,2698,20.4115644428069,304.672027587891
,Run8,2699,20.4115644428069,304.715026855469
,Run8,2700,20.4115644428069,304.744018554688
,Run8,2701,20.4115644428069,304.774017333984
,Run8,2702,20.4115644428069,304.784027099609
,Run8,2703,20.4115644428069,304.767028808594
,Run8,2704,20.4115644428069,304.792999267578
,Run8,2705,20.4115644428069,304.775024414062
,Run8,2706,20.4115644428069,304.790008544922
,Run8,2707,20.4115644428069,304.802001953125
,Run8,2708,20.4115644428069,304.792999267578
,Run8,2709,20.4115644428069,304.805999755859
,Run8,2710,20.4115644428069,304.802001953125
,Run8,2711,20.4115644428069,304.808013916016
,Run8,2712,20.4115644428069,304.824005126953
,Run8,2713,20.4115644428069,304.835021972656
,Run8,2714,20.4115644428069,304.781005859375
,Run8,2715,20.4115644428069,304.817016601562
,Run8,2716,20.4115644428069,304.829010009766
,Run8,2717,20.4115644428069,304.802001953125
,Run8,2718,20.4115644428069,304.822021484375
,Run8,2719,20.4115644428069,304.808013916016
,Run8,2720,20.4115644428069,304.809020996094
,Run8,2721,20.4115644428069,304.815002441406
,Run8,2722,20.4115644428069,304.832000732422
,Run8,2723,20.4115644428069,304.829010009766
,Run8,2724,20.4115644428069,304.828002929688
,Run8,2725,20.4115644428069,304.832000732422
,Run8,2726,20.4115644428069,304.819000244141
,Run8,2727,20.4115644428069,304.832000732422
,Run8,2728,20.4115644428069,304.825012207031
,Run8,2729,20.4115644428069,304.8330078125
,Run8,2730,20.4115644428069,304.8330078125
,Run8,2731,20.4115644428069,304.839019775391
,Run8,2732,20.4115644428069,304.830017089844
,Run8,2733,20.4115644428069,304.843017578125
,Run8,2734,20.4115644428069,304.849029541016
,Run8,2735,20.4115644428069,304.832000732422
,Run8,2736,20.4115644428069,304.8330078125
,Run8,2737,20.4115644428069,304.804016113281
,Run8,2738,20.4115644428069,304.834014892578
,Run8,2739,20.4115644428069,304.845001220703
,Run8,2740,20.4115644428069,304.816009521484
,Run8,2741,20.4115644428069,304.828002929688
,Run8,2742,20.4115644428069,304.840026855469
,Run8,2743,20.4115644428069,304.840026855469
,Run8,2744,20.4115644428069,304.815002441406
,Run8,2745,20.4115644428069,304.825012207031
,Run8,2746,20.4115644428069,304.831024169922
,Run8,2747,20.4115644428069,304.838012695312
,Run8,2748,20.4115644428069,304.744018554688
,Run8,2749,20.4115644428069,304.795013427734
,Run8,2750,20.4115644428069,304.848022460938
,Run8,2751,20.4115644428069,304.735015869141
,Run8,2752,20.4115644428069,304.791015625
,Run8,2753,20.4115644428069,304.8330078125
,Run8,2754,20.4115644428069,304.755004882812
,Run8,2755,20.4115644428069,304.820007324219
,Run8,2756,20.4115644428069,304.843017578125
,Run8,2757,20.4115644428069,304.709014892578
,Run8,2758,20.4115644428069,304.801025390625
,Run8,2759,20.4115644428069,304.838012695312
,Run8,2760,20.4115644428069,304.705017089844
,Run8,2761,20.4115644428069,304.762023925781
,Run8,2762,20.4115644428069,304.762023925781
,Run8,2763,20.4115644428069,304.553009033203
,Run8,2764,20.4115644428069,304.669006347656
,Run8,2765,20.4115644428069,304.75
,Run8,2766,20.4115644428069,304.555999755859
,Run8,2767,20.4115644428069,304.631011962891
,Run8,2768,20.4115644428069,304.754028320312
,Run8,2769,20.4115644428069,304.524017333984
,Run8,2770,20.4115644428069,304.619018554688
,Run8,2771,20.4115644428069,304.367004394531
,Run8,2772,20.4115644428069,304.498016357422
,Run8,2773,20.4115644428069,304.599029541016
,Run8,2774,20.4115644428069,304.273010253906
,Run8,2775,20.4115644428069,304.469024658203
,Run8,2776,20.4115644428069,304.570007324219
,Run8,2777,20.4115644428069,304.262023925781
,Run8,2778,20.4115644428069,304.262023925781
,Run8,2779,20.4115644428069,304.384002685547
,Run8,2780,20.4115644428069,304.128021240234
,Run8,2781,20.4115644428069,304.227020263672
,Run8,2782,20.4115644428069,304.331024169922
,Run8,2783,20.4115644428069,304.095001220703
,Run8,2784,20.4115644428069,304.221008300781
,Run8,2785,20.4115644428069,304.343017578125
,Run8,2786,20.4115644428069,304.088012695312
,Run8,2787,20.4115644428069,304.167022705078
,Run8,2788,20.4115644428069,304.297027587891
,Run8,2789,20.4115644428069,304.057006835938
,Run8,2790,20.4115644428069,304.128021240234
,Run8,2791,20.4115644428069,303.842010498047
,Run8,2792,20.4115644428069,304.015014648438
,Run8,2793,20.4115644428069,304.148010253906
,Run8,2794,20.4115644428069,303.699005126953
,Run8,2795,20.4115644428069,303.856018066406
,Run8,2796,20.4115644428069,303.857025146484
,Run8,2797,20.4115644428069,303.672027587891
,Run8,2798,12.6698142648844,303.77001953125
,Run8,2799,12.6698142648844,303.898010253906
,Run8,2800,12.6698142648844,303.959014892578
,Run8,2801,12.6698142648844,303.739013671875
,Run8,2802,12.6698142648844,303.787017822266
,Run8,2803,12.6698142648844,303.927001953125
,Run8,2804,12.6698142648844,303.991027832031
,Run8,2805,12.6698142648844,304.111999511719
,Run8,2806,12.6698142648844,303.834014892578
,Run8,2807,12.6698142648844,303.977020263672
,Run8,2808,12.6698142648844,304.059020996094
,Run8,2809,12.6698142648844,304.182006835938
,Run8,2810,12.6698142648844,304.313018798828
,Run8,2811,12.6698142648844,304.071014404297
,Run8,2812,12.6698142648844,304.132019042969
,Run8,2813,12.6698142648844,304.234008789062
,Run8,2814,12.6698142648844,304.323028564453
,Run8,2815,12.6698142648844,304.02001953125
,Run8,2816,12.6698142648844,304.123016357422
,Run8,2817,12.6698142648844,304.252014160156
,Run8,2818,12.6698142648844,304.405029296875
,Run8,2819,12.6698142648844,304.505004882812
,Run8,2820,12.6698142648844,304.251007080078
,Run8,2821,12.6698142648844,304.381011962891
,Run8,2822,12.6698142648844,304.460021972656
,Run8,2823,12.6698142648844,304.571014404297
,Run8,2824,12.6698142648844,304.345001220703
,Run8,2825,12.6698142648844,304.456024169922
,Run8,2826,12.6698142648844,304.517028808594
,Run8,2827,12.6698142648844,304.60400390625
,Run8,2828,12.6698142648844,304.60400390625
,Run8,2829,12.6698142648844,304.278015136719
,Run8,2830,12.6698142648844,304.416015625
,Run8,2831,12.6698142648844,304.495025634766
,Run8,2832,12.6698142648844,304.621002197266
,Run8,2833,12.6698142648844,304.330017089844
,Run8,2834,12.6698142648844,304.43701171875
,Run8,2835,12.6698142648844,304.534027099609
,Run8,2836,12.6698142648844,304.617004394531
,Run8,2837,12.6698142648844,304.676025390625
,Run8,2838,12.6698142648844,304.501007080078
,Run8,2839,12.6698142648844,304.561004638672
,Run8,2840,12.6698142648844,304.633026123047
,Run8,2841,12.6698142648844,304.698028564453
,Run8,2842,12.6698142648844,304.488006591797
,Run8,2843,12.6698142648844,304.56201171875
,Run8,2844,12.6698142648844,304.626007080078
,Run8,2845,12.6698142648844,304.682006835938
,Run8,2846,12.6698142648844,304.7080078125
,Run8,2847,12.6698142648844,304.597015380859
,Run8,2848,12.6698142648844,304.683013916016
,Run8,2849,12.6698142648844,304.720001220703
,Run8,2850,12.6698142648844,304.722015380859
,Run8,2851,12.6698142648844,304.704010009766
,Run8,2852,12.6698142648844,304.68701171875
,Run8,2853,12.6698142648844,304.75
,Run8,2854,12.6698142648844,304.730010986328
,Run8,2855,12.6698142648844,304.755004882812
,Run8,2856,12.6698142648844,304.703002929688
,Run8,2857,12.6698142648844,304.736022949219
,Run8,2858,12.6698142648844,304.736999511719
,Run8,2859,12.6698142648844,304.713012695312
,Run8,2860,12.6698142648844,304.731018066406
,Run8,2861,12.6698142648844,304.698028564453
,Run8,2862,12.6698142648844,304.691009521484
,Run8,2863,12.6698142648844,304.712005615234
,Run8,2864,12.6698142648844,304.718017578125
,Run8,2865,12.6698142648844,304.717010498047
,Run8,2866,12.6698142648844,304.725006103516
,Run8,2867,12.6698142648844,304.77001953125
,Run8,2868,12.6698142648844,304.712005615234
,Run8,2869,12.6698142648844,304.712005615234
,Run8,2870,12.6698142648844,304.719024658203
,Run8,2871,12.6698142648844,304.745025634766
,Run8,2872,12.6698142648844,304.742004394531
,Run8,2873,12.6698142648844,304.753021240234
,Run8,2874,12.6698142648844,304.762023925781
,Run8,2875,12.6698142648844,304.753021240234
,Run8,2876,12.6698142648844,304.753021240234
,Run8,2877,12.6698142648844,304.746002197266
,Run8,2878,12.6698142648844,304.768005371094
,Run8,2879,12.6698142648844,304.769012451172
,Run8,2880,12.6698142648844,304.755004882812
,Run8,2881,12.6698142648844,304.772003173828
,Run8,2882,12.6698142648844,304.795013427734
,Run8,2883,12.6698142648844,304.776000976562
,Run8,2884,12.6698142648844,304.766021728516
,Run8,2885,12.6698142648844,304.739013671875
,Run8,2886,12.6698142648844,304.758026123047
,Run8,2887,12.6698142648844,304.773010253906
,Run8,2888,12.6698142648844,304.730010986328
,Run8,2889,12.6698142648844,304.752014160156
,Run8,2890,12.6698142648844,304.738006591797
,Run8,2891,12.6698142648844,304.779022216797
,Run8,2892,12.6698142648844,304.787017822266
,Run8,2893,12.6698142648844,304.756011962891
,Run8,2894,12.6698142648844,304.747009277344
,Run8,2895,12.6698142648844,304.779022216797
,Run8,2896,12.6698142648844,304.763000488281
,Run8,2897,12.6698142648844,304.757019042969
,Run8,2898,12.6698142648844,304.759002685547
,Run8,2899,12.6698142648844,304.765014648438
,Run8,2900,12.6698142648844,304.777008056641
,Run8,2901,12.6698142648844,304.771026611328
,Run8,2902,12.6698142648844,304.763000488281
,Run8,2903,12.6698142648844,304.758026123047
,Run8,2904,12.6698142648844,304.772003173828
,Run8,2905,12.6698142648844,304.792999267578
,Run8,2906,12.6698142648844,304.75
,Run8,2907,12.6698142648844,304.747009277344
,Run8,2908,12.6698142648844,304.77001953125
,Run8,2909,12.6698142648844,304.765014648438
,Run8,2910,12.6698142648844,304.765014648438
,Run8,2911,12.6698142648844,304.753021240234
,Run8,2912,12.6698142648844,304.748016357422
,Run8,2913,12.6698142648844,304.743011474609
,Run8,2914,12.6698142648844,304.788024902344
,Run8,2915,12.6698142648844,304.756011962891
,Run8,2916,12.6698142648844,304.736999511719
,Run8,2917,12.6698142648844,304.759002685547
,Run8,2918,12.6698142648844,304.7490234375
,Run8,2919,12.6698142648844,304.794006347656
,Run8,2920,12.6698142648844,304.753021240234
,Run8,2921,12.6698142648844,304.758026123047
,Run8,2922,15.6899929291162,304.756011962891
,Run8,2923,15.6899929291162,304.782012939453
,Run8,2924,15.6899929291162,304.731018066406
,Run8,2925,15.6899929291162,304.724029541016
,Run8,2926,15.6899929291162,304.774017333984
,Run8,2927,15.6899929291162,304.747009277344
,Run8,2928,15.6899929291162,304.726013183594
,Run8,2929,15.6899929291162,304.72802734375
,Run8,2930,15.6899929291162,304.745025634766
,Run8,2931,15.6899929291162,304.734008789062
,Run8,2932,15.6899929291162,304.746002197266
,Run8,2933,15.6899929291162,304.709014892578
,Run8,2934,15.6899929291162,304.72900390625
,Run8,2935,15.6899929291162,304.695007324219
,Run8,2936,15.6899929291162,304.722015380859
,Run8,2937,15.6899929291162,304.733001708984
,Run8,2938,15.6899929291162,304.723022460938
,Run8,2939,15.6899929291162,304.670013427734
,Run8,2940,15.6899929291162,304.739013671875
,Run8,2941,15.6899929291162,304.739013671875
,Run8,2942,15.6899929291162,304.723022460938
,Run8,2943,15.6899929291162,304.617004394531
,Run8,2944,15.6899929291162,304.639007568359
,Run8,2945,15.6899929291162,304.666015625
,Run8,2946,15.6899929291162,304.452026367188
,Run8,2947,15.6899929291162,304.546020507812
,Run8,2948,15.6899929291162,304.60302734375
,Run8,2949,15.6899929291162,304.674011230469
,Run8,2950,15.6899929291162,304.405029296875
,Run8,2951,15.6899929291162,304.461029052734
,Run8,2952,15.6899929291162,304.546020507812
,Run8,2953,15.6899929291162,304.578002929688
,Run8,2954,15.6899929291162,304.301025390625
,Run8,2955,15.6899929291162,304.292022705078
,Run8,2956,15.6899929291162,304.434020996094
,Run8,2957,15.6899929291162,304.134002685547
,Run8,2958,15.6899929291162,304.235015869141
,Run8,2959,15.6899929291162,304.289001464844
,Run8,2960,15.6899929291162,304.383026123047
,Run8,2961,15.6899929291162,304.097015380859
,Run8,2962,15.6899929291162,304.178009033203
,Run8,2963,15.6899929291162,304.265014648438
,Run8,2964,15.6899929291162,304.322021484375
,Run8,2965,15.6899929291162,304.042022705078
,Run8,2966,15.6899929291162,304.090026855469
,Run8,2967,15.6899929291162,304.138000488281
,Run8,2968,15.6899929291162,303.753021240234
,Run8,2969,15.6899929291162,303.857025146484
,Run8,2970,15.6899929291162,303.908020019531
,Run8,2971,15.6899929291162,304
,Run8,2972,15.6899929291162,303.655029296875
,Run8,2973,15.6899929291162,303.718017578125
,Run8,2974,15.6899929291162,303.764007568359
,Run8,2975,15.6899929291162,303.882019042969
,Run8,2976,15.6899929291162,303.588012695312
,Run8,2977,15.6899929291162,303.664001464844
,Run8,2978,15.6899929291162,303.714019775391
,Run8,2979,15.6899929291162,303.796020507812
,Run8,2980,15.6899929291162,303.514007568359
,Run8,2981,15.6899929291162,303.565002441406
,Run8,2982,15.6899929291162,303.638000488281
,Run8,2983,15.6899929291162,303.363006591797
,Run8,2984,15.6899929291162,303.430023193359
,Run8,2985,15.6899929291162,303.507019042969
,Run8,2986,15.6899929291162,303.512023925781
,Run8,2987,15.6899929291162,303.289001464844
,Run8,2988,15.6899929291162,303.336029052734
,Run8,2989,15.6899929291162,303.403015136719
,Run8,2990,15.6899929291162,303.47900390625
,Run8,2991,15.6899929291162,303.192016601562
,Run8,2992,15.6899929291162,303.275024414062
,Run8,2993,15.6899929291162,303.314025878906
,Run8,2994,15.6899929291162,303.085021972656
,Run8,2995,15.6899929291162,303.085021972656
,Run8,2996,15.6899929291162,303.069000244141
,Run8,2997,15.6899929291162,303.107025146484
,Run8,2998,15.6899929291162,303.111999511719
,Run8,2999,15.6899929291162,303.095001220703
,Run8,3000,15.6899929291162,303.10400390625
,Run8,3001,15.6899929291162,303.158020019531
,Run8,3002,15.6899929291162,303.068023681641
,Run8,3003,15.6899929291162,303.055999755859
,Run8,3004,15.6899929291162,303.105010986328
,Run8,3005,15.6899929291162,303.046020507812
,Run8,3006,15.6899929291162,303.052001953125
,Run8,3007,15.6899929291162,303.059020996094
,Run8,3008,15.6899929291162,303.064025878906
,Run8,3009,4.57392125999657,303.057006835938
,Run8,3010,4.57392125999657,303.054016113281
,Run8,3011,4.57392125999657,303.047027587891
,Run8,3012,4.57392125999657,303.022003173828
,Run8,3013,4.57392125999657,302.996002197266
,Run8,3014,4.57392125999657,302.985015869141
,Run8,3015,4.57392125999657,303.021026611328
,Run8,3016,4.57392125999657,303.039001464844
,Run8,3017,4.57392125999657,303.066009521484
,Run8,3018,4.57392125999657,303.108001708984
,Run8,3019,4.57392125999657,303.2490234375
,Run8,3020,4.57392125999657,303.245025634766
,Run8,3021,4.57392125999657,303.118011474609
,Run8,3022,4.57392125999657,303.089019775391
,Run8,3023,4.57392125999657,303.022003173828
,Run8,3024,4.57392125999657,303.058013916016
,Run8,3025,4.57392125999657,303.173004150391
,Run8,3026,4.57392125999657,303.089019775391
,Run8,3027,4.57392125999657,303.140014648438
,Run8,3028,4.57392125999657,303.182006835938
,Run8,3029,4.57392125999657,303.171020507812
,Run8,3030,4.57392125999657,303.138000488281
,Run8,3031,4.57392125999657,303.204010009766
,Run8,3032,4.57392125999657,303.252014160156
,Run8,3033,4.57392125999657,303.330017089844
,Run8,3034,4.57392125999657,303.063018798828
,Run8,3035,4.57392125999657,303.054016113281
,Run8,3036,4.57392125999657,303.161010742188
,Run8,3037,4.57392125999657,303.209014892578
,Run8,3038,4.57392125999657,303.412017822266
,Run8,3039,4.57392125999657,303.439025878906
,Run8,3040,4.57392125999657,303.463012695312
,Run8,3041,4.57392125999657,303.482025146484
,Run8,3042,4.57392125999657,303.459014892578
,Run8,3043,4.57392125999657,303.494018554688
,Run8,3044,4.57392125999657,303.506011962891
,Run8,3045,4.57392125999657,303.545013427734
,Run8,3046,4.57392125999657,303.325012207031
,Run8,3047,4.57392125999657,303.366027832031
,Run8,3048,4.57392125999657,303.387023925781
,Run8,3049,4.57392125999657,303.456024169922
,Run8,3050,4.57392125999657,303.576019287109
,Run8,3051,4.57392125999657,303.736022949219
,Run8,3052,4.57392125999657,303.942016601562
,Run8,3053,4.57392125999657,304.077026367188
,Run8,3054,4.57392125999657,304.111999511719
,Run8,3055,4.57392125999657,304.166015625
,Run8,3056,4.57392125999657,304.193023681641
,Run8,3057,8.97262661501125,304.189025878906
,Run8,3058,8.97262661501125,304.079010009766
,Run8,3059,8.97262661501125,304.107025146484
,Run8,3060,8.97262661501125,304.116027832031
,Run8,3061,8.97262661501125,304.150024414062
,Run8,3062,8.97262661501125,304.284027099609
,Run8,3063,8.97262661501125,304.428009033203
,Run8,3064,8.97262661501125,304.284027099609
,Run8,3065,8.97262661501125,304.39501953125
,Run8,3066,8.97262661501125,304.433013916016
,Run8,3067,8.97262661501125,304.423004150391
,Run8,3068,8.97262661501125,304.435028076172
,Run8,3069,8.97262661501125,304.451019287109
,Run8,3070,8.97262661501125,304.430023193359
,Run8,3071,8.97262661501125,304.43701171875
,Run8,3072,8.97262661501125,304.485028076172
,Run8,3073,8.97262661501125,304.411004638672
,Run8,3074,8.97262661501125,304.421020507812
,Run8,3075,7.52382043860393,304.454010009766
,Run8,3076,7.52382043860393,304.491027832031
,Run8,3077,7.52382043860393,304.403021240234
,Run8,3078,7.52382043860393,304.448004150391
,Run8,3079,7.52382043860393,304.460003662109
,Run8,3080,7.52382043860393,304.478015136719
,Run8,3081,7.52382043860393,304.496026611328
,Run8,3082,7.52382043860393,304.403021240234
,Run8,3083,7.52382043860393,304.400012207031
,Run8,3084,7.52382043860393,304.400012207031
,Run8,3085,7.52382043860393,304.466027832031
,Run8,3086,7.52382043860393,304.408020019531
,Run8,3087,7.52382043860393,304.413024902344
,Run8,3088,7.52382043860393,304.464001464844
,Run8,3089,7.52382043860393,304.467022705078
,Run8,3090,7.52382043860393,304.494000244141
,Run8,3091,7.52382043860393,304.415020751953
,Run8,3092,7.52382043860393,304.477026367188
,Run8,3093,7.52382043860393,304.430023193359
,Run8,3094,7.52382043860393,304.409027099609
,Run8,3095,7.52382043860393,304.378021240234
,Run8,3096,7.52382043860393,304.463006591797
,Run8,3097,7.52382043860393,304.469018554688
,Run8,3098,7.52382043860393,304.402001953125
,Run8,3099,7.52382043860393,304.461016845703
,Run8,3100,7.52382043860393,304.454998779297
,Run8,3101,7.52382043860393,304.427014160156
,Run8,3102,7.52382043860393,304.475012207031
,Run8,3103,7.52382043860393,304.417004394531
,Run8,3104,7.52382043860393,304.408026123047
,Run8,3105,7.52382043860393,304.477020263672
,Run8,3106,7.52382043860393,304.479016113281
,Run8,3107,7.52382043860393,304.402001953125
,Run8,3108,7.52382043860393,304.46201171875
,Run8,3109,7.52382043860393,304.492028808594
,Run8,3110,7.52382043860393,304.423022460938
,Run8,3111,7.52382043860393,304.453009033203
,Run8,3112,7.52382043860393,304.484002685547
,Run8,3113,7.52382043860393,304.414019775391
,Run8,3114,7.52382043860393,304.445013427734
,Run8,3115,7.52382043860393,304.400006103516
,Run8,3116,7.52382043860393,304.430999755859
,Run8,3117,7.52382043860393,304.419012451172
,Run8,3118,7.52382043860393,304.407019042969
,Run8,3119,7.52382043860393,304.442022705078
,Run8,3120,7.52382043860393,304.42001953125
,Run8,3121,7.52382043860393,304.458001708984
,Run8,3122,7.52382043860393,304.459008789062
,Run8,3123,7.52382043860393,303.964019775391
,Run8,3124,7.52382043860393,303.994018554688
,Run8,3125,338.962488974943,304.110015869141
,Run8,3126,338.962488974943,304.368011474609
,Run8,3127,338.962488974943,304.377014160156
,Run8,3128,338.962488974943,304.365020751953
,Run8,3129,338.962488974943,304.388000488281
,Run8,3130,338.962488974943,304.445007324219
,Run8,3131,338.962488974943,304.414001464844
,Run8,3132,338.962488974943,304.419006347656
,Run8,3133,338.962488974943,304.408020019531
,Run8,3134,338.962488974943,304.454010009766
,Run8,3135,338.962488974943,304.454010009766
,Run8,3136,338.962488974943,304.449005126953
,Run8,3137,338.962488974943,304.461029052734
,Run8,3138,6.00900595744795,304.4990234375
,Run8,3139,6.00900595744795,304.47900390625
,Run8,3140,6.00900595744795,304.501007080078
,Run8,3141,6.00900595744795,304.517028808594
,Run8,3142,6.00900595744795,304.536010742188
,Run8,3143,6.00900595744795,304.484008789062
,Run8,3144,6.00900595744795,304.507019042969
,Run8,3145,6.00900595744795,304.501007080078
,Run8,3146,6.00900595744795,304.509002685547
,Run8,3147,6.00900595744795,304.502014160156
,Run8,3148,6.00900595744795,304.52001953125
,Run8,3149,6.00900595744795,304.544006347656
,Run8,3150,6.00900595744795,304.571014404297
,Run8,3151,6.00900595744795,304.602020263672
,Run8,3152,6.00900595744795,304.540008544922
,Run8,3153,6.00900595744795,304.579010009766
,Run8,3154,6.00900595744795,304.569000244141
,Run8,3155,6.00900595744795,304.572021484375
,Run8,3156,6.00900595744795,304.579010009766
,Run8,3157,6.00900595744795,304.608001708984
,Run8,3158,6.00900595744795,304.619018554688
,Run8,3159,6.00900595744795,304.617004394531
,Run8,3160,6.00900595744795,304.630004882812
,Run8,3161,6.00900595744795,304.627014160156
,Run8,3162,6.00900595744795,304.618011474609
,Run8,3163,6.00900595744795,304.632019042969
,Run8,3164,6.00900595744795,304.619018554688
,Run8,3165,6.00900595744795,304.6240234375
,Run8,3166,6.00900595744795,304.639007568359
,Run8,3167,6.00900595744795,304.591003417969
,Run8,3168,6.00900595744795,304.629028320312
,Run8,3169,6.00900595744795,304.619018554688
,Run8,3170,6.00900595744795,304.619018554688
,Run8,3171,6.00900595744795,304.637023925781
,Run8,3172,6.00900595744795,304.638000488281
,Run8,3173,6.00900595744795,304.628021240234
,Run8,3174,6.00900595744795,304.659027099609
,Run8,3175,6.00900595744795,304.661010742188
,Run8,3176,6.00900595744795,304.653015136719
,Run8,3177,6.00900595744795,304.684020996094
,Run8,3178,6.00900595744795,304.654022216797
,Run8,3179,6.00900595744795,304.643005371094
,Run8,3180,6.00900595744795,304.667022705078
,Run8,3181,6.00900595744795,304.619018554688
,Run8,3182,6.00900595744795,304.625
,Run8,3183,6.00900595744795,304.6240234375
,Run8,3184,6.00900595744795,304.659027099609
,Run8,3185,6.00900595744795,304.630004882812
,Run8,3186,6.00900595744795,304.670013427734
,Run8,3187,6.00900595744795,304.662017822266
,Run8,3188,6.00900595744795,304.662017822266
,Run8,3189,6.00900595744795,304.661010742188
,Run8,3190,6.00900595744795,304.501007080078
,Run8,3191,6.00900595744795,304.514007568359
,Run8,3192,6.00900595744795,304.555999755859
,Run8,3193,6.00900595744795,304.542022705078
,Run8,3194,6.00900595744795,304.593017578125
,Run8,3195,6.00900595744795,304.550018310547
,Run8,3196,6.00900595744795,304.643005371094
,Run8,3197,6.00900595744795,304.628021240234
,Run8,3198,6.00900595744795,304.627014160156
,Run8,3199,6.00900595744795,304.609008789062
,Run8,3200,6.00900595744795,304.417999267578
,Run8,3201,6.00900595744795,304.373016357422
,Run8,3202,6.00900595744795,304.383026123047
,Run8,3203,6.00900595744795,304.367004394531
,Run8,3204,6.00900595744795,304.409027099609
,Run8,3205,6.00900595744795,304.438018798828
,Run8,3206,6.00900595744795,304.486022949219
,Run8,3207,6.00900595744795,304.466003417969
,Run8,3208,6.00900595744795,304.463012695312
,Run8,3209,6.00900595744795,304.1240234375
,Run8,3210,6.00900595744795,304.144012451172
,Run8,3211,6.00900595744795,304.175018310547
,Run8,3212,6.00900595744795,304.211029052734
,Run8,3213,6.00900595744795,304.251007080078
,Run8,3214,6.00900595744795,304.239013671875
,Run8,3215,6.00900595744795,304.291015625
,Run8,3216,6.00900595744795,304.290008544922
,Run8,3217,6.00900595744795,304.305023193359
,Run8,3218,6.00900595744795,304.302001953125
,Run8,3219,6.00900595744795,303.972015380859
,Run8,3220,6.00900595744795,303.992004394531
,Run8,3221,6.00900595744795,304.017028808594
,Run8,3222,6.00900595744795,304.031005859375
,Run8,3223,6.00900595744795,304.080017089844
,Run8,3224,6.00900595744795,304.067016601562
,Run8,3225,6.00900595744795,304.074005126953
,Run8,3226,6.00900595744795,304.108001708984
,Run8,3227,6.00900595744795,304.121002197266
,Run8,3228,359.449096020781,304.14501953125
,Run8,3229,359.449096020781,304.121002197266
,Run8,3230,359.449096020781,304.158020019531
,Run8,3231,359.449096020781,304.134002685547
,Run8,3232,359.449096020781,304.186004638672
,Run8,3233,359.449096020781,304.218017578125
,Run8,3234,359.449096020781,304.254028320312
,Run8,3235,359.449096020781,304.296020507812
,Run8,3236,359.449096020781,304.317016601562
,Run8,3237,359.449096020781,304.314025878906
,Run8,3238,359.449096020781,304.241027832031
,Run8,3239,359.449096020781,304.292999267578
,Run8,3240,359.449096020781,304.342010498047
,Run8,3241,359.449096020781,304.298004150391
,Run8,3242,359.449096020781,304.296020507812
,Run8,3243,359.449096020781,304.280029296875
,Run8,3244,359.449096020781,304.316009521484
,Run8,3245,359.449096020781,304.336029052734
,Run8,3246,359.449096020781,304.351013183594
,Run8,3247,359.449096020781,304.385009765625
,Run8,3248,359.449096020781,304.332000732422
,Run8,3249,359.449096020781,304.350006103516
,Run8,3250,359.449096020781,304.356018066406
,Run8,3251,359.449096020781,304.375
,Run8,3252,359.449096020781,304.369018554688
,Run8,3253,359.449096020781,304.35400390625
,Run8,3254,359.449096020781,304.413024902344
,Run8,3255,359.449096020781,304.416015625
,Run8,3256,359.449096020781,304.421020507812
,Run8,3257,359.449096020781,304.385009765625
,Run8,3258,359.449096020781,304.423004150391
,Run8,3259,359.449096020781,304.426025390625
,Run8,3260,359.449096020781,304.424011230469
,Run8,3261,359.449096020781,304.446014404297
,Run8,3262,359.449096020781,304.408020019531
,Run8,3263,359.449096020781,304.425018310547
,Run8,3264,359.449096020781,304.444000244141
,Run8,3265,359.449096020781,304.427001953125
,Run8,3266,359.449096020781,304.413024902344
,Run8,3267,359.449096020781,304.435028076172
,Run8,3268,359.449096020781,304.460021972656
,Run8,3269,359.449096020781,304.438018798828
,Run8,3270,359.449096020781,304.430023193359
,Run8,3271,359.449096020781,304.446014404297
,Run8,3272,359.449096020781,304.451019287109
,Run8,3273,359.449096020781,304.492004394531
,Run8,3274,359.449096020781,304.457000732422
,Run8,3275,359.449096020781,304.443023681641
,Run8,3276,359.449096020781,304.468017578125
,Run8,3277,359.449096020781,304.453002929688
,Run8,3278,359.449096020781,304.470001220703
,Run8,3279,359.449096020781,304.466003417969
,Run8,3280,359.449096020781,304.468017578125
,Run8,3281,359.449096020781,304.466003417969
,Run8,3282,359.449096020781,304.462005615234
,Run8,3283,359.449096020781,304.492004394531
,Run8,3284,359.449096020781,304.471008300781
,Run8,3285,359.449096020781,304.488006591797
,Run8,3286,359.449096020781,304.476013183594
,Run8,3287,359.449096020781,304.509002685547
,Run8,3288,359.449096020781,304.477020263672
,Run8,3289,359.449096020781,304.514007568359
,Run8,3290,359.449096020781,304.454010009766
,Run8,3291,359.449096020781,304.483001708984
,Run8,3292,359.449096020781,304.504028320312
,Run8,3293,359.449096020781,304.47802734375
,Run8,3294,359.449096020781,304.464019775391
,Run8,3295,359.449096020781,304.471008300781
,Run8,3296,359.449096020781,304.488006591797
,Run8,3297,359.449096020781,304.477020263672
,Run8,3298,359.449096020781,304.493011474609
,Run8,3299,359.449096020781,304.485015869141
,Run8,3300,359.449096020781,304.497009277344
,Run8,3301,359.449096020781,304.494018554688
,Run8,3302,359.449096020781,304.527008056641
,Run8,3303,359.449096020781,304.481018066406
,Run8,3304,359.449096020781,304.526000976562
,Run8,3305,359.449096020781,304.52001953125
,Run8,3306,359.449096020781,304.530029296875
,Run8,3307,359.449096020781,304.534027099609
,Run8,3308,359.449096020781,304.56201171875
,Run8,3309,359.449096020781,304.577026367188
,Run8,3310,359.449096020781,304.534027099609
,Run8,3311,359.449096020781,304.555023193359
,Run8,3312,359.449096020781,304.529022216797
,Run8,3313,359.449096020781,304.547027587891
,Run8,3314,359.449096020781,304.549011230469
,Run8,3315,359.449096020781,304.582000732422
,Run8,3316,359.449096020781,304.558013916016
,Run8,3317,359.449096020781,304.535003662109
,Run8,3318,359.449096020781,304.598022460938
,Run8,3319,359.449096020781,304.598022460938
,Run8,3320,359.449096020781,304.606018066406
,Run8,3321,359.449096020781,304.618011474609
,Run8,3322,359.449096020781,304.665008544922
,Run8,3323,359.449096020781,304.656005859375
,Run8,3324,359.449096020781,304.656005859375
,Run8,3325,359.449096020781,304.672027587891
,Run8,3326,264.393834048563,304.811004638672
,Run8,3327,264.393834048563,304.795013427734
,Run8,3328,264.393834048563,304.817016601562
,Run8,3329,264.393834048563,304.819000244141
,Run8,3330,264.393834048563,304.628021240234
,Run8,3331,264.393834048563,304.553009033203
,Run8,3332,264.393834048563,304.35400390625
,Run8,3333,264.393834048563,304.117004394531
,Run8,3334,264.393834048563,303.926025390625
,Run8,3335,264.393834048563,303.786010742188
,Run8,3336,264.393834048563,303.679016113281
,Run8,3337,264.393834048563,303.433013916016
,Run8,3338,264.393834048563,303.192016601562
,Run8,3339,264.393834048563,303.190002441406
,Run8,3340,264.393834048563,303.252014160156
,Run8,3341,264.393834048563,303.316009521484
,Run8,3342,264.393834048563,303.324005126953
,Run8,3343,264.393834048563,303.288024902344
,Run8,3344,264.393834048563,303.301025390625
,Run8,3345,264.393834048563,303.56201171875
,Run8,3346,264.393834048563,303.533020019531
,Run8,3347,264.393834048563,303.537017822266
,Run8,3348,264.393834048563,303.467010498047
,Run8,3349,264.393834048563,303.453002929688
,Run8,3350,264.393834048563,303.409027099609
,Run8,3351,264.393834048563,303.463012695312
,Run8,3352,264.393834048563,303.587005615234
,Run8,3353,264.393834048563,303.686004638672
,Run8,3354,264.393834048563,303.721008300781
,Run8,3355,264.393834048563,303.781005859375
,Run8,3356,264.393834048563,303.573028564453
,Run8,3357,264.393834048563,303.606018066406
,Run8,3358,264.393834048563,303.704010009766
,Run8,3359,264.393834048563,303.786010742188
,Run8,3360,264.393834048563,303.943023681641
,Run8,3361,264.393834048563,304.044006347656
,Run8,3362,264.393834048563,304.034027099609
,Run8,3363,264.393834048563,304.098022460938
,Run8,3364,264.393834048563,304.170013427734
,Run8,3365,264.393834048563,304.245025634766
,Run8,3366,264.393834048563,304.045013427734
,Run8,3367,264.393834048563,304.131011962891
,Run8,3368,264.393834048563,304.231018066406
,Run8,3369,264.393834048563,304.317016601562
,Run8,3370,264.393834048563,304.387023925781
,Run8,3371,264.393834048563,304.452026367188
,Run8,3372,264.393834048563,304.481018066406
,Run8,3373,264.393834048563,304.540008544922
,Run8,3374,264.393834048563,304.568023681641
,Run8,3375,264.393834048563,304.625
,Run8,3376,264.393834048563,304.43701171875
,Run8,3377,264.393834048563,304.470001220703
,Run8,3378,264.393834048563,304.56201171875
,Run8,3379,264.393834048563,304.613006591797
,Run8,3380,264.393834048563,304.699005126953
,Run8,3381,264.393834048563,304.776000976562
,Run8,3382,264.393834048563,304.946014404297
,Run8,3383,264.393834048563,305.042022705078
,Run8,3384,264.393834048563,305.092010498047
,Run8,3385,264.393834048563,305.18701171875
,Run8,3386,264.393834048563,304.89501953125
,Run8,3387,264.393834048563,304.952026367188
,Run8,3388,264.393834048563,304.995025634766
,Run8,3389,264.393834048563,305.107025146484
,Run8,3390,264.393834048563,305.146026611328
,Run8,3391,264.393834048563,305.203002929688
,Run8,3392,264.393834048563,305.241027832031
,Run8,3393,264.393834048563,305.338012695312
,Run8,3394,264.393834048563,305.444000244141
,Run8,3395,264.393834048563,305.480010986328
,Run8,3396,264.393834048563,305.507019042969
,Run8,3397,264.393834048563,305.334014892578
,Run8,3398,264.393834048563,305.443023681641
,Run8,3399,264.393834048563,305.529022216797
,Run8,3400,264.393834048563,305.587005615234
,Run8,3401,264.393834048563,305.686004638672
,Run8,3402,264.393834048563,305.686004638672
,Run8,3403,264.393834048563,305.733001708984
,Run8,3404,264.393834048563,305.856018066406
,Run8,3405,264.393834048563,305.928009033203
,Run8,3406,264.393834048563,306.005004882812
,Run8,3407,264.393834048563,305.748016357422
,Run8,3408,264.393834048563,305.868011474609
,Run8,3409,264.393834048563,305.916015625
,Run8,3410,264.393834048563,305.97900390625
,Run8,3411,264.393834048563,306.047027587891
,Run8,3412,264.393834048563,306.099029541016
,Run8,3413,264.393834048563,306.210021972656
,Run8,3414,264.393834048563,306.252014160156
,Run8,3415,264.393834048563,306.253021240234
,Run8,3416,264.393834048563,306.211029052734
,Run8,3417,264.393834048563,306.099029541016
,Run8,3418,264.393834048563,306.166015625
,Run8,3419,264.393834048563,306.223022460938
,Run8,3420,264.393834048563,306.253021240234
,Run8,3421,264.393834048563,306.311004638672
,Run8,3422,264.393834048563,306.398010253906
,Run8,3423,264.393834048563,306.426025390625
,Run8,3424,264.393834048563,306.444000244141
,Run8,3425,264.393834048563,306.495025634766
,Run8,3426,264.393834048563,306.580017089844
,Run8,3427,264.393834048563,306.412017822266
,Run8,3428,264.393834048563,306.448028564453
,Run8,3429,264.393834048563,306.494018554688
,Run8,3430,264.393834048563,306.594024658203
,Run8,3431,264.393834048563,306.634002685547
,Run8,3432,264.393834048563,306.724029541016
,Run8,3433,264.393834048563,306.766021728516
,Run8,3434,264.393834048563,306.89501953125
,Run8,3435,264.393834048563,306.969024658203
,Run8,3436,264.393834048563,306.936004638672
,Run8,3437,264.393834048563,307.021026611328
,Run8,3438,264.393834048563,306.868011474609
,Run8,3439,264.393834048563,306.968017578125
,Run8,3440,264.393834048563,306.961029052734
,Run8,3441,264.393834048563,307.017028808594
,Run8,3442,264.393834048563,307.071014404297
,Run8,3443,264.393834048563,307.179016113281
,Run8,3444,264.393834048563,307.278015136719
,Run8,3445,264.393834048563,307.370025634766
,Run8,3446,264.393834048563,307.410003662109
,Run8,3447,264.393834048563,307.509002685547
,Run8,3448,264.393834048563,307.371002197266
,Run8,3449,264.393834048563,307.412017822266
,Run8,3450,264.393834048563,307.466003417969
,Run8,3451,264.393834048563,307.538024902344
,Run8,3452,264.393834048563,307.614013671875
,Run8,3453,264.393834048563,307.643005371094
,Run8,3454,264.393834048563,307.704010009766
,Run8,3455,264.393834048563,307.761016845703
,Run8,3456,264.393834048563,307.784027099609
,Run8,3457,264.393834048563,307.803009033203
,Run8,3458,264.393834048563,307.702026367188
,Run8,3459,264.393834048563,307.748016357422
,Run8,3460,264.393834048563,307.808013916016
,Run8,3461,264.393834048563,307.878021240234
,Run8,3462,264.393834048563,307.946014404297
,Run8,3463,264.393834048563,308.001007080078
,Run8,3464,264.393834048563,308.067016601562
,Run8,3465,264.393834048563,308.118011474609
,Run8,3466,264.393834048563,308.14501953125
,Run8,3467,264.393834048563,308.231018066406
,Run8,3468,264.393834048563,308.134002685547
,Run8,3469,264.393834048563,308.203002929688
,Run8,3470,264.393834048563,308.255004882812
,Run8,3471,264.393834048563,308.321014404297
,Run8,3472,264.393834048563,308.330017089844
,Run8,3473,264.393834048563,308.410003662109
,Run8,3474,264.393834048563,308.430023193359
,Run8,3475,264.393834048563,308.480010986328
,Run8,3476,264.393834048563,308.507019042969
,Run8,3477,264.393834048563,308.517028808594
,Run8,3478,264.393834048563,308.504028320312
,Run8,3479,264.393834048563,308.540008544922
,Run8,3480,0,308.577026367188
,Run8,3481,0,308.636016845703
,Run8,3482,0,308.852020263672
,Run8,3483,0,309.147003173828
,Run8,3484,0,309.416015625
,Run8,3485,0,309.529022216797
,Run8,3486,0,309.522003173828
,Run8,3487,0,309.503021240234
,Run8,3488,0,309.529022216797
,Run8,3489,0,309.508026123047
,Run8,3490,78.4165813952891,309.4580078125
,Run8,3491,78.4165813952891,309.460021972656
,Run8,3492,78.4165813952891,309.466003417969
,Run8,3493,78.4165813952891,309.461029052734
,Run8,3494,78.4165813952891,309.456024169922
,Run8,3495,78.4165813952891,309.483001708984
,Run8,3496,78.4165813952891,309.491027832031
,Run8,3497,78.4165813952891,309.484008789062
,Run8,3498,78.4165813952891,309.496002197266
,Run8,3499,78.4165813952891,309.492004394531
,Run8,3500,78.4165813952891,309.489013671875
,Run8,3501,78.4165813952891,309.495025634766
,Run8,3502,78.4165813952891,309.512023925781
,Run8,3503,78.4165813952891,309.512023925781
,Run8,3504,78.4165813952891,309.516021728516
,Run8,3505,78.4165813952891,309.527008056641
,Run8,3506,78.4165813952891,309.536010742188
,Run8,3507,78.4165813952891,309.555999755859
,Run8,3508,78.4165813952891,309.559020996094
,Run8,3509,78.4165813952891,309.559020996094
,Run8,3510,78.4165813952891,309.555023193359
,Run8,3511,78.4165813952891,309.582000732422
,Run8,3512,78.4165813952891,309.593017578125
,Run8,3513,78.4165813952891,309.560028076172
,Run8,3514,78.4165813952891,309.585021972656
,Run8,3515,78.4165813952891,309.614013671875
,Run8,3516,78.4165813952891,309.626007080078
,Run8,3517,78.4165813952891,309.667022705078
,Run8,3518,78.4165813952891,309.650024414062
,Run8,3519,78.4165813952891,309.651000976562
,Run8,3520,78.4165813952891,309.635009765625
,Run8,3521,78.4165813952891,309.692016601562
,Run8,3522,78.4165813952891,309.705017089844
,Run8,3523,78.4165813952891,309.692016601562
,Run8,3524,78.4165813952891,309.743011474609
,Run8,3525,78.4165813952891,309.772003173828
,Run8,3526,78.4165813952891,309.769012451172
,Run8,3527,78.4165813952891,309.776000976562
,Run8,3528,78.4165813952891,309.813018798828
,Run8,3529,78.4165813952891,309.813018798828
,Run8,3530,78.4165813952891,309.85302734375
,Run8,3531,78.4165813952891,309.873016357422
,Run8,3532,78.4165813952891,309.888000488281
,Run8,3533,78.4165813952891,309.927001953125
,Run8,3534,78.4165813952891,309.921020507812
,Run8,3535,78.4165813952891,309.942016601562
,Run8,3536,78.4165813952891,309.963012695312
,Run8,3537,78.4165813952891,310.003021240234
,Run8,3538,78.4165813952891,309.998016357422
,Run8,3539,78.4165813952891,310.014007568359
,Run8,3540,78.4165813952891,310.038024902344
,Run8,3541,78.4165813952891,310.058013916016
,Run8,3542,78.4165813952891,310.102020263672
,Run8,3543,78.4165813952891,310.082000732422
,Run8,3544,78.4165813952891,310.10302734375
,Run8,3545,78.4165813952891,310.133026123047
,Run8,3546,78.4165813952891,310.133026123047
,Run8,3547,78.4165813952891,310.136016845703
,Run8,3548,78.4165813952891,310.134002685547
,Run8,3549,78.4165813952891,310.161010742188
,Run8,3550,78.4165813952891,310.191009521484
,Run8,3551,78.4165813952891,310.18701171875
,Run8,3552,78.4165813952891,310.18701171875
,Run8,3553,78.4165813952891,310.196014404297
,Run8,3554,78.4165813952891,310.254028320312
,Run8,3555,78.4165813952891,310.235015869141
,Run8,3556,78.4165813952891,310.268005371094
,Run8,3557,78.4165813952891,310.295013427734
,Run8,3558,78.4165813952891,310.282012939453
,Run8,3559,78.4165813952891,310.262023925781
,Run8,3560,78.4165813952891,310.317016601562
,Run8,3561,78.4165813952891,310.335021972656
,Run8,3562,78.4165813952891,310.384002685547
,Run8,3563,78.4165813952891,310.35400390625
,Run8,3564,78.4165813952891,310.390014648438
,Run8,3565,78.4165813952891,310.422027587891
,Run8,3566,78.4165813952891,310.436004638672
,Run8,3567,78.4165813952891,310.464019775391
,Run8,3568,78.4165813952891,310.452026367188
,Run8,3569,78.4165813952891,310.474029541016
,Run8,3570,78.4165813952891,310.501007080078
,Run8,3571,78.4165813952891,310.528015136719
,Run8,3572,78.4165813952891,310.56201171875
,Run8,3573,78.4165813952891,310.541015625
,Run8,3574,78.4165813952891,310.582000732422
,Run8,3575,78.4165813952891,310.566009521484
,Run8,3576,78.4165813952891,310.606018066406
,Run8,3577,78.4165813952891,310.640014648438
,Run8,3578,78.4165813952891,310.622009277344
,Run8,3579,78.4165813952891,310.646026611328
,Run8,3580,78.4165813952891,310.665008544922
,Run8,3581,78.4165813952891,310.657012939453
,Run8,3582,78.4165813952891,310.726013183594
,Run8,3583,78.4165813952891,310.663024902344
,Run8,3584,78.4165813952891,310.707000732422
,Run8,3585,78.4165813952891,310.75
,Run8,3586,78.4165813952891,310.767028808594
,Run8,3587,78.4165813952891,310.796020507812
,Run8,3588,78.4165813952891,310.791015625
,Run8,3589,78.4165813952891,310.795013427734
,Run8,3590,78.4165813952891,310.855010986328
,Run8,3591,78.4165813952891,310.837005615234
,Run8,3592,78.4165813952891,310.873016357422
,Run8,3593,78.4165813952891,310.885009765625
,Run8,3594,78.4165813952891,310.894012451172
,Run8,3595,78.4165813952891,310.933013916016
,Run8,3596,78.4165813952891,310.950012207031
,Run8,3597,78.4165813952891,310.982025146484
,Run8,3598,78.4165813952891,310.942016601562
,Run8,3599,78.4165813952891,310.973022460938
,Run8,3600,78.4165813952891,310.996002197266
,Run8,3601,78.4165813952891,310.996002197266
,Run8,3602,78.4165813952891,311.022003173828
,Run8,3603,78.4165813952891,310.994018554688
,Run8,3604,78.4165813952891,311.031005859375
,Run8,3605,78.4165813952891,311.016021728516
,Run8,3606,78.4165813952891,311.063018798828
,Run8,3607,78.4165813952891,311.087005615234
,Run8,3608,78.4165813952891,311.018005371094
,Run8,3609,78.4165813952891,311.043029785156
,Run8,3610,78.4165813952891,311.095001220703
,Run8,3611,78.4165813952891,311.1240234375
,Run8,3612,78.4165813952891,311.126007080078
,Run8,3613,78.4165813952891,311.172027587891
,Run8,3614,78.4165813952891,311.165008544922
,Run8,3615,78.4165813952891,311.166015625
,Run8,3616,78.4165813952891,311.167022705078
,Run8,3617,78.4165813952891,311.227020263672
,Run8,3618,78.4165813952891,311.220001220703
,Run8,3619,78.4165813952891,311.284027099609
,Run8,3620,78.4165813952891,311.136016845703
,Run8,3621,78.4165813952891,310.805999755859
,Run8,3622,78.4165813952891,310.439025878906
,Run8,3623,78.4165813952891,310.007019042969
