"Time (s)","X (m/s^2)","Y (m/s^2)","Z (m/s^2)"
-2.750916668E-3,3.003354492E0,4.322860565E0,8.306676178E0
7.276083328E-3,3.093167725E0,4.331991577E0,8.104746094E0
1.730308332E-2,3.003055115E0,4.367018738E0,8.158035278E0
2.733008334E-2,2.837649078E0,4.393663330E0,8.229885864E0
3.735808333E-2,2.711311798E0,4.363575897E0,8.221952362E0
4.738508334E-2,2.669548645E0,4.315376129E0,8.233927460E0
5.741208333E-2,2.748584290E0,4.254602509E0,8.289911041E0
6.743908333E-2,2.782563629E0,4.211043091E0,8.346493378E0
7.746708333E-2,2.746338959E0,4.218677216E0,8.382418671E0
8.749408333E-2,2.711461487E0,4.144581299E0,8.424780579E0
9.752108333E-2,2.651136932E0,4.094136200E0,8.463549957E0
1.075480833E-1,2.530338135E0,4.066144409E0,8.508007507E0
1.175760833E-1,2.400707703E0,4.063150635E0,8.537047119E0
1.276030833E-1,2.354753265E0,4.045187988E0,8.560847626E0
1.376300833E-1,2.343227234E0,3.984264679E0,8.622070312E0
1.476570833E-1,2.370470581E0,3.926634521E0,8.716074829E0
1.576850833E-1,2.384541321E0,3.900438995E0,8.847052460E0
1.677120833E-1,2.401755524E0,3.870950317E0,9.002429352E0
1.777390833E-1,2.412832489E0,3.874393158E0,9.147777100E0
1.877660833E-1,2.379302216E0,3.903881836E0,9.146878967E0
1.977940833E-1,2.328857117E0,3.851341095E0,9.020092621E0
2.078210833E-1,2.265538788E0,3.799698486E0,8.938212891E0
2.178480833E-1,2.231110382E0,3.839515686E0,9.085955658E0
2.278760833E-1,2.206860809E0,3.962410126E0,9.432934113E0
2.379030833E-1,2.246977386E0,4.116589508E0,9.919572144E0
2.479300833E-1,2.236948242E0,4.240232391E0,1.033899994E1
2.579570833E-1,2.165995789E0,4.280498657E0,1.053763687E1
2.679850833E-1,2.077679443E0,4.275109863E0,1.054512131E1
2.780120833E-1,1.968406677E0,4.252806244E0,1.024649231E1
2.880390833E-1,1.770967255E0,4.301155701E0,9.887089691E0
2.980660833E-1,1.517993317E0,4.408183136E0,9.674681396E0
3.080940833E-1,1.348096619E0,4.550088043E0,9.424850922E0
3.181210833E-1,1.282383270E0,4.645739136E0,9.038204956E0
3.281480833E-1,1.184636536E0,4.744833069E0,8.538094940E0
3.381750833E-1,9.120533752E-1,4.941524048E0,8.053253174E0
3.482030833E-1,4.538562012E-1,5.027145996E0,7.690856781E0
3.582300833E-1,-6.152206421E-2,4.931644592E0,7.455546112E0
3.682570833E-1,-5.992039490E-1,4.635410614E0,7.454198914E0
3.782840833E-1,-1.067430267E0,4.224814453E0,7.450606384E0
3.883120833E-1,-1.337768097E0,3.766168213E0,7.357799377E0
3.983390833E-1,-8.551716614E-1,2.899919586E0,7.234306183E0
4.083660833E-1,-1.642085266E0,3.007096710E0,7.095395050E0
4.183930833E-1,-2.663112030E0,3.259172516E0,7.008874969E0
4.284210833E-1,-3.161874847E0,3.086132355E0,7.379354553E0
4.384480833E-1,-3.850442963E0,2.725532227E0,7.565267944E0
4.484750833E-1,-4.501439209E0,2.321821747E0,7.797584839E0
4.585030833E-1,-4.866679688E0,2.021695862E0,8.059091034E0
4.685300833E-1,-4.997058563E0,1.830842743E0,8.072413330E0
4.785570833E-1,-4.829107819E0,1.742227020E0,7.911048889E0
4.885840833E-1,-4.441563721E0,1.788181458E0,7.597151642E0
4.986113333E-1,-4.312981110E0,1.922901306E0,7.530540161E0
5.086383333E-1,-4.566404114E0,2.261646881E0,7.460485840E0
5.186653333E-1,-5.069058838E0,2.925516357E0,7.440128174E0
5.286923333E-1,-5.446573792E0,3.424428864E0,7.545808411E0
5.387203333E-1,-5.472769318E0,3.619622955E0,8.102201385E0
5.487473333E-1,-4.738246765E0,3.600762177E0,8.817713470E0
5.587743333E-1,-3.696413269E0,3.354673920E0,9.354347534E0
5.688013333E-1,-3.148402863E0,3.332969055E0,9.586215363E0
5.788293333E-1,-3.175346832E0,3.571123810E0,8.885522461E0
5.888563333E-1,-3.896696777E0,3.545826416E0,6.966213684E0
5.988833333E-1,-4.510121155E0,3.620670776E0,5.608686676E0
6.089103333E-1,-4.878355408E0,3.774550781E0,5.249882812E0
6.189383333E-1,-4.782554626E0,3.774999847E0,5.433550873E0
6.289653333E-1,-4.409081268E0,3.644321594E0,6.000422058E0
6.389923333E-1,-4.030069427E0,3.519331512E0,6.390211487E0
6.490203333E-1,-3.787274323E0,3.465742950E0,6.733298035E0
6.590473333E-1,-3.688928833E0,3.391497345E0,7.026538239E0
6.690743333E-1,-3.505410461E0,3.520678711E0,7.937094727E0
6.791013333E-1,-3.141966248E0,3.265160065E0,8.423732758E0
6.891293333E-1,-2.982996826E0,2.941233673E0,8.315208435E0
6.991563333E-1,-3.051105194E0,2.915786591E0,7.849975891E0
7.091833333E-1,-3.279829559E0,3.028801575E0,6.764433289E0
7.192103333E-1,-3.483555908E0,3.452270966E0,5.784870300E0
7.292383333E-1,-3.199297028E0,4.091441803E0,5.648354187E0
7.392653333E-1,-2.864742737E0,4.309538269E0,5.687273254E0
7.492923333E-1,-2.482587433E0,4.120780792E0,5.622008972E0
7.593193333E-1,-2.124232635E0,4.001478882E0,5.820346527E0
7.693473333E-1,-2.089504852E0,3.759132843E0,6.582411804E0
7.793743333E-1,-1.971699829E0,3.119812317E0,7.321574707E0
7.894013333E-1,-1.786684570E0,2.443818054E0,7.818541260E0
7.994283333E-1,-1.601819000E0,2.317780151E0,8.502469025E0
8.094563333E-1,-1.317260742E0,2.525997162E0,9.513616333E0
8.194833333E-1,-5.619314575E-1,2.623743896E0,1.090602081E1
8.295103333E-1,-3.652404785E-2,2.690654755E0,1.055904236E1
8.395373333E-1,-1.460961914E-1,3.222947845E0,1.016027161E1
8.495653333E-1,-1.438508606E-1,3.489393768E0,9.721533966E0
8.595923333E-1,-1.785786438E-1,3.570674744E0,8.978479156E0
8.696193333E-1,-2.633024597E-1,3.696413269E0,8.480464783E0
8.796473333E-1,-1.689985657E-1,3.929179230E0,8.588240662E0
8.896743333E-1,-1.002914429E-2,4.011358337E0,8.351882172E0
8.997013333E-1,2.544708252E-1,4.060007172E0,8.052205353E0
9.097283333E-1,7.159611511E-1,4.350253601E0,8.048912201E0
9.197563333E-1,1.121168518E0,4.492757263E0,8.246950378E0
9.297833333E-1,1.085841980E0,4.453538818E0,8.819659424E0
9.398103333E-1,1.023721161E0,4.105961609E0,9.511820068E0
9.498373333E-1,7.777825928E-1,3.716172180E0,9.718989258E0
9.598653333E-1,5.348377991E-1,3.781885529E0,9.270970917E0
9.698923333E-1,6.738986206E-1,3.798650665E0,8.581953735E0
9.799193333E-1,2.098635864E-1,2.753973083E0,8.295299835E0
9.899463333E-1,1.077309723E0,3.419938202E0,7.761509857E0
9.999743333E-1,1.545685730E0,4.520749054E0,7.689359894E0
1.010001333E0,1.031504974E0,4.139192505E0,7.685018921E0
1.020028333E0,4.146377563E-1,4.502636719E0,8.564589844E0
1.030055333E0,3.034190369E-1,4.783153381E0,9.239685974E0
1.040083333E0,4.656816101E-1,4.657265167E0,9.617649994E0
1.050110333E0,9.684860229E-1,4.928501129E0,9.964329071E0
1.060137333E0,1.952988739E0,5.193899231E0,9.708211670E0
1.070165333E0,2.557731171E0,5.101391602E0,8.893755341E0
1.080192333E0,2.567610626E0,4.769980774E0,8.174351349E0
1.090219333E0,2.235002289E0,4.427942047E0,8.130342865E0
1.100246333E0,1.862277374E0,4.128265228E0,8.446934509E0
1.110274333E0,1.600172424E0,4.125570831E0,8.841364288E0
1.120301333E0,1.522783356E0,4.464166718E0,9.018296356E0
1.130328333E0,1.743873596E0,4.718936920E0,8.705147552E0
1.140355333E0,2.203118591E0,4.649032288E0,8.079448700E0
1.150383333E0,2.588267670E0,4.398752747E0,7.431895294E0
1.160410333E0,2.324216766E0,4.496798859E0,7.568411407E0
1.170437333E0,1.728904724E0,4.834197235E0,7.888445892E0
1.180464333E0,1.435365143E0,5.329517212E0,8.116571503E0
1.190492333E0,1.550026703E0,5.701044617E0,8.411907349E0
1.200519333E0,1.861379242E0,6.121669922E0,8.891510010E0
1.210546333E0,2.517015839E0,6.270310822E0,8.637937317E0
1.220574333E0,3.379821625E0,5.860912170E0,8.059540100E0
1.230601333E0,3.763324127E0,5.366190948E0,7.860005035E0
1.240628333E0,3.398083649E0,4.513114929E0,8.272696838E0
1.250655333E0,2.586321716E0,3.629053345E0,9.142238617E0
1.260683333E0,1.919009399E0,3.129542084E0,1.050096313E1
1.270710333E0,1.932930450E0,3.099604340E0,1.188767944E1
1.280737333E0,3.057841187E0,3.475772095E0,1.326676163E1
1.290764333E0,4.137695618E0,3.671265564E0,1.434407135E1
1.300792333E0,4.800666962E0,3.379372559E0,1.416055298E1
1.310819333E0,5.213658142E0,3.015778656E0,1.301378769E1
1.320846333E0,5.060227203E0,2.405198364E0,1.084898941E1
1.330873333E0,4.432133331E0,1.663790131E0,9.416767731E0
1.340901333E0,3.617677002E0,1.298100586E0,1.119896164E1
1.350928333E0,4.154760132E0,2.227517853E0,1.340372681E1
1.360955333E0,6.387517090E0,3.159180450E0,1.530387543E1
1.370983333E0,8.628207550E0,3.167263641E0,1.651575531E1
1.381010333E0,1.032133667E1,3.095413055E0,1.592942459E1
1.391037333E0,1.060469742E1,3.549119568E0,1.465497482E1
1.401064333E0,1.001492386E1,4.282294922E0,1.394110931E1
1.411092333E0,9.483379211E0,4.953798523E0,1.398212402E1
1.421119333E0,9.310339050E0,5.296136627E0,1.438822952E1
1.431146333E0,9.254205780E0,5.440286865E0,1.488968674E1
1.441173333E0,9.741292877E0,5.626200256E0,1.520732620E1
1.451201333E0,1.050814819E1,5.855673065E0,1.475885880E1
1.461228333E0,1.130104935E1,5.878725128E0,1.391087219E1
1.471255333E0,1.195324310E1,5.519172821E0,1.318218750E1
1.481282333E0,1.200623291E1,4.863985291E0,1.226534409E1
1.491310333E0,1.142798538E1,4.133953400E0,1.114896561E1
1.501337583E0,1.064840652E1,3.685036926E0,1.012793884E1
1.511364583E0,9.915829926E0,3.752995605E0,9.567204895E0
1.521392583E0,9.407037964E0,3.916605377E0,9.313632202E0
1.531419583E0,9.186097412E0,3.823648682E0,8.574768677E0
1.541446583E0,9.205556946E0,3.658691711E0,6.869664459E0
1.551473583E0,9.116941223E0,3.646566925E0,4.851860504E0
1.561501583E0,8.744515686E0,3.688928833E0,3.099903717E0
1.571528583E0,8.298143921E0,3.826043701E0,1.976489868E0
1.581555583E0,7.772886200E0,3.671415253E0,1.252146149E0
1.591582583E0,6.934030609E0,3.058589630E0,8.044271851E-1
1.601610583E0,5.724545746E0,2.298320618E0,2.634521484E-1
1.611637583E0,4.564757538E0,1.560355225E0,-2.857557678E-1
1.621664583E0,3.165467377E0,-4.101470947E-2,-9.994715881E-1
1.631691583E0,2.005529480E0,-1.261576538E0,-9.993218994E-1
1.641719583E0,1.829944611E0,-2.379152527E0,-5.107379150E-1
1.651746583E0,1.677112427E0,-3.652404785E0,-3.695814514E-1
1.661773583E0,1.874102783E0,-3.798800354E0,-7.324269104E-1
1.671801583E0,2.447260895E0,-4.251309357E0,-8.506809998E-1
1.681828583E0,2.902164917E0,-4.550986176E0,-9.517208862E-1
1.691855583E0,2.988984375E0,-4.472249908E0,-9.264234924E-1
1.701882583E0,2.224524078E0,-4.539160767E0,-9.508227539E-1
1.711910583E0,1.406475220E0,-4.711452484E0,-1.115031281E0
1.721937583E0,9.864486694E-1,-4.549638977E0,-1.566043396E0
1.731964583E0,1.013841705E0,-3.991749115E0,-2.509531403E0
1.741991583E0,8.247848511E-1,-3.602109375E0,-3.970942383E0
1.752019583E0,1.050665131E0,-3.514541473E0,-5.460794220E0
1.762046583E0,1.897603912E0,-3.526067505E0,-6.550677795E0
1.772073583E0,3.290307770E0,-3.533252563E0,-7.199728088E0
1.782100583E0,4.785997467E0,-3.549119568E0,-7.587421875E0
1.792128583E0,6.364165649E0,-3.486250305E0,-7.894732819E0
1.802155583E0,7.815248108E0,-2.916684723E0,-8.041577454E0
1.812182583E0,9.606573029E0,-1.820514221E0,-8.056845703E0
1.822210583E0,1.245739471E1,-1.960922241E-2,-7.227420502E0
1.832237583E0,1.570593933E1,2.149080963E0,-5.664819946E0
1.842264583E0,1.965218307E1,3.986060944E0,-4.458777924E0
1.852291583E0,2.411799637E1,6.033952332E0,-3.824846191E0
1.862319583E0,2.767370224E1,8.248596954E0,-3.564387817E0
1.872346583E0,2.957819183E1,1.008108627E1,-3.333418121E0
1.882373583E0,2.977039215E1,1.152169052E1,-2.294578400E0
1.892401583E0,2.878379379E1,1.210113556E1,-3.281176758E-1
1.902428583E0,2.779509979E1,1.200039505E1,1.944456482E0
1.912455583E0,2.645358948E1,1.194486053E1,3.317401428E0
1.922482583E0,2.377925079E1,1.183319275E1,2.969824219E0
1.932510583E0,2.067051544E1,1.169009033E1,1.278940430E0
1.942537583E0,1.715148331E1,1.149429749E1,-3.573069763E-1
1.952564583E0,1.320853271E1,1.097457825E1,-1.160536652E0
1.962591583E0,9.828561401E0,1.037432648E1,-1.176553345E0
1.972619583E0,7.480843506E0,9.706265717E0,-1.552272034E-1
1.982646583E0,6.107150116E0,9.195527802E0,1.307830353E0
1.992673583E0,5.297783203E0,8.822353821E0,2.627486115E0
2.002700583E0,4.559518433E0,8.652008057E0,3.249143372E0
2.012728583E0,4.195625153E0,9.225016479E0,3.222498779E0
2.022755583E0,2.882106628E0,7.971373444E0,2.384092255E0
2.032782583E0,2.412383423E0,7.769892426E0,1.921404419E0
2.042809583E0,2.034419403E0,8.126450958E0,1.444196777E0
2.052837583E0,1.122665405E0,7.265142059E0,9.882449341E-1
2.062864583E0,7.000941467E-1,6.213878174E0,7.872129822E-1
2.072891583E0,-2.031275940E-1,5.317991180E0,5.457650757E-1
2.082919583E0,-1.226399689E0,4.633165283E0,4.712200928E-1
2.092946583E0,-2.179168396E0,4.133953400E0,5.810916138E-1
2.102973583E0,-2.898572388E0,3.667223969E0,8.927435303E-1
2.113000583E0,-3.291205902E0,3.389551392E0,1.320254517E0
2.123028583E0,-2.994522858E0,3.319646759E0,1.648521881E0
2.133055583E0,-2.017354889E0,3.582350464E0,1.884281616E0
2.143082583E0,-7.710466003E-1,3.944896545E0,2.086960144E0
2.153109583E0,7.587721252E-1,4.498445435E0,2.358495483E0
2.163137583E0,2.553390198E0,5.273234253E0,2.789449310E0
2.173164583E0,4.055666199E0,6.518943787E0,3.454516296E0
2.183191583E0,5.053790588E0,8.531808014E0,4.245920563E0
2.193218583E0,6.067332916E0,1.056622742E1,5.438939667E0
2.203246583E0,7.981701965E0,1.243434265E1,7.197931824E0
2.213273583E0,1.076291840E1,1.394889313E1,9.484876099E0
2.223300583E0,1.349518661E1,1.523142609E1,1.141151962E1
2.233327583E0,1.643432465E1,1.649958893E1,1.169607788E1
2.243355583E0,1.976654526E1,1.722692642E1,1.010683273E1
2.253382583E0,2.222144028E1,1.693892532E1,7.504943390E0
2.263409583E0,2.304547668E1,1.588586517E1,4.609813843E0
2.273437583E0,2.252455994E1,1.447714462E1,1.986069946E0
2.283464583E0,2.170052353E1,1.274988647E1,4.610412598E-2
2.293491583E0,2.065898941E1,1.081650696E1,-7.698490906E-1
2.303518583E0,1.901735321E1,8.802445221E0,-5.390290833E-1
2.313546583E0,1.674552750E1,6.680607605E0,2.097138977E-1
2.323573583E0,1.424752213E1,4.402494965E0,8.569679260E-1
2.333600583E0,1.196506851E1,2.118095398E0,1.226699066E0
2.343627583E0,9.996512146E0,6.526428223E-2,1.199755096E0
2.353655583E0,8.343499603E0,-1.489552460E0,9.042695618E-1
2.363682583E0,7.471263428E0,-2.292333069E0,4.119433594E-1
2.373709583E0,7.545509033E0,-2.672991486E0,-2.933898926E-1
2.383736583E0,4.562961273E0,-3.936064911E0,-2.695893860E-1
2.393764583E0,3.535946960E0,-4.512067108E0,-2.064207458E-1
2.403791583E0,3.027604065E0,-4.495301971E0,-3.737727356E-1
2.413818583E0,2.259551239E0,-4.654570770E0,-9.184899902E-1
2.423846583E0,1.608405304E0,-5.307213593E0,-1.597328339E0
2.433873583E0,1.085841980E0,-6.251300354E0,-1.891316986E0
2.443900583E0,1.051413574E0,-6.493197327E0,-2.244582367E0
2.453927583E0,1.306034088E0,-5.914201355E0,-2.750979309E0
2.463955583E0,8.587641907E-1,-5.841602325E0,-3.012335815E0
2.473982583E0,7.942483521E-1,-5.507946167E0,-2.715503082E0
2.484009583E0,6.683601379E-1,-5.538482666E0,-2.565065918E0
2.494036583E0,5.282514954E-1,-5.653593292E0,-3.655248871E0
2.504064833E0,1.838476868E0,-5.207071838E0,-4.739144897E0
2.514091833E0,3.898043976E0,-4.612208862E0,-5.826483765E0
2.524118833E0,5.706134033E0,-4.008065186E0,-6.576873322E0
2.534145833E0,7.439529419E0,-3.108585663E0,-7.366481323E0
2.544173833E0,8.776998138E0,-1.998194733E0,-8.170609131E0
2.554200833E0,9.971065063E0,-3.339555359E-1,-8.522227936E0
2.564227833E0,1.224004669E1,3.341201935E0,-7.369325409E0
2.574255833E0,1.667307816E1,8.423433380E0,-5.405559082E0
2.584282833E0,2.182745956E1,1.203302719E1,-3.442092133E0
2.594309833E0,2.654355240E1,1.373738297E1,-2.061513062E0
2.604336833E0,2.958522720E1,1.447385147E1,-1.626218262E0
2.614364833E0,3.015239777E1,1.525851974E1,-1.631607056E0
2.624391833E0,2.794119598E1,1.628777939E1,-1.308578796E0
2.634418833E0,2.434881638E1,1.676798080E1,-7.798782349E-1
2.644445833E0,2.104623413E1,1.653895706E1,-1.895059204E-1
2.654473833E0,1.837159607E1,1.577928680E1,-6.556365967E-2
2.664500833E0,1.557615921E1,1.445214661E1,-6.026467896E-1
2.674527833E0,1.224513611E1,1.296304321E1,-1.165775757E0
2.684554833E0,8.582103424E0,1.177346695E1,-1.409468994E0
2.694582833E0,5.189258881E0,1.096948883E1,-1.350641327E0
2.704609833E0,2.508184204E0,1.026430527E1,-8.717871094E-1
2.714636833E0,8.325686646E-1,9.680668945E0,-4.161346436E-2
2.724663833E0,1.005908203E-1,9.122180328E0,8.346643066E-1
2.734691833E0,-9.774673462E-2,8.613388367E0,1.829794922E0
2.744718833E0,2.380050659E-2,7.725584564E0,2.553390198E0
2.754745833E0,8.735833740E-1,7.880662079E0,2.560575256E0
2.764772833E0,7.170089722E-1,7.909851379E0,3.643124084E0
2.774800833E0,3.556604004E-1,7.363936615E0,3.146606598E0
2.784827833E0,-8.437953186E-1,7.103328552E0,1.496737518E0
2.794854833E0,-2.805016937E0,6.832092590E0,2.622546387E-1
2.804882833E0,-4.490661621E0,6.516249390E0,-6.628216553E-1
2.814909833E0,-5.315147095E0,6.434818726E0,-1.180445251E0
2.824936833E0,-5.515131226E0,6.223458252E0,-1.652862854E0
2.834963833E0,-5.084626465E0,5.817203064E0,-1.738035736E0
2.844991833E0,-3.485202484E0,5.733676758E0,-8.396040344E-1
2.855018833E0,-1.465302887E0,6.137387238E0,3.162922668E-1
2.865045833E0,1.836979980E0,6.694229279E0,2.700983276E0
2.875072833E0,5.141957245E0,7.897277527E0,3.096610565E0
2.885100833E0,6.801556091E0,8.848848724E0,2.668051758E0
2.895127833E0,8.018375702E0,1.039318726E1,3.481909332E0
2.905154833E0,8.795409851E0,1.215397568E1,4.537963257E0
2.915181833E0,1.115615067E1,1.437131470E1,6.527176666E0
2.925209833E0,1.565265015E1,1.676274170E1,9.138496399E0
2.935236833E0,2.101914047E1,1.825349167E1,1.164593216E1
2.945263833E0,2.541774353E1,1.881512375E1,1.229782654E1
2.955290833E0,2.806019852E1,1.790636353E1,9.667646027E0
2.965318833E0,2.842139740E1,1.609198654E1,5.438939667E0
2.975345833E0,2.800002365E1,1.494252686E1,1.912722473E0
2.985372833E0,2.753329422E1,1.415561325E1,-3.272195435E-1
2.995399833E0,2.609508499E1,1.326930634E1,-1.633702698E0
3.005427833E0,2.377476013E1,1.197075668E1,-2.448608093E0
3.015454833E0,2.128783173E1,1.004725662E1,-2.543510742E0
3.025481833E0,1.855616226E1,7.552993469E0,-1.974394226E0
3.035508833E0,1.541284882E1,5.050497437E0,-1.227597198E0
3.045536833E0,1.232252518E1,3.009791107E0,-4.932243347E-1
3.055563833E0,9.894424438E0,1.438658295E0,1.086740112E-1
3.065590833E0,7.973918152E0,-2.784210205E-2,4.593946838E-1
3.075618833E0,6.619833984E0,-1.264420624E0,4.032614136E-1
3.085645833E0,5.496270447E0,-2.798430634E0,3.225791931E-1
3.095672833E0,3.892804871E0,-4.718487854E0,1.525328064E-1
3.105699833E0,2.528841248E0,-5.579048309E0,1.468446350E-1
3.115727833E0,1.820065155E0,-6.384074249E0,1.664538574E-1
3.125754833E0,1.012943573E0,-7.259004822E0,9.415420532E-2
3.135781833E0,2.279759216E-1,-7.950866089E0,-2.049238586E-1
3.145808833E0,-4.020639038E-1,-7.917934570E0,-6.206094360E-1
3.155836833E0,-6.456074524E-1,-7.667954407E0,-1.178948364E0
3.165863833E0,-7.427554321E-1,-7.595205688E0,-1.709744568E0
3.175890833E0,-7.379653931E-1,-7.513775024E0,-2.063009949E0
3.185917833E0,-6.563850403E-1,-7.391778717E0,-2.431693268E0
3.195945833E0,-3.625460815E-1,-7.231611786E0,-2.780018921E0
3.205972833E0,2.704875183E-1,-7.256160736E0,-3.043471069E0
3.215999833E0,1.585353241E0,-7.231162720E0,-3.153641968E0
3.226026833E0,3.388952637E0,-7.487878876E0,-2.974614258E0
3.236054833E0,4.972359924E0,-7.120393066E0,-3.015928345E0
3.246081833E0,5.644013214E0,-5.882617035E0,-3.722758484E0
3.256108833E0,6.455176392E0,-3.995940399E0,-4.729564819E0
3.266135833E0,7.426656189E0,-1.866917725E0,-6.582561493E0
3.276163833E0,9.521400146E0,1.158291321E0,-8.915609894E0
3.286190833E0,1.353051315E1,6.604565735E0,-9.651629333E0
3.296217833E0,1.990919861E1,1.302561310E1,-8.076604614E0
3.306245833E0,2.823084366E1,1.759381348E1,-4.877756653E0
3.316272833E0,3.514301971E1,1.974648697E1,-1.205592957E0
3.326299833E0,3.808006210E1,2.033416489E1,2.272723846E0
3.336326833E0,3.683480164E1,2.064910995E1,5.204078064E0
3.346354833E0,3.269950104E1,2.084565125E1,7.317682800E0
3.356381833E0,2.641077850E1,2.040796143E1,8.468040619E0
3.366408833E0,2.010663803E1,1.945204926E1,8.473279724E0
3.376435833E0,1.479223938E1,1.782029251E1,7.285799103E0
3.386463833E0,1.060858932E1,1.575563599E1,4.837789764E0
3.396490833E0,7.161407776E0,1.366702927E1,2.258054352E0
3.406517833E0,4.126918030E0,1.198961746E1,7.699987793E-1
3.416544833E0,1.597328339E0,1.037312897E1,7.164102173E-1
3.426572833E0,-5.873785400E-1,8.816665649E0,1.678459625E0
3.436599833E0,-2.125729523E0,7.606132965E0,2.382146301E0
3.446626833E0,-2.978206787E0,6.885381775E0,2.527494049E0
3.456653833E0,-2.330204315E0,6.486012268E0,1.979633331E0
3.466681833E0,-2.627037048E0,5.878425751E0,2.405497742E0
3.476708833E0,-3.110082550E0,5.362897797E0,2.990930328E0
3.486735833E0,-3.519032135E0,4.395459595E0,3.396736450E0
3.496762375E0,-4.384981384E0,3.456162872E0,3.907773743E0
3.506790375E0,-4.899910583E0,2.860701141E0,4.385729828E0
3.516817375E0,-5.258564758E0,2.357297974E0,4.636458435E0
3.526844375E0,-5.367687836E0,2.130968628E0,4.522245941E0
3.536872375E0,-5.390290833E0,2.357597351E0,3.875141602E0
3.546899375E0,-5.845643921E0,2.179767151E0,3.893403625E0
3.556926375E0,-5.605094147E0,2.851270752E0,3.311862946E0
3.566953375E0,-4.862488403E0,3.320095825E0,3.173251190E0
3.576981375E0,-3.450175323E0,3.888613586E0,3.503614197E0
3.587008375E0,-1.097817078E0,4.964725800E0,4.260140991E0
3.597035375E0,1.681902466E0,6.678811340E0,4.732857971E0
3.607062375E0,4.275259552E0,9.098978577E0,4.801265717E0
3.617090375E0,6.680906982E0,1.183663559E1,4.427492981E0
3.627117375E0,8.846902771E0,1.461845078E1,4.229903870E0
3.637144375E0,1.098849930E1,1.770847504E1,5.094056854E0
3.647171375E0,1.346869171E1,2.096315689E1,7.524402924E0
3.657199375E0,1.643671967E1,2.375080994E1,1.034453842E1
3.667226375E0,1.967568420E1,2.524141022E1,1.150507507E1
3.677253375E0,2.262080978E1,2.523991333E1,9.996063080E0
3.687280375E0,2.448877533E1,2.414359314E1,7.063361664E0
3.697308375E0,2.509905624E1,2.266541702E1,5.005441132E0
3.707335375E0,2.440465027E1,2.095148117E1,3.670966187E0
3.717362375E0,2.307376785E1,1.853191269E1,2.237397308E0
3.727389375E0,2.144455582E1,1.555610092E1,4.927752686E-1
3.737417375E0,1.925760361E1,1.220172638E1,-9.493258667E-1
3.747444375E0,1.638268204E1,8.898545380E0,-1.505269775E0
3.757471375E0,1.307306442E1,5.987848206E0,-1.536105652E0
3.767498375E0,9.830058289E0,3.410807190E0,-1.188528442E0
3.777526375E0,7.217091980E0,1.259780273E0,-5.255570984E-1
3.787553375E0,5.592520294E0,-4.218228149E-1,1.826202393E-2
3.797580375E0,4.512216797E0,-2.066901855E0,3.448828125E-1
3.807608375E0,3.589685211E0,-3.594175873E0,4.813989258E-1
3.817635375E0,2.859653320E0,-4.879702606E0,3.906875610E-1
3.827662375E0,2.391127625E0,-5.931565247E0,3.005749512E-1
3.837689375E0,2.195933533E0,-6.907835083E0,2.225871277E-1
3.847717375E0,2.120340729E0,-7.607330475E0,8.846603394E-2
3.857744375E0,2.162253571E0,-8.163573761E0,-1.926493835E-1
3.867771375E0,1.937121735E0,-8.604257355E0,-5.915698242E-1
3.877798375E0,9.970765686E-1,-9.029972076E0,-1.061143341E0
3.887826375E0,-3.156935120E-1,-9.257349243E0,-1.509161682E0
3.897853375E0,-1.637893982E0,-9.212891693E0,-2.034718781E0
3.907880375E0,-2.479294281E0,-8.774453430E0,-2.882406006E0
3.917907375E0,-2.268382874E0,-8.248147888E0,-4.030368805E0
3.927935375E0,-6.436614990E-1,-7.648045807E0,-5.123545532E0
3.937962375E0,2.087259521E0,-6.942712555E0,-5.834866333E0
3.947989375E0,5.326074371E0,-5.840255127E0,-6.413113861E0
3.958016375E0,8.399483185E0,-4.335434418E0,-7.128775635E0
3.968044375E0,1.069271439E1,-2.893482971E0,-8.450676727E0
3.978071375E0,1.150357819E1,-1.576970673E0,-9.592202911E0
3.988098375E0,1.096050751E1,2.658471680E-1,-9.684411163E0
3.998126375E0,1.046324158E1,3.438200226E0,-8.176896057E0
4.008153375E0,1.315494415E1,8.267457733E0,-6.176905060E0
4.018180375E0,1.899699554E1,1.293505142E1,-4.513713684E0
4.028207375E0,2.610182098E1,1.610560822E1,-3.606001282E0
4.038235375E0,3.159764236E1,1.779589325E1,-3.184477844E0
4.048262375E0,3.450953705E1,1.899549866E1,-3.082240448E0
4.058289375E0,3.413995560E1,2.002969803E1,-2.774630127E0
4.068316375E0,3.108166534E1,2.076646591E1,-1.998494110E0
4.078344375E0,2.683619385E1,2.071811646E1,-8.749305725E-1
4.088371375E0,2.275822403E1,1.973436218E1,3.899391174E-1
4.098398375E0,1.925640610E1,1.839255249E1,1.456171875E0
4.108425375E0,1.613943787E1,1.671124878E1,2.027833099E0
4.118453375E0,1.299328033E1,1.479762817E1,2.073937225E0
4.128480375E0,9.716294861E0,1.291978317E1,1.959275665E0
4.138507375E0,6.502777405E0,1.127141098E1,1.929637299E0
4.148534375E0,3.642375641E0,9.846224670E0,2.138303375E0
4.158562375E0,1.264869690E0,8.797655182E0,2.424807587E0
4.168589375E0,-5.641767883E-1,7.910749512E0,2.515069885E0
4.178616375E0,-1.837578735E0,6.945107574E0,2.495460663E0
4.188643375E0,-2.650687866E0,5.786367188E0,2.504441986E0
4.198671375E0,-3.218906250E0,4.718338165E0,2.608625336E0
4.208698375E0,-3.421285400E0,3.839066620E0,2.659519501E0
4.218725375E0,-3.521277466E0,3.133134613E0,2.686912537E0
4.228752375E0,-4.066743164E0,2.400857391E0,2.658771057E0
4.238780375E0,-4.886588287E0,2.002086639E0,2.592758331E0
4.248807375E0,-5.672005005E0,1.793121185E0,2.704875183E0
4.258834375E0,-6.231092377E0,1.551074524E0,2.970422974E0
4.268861375E0,-6.493197327E0,1.292113037E0,3.302282867E0
4.278889375E0,-6.595883789E0,1.254990234E0,3.714076538E0
4.288916375E0,-6.384223938E0,1.486708374E0,3.856131134E0
4.298943375E0,-5.824537811E0,1.765129395E0,3.590134277E0
4.308970375E0,-4.689448242E0,2.132914581E0,2.804118805E0
4.318998375E0,-3.073857880E0,2.822231140E0,1.917063446E0
4.329025375E0,-1.458566895E0,3.897445221E0,1.440604248E0
4.339052375E0,-2.384541321E-1,5.462141418E0,1.449136505E0
4.349080375E0,1.222358093E0,8.281079407E0,2.249222717E0
4.359107375E0,3.902085571E0,1.200758011E1,3.671415253E0
4.369134375E0,9.113199005E0,1.620365433E1,6.177952881E0
4.379161375E0,1.666978500E1,2.018088364E1,9.689051514E0
4.389189375E0,2.450419327E1,2.305385925E1,1.296259415E1
4.399216375E0,2.977757721E1,2.300775513E1,1.365610199E1
4.409243375E0,3.143118851E1,2.110401398E1,1.096499817E1
4.419270375E0,3.048066513E1,1.948587891E1,6.140081635E0
4.429298375E0,2.908182404E1,1.872995087E1,2.199675751E0
4.439325375E0,2.859069534E1,1.754127274E1,-2.287243652E-1
4.449352375E0,2.827455276E1,1.556987228E1,-1.947899323E0
4.459379375E0,2.654804306E1,1.291125092E1,-3.075654144E0
4.469407375E0,2.311598007E1,9.914333038E0,-3.187770996E0
4.479434375E0,1.865121460E1,7.217840424E0,-2.256407776E0
4.489461375E0,1.431503174E1,4.828658752E0,-9.153465271E-1
4.499488583E0,1.087832840E1,2.781665497E0,3.236270142E-1
4.509516583E0,8.685538330E0,9.830058289E-1,1.359023895E0
4.519543583E0,7.287894745E0,-7.541317749E-1,2.060016174E0
4.529570583E0,6.058650970E0,-2.438429260E0,2.384840698E0
4.539597583E0,4.821922760E0,-4.056714020E0,2.068548431E0
4.549625583E0,3.331023102E0,-5.577401733E0,1.059347076E0
4.559652583E0,1.960173798E0,-6.779102783E0,-2.941383362E-1
4.569679583E0,9.620494080E-1,-7.639214172E0,-1.528471527E0
4.579706583E0,1.654060364E-1,-8.315507812E0,-2.432292023E0
4.589734583E0,-7.996371460E-1,-8.910221100E0,-3.041674805E0
4.599761583E0,-1.922901306E0,-9.361981659E0,-3.325035553E0
4.609788583E0,-3.184477844E0,-9.560917969E0,-3.238066406E0
4.619815583E0,-4.217030640E0,-9.579928436E0,-3.079096985E0
4.629843583E0,-4.559069366E0,-9.590556335E0,-2.848726044E0
4.639870583E0,-3.738475800E0,-9.545799408E0,-2.771935730E0
4.649897583E0,-1.718276825E0,-9.391769714E0,-3.046015778E0
4.659925583E0,8.925938416E-1,-9.089548187E0,-3.695964203E0
4.669952583E0,3.721261597E0,-8.805738373E0,-4.640649719E0
4.679979583E0,6.524332581E0,-8.217761078E0,-5.496270447E0
4.690006583E0,8.822653198E0,-6.774761810E0,-6.180198212E0
4.700034583E0,1.037806870E1,-4.773573303E0,-6.902146912E0
4.710061583E0,1.189007446E1,-2.420316925E0,-7.460635529E0
4.720088583E0,1.372211472E1,6.117778015E-1,-7.336992645E0
4.730115583E0,1.725177475E1,5.100643158E0,-6.232140198E0
4.740143583E0,2.294279022E1,9.806706848E0,-4.697232056E0
4.750170583E0,2.924408661E1,1.258837234E1,-3.800596619E0
4.760197583E0,3.360856064E1,1.352826782E1,-3.805087280E0
4.770224583E0,3.495037033E1,1.429018341E1,-4.298610992E0
4.780252583E0,3.367217834E1,1.541793823E1,-4.762196960E0
4.790279583E0,3.077749786E1,1.635364243E1,-5.177583160E0
4.800306583E0,2.705848160E1,1.635319336E1,-5.562133484E0
4.810333583E0,2.329530716E1,1.550625458E1,-5.736221466E0
4.820361583E0,1.952434891E1,1.433658691E1,-5.593717804E0
4.830388583E0,1.566118240E1,1.310360092E1,-5.217849426E0
4.840415583E0,1.192659851E1,1.192120972E1,-4.516857147E0
4.850442583E0,8.636440430E0,1.074495575E1,-3.368594971E0
4.860470583E0,5.907914429E0,9.608069916E0,-1.907483368E0
4.870497583E0,3.769760742E0,8.467142487E0,-4.085005188E-1
4.880524583E0,1.982627106E0,7.481741638E0,9.982740784E-1
4.890551583E0,7.069798279E-1,6.848408661E0,2.244732056E0
4.900579583E0,-1.216969299E-1,6.363117828E0,3.259920959E0
4.910606583E0,-7.143145752E-1,5.888155518E0,4.056564331E0
4.920633583E0,-1.069226532E0,5.420527954E0,4.568050690E0
4.930660583E0,-1.383572845E0,4.999902649E0,4.833598480E0
4.940688583E0,-1.826202393E0,4.703668671E0,4.882397003E0
4.950715583E0,-2.541265411E0,4.489763489E0,4.745581512E0
4.960742583E0,-3.462599487E0,4.243824921E0,4.358785858E0
4.970769583E0,-4.276007996E0,3.847299500E0,3.920197906E0
4.980797583E0,-4.711452484E0,3.414848785E0,3.633993073E0
4.990824583E0,-4.664001160E0,3.105891266E0,3.504362640E0
5.000851583E0,-4.114044800E0,2.882705383E0,3.456462250E0
5.010878583E0,-3.226091309E0,2.739602966E0,3.386557617E0
5.020906583E0,-2.628234558E0,3.038980408E0,3.398532715E0
5.030933583E0,-2.050735474E0,4.007616119E0,3.419788513E0
5.040960583E0,-4.373904419E-1,5.788911896E0,3.681893463E0
5.050987583E0,2.086511078E0,8.685538330E0,4.332889709E0
5.061015583E0,4.932991791E0,1.231638794E1,5.201084290E0
5.071042583E0,8.530760193E0,1.576910797E1,6.175108795E0
5.081069583E0,1.211116470E1,1.873444153E1,7.781717834E0
5.091096583E0,1.566148178E1,2.103171432E1,9.430389404E0
5.101124583E0,1.910806458E1,2.247785706E1,1.018107834E1
5.111151583E0,2.237846375E1,2.269056473E1,9.247918854E0
5.121178583E0,2.475986160E1,2.163316360E1,7.201524353E0
5.131205583E0,2.577849335E1,1.985950195E1,5.179379425E0
5.141233583E0,2.542897018E1,1.770308624E1,3.633544006E0
5.151260583E0,2.370994492E1,1.550236267E1,2.823877716E0
5.161287583E0,2.122915375E1,1.315644104E1,2.648592224E0
5.171314583E0,1.841261078E1,1.048105453E1,2.739902344E0
5.181342583E0,1.543425430E1,7.572453003E0,2.776576080E0
5.191369583E0,1.259600647E1,5.020709381E0,2.734962616E0
5.201396583E0,1.023227188E1,2.992726593E0,2.752925262E0
5.211423583E0,8.342451782E0,1.036295013E0,2.848127289E0
5.221451583E0,6.767277374E0,-8.677455139E-1,2.855012970E0
5.231478583E0,5.410947876E0,-2.616409149E0,2.519410858E0
5.241505583E0,4.343068542E0,-4.079017639E0,1.919757843E0
5.251532583E0,3.580105133E0,-5.323679352E0,1.064885559E0
5.261560583E0,3.163671112E0,-6.485862579E0,6.436614990E-3
5.271587583E0,3.029999084E0,-7.618407440E0,-1.143472137E0
5.281614583E0,2.946023712E0,-8.749904480E0,-2.251468048E0
5.291641583E0,2.433938599E0,-9.749675446E0,-3.145259399E0
5.301669583E0,1.183588715E0,-1.037881714E1,-3.837120667E0
5.311696583E0,-8.581654358E-1,-1.045575714E1,-4.127965851E0
5.321723583E0,-3.063529358E0,-1.016102005E1,-3.989952850E0
5.331750583E0,-4.660408630E0,-1.007464966E1,-3.652404785E0
5.341778583E0,-5.052144012E0,-1.021490799E1,-3.271746368E0
5.351805583E0,-3.991449738E0,-1.039154068E1,-2.986289978E0
5.361832583E0,-1.720671844E0,-1.045231430E1,-3.068768463E0
5.371859583E0,1.009500732E0,-1.023272095E1,-3.763922882E0
5.381887583E0,4.040847015E0,-9.028774567E0,-5.098248138E0
5.391914583E0,6.987918549E0,-6.894812164E0,-6.743776245E0
5.401941583E0,9.887987823E0,-3.949686584E0,-8.921747131E0
5.411968583E0,1.297202454E1,-6.342311096E-1,-1.153007309E1
5.421996583E0,1.577120361E1,3.075803833E0,-1.330553101E1
5.432023583E0,1.990455826E1,7.885152740E0,-1.445573914E1
5.442050583E0,2.485042328E1,1.199949692E1,-1.529429535E1
5.452077583E0,2.918331299E1,1.403825729E1,-1.490270966E1
5.462105583E0,3.189252914E1,1.454151077E1,-1.405128021E1
5.472132583E0,3.193668732E1,1.440155182E1,-1.268956192E1
5.482159583E0,3.030642746E1,1.471185654E1,-1.057236465E1
5.492186583E0,2.827290619E1,1.509760437E1,-8.618028717E0
5.502214083E0,2.575364502E1,1.464165253E1,-7.198829956E0
5.512241083E0,2.247052231E1,1.372795258E1,-6.100863190E0
5.522268083E0,1.853804993E1,1.278805710E1,-5.115761719E0
5.532295083E0,1.458761490E1,1.199111435E1,-4.197720795E0
5.542323083E0,1.090841583E1,1.129670837E1,-3.234473877E0
5.552350083E0,7.804021454E0,1.073582474E1,-2.140249329E0
5.562377083E0,5.444029083E0,1.021146515E1,-9.601034546E-1
5.572404083E0,3.674858093E0,9.685159607E0,2.754272461E-1
5.582432083E0,2.392923889E0,9.134903870E0,1.465153198E0
5.592459083E0,1.550026703E0,8.407266998E0,2.453547821E0
5.602486083E0,9.156459045E-1,7.630981293E0,3.090922394E0
5.612513083E0,2.264790344E-1,6.865622864E0,3.432212677E0
5.622541083E0,-3.869453430E-1,6.446644135E0,3.532953186E0
5.632568083E0,-9.162446594E-1,6.221961365E0,3.482059021E0
5.642595083E0,-1.612446899E0,5.845344543E0,3.390599213E0
5.652622083E0,-2.427651672E0,5.378465424E0,3.251987457E0
5.662650083E0,-3.250939636E0,5.040168915E0,3.084036713E0
5.672677083E0,-4.019441528E0,4.672383728E0,3.058589630E0
5.682704083E0,-4.509672089E0,4.173471222E0,3.243754578E0
5.692731083E0,-4.319417725E0,3.794160004E0,3.533551941E0
5.702759083E0,-3.355572052E0,3.846401367E0,4.014052734E0
5.712786083E0,-1.674567719E0,4.504732361E0,4.410428467E0
5.722813083E0,1.173559570E-1,5.251828766E0,4.365970917E0
5.732840083E0,1.829196167E0,5.849984894E0,3.909570007E0
5.742868083E0,3.223247223E0,6.675069122E0,3.182681580E0
5.752895083E0,4.127217407E0,8.116272125E0,2.594105530E0
5.762922083E0,4.823569336E0,1.007090744E1,2.514770508E0
5.772949083E0,6.235882416E0,1.236099518E1,2.958447876E0
5.782977083E0,8.779991913E0,1.463282089E1,3.605252838E0
5.793004083E0,1.246996857E1,1.608001144E1,3.991898804E0
5.803031083E0,1.688114548E1,1.703816895E1,3.914659424E0
5.813058083E0,2.104279129E1,1.717827759E1,2.714604950E0
5.823086083E0,2.404045761E1,1.625275223E1,4.608915710E-1
5.833113083E0,2.531969742E1,1.492022324E1,-2.166893921E0
5.843140083E0,2.533047501E1,1.389665176E1,-4.597090302E0
5.853167083E0,2.458742020E1,1.319970108E1,-6.443650360E0
5.863195083E0,2.339485016E1,1.223450821E1,-7.798333282E0
5.873222083E0,2.183434525E1,1.076710968E1,-8.683292999E0
5.883249083E0,1.965817062E1,9.027577057E0,-8.948391724E0
5.893276083E0,1.707768677E1,7.257807312E0,-8.679850159E0
5.903304083E0,1.441083252E1,5.661227417E0,-8.020770721E0
5.913331083E0,1.202569244E1,4.210893402E0,-7.281757507E0
5.923358083E0,1.011207184E1,2.972518616E0,-6.486311646E0
5.933385083E0,8.624016266E0,1.851649475E0,-5.682632904E0
5.943413083E0,7.224726105E0,5.581892395E-1,-4.907245331E0
5.953440083E0,5.802383881E0,-8.866062927E-1,-4.072581024E0
5.963467083E0,4.491410065E0,-2.350561981E0,-3.213816833E0
5.973494083E0,3.311862946E0,-3.711681519E0,-2.355052643E0
5.983522083E0,2.178419952E0,-4.995561676E0,-1.564247131E0
5.993549083E0,1.044527893E0,-6.130202179E0,-9.422904968E-1
6.003576083E0,-2.642005920E-1,-7.149282990E0,-5.704637146E-1
6.013603083E0,-1.872007141E0,-8.240513763E0,-4.700225830E-1
6.023631083E0,-3.240611115E0,-9.028924255E0,-3.971241760E-1
6.033658083E0,-3.907324677E0,-9.229806519E0,-1.905537415E-1
6.043685083E0,-4.053570557E0,-9.611363068E0,-3.385958862E-1
6.053712083E0,-3.389102325E0,-9.993668060E0,-1.049766998E0
6.063739083E0,-1.616937561E0,-9.890981598E0,-2.164947968E0
6.073767083E0,9.080117798E-1,-9.600435791E0,-3.376229095E0
6.083794083E0,3.445984039E0,-9.484427032E0,-4.667593689E0
6.093821083E0,5.276377716E0,-9.557325439E0,-5.823789368E0
6.103848083E0,5.529052277E0,-9.698781281E0,-6.281986542E0
6.113876083E0,5.035678253E0,-9.010362854E0,-5.798192596E0
6.123903083E0,5.673950958E0,-7.177574158E0,-5.207071838E0
6.133930083E0,9.237740021E0,-4.470154266E0,-4.813689880E0
6.143957083E0,1.653925644E1,-2.607577515E-1,-4.095782776E0
6.153985083E0,2.573478424E1,3.754342804E0,-3.532504120E0
6.164012083E0,3.371319305E1,6.061045990E0,-4.302353210E0
6.174039083E0,3.835249557E1,7.740104370E0,-6.007756805E0
6.184066083E0,3.827031647E1,9.603878632E0,-7.331454163E0
6.194094083E0,3.474215332E1,1.103595062E1,-7.645351410E0
6.204121083E0,3.034564590E1,1.170535858E1,-7.140750732E0
6.214148083E0,2.642814240E1,1.197120575E1,-6.509962463E0
6.224175083E0,2.314022964E1,1.194471085E1,-6.017636261E0
6.234203083E0,2.033176987E1,1.191926376E1,-5.355563049E0
6.244230083E0,1.764934799E1,1.175026520E1,-4.449497223E0
6.254257083E0,1.497710495E1,1.138292908E1,-3.481909332E0
6.264284083E0,1.218630844E1,1.100376755E1,-2.331252136E0
6.274312083E0,9.505682831E0,1.063014450E1,-8.768765259E-1
6.284339083E0,7.111262054E0,1.022194336E1,7.283853149E-1
6.294366083E0,5.036875763E0,9.767039337E0,2.196532288E0
6.304393083E0,3.394940186E0,9.389674072E0,3.378923492E0
6.314421083E0,2.210603027E0,9.124126282E0,4.347259827E0
6.324448083E0,1.104553070E0,8.715775452E0,5.397924957E0
6.334475083E0,2.874023438E-2,8.161777496E0,6.542744293E0
6.344502083E0,-1.214873657E0,7.642058258E0,7.652835846E0
6.354530083E0,-2.533182220E0,7.251819763E0,8.601413269E0
6.364557083E0,-3.747008057E0,6.951843567E0,9.288783875E0
6.374584083E0,-4.787344666E0,6.458768921E0,9.708361359E0
6.384611083E0,-5.466632080E0,5.863606567E0,9.799521790E0
6.394639083E0,-5.482050018E0,5.431455231E0,9.397906952E0
6.404666083E0,-5.023553467E0,4.911286926E0,8.499924316E0
6.414693083E0,-4.318669281E0,4.281845856E0,7.352709961E0
6.424720083E0,-3.251987457E0,3.808979187E0,6.019133148E0
6.434748083E0,-1.807191925E0,3.579506378E0,4.786895599E0
6.444775083E0,-5.298980713E-1,3.406915283E0,3.558250580E0
6.454802083E0,3.610491943E-1,3.908821564E0,2.448458405E0
6.464829083E0,5.806425476E-1,4.822072449E0,1.744771729E0
6.474857083E0,1.069525909E0,6.617588654E0,1.902843018E0
6.484884083E0,2.628983002E0,9.871522064E0,3.012186127E0
6.494911083E0,7.298372955E0,1.415097290E1,5.218597870E0
6.504938458E0,1.626397888E1,1.794109131E1,8.755892029E0
6.514966458E0,2.703468109E1,2.085583008E1,1.242401413E1
6.524993458E0,3.662553680E1,2.238744507E1,1.390099274E1
6.535020458E0,4.308954483E1,1.987237518E1,1.224693237E1
6.545047458E0,4.404440918E1,1.541389664E1,8.265062714E0
6.555074458E0,4.031266937E1,1.288939636E1,4.238436127E0
6.565102458E0,3.452540405E1,1.134475845E1,5.662724304E-1
6.575129458E0,2.863305725E1,9.254355469E0,-2.470462646E0
6.585156458E0,2.337973160E1,6.616241455E0,-4.130809937E0
6.595183458E0,1.857487335E1,4.367617493E0,-4.417463837E0
6.605211458E0,1.420081924E1,2.992726593E0,-3.737427979E0
6.615238458E0,1.081950073E1,2.146236877E0,-2.634072418E0
6.625265458E0,8.598419495E0,1.114582214E0,-1.653162231E0
6.635292458E0,7.238647156E0,5.987548828E-3,-9.571096802E-1
6.645320458E0,6.283483429E0,-1.014290771E0,-6.054908752E-1
6.655347458E0,5.425467682E0,-1.861079865E0,-6.026467896E-1
6.665374458E0,4.834346924E0,-2.650238800E0,-9.044192505E-1
6.675401458E0,4.509073334E0,-3.636537781E0,-1.379231873E0
6.685429458E0,4.313729553E0,-4.687053223E0,-1.982327728E0
6.695456458E0,3.985462189E0,-5.886958008E0,-2.520009613E0
6.705483458E0,3.025807800E0,-7.360044708E0,-2.891387329E0
6.715510458E0,1.178349609E0,-8.892857208E0,-3.111280060E0
6.725538458E0,-1.339714050E0,-1.017808456E1,-3.149300995E0
6.735565458E0,-3.763324127E0,-1.106319397E1,-2.878514099E0
6.745592458E0,-5.391937408E0,-1.173664352E1,-2.603236542E0
6.755619458E0,-6.048322449E0,-1.204934326E1,-2.519111481E0
6.765647458E0,-5.410798187E0,-1.195069839E1,-2.771336975E0
6.775674458E0,-3.419189758E0,-1.161509628E1,-3.445235596E0
6.785701458E0,-8.177494812E-1,-1.142304565E1,-4.284091187E0
6.795728458E0,1.860780487E0,-1.117935242E1,-5.125491486E0
6.805756458E0,4.177812195E0,-1.068732559E1,-6.058201904E0
6.815783458E0,5.218597870E0,-1.031280441E1,-7.235503693E0
6.825810458E0,4.808151398E0,-1.021026764E1,-8.015381927E0
6.835837458E0,3.960015106E0,-9.382189636E0,-7.605833588E0
6.845865458E0,5.163811798E0,-7.090754700E0,-6.004912720E0
6.855892458E0,1.148666336E1,-2.575693817E0,-3.771557007E0
6.865919458E0,2.314247498E1,3.560196533E0,-1.399439850E0
6.875946458E0,3.547892120E1,9.006021881E0,1.381477203E0
6.885974458E0,4.398647964E1,1.294687683E1,3.966601410E0
6.896001458E0,4.698175095E1,1.557466232E1,5.435796204E0
6.906028458E0,4.438465164E1,1.781879562E1,6.330485687E0
6.916055458E0,3.829456604E1,1.958991257E1,6.206693115E0
6.926083458E0,3.068588837E1,1.997745667E1,5.490582275E0
6.936110458E0,2.410916473E1,1.932601135E1,4.588108978E0
6.946137458E0,1.948617828E1,1.797911224E1,3.526965637E0
6.956164458E0,1.636172562E1,1.628433655E1,1.983225861E0
6.966192458E0,1.346135696E1,1.457638824E1,2.839595032E-1
6.976219458E0,1.020622604E1,1.299402878E1,-8.132588196E-1
6.986246458E0,6.771019592E0,1.173843979E1,-8.514294434E-1
6.996273458E0,3.824397125E0,1.103011276E1,2.829116821E-2
7.006301458E0,1.686243439E0,1.075199112E1,1.204994202E0
7.016328458E0,9.475296021E-2,1.028136978E1,2.111509094E0
7.026355458E0,-1.069076843E0,9.834099884E0,2.592159576E0
7.036382458E0,-1.997745667E0,9.448651428E0,2.665656738E0
7.046410458E0,-2.788251801E0,9.002728729E0,2.328707428E0
7.056437458E0,-3.453169098E0,8.586145020E0,1.801204376E0
7.066464458E0,-3.991150360E0,8.136929169E0,1.304237823E0
7.076491458E0,-4.421505432E0,7.625442810E0,8.463400269E-1
7.086519458E0,-4.758005676E0,7.090605011E0,4.246669006E-1
7.096546458E0,-5.005890198E0,6.521937561E0,1.047821045E-1
7.106573458E0,-4.989125061E0,6.035449219E0,-1.300794983E-1
7.116600458E0,-4.602778473E0,5.602848816E0,-4.640350342E-3
7.126628458E0,-3.869752808E0,5.339995422E0,8.035290527E-1
7.136655458E0,-2.883154449E0,5.327720947E0,2.219584351E0
7.146682458E0,-1.105600891E0,5.920488281E0,3.581452332E0
7.156709458E0,1.631607056E0,6.851252747E0,3.821702728E0
7.166737458E0,5.196743317E0,8.359665985E0,3.039279785E0
7.176764458E0,8.559500427E0,1.010204269E1,2.327809296E0
7.186791458E0,1.119417160E1,1.271261398E1,3.143762512E0
7.196818458E0,1.379905472E1,1.572120758E1,5.497318268E0
7.206846458E0,1.602073471E1,1.705643097E1,9.177415466E0
7.216873458E0,1.808554092E1,1.693398560E1,1.321541840E1
7.226900458E0,1.978016693E1,1.685734497E1,1.641920609E1
7.236927458E0,2.194586334E1,1.583991074E1,1.724458969E1
7.246955458E0,2.384436539E1,1.367151993E1,1.580248856E1
7.256982458E0,2.474174927E1,1.158770325E1,1.313862808E1
7.267009458E0,2.456406876E1,1.032777328E1,1.024873764E1
7.277036458E0,2.392639481E1,9.433832245E0,7.514673157E0
7.287064458E0,2.292108536E1,8.054001617E0,5.225633240E0
7.297091458E0,2.113320328E1,6.048621826E0,3.723207550E0
7.307118458E0,1.855556351E1,3.946393433E0,3.021915894E0
7.317145458E0,1.536674469E1,2.087858276E0,2.654729462E0
7.327173458E0,1.217463272E1,5.990542603E-1,2.140848083E0
7.337200458E0,9.603878632E0,-7.617658997E-1,1.524130554E0
7.347227458E0,7.675139465E0,-2.273771667E0,1.027762756E0
7.357254458E0,6.284531250E0,-3.625460815E0,8.978329468E-1
7.367282458E0,5.173242188E0,-4.733456726E0,8.756790161E-1
7.377309458E0,4.326752472E0,-5.679489441E0,7.194039917E-1
7.387336458E0,3.837869110E0,-6.379433899E0,3.013233948E-1
7.397363458E0,3.227288818E0,-7.318131866E0,-1.603166199E-1
7.407391458E0,2.349214783E0,-8.363258514E0,-2.495310974E-1
7.417418458E0,1.446142731E0,-9.159452820E0,-1.392105103E-1
7.427445458E0,3.465293884E-1,-9.887089691E0,-1.034349060E-1
7.437472458E0,-1.225202179E0,-1.050650162E1,-3.912863159E-1
7.447500458E0,-2.843486938E0,-1.083387085E1,-1.005908203E0
7.457527458E0,-3.993695068E0,-1.077609100E1,-1.932182007E0
7.467554458E0,-4.067042542E0,-1.027867538E1,-2.921474762E0
7.477581458E0,-2.434687042E0,-9.479487305E0,-3.860472107E0
7.487609458E0,5.063969421E-1,-8.455766144E0,-4.894821167E0
7.497636458E0,3.710484009E0,-7.647147675E0,-5.897735596E0
7.507663333E0,6.368356934E0,-6.849606171E0,-6.494993591E0
7.517690333E0,8.041577454E0,-5.685776367E0,-6.392307129E0
7.527718333E0,9.131461029E0,-4.061953125E0,-6.181844788E0
7.537745333E0,1.082938019E1,-1.475631409E0,-6.195915527E0
7.547772333E0,1.466081268E1,2.836002502E0,-5.138065338E0
7.557799333E0,2.152104675E1,8.293952637E0,-2.648592224E0
7.567827333E0,2.972653336E1,1.297516800E1,-2.424957275E-1
7.577854333E0,3.582036118E1,1.513951721E1,5.310955811E-1
7.587881333E0,3.776646423E1,1.548425034E1,-6.253994751E-1
7.597908333E0,3.549104599E1,1.535761368E1,-2.848276978E0
7.607936333E0,3.093062943E1,1.552706131E1,-4.885241089E0
7.617963333E0,2.605691437E1,1.546853302E1,-6.118676147E0
7.627990333E0,2.190649521E1,1.461425949E1,-6.777007141E0
7.638017333E0,1.832040253E1,1.308908112E1,-6.731052704E0
7.648045333E0,1.474688370E1,1.120210510E1,-6.196214905E0
7.658072333E0,1.106888214E1,9.449848938E0,-5.372477875E0
7.668099333E0,7.723488922E0,8.093968506E0,-4.193679199E0
7.678126333E0,5.136269073E0,7.154073029E0,-2.701432343E0
7.688154333E0,3.594325562E0,6.682852936E0,-1.141376495E0
7.698181333E0,2.923570404E0,6.549629974E0,3.802093506E-1
7.708208333E0,2.769989777E0,6.628366241E0,1.874252472E0
7.718235333E0,2.615211639E0,6.747069397E0,3.211122437E0
7.728263333E0,2.270328827E0,6.692732391E0,4.171974335E0
7.738290333E0,1.603615265E0,6.425987091E0,4.684209137E0
7.748317333E0,6.318360901E-1,6.041586456E0,4.819527740E0
7.758344333E0,-4.227209473E-1,5.600753174E0,4.607269135E0
7.768372333E0,-1.623374176E0,5.094655609E0,4.294270020E0
7.778399333E0,-2.899919586E0,4.587360535E0,4.210893402E0
7.788426333E0,-4.147874451E0,4.103117523E0,4.375700684E0
7.798453333E0,-5.128185883E0,3.800596619E0,4.715643768E0
7.808480333E0,-5.266947327E0,3.814218292E0,5.037175140E0
7.818508333E0,-4.509672089E0,3.948638763E0,5.216951294E0
7.828535333E0,-2.985990601E0,4.498744812E0,5.314698029E0
7.838562333E0,-9.156459045E-1,5.534141693E0,5.356311493E0
7.848589333E0,1.638792114E0,6.726861420E0,5.015769653E0
7.858617333E0,3.958218842E0,8.114775238E0,3.885619812E0
7.868644333E0,5.159770203E0,9.786049805E0,2.352957001E0
7.878671333E0,5.849685516E0,1.210158463E1,2.495161285E0
7.888698333E0,8.075407104E0,1.570399338E1,5.150938568E0
7.898726333E0,1.242416382E1,1.856020386E1,8.522677002E0
7.908753333E0,1.818792801E1,1.991503647E1,1.062700104E1
7.918780333E0,2.364797379E1,2.050810318E1,1.062445633E1
7.928807333E0,2.728690659E1,2.004885818E1,8.368048553E0
7.938835333E0,2.884561523E1,1.849763397E1,5.399870911E0
7.948862333E0,2.881971909E1,1.692036392E1,3.079695740E0
7.958889333E0,2.756038788E1,1.533531006E1,1.102457428E0
7.968916333E0,2.555351120E1,1.339968521E1,-6.765930176E-1
7.978944333E0,2.304472824E1,1.120075790E1,-2.105072479E0
7.988971333E0,2.019270905E1,8.720415802E0,-2.553390198E0
7.998998333E0,1.765713181E1,6.240822144E0,-2.079326019E0
8.009025333E0,1.476005630E1,3.499273224E0,-2.067350922E0
8.019053333E0,1.178903458E1,1.447340240E0,-1.075363770E0
8.029080333E0,9.280700684E0,-3.158432007E-2,3.558100891E-1
8.039107333E0,6.641239471E0,-1.534309387E0,1.444496155E0
8.049134333E0,4.741390228E0,-3.021915894E0,1.989961853E0
8.059162333E0,3.434458008E0,-4.443809052E0,2.164498901E0
8.069189333E0,2.771187286E0,-5.735323334E0,1.871707764E0
8.079216333E0,2.678230591E0,-6.896009674E0,1.158291321E0
8.089243333E0,2.595003662E0,-7.955207062E0,1.883084106E-1
8.099271333E0,2.214944000E0,-9.007818146E0,-8.158035278E-1
8.109298333E0,1.298849030E0,-9.824220428E0,-1.667232971E0
8.119325333E0,-1.448986816E-1,-1.018961060E1,-2.444865875E0
8.129352333E0,-1.801952820E0,-1.046099625E1,-3.165467377E0
8.139380333E0,-3.316802673E0,-1.077010345E1,-3.670966187E0
8.149407333E0,-4.245770874E0,-1.068702621E1,-3.950285339E0
8.159434333E0,-4.038152618E0,-1.041100021E1,-4.067491608E0
8.169461333E0,-2.653981018E0,-1.033555710E1,-4.247118073E0
8.179489333E0,5.161267090E-1,-9.501192169E0,-4.675826569E0
8.189516333E0,4.661007385E0,-7.930209045E0,-5.816454620E0
8.199543333E0,7.948022003E0,-6.216422882E0,-7.531288605E0
8.209570333E0,9.633666687E0,-3.792513428E0,-9.007967834E0
8.219597333E0,1.130733627E1,-5.763015747E-1,-9.724827118E0
8.229625333E0,1.576835953E1,3.879931641E0,-8.829239502E0
8.239652333E0,2.367776184E1,9.864037628E0,-6.189628601E0
8.249679333E0,3.230701721E1,1.562316147E1,-3.199446716E0
8.259706333E0,3.836851227E1,1.869836655E1,-1.506616974E0
8.269734333E0,3.974504974E1,1.880195114E1,-1.684596863E0
8.279761333E0,3.585044861E1,1.788795181E1,-2.995720367E0
8.289788333E0,2.869906998E1,1.767389694E1,-3.382366333E0
8.299815333E0,2.214300339E1,1.699011887E1,-2.251018982E0
8.309843333E0,1.766686157E1,1.565998489E1,-6.090834045E-1
8.319870333E0,1.490255997E1,1.422207504E1,2.142045593E-1
8.329897333E0,1.305285645E1,1.271515869E1,2.462379456E-1
8.339924333E0,1.083746338E1,1.123353973E1,9.804611206E-2
8.349952333E0,7.709867249E0,9.689201202E0,6.930587769E-2
8.359979333E0,4.096830597E0,8.184979248E0,3.980223083E-1
8.370006333E0,7.713459778E-1,7.040608978E0,1.254541168E0
8.380033333E0,-1.691632233E0,6.224356384E0,2.302661591E0
8.390061333E0,-3.202889557E0,5.635331268E0,3.252735901E0
8.400088333E0,-4.099075928E0,5.149890747E0,3.771257629E0
8.410115333E0,-4.575086060E0,4.749174042E0,3.647015991E0
8.420142333E0,-4.738995209E0,4.285438385E0,3.046464844E0
8.430170333E0,-4.526137848E0,3.709436188E0,2.422562256E0
8.440197333E0,-4.150718536E0,3.260669403E0,2.023791504E0
8.450224333E0,-3.867507477E0,3.037483521E0,1.955683136E0
8.460251333E0,-3.834725647E0,2.909499664E0,2.231709137E0
8.470279333E0,-4.403093719E0,2.683769073E0,2.800376587E0
8.480306333E0,-5.101990356E0,2.469265137E0,3.701352997E0
8.490333333E0,-5.286257172E0,2.448159027E0,4.993466034E0
8.500360333E0,-4.915328522E0,2.739752655E0,6.039191437E0
8.510387958E0,-3.690276031E0,3.799997864E0,6.254743195E0
8.520414958E0,-1.422641602E0,5.538482666E0,5.362448730E0
8.530441958E0,1.684746552E0,7.488028564E0,3.562292175E0
8.540468958E0,5.233866119E0,9.739346924E0,1.978136444E0
8.550495958E0,8.708291016E0,1.253478378E1,1.282682648E0
8.560523958E0,1.147199387E1,1.531944305E1,1.901495819E0
8.570550958E0,1.433434158E1,1.826771210E1,3.881727905E0
8.580577958E0,1.757150986E1,2.103964783E1,6.462660828E0
8.590604958E0,2.070224945E1,2.253339157E1,8.317453766E0
8.600632958E0,2.356519592E1,2.308469513E1,8.459208984E0
8.610659958E0,2.568044724E1,2.182341797E1,6.065985718E0
8.620686958E0,2.620405838E1,1.904414749E1,1.893262939E0
8.630713958E0,2.480357071E1,1.635948029E1,-2.033970337E0
8.640741958E0,2.235181915E1,1.462458801E1,-4.523144073E0
8.650768958E0,2.004062531E1,1.343800552E1,-5.030439148E0
8.660795958E0,1.792043427E1,1.190908493E1,-4.211492157E0
8.670822958E0,1.575339066E1,9.837991791E0,-2.760858765E0
8.680850958E0,1.320508987E1,7.619155884E0,-1.357377319E0
8.690877958E0,1.044692551E1,5.393284607E0,-1.769320679E-1
8.700904958E0,7.995623016E0,3.233276367E0,8.626560974E-1
8.710931958E0,6.232439575E0,1.338965607E0,1.829495544E0
8.720959958E0,5.160518646E0,-2.957849121E-1,2.539469147E0
8.730986958E0,4.607119446E0,-1.716630249E0,2.865042114E0
8.741013958E0,4.282743988E0,-2.914439392E0,2.695444794E0
8.751040958E0,4.229754181E0,-3.889511719E0,1.953288116E0
8.761067958E0,4.726870422E0,-4.602179718E0,6.610253906E-1
8.771095958E0,5.596861267E0,-5.162763977E0,-9.907896423E-1
8.781122958E0,5.882916412E0,-5.553451538E0,-2.822979584E0
8.791149958E0,5.284161530E0,-5.810766449E0,-4.365821228E0
8.801176958E0,3.814218292E0,-6.125412140E0,-5.356910248E0
8.811204958E0,1.937720490E0,-6.389163666E0,-5.764662323E0
8.821231958E0,1.029858398E-1,-6.503376160E0,-5.706732788E0
8.831258958E0,-1.157692566E0,-6.475534058E0,-5.438191223E0
8.841285958E0,-1.980830841E0,-6.229296112E0,-5.241350555E0
8.851313958E0,-1.983076172E0,-5.418132935E0,-4.988675995E0
8.861340958E0,-4.710704041E-1,-4.158652039E0,-5.061574402E0
8.871367958E0,1.997296600E0,-2.959196320E0,-5.789660339E0
8.881394958E0,4.665198669E0,-1.888622589E0,-6.737040253E0
8.891422958E0,6.353837128E0,-5.319937134E-1,-7.546556854E0
8.901449958E0,6.663393402E0,1.221909027E0,-7.601492615E0
8.911476958E0,6.262676697E0,3.569776611E0,-6.506819000E0
8.921503958E0,6.608307953E0,6.517297211E0,-4.818479919E0
8.931531958E0,9.196276245E0,9.817334747E0,-2.802023163E0
8.941558958E0,1.431233734E1,1.294717621E1,-9.848020935E-1
8.951585958E0,2.011277527E1,1.544488220E1,-8.592132568E-2
8.961612958E0,2.435001389E1,1.757809616E1,-1.829196167E-1
8.971639958E0,2.604194550E1,1.931044373E1,-9.113049316E-1
8.981667958E0,2.533331909E1,2.019809784E1,-1.415157166E0
8.991694958E0,2.249087997E1,2.000005966E1,-1.153351593E0
9.001721958E0,1.855182129E1,1.906091263E1,-4.465214539E-1
9.011748958E0,1.451292023E1,1.753064484E1,3.496728516E-1
9.021776958E0,1.101140167E1,1.559307404E1,9.032217407E-1
9.031803958E0,8.161029053E0,1.332259552E1,1.270857239E0
9.041830958E0,5.835764465E0,1.105975113E1,1.719025269E0
9.051857958E0,3.820205841E0,9.135203247E0,2.364932098E0
9.061885958E0,2.110910339E0,7.545658722E0,3.079695740E0
9.071912958E0,8.018824768E-1,6.362818451E0,3.642824707E0
9.081939958E0,-1.227447510E-2,5.628894653E0,3.902834015E0
9.091966958E0,-6.173162842E-1,5.031337280E0,3.979025574E0
9.101994958E0,-1.363514557E0,4.518803101E0,3.952680359E0
9.112021958E0,-2.297123108E0,4.023034058E0,3.977528687E0
9.122048958E0,-3.133883057E0,3.599265289E0,4.154460754E0
9.132075958E0,-3.785478058E0,3.315904541E0,4.466861115E0
9.142102958E0,-4.258344727E0,3.116369476E0,4.805756378E0
9.152130958E0,-4.431384888E0,3.013683014E0,5.003944244E0
9.162157958E0,-4.349205780E0,2.964136047E0,5.092559967E0
9.172184958E0,-3.938160553E0,3.045566711E0,5.100194092E0
9.182211958E0,-3.549868011E0,3.135230255E0,4.950505371E0
9.192239958E0,-3.068020020E0,3.398532715E0,4.712799683E0
9.202266958E0,-2.144739990E0,4.143084412E0,4.404740295E0
9.212293958E0,-4.002676392E-1,5.503904572E0,4.005520477E0
9.222320958E0,2.363135834E0,7.616760864E0,3.570674744E0
9.232348958E0,5.602549438E0,1.028421387E1,3.032094727E0
9.242375958E0,8.608298950E0,1.328846649E1,2.479893036E0
9.252402958E0,1.128922394E1,1.654778870E1,2.731370087E0
9.262429958E0,1.442340637E1,1.968137238E1,4.445156250E0
9.272457958E0,1.788735306E1,2.239956985E1,6.885681152E0
9.282484958E0,2.171234894E1,2.420870773E1,8.372539215E0
9.292511958E0,2.555635529E1,2.416918991E1,7.991282043E0
9.302538958E0,2.778866318E1,2.227817230E1,5.835165710E0
9.312565958E0,2.843367188E1,1.986878265E1,2.548600159E0
9.322593958E0,2.731474869E1,1.814930832E1,-9.217831421E-1
9.332620958E0,2.515653671E1,1.646890274E1,-3.363505554E0
9.342647958E0,2.252964935E1,1.402358780E1,-4.295617218E0
9.352674958E0,1.900971909E1,1.125015518E1,-3.982318726E0
9.362702958E0,1.541898605E1,8.426427155E0,-2.918780365E0
9.372729958E0,1.210502747E1,5.941893768E0,-1.320553894E0
9.382756958E0,9.231453094E0,3.777694244E0,3.239263916E-1
9.392783958E0,7.177274780E0,1.810634766E0,1.742526398E0
9.402811958E0,5.796695709E0,5.014572144E-2,2.826272736E0
9.412838958E0,4.840783539E0,-1.537003784E0,3.204685822E0
9.422865958E0,4.163292389E0,-3.028202820E0,2.995720367E0
9.432892958E0,3.608545990E0,-4.225263519E0,2.326312408E0
9.442919958E0,3.384911041E0,-5.057832184E0,1.181193695E0
9.452947958E0,3.650159454E0,-5.784271545E0,-3.016227722E-1
9.462974958E0,4.094136200E0,-6.345753937E0,-1.853595428E0
9.473001958E0,4.235891418E0,-6.666985931E0,-3.393293610E0
9.483028958E0,3.860023041E0,-6.659202118E0,-4.674479370E0
9.493056958E0,3.032394104E0,-6.753506012E0,-5.480553131E0
9.503083958E0,2.346520386E0,-7.249873810E0,-5.843997345E0
9.513110958E0,1.470541992E0,-7.684569855E0,-5.969586182E0
9.523137958E0,4.311035156E-1,-7.640261993E0,-5.881868591E0
9.533165958E0,-4.264631653E-1,-7.005881195E0,-5.654042358E0
9.543192958E0,-9.141490173E-1,-5.865552521E0,-5.224585419E0
9.553219958E0,-7.508386230E-1,-4.518054657E0,-4.968468018E0
9.563246958E0,7.470964050E-1,-3.168760529E0,-5.385051727E0
9.573274958E0,3.445834351E0,-1.765877838E0,-6.424639893E0
9.583301958E0,6.274651794E0,-2.784210205E-2,-7.845485229E0
9.593328958E0,8.005951538E0,2.007924500E0,-9.224717102E0
9.603355958E0,8.332422638E0,4.718787231E0,-9.524543610E0
9.613382958E0,9.282047882E0,8.428073730E0,-8.387657776E0
9.623410958E0,1.260932877E1,1.210188400E1,-6.935527496E0
9.633437958E0,1.809886322E1,1.507170822E1,-6.162235565E0
9.643464958E0,2.346759888E1,1.726509705E1,-6.115832062E0
9.653491958E0,2.669728271E1,1.876587616E1,-6.552623749E0
9.663519958E0,2.671240128E1,1.964350113E1,-6.455625458E0
9.673546958E0,2.417218369E1,1.970532257E1,-5.159620514E0
9.683573958E0,2.121942398E1,1.918814804E1,-3.665876770E0
9.693600958E0,1.787642578E1,1.788705368E1,-2.611170044E0
9.703628958E0,1.403691010E1,1.604992401E1,-2.014810181E0
9.713655958E0,1.047626450E1,1.391521317E1,-1.751657410E0
9.723682958E0,7.452252960E0,1.185325104E1,-1.437161407E0
9.733709958E0,4.847369843E0,1.000504440E1,-7.876620483E-1
9.743736958E0,2.637664948E0,8.332272949E0,1.682501221E-1
9.753764958E0,8.161029053E-1,6.908733215E0,1.198557587E0
9.763791958E0,-4.764591980E-1,5.800737305E0,2.085612946E0
9.773818958E0,-1.188528442E0,4.838238831E0,2.660417633E0
9.783845958E0,-1.313368835E0,4.142934723E0,3.003354492E0
9.793873958E0,-1.067879333E0,3.744912415E0,3.147654419E0
9.803900958E0,-9.836045837E-1,3.386707306E0,3.223546600E0
9.813927958E0,-1.027762756E0,3.136876831E0,3.327280884E0
9.823954958E0,-1.297052765E0,2.858156433E0,3.547922058E0
9.833982958E0,-1.657802582E0,2.643802185E0,3.942800903E0
9.844009958E0,-1.905238037E0,2.607128448E0,4.463418274E0
9.854036958E0,-2.087409210E0,2.654430084E0,5.061125336E0
9.864063958E0,-2.334096222E0,2.644850006E0,5.784271545E0
9.874090958E0,-2.724783783E0,2.973416748E0,6.511010284E0
9.884118958E0,-3.073857880E0,3.694617004E0,7.087162170E0
9.894145958E0,-3.167413330E0,4.946613464E0,7.386988678E0
9.904172958E0,-2.631078644E0,6.325246582E0,7.349716187E0
9.914199958E0,-1.432221680E0,7.945626984E0,6.726711731E0
9.924227958E0,6.876699829E-1,1.013931519E1,5.484295349E0
9.934254958E0,3.675007782E0,1.286739212E1,4.465364227E0
9.944281958E0,6.655759277E0,1.625664413E1,4.436923370E0
9.954308958E0,9.601184235E0,2.009466293E1,5.246290283E0
9.964335958E0,1.321945999E1,2.382385803E1,6.275100861E0
9.974363958E0,1.803749084E1,2.629536850E1,6.961573334E0
9.984390958E0,2.266002823E1,2.623728928E1,6.373596039E0
9.994417958E0,2.501897278E1,2.405692337E1,4.187092896E0
1.000444496E1,2.478710495E1,2.132435577E1,1.327589264E0
1.001447296E1,2.314187622E1,1.896586029E1,-8.036787415E-1
1.002449996E1,2.154275162E1,1.697979034E1,-1.549128571E0
1.003452696E1,2.001413040E1,1.497186584E1,-1.261127472E0
1.004455396E1,1.824570786E1,1.268701721E1,-7.638615417E-1
1.005458196E1,1.615515518E1,1.021101608E1,-4.231700134E-1
1.006460896E1,1.379291748E1,7.786358185E0,-1.586700439E-1
1.007463596E1,1.143247604E1,5.789810028E0,-2.305206299E-2
1.008466296E1,9.433981934E0,4.229155426E0,2.514770508E-2
1.009468996E1,8.142168274E0,2.938688965E0,4.326004028E-2
1.010471796E1,7.506739655E0,1.697170715E0,-1.243913269E-1
1.011474496E1,7.044650574E0,3.932322693E-1,-5.426216125E-1
1.012477196E1,6.445296936E0,-9.300160217E-1,-1.169517975E0
1.013479896E1,5.563480682E0,-2.274370422E0,-1.915716248E0
1.014482696E1,4.464615784E0,-3.441194000E0,-2.620151367E0
1.015485396E1,3.519630890E0,-4.399650879E0,-3.033890991E0
1.016488096E1,2.714155884E0,-5.313201141E0,-3.127895508E0
1.017490796E1,2.116448822E0,-6.174060974E0,-3.120261383E0
1.018493496E1,1.440753937E0,-6.949747925E0,-3.071612549E0
1.019496296E1,4.288581848E-1,-7.507637787E0,-2.902763672E0
1.020498996E1,-7.140151978E-1,-7.968379669E0,-2.630330200E0
1.021501696E1,-1.682052155E0,-8.371192017E0,-2.192490692E0
1.022504396E1,-2.210752716E0,-8.737929382E0,-1.740430756E0
1.023507196E1,-1.934127960E0,-8.892258453E0,-1.540596313E0
1.024509896E1,-4.873864746E-1,-8.596473541E0,-2.032623138E0
1.025512596E1,1.830543365E0,-8.250991974E0,-3.280128937E0
1.026515296E1,3.971541138E0,-7.737110596E0,-5.010231171E0
1.027518096E1,5.790857849E0,-6.621929626E0,-6.763834534E0
1.028520796E1,7.686366119E0,-4.828658752E0,-8.265212402E0
1.029523496E1,9.216633911E0,-2.610720978E0,-9.335337067E0
1.030526196E1,9.660311279E0,3.965254211E-1,-9.379046173E0
1.031528896E1,1.140747803E1,4.769531708E0,-8.262068939E0
1.032531696E1,1.689147400E1,9.883796539E0,-7.243137817E0
1.033534396E1,2.515593796E1,1.461006821E1,-7.642058258E0
1.034537096E1,3.313015549E1,1.817580322E1,-9.111402740E0
1.035539796E1,3.756947388E1,2.074206665E1,-1.022284149E1
1.036542596E1,3.781346649E1,2.308903610E1,-1.031175659E1
1.037545296E1,3.555795685E1,2.506118500E1,-8.760233002E0
1.038547996E1,3.146202438E1,2.501582932E1,-6.358028412E0
1.039550696E1,2.638607986E1,2.303514816E1,-4.431384888E0
1.040553396E1,2.119442596E1,2.060540085E1,-3.285068665E0
1.041556196E1,1.611279327E1,1.765264114E1,-2.815794525E0
1.042558896E1,1.090676926E1,1.428689026E1,-2.297572174E0
1.043561596E1,6.078858948E0,1.107816284E1,-8.961863708E-1
1.044564296E1,2.207160187E0,8.536897430E0,1.513951721E0
1.045567096E1,-7.982899475E-1,6.433621216E0,4.223167877E0
1.046569796E1,-2.896626434E0,4.694986725E0,6.279142456E0
1.047572496E1,-3.983665924E0,3.300935669E0,7.441175995E0
1.048575196E1,-4.628973999E0,2.031126251E0,7.585775299E0
1.049577896E1,-5.591921539E0,9.663903809E-1,6.894961853E0
1.050580737E1,-6.596482544E0,1.077758789E-1,5.937552795E0
1.051583437E1,-7.285799103E0,-5.548960876E-1,5.200635223E0
1.052586138E1,-7.825576630E0,-9.807604980E-1,4.840334473E0
1.053588838E1,-8.278085632E0,-1.208287354E0,4.900209961E0
1.054591637E1,-8.575966187E0,-1.253044281E0,5.293442230E0
1.055594338E1,-8.589887238E0,-1.091230774E0,5.746849365E0
1.056597037E1,-8.239915009E0,-7.179071045E-1,6.101012878E0
1.057599737E1,-7.666457520E0,-1.499880981E-1,6.415808258E0
1.058602537E1,-6.738088074E0,4.668791199E-1,6.538403320E0
1.059605237E1,-5.299429779E0,1.355431366E0,6.303092651E0
1.060607937E1,-3.294948120E0,2.497705994E0,5.644013214E0
1.061610638E1,-9.771679688E-1,3.866759033E0,4.753215637E0
1.062613338E1,1.129251709E0,5.519322510E0,4.069138184E0
1.063616137E1,2.706671448E0,7.793094177E0,3.368744659E0
1.064618838E1,3.186872864E0,1.059841049E1,2.937341766E0
1.065621537E1,3.677103424E0,1.371178619E1,3.265160065E0
1.066624237E1,5.236859894E0,1.679342789E1,4.806953888E0
1.067627037E1,8.361761627E0,2.008089157E1,6.482719116E0
1.068629737E1,1.321212524E1,2.299533096E1,6.805447998E0
1.069632437E1,1.874192596E1,2.352492966E1,5.351222076E0
1.070635138E1,2.266332138E1,2.133558243E1,2.575095062E0
1.071637838E1,2.431513641E1,1.910387329E1,-8.786727905E-2
1.072640638E1,2.521985504E1,1.803000641E1,-1.428629150E0
1.073643338E1,2.541534851E1,1.651934784E1,-1.500330048E0
1.074646037E1,2.467738312E1,1.415606232E1,-1.360820160E0
1.075648737E1,2.326282471E1,1.147109573E1,-1.391057281E0
1.076651537E1,2.115430939E1,8.827143860E0,-1.409918060E0
1.077654237E1,1.799497925E1,6.597979431E0,-1.189426575E0
1.078656937E1,1.454300766E1,4.852908325E0,-4.213737488E-1
1.079659638E1,1.165910477E1,3.181184692E0,7.259902954E-1
1.080662337E1,9.365424500E0,1.510508881E0,1.976938934E0
1.081665138E1,7.660020905E0,1.263372803E-1,2.972668304E0
1.082667838E1,6.340215454E0,-1.034349060E0,3.669469299E0
1.083670537E1,5.303770752E0,-2.318977661E0,3.800895996E0
1.084673237E1,4.257596283E0,-3.725303192E0,3.183579712E0
1.085676037E1,3.336411896E0,-4.934788055E0,1.899400177E0
1.086678737E1,2.567760315E0,-5.864205322E0,2.221380615E-1
1.087681437E1,1.797013092E0,-6.575825500E0,-1.748663635E0
1.088684138E1,1.013991394E0,-7.000642090E0,-3.637735291E0
1.089686837E1,1.231938171E-1,-7.122638397E0,-5.036277008E0
1.090689638E1,-1.051862640E0,-7.166497192E0,-5.812562714E0
1.091692337E1,-1.969005432E0,-7.275470581E0,-6.108197937E0
1.092695037E1,-2.101929016E0,-7.242688751E0,-6.185886383E0
1.093697737E1,-1.175505524E0,-7.112010498E0,-6.308780823E0
1.094700537E1,3.326083374E-1,-7.092401276E0,-6.375991058E0
1.095703237E1,2.102827148E0,-7.051685944E0,-6.498286743E0
1.096705937E1,3.439248047E0,-6.633156281E0,-7.004234619E0
1.097708638E1,3.973636780E0,-5.793851624E0,-7.871830444E0
1.098711437E1,4.246219940E0,-4.938679962E0,-8.905131683E0
1.099714138E1,4.632865906E0,-3.575464783E0,-9.850865021E0
1.100716837E1,7.110812988E0,-1.238225098E0,-1.029723679E1
1.101719537E1,1.452968536E1,1.365011444E0,-1.029783554E1
1.102722237E1,2.458756989E1,3.804937592E0,-1.021146515E1
1.103725037E1,3.264426590E1,4.970413971E0,-9.792935486E0
1.104727737E1,3.690814911E1,5.391488342E0,-8.018525391E0
1.105730438E1,3.832809631E1,6.410120087E0,-4.079766083E0
1.106733138E1,3.832914413E1,7.530390472E0,-4.266128540E-2
1.107735937E1,3.609249527E1,8.311915283E0,2.802472229E0
1.108738638E1,3.179493210E1,8.806187439E0,4.824317780E0
1.109741337E1,2.616918091E1,9.206904144E0,6.167324982E0
1.110744037E1,2.077335159E1,9.695338440E0,7.198680267E0
1.111746737E1,1.634855301E1,9.661808167E0,7.796237640E0
1.112749537E1,1.275781998E1,9.017996979E0,7.813601532E0
1.113752237E1,9.828860779E0,8.366401978E0,7.642058258E0
1.114754938E1,7.261848907E0,8.215815125E0,7.663314056E0
1.115757638E1,5.235961761E0,8.309969330E0,7.950117645E0
1.116760437E1,3.657494202E0,8.219856720E0,8.267906799E0
1.117763138E1,2.488574982E0,8.008795624E0,8.510402527E0
1.118765837E1,1.576072540E0,7.786956940E0,8.718769226E0
1.119768537E1,5.013075256E-1,7.375163269E0,8.918004913E0
1.120771237E1,-8.104147339E-1,6.720574493E0,8.978030090E0
1.121774037E1,-2.204914856E0,5.920637970E0,8.861572266E0
1.122776737E1,-3.485352173E0,5.086871796E0,8.677904205E0
1.123779438E1,-4.566853180E0,4.305945740E0,8.376880188E0
1.124782138E1,-5.108426971E0,3.718866577E0,8.005203094E0
1.125784938E1,-5.110223236E0,3.318598938E0,7.564968567E0
1.126787638E1,-4.892276459E0,2.953657837E0,7.030280457E0
1.127790337E1,-4.440515900E0,2.763553162E0,6.330785065E0
1.128793037E1,-3.392545166E0,2.918331299E0,5.527705078E0
1.129795737E1,-1.782193909E0,3.482358398E0,4.920417938E0
1.130798537E1,3.423381042E-1,4.347858582E0,4.695286102E0
1.131801237E1,2.812800751E0,5.404511261E0,4.709805908E0
1.132803938E1,5.349425812E0,7.019502869E0,4.878205719E0
1.133806637E1,7.796986084E0,9.139394531E0,5.007686462E0
1.134809438E1,1.039423508E1,1.159294235E1,5.227728882E0
1.135812138E1,1.365864670E1,1.359443024E1,6.007607117E0
1.136814837E1,1.779544418E1,1.476050537E1,7.108118591E0
1.137817537E1,2.270673111E1,1.582000214E1,7.530390472E0
1.138820238E1,2.874622192E1,1.651844971E1,6.143823853E0
1.139823037E1,3.339869705E1,1.553679108E1,3.229234772E0
1.140825737E1,3.448828125E1,1.326541443E1,2.897973633E-1
1.141828438E1,3.225747025E1,1.139939484E1,-1.315165100E0
1.142831137E1,2.863335663E1,1.029933243E1,-1.625769196E0
1.143833837E1,2.490685593E1,9.136550446E0,-1.685195618E0
1.144836637E1,2.154619446E1,7.379803619E0,-2.170187073E0
1.145839337E1,1.843446533E1,5.348976746E0,-2.625091095E0
1.146842037E1,1.517364624E1,3.678300934E0,-2.708018646E0
1.147844738E1,1.183349213E1,2.406395874E0,-2.335443420E0
1.148847537E1,8.931626587E0,1.262774048E0,-1.729952545E0
1.149850237E1,6.618935852E0,2.395019531E-2,-1.174757080E0
1.150852946E1,4.748874664E0,-1.133892059E0,-7.732919312E-1
1.151855646E1,3.164120178E0,-2.120340729E0,-5.766009521E-1
1.152858346E1,1.954785004E0,-2.976709900E0,-7.348219299E-1
1.153861146E1,1.150657196E0,-3.826193390E0,-1.404978333E0
1.154863846E1,6.074368286E-1,-4.618346100E0,-2.257006531E0
1.155866546E1,1.529818726E-1,-5.222639465E0,-3.043171692E0
1.156869246E1,-3.167413330E-1,-5.718707886E0,-3.757186890E0
1.157872046E1,-9.919871521E-1,-6.031707001E0,-4.358336792E0
1.158874746E1,-1.837728424E0,-6.255491638E0,-4.788691864E0
1.159877446E1,-2.614313507E0,-6.475234680E0,-4.993765411E0
1.160880146E1,-3.223995667E0,-6.872508545E0,-4.902904358E0
1.161882846E1,-3.480861511E0,-7.339537354E0,-4.582271118E0
1.162885646E1,-3.121907959E0,-7.544311523E0,-4.156406708E0
1.163888346E1,-1.634301453E0,-7.660769348E0,-3.645070038E0
1.164891046E1,7.885601807E-1,-7.820636902E0,-3.325933685E0
1.165893746E1,3.980522461E0,-7.674989777E0,-3.171155548E0
1.166896546E1,7.653733978E0,-7.141798553E0,-3.370690613E0
1.167899246E1,1.078462326E1,-6.040688324E0,-4.001927948E0
1.168901946E1,1.255978180E1,-3.875740356E0,-4.944817200E0
1.169904646E1,1.395009064E1,-1.236728210E0,-5.807024231E0
1.170907346E1,1.748109787E1,1.659449158E0,-5.333259430E0
1.171910146E1,2.304502762E1,4.763993225E0,-3.052302704E0
1.172912846E1,2.797053497E1,7.323670349E0,1.594184875E-1
1.173915546E1,3.128269730E1,8.823551331E0,2.925216980E0
1.174918246E1,3.215044281E1,9.718839569E0,4.582420807E0
1.175921046E1,3.075519424E1,1.140628052E1,4.989574127E0
1.176923746E1,2.826542175E1,1.320329361E1,4.209995270E0
1.177926446E1,2.553674606E1,1.402463562E1,2.575544128E0
1.178929146E1,2.326776443E1,1.411834076E1,6.614744568E-1
1.179931846E1,2.117002670E1,1.377645172E1,-1.146914978E0
1.180934646E1,1.804407715E1,1.308069855E1,-2.596949615E0
1.181937346E1,1.383273468E1,1.208616669E1,-3.417393494E0
1.182940046E1,9.597442017E0,1.083925964E1,-3.402424622E0
1.183942746E1,6.041736145E0,9.496701508E0,-2.691552887E0
1.184945546E1,3.400328979E0,8.512647858E0,-1.417552185E0
1.185948246E1,1.523382111E0,7.761809235E0,1.173559570E-1
1.186950946E1,9.385482788E-2,7.149881744E0,1.647024994E0
1.187953646E1,-1.166673889E0,6.528823242E0,3.051703949E0
1.188956346E1,-2.299218750E0,5.943989410E0,4.374054108E0
1.189959146E1,-3.314856720E0,5.526058502E0,5.516029358E0
1.190961846E1,-4.092789001E0,5.273234253E0,6.273154907E0
1.191964546E1,-4.611759796E0,5.089715881E0,6.654262390E0
1.192967246E1,-5.021457825E0,4.949008484E0,6.672823792E0
1.193969946E1,-5.312602386E0,4.785698090E0,6.307733002E0
1.194972746E1,-5.430557098E0,4.685107269E0,5.784870300E0
1.195975446E1,-5.421126709E0,4.528233490E0,5.377716980E0
1.196978146E1,-5.588628387E0,4.322112122E0,5.194797363E0
1.197980846E1,-5.633834381E0,4.475393372E0,5.562133484E0
1.198983646E1,-4.604574738E0,5.265600128E0,6.447691956E0
1.199986346E1,-1.640738068E0,6.516399078E0,7.044949951E0
1.200989046E1,2.383643188E0,8.205187225E0,6.705605621E0
1.201991746E1,6.246061249E0,1.012614258E1,5.521118774E0
1.202994446E1,9.311536560E0,1.212867828E1,4.472249908E0
1.203997246E1,1.188573349E1,1.421593781E1,5.288352814E0
1.204999946E1,1.557511139E1,1.662158524E1,8.152646484E0
1.206002646E1,2.027608566E1,1.839599533E1,1.150717072E1
1.207005346E1,2.431738174E1,1.872635834E1,1.382150803E1
1.208008046E1,2.668590637E1,1.731988312E1,1.380219818E1
1.209010846E1,2.682122498E1,1.473640549E1,1.108579697E1
1.210013546E1,2.542852112E1,1.289658142E1,7.338788910E0
1.211016246E1,2.377056885E1,1.193498108E1,4.419260101E0
1.212018946E1,2.255509644E1,1.111827942E1,2.529889069E0
1.213021746E1,2.189721451E1,1.014171021E1,1.196911011E0
1.214024446E1,2.109218857E1,8.880582733E0,3.008743286E-2
1.215027146E1,1.958332626E1,7.114405518E0,-9.454339600E-1
1.216029846E1,1.718246887E1,5.089266815E0,-1.570384369E0
1.217032546E1,1.399724258E1,3.383713531E0,-1.552421722E0
1.218035346E1,1.062655197E1,2.151026917E0,-9.750723267E-1
1.219038046E1,7.966284027E0,8.741821289E-1,-1.757345581E-1
1.220040746E1,6.090534668E0,-5.209167480E-1,6.210585022E-1
1.221043446E1,4.551734619E0,-1.838177490E0,1.176852722E0
1.222046246E1,3.573518829E0,-2.879861298E0,1.536554718E0
1.223048946E1,3.248544617E0,-3.799548798E0,1.609752502E0
1.224051646E1,3.201392670E0,-4.742587738E0,1.451531525E0
1.225054346E1,3.193159790E0,-5.792654114E0,1.147962799E0
1.226057046E1,3.042872314E0,-6.994953918E0,7.116201782E-1
1.227059846E1,2.559677124E0,-7.992479553E0,2.501298523E-1
1.228062546E1,1.726210327E0,-8.701555023E0,-1.468446350E-1
1.229065246E1,3.715274048E-1,-9.572743378E0,-5.568420410E-1
1.230067946E1,-1.752256165E0,-1.061787003E1,-9.650431824E-1
1.231070646E1,-3.994593201E0,-1.149265091E1,-1.068029022E0
1.232073446E1,-4.736899567E0,-1.165760788E1,-6.487509155E-1
1.233076146E1,-3.607647858E0,-1.176149185E1,5.957611084E-2
1.234078846E1,-1.199605408E0,-1.162003601E1,8.666976929E-2
1.235081546E1,1.915716248E0,-1.098370926E1,-1.126856689E0
1.236084346E1,4.656067657E0,-9.990225220E0,-3.269351349E0
1.237087046E1,5.952371979E0,-8.734785919E0,-5.803132324E0
1.238089746E1,5.353317719E0,-6.817423096E0,-8.154742126E0
1.239092446E1,5.576054535E0,-4.406386871E0,-8.918304291E0
1.240095146E1,1.191207870E1,-5.565426636E-1,-7.041058044E0
1.241097946E1,2.514096909E1,5.150040436E0,-3.777843933E0
1.242100646E1,4.014516769E1,1.129955246E1,-1.167272644E0
1.243103346E1,4.984858932E1,1.633807480E1,-3.689826965E-1
1.244106046E1,5.008030746E1,1.868100266E1,-1.932182007E0
1.245108846E1,4.351915146E1,1.835243591E1,-5.319787445E0
1.246111546E1,3.557038101E1,1.690644287E1,-8.816515961E0
1.247114246E1,2.892899185E1,1.527318924E1,-1.092069031E1
1.248116946E1,2.392355072E1,1.350791016E1,-1.118938156E1
1.249119646E1,1.938349182E1,1.168844376E1,-9.994117126E0
1.250122446E1,1.446172668E1,9.801617432E0,-7.831264801E0
1.251125183E1,9.748777313E0,7.669301605E0,-5.146447906E0
1.252127883E1,5.966742096E0,5.910459137E0,-2.001637573E0
1.253130583E1,3.388802948E0,4.848567352E0,1.522933044E0
1.254133283E1,1.761836243E0,4.384831696E0,5.149591370E0
1.255136083E1,4.052073669E-1,4.251459045E0,8.247100067E0
1.256138783E1,-7.466473389E-1,4.656965790E0,1.070064789E1
1.257141483E1,-1.431622925E0,5.447471924E0,1.229827560E1
1.258144183E1,-2.061213684E0,6.066883850E0,1.254346573E1
1.259146883E1,-2.431992645E0,6.037993927E0,1.129655869E1
1.260149683E1,-2.343825989E0,5.814957733E0,9.082812195E0
1.261152383E1,-1.913171539E0,5.708529053E0,6.875202942E0
1.262155083E1,-1.633852386E0,5.535937958E0,4.959037628E0
1.263157783E1,-1.722019043E0,5.220843201E0,3.438649292E0
1.264160583E1,-2.041604462E0,4.978347473E0,2.314936066E0
1.265163283E1,-2.447709961E0,4.796625366E0,1.670376434E0
1.266165983E1,-2.520159302E0,4.828509064E0,1.554966431E0
1.267168683E1,-1.982926483E0,5.082830200E0,1.506018219E0
1.268171383E1,-5.572911072E-1,5.442382507E0,1.368903351E0
1.269174183E1,1.550176392E0,6.017187195E0,1.454076233E0
1.270176883E1,4.118236084E0,6.970105591E0,2.077080688E0
1.271179583E1,6.505621490E0,8.182434540E0,3.058589630E0
1.272182283E1,8.134683838E0,9.724677429E0,4.340074768E0
1.273184983E1,9.782457275E0,1.135403915E1,5.864355011E0
1.274187783E1,1.279718811E1,1.313174240E1,7.570956116E0
1.275190483E1,1.682785629E1,1.485705460E1,9.155411224E0
1.276193183E1,2.074865295E1,1.622880203E1,9.766889648E0
1.277195883E1,2.353316254E1,1.685988968E1,8.549321594E0
1.278198583E1,2.485401581E1,1.642309799E1,5.645360413E0
1.279201383E1,2.438878326E1,1.507709702E1,2.381846924E0
1.280204083E1,2.226020966E1,1.401475616E1,-2.552192688E-1
1.281206783E1,1.993389725E1,1.351404739E1,-1.744322662E0
1.282209483E1,1.825977859E1,1.306049057E1,-2.224374390E0
1.283212283E1,1.692605209E1,1.191522217E1,-2.276765442E0
1.284214983E1,1.532632874E1,9.897418213E0,-1.832788696E0
1.285217683E1,1.287278091E1,7.794441376E0,-8.747808838E-1
1.286220383E1,9.966424713E0,5.752687225E0,5.046006775E-1
1.287223083E1,7.174580383E0,3.694018250E0,2.260299683E0
1.288225883E1,4.990172882E0,1.743723907E0,3.977079620E0
1.289228583E1,3.638334045E0,-4.984634399E-2,5.158123627E0
1.290231283E1,2.924169159E0,-1.721569977E0,5.470074921E0
1.291233983E1,2.398013306E0,-3.428620148E0,4.916376343E0
1.292236683E1,1.974693604E0,-5.037474518E0,3.531156921E0
1.293239483E1,1.872755585E0,-6.569688263E0,1.816322937E0
1.294242183E1,2.023043060E0,-7.698341217E0,2.038760376E-1
1.295244883E1,2.117047577E0,-8.510701904E0,-1.264869690E0
1.296247583E1,1.877545624E0,-9.159452820E0,-2.488574982E0
1.297250383E1,9.979747009E-1,-9.494456177E0,-3.384012909E0
1.298253083E1,-5.800437927E-1,-9.642947388E0,-3.929179230E0
1.299255783E1,-2.092498627E0,-1.003573059E1,-4.117787018E0
1.300258483E1,-3.014880524E0,-1.051772827E1,-4.105063477E0
1.301261183E1,-3.034489746E0,-1.068043991E1,-4.123175812E0
1.302263983E1,-1.728305969E0,-1.066487228E1,-4.239334259E0
1.303266683E1,5.212161255E-1,-1.026520340E1,-4.452341309E0
1.304269383E1,3.377725983E0,-9.283993835E0,-4.949607239E0
1.305272083E1,6.236630859E0,-7.793243866E0,-5.654641113E0
1.306274783E1,8.308921509E0,-5.921685791E0,-6.289470978E0
1.307277583E1,9.989626465E0,-3.520828400E0,-6.787036285E0
1.308280283E1,1.208841202E1,-8.470884705E-1,-7.554340668E0
1.309282983E1,1.455378525E1,2.058369598E0,-7.565866699E0
1.310285683E1,1.917976547E1,5.743107147E0,-5.986051941E0
1.311288383E1,2.542552734E1,9.267228699E0,-3.972439270E0
1.312291183E1,3.059802109E1,1.189875641E1,-2.435285797E0
1.313293883E1,3.355227768E1,1.315090256E1,-1.881287842E0
1.314296583E1,3.426659225E1,1.351105362E1,-2.097288666E0
1.315299283E1,3.294079926E1,1.377720016E1,-2.292782135E0
1.316302083E1,2.990271698E1,1.364472565E1,-2.745141449E0
1.317304783E1,2.583806946E1,1.322170532E1,-3.303330688E0
1.318307483E1,2.157134216E1,1.269016068E1,-3.286864929E0
1.319310183E1,1.748828293E1,1.192405380E1,-2.564916229E0
1.320312883E1,1.404469391E1,1.088551346E1,-1.538350983E0
1.321315683E1,1.155986115E1,9.704020386E0,-4.837939453E-1
1.322318383E1,9.449998627E0,8.526269531E0,4.399351501E-1
1.323321083E1,7.147786102E0,7.469167786E0,1.210981750E0
1.324323783E1,4.737198944E0,6.684798889E0,1.924398193E0
1.325326483E1,2.496957550E0,6.151308289E0,2.608475647E0
1.326329283E1,7.083270264E-1,5.716761932E0,3.284320221E0
1.327331983E1,-5.051994324E-1,5.476810913E0,3.957021332E0
1.328334683E1,-1.089284821E0,5.342689819E0,4.572241974E0
1.329337383E1,-1.362017670E0,5.184468842E0,5.164260864E0
1.330340083E1,-1.593735809E0,5.037624207E0,5.555098114E0
1.331342883E1,-1.846110992E0,4.785698090E0,5.637875977E0
1.332345583E1,-2.258054352E0,4.546645203E0,5.517675934E0
1.333348283E1,-2.815944214E0,4.349654846E0,5.197491760E0
1.334350983E1,-3.276835785E0,4.051923981E0,4.877756653E0
1.335353783E1,-3.661835175E0,3.768263855E0,4.631069641E0
1.336356483E1,-3.761228485E0,3.750151520E0,4.561763763E0
1.337359183E1,-3.129542084E0,4.154460754E0,4.715045013E0
1.338361883E1,-1.288670197E0,4.909340973E0,4.911885681E0
1.339364583E1,1.588945770E0,5.947432251E0,5.024301910E0
1.340367383E1,5.302124176E0,7.474107513E0,4.442461853E0
1.341370083E1,9.215586090E0,9.358239441E0,3.102598114E0
1.342372783E1,1.237027588E1,1.152139114E1,1.838177490E0
1.343375483E1,1.502156250E1,1.360610596E1,1.854792938E0
1.344378183E1,1.827295120E1,1.563274155E1,3.605252838E0
1.345380983E1,2.272678940E1,1.760548920E1,6.187233582E0
1.346383683E1,2.713572098E1,1.876258301E1,8.075257416E0
1.347386383E1,2.949167175E1,1.790950699E1,7.947872314E0
1.348389083E1,2.969120682E1,1.576162354E1,5.371579742E0
1.349391783E1,2.875280823E1,1.398781219E1,1.768272858E0
1.350394583E1,2.720622437E1,1.236773117E1,-1.764231262E0
1.351397233E1,2.559707062E1,1.078821579E1,-4.379742279E0
1.352399933E1,2.390962967E1,9.512119446E0,-5.262306976E0
1.353402633E1,2.161475189E1,8.289162598E0,-4.687352600E0
1.354405333E1,1.852188354E1,6.619384918E0,-3.206781464E0
1.355408133E1,1.492680954E1,4.656965790E0,-1.508562927E0
1.356410833E1,1.145373184E1,2.903362427E0,7.679031372E-2
1.357413533E1,8.647667084E0,1.289418640E0,1.404529266E0
1.358416233E1,6.327940979E0,-3.083587646E-1,2.318378906E0
1.359419033E1,4.650379486E0,-1.759740601E0,2.726580048E0
1.360421733E1,3.499871979E0,-3.056344299E0,2.618654480E0
1.361424433E1,2.735860748E0,-4.199966125E0,2.006128235E0
1.362427133E1,2.001038818E0,-5.318889313E0,7.920030212E-1
1.363429833E1,1.219514008E0,-6.449787598E0,-8.607101440E-1
1.364432633E1,6.857240295E-1,-7.422165527E0,-2.542313232E0
1.365435333E1,3.216810608E-1,-8.260721741E0,-4.076921997E0
1.366438033E1,-1.672023010E-1,-8.732989655E0,-5.367687836E0
1.367440733E1,-1.402283936E0,-9.003626862E0,-6.192921753E0
1.368443433E1,-2.982847137E0,-9.163494415E0,-6.420298920E0
1.369446233E1,-4.191433868E0,-9.313931580E0,-6.043831787E0
1.370448933E1,-4.480482788E0,-9.459129639E0,-5.321134644E0
1.371451633E1,-3.805686035E0,-9.578880615E0,-4.671335907E0
1.372454333E1,-2.041454773E0,-9.411378937E0,-4.414020996E0
1.373457033E1,7.572752380E-1,-9.009015656E0,-4.713398438E0
1.374459833E1,3.737128601E0,-7.980654144E0,-5.342839508E0
1.375462533E1,6.234684906E0,-6.265670471E0,-6.229894867E0
1.376465233E1,8.202043762E0,-4.333488464E0,-7.509134674E0
1.377467933E1,1.058389069E1,-1.722917175E0,-8.680149536E0
1.378470733E1,1.474658432E1,1.793420563E0,-8.346044312E0
1.379473433E1,2.115146530E1,6.058351593E0,-5.704936523E0
1.380476133E1,2.809896790E1,1.031834290E1,-2.292632446E0
1.381478833E1,3.371034897E1,1.333876190E1,2.875520325E-1
1.382481533E1,3.610596725E1,1.498219437E1,1.311722260E0
1.383484333E1,3.541141159E1,1.620185806E1,1.191222839E0
1.384487033E1,3.278826645E1,1.720477249E1,1.015787659E0
1.385489733E1,2.893153656E1,1.733230728E1,1.352886658E0
1.386492433E1,2.445210159E1,1.631981277E1,1.507066040E0
1.387495133E1,1.978031662E1,1.503039413E1,6.581813049E-1
1.388497933E1,1.542287796E1,1.360281281E1,-1.173709259E0
1.389500633E1,1.158231445E1,1.207673630E1,-3.141666870E0
1.390503333E1,8.370443573E0,1.044587769E1,-4.337380371E0
1.391506033E1,5.637726288E0,9.124874725E0,-4.373155975E0
1.392508733E1,3.468437347E0,8.204887848E0,-3.282823334E0
1.393511533E1,1.860032043E0,7.418123932E0,-1.576072540E0
1.394514233E1,7.185058594E-1,6.728807373E0,1.675016785E-1
1.395516933E1,3.068618774E-2,6.174510040E0,1.752854919E0
1.396519633E1,-6.120771790E-1,5.663622437E0,3.059936829E0
1.397522333E1,-1.454824677E0,5.158722382E0,3.819457397E0
1.398525133E1,-2.417323151E0,4.562362518E0,4.134701843E0
1.399527833E1,-3.370690613E0,3.885320435E0,4.304748230E0
1.400530533E1,-4.136049042E0,3.347339172E0,4.462220764E0
1.401533233E1,-4.645739136E0,2.993924103E0,4.617747345E0
1.402535933E1,-4.840633850E0,2.831811218E0,4.719385986E0
1.403538733E1,-4.984335022E0,2.773282928E0,4.870571594E0
1.404541433E1,-5.048551483E0,2.786006470E0,5.059778137E0
1.405544133E1,-4.831353149E0,2.756517792E0,5.290747833E0
1.406546833E1,-4.349654846E0,2.855012970E0,5.605094147E0
1.407549533E1,-3.442391510E0,3.546125793E0,5.830375671E0
1.408552333E1,-1.781445465E0,4.752467194E0,5.631589050E0
1.409555033E1,3.667373657E-1,6.120921478E0,4.880451050E0
1.410557733E1,2.384241943E0,7.841892700E0,3.798051910E0
1.411560433E1,4.101321259E0,1.019230499E1,2.852168884E0
1.412563233E1,5.784720612E0,1.326646225E1,2.957250366E0
1.413565933E1,8.597221985E0,1.679896637E1,4.786296844E0
1.414568633E1,1.245440094E1,1.997311569E1,7.920329590E0
1.415571333E1,1.638058640E1,2.217683304E1,1.096814163E1
1.416574033E1,1.948063980E1,2.308813797E1,1.245275436E1
1.417576833E1,2.171803711E1,2.310310684E1,1.146286285E1
1.418579533E1,2.322001373E1,2.150547913E1,7.770491180E0
1.419582233E1,2.315849167E1,1.886242538E1,2.896327057E0
1.420584933E1,2.158286819E1,1.708936249E1,-1.708397369E0
1.421587633E1,2.026156586E1,1.600112549E1,-4.762795715E0
1.422590433E1,1.948333420E1,1.479388596E1,-5.425767059E0
1.423593133E1,1.827025681E1,1.296483948E1,-4.432283020E0
1.424595833E1,1.605800720E1,1.046788193E1,-2.922971649E0
1.425598533E1,1.304761734E1,7.830666046E0,-1.194665680E0
1.426601233E1,1.005653732E1,5.376818848E0,6.426136780E-1
1.427604033E1,7.735613708E0,3.055446167E0,2.435585175E0
1.428606733E1,6.263874207E0,1.042881317E0,3.780538330E0
1.429609433E1,5.695506134E0,-6.638694763E-1,4.363575897E0
1.430612133E1,5.544470215E0,-2.225721588E0,3.993096313E0
1.431614833E1,5.192701721E0,-3.608396301E0,2.678529968E0
1.432617633E1,4.579876099E0,-4.880750427E0,8.894503784E-1
1.433620333E1,3.731590118E0,-6.021827545E0,-7.834707642E-1
1.434623033E1,2.748584290E0,-6.948999481E0,-2.194736023E0
1.435625733E1,1.738634491E0,-7.665110321E0,-3.260968781E0
1.436628433E1,6.584806824E-1,-8.170459442E0,-3.760180664E0
1.437631233E1,-6.075865173E-1,-8.595126343E0,-3.813170471E0
1.438633933E1,-1.835932159E0,-9.056616669E0,-3.356470184E0
1.439636633E1,-2.583926697E0,-9.237141266E0,-2.725681915E0
1.440639333E1,-2.144889679E0,-9.236841888E0,-2.640658722E0
1.441642033E1,-8.009843445E-1,-8.956923981E0,-3.290457458E0
1.442644833E1,1.016536102E0,-8.243956604E0,-4.438569946E0
1.443647533E1,3.481310577E0,-7.072642365E0,-5.961652679E0
1.444650233E1,6.509812775E0,-5.426515503E0,-7.734565887E0
1.445652933E1,9.315727844E0,-3.601809998E0,-9.317673798E0
1.446655633E1,1.109492798E1,-9.340576172E-1,-9.726174316E0
1.447658433E1,1.253957382E1,2.104024658E0,-9.258995819E0
1.448661133E1,1.511421982E1,5.255421295E0,-7.433092804E0
1.449663833E1,1.972373428E1,9.301208038E0,-4.943619690E0
1.450666533E1,2.513034119E1,1.304567139E1,-3.330574036E0
1.451669271E1,2.856958923E1,1.497261429E1,-2.865790558E0
1.452672071E1,2.871493698E1,1.557421326E1,-3.046464844E0
1.453674771E1,2.651077057E1,1.611623611E1,-2.941533051E0
1.454677471E1,2.380260223E1,1.674313248E1,-2.181264038E0
1.455680171E1,2.107766876E1,1.692515396E1,-1.822609863E0
1.456682871E1,1.853325989E1,1.645228729E1,-2.567760315E0
1.457685671E1,1.647788406E1,1.562959808E1,-3.818858643E0
1.458688371E1,1.477158234E1,1.472023911E1,-4.788093109E0
1.459691071E1,1.310090652E1,1.371687561E1,-5.099595337E0
1.460693771E1,1.088147186E1,1.257445129E1,-4.411625977E0
1.461696471E1,8.279881897E0,1.139176071E1,-2.792143707E0
1.462699271E1,5.819298706E0,1.032462982E1,-6.732998657E-1
1.463701971E1,3.662134552E0,9.487869873E0,1.474882965E0
1.464704671E1,1.795965271E0,8.822802887E0,3.482508087E0
1.465707371E1,3.656895447E-1,8.245902557E0,5.127587128E0
1.466710071E1,-7.482939148E-1,7.692353668E0,6.261179810E0
1.467712871E1,-1.569635925E0,7.185357971E0,6.945107574E0
1.468715571E1,-2.201771393E0,6.766079865E0,7.078480225E0
1.469718271E1,-2.696193237E0,6.418203278E0,6.746470642E0
1.470720971E1,-3.001408539E0,6.203100586E0,6.130052490E0
1.471723771E1,-3.248993683E0,5.829926605E0,5.518873444E0
1.472726471E1,-3.469036102E0,5.295537872E0,5.200784912E0
1.473729171E1,-3.663781128E0,4.917723541E0,5.280119934E0
1.474731871E1,-3.745361481E0,4.606520691E0,5.519023132E0
1.475734571E1,-3.574566650E0,4.466112671E0,5.780229950E0
1.476737371E1,-2.909649353E0,4.753814392E0,5.836512909E0
1.477740071E1,-1.652713165E0,5.394781494E0,5.506299591E0
1.478742771E1,2.969824219E-1,6.310726776E0,4.691394196E0
1.479745471E1,2.679278412E0,7.628586273E0,3.807033234E0
1.480748171E1,5.358706512E0,9.377998352E0,2.860551453E0
1.481750971E1,7.498506775E0,1.106289459E1,2.124232635E0
1.482753671E1,8.699309692E0,1.293130920E1,2.371817780E0
1.483756371E1,9.759405212E0,1.452055435E1,3.804189148E0
1.484759071E1,1.130673752E1,1.539982590E1,5.488336945E0
1.485761771E1,1.345387253E1,1.580997299E1,6.260131989E0
1.486764571E1,1.561657516E1,1.595008163E1,5.643115082E0
1.487767271E1,1.700838089E1,1.559412186E1,3.558849335E0
1.488769971E1,1.757824585E1,1.486573654E1,8.846603394E-1
1.489772671E1,1.768841675E1,1.392374542E1,-1.465003510E0
1.490775371E1,1.786879166E1,1.334894073E1,-3.302582245E0
1.491778171E1,1.844209946E1,1.351674179E1,-5.007536774E0
1.492780871E1,1.930625244E1,1.351659210E1,-6.703060913E0
1.493783571E1,1.946028214E1,1.267758682E1,-7.970026245E0
1.494786271E1,1.858639938E1,1.118474121E1,-8.596922607E0
1.495788971E1,1.638387955E1,9.453441467E0,-8.190966797E0
1.496791771E1,1.343546082E1,7.968978424E0,-6.597380676E0
1.497794471E1,1.060529617E1,6.571783905E0,-4.522545319E0
1.498797171E1,8.467441864E0,5.083578644E0,-2.904410248E0
1.499799871E1,7.052434387E0,3.468886414E0,-1.854643250E0
1.500802571E1,6.156547394E0,1.778900757E0,-1.194965057E0
1.501805371E1,5.522016907E0,3.353027344E-2,-8.572673035E-1
1.502808071E1,4.976102142E0,-1.628613281E0,-9.289682007E-1
1.503810771E1,4.243076477E0,-3.165167999E0,-1.615141296E0
1.504813471E1,3.369792480E0,-4.569846954E0,-2.660567322E0
1.505816171E1,2.160756683E0,-5.775439911E0,-3.667223969E0
1.506818971E1,6.442602539E-1,-6.805148621E0,-4.343218231E0
1.507821671E1,-9.782157898E-1,-7.723638611E0,-4.576582947E0
1.508824371E1,-2.625540161E0,-8.472830658E0,-4.392166443E0
1.509827071E1,-3.862118683E0,-8.762029266E0,-3.929179230E0
1.510829771E1,-3.974385223E0,-8.838220825E0,-3.547772369E0
1.511832571E1,-2.777324524E0,-8.746162262E0,-3.598965912E0
1.512835271E1,-4.321513367E-1,-8.475824432E0,-4.151167603E0
1.513837971E1,2.155667267E0,-7.692952423E0,-5.008135529E0
1.514840671E1,4.696333923E0,-6.572532349E0,-5.947731628E0
1.515843471E1,6.352190552E0,-5.354964294E0,-6.710395660E0
1.516846171E1,7.228019257E0,-3.810925140E0,-6.993307343E0
1.517848871E1,8.439899139E0,-1.002165985E0,-6.119873657E0
1.518851571E1,1.234378098E1,3.903732147E0,-4.184548187E0
1.519854271E1,1.988644592E1,9.721084900E0,-3.036286011E0
1.520857071E1,2.869218430E1,1.379486343E1,-3.870052185E0
1.521859771E1,3.489708115E1,1.546419205E1,-5.908064117E0
1.522862471E1,3.553565323E1,1.631786682E1,-7.482490082E0
1.523865171E1,3.159958832E1,1.779319885E1,-7.289990387E0
1.524867871E1,2.651136932E1,1.862322281E1,-5.886059875E0
1.525870671E1,2.190424988E1,1.831157089E1,-4.975503387E0
1.526873371E1,1.858071121E1,1.758049118E1,-4.622387695E0
1.527876071E1,1.635004990E1,1.658476181E1,-4.231550446E0
1.528878771E1,1.412088547E1,1.519714737E1,-3.542533264E0
1.529881471E1,1.114911530E1,1.362137421E1,-2.416724396E0
1.530884271E1,7.712711334E0,1.202479431E1,-8.411009216E-1
1.531886971E1,4.490062866E0,1.052341644E1,9.641450500E-1
1.532889671E1,1.817370758E0,9.271569672E0,2.818788300E0
1.533892371E1,-2.435435486E-1,8.342751160E0,4.427492981E0
1.534895071E1,-1.713337097E0,7.614814911E0,5.626050568E0
1.535897871E1,-2.815345459E0,6.965614929E0,6.500232697E0
1.536900571E1,-3.602408752E0,6.465953979E0,7.029532013E0
1.537903271E1,-3.929628296E0,5.939049683E0,7.087760925E0
1.538905971E1,-3.911965027E0,5.337301025E0,6.804549866E0
1.539908671E1,-3.693718872E0,4.738246765E0,6.361471252E0
1.540911471E1,-3.347788239E0,4.339326324E0,5.766757965E0
1.541914171E1,-3.154989166E0,4.035009155E0,5.090464325E0
1.542916871E1,-3.428919525E0,3.684438171E0,4.418212280E0
1.543919571E1,-4.138444061E0,3.248843994E0,3.898493042E0
1.544922271E1,-4.878654785E0,2.906805267E0,3.640130310E0
1.545925071E1,-5.250032501E0,2.852767639E0,3.755240936E0
1.546927771E1,-4.729265442E0,3.549269257E0,4.090393982E0
1.547930471E1,-3.064876556E0,4.804558868E0,4.229005737E0
1.548933171E1,-5.104385376E-1,6.296356659E0,3.886368256E0
1.549935871E1,2.603535919E0,8.340655518E0,3.183430023E0
1.550938671E1,5.711223450E0,1.078941330E1,2.221979370E0
1.551941371E1,8.039182434E0,1.354652985E1,1.517544250E0
1.552944071E1,9.776170349E0,1.640513535E1,1.799408112E0
1.553946771E1,1.175969559E1,1.910192734E1,2.893183594E0
1.554949471E1,1.461276260E1,2.141641434E1,3.636837158E0
1.555952271E1,1.778092438E1,2.267320084E1,2.690505066E0
1.556954971E1,2.052606583E1,2.201846237E1,2.005828857E-2
1.557957671E1,2.204361008E1,2.046604065E1,-3.050057373E0
1.558960371E1,2.245046402E1,1.904579407E1,-5.418282623E0
1.559963071E1,2.188449097E1,1.807626022E1,-6.754104767E0
1.560965871E1,2.107108246E1,1.689027649E1,-6.988217926E0
1.561968571E1,1.961625778E1,1.481858459E1,-6.308032379E0
1.562971271E1,1.693593155E1,1.212957642E1,-5.119354248E0
1.563973971E1,1.323682388E1,9.511221313E0,-3.636537781E0
1.564976671E1,9.463919678E0,7.235803070E0,-1.974543915E0
1.565979471E1,6.613097992E0,5.307512970E0,-2.778222656E-1
1.566982171E1,4.882097626E0,3.601360931E0,1.245559845E0
1.567984871E1,3.989803162E0,2.126777344E0,2.339634705E0
1.568987571E1,3.870201874E0,7.917036438E-1,3.030298462E0
1.569990271E1,3.916755066E0,-4.977149963E-1,3.112477570E0
1.570993071E1,3.754492493E0,-1.720222778E0,2.480192413E0
1.571995771E1,3.684737549E0,-2.984643402E0,1.278940430E0
1.572998471E1,3.956123199E0,-4.146377563E0,-1.399589539E-1
1.574001171E1,4.194128265E0,-4.919669495E0,-1.600771179E0
1.575003871E1,3.848047943E0,-5.369633789E0,-3.015479279E0
1.576006671E1,2.876268768E0,-5.694907379E0,-4.029021606E0
1.577009371E1,1.412762146E0,-6.018085327E0,-4.669839020E0
1.578012071E1,-1.754351807E-1,-6.250102844E0,-4.917723541E0
1.579014771E1,-1.605261841E0,-6.453679504E0,-4.803061981E0
1.580017471E1,-2.524051208E0,-6.716981964E0,-4.416116638E0
1.581020271E1,-2.434387665E0,-6.981781311E0,-4.029320984E0
1.582022971E1,-7.780819702E-1,-6.920408936E0,-3.959116974E0
1.583025671E1,2.041604462E0,-6.870113525E0,-4.303401031E0
1.584028371E1,4.950056305E0,-6.696025543E0,-4.736300812E0
1.585031071E1,7.176975403E0,-6.119125214E0,-5.043911133E0
1.586033871E1,8.382718048E0,-5.045408020E0,-5.381608887E0
1.587036571E1,8.546028442E0,-3.425476685E0,-5.679938507E0
1.588039271E1,9.149124298E0,-3.806584167E-1,-5.290897522E0
1.589041971E1,1.218990097E1,3.791166229E0,-3.759881287E0
1.590044671E1,1.853236176E1,8.015082550E0,-2.062111816E0
1.591047471E1,2.620795029E1,1.135373978E1,-1.354383545E0
1.592050171E1,3.155737610E1,1.386821091E1,-1.987716522E0
1.593052871E1,3.218876312E1,1.622550888E1,-3.252436523E0
1.594055571E1,2.950020401E1,1.868564301E1,-3.734733582E0
1.595058271E1,2.616274429E1,2.034494247E1,-3.039429474E0
1.596061071E1,2.332719086E1,2.068458618E1,-2.187850342E0
1.597063771E1,2.084490280E1,1.988854156E1,-2.136806488E0
1.598066471E1,1.801683380E1,1.847203720E1,-2.773731995E0
1.599069171E1,1.474224335E1,1.677995590E1,-3.356320496E0
1.600071871E1,1.094209579E1,1.485421051E1,-3.190166016E0
1.601074671E1,6.877897339E0,1.301019516E1,-2.181862793E0
1.602077371E1,3.142565002E0,1.141810593E1,-5.659730530E-1
1.603080071E1,2.769241333E-1,1.022897873E1,1.417552185E0
1.604082771E1,-1.668879547E0,9.467063141E0,3.441942444E0
1.605085471E1,-3.049907684E0,9.067094879E0,5.080135803E0
1.606088171E1,-4.077371063E0,8.744665375E0,6.044729919E0
1.607090971E1,-4.830305328E0,8.424331512E0,6.397695923E0
1.608093671E1,-4.955295410E0,8.073012085E0,6.235882416E0
1.609096371E1,-4.707859955E0,7.722291412E0,5.711522827E0
1.610099071E1,-4.572541351E0,7.238796844E0,4.883744202E0
1.611101771E1,-4.538262634E0,6.727909241E0,3.921096039E0
1.612104571E1,-4.493356018E0,6.237229614E0,3.254831543E0
1.613107271E1,-4.436025238E0,5.774392090E0,3.067271576E0
1.614109971E1,-4.404291229E0,5.542673950E0,3.362158356E0
1.615112671E1,-3.902085571E0,5.875132599E0,3.877536621E0
1.616115371E1,-2.547851715E0,6.574178925E0,4.268822937E0
1.617118171E1,-2.052232361E-1,7.588020630E0,4.553680573E0
1.618120871E1,2.873274994E0,8.793763275E0,4.561913452E0
1.619123571E1,6.014941864E0,9.923164673E0,4.368964691E0
1.620126271E1,8.321195984E0,1.098984650E1,4.471501465E0
1.621128971E1,1.001672012E1,1.238045471E1,5.436245270E0
1.622131771E1,1.186747147E1,1.376642258E1,7.079228668E0
1.623134471E1,1.392584106E1,1.493668900E1,8.892557831E0
1.624137171E1,1.598750381E1,1.627655273E1,1.036893768E1
1.625139871E1,1.867007538E1,1.731988312E1,1.072160431E1
1.626142571E1,2.158256882E1,1.679851730E1,9.393416290E0
1.627145371E1,2.376398254E1,1.527857803E1,6.341263275E0
1.628148071E1,2.445838852E1,1.377360764E1,2.839295654E0
1.629150771E1,2.366848114E1,1.294313461E1,-3.420387268E-1
1.630153471E1,2.201037918E1,1.219514008E1,-3.076103210E0
1.631156171E1,1.971295670E1,1.089239914E1,-4.515509949E0
1.632158971E1,1.679073349E1,9.357940063E0,-4.595743103E0
1.633161671E1,1.354293732E1,7.753426666E0,-3.673061829E0
1.634164371E1,1.033301239E1,6.279441833E0,-2.202968903E0
1.635167071E1,7.626340942E0,4.809199219E0,-6.631210327E-1
1.636169771E1,5.683680725E0,3.454965363E0,7.358697510E-1
1.637172571E1,4.627477112E0,2.368075562E0,2.099384308E0
1.638175271E1,4.031266937E0,1.327289886E0,3.169808350E0
1.639177971E1,3.545527039E0,3.875440979E-1,3.606600037E0
1.640180671E1,3.299588470E0,-4.375401306E-1,3.187770996E0
1.641183371E1,3.281775513E0,-1.156644745E0,2.030527496E0
1.642186171E1,3.488495636E0,-1.958826599E0,6.286926270E-1
1.643188871E1,3.868854675E0,-2.828368378E0,-6.899153137E-1
1.644191571E1,4.180805969E0,-3.693868561E0,-1.965712280E0
1.645194271E1,4.019591217E0,-4.268074493E0,-3.187770996E0
1.646196971E1,3.362757111E0,-4.617447968E0,-4.430187378E0
1.647199671E1,2.350711670E0,-5.166356506E0,-5.241649933E0
1.648202471E1,1.113384705E0,-5.963898010E0,-5.608387299E0
1.649205171E1,9.041198730E-2,-6.815626831E0,-5.752687225E0
1.650207871E1,-3.159928894E-1,-7.292086029E0,-5.761369171E0
1.651210533E1,4.496649170E-1,-7.137008514E0,-5.719456329E0
1.652213233E1,2.732417908E0,-6.482120361E0,-5.841153259E0
1.653216033E1,5.394332428E0,-5.363496552E0,-6.186634827E0
1.654218733E1,7.683671722E0,-3.987557831E0,-6.772965546E0
1.655221433E1,8.520731049E0,-2.621648254E0,-7.632328491E0
1.656224133E1,7.593708801E0,-1.018332367E0,-8.338410187E0
1.657226833E1,6.059998169E0,1.334175568E0,-8.300389252E0
1.658229633E1,6.310577087E0,4.424798584E0,-7.006479950E0
1.659232333E1,9.787995758E0,8.041427765E0,-5.154830475E0
1.660235033E1,1.557690765E1,1.096365097E1,-4.168082428E0
1.661237733E1,2.263637741E1,1.304701859E1,-4.488416290E0
1.662240433E1,2.871388916E1,1.503024445E1,-5.651946716E0
1.663243233E1,3.088931534E1,1.717199066E1,-6.236780548E0
1.664245933E1,2.892509995E1,1.873728561E1,-5.262306976E0
1.665248633E1,2.458577362E1,1.861154709E1,-3.383414154E0
1.666251333E1,2.011457153E1,1.773407181E1,-2.087109833E0
1.667254033E1,1.639615402E1,1.685465057E1,-1.799707489E0
1.668256833E1,1.332379303E1,1.563079559E1,-2.329755249E0
1.669259533E1,1.045231430E1,1.387330032E1,-2.994373169E0
1.670262233E1,7.615862732E0,1.207628723E1,-3.042423248E0
1.671264933E1,5.168152771E0,1.065154999E1,-2.473606110E0
1.672267633E1,3.390599213E0,9.585317230E0,-1.538051605E0
1.673270433E1,2.229763184E0,8.683891754E0,-5.870791626E-1
1.674273133E1,1.482517090E0,8.002059631E0,4.617897034E-1
1.675275833E1,9.346563721E-1,7.456893311E0,1.573078766E0
1.676278533E1,3.894900513E-1,7.040459290E0,2.661166077E0
1.677281233E1,-1.724414062E-1,6.651717682E0,3.639082489E0
1.678283933E1,-6.831793213E-1,6.355334015E0,4.417164459E0
1.679286733E1,-1.010249176E0,6.244115295E0,4.860243073E0
1.680289433E1,-1.427132263E0,6.207591248E0,4.971611481E0
1.681292133E1,-2.102378082E0,6.078559570E0,4.755910034E0
1.682294833E1,-2.820883942E0,5.849386139E0,4.357887726E0
1.683297533E1,-3.254382477E0,5.668262787E0,4.068988495E0
1.684300333E1,-3.264261932E0,5.711223450E0,4.053121490E0
1.685303033E1,-2.734214172E0,5.889951782E0,4.325854340E0
1.686305733E1,-1.649420013E0,6.185137939E0,4.822820892E0
1.687308433E1,1.347198486E-3,6.887327728E0,5.285957794E0
1.688311133E1,2.371668091E0,8.108488312E0,5.498665466E0
1.689313933E1,5.022954712E0,1.000534378E1,4.791985016E0
1.690316633E1,7.518864441E0,1.221070770E1,3.045117645E0
1.691319333E1,9.731114044E0,1.421908127E1,1.282832336E0
1.692322033E1,1.153306686E1,1.598091751E1,1.566342773E0
1.693324733E1,1.389964554E1,1.802087540E1,4.015699310E0
1.694327433E1,1.682725754E1,1.984932312E1,6.283932495E0
1.695330233E1,1.968556366E1,2.063294357E1,6.837631073E0
1.696332933E1,2.214734436E1,1.948812424E1,5.477709045E0
1.697335633E1,2.344155304E1,1.692410614E1,2.728675690E0
1.698338333E1,2.261137939E1,1.456935287E1,3.369493103E-1
1.699341033E1,2.012594788E1,1.291963348E1,-8.616082764E-1
1.700343833E1,1.776281204E1,1.139430542E1,-9.593550110E-1
1.701346533E1,1.613360001E1,9.413923645E0,-4.905299377E-1
1.702349233E1,1.521391251E1,7.231462097E0,-1.496887207E-1
1.703351933E1,1.462683334E1,5.574857025E0,-1.025367737E-1
1.704354633E1,1.336914871E1,4.369862823E0,-3.367996216E-2
1.705357433E1,1.141481277E1,3.241509247E0,1.663041687E-1
1.706360133E1,9.263935547E0,2.007325745E0,4.116439819E-1
1.707362833E1,7.387437744E0,6.861730957E-1,6.385720825E-1
1.708365533E1,5.908363495E0,-6.596781921E-1,7.458988953E-1
1.709368233E1,4.694088593E0,-1.959575043E0,7.020401001E-1
1.710371033E1,3.518732758E0,-3.326233063E0,6.325845337E-1
1.711373733E1,2.338886261E0,-4.512665863E0,5.816903687E-1
1.712376433E1,1.569336548E0,-5.597160645E0,4.013154602E-1
1.713379133E1,1.309027863E0,-6.564000092E0,-8.262817383E-2
1.714381833E1,1.059945831E0,-7.159162445E0,-8.649014282E-1
1.715384533E1,6.679110718E-1,-7.427404633E0,-1.808090057E0
1.716387333E1,1.293310547E-1,-7.673941956E0,-2.796185303E0
1.717390033E1,-6.236032104E-1,-8.012687531E0,-3.719764709E0
1.718392733E1,-1.237177277E0,-8.211923218E0,-4.286785583E0
1.719395433E1,-1.213676147E0,-8.120463409E0,-4.398752747E0
1.720398133E1,-9.265731812E-2,-7.883057098E0,-4.348756714E0
1.721400933E1,2.205962677E0,-7.577841797E0,-4.511917419E0
1.722403633E1,4.864284668E0,-7.122339020E0,-4.904550934E0
1.723406333E1,6.841522980E0,-6.296955414E0,-5.108426971E0
1.724409033E1,8.298892365E0,-4.802912292E0,-5.300028534E0
1.725411733E1,9.698930969E0,-2.944975891E0,-5.756429443E0
1.726414533E1,1.076127182E1,-6.596781921E-1,-6.443051605E0
1.727417233E1,1.133921997E1,2.083068237E0,-6.796616364E0
1.728419933E1,1.265797760E1,5.251379700E0,-6.033503265E0
1.729422633E1,1.601040619E1,8.115224304E0,-3.376079407E0
1.730425333E1,2.235705826E1,1.048105453E1,2.791694641E-1
1.731428133E1,3.039923447E1,1.268911285E1,3.987108765E0
1.732430833E1,3.596660706E1,1.457040070E1,7.103478241E0
1.733433533E1,3.632855438E1,1.595891327E1,8.832981720E0
1.734436233E1,3.208577728E1,1.694611038E1,9.561367035E0
1.735438933E1,2.613011215E1,1.711885117E1,9.905950470E0
1.736441633E1,2.082858673E1,1.669119049E1,9.689350891E0
1.737444433E1,1.721495132E1,1.561852112E1,8.876541138E0
1.738447133E1,1.474299179E1,1.405517212E1,7.412136383E0
1.739449833E1,1.217163895E1,1.260244308E1,5.389542389E0
1.740452533E1,9.211245117E0,1.119222565E1,3.063679047E0
1.741455233E1,6.236930237E0,9.758357391E0,1.170865173E0
1.742458033E1,3.857328644E0,8.613837433E0,3.171903992E-1
1.743460733E1,1.999990997E0,7.795638885E0,1.004411316E-1
1.744463433E1,5.249583435E-1,7.013066254E0,1.778302002E-1
1.745466133E1,-8.431965637E-1,6.114484863E0,8.527766418E-1
1.746468833E1,-2.373164978E0,5.194797363E0,2.077529755E0
1.747471633E1,-3.663332062E0,4.430037689E0,3.330723724E0
1.748474333E1,-4.495152283E0,3.955075378E0,3.896696777E0
1.749477033E1,-5.057083740E0,3.757486267E0,3.559298401E0
1.750479733E1,-5.162614288E0,3.605701904E0,2.685565338E0
1.751482421E1,-4.792134705E0,3.547622681E0,1.861528931E0
1.752485221E1,-4.210594025E0,3.662433929E0,1.447340240E0
1.753487921E1,-3.809727631E0,3.783681793E0,1.394051056E0
1.754490621E1,-3.568130035E0,3.811823273E0,1.739682312E0
1.755493321E1,-3.283422089E0,3.789819031E0,2.419867859E0
1.756496021E1,-2.695744171E0,3.934268646E0,3.137026520E0
1.757498821E1,-2.034419403E0,4.104913788E0,3.476670227E0
1.758501521E1,-1.776056671E0,4.429888000E0,3.354374542E0
1.759504221E1,-1.356628876E0,5.155279541E0,3.124302979E0
1.760506921E1,-5.712121582E-1,6.508016510E0,2.822979584E0
1.761509621E1,6.246510315E-1,8.599766693E0,2.411335602E0
1.762512321E1,2.219584351E0,1.094613739E1,2.090103607E0
1.763515121E1,4.827610931E0,1.357736572E1,2.490221558E0
1.764517821E1,9.036708069E0,1.679417633E1,4.474644928E0
1.765520521E1,1.445978073E1,2.019540344E1,7.636070709E0
1.766523221E1,2.074760513E1,2.233101242E1,1.001941452E1
1.767525921E1,2.622247009E1,2.248788620E1,1.041025177E1
1.768528721E1,2.978416351E1,2.122765686E1,9.123078461E0
1.769531421E1,3.107388153E1,2.022324554E1,6.765630798E0
1.770534121E1,3.008339127E1,1.914713333E1,3.800297241E0
1.771536821E1,2.749123169E1,1.699700455E1,3.128494263E-1
1.772539521E1,2.412892365E1,1.387000717E1,-3.012335815E0
1.773542321E1,2.060345490E1,1.047656387E1,-5.219945068E0
1.774545021E1,1.690539505E1,7.704179077E0,-6.188281403E0
1.775547721E1,1.323966797E1,5.813161469E0,-6.051465912E0
1.776550421E1,1.039692947E1,4.358935547E0,-4.858746185E0
1.777553121E1,8.605903931E0,2.831212463E0,-3.061284027E0
1.778555921E1,7.575746155E0,1.254241791E0,-1.307830353E0
1.779558621E1,6.982679443E0,-2.486329651E-1,2.571652222E-1
1.780561321E1,6.409371643E0,-1.781595154E0,1.414558411E0
1.781564021E1,5.532495117E0,-3.308869171E0,2.066901855E0
1.782566721E1,4.497397614E0,-4.669090576E0,2.321971436E0
1.783569521E1,3.671714630E0,-6.061644745E0,2.201022949E0
1.784572221E1,2.920876007E0,-7.424859924E0,1.731150055E0
1.785574921E1,1.848206635E0,-8.600365448E0,9.791139221E-1
1.786577621E1,5.292993164E-1,-9.469458160E0,1.278341675E-1
1.787580321E1,-1.040785675E0,-1.010743149E1,-6.203100586E-1
1.788583021E1,-2.552941132E0,-1.046623535E1,-1.140029297E0
1.789585821E1,-3.313958588E0,-1.047880920E1,-1.451681213E0
1.790588521E1,-2.589315491E0,-9.988129578E0,-1.853745117E0
1.791591221E1,-6.917115784E-1,-9.199120331E0,-2.645448761E0
1.792593921E1,2.269430695E0,-8.217461700E0,-3.895648956E0
1.793596721E1,5.854625244E0,-7.287445679E0,-5.378914490E0
1.794599421E1,8.509504395E0,-6.319558411E0,-6.819069672E0
1.795602121E1,8.907826080E0,-5.195845184E0,-8.118068390E0
1.796604821E1,7.271728363E0,-3.812122650E0,-8.824599152E0
1.797607521E1,5.846242676E0,-1.300196228E0,-8.022866364E0
1.798610221E1,8.115523682E0,2.830164642E0,-5.685776367E0
1.799613021E1,1.505135056E1,8.021668854E0,-3.007396088E0
1.800615721E1,2.560201035E1,1.297217422E1,-1.391805725E0
1.801618421E1,3.539030548E1,1.635259460E1,-1.345402222E0
1.802621121E1,3.884796524E1,1.808254715E1,-2.498454437E0
1.803623821E1,3.498390060E1,1.948812424E1,-3.710334320E0
1.804626621E1,2.796155365E1,1.975756393E1,-3.939507751E0
1.805629321E1,2.213192642E1,1.891017609E1,-3.443439331E0
1.806632021E1,1.840991638E1,1.799827240E1,-3.167862396E0
1.807634721E1,1.633523071E1,1.651156403E1,-3.662134552E0
1.808637421E1,1.447325272E1,1.446846268E1,-4.330494690E0
1.809640221E1,1.166718796E1,1.244931152E1,-4.312681732E0
1.810642921E1,8.171956329E0,1.080602875E1,-3.144361267E0
1.811645621E1,5.025050354E0,9.544901276E0,-9.542655945E-1
1.812648321E1,2.690056000E0,8.529113617E0,1.512155457E0
1.813651021E1,1.018781433E0,7.919431458E0,3.863316193E0
1.814653821E1,-2.814147949E-2,7.494315491E0,5.732329559E0
1.815656521E1,-6.017486572E-1,7.134463806E0,6.994654541E0
1.816659221E1,-9.864486694E-1,6.857389984E0,7.518115997E0
1.817661921E1,-1.453327789E0,6.438411255E0,7.435188446E0
1.818664621E1,-1.859582977E0,5.917195129E0,6.809339905E0
1.819667421E1,-2.262245636E0,5.334906006E0,5.970783691E0
1.820670121E1,-2.545307007E0,4.728666687E0,5.209167480E0
1.821672821E1,-2.802921295E0,4.178560638E0,4.686005402E0
1.822675521E1,-3.153641968E0,3.693868561E0,4.437222748E0
1.823678221E1,-3.822151794E0,3.281775513E0,4.445305939E0
1.824680921E1,-4.211941223E0,3.133433990E0,4.678371277E0
1.825683721E1,-4.163292389E0,3.152145081E0,4.917723541E0
1.826686421E1,-3.566034393E0,3.497327271E0,4.710254974E0
1.827689121E1,-2.295626221E0,4.419709167E0,3.923640747E0
1.828691821E1,-3.336561584E-1,5.612578583E0,2.857407990E0
1.829694521E1,1.876797180E0,7.137307892E0,1.934726715E0
1.830697321E1,3.512894897E0,9.011260986E0,1.437460785E0
1.831700021E1,4.713398438E0,1.105346420E1,1.398990784E0
1.832702721E1,5.696853333E0,1.333831284E1,2.347418518E0
1.833705421E1,7.851023712E0,1.603480545E1,4.054169312E0
1.834708121E1,1.192390411E1,1.900627625E1,5.392685852E0
1.835710921E1,1.779409698E1,2.093202164E1,5.250780945E0
1.836713621E1,2.275912216E1,2.068563400E1,3.199297028E0
1.837716321E1,2.502076904E1,1.875165573E1,-9.490264893E-2
1.838719021E1,2.434896606E1,1.739787094E1,-3.132236481E0
1.839721721E1,2.276211594E1,1.666903656E1,-4.947960663E0
1.840724421E1,2.086930206E1,1.540012527E1,-5.169350281E0
1.841727221E1,1.844479385E1,1.348860031E1,-4.296964417E0
1.842729921E1,1.578332840E1,1.122650436E1,-3.121608582E0
1.843732621E1,1.307695633E1,8.937913513E0,-1.882485352E0
1.844735321E1,1.076366684E1,6.806645508E0,-7.274871826E-1
1.845738021E1,8.921447754E0,4.791535950E0,3.511697388E-1
1.846740821E1,7.605085144E0,3.018473053E0,1.284628601E0
1.847743521E1,6.801406403E0,1.369951172E0,1.870510254E0
1.848746221E1,6.185137939E0,-2.487826538E-1,2.267035675E0
1.849748921E1,5.718408508E0,-1.515298920E0,2.459984436E0
1.850751621E1,5.243146820E0,-2.690505066E0,2.185305634E0
1.851754437E1,4.881648560E0,-4.050127716E0,1.420246582E0
1.852757138E1,4.498445435E0,-5.401218109E0,1.329235840E-1
1.853759837E1,3.914659424E0,-6.376140747E0,-1.421144714E0
1.854762537E1,3.081342316E0,-7.097341003E0,-3.206182709E0
1.855765237E1,1.805844727E0,-7.765401764E0,-4.681814117E0
1.856768037E1,6.331832886E-2,-8.034242706E0,-5.383704529E0
1.857770737E1,-1.575473785E0,-8.191266174E0,-5.339696045E0
1.858773438E1,-2.492766266E0,-8.703351288E0,-4.919220428E0
1.859776138E1,-2.711461487E0,-9.273066559E0,-4.495301971E0
1.860778837E1,-2.088007965E0,-9.407487030E0,-4.311035156E0
1.861781638E1,-4.213737488E-1,-9.163195038E0,-4.556374969E0
1.862784337E1,1.773362274E0,-8.483757935E0,-5.152435455E0
1.863787037E1,4.145479431E0,-7.146289215E0,-5.899980927E0
1.864789737E1,6.079457703E0,-5.755681000E0,-6.627468109E0
1.865792438E1,6.974147186E0,-4.230352936E0,-6.947652283E0
1.866795237E1,6.943161621E0,-1.688039703E0,-6.058351593E0
1.867797938E1,9.063801727E0,2.824925537E0,-3.571123810E0
1.868800637E1,1.546134796E1,8.615933075E0,-8.247848511E-1
1.869803337E1,2.431738174E1,1.339803864E1,7.824229431E-1
1.870806037E1,3.243694702E1,1.640064468E1,7.252418518E-1
1.871808738E1,3.617497375E1,1.739113495E1,-1.525028687E0
1.872811537E1,3.437347000E1,1.839928848E1,-4.943919067E0
1.873814238E1,2.910831894E1,1.891272079E1,-8.041427765E0
1.874816938E1,2.323812607E1,1.782942352E1,-9.507329407E0
1.875819637E1,1.877695313E1,1.639091492E1,-9.068142700E0
1.876822337E1,1.595427292E1,1.554756866E1,-8.103698273E0
1.877825137E1,1.405352554E1,1.480062195E1,-7.594008179E0
1.878827837E1,1.215921478E1,1.333487000E1,-7.219187622E0
1.879830537E1,9.684111786E0,1.161210251E1,-6.425837402E0
1.880833238E1,6.775210876E0,1.030921188E1,-4.941224670E0
1.881835938E1,3.961212616E0,9.330097961E0,-2.823428650E0
1.882838738E1,1.634151764E0,8.397387543E0,-5.216651917E-1
1.883841438E1,-1.490899658E-1,7.616461487E0,1.750160522E0
1.884844137E1,-1.433119812E0,7.090754700E0,3.746409302E0
1.885846837E1,-2.123334503E0,6.750212860E0,5.208269348E0
1.886849537E1,-2.295177155E0,6.472540283E0,6.011499023E0
1.887852337E1,-2.227218475E0,6.008056183E0,6.164031830E0
1.888855037E1,-2.231709137E0,5.585933990E0,5.738466797E0
1.889857738E1,-2.298170929E0,5.352718964E0,4.857548676E0
1.890860437E1,-2.490221558E0,5.180576935E0,3.703598328E0
1.891863137E1,-2.858306122E0,5.006488953E0,2.459685059E0
1.892865837E1,-3.112627258E0,4.973108368E0,1.481768646E0
1.893868637E1,-3.197800140E0,5.347030792E0,9.178912354E-1
1.894871337E1,-2.536325684E0,6.146667938E0,5.071453857E-1
1.895874038E1,-1.115330658E0,7.016958160E0,1.098715210E-1
1.896876738E1,9.139993286E-1,8.125852203E0,-3.873944092E-1
1.897879437E1,3.046913910E0,9.259594574E0,-5.975573730E-1
1.898882238E1,4.955594788E0,1.103909409E1,-1.586700439E-2
1.899884937E1,6.860234070E0,1.331241669E1,1.272503815E0
1.900887637E1,9.048982544E0,1.552257065E1,2.813848572E0
1.901890337E1,1.173215286E1,1.713486786E1,4.219575348E0
1.902893038E1,1.432101929E1,1.861543900E1,5.177583160E0
1.903895737E1,1.691961548E1,1.968900650E1,5.093458099E0
1.904898538E1,1.916569473E1,1.966221222E1,3.688629456E0
1.905901238E1,2.020932449E1,1.857981308E1,1.143621826E0
1.906903937E1,2.034853500E1,1.722034012E1,-1.232087860E0
1.907906637E1,2.034434372E1,1.628748001E1,-2.762056274E0
1.908909337E1,2.036709641E1,1.540970535E1,-3.699556732E0
1.909912137E1,1.972298584E1,1.385982834E1,-4.499493256E0
1.910914837E1,1.811577805E1,1.160207336E1,-4.814887390E0
1.911917538E1,1.574111618E1,9.072333984E0,-4.054319000E0
1.912920237E1,1.316961365E1,6.903494110E0,-2.316283264E0
1.913922937E1,1.075977493E1,4.982239380E0,-2.911445618E-1
1.914925738E1,8.737031250E0,3.166664886E0,1.551373901E0
1.915928437E1,7.296876068E0,1.541344757E0,2.976260834E0
1.916931137E1,6.431375885E0,7.933502197E-2,3.814068604E0
1.917933838E1,5.836812286E0,-1.372346191E0,3.960015106E0
1.918936538E1,5.364694061E0,-2.747087402E0,3.505111084E0
1.919939337E1,4.998854828E0,-4.076772308E0,2.707719269E0
1.920942038E1,4.777016144E0,-5.330714722E0,1.811383209E0
1.921944737E1,4.691094818E0,-6.571035461E0,9.262738037E-1
1.922947437E1,4.393813019E0,-7.755222931E0,1.128652954E-1
1.923950137E1,3.531156921E0,-8.703650665E0,-4.616400146E-1
1.924952838E1,2.155367889E0,-9.368717651E0,-6.372248840E-1
1.925955637E1,5.658233643E-1,-1.005638763E1,-7.141648865E-1
1.926958338E1,-8.265811157E-1,-1.088072342E1,-7.099736023E-1
1.927961038E1,-1.877545624E0,-1.166419418E1,-6.834786987E-1
1.928963737E1,-2.457290039E0,-1.199051559E1,-1.091829529E0
1.929966437E1,-1.764830017E0,-1.178274765E1,-2.186652832E0
1.930969237E1,6.644682312E-1,-1.129820526E1,-3.927382965E0
1.931971937E1,3.542533264E0,-1.058299255E1,-6.207740936E0
1.932974637E1,5.543572083E0,-9.575587463E0,-8.805588684E0
1.933977338E1,5.992189178E0,-8.099207611E0,-1.066142944E1
1.934980037E1,5.687722321E0,-6.312972107E0,-1.096424973E1
1.935982838E1,6.706054688E0,-3.231180725E0,-9.516011353E0
1.936985538E1,1.189441544E1,1.684447174E0,-7.331304474E0
1.937988237E1,2.168854843E1,7.305707703E0,-5.785918121E0
1.938990937E1,3.240386581E1,1.156016052E1,-6.010002136E0
1.939993638E1,3.888269302E1,1.358634705E1,-8.202343140E0
1.940996338E1,3.916350906E1,1.488369919E1,-1.106873245E1
1.941999137E1,3.507176788E1,1.574575653E1,-1.283475998E1
1.943001838E1,2.936937607E1,1.587897949E1,-1.237641312E1
1.944004537E1,2.448653000E1,1.551972656E1,-1.062280975E1
1.945007237E1,2.158676010E1,1.494716721E1,-8.632548523E0
1.946009937E1,2.000440063E1,1.408076889E1,-6.927294617E0
1.947012737E1,1.797372345E1,1.296903076E1,-5.511838074E0
1.948015437E1,1.480481323E1,1.171733368E1,-4.168681183E0
1.949018138E1,1.086425766E1,1.050260971E1,-2.808759155E0
1.950020838E1,7.058272247E0,9.383387146E0,-1.285676422E0
1.951023537E1,3.876339111E0,8.524922333E0,3.600013733E-1
1.952026212E1,1.454974365E0,7.988138580E0,1.997745667E0
1.953029012E1,-2.151026917E-1,7.579039307E0,3.460054779E0
1.954031712E1,-1.308878174E0,7.242089996E0,4.693789215E0
1.955034413E1,-2.011067963E0,7.050488434E0,5.552703094E0
1.956037113E1,-2.262994080E0,6.934479675E0,5.913752289E0
1.957039812E1,-2.087558899E0,6.722969513E0,5.850284271E0
1.958042613E1,-1.851350098E0,6.292614441E0,5.345982971E0
1.959045312E1,-1.811682587E0,6.014941864E0,4.459526367E0
1.960048012E1,-2.182611237E0,5.617817688E0,3.548071747E0
1.961050712E1,-2.775977325E0,5.066364441E0,2.811004486E0
1.962053413E1,-3.160377960E0,4.506678314E0,2.466271362E0
1.963056212E1,-3.194506989E0,4.176464996E0,2.444865875E0
1.964058913E1,-2.907404022E0,4.264931030E0,2.553390198E0
1.965061612E1,-2.040556641E0,5.070555725E0,2.668201447E0
1.966064312E1,-5.785469055E-1,6.045777740E0,2.638862457E0
1.967067012E1,9.264234924E-1,7.159312134E0,2.736758881E0
1.968069713E1,2.792592773E0,8.832532654E0,2.937790833E0
1.969072512E1,5.171146545E0,1.102307739E1,2.996319122E0
1.970075212E1,7.566016388E0,1.356868378E1,3.142115936E0
1.971077913E1,1.004860382E1,1.605411530E1,3.712579651E0
1.972080612E1,1.318847443E1,1.862052841E1,4.770280151E0
1.973083312E1,1.763482819E1,2.137285492E1,5.958359528E0
1.974086112E1,2.307257034E1,2.256362869E1,6.079158325E0
1.975088812E1,2.731040771E1,2.147164948E1,3.975133667E0
1.976091512E1,2.857557678E1,1.936133789E1,2.130070496E-1
1.977094213E1,2.726041168E1,1.742720993E1,-3.310815125E0
1.978096913E1,2.457798981E1,1.589574463E1,-5.179678802E0
1.979099612E1,2.178839081E1,1.420351364E1,-5.195096741E0
1.980102413E1,1.906375671E1,1.178469360E1,-4.160747681E0
1.981105112E1,1.612895966E1,8.922196198E0,-2.661914520E0
1.982107812E1,1.304806641E1,6.222560120E0,-7.270381165E-1
1.983110512E1,1.003168900E1,3.802542572E0,1.275048523E0
1.984113213E1,7.423213348E0,1.677561493E0,3.126997375E0
1.985115912E1,5.576204224E0,-5.239105225E-3,4.632117462E0
1.986118713E1,4.510121155E0,-1.456471252E0,5.432353363E0
1.987121412E1,4.100423126E0,-2.975213013E0,5.379513245E0
1.988124112E1,3.995790710E0,-4.489763489E0,4.422403564E0
1.989126812E1,3.932023315E0,-5.797893219E0,2.815046082E0
1.990129513E1,3.979923706E0,-6.819518738E0,1.104403381E0
1.991132312E1,4.072281647E0,-7.604037323E0,-4.144880676E-1
1.992135012E1,3.893852692E0,-8.080646210E0,-1.783541107E0
1.993137713E1,3.285517731E0,-8.440647583E0,-3.052302704E0
1.994140412E1,2.178869019E0,-8.671916656E0,-4.202510834E0
1.995143112E1,4.733157349E-1,-8.880582733E0,-5.173092499E0
1.996145912E1,-1.798809357E0,-9.074130249E0,-5.661975861E0
1.997148612E1,-3.752396851E0,-9.284742279E0,-5.734724579E0
1.998151312E1,-4.282294922E0,-9.144783325E0,-5.500761108E0
1.999154013E1,-3.209775238E0,-8.730145569E0,-5.291945343E0
2.000156713E1,-5.966592407E-1,-8.131390686E0,-5.359454956E0
2.001159412E1,3.040327606E0,-7.122937775E0,-6.169420624E0
2.002162213E1,6.164031830E0,-6.015390930E0,-7.597151642E0
2.003164912E1,7.969726868E0,-4.749922485E0,-8.827592926E0
2.004167612E1,8.075407104E0,-3.220253448E0,-9.202563171E0
2.005170312E1,7.117998047E0,-1.711540833E0,-8.644972687E0
2.006173013E1,6.932084656E0,3.960763550E-1,-6.863227844E0
2.007175812E1,9.583820343E0,4.274511108E0,-3.744762726E0
2.008178513E1,1.610186600E1,9.139394531E0,-4.561015320E-1
2.009181212E1,2.564676727E1,1.377255981E1,1.425485687E0
2.010183912E1,3.414115311E1,1.698607727E1,1.462907867E0
2.011186612E1,3.821059067E1,1.865331024E1,1.026864624E-1
2.012189313E1,3.743041306E1,1.999242554E1,-1.386716309E0
2.013192112E1,3.353012375E1,2.043340851E1,-1.471440125E0
2.014194812E1,2.867796387E1,1.931897598E1,-3.679348755E-1
2.015197513E1,2.406620407E1,1.783047134E1,4.822970581E-1
2.016200212E1,2.020992325E1,1.623778336E1,9.788145447E-1
2.017202912E1,1.683743637E1,1.456890381E1,1.335373077E0
2.018205612E1,1.342198883E1,1.271875122E1,1.471589813E0
2.019208412E1,9.806108093E0,1.072594528E1,1.640887756E0
2.020211112E1,6.324797516E0,8.925639038E0,2.109114075E0
2.021213813E1,3.384911041E0,7.645351410E0,2.987786865E0
2.022216513E1,1.209185486E0,6.845115509E0,3.955524445E0
2.023219212E1,-3.318598938E-1,6.301446075E0,4.619543610E0
2.024221912E1,-1.217268677E0,5.958509216E0,4.892426147E0
2.025224712E1,-1.901944885E0,5.627397766E0,4.837041321E0
2.026227412E1,-2.675985260E0,5.379213867E0,4.659510498E0
2.027230112E1,-3.265010376E0,5.244344330E0,4.516707458E0
2.028232813E1,-3.605402527E0,5.123695221E0,4.444707184E0
2.029235512E1,-3.979025574E0,5.030738525E0,4.392316132E0
2.030238313E1,-4.514462128E0,4.793182526E0,4.391417999E0
2.031241012E1,-5.058430939E0,4.371808777E0,4.341272278E0
2.032243712E1,-5.334007874E0,3.904779968E0,4.281546478E0
2.033246412E1,-5.329217834E0,3.771257629E0,4.184099121E0
2.034249113E1,-5.182073822E0,3.852837982E0,3.903582458E0
2.035251813E1,-4.502786407E0,4.272415466E0,3.513044586E0
2.036254612E1,-2.949167175E0,5.145849152E0,3.118016052E0
2.037257313E1,-4.279600525E-1,6.550228729E0,3.048859863E0
2.038260012E1,2.694546661E0,8.670419769E0,3.267704773E0
2.039262712E1,6.279890900E0,1.157408157E1,3.270399170E0
2.040265412E1,9.750872955E0,1.465422638E1,3.028951263E0
2.041268113E1,1.291199936E1,1.709310471E1,3.119063873E0
2.042270912E1,1.599573669E1,1.874791351E1,4.061054993E0
2.043273613E1,1.940055634E1,2.024090881E1,5.334606628E0
2.044276313E1,2.286884399E1,2.070644073E1,5.566624146E0
2.045279012E1,2.499681885E1,1.954066498E1,4.157005463E0
2.046281712E1,2.458292953E1,1.739248215E1,1.447639618E0
2.047284512E1,2.242591507E1,1.512619492E1,-1.197659454E0
2.048287212E1,1.991653336E1,1.373379044E1,-2.688110046E0
2.049289912E1,1.822969116E1,1.279494278E1,-2.935545502E0
2.050292613E1,1.717333786E1,1.161958694E1,-2.499651947E0
2.051295350E1,1.585308334E1,9.937385101E0,-1.924697571E0
2.052298050E1,1.375684250E1,8.042625275E0,-1.355730743E0
2.053300850E1,1.115375565E1,6.249953156E0,-6.496490479E-1
2.054303550E1,8.747808838E0,4.617298279E0,3.403921509E-1
2.055306250E1,6.912325745E0,3.082988892E0,1.469344482E0
2.056308950E1,5.720953217E0,1.688189392E0,2.371069336E0
2.057311650E1,4.842130737E0,3.911366272E-1,2.693199463E0
2.058314350E1,4.112847290E0,-9.003776550E-1,2.383343811E0
2.059317150E1,3.582051086E0,-2.130669250E0,1.620380402E0
2.060319850E1,3.401077423E0,-3.237018585E0,7.206015015E-1
2.061322550E1,3.347039795E0,-4.124073944E0,-1.088237000E-1
2.062325250E1,2.931653595E0,-4.865332489E0,-1.078806610E0
2.063327950E1,2.076332245E0,-5.479654999E0,-2.105970612E0
2.064330650E1,7.982899475E-1,-6.118975525E0,-3.016976166E0
2.065333450E1,-7.036866760E-1,-6.633755035E0,-3.633094940E0
2.066336150E1,-1.905088348E0,-6.902895355E0,-3.912863159E0
2.067338850E1,-2.585273895E0,-7.192093964E0,-4.049379272E0
2.068341550E1,-2.493215332E0,-7.294331360E0,-4.199367371E0
2.069344250E1,-1.253343658E0,-7.195836182E0,-4.588258667E0
2.070347050E1,8.608598328E-1,-6.709198151E0,-5.220843201E0
2.071349750E1,3.165317688E0,-5.862409058E0,-6.085145874E0
2.072352450E1,5.614225159E0,-4.511917419E0,-7.021897888E0
2.073355150E1,7.082072754E0,-2.913840637E0,-8.029752045E0
2.074357850E1,7.353009338E0,-1.128353577E0,-8.612639923E0
2.075360550E1,7.131470032E0,8.348139954E-1,-8.334069214E0
2.076363350E1,8.443192291E0,3.499422913E0,-6.370003510E0
2.077366050E1,1.315838699E1,6.499783630E0,-3.103047180E0
2.078368750E1,1.956147171E1,9.195228424E0,-2.634521484E-2
2.079371450E1,2.565335358E1,1.130164810E1,1.750459900E0
2.080374150E1,3.007875092E1,1.328951431E1,2.337389374E0
2.081376850E1,3.176738937E1,1.542422516E1,2.219584351E0
2.082379650E1,3.092179779E1,1.681902466E1,1.937570801E0
2.083382350E1,2.787024353E1,1.684536987E1,1.541344757E0
2.084385050E1,2.382774994E1,1.619347549E1,1.391506348E0
2.085387750E1,2.055241104E1,1.588152420E1,1.620829468E0
2.086390450E1,1.863564697E1,1.550161423E1,1.667981415E0
2.087393150E1,1.713456848E1,1.442699890E1,1.071771240E0
2.088395950E1,1.496378265E1,1.288266037E1,8.083190918E-3
2.089398650E1,1.194575867E1,1.112591354E1,-8.161029053E-1
2.090401350E1,8.685688019E0,9.461674347E0,-9.334588623E-1
2.091404050E1,5.940845947E0,8.001909943E0,-2.815644836E-1
2.092406750E1,3.566034393E0,6.741830292E0,7.610174561E-1
2.093409450E1,1.597627716E0,5.715714111E0,1.738634491E0
2.094412250E1,2.944377136E-1,4.936734009E0,2.544109497E0
2.095414950E1,-4.953199768E-1,4.303999786E0,3.222349091E0
2.096417650E1,-1.342109070E0,3.624113617E0,3.890409851E0
2.097420350E1,-2.466121674E0,2.939287720E0,4.394711151E0
2.098423050E1,-3.556154938E0,2.490221558E0,4.663552094E0
2.099425750E1,-4.250411224E0,2.234702911E0,4.782255249E0
2.100428550E1,-4.746479645E0,2.107317810E0,4.794380035E0
2.101431250E1,-4.938081207E0,2.096989288E0,4.735851746E0
2.102433950E1,-5.131329346E0,1.993105316E0,4.783901825E0
2.103436650E1,-5.140610046E0,2.210004272E0,4.903503113E0
2.104439350E1,-4.743934937E0,2.863545227E0,5.018913116E0
2.105442050E1,-3.610192566E0,3.824097748E0,4.953648834E0
2.106444850E1,-1.535806274E0,5.104385376E0,4.540957031E0
2.107447550E1,6.878196716E-1,6.652466125E0,4.080664215E0
2.108450250E1,2.590513000E0,8.624465332E0,3.731739807E0
2.109452950E1,4.319866791E0,1.075049423E1,3.763174438E0
2.110455650E1,6.180647278E0,1.349623444E1,4.708608398E0
2.111458350E1,9.656868439E0,1.677995590E1,6.382128296E0
2.112461150E1,1.533261566E1,2.016411850E1,7.966733093E0
2.113463850E1,2.158226944E1,2.256856842E1,8.445287933E0
2.114466550E1,2.623324768E1,2.264940033E1,7.270231476E0
2.115469250E1,2.725577133E1,2.080224152E1,4.627776489E0
2.116471950E1,2.558000610E1,1.870779694E1,1.857637024E0
2.117474650E1,2.309532303E1,1.728380814E1,-3.667373657E-2
2.118477450E1,2.095133148E1,1.607207794E1,-1.055155792E0
2.119480150E1,1.924053909E1,1.436098618E1,-1.783092041E0
2.120482850E1,1.738110580E1,1.193393326E1,-2.472258911E0
2.121485550E1,1.503518417E1,9.280550995E0,-2.724035339E0
2.122488250E1,1.227208008E1,6.832541656E0,-2.160008240E0
2.123490950E1,9.569599915E0,4.499193878E0,-7.785310364E-1
2.124493750E1,7.317533112E0,2.146236877E0,8.393046570E-1
2.125496450E1,5.834417267E0,8.996292114E-2,2.329006805E0
2.126499150E1,4.838687897E0,-1.794917450E0,3.392245789E0
2.127501850E1,3.840114441E0,-3.519780579E0,3.643273773E0
2.128504550E1,2.752925262E0,-4.935087433E0,2.950963440E0
2.129507250E1,1.937720490E0,-6.100713501E0,1.749262390E0
2.130510050E1,1.542542267E0,-7.052883453E0,4.191284180E-1
2.131512750E1,1.369053040E0,-7.678282928E0,-1.035995636E0
2.132515450E1,1.041234741E0,-7.938890991E0,-2.572250977E0
2.133518150E1,3.414399719E-1,-7.978408813E0,-4.002077637E0
2.134520850E1,-1.134640503E0,-8.294551392E0,-4.961582336E0
2.135523650E1,-3.024161224E0,-8.599916382E0,-5.402415619E0
2.136526350E1,-4.159101105E0,-8.705147552E0,-5.285508728E0
2.137529050E1,-3.600462799E0,-8.815168762E0,-4.756957855E0
2.138531750E1,-1.241967316E0,-8.693920898E0,-4.192781067E0
2.139534450E1,1.763333130E0,-8.265212402E0,-3.935765533E0
2.140537150E1,4.202361145E0,-7.576943665E0,-4.057312775E0
2.141539850E1,5.462889862E0,-6.462211761E0,-4.536765747E0
2.142542650E1,5.806126099E0,-4.980742493E0,-5.322332153E0
2.143545350E1,5.317991180E0,-3.181184692E0,-6.249953156E0
2.144548050E1,6.167923737E0,-9.192384338E-1,-6.463558960E0
2.145550750E1,1.064196991E1,1.981130219E0,-5.090913391E0
2.146553450E1,1.876886993E1,5.741610260E0,-3.272644501E0
2.147556250E1,2.756233383E1,9.083261261E0,-2.594853973E0
2.148558950E1,3.243604889E1,1.066876419E1,-3.301085358E0
2.149561650E1,3.177083221E1,1.132829269E1,-4.740342407E0
2.150564350E1,2.819372086E1,1.152169052E1,-5.669460297E0
2.151567083E1,2.482707184E1,1.141421402E1,-5.441184998E0
2.152569783E1,2.216725296E1,1.071576645E1,-4.752467194E0
2.153572583E1,2.036275543E1,9.733209686E0,-4.385729828E0
2.154575283E1,2.042996567E1,9.420509949E0,-4.498894501E0
2.155577983E1,2.220976456E1,1.004201752E1,-5.197791138E0
2.156580683E1,2.297212921E1,1.078073135E1,-6.043831787E0
2.157583383E1,2.151101761E1,1.121467896E1,-7.156917114E0
2.158586083E1,1.773392212E1,1.095272369E1,-8.184829559E0
2.159588783E1,1.309851151E1,1.017329453E1,-8.342302094E0
2.160591583E1,9.004824371E0,9.508526917E0,-7.292984161E0
2.161594283E1,5.924080811E0,9.064400482E0,-5.303171997E0
2.162596983E1,3.790417786E0,8.641230469E0,-3.063229980E0
2.163599683E1,2.660417633E0,8.148305511E0,-8.954379272E-1
2.164602383E1,2.161205750E0,7.679181061E0,1.300495605E0
2.165605083E1,1.975891113E0,7.612719269E0,3.410507812E0
2.166607883E1,2.045795746E0,7.759563904E0,5.045857086E0
2.167610583E1,1.904788971E0,7.836653595E0,6.267017670E0
2.168613283E1,1.223405914E0,7.707771606E0,7.075336761E0
2.169615983E1,2.389031982E-1,7.258256378E0,7.378606110E0
2.170618683E1,-6.661148071E-1,6.549629974E0,7.454498291E0
2.171621383E1,-1.548080750E0,5.812413025E0,7.749385071E0
2.172624183E1,-2.228565674E0,5.580694885E0,8.354576569E0
2.173626883E1,-2.013462982E0,6.188880157E0,8.938063202E0
2.174629583E1,-1.208586731E0,6.950196991E0,8.750503235E0
2.175632283E1,-6.691085815E-2,7.423961792E0,7.372468872E0
2.176634983E1,1.475032654E0,8.021818542E0,5.378016357E0
2.177637683E1,3.707190857E0,9.135203247E0,3.422183533E0
2.178640483E1,6.267466736E0,1.075708054E1,2.152224426E0
2.179643183E1,8.945098572E0,1.287337967E1,1.882185974E0
2.180645883E1,1.214035400E1,1.471050934E1,2.039808197E0
2.181648583E1,1.616518433E1,1.606204880E1,2.208806763E0
2.182651283E1,2.040766205E1,1.700463867E1,1.773961029E0
2.183653983E1,2.411590073E1,1.653177200E1,1.175056458E-1
2.184656783E1,2.614148849E1,1.465302887E1,-2.715353394E0
2.185659483E1,2.587145004E1,1.232072891E1,-5.962251434E0
2.186662183E1,2.449820572E1,1.039004379E1,-8.616980896E0
2.187664883E1,2.302511902E1,9.255403290E0,-1.004171814E1
2.188667583E1,2.144365768E1,8.336164856E0,-1.032433044E1
2.189670283E1,1.926119614E1,6.912475433E0,-9.810598755E0
2.190672983E1,1.636442001E1,5.111121368E0,-8.627459106E0
2.191675783E1,1.328143112E1,3.462000732E0,-6.974446564E0
2.192678483E1,1.054422318E1,2.193837891E0,-5.120551758E0
2.193681183E1,8.334967346E0,1.243464203E0,-3.292553101E0
2.194683883E1,6.916966095E0,4.255650330E-1,-1.447040863E0
2.195686583E1,5.868845673E0,-3.097059631E-1,1.824705505E-1
2.196689283E1,5.040468292E0,-9.556127930E-1,1.350940704E0
2.197692083E1,4.456382904E0,-1.576222229E0,1.984872437E0
2.198694783E1,4.314477997E0,-2.142045593E0,2.016007690E0
2.199697483E1,4.473447418E0,-2.837499390E0,1.339564362E0
2.200700183E1,4.541705475E0,-3.752845917E0,1.341210938E-1
2.201702883E1,4.065695343E0,-4.658762054E0,-1.150058441E0
2.202705583E1,3.055296478E0,-5.324278107E0,-2.193538513E0
2.203708383E1,1.701362000E0,-5.920039215E0,-2.724933472E0
2.204711083E1,1.654060364E-1,-6.333329773E0,-2.806064758E0
2.205713783E1,-1.285227356E0,-6.685247955E0,-2.717299347E0
2.206716483E1,-2.486179962E0,-7.298372955E0,-2.608475647E0
2.207719183E1,-3.099005585E0,-7.920778656E0,-2.690954132E0
2.208721883E1,-2.517015839E0,-8.225245514E0,-2.909649353E0
2.209724683E1,-8.675958252E-1,-8.548872528E0,-3.351979523E0
2.210727383E1,1.651815033E0,-8.440647583E0,-4.147126007E0
2.211730083E1,4.290827179E0,-7.826175385E0,-5.324128418E0
2.212732783E1,5.401816864E0,-6.977590027E0,-6.569538574E0
2.213735483E1,4.603826294E0,-5.772296448E0,-7.511380005E0
2.214738183E1,3.712729340E0,-4.497098236E0,-7.784861298E0
2.215740983E1,5.199737091E0,-2.329455872E0,-6.644682312E0
2.216743683E1,1.162557449E1,1.889371033E0,-4.262086945E0
2.217746383E1,2.313064957E1,6.986271973E0,-2.844684448E0
2.218749083E1,3.446942047E1,1.046683411E1,-3.473377075E0
2.219751783E1,3.995521271E1,1.221205490E1,-5.393284607E0
2.220754483E1,3.792812805E1,1.374022705E1,-6.928641815E0
2.221757283E1,3.207230530E1,1.476005630E1,-6.484515381E0
2.222759983E1,2.706147537E1,1.467772751E1,-4.869972839E0
2.223762683E1,2.381442764E1,1.403167099E1,-3.607498169E0
2.224765383E1,2.199047058E1,1.350117416E1,-2.913990326E0
2.225768083E1,2.013298325E1,1.294552963E1,-2.787054291E0
2.226770783E1,1.759546005E1,1.245664627E1,-3.122955780E0
2.227773483E1,1.443987213E1,1.186268143E1,-3.137924652E0
2.228776283E1,1.101529358E1,1.094972992E1,-1.968107300E0
2.229778983E1,7.680827637E0,9.690548401E0,4.444258118E-1
2.230781683E1,4.839885406E0,8.572074280E0,3.467239838E0
2.231784383E1,2.580184479E0,7.932903442E0,6.375392303E0
2.232787083E1,1.172062683E0,7.613168335E0,8.694669342E0
2.233789783E1,1.496887207E-1,7.251071320E0,1.021415955E1
2.234792583E1,-6.679110718E-1,6.829248505E0,1.077399536E1
2.235795283E1,-1.252595215E0,6.454427948E0,1.035606445E1
2.236797983E1,-2.057022400E0,6.038293304E0,9.050479431E0
2.237800683E1,-3.160228271E0,5.591173096E0,7.397915955E0
2.238803383E1,-4.426744537E0,5.167104950E0,5.844596100E0
2.239806083E1,-5.498066711E0,4.855153656E0,4.694687347E0
2.240808883E1,-5.897136841E0,4.634362793E0,4.029770050E0
2.241811583E1,-5.242548065E0,4.422403564E0,3.728895721E0
2.242814283E1,-4.134701843E0,4.192182312E0,3.640729065E0
2.243816983E1,-2.999761963E0,3.953428802E0,3.691922607E0
2.244819683E1,-1.602567444E0,3.805536346E0,3.844305725E0
2.245822383E1,-1.146615601E-1,4.210893402E0,3.556903381E0
2.246825083E1,1.830243988E0,5.077890472E0,3.278482361E0
2.247827883E1,4.139342194E0,6.494095459E0,2.883154449E0
2.248830583E1,6.136938171E0,8.527766418E0,1.957180023E0
2.249833283E1,7.657925262E0,1.085647385E1,8.991801453E-1
2.250835983E1,9.000184021E0,1.329370560E1,6.063890076E-1
2.251838683E1,1.120150635E1,1.516646118E1,2.127675476E0
2.252841383E1,1.470512054E1,1.702649323E1,4.705165558E0
2.253844183E1,1.900313278E1,1.945354614E1,6.250701599E0
2.254846883E1,2.404689423E1,2.051693481E1,6.233637085E0
2.255849583E1,2.803564957E1,1.870839569E1,4.883893890E0
2.256852283E1,2.905562851E1,1.668759796E1,3.071462860E0
2.257854983E1,2.775887512E1,1.565729050E1,1.949246521E0
2.258857683E1,2.455867996E1,1.370026016E1,1.758842468E0
2.259860483E1,1.999242554E1,1.101244949E1,2.098486176E0
2.260863183E1,1.507724670E1,8.176446991E0,2.578088837E0
2.261865883E1,1.060484711E1,5.534590759E0,3.189118195E0
2.262868583E1,7.147935791E0,3.249592438E0,3.998634796E0
2.263871283E1,4.881648560E0,1.329684906E0,4.783901825E0
2.264873983E1,3.828887787E0,-1.511856079E-1,5.103038177E0
2.265876783E1,3.637136536E0,-1.476230164E0,4.780908051E0
2.266879483E1,3.378175049E0,-2.714754639E0,3.950285339E0
2.267882183E1,2.781815186E0,-3.768413544E0,2.943479004E0
2.268884883E1,2.085912323E0,-4.770878906E0,2.019300842E0
2.269887583E1,1.537003784E0,-5.869444427E0,1.045426025E0
2.270890283E1,8.773255920E-1,-6.862778778E0,-4.508624268E-1
2.271892983E1,1.432521057E-1,-7.934699707E0,-2.457140350E0
2.272895783E1,-6.063890076E-1,-8.647816772E0,-4.530329132E0
2.273898483E1,-1.529519348E0,-8.804840240E0,-6.328988800E0
2.274901183E1,-2.611469421E0,-8.767118683E0,-7.295678558E0
2.275903883E1,-3.236569519E0,-8.650361481E0,-7.324119415E0
2.276906583E1,-2.538870392E0,-8.403075714E0,-6.689888306E0
2.277909283E1,-5.730084229E-1,-8.214168549E0,-5.750591583E0
2.278912083E1,1.943558350E0,-7.753127289E0,-5.197940826E0
2.279914783E1,4.554429016E0,-6.710844727E0,-5.393134918E0
2.280917483E1,6.758296051E0,-5.212460632E0,-6.104006653E0
2.281920183E1,8.067323914E0,-3.307971039E0,-6.887627106E0
2.282922883E1,8.741222534E0,-1.208736420E0,-7.416477356E0
2.283925583E1,9.866282959E0,1.282832336E0,-6.871011658E0
2.284928283E1,1.296364197E1,5.097050629E0,-4.460424500E0
2.285931083E1,1.868070328E1,9.721234589E0,-1.354533234E0
2.286933783E1,2.634296951E1,1.404005356E1,5.610333252E-1
2.287936483E1,3.242661850E1,1.646396301E1,6.743476868E-1
2.288939183E1,3.439203140E1,1.734054016E1,1.261875916E-1
2.289941883E1,3.214101242E1,1.791025543E1,5.068460083E-1
2.290944583E1,2.803160797E1,1.823163712E1,2.135159912E0
2.291947383E1,2.438339447E1,1.803988586E1,3.538791046E0
2.292950083E1,2.137315430E1,1.730910553E1,3.657943268E0
2.293952783E1,1.870315659E1,1.584559891E1,2.614463196E0
2.294955483E1,1.575937820E1,1.399888916E1,1.367705841E0
2.295958183E1,1.238210129E1,1.215277817E1,4.381388855E-1
2.296960883E1,8.764723663E0,1.032373169E1,1.511856079E-1
2.297963583E1,5.273982697E0,8.906329193E0,5.457650757E-1
2.298966383E1,2.593806152E0,7.862699432E0,1.328936462E0
2.299969083E1,1.038839722E0,7.156168671E0,2.035018158E0
2.300971783E1,1.764830017E-1,6.580765228E0,2.570155334E0
2.301974483E1,-3.493734741E-1,6.104156342E0,3.017874298E0
2.302977183E1,-8.613088989E-1,5.631289673E0,3.375480652E0
2.303979883E1,-1.538350983E0,5.174589386E0,3.635789337E0
2.304982683E1,-2.377955017E0,4.815336456E0,3.553161163E0
2.305985383E1,-2.962040405E0,4.493206329E0,3.109483795E0
2.306988083E1,-3.163671112E0,4.236490173E0,2.498903503E0
2.307990783E1,-3.186274109E0,4.217330017E0,2.046394501E0
2.308993483E1,-3.206781464E0,4.209246826E0,2.030826874E0
2.309996183E1,-3.122806091E0,4.117637329E0,2.366878052E0
2.310998883E1,-2.725232849E0,4.212539978E0,2.923420715E0
2.312001683E1,-1.873803406E0,4.505929871E0,3.697760468E0
2.313004383E1,-8.562194824E-1,4.974904633E0,4.354145508E0
2.314007083E1,4.716691589E-1,5.849236450E0,4.643493805E0
2.315009783E1,2.977907410E0,7.395221558E0,4.480183411E0
2.316012483E1,5.854475555E0,9.111552429E0,3.841910706E0
2.317015183E1,7.431595917E0,1.068388275E1,3.064577179E0
2.318017983E1,8.082592163E0,1.243299545E1,2.842888184E0
2.319020683E1,9.180109863E0,1.414573380E1,3.722908173E0
2.320023383E1,1.146959885E1,1.560669571E1,5.081333313E0
2.321026083E1,1.450633392E1,1.677232178E1,5.684728546E0
2.322028783E1,1.794453415E1,1.746313522E1,4.849016418E0
2.323031483E1,2.076571747E1,1.691632233E1,2.744093628E0
2.324034183E1,2.179946777E1,1.541973450E1,1.948947144E-1
2.325036983E1,2.116882919E1,1.401580399E1,-2.189347229E0
2.326039683E1,1.971385483E1,1.331436264E1,-4.080215149E0
2.327042383E1,1.821277634E1,1.264809814E1,-5.033881989E0
2.328045083E1,1.676184357E1,1.159473862E1,-5.214705963E0
2.329047783E1,1.506901382E1,1.011671219E1,-4.897665253E0
2.330050483E1,1.288834854E1,8.460855560E0,-4.120631104E0
2.331053183E1,1.043375290E1,6.734794922E0,-3.152594147E0
2.332055983E1,8.148305511E0,5.041366425E0,-1.907183990E0
2.333058683E1,6.434968414E0,3.416046295E0,-4.626878357E-1
2.334061383E1,5.364095306E0,1.760938110E0,9.753717041E-1
2.335064083E1,4.595144348E0,3.852987671E-1,2.019001465E0
2.336066783E1,4.081113281E0,-7.893086243E-1,2.389780426E0
2.337069483E1,3.770958252E0,-1.867516479E0,2.071392517E0
2.338072283E1,3.601510620E0,-2.922372894E0,1.380130005E0
2.339074983E1,3.461102600E0,-3.703298950E0,5.981561279E-1
2.340077683E1,3.250939636E0,-4.301455078E0,-1.131646729E-1
2.341080383E1,2.801424408E0,-4.947062531E0,-7.994874573E-1
2.342083083E1,1.836530914E0,-5.445525970E0,-1.533261566E0
2.343085783E1,5.900729370E-1,-5.823489990E0,-2.175875244E0
2.344088483E1,-3.824546814E-1,-6.313271484E0,-2.587219849E0
2.345091283E1,-7.204518127E-1,-6.808890839E0,-2.751278687E0
2.346093983E1,-3.197351074E-1,-7.085814972E0,-2.616858215E0
2.347096683E1,8.503816223E-1,-7.210805054E0,-2.508782959E0
2.348099383E1,2.504142609E0,-7.220085754E0,-2.742896118E0
2.349102083E1,4.045187988E0,-7.051985321E0,-3.331771545E0
2.350104783E1,4.900359650E0,-6.630461884E0,-4.206253052E0
2.351107583E1,4.954846344E0,-6.030060425E0,-4.965773621E0
2.352110246E1,4.768783264E0,-4.804409180E0,-4.898862762E0
2.353112946E1,7.879614258E0,-1.613195343E0,-3.548969879E0
2.354115646E1,1.586760315E1,2.442470856E0,-1.550026703E0
2.355118346E1,2.704845245E1,6.037694550E0,-3.029699707E-1
2.356121046E1,3.713986725E1,9.042246552E0,-8.467890930E-1
2.357123746E1,4.116858948E1,1.197764236E1,-3.160677338E0
2.358126546E1,3.807317642E1,1.453237976E1,-5.962251434E0
2.359129246E1,3.196048782E1,1.511646515E1,-7.644902344E0
2.360131946E1,2.614208725E1,1.473371109E1,-7.787256317E0
2.361134646E1,2.189960953E1,1.475706253E1,-7.094047852E0
2.362137346E1,1.924398193E1,1.436263275E1,-6.476132812E0
2.363140046E1,1.694326630E1,1.333681595E1,-6.273903351E0
2.364142746E1,1.395024033E1,1.210652435E1,-6.009852448E0
2.365145546E1,1.021625519E1,1.100062408E1,-5.293591919E0
2.366148246E1,6.800059204E0,9.993218994E0,-3.863465881E0
2.367150946E1,4.352199554E0,9.095984802E0,-1.646126862E0
2.368153646E1,2.775378571E0,8.398135986E0,1.192120972E0
2.369156346E1,1.779649200E0,7.960446167E0,4.029171295E0
2.370159046E1,1.016985168E0,7.848479004E0,6.146368561E0
2.371161746E1,2.257305908E-1,7.811655579E0,7.355554047E0
2.372164546E1,-6.039939880E-1,7.598947906E0,7.780819702E0
2.373167246E1,-1.680555267E0,7.354206848E0,7.559729462E0
2.374169946E1,-2.867586823E0,7.168443146E0,6.815626831E0
2.375172646E1,-3.902235260E0,6.824608154E0,5.843248901E0
2.376175346E1,-4.785997467E0,6.405629425E0,4.994064789E0
2.377178046E1,-5.363496552E0,6.135291595E0,4.439468079E0
2.378180846E1,-5.249433746E0,5.869444427E0,3.998634796E0
2.379183546E1,-5.009632416E0,5.421276398E0,3.576662292E0
2.380186246E1,-4.901706848E0,5.054539032E0,3.192261658E0
2.381188946E1,-4.299060059E0,5.152734833E0,3.072360992E0
2.382191646E1,-3.087479553E0,5.637127533E0,3.323388977E0
2.383194346E1,-1.105750580E0,6.528374176E0,3.786076813E0
2.384197046E1,1.399140472E0,8.007747803E0,4.012855225E0
2.385199846E1,3.719764709E0,9.981393585E0,4.084855499E0
2.386202546E1,4.968018951E0,1.225082428E1,4.396208038E0
2.387205246E1,5.677543488E0,1.501228180E1,5.422773285E0
2.388207946E1,7.149582367E0,1.783735703E1,7.204967194E0
2.389210646E1,1.089120163E1,2.055630295E1,9.000932465E0
2.390213346E1,1.735401215E1,2.283830750E1,1.023990601E1
2.391216046E1,2.502331375E1,2.363704651E1,9.915380859E0
2.392218846E1,3.084111557E1,2.197175949E1,7.286547546E0
2.393221546E1,3.254247757E1,1.901091660E1,3.112627258E0
2.394224246E1,3.056883179E1,1.664942734E1,-7.878117371E-1
2.395226946E1,2.660058380E1,1.521061935E1,-3.443289642E0
2.396229646E1,2.260075150E1,1.376507538E1,-4.189338226E0
2.397232346E1,1.954665253E1,1.191357559E1,-3.746259613E0
2.398235046E1,1.713726288E1,9.598938904E0,-2.896327057E0
2.399237846E1,1.480885483E1,7.012916565E0,-1.889820099E0
2.400240546E1,1.223226288E1,4.689448242E0,-7.863148499E-1
2.401243246E1,9.816885681E0,2.526446228E0,3.694317627E-1
2.402245946E1,7.732769623E0,4.195774841E-1,1.483864288E0
2.403248646E1,5.824238434E0,-1.698218536E0,2.448757782E0
2.404251346E1,4.133055267E0,-3.463946686E0,3.195704498E0
2.405254046E1,3.099903717E0,-4.808001709E0,3.597169647E0
2.406256846E1,2.627785492E0,-6.125861206E0,3.413651276E0
2.407259546E1,2.356699219E0,-7.417076111E0,2.631078644E0
2.408262246E1,2.102078705E0,-8.596772919E0,1.465153198E0
2.409264946E1,1.738335114E0,-9.514813843E0,2.589614868E-1
2.410267646E1,1.144220581E0,-1.014620087E1,-9.039701843E-1
2.411270346E1,1.434017944E-1,-1.029798523E1,-2.029030609E0
2.412273046E1,-1.121916962E0,-1.041399399E1,-3.051853638E0
2.413275846E1,-2.469714203E0,-1.051293823E1,-3.842509460E0
2.414278546E1,-3.306474152E0,-1.055934174E1,-4.087100830E0
2.415281246E1,-3.108136597E0,-1.065663940E1,-3.883823547E0
2.416283946E1,-1.882185974E0,-1.058254349E1,-3.870650940E0
2.417286646E1,1.525328064E-1,-1.032612671E1,-4.373305664E0
2.418289346E1,2.477048950E0,-9.647138672E0,-5.208269348E0
2.419292146E1,4.463118896E0,-8.857380981E0,-6.277196503E0
2.420294846E1,5.677693176E0,-7.576793976E0,-7.042405243E0
2.421297546E1,6.688840485E0,-5.810018005E0,-7.521558838E0
2.422300246E1,9.042545929E0,-3.731739807E0,-8.030949554E0
2.423302946E1,1.503488480E1,-1.878593445E-1,-7.490872650E0
2.424305646E1,2.426035034E1,4.244124298E0,-5.212011566E0
2.425308346E1,3.291924408E1,8.670569458E0,-1.872755585E0
2.426311146E1,3.748325317E1,1.225696152E1,1.343755646E0
2.427313846E1,3.779071381E1,1.411564636E1,3.457659760E0
2.428316546E1,3.522385162E1,1.498234406E1,4.344415741E0
2.429319246E1,3.182561829E1,1.565010544E1,4.313729553E0
2.430321946E1,2.884561523E1,1.580892517E1,3.841611328E0
2.431324646E1,2.620570496E1,1.547526901E1,3.365900574E0
2.432327346E1,2.362567017E1,1.503683075E1,3.066373444E0
2.433330146E1,2.083187988E1,1.443583054E1,2.683918762E0
2.434332846E1,1.748124756E1,1.354009323E1,1.991159363E0
2.435335546E1,1.357826385E1,1.253328690E1,1.547931061E0
2.436338246E1,9.875713348E0,1.154878418E1,2.020198975E0
2.437340946E1,6.862479401E0,1.073747131E1,3.470083923E0
2.438343646E1,4.621190186E0,1.029663803E1,5.187312927E0
2.439346346E1,2.802621918E0,9.955796814E0,6.645131378E0
2.440349146E1,8.634045410E-1,9.666149139E0,7.663463745E0
2.441351846E1,-1.039588165E0,9.385931854E0,8.124954071E0
2.442354546E1,-2.567311249E0,8.959618378E0,8.155191193E0
2.443357246E1,-3.314856720E0,8.555758209E0,7.976163483E0
2.444359946E1,-3.407364349E0,8.280330963E0,7.655530243E0
2.445362646E1,-3.278033295E0,8.047565002E0,6.996001740E0
2.446365346E1,-3.366798706E0,7.592361603E0,6.048621826E0
2.447368146E1,-3.624562683E0,6.948999481E0,5.076094208E0
2.448370846E1,-3.919748840E0,6.212830353E0,4.457580414E0
2.449373546E1,-3.715423737E0,5.628445587E0,4.313130798E0
2.450376246E1,-3.143762512E0,5.107678528E0,4.323309631E0
2.451378946E1,-2.533780975E0,4.848567352E0,4.145479431E0
2.452381696E1,-1.605411530E0,5.099146271E0,3.685036926E0
2.453384396E1,-3.164419556E-1,5.683980103E0,3.175346832E0
2.454387196E1,1.235381012E0,6.646478577E0,2.599793701E0
2.455389896E1,2.735711060E0,8.103548584E0,2.225721588E0
2.456392596E1,4.793481903E0,1.020218445E1,2.680924988E0
2.457395296E1,8.180189209E0,1.234797226E1,4.194727020E0
2.458397996E1,1.271920029E1,1.481454300E1,6.638545074E0
2.459400696E1,1.885628815E1,1.748693573E1,9.182504883E0
2.460403396E1,2.506956757E1,1.894505356E1,1.034813095E1
2.461406196E1,2.839774658E1,1.822864334E1,8.642727356E0
2.462408896E1,2.855761414E1,1.636022873E1,4.536316681E0
2.463411596E1,2.670087524E1,1.465332825E1,6.481521606E-1
2.464414296E1,2.349723724E1,1.336720276E1,-1.675016785E0
2.465416996E1,2.082244949E1,1.219214630E1,-2.325114899E0
2.466419696E1,1.875914017E1,1.079884369E1,-1.892963562E0
2.467422396E1,1.674447968E1,9.083261261E0,-7.481442261E-1
2.468425196E1,1.462144455E1,7.266788635E0,7.493417358E-1
2.469427896E1,1.226579315E1,5.576503601E0,2.333647156E0
2.470430596E1,9.871372375E0,4.080065460E0,3.741020508E0
2.471433296E1,7.890840912E0,2.813998260E0,4.765340424E0
2.472435996E1,6.506819000E0,1.548978882E0,5.309009857E0
2.473438696E1,5.481151886E0,1.442999268E-1,5.210065613E0
2.474441396E1,4.634662170E0,-1.108145599E0,4.394860840E0
2.475444196E1,4.151167603E0,-2.129771118E0,3.013533325E0
2.476446896E1,4.041745148E0,-3.222349091E0,1.403182068E0
2.477449596E1,4.167483673E0,-4.255201263E0,-2.956352234E-1
2.478452296E1,4.348607025E0,-5.083428955E0,-2.030976563E0
2.479454996E1,4.316573639E0,-5.804479523E0,-3.592529297E0
2.480457696E1,3.630250854E0,-6.373446350E0,-4.905449066E0
2.481460496E1,2.243085480E0,-6.635700989E0,-5.975723419E0
2.482463196E1,3.818559265E-1,-6.907535706E0,-6.562203827E0
2.483465896E1,-1.739382935E0,-7.150630188E0,-6.555318146E0
2.484468596E1,-3.577560425E0,-7.452552338E0,-6.242618408E0
2.485471296E1,-4.592150574E0,-7.713160400E0,-5.823639679E0
2.486473996E1,-4.305346985E0,-7.839198303E0,-5.482648773E0
2.487476696E1,-2.183659058E0,-7.791447601E0,-5.483397217E0
2.488479496E1,8.226892090E-1,-7.634124756E0,-5.829028473E0
2.489482196E1,3.431613922E0,-7.085665283E0,-6.181994476E0
2.490484896E1,5.798941040E0,-6.048172760E0,-6.699019318E0
2.491487596E1,8.160430298E0,-4.652624817E0,-7.969726868E0
2.492490296E1,9.497300262E0,-3.129991150E0,-9.474098511E0
2.493492996E1,1.108909012E1,-9.208850098E-1,-9.107061768E0
2.494495696E1,1.511466888E1,2.537373505E0,-5.713319092E0
2.495498496E1,2.274325516E1,6.926845551E0,-1.555864563E0
2.496501196E1,3.173221252E1,1.056817337E1,8.491841125E-1
2.497503896E1,3.791360825E1,1.301663177E1,1.360371094E0
2.498506596E1,3.923985031E1,1.489208176E1,6.014492798E-1
2.499509296E1,3.595702698E1,1.601893845E1,-3.147953796E-1
2.500511996E1,3.078198853E1,1.602477631E1,-4.086502075E-1
2.501514696E1,2.606020752E1,1.532902313E1,-2.392025757E-1
2.502517496E1,2.224194763E1,1.446127762E1,-6.319857788E-1
2.503520196E1,1.875644577E1,1.329639999E1,-1.481169891E0
2.504522896E1,1.495989075E1,1.201730988E1,-2.200124817E0
2.505525596E1,1.096709381E1,1.064526306E1,-2.364183655E0
2.506528296E1,7.438481598E0,9.310189362E0,-1.695075073E0
2.507530996E1,4.673581238E0,8.144862671E0,-2.639012146E-1
2.508533796E1,2.786006470E0,7.388635254E0,1.552870789E0
2.509536496E1,1.479373627E0,6.988367615E0,3.415297852E0
2.510539196E1,3.149450684E-1,6.845863953E0,4.915777588E0
2.511541896E1,-8.512797546E-1,6.925049286E0,5.796096954E0
2.512544596E1,-1.801204376E0,6.935527496E0,6.119424591E0
2.513547296E1,-2.451003113E0,6.912774811E0,5.949677582E0
2.514549996E1,-3.067870331E0,6.820566559E0,5.466183014E0
2.515552796E1,-3.650608521E0,6.738686829E0,4.696034546E0
2.516555496E1,-4.169729004E0,6.755601654E0,3.797902222E0
2.517558196E1,-4.740641785E0,6.680457916E0,2.984194336E0
2.518560896E1,-5.178630981E0,6.527176666E0,2.371668091E0
2.519563596E1,-5.262456665E0,6.331683197E0,2.063758392E0
2.520566296E1,-4.850064240E0,6.190526733E0,2.327509918E0
2.521568996E1,-3.914360046E0,6.614594879E0,2.993175659E0
2.522571796E1,-2.452949066E0,7.164401550E0,3.654799805E0
2.523574496E1,-5.254074097E-1,8.028853912E0,3.917204132E0
2.524577196E1,2.184706879E0,9.868228912E0,3.955225067E0
2.525579896E1,5.202730865E0,1.203332657E1,3.944746857E0
2.526582596E1,7.162006531E0,1.393407394E1,4.124822388E0
2.527585296E1,8.121062164E0,1.578976501E1,4.996010742E0
2.528587996E1,9.497449951E0,1.772898239E1,6.657854919E0
2.529590796E1,1.252699997E1,1.970607101E1,8.269703064E0
2.530593496E1,1.702828949E1,2.085193817E1,9.178313599E0
2.531596196E1,2.120340729E1,2.058324692E1,8.921148376E0
2.532598896E1,2.358944550E1,1.905492508E1,7.157515869E0
2.533601596E1,2.368539597E1,1.690928696E1,4.454886017E0
2.534604296E1,2.238549911E1,1.499267258E1,2.187251587E0
2.535606996E1,2.066362976E1,1.354982300E1,6.535409546E-1
2.536609796E1,1.920865540E1,1.219753510E1,-3.435356140E-1
2.537612496E1,1.773961029E1,1.051982391E1,-9.592053223E-1
2.538615196E1,1.595562012E1,8.625662842E0,-1.384470978E0
2.539617896E1,1.387988663E1,6.662195892E0,-1.557810516E0
2.540620596E1,1.172856033E1,4.964276733E0,-1.350791016E0
2.541623296E1,9.833052063E0,3.543132019E0,-7.834707642E-1
2.542625996E1,8.399782562E0,2.021995239E0,4.984634399E-2
2.543628796E1,7.221432953E0,5.075944519E-1,8.463400269E-1
2.544631496E1,6.253096619E0,-7.692503357E-1,1.467398529E0
2.545634196E1,5.467530212E0,-1.784289551E0,1.875599670E0
2.546636896E1,5.056035919E0,-2.657124481E0,2.152224426E0
2.547639596E1,5.085524597E0,-3.469784546E0,2.260000305E0
2.548642296E1,5.301525421E0,-4.098626862E0,2.250420227E0
2.549645096E1,5.588927765E0,-4.780758362E0,2.034868469E0
2.550647796E1,5.534890137E0,-5.536985779E0,1.497336273E0
2.551650496E1,4.820425873E0,-6.110443268E0,6.801855469E-1
2.552653096E1,3.514092407E0,-6.694678345E0,-2.794688416E-1
2.553655796E1,1.931732941E0,-7.458689575E0,-1.272204437E0
2.554658496E1,1.213975525E-1,-8.089477844E0,-2.173929291E0
2.555661196E1,-1.093625793E0,-8.406368866E0,-3.016527100E0
2.556663996E1,-8.759783936E-1,-8.608598328E0,-3.645219727E0
2.557666696E1,5.746549988E-1,-8.508306885E0,-4.225562897E0
2.558669396E1,3.056643677E0,-8.123307495E0,-5.215903473E0
2.559672096E1,5.480852509E0,-7.465874634E0,-6.736740875E0
2.560674796E1,6.410120087E0,-6.255491638E0,-8.472680969E0
2.561677496E1,5.734425201E0,-4.803361359E0,-1.000399658E1
2.562680196E1,4.944517822E0,-3.197201385E0,-1.054272629E1
2.563682996E1,6.835685120E0,-2.115101624E-1,-9.226663055E0
2.564685696E1,1.319580917E1,4.444557495E0,-6.518045654E0
2.565688396E1,2.272095154E1,9.001830597E0,-4.734354858E0
2.566691096E1,3.184193436E1,1.228285767E1,-4.704566803E0
2.567693796E1,3.624517776E1,1.489133331E1,-5.845943298E0
2.568696496E1,3.460009872E1,1.680660049E1,-7.461383972E0
2.569699196E1,2.967294479E1,1.720836502E1,-8.202792206E0
2.570701996E1,2.527434174E1,1.662068710E1,-7.704478455E0
2.571704696E1,2.222129059E1,1.578377747E1,-6.794071655E0
2.572707396E1,1.975397141E1,1.464719101E1,-6.208639069E0
2.573710096E1,1.690988571E1,1.332858307E1,-5.540877686E0
2.574712796E1,1.336435867E1,1.208571762E1,-4.515060883E0
2.575715496E1,9.670490112E0,1.085602478E1,-2.988834686E0
2.576718196E1,6.665938110E0,9.689500580E0,-8.464897156E-1
2.577720996E1,4.694537659E0,8.703351288E0,1.611399078E0
2.578723696E1,3.345393219E0,8.143515472E0,3.973636780E0
2.579726396E1,2.374661865E0,7.897277527E0,6.001170502E0
2.580729096E1,1.819616089E0,7.855214996E0,7.412286072E0
2.581731796E1,1.778152313E0,7.930807800E0,8.191415863E0
2.582734496E1,1.735940094E0,7.918383636E0,8.100704498E0
2.583737196E1,9.822573853E-1,7.644004211E0,7.177574158E0
2.584739996E1,-2.947370911E-1,7.023245087E0,5.757028198E0
2.585742696E1,-1.708696747E0,6.371799774E0,4.421804810E0
2.586745396E1,-3.002755737E0,5.950126648E0,3.417692871E0
2.587748096E1,-4.008514252E0,5.580096130E0,2.781216431E0
2.588750796E1,-4.451293488E0,5.227728882E0,2.565365295E0
2.589753496E1,-4.121828613E0,5.060227203E0,2.652933197E0
2.590756196E1,-3.340154114E0,5.085674286E0,2.931803284E0
2.591758996E1,-2.774480438E0,5.141208801E0,3.346890106E0
2.592761696E1,-2.177372131E0,5.443879395E0,3.922443237E0
2.593764396E1,-9.867480469E-1,6.021977234E0,4.674629059E0
2.594767096E1,7.161108398E-1,7.012467499E0,5.353617096E0
2.595769796E1,2.268682251E0,8.579409027E0,5.725892944E0
2.596772496E1,3.772904205E0,1.064556244E1,5.719156952E0
2.597775196E1,5.380860443E0,1.277802795E1,6.014343109E0
2.598777996E1,7.315138092E0,1.496542923E1,7.342830505E0
2.599780696E1,1.002375549E1,1.705792786E1,9.692045288E0
2.600783396E1,1.437011719E1,1.927017746E1,1.209634552E1
2.601786096E1,2.029150360E1,2.026845154E1,1.266082169E1
2.602788796E1,2.576367416E1,1.956506424E1,1.054646851E1
2.603791496E1,2.827245712E1,1.757824585E1,5.942193146E0
2.604794196E1,2.748225037E1,1.529519348E1,9.071136475E-1
2.605796896E1,2.475192810E1,1.386491776E1,-3.441343689E0
2.606799696E1,2.167298080E1,1.244586868E1,-6.345604248E0
2.607802396E1,1.952659424E1,1.026310776E1,-7.014114075E0
2.608805096E1,1.737451950E1,8.163424072E0,-6.087391205E0
2.609807796E1,1.451336929E1,6.451883240E0,-4.299359436E0
2.610810496E1,1.157872192E1,4.622986450E0,-2.075434113E0
2.611813196E1,8.791667633E0,2.689906311E0,1.067280579E-1
2.612815996E1,6.417155457E0,1.072369995E0,2.110461273E0
2.613818696E1,4.836442566E0,-5.089416504E-2,3.840413818E0
2.614821396E1,4.089495850E0,-1.065783691E0,4.889731750E0
2.615824096E1,3.922293549E0,-2.192790070E0,5.265899506E0
2.616826796E1,4.181554413E0,-3.229833527E0,4.833598480E0
2.617829496E1,4.300107880E0,-4.306694183E0,3.532504120E0
2.618832196E1,4.127666473E0,-5.353168030E0,1.977388000E0
2.619834896E1,3.841611328E0,-6.283782806E0,3.155438232E-1
2.620837696E1,3.097508698E0,-6.998546448E0,-1.315165100E0
2.621840396E1,1.864971771E0,-7.372917938E0,-2.795736237E0
2.622843096E1,3.980223083E-1,-7.606731720E0,-4.080514526E0
2.623845796E1,-1.099613342E0,-7.910150757E0,-5.071453857E0
2.624848496E1,-2.127076721E0,-8.138276367E0,-5.547613678E0
2.625851196E1,-2.117796021E0,-8.224946136E0,-5.688321075E0
2.626853896E1,-8.078700256E-1,-8.135282593E0,-5.754184113E0
2.627856696E1,1.285377045E0,-8.060438232E0,-5.926775208E0
2.628859396E1,3.722459106E0,-7.865244141E0,-6.193969574E0
2.629862096E1,5.576353912E0,-7.450756073E0,-6.256389771E0
2.630864796E1,7.222480774E0,-6.716682587E0,-6.147117004E0
2.631867496E1,7.838749237E0,-5.665568390E0,-6.329437866E0
2.632870196E1,7.423961792E0,-4.177213440E0,-6.468947754E0
2.633872896E1,6.791377258E0,-1.896855469E0,-5.827232208E0
2.634875696E1,8.798703003E0,1.862576752E0,-3.489393768E0
2.635878396E1,1.580488358E1,6.678511963E0,-1.663041687E-1
2.636881096E1,2.627231644E1,1.109133545E1,2.240241394E0
2.637883796E1,3.562621490E1,1.421893158E1,2.919379120E0
2.638886496E1,3.972588959E1,1.656590103E1,1.829794922E0
2.639889196E1,3.679827759E1,1.874327316E1,-2.320175171E-2
2.640891896E1,3.026152084E1,1.967852829E1,-9.159452820E-1
2.641894596E1,2.452679626E1,1.929487610E1,-7.092251587E-1
2.642897396E1,2.102363113E1,1.831396591E1,-5.224136353E-1
2.643900096E1,1.887739426E1,1.672142761E1,-6.569837952E-1
2.644902796E1,1.632669846E1,1.496393234E1,-9.087602234E-1
2.645905496E1,1.267953278E1,1.352826782E1,-8.247848511E-1
2.646908196E1,8.669521637E0,1.206386307E1,-1.932481384E-1
2.647910896E1,5.090913391E0,1.050919601E1,1.085243225E0
2.648913596E1,2.371219025E0,9.272916870E0,2.791395264E0
2.649916396E1,5.655239868E-1,8.447084198E0,4.421505432E0
2.650919096E1,-5.975573730E-1,7.933352509E0,5.631289673E0
2.651921883E1,-1.341360626E0,7.536228333E0,6.173611908E0
2.652924583E1,-1.659000092E0,7.118596802E0,6.161636810E0
2.653927283E1,-1.980082397E0,6.746620331E0,5.694009247E0
2.654929983E1,-2.451152802E0,6.411916351E0,4.686454468E0
2.655932683E1,-2.900069275E0,6.041736145E0,3.615132294E0
2.656935483E1,-3.075205078E0,5.671106873E0,2.789898376E0
2.657938183E1,-3.019969940E0,5.430706787E0,2.138003998E0
2.658940883E1,-2.945874023E0,5.179828491E0,1.645228729E0
2.659943583E1,-2.937790833E0,4.834945679E0,1.333127747E0
2.660946283E1,-2.971470795E0,4.461322632E0,1.330732727E0
2.661948983E1,-2.988684998E0,4.347110138E0,1.833237762E0
2.662951683E1,-2.793939972E0,4.615052948E0,2.733765106E0
2.663954383E1,-2.049987030E0,5.245242462E0,3.556454315E0
2.664957183E1,-1.863624573E-1,6.582561493E0,3.922742615E0
2.665959883E1,2.340832214E0,8.665779419E0,3.862268372E0
2.666962583E1,4.870571594E0,1.132844238E1,3.752247162E0
2.667965283E1,7.028184814E0,1.416234924E1,3.722459106E0
2.668967983E1,9.141939240E0,1.704460556E1,4.308191071E0
2.669970683E1,1.225142303E1,1.992147308E1,6.063291321E0
2.670973383E1,1.671304504E1,2.221575211E1,8.350235596E0
2.671976083E1,2.173944260E1,2.347044296E1,9.317075043E0
2.672978883E1,2.623938492E1,2.271017395E1,7.672295380E0
2.673981583E1,2.834266113E1,2.010708710E1,3.751648407E0
2.674984283E1,2.758643372E1,1.744113098E1,-7.800279236E-1
2.675986983E1,2.465717514E1,1.545895294E1,-4.535717926E0
2.676989683E1,2.153227341E1,1.363828903E1,-6.116580505E0
2.677992383E1,1.919114182E1,1.141451340E1,-5.328469391E0
2.678995083E1,1.708861404E1,8.939260712E0,-3.369792480E0
2.679997883E1,1.444825470E1,6.405479736E0,-1.474882965E0
2.681000583E1,1.141900406E1,3.908971252E0,5.688171387E-3
2.682003283E1,8.481662292E0,1.732646942E0,1.252146149E0
2.683005983E1,6.071973267E0,-1.106199646E-1,2.458487549E0
2.684008683E1,4.380490723E0,-1.741328888E0,3.619772644E0
2.685011383E1,3.291205902E0,-3.019670563E0,4.401746521E0
2.686014083E1,2.612816620E0,-4.097579041E0,4.321363678E0
2.687016783E1,2.284848633E0,-5.234913940E0,3.296145630E0
2.688019583E1,2.177970886E0,-6.229595490E0,1.702858887E0
2.689022283E1,2.155517578E0,-7.027136993E0,8.891510010E-2
2.690024983E1,2.065704346E0,-7.509134674E0,-1.439406738E0
2.691027683E1,1.874851227E0,-7.780670013E0,-2.891087952E0
2.692030383E1,1.401834869E0,-7.977810059E0,-4.295766907E0
2.693033083E1,1.905537415E-1,-8.185877380E0,-5.459596710E0
2.694035783E1,-1.285826111E0,-8.493038635E0,-6.128854980E0
2.695038583E1,-2.394720154E0,-8.759634247E0,-6.167025604E0
2.696041283E1,-2.529589691E0,-8.774603119E0,-5.745951233E0
2.697043983E1,-1.222358093E0,-8.573271790E0,-5.252577209E0
2.698046683E1,9.282197571E-1,-8.256680145E0,-4.903652802E0
2.699049383E1,3.510948944E0,-7.726183319E0,-4.860841827E0
2.700052083E1,5.818250885E0,-6.866071930E0,-4.880750427E0
2.701054783E1,7.112758942E0,-5.221741333E0,-4.961582336E0
2.702057483E1,6.957531738E0,-3.281925201E0,-5.297633514E0
2.703060283E1,7.442822571E0,-1.027164001E0,-5.456602936E0
2.704062983E1,1.086919739E1,2.218985596E0,-4.247716827E0
2.705065683E1,1.813838104E1,6.712491302E0,-1.830243988E0
2.706068383E1,2.768672516E1,1.121961868E1,-1.586700439E-1
2.707071083E1,3.554553268E1,1.450573517E1,1.038839722E-1
2.708073783E1,3.826492767E1,1.656590103E1,-7.134164429E-1
2.709076483E1,3.533072937E1,1.803539520E1,-1.432371368E0
2.710079183E1,2.990720764E1,1.841425735E1,-7.708969116E-1
2.711081983E1,2.528781372E1,1.805844727E1,4.254153442E-1
2.712084683E1,2.210528183E1,1.757076141E1,9.053173828E-1
2.713087383E1,1.970217911E1,1.673220520E1,3.273692322E-1
2.714090083E1,1.712199463E1,1.554352707E1,-7.206015015E-1
2.715092783E1,1.380414413E1,1.426383820E1,-1.407972107E0
2.716095483E1,1.015578094E1,1.293160858E1,-1.267115021E0
2.717098183E1,6.930887146E0,1.159114609E1,-2.835104370E-1
2.718100883E1,4.365072784E0,1.042911255E1,1.083896027E0
2.719103683E1,2.465971985E0,9.562414856E0,2.540217590E0
2.720106383E1,1.096020813E0,9.041348419E0,3.844455414E0
2.721109083E1,2.350112915E-1,8.737630005E0,4.705315247E0
2.722111783E1,-1.095721436E-1,8.451874237E0,4.896018677E0
2.723114483E1,-3.177891541E-1,8.090525665E0,4.607269135E0
2.724117183E1,-4.592449951E-1,7.663763123E0,4.046834564E0
2.725119883E1,-8.056246948E-1,7.241491241E0,3.384312286E0
2.726122583E1,-1.451531525E0,6.773863678E0,2.785557404E0
2.727125383E1,-2.244133301E0,6.179300079E0,2.486030273E0
2.728128083E1,-2.810854797E0,5.522615662E0,2.569257202E0
2.729130783E1,-3.139421539E0,4.886139221E0,2.820285187E0
2.730133483E1,-3.510499878E0,4.384232941E0,3.143762512E0
2.731136183E1,-3.760180664E0,4.007167053E0,3.578608246E0
2.732138883E1,-3.639082489E0,3.772754517E0,4.119283905E0
2.733141583E1,-2.892734528E0,4.129163361E0,4.581522675E0
2.734144383E1,-1.645827484E0,4.909640350E0,4.544100494E0
2.735147083E1,3.498225403E-1,6.071823578E0,3.841611328E0
2.736149783E1,2.486030273E0,7.580985260E0,2.804567871E0
2.737152483E1,4.119433594E0,9.551637268E0,2.040257263E0
2.738155183E1,5.233566742E0,1.206191711E1,2.381098480E0
2.739157883E1,6.716832275E0,1.472413101E1,4.052971802E0
2.740160583E1,1.019320312E1,1.737481888E1,6.377787323E0
2.741163283E1,1.603735016E1,1.990321106E1,8.344846802E0
2.742166083E1,2.226574814E1,2.109233826E1,8.618627472E0
2.743168783E1,2.628503998E1,1.991353958E1,6.241271210E0
2.744171483E1,2.693184494E1,1.783361481E1,2.040406952E0
2.745174183E1,2.556054657E1,1.666155212E1,-2.156266022E0
2.746176883E1,2.371189087E1,1.619661896E1,-5.370382233E0
2.747179583E1,2.291225372E1,1.562136520E1,-6.803352356E0
2.748182283E1,2.247441422E1,1.437864944E1,-6.556515656E0
2.749184983E1,2.084190903E1,1.221699463E1,-5.175188141E0
2.750187683E1,1.752211258E1,9.569749603E0,-3.124752045E0
2.751190483E1,1.317500244E1,6.881340179E0,-8.587641907E-1
2.752193137E1,8.865913239E0,4.231251068E0,1.308728485E0
2.753195837E1,5.426964569E0,2.323019257E0,3.384162598E0
2.754198537E1,3.525768127E0,1.194665680E0,5.025499420E0
2.755201238E1,3.285368042E0,3.824546814E-1,5.638624420E0
2.756203937E1,3.952830048E0,-5.701643372E-1,4.901407471E0
2.757206637E1,4.704417114E0,-1.650018768E0,3.112627258E0
2.758209438E1,5.121300201E0,-2.731220398E0,1.250798950E0
2.759212137E1,5.142406311E0,-3.972888336E0,-4.640350342E-1
2.760214837E1,4.854105835E0,-5.341791687E0,-2.016905823E0
2.761217537E1,4.136198730E0,-6.513105927E0,-3.312910767E0
2.762220238E1,2.680326233E0,-7.413333893E0,-4.249812469E0
2.763222937E1,4.623884583E-1,-8.186326447E0,-4.725672913E0
2.764225637E1,-1.820065155E0,-8.960366821E0,-4.700824585E0
2.765228337E1,-3.499422913E0,-9.457333374E0,-4.255051575E0
2.766231137E1,-3.701802063E0,-9.732311554E0,-3.700604553E0
2.767233837E1,-2.575693817E0,-9.672136688E0,-3.263513489E0
2.768236538E1,-3.456312561E-1,-9.305549011E0,-3.205733643E0
2.769239238E1,2.079026642E0,-8.754694519E0,-3.648512878E0
2.770241937E1,4.182602234E0,-7.986192627E0,-4.500092010E0
2.771244637E1,5.714965668E0,-6.954088898E0,-5.641169128E0
2.772247338E1,5.428012390E0,-5.778583374E0,-6.706204376E0
2.773250038E1,3.750001831E0,-4.291126556E0,-7.115453339E0
2.774252837E1,3.661535797E0,-1.636247406E0,-6.136040039E0
2.775255538E1,8.544232178E0,3.033890991E0,-3.758833466E0
2.776258237E1,1.855242004E1,9.058562622E0,-1.453477478E0
2.777260937E1,3.057017899E1,1.497411118E1,-2.538720703E-1
2.778263637E1,3.925721420E1,1.907423492E1,-3.456312561E-1
2.779266338E1,4.153427902E1,2.208791794E1,-1.387913818E0
2.780269037E1,3.762470901E1,2.381337982E1,-2.438728638E0
2.781271737E1,3.155842392E1,2.373554169E1,-2.609373779E0
2.782274437E1,2.602607849E1,2.244597336E1,-2.478845215E0
2.783277237E1,2.115401001E1,2.068683151E1,-3.007994843E0
2.784279937E1,1.687021820E1,1.842473557E1,-4.126019897E0
2.785282637E1,1.290301804E1,1.587972794E1,-4.766987000E0
2.786285338E1,9.167386322E0,1.335118607E1,-4.156855774E0
2.787288037E1,5.425018616E0,1.085617447E1,-2.314636688E0
2.788290737E1,2.064806213E0,8.769962769E0,2.933898926E-1
2.789293437E1,-6.201603699E-1,7.326514435E0,3.293301544E0
2.790296138E1,-2.742596741E0,6.414461060E0,6.038293304E0
2.791298937E1,-4.348457336E0,6.024222565E0,7.974067841E0
2.792301638E1,-5.325625305E0,5.640270996E0,8.812324677E0
2.793304338E1,-5.575455780E0,5.226681061E0,8.678652649E0
2.794307037E1,-5.125341797E0,4.977748718E0,7.589966583E0
2.795309737E1,-4.471052399E0,4.607568512E0,5.708978119E0
2.796312438E1,-3.974684601E0,4.278552704E0,3.897295532E0
2.797315138E1,-3.746558990E0,4.104614410E0,2.572550354E0
2.798317837E1,-4.077820129E0,3.946692810E0,1.729204102E0
2.799320638E1,-4.782854004E0,3.474424896E0,1.464853821E0
2.800323337E1,-5.371280365E0,2.925666046E0,1.570983124E0
2.801326037E1,-5.729335785E0,2.872526550E0,1.947749634E0
2.802328737E1,-5.707630920E0,3.362008667E0,2.449356537E0
2.803331438E1,-4.747677155E0,4.282145233E0,2.852318573E0
2.804334137E1,-2.619702301E0,5.502557373E0,2.928959198E0
2.805336837E1,3.502716064E-2,7.513475647E0,3.043022003E0
2.806339537E1,2.515668640E0,1.001402573E1,3.154989166E0
2.807342238E1,4.318369904E0,1.238090378E1,3.298540649E0
2.808345037E1,5.145699463E0,1.511811172E1,4.402944031E0
2.809347737E1,6.908134460E0,1.860481110E1,6.740333405E0
2.810350438E1,1.109717331E1,2.199855377E1,9.196575623E0
2.811353137E1,1.622476044E1,2.432576431E1,1.063014450E1
2.812355837E1,2.050136719E1,2.522239975E1,9.833650818E0
2.813358537E1,2.322061249E1,2.432097427E1,6.360273743E0
2.814361238E1,2.368045624E1,2.219284973E1,1.510359192E0
2.815363937E1,2.247142044E1,2.036649765E1,-3.096760254E0
2.816366738E1,2.090103607E1,1.863834137E1,-6.241570587E0
2.817369438E1,1.962419128E1,1.675959824E1,-7.054679718E0
2.818372137E1,1.817325851E1,1.441352692E1,-5.783672791E0
2.819374837E1,1.567645065E1,1.156330399E1,-3.475472717E0
2.820377538E1,1.230620911E1,8.688681793E0,-1.034798126E0
2.821380238E1,9.090745697E0,5.911956024E0,1.353335724E0
2.822382937E1,6.592590637E0,3.314557343E0,3.587739258E0
2.823385637E1,5.010680237E0,1.288819885E0,5.418881378E0
2.824388337E1,4.332440643E0,-4.423301697E-1,6.388714600E0
2.825391137E1,4.345313873E0,-2.038011932E0,6.129902802E0
2.826393837E1,4.731660461E0,-3.445834351E0,4.564308472E0
2.827396538E1,5.110223236E0,-4.648882599E0,2.364932098E0
2.828399237E1,5.203179932E0,-5.627846832E0,3.242257690E-1
2.829401937E1,4.826413422E0,-6.368057556E0,-1.261576538E0
2.830404637E1,3.871399384E0,-6.938970337E0,-2.381547546E0
2.831407338E1,2.699336700E0,-7.469018097E0,-3.036884766E0
2.832410038E1,1.357976074E0,-7.801327057E0,-3.553759918E0
2.833412837E1,-1.107696533E-1,-8.020171967E0,-3.865860901E0
2.834415538E1,-1.453926544E0,-8.048612823E0,-3.811972961E0
2.835418237E1,-2.163900146E0,-7.664960632E0,-3.809577942E0
2.836420937E1,-1.739981689E0,-7.049590302E0,-4.043092346E0
2.837423637E1,2.020797729E-1,-6.324049072E0,-4.561165009E0
2.838426338E1,3.255579987E0,-5.278173981E0,-5.125940552E0
2.839429037E1,6.775210876E0,-3.843706970E0,-5.778134308E0
2.840431737E1,9.396859131E0,-2.464774475E0,-6.949747925E0
2.841434538E1,1.010159363E1,-1.115779724E0,-8.280181274E0
2.842437237E1,9.089697876E0,2.097138977E-1,-8.800050201E0
2.843439937E1,7.976313171E0,1.629361725E0,-7.487878876E0
2.844442638E1,9.261091461E0,3.931873627E0,-4.395459595E0
2.845445338E1,1.357766510E1,7.121740265E0,-1.149309998E0
2.846448037E1,2.005170227E1,1.017883301E1,1.040935364E0
2.847450737E1,2.649131104E1,1.253702911E1,1.683698730E0
2.848453437E1,3.000630157E1,1.477742020E1,1.156794434E0
2.849456237E1,2.995885025E1,1.692665085E1,3.264710999E-1
2.850458937E1,2.730142639E1,1.773586807E1,-2.110610962E-1
2.851461638E1,2.371653122E1,1.756642044E1,-4.788542175E-1
2.852464350E1,2.043924637E1,1.715058517E1,-1.522334290E0
2.853467050E1,1.788974808E1,1.640588379E1,-3.595223694E0
2.854469750E1,1.552855820E1,1.517783752E1,-5.640270996E0
2.855472450E1,1.275347900E1,1.376163254E1,-6.664141846E0
2.856475150E1,9.891280975E0,1.241188934E1,-6.144721985E0
2.857477950E1,7.341034241E0,1.110181366E1,-4.341871033E0
2.858480650E1,5.098846893E0,9.970915375E0,-2.367177429E0
2.859483350E1,3.243904266E0,8.940607910E0,-4.102967834E-1
2.860486050E1,1.608854370E0,8.170609131E0,1.579665070E0
2.861488750E1,1.957928467E-1,7.698341217E0,3.372337189E0
2.862491450E1,-9.060658264E-1,7.344626770E0,4.726870422E0
2.863494150E1,-1.608405304E0,7.001540222E0,5.578599243E0
2.864496850E1,-2.226170654E0,6.550228729E0,5.884712677E0
2.865499550E1,-2.774480438E0,6.047274628E0,5.776936798E0
2.866502350E1,-3.221600647E0,5.701194305E0,5.359305267E0
2.867505050E1,-3.743116150E0,5.437143402E0,4.700974274E0
2.868507750E1,-4.205654297E0,5.050946503E0,4.002227325E0
2.869510450E1,-4.233795776E0,4.629123688E0,3.522474976E0
2.870513150E1,-4.085154877E0,4.517306213E0,3.275189209E0
2.871515850E1,-3.678600311E0,4.829407196E0,3.252436523E0
2.872518550E1,-2.790497131E0,5.401816864E0,3.321892090E0
2.873521250E1,-1.272503815E0,6.389762421E0,3.421734467E0
2.874524050E1,1.403331757E0,7.823930054E0,3.278033295E0
2.875526750E1,4.537214813E0,9.564510498E0,3.057990875E0
2.876529450E1,7.494914246E0,1.183723434E1,3.054697723E0
2.877532150E1,9.693991241E0,1.435215454E1,3.586541748E0
2.878534850E1,1.106858276E1,1.673534866E1,5.098397827E0
2.879537550E1,1.341091187E1,1.927257248E1,7.453899536E0
2.880540250E1,1.704685089E1,2.067530548E1,9.121431885E0
2.881542950E1,2.041619431E1,2.071407486E1,8.776848450E0
2.882545750E1,2.279998718E1,1.929472641E1,5.800886993E0
2.883548450E1,2.302122711E1,1.718860611E1,1.438059540E0
2.884551150E1,2.115939880E1,1.548080750E1,-2.781964874E0
2.885553850E1,1.897559006E1,1.467293747E1,-5.571863251E0
2.886556550E1,1.776221329E1,1.438314011E1,-6.228098602E0
2.887559250E1,1.721210724E1,1.357227631E1,-5.278173981E0
2.888561950E1,1.620589966E1,1.189261917E1,-3.853287048E0
2.889564650E1,1.407657761E1,9.928403778E0,-2.437381439E0
2.890567450E1,1.131661697E1,7.853119354E0,-1.049617310E0
2.891570150E1,8.657995605E0,5.755231934E0,2.836601257E-1
2.892572850E1,6.451733551E0,3.940106506E0,1.571132813E0
2.893575550E1,5.008135529E0,2.437830505E0,2.645748138E0
2.894578250E1,4.306544495E0,1.020877075E0,3.210823059E0
2.895580950E1,3.761827240E0,-4.939727783E-1,3.105442200E0
2.896583650E1,3.191213837E0,-2.043101349E0,2.417023773E0
2.897586350E1,2.920426941E0,-3.435356140E0,1.506916351E0
2.898589150E1,2.955903168E0,-4.615052948E0,5.125341797E-1
2.899591850E1,3.235222321E0,-5.704936523E0,-4.704716492E-1
2.900594550E1,3.602259064E0,-6.496490479E0,-1.490600281E0
2.901597250E1,3.239712982E0,-7.055428162E0,-2.556084595E0
2.902599950E1,1.735940094E0,-7.535030823E0,-3.456312561E0
2.903602650E1,-2.595602417E-1,-8.015381927E0,-3.861669617E0
2.904605350E1,-1.811981964E0,-8.351732483E0,-3.981121216E0
2.905608050E1,-2.442321167E0,-8.466394043E0,-4.103267212E0
2.906610850E1,-1.723366241E0,-8.372838593E0,-4.360731812E0
2.907613550E1,6.011499023E-1,-7.885003052E0,-4.579427032E0
2.908616250E1,4.030967560E0,-6.866820374E0,-4.779411163E0
2.909618950E1,7.596403198E0,-5.384752350E0,-5.334756317E0
2.910621650E1,9.936636658E0,-3.926933899E0,-6.268963623E0
2.911624350E1,9.573641510E0,-2.070943451E0,-6.660699005E0
2.912627050E1,7.812703400E0,-1.121168518E-1,-5.857768707E0
2.913629750E1,7.331603851E0,2.292482758E0,-4.289030914E0
2.914632550E1,1.044961990E1,5.849835205E0,-2.734962616E0
2.915635250E1,1.651006714E1,9.324559479E0,-1.900747375E0
2.916637950E1,2.344529526E1,1.199710190E1,-1.961820374E0
2.917640650E1,2.894051788E1,1.411100601E1,-2.853965149E0
2.918643350E1,3.113869675E1,1.610545853E1,-3.761378174E0
2.919646050E1,2.974748978E1,1.779334854E1,-3.590583344E0
2.920648750E1,2.664788544E1,1.821382416E1,-2.837200012E0
2.921651450E1,2.327075821E1,1.794303726E1,-2.589016113E0
2.922654150E1,2.052082672E1,1.760084885E1,-3.048111420E0
2.923656950E1,1.864777176E1,1.703113358E1,-3.731590118E0
2.924659650E1,1.676947769E1,1.599244354E1,-4.328249359E0
2.925662350E1,1.416519333E1,1.452863754E1,-4.394112396E0
2.926665050E1,1.096978821E1,1.284029846E1,-3.587888947E0
2.927667750E1,7.782466278E0,1.113594269E1,-2.035317535E0
2.928670450E1,4.985233154E0,9.544003143E0,-2.486329651E-1
2.929673150E1,2.618953857E0,8.200546875E0,1.412762146E0
2.930675850E1,6.132746887E-1,7.204218750E0,2.801274719E0
2.931678650E1,-8.309220886E-1,6.308481445E0,3.821702728E0
2.932681350E1,-1.755998383E0,5.610932007E0,4.496200104E0
2.933684050E1,-2.366578674E0,5.128185883E0,4.894372101E0
2.934686750E1,-2.764151917E0,4.671186218E0,5.053042145E0
2.935689450E1,-3.147804108E0,4.408332825E0,5.083279266E0
2.936692150E1,-3.511248322E0,4.261338501E0,5.004393311E0
2.937694850E1,-4.012705536E0,4.168082428E0,4.908143463E0
2.938697550E1,-4.681215363E0,3.917802887E0,4.851561127E0
2.939700250E1,-5.348677368E0,3.671714630E0,4.818928986E0
2.940703050E1,-5.716312866E0,3.614533539E0,4.919519806E0
2.941705750E1,-5.388195190E0,4.038901062E0,5.119953003E0
2.942708450E1,-4.020639038E0,4.824317780E0,4.994214478E0
2.943711150E1,-2.295775909E0,5.552104340E0,4.288432159E0
2.944713850E1,-3.210823059E-1,6.619085541E0,3.545527039E0
2.945716550E1,1.920805664E0,8.378377075E0,3.186423798E0
2.946719250E1,3.853137360E0,1.077070221E1,3.510799255E0
2.947721950E1,6.203399963E0,1.387928787E1,4.345313873E0
2.948724750E1,8.947343903E0,1.636352188E1,5.392985229E0
2.949727450E1,1.224543549E1,1.825154572E1,6.578968964E0
2.950730150E1,1.656036255E1,2.021531204E1,7.674840088E0
2.951732850E1,2.202220459E1,2.188314377E1,7.447911987E0
2.952735546E1,2.637754761E1,2.090672424E1,4.495751038E0
2.953738246E1,2.723646149E1,1.817056412E1,-3.993695068E-1
2.954740946E1,2.516342239E1,1.590891724E1,-5.262157288E0
2.955743646E1,2.231379822E1,1.474927872E1,-8.417146454E0
2.956746346E1,2.030841843E1,1.374651398E1,-9.135352936E0
2.957749146E1,1.887724457E1,1.211879883E1,-8.090675354E0
2.958751846E1,1.698398163E1,9.829160156E0,-6.018534393E0
2.959754546E1,1.418689819E1,7.373965759E0,-3.222049713E0
2.960757246E1,1.094119766E1,4.934039612E0,-2.528242493E-1
2.961759946E1,7.984396362E0,2.726580048E0,2.720143433E0
2.962762646E1,5.807772675E0,9.837542725E-1,5.277575226E0
2.963765346E1,4.531227264E0,-4.207749939E-1,6.746620331E0
2.964768046E1,4.044140167E0,-1.836680603E0,6.761589203E0
2.965770846E1,3.943399658E0,-3.139571228E0,5.240602112E0
2.966773546E1,4.049678650E0,-4.221072235E0,2.933599548E0
2.967776246E1,4.614454193E0,-5.007536774E0,6.306385803E-1
2.968778946E1,5.517975311E0,-5.497018890E0,-1.402583313E0
2.969781646E1,5.770649872E0,-6.038442993E0,-3.063229980E0
2.970784346E1,5.003794556E0,-6.325096893E0,-4.284540253E0
2.971787046E1,3.195704498E0,-6.816524963E0,-5.037025452E0
2.972789746E1,9.190887451E-1,-7.381749573E0,-5.193450165E0
2.973792446E1,-1.061742096E0,-7.902816010E0,-4.972808990E0
2.974795246E1,-2.369722137E0,-8.373437347E0,-4.620591431E0
2.975797946E1,-2.332898712E0,-8.538094940E0,-4.453838196E0
2.976800646E1,-4.333488464E-1,-8.260122986E0,-4.503534851E0
2.977803346E1,2.919379120E0,-7.667056274E0,-5.061724091E0
2.978806046E1,5.429658966E0,-6.847360840E0,-5.962101746E0
2.979808746E1,6.480024719E0,-5.650300140E0,-6.746171265E0
2.980811446E1,6.196065216E0,-4.405189362E0,-7.108118591E0
2.981814146E1,4.878654785E0,-2.671644287E0,-6.807543640E0
2.982816946E1,5.277275848E0,1.615141296E-1,-5.589526520E0
2.983819646E1,9.981243896E0,4.160298615E0,-3.441493378E0
2.984822346E1,1.885898254E1,8.883875885E0,-1.810335388E0
2.985825046E1,2.921998672E1,1.252191055E1,-1.951042786E0
2.986827746E1,3.564672226E1,1.468895416E1,-3.286415863E0
2.987830446E1,3.605716873E1,1.619841522E1,-4.597239990E0
2.988833146E1,3.232198608E1,1.693922470E1,-4.732109528E0
2.989835846E1,2.783925797E1,1.659703629E1,-3.862118683E0
2.990838546E1,2.425091995E1,1.593645996E1,-3.578458557E0
2.991841346E1,2.150473068E1,1.492246857E1,-4.194876709E0
2.992844046E1,1.864911896E1,1.353201004E1,-4.679718475E0
2.993846746E1,1.491992386E1,1.209454926E1,-4.451892242E0
2.994849446E1,1.083446960E1,1.075648178E1,-3.430117035E0
2.995852146E1,7.080725555E0,9.593250732E0,-1.822310486E0
2.996854846E1,4.233496399E0,8.592431946E0,-3.442840576E-3
2.997857546E1,2.286046143E0,7.853568420E0,1.776056671E0
2.998860246E1,9.711804199E-1,7.473508759E0,3.378175049E0
2.999862946E1,9.610015869E-2,7.344028015E0,4.646936646E0
3.000865746E1,-4.766088867E-1,7.348518677E0,5.310057678E0
3.001868446E1,-8.442443848E-1,7.350764008E0,5.293891296E0
3.002871146E1,-1.478176117E0,7.255561981E0,4.836741943E0
3.003873846E1,-2.408491516E0,6.904392242E0,4.205654297E0
3.004876546E1,-3.311413879E0,6.525230713E0,3.576063538E0
3.005879246E1,-3.833378448E0,6.259982300E0,3.131637726E0
3.006881946E1,-3.957620087E0,5.988896027E0,2.902164917E0
3.007884646E1,-3.845203857E0,5.703589325E0,2.782264252E0
3.008887346E1,-3.838767242E0,5.326673126E0,2.867437134E0
3.009890146E1,-3.783831482E0,5.301974487E0,3.183130646E0
3.010892846E1,-3.461851044E0,5.749094696E0,3.604504395E0
3.011895546E1,-2.398013306E0,6.588249664E0,4.086502075E0
3.012898246E1,-3.264710999E-1,7.752378845E0,4.617298279E0
3.013900946E1,2.817590790E0,9.648485870E0,5.190306702E0
3.014903646E1,6.839876404E0,1.243479172E1,5.494324493E0
3.015906346E1,1.061846878E1,1.518157974E1,5.384452972E0
3.016909046E1,1.336869965E1,1.740520569E1,5.339246979E0
3.017911746E1,1.583706665E1,1.884910309E1,5.548960876E0
3.018914546E1,1.828971634E1,1.977013779E1,5.767057343E0
3.019917246E1,2.048699707E1,1.981309845E1,4.876708832E0
3.020919946E1,2.221200989E1,1.869148087E1,2.582579498E0
3.021922646E1,2.306179276E1,1.696482147E1,-2.676434326E-1
3.022925346E1,2.284983353E1,1.496228577E1,-2.925666046E0
3.023928046E1,2.168675217E1,1.353485413E1,-4.892575836E0
3.024930746E1,2.018791901E1,1.217074081E1,-5.547763367E0
3.025933446E1,1.839315125E1,1.021326141E1,-4.662653961E0
3.026936146E1,1.600127518E1,7.966733093E0,-2.881208496E0
3.027938946E1,1.296439041E1,5.762117615E0,-1.086740112E0
3.028941646E1,9.767488403E0,3.714226227E0,4.782554626E-1
3.029944346E1,6.934479675E0,2.061812439E0,2.060016174E0
3.030947046E1,5.066663818E0,8.699908447E-1,3.540587311E0
3.031949746E1,4.345613251E0,-1.860630798E-1,4.498744812E0
3.032952446E1,4.266278229E0,-1.295705566E0,4.701722717E0
3.033955146E1,4.251009979E0,-2.562221832E0,4.108955383E0
3.034957846E1,4.391867065E0,-3.615132294E0,2.954256592E0
3.035960546E1,4.707859955E0,-4.492008820E0,1.754202118E0
3.036963346E1,5.098098450E0,-5.105133820E0,7.210505676E-1
3.037966046E1,5.305117950E0,-5.618715820E0,-2.908451843E-1
3.038968746E1,4.960833893E0,-6.015540619E0,-1.470691681E0
3.039971446E1,4.110452271E0,-6.376589813E0,-2.726580048E0
3.040974146E1,3.026855621E0,-6.826554108E0,-3.972139893E0
3.041976846E1,2.090552673E0,-7.107669525E0,-5.090464325E0
3.042979546E1,1.425785065E0,-7.332951050E0,-6.019731903E0
3.043982246E1,9.659413147E-1,-7.586523743E0,-6.659651184E0
3.044984946E1,9.196875000E-1,-7.885601807E0,-7.048542480E0
3.045987746E1,1.375339966E0,-7.753127289E0,-7.198530579E0
3.046990446E1,2.678380280E0,-7.170987854E0,-7.124434662E0
3.047993146E1,4.971012726E0,-6.396797791E0,-7.107370148E0
3.048995846E1,6.873556366E0,-5.108426971E0,-7.517068176E0
3.049998546E1,7.852221222E0,-3.232827301E0,-8.356821899E0
3.051001246E1,9.113049316E0,-9.355545044E-1,-8.657247162E0
3.052003946E1,1.190145081E1,1.518442383E0,-6.922953644E0
3.053006658E1,1.734922211E1,4.539759521E0,-3.755240936E0
3.054009358E1,2.436782684E1,7.534881134E0,-9.234297180E-1
3.055012158E1,2.999193146E1,1.031534912E1,1.250499573E0
3.056014858E1,3.270653641E1,1.294283524E1,2.251767426E0
3.057017558E1,3.223905853E1,1.509984970E1,1.944456482E0
3.058020258E1,2.965872437E1,1.639600433E1,8.795709229E-1
3.059022958E1,2.619447830E1,1.667113220E1,-4.935237122E-1
3.060025658E1,2.306239151E1,1.641426636E1,-1.985321503E0
3.061028358E1,2.011307465E1,1.565504517E1,-3.384312286E0
3.062031058E1,1.677830933E1,1.451696182E1,-4.249064026E0
3.063033758E1,1.303968384E1,1.326077408E1,-4.168531494E0
3.064036558E1,9.444160767E0,1.211086533E1,-3.289559326E0
3.065039258E1,6.480922852E0,1.089629105E1,-2.024240570E0
3.066041958E1,4.155658264E0,9.775870972E0,-5.792953491E-1
3.067044658E1,2.289339294E0,8.948391724E0,8.283773804E-1
3.068047358E1,7.887098694E-1,8.284671936E0,2.069296875E0
3.069050058E1,-2.770738220E-1,7.766898651E0,3.073708191E0
3.070052758E1,-1.077908478E0,7.399113464E0,3.801045685E0
3.071055458E1,-1.723964996E0,7.101532288E0,4.255350952E0
3.072058158E1,-2.242786102E0,6.769223328E0,4.293072510E0
3.073060958E1,-2.507884827E0,6.402036896E0,3.979774017E0
3.074063658E1,-2.627486115E0,6.012397156E0,3.570525055E0
3.075066358E1,-2.903063049E0,5.673052826E0,3.231929169E0
3.076069058E1,-2.955454102E0,5.405559082E0,3.081492004E0
3.077071758E1,-2.817890167E0,5.247038727E0,3.088976440E0
3.078074458E1,-2.940036163E0,5.251529388E0,3.328628082E0
3.079077158E1,-3.236419830E0,5.357509003E0,3.582649841E0
3.080079858E1,-2.821632385E0,5.974226532E0,3.992796936E0
3.081082558E1,-1.541195068E0,6.875801697E0,4.451592865E0
3.082085258E1,3.547622681E-1,8.143365784E0,4.795876923E0
3.083088058E1,2.351310425E0,9.748627625E0,5.106331329E0
3.084090758E1,3.969146118E0,1.159818146E1,5.554050293E0
3.085093458E1,5.363197174E0,1.377645172E1,6.516548767E0
3.086096158E1,8.006849670E0,1.602642288E1,8.256081390E0
3.087098858E1,1.251307892E1,1.815828964E1,1.011252090E1
3.088101558E1,1.803539520E1,1.983091141E1,1.074630295E1
3.089104258E1,2.330818039E1,2.023312500E1,8.931476898E0
3.090106958E1,2.684831863E1,1.898352356E1,4.790937195E0
3.091109658E1,2.720682312E1,1.677756088E1,1.053808594E-1
3.092112458E1,2.459879654E1,1.514685196E1,-3.498375092E0
3.093115158E1,2.135878418E1,1.417821625E1,-4.822970581E0
3.094117858E1,1.905013504E1,1.311842010E1,-3.951782227E0
3.095120558E1,1.735775436E1,1.133008896E1,-2.210004272E0
3.096123258E1,1.536509811E1,9.123976593E0,-4.556524658E-1
3.097125958E1,1.291095154E1,6.949298859E0,1.078507233E0
3.098128658E1,1.041653870E1,5.008883972E0,2.636467438E0
3.099131358E1,8.336913300E0,3.268752594E0,4.065545654E0
3.100134058E1,6.850653992E0,1.526675262E0,5.018164673E0
3.101136758E1,6.007158051E0,-1.333726501E-1,5.284161530E0
3.102139558E1,5.645210724E0,-1.726060638E0,4.839436340E0
3.103142258E1,5.608836365E0,-3.190016327E0,3.895199890E0
3.104144958E1,5.679489441E0,-4.459376678E0,2.746788025E0
3.105147658E1,5.691464539E0,-5.438041534E0,1.348246307E0
3.106150358E1,5.479804688E0,-6.474037170E0,-2.300715637E-1
3.107153058E1,4.752766571E0,-7.452552338E0,-1.788181458E0
3.108155758E1,3.537743225E0,-8.086783447E0,-3.129242706E0
3.109158458E1,1.998943176E0,-8.428971863E0,-4.344415741E0
3.110161158E1,1.306782532E-1,-8.815168762E0,-5.513933716E0
3.111163958E1,-1.853595428E0,-9.255253601E0,-5.943839722E0
3.112166658E1,-3.401227112E0,-9.711804199E0,-5.672454071E0
3.113169358E1,-3.622467041E0,-9.877958679E0,-5.121749268E0
3.114172058E1,-2.165696411E0,-9.727521515E0,-4.575086060E0
3.115174758E1,9.409432983E-1,-9.245972900E0,-4.452640686E0
3.116177458E1,4.427043915E0,-8.313861237E0,-5.060376892E0
3.117180158E1,7.388036499E0,-6.794221344E0,-6.098468170E0
3.118182858E1,9.168284454E0,-5.136269073E0,-7.423512726E0
3.119185558E1,9.247020721E0,-3.511697388E0,-8.572223969E0
3.120188358E1,8.500523071E0,-2.140698395E0,-8.938362579E0
3.121191058E1,9.083710327E0,-3.173400879E-2,-7.631280670E0
3.122193758E1,1.323742264E1,3.680396576E0,-4.916076965E0
3.123196458E1,2.035287598E1,7.372618561E0,-2.525548096E0
3.124199158E1,2.765424271E1,1.036085449E1,-1.583706665E0
3.125201858E1,3.305950241E1,1.307471100E1,-2.274071045E0
3.126204558E1,3.479993317E1,1.519864426E1,-3.735631714E0
3.127207258E1,3.311548599E1,1.641800858E1,-4.632716217E0
3.128209958E1,2.989687912E1,1.632355499E1,-4.471202087E0
3.129212658E1,2.645553543E1,1.528696060E1,-3.839665375E0
3.130215458E1,2.307571381E1,1.436427933E1,-3.407214661E0
3.131218158E1,1.996383499E1,1.352781876E1,-3.192111969E0
3.132220858E1,1.697814377E1,1.250649261E1,-2.956950989E0
3.133223558E1,1.376881760E1,1.119237534E1,-2.434986420E0
3.134226258E1,1.049901718E1,9.673483887E0,-1.430425415E0
3.135228958E1,7.599097595E0,8.344547424E0,-5.059478760E-2
3.136231658E1,5.182822266E0,7.407645721E0,1.332678680E0
3.137234358E1,3.200195160E0,6.786287842E0,2.553090820E0
3.138237058E1,1.486109619E0,6.404132538E0,3.556604004E0
3.139239858E1,-5.867797852E-2,6.198310547E0,4.399800568E0
3.140242558E1,-1.323847046E0,6.066285095E0,5.011129303E0
3.141245258E1,-2.008822632E0,6.166576538E0,5.363496552E0
3.142247958E1,-2.155667267E0,6.230792999E0,5.401816864E0
3.143250658E1,-2.213746490E0,6.137686615E0,5.215753784E0
3.144253358E1,-2.557282104E0,6.118227081E0,4.869074707E0
3.145256058E1,-3.058290253E0,6.013444977E0,4.444407806E0
3.146258758E1,-3.566483459E0,5.853278046E0,3.985611877E0
3.147261458E1,-4.155508575E0,5.610632629E0,3.701203308E0
3.148264158E1,-4.589905243E0,5.363646240E0,3.700604553E0
3.149266858E1,-4.431534576E0,5.395679626E0,4.018094330E0
3.150269658E1,-3.816164246E0,5.846092987E0,4.663851471E0
3.151272358E1,-2.258503418E0,6.926097107E0,5.291496277E0
3.152275021E1,5.231620789E-1,8.181686096E0,5.253475342E0
3.153277721E1,3.851341095E0,9.746382294E0,4.543651428E0
3.154280421E1,6.457870789E0,1.165311722E1,3.667373657E0
3.155283121E1,8.101752319E0,1.294717621E1,2.747536469E0
3.156285821E1,8.978928223E0,1.334819229E1,2.464175720E0
3.157288521E1,1.071561676E1,1.379456406E1,3.395389252E0
3.158291221E1,1.379905472E1,1.420530991E1,4.651876373E0
3.159294021E1,1.736119720E1,1.412702271E1,4.800217896E0
3.160296721E1,2.024899200E1,1.296498917E1,3.133433990E0
3.161299421E1,2.155981613E1,1.023317001E1,5.146298218E-1
3.162302121E1,2.256273056E1,8.450227661E0,-2.196232910E0
3.163304821E1,2.404390045E1,8.106542358E0,-4.462819519E0
3.164307521E1,2.585064331E1,8.131240997E0,-6.099216614E0
3.165310221E1,2.603595795E1,7.900720367E0,-7.295079803E0
3.166312921E1,2.389301422E1,7.255412292E0,-7.924371185E0
3.167315621E1,2.043789917E1,6.211782532E0,-7.874674530E0
3.168318321E1,1.668161041E1,4.975952454E0,-7.322622528E0
3.169321121E1,1.330747696E1,3.845952301E0,-6.555168457E0
3.170323821E1,1.086141357E1,2.828518066E0,-5.480253754E0
3.171326521E1,9.032067719E0,1.884431305E0,-4.135150909E0
3.172329221E1,7.599396973E0,8.557704163E-1,-2.550845490E0
3.173331921E1,6.522087250E0,-2.827619934E-1,-9.636959839E-1
3.174334621E1,5.606141968E0,-1.331331482E0,3.323089600E-1
3.175337321E1,4.624932404E0,-2.470911713E0,1.134640503E0
3.176340021E1,3.451522522E0,-3.666325836E0,1.338217163E0
3.177342721E1,2.317480774E0,-4.827760620E0,1.152453461E0
3.178345421E1,1.061143341E0,-6.009104004E0,8.053253174E-1
3.179348221E1,-5.361849976E-1,-7.030579834E0,3.585044861E-1
3.180350921E1,-2.137704620E0,-7.744894409E0,-2.529739380E-1
3.181353621E1,-3.439397736E0,-8.417146454E0,-9.897418213E-1
3.182356321E1,-4.058061218E0,-9.135203247E0,-1.917213135E0
3.183359021E1,-3.595074005E0,-9.858648834E0,-2.838696899E0
3.184361721E1,-2.262994080E0,-1.058463913E1,-3.393293610E0
3.185364421E1,3.935316467E-1,-1.055694672E1,-3.459755402E0
3.186367121E1,3.836072845E0,-1.027987289E1,-3.551514587E0
3.187369821E1,7.203170929E0,-9.334139557E0,-4.289180603E0
3.188372521E1,8.441545715E0,-8.198002167E0,-5.802982635E0
3.189375321E1,7.062164154E0,-7.189249878E0,-7.698341217E0
3.190378021E1,5.324577484E0,-6.091881866E0,-8.650511169E0
3.191380721E1,7.060068512E0,-3.995491333E0,-6.883884888E0
3.192383421E1,1.413780029E1,-3.775149536E-1,-3.035537567E0
3.193386121E1,2.439866272E1,3.551364899E0,4.089495850E-1
3.194388821E1,3.366828644E1,6.934180298E0,2.143093414E0
3.195391521E1,3.741574356E1,1.061158310E1,1.663939819E0
3.196394221E1,3.555181961E1,1.389620270E1,-3.902384949E-1
3.197396921E1,3.139137131E1,1.505060211E1,-2.684816895E0
3.198399621E1,2.735052429E1,1.471904160E1,-4.345463562E0
3.199402321E1,2.407593384E1,1.417567154E1,-5.343887329E0
3.200405121E1,2.116778137E1,1.366268829E1,-5.764213257E0
3.201407821E1,1.820858505E1,1.304716827E1,-5.597609711E0
3.202410521E1,1.499806137E1,1.222522751E1,-4.935835876E0
3.203413221E1,1.188887695E1,1.126707001E1,-3.767066345E0
3.204415921E1,9.293873291E0,1.028645920E1,-2.129022675E0
3.205418621E1,7.164251862E0,9.236991577E0,-4.264631653E-1
3.206421321E1,5.332960052E0,8.434360657E0,9.737251282E-1
3.207424021E1,3.768712921E0,7.846383362E0,2.249971161E0
3.208426721E1,2.463726654E0,7.498955841E0,3.211272125E0
3.209429421E1,1.284927979E0,7.186705170E0,3.682791595E0
3.210432221E1,6.661148071E-2,6.899602203E0,3.740571442E0
3.211434921E1,-1.168619843E0,6.674919434E0,3.550915833E0
3.212437621E1,-2.281106415E0,6.460714874E0,3.230432281E0
3.213440321E1,-3.102897491E0,6.260431366E0,3.018922119E0
3.214443021E1,-3.487747192E0,6.129154358E0,2.943029938E0
3.215445721E1,-3.363355865E0,6.102509766E0,3.025807800E0
3.216448421E1,-2.850671997E0,6.007457428E0,3.202889557E0
3.217451121E1,-2.548450470E0,5.814059601E0,3.386707306E0
3.218453821E1,-2.357297974E0,5.844596100E0,3.644920349E0
3.219456521E1,-1.313817902E0,6.348448334E0,3.939657440E0
3.220459221E1,8.903485107E-1,7.106472015E0,4.004772034E0
3.221462021E1,3.663182373E0,8.109087067E0,3.741020508E0
3.222464721E1,6.796466675E0,9.814340973E0,2.990481262E0
3.223467421E1,9.776918793E0,1.190309738E1,1.730401611E0
3.224470121E1,1.194141769E1,1.377854736E1,3.658392334E-1
3.225472821E1,1.378917526E1,1.526106445E1,-3.670367432E-1
3.226475521E1,1.592583206E1,1.613210312E1,4.017645264E-1
3.227478221E1,1.834540054E1,1.628777939E1,1.847607880E0
3.228480921E1,2.054702225E1,1.585892120E1,2.221081238E0
3.229483621E1,2.178913925E1,1.461276260E1,1.050365753E0
3.230486321E1,2.179737213E1,1.294253586E1,-1.079105988E0
3.231489121E1,2.108949417E1,1.116034195E1,-3.323388977E0
3.232491821E1,1.990156448E1,1.021460861E1,-4.662653961E0
3.233494521E1,1.903112457E1,9.907746735E0,-4.487069092E0
3.234497221E1,1.855092316E1,9.222621460E0,-3.004851379E0
3.235499921E1,1.762210464E1,7.835905151E0,-1.355431366E0
3.236502621E1,1.575982727E1,6.251300354E0,-1.167572021E-2
3.237505321E1,1.315165100E1,4.690046997E0,1.110091553E0
3.238508021E1,1.049542465E1,3.037932587E0,2.085313568E0
3.239510721E1,8.299640808E0,1.512604523E0,2.807262268E0
3.240513421E1,6.816824341E0,3.300636292E-1,3.227438507E0
3.241516121E1,6.051615601E0,-7.349716187E-1,3.324137421E0
3.242518921E1,5.690416718E0,-1.817670135E0,3.162323914E0
3.243521621E1,5.426365814E0,-2.869682465E0,2.871927795E0
3.244524321E1,5.072501678E0,-3.848197632E0,2.401605835E0
3.245527021E1,4.716691589E0,-4.880900116E0,1.735790405E0
3.246529721E1,4.145329742E0,-6.032305756E0,8.900491333E-1
3.247532421E1,3.283122711E0,-6.964866486E0,-1.966909790E-1
3.248535121E1,1.955084381E0,-7.517217865E0,-1.471889191E0
3.249537821E1,2.357597351E-1,-7.808212738E0,-2.860551453E0
3.250540521E1,-1.450783081E0,-8.136929169E0,-4.007017365E0
3.251543221E1,-2.800975342E0,-8.228838043E0,-4.686903534E0
3.252545950E1,-3.569477234E0,-8.644224243E0,-5.003195801E0
3.253548750E1,-3.746558990E0,-9.026080170E0,-5.033283234E0
3.254551450E1,-2.749781799E0,-9.203161926E0,-5.097350006E0
3.255554150E1,-8.607101440E-2,-9.191635895E0,-5.426814880E0
3.256556850E1,2.770738220E0,-8.934919739E0,-6.264323273E0
3.257559550E1,4.862787781E0,-7.814499664E0,-7.668702850E0
3.258562250E1,5.937403107E0,-6.781497803E0,-9.507778473E0
3.259564950E1,6.188580780E0,-5.785019989E0,-1.123443787E1
3.260567650E1,6.641838226E0,-4.844675446E0,-1.135583542E1
3.261570350E1,1.017149826E1,-3.066223755E0,-8.602610779E0
3.262573050E1,1.784948181E1,5.119354248E-2,-4.628973999E0
3.263575850E1,2.714934265E1,3.449127502E0,-2.109114075E0
3.264578550E1,3.386452835E1,6.637646942E0,-1.941911774E0
3.265581250E1,3.629128189E1,9.711055756E0,-3.332819366E0
3.266583950E1,3.556379471E1,1.187839874E1,-5.001698914E0
3.267586650E1,3.369702667E1,1.304582108E1,-5.959557037E0
3.268589350E1,3.152025330E1,1.334459976E1,-6.198460236E0
3.269592050E1,2.909394882E1,1.300944672E1,-6.290069733E0
3.270594750E1,2.585154144E1,1.267474274E1,-6.498436432E0
3.271597450E1,2.179916840E1,1.228330673E1,-6.695426788E0
3.272600150E1,1.751043686E1,1.150597321E1,-6.378386078E0
3.273602850E1,1.359278366E1,1.049856812E1,-5.153183899E0
3.274605550E1,1.032912048E1,9.296118622E0,-3.217409363E0
3.275608350E1,7.728278961E0,8.074808350E0,-1.024319916E0
3.276611050E1,5.655389557E0,7.161407776E0,1.166673889E0
3.277613750E1,3.995341644E0,6.644382935E0,3.191213837E0
3.278616450E1,2.705923004E0,6.450536041E0,4.825066223E0
3.279619150E1,1.611399078E0,6.276747437E0,5.897585907E0
3.280621850E1,6.285429382E-1,6.148913269E0,6.407874756E0
3.281624550E1,-3.788621521E-1,5.979914703E0,6.443650360E0
3.282627250E1,-1.416354675E0,5.776487732E0,6.039191437E0
3.283629950E1,-2.340682526E0,5.674400024E0,5.329068146E0
3.284632650E1,-3.018622742E0,5.479954376E0,4.769382019E0
3.285635350E1,-3.345842285E0,5.385800171E0,4.443210297E0
3.286638150E1,-3.224295044E0,5.411396942E0,4.254452820E0
3.287640850E1,-2.917433167E0,5.253026276E0,3.970792694E0
3.288643550E1,-2.367776184E0,5.110223236E0,3.483555908E0
3.289646250E1,-2.031126251E0,5.220094757E0,2.688559113E0
3.290648950E1,-1.692979431E0,5.516029358E0,1.785786438E0
3.291651650E1,-4.626878357E-1,6.120921478E0,1.165177002E0
3.292654350E1,1.256038055E0,6.911876678E0,1.207239532E0
3.293657050E1,2.916235657E0,8.143814850E0,1.763632507E0
3.294659750E1,4.411176910E0,1.014051270E1,2.499951324E0
3.295662450E1,6.052513733E0,1.256591904E1,3.786825256E0
3.296665150E1,8.843459930E0,1.511796204E1,5.545518036E0
3.297667950E1,1.264525406E1,1.712768280E1,7.144942017E0
3.298670650E1,1.718501358E1,1.918829773E1,7.817792816E0
3.299673350E1,2.179542618E1,2.010993118E1,7.133715363E0
3.300676050E1,2.513408340E1,1.906660080E1,4.949307861E0
3.301678750E1,2.668620575E1,1.721734634E1,2.025438080E0
3.302681450E1,2.680939957E1,1.569007233E1,-6.445596313E-1
3.303684150E1,2.608789993E1,1.430440384E1,-2.602488098E0
3.304686850E1,2.468666382E1,1.248224304E1,-3.927532654E0
3.305689550E1,2.234044281E1,1.022942780E1,-4.904850311E0
3.306692250E1,1.901480850E1,7.881260834E0,-5.244943085E0
3.307694950E1,1.520612869E1,5.723647614E0,-4.680466919E0
3.308697750E1,1.156929153E1,3.816313934E0,-3.442092133E0
3.309700450E1,8.615334320E0,2.160307617E0,-1.742376709E0
3.310703150E1,6.723418579E0,6.896159363E-1,1.272354126E-2
3.311705850E1,5.642666016E0,-6.753955078E-1,1.527274017E0
3.312708550E1,4.836292877E0,-2.061513062E0,2.494861908E0
3.313711250E1,4.079616394E0,-3.392245789E0,2.752775574E0
3.314713950E1,3.249742126E0,-4.673281860E0,2.430495758E0
3.315716650E1,2.362537079E0,-5.823190613E0,1.798509979E0
3.316719350E1,1.779499512E0,-6.670728149E0,9.931846619E-1
3.317722050E1,1.489103394E0,-7.445067902E0,1.874102783E-1
3.318724750E1,8.476872253E-1,-8.078700256E0,-7.063810730E-1
3.319727550E1,-4.610412598E-1,-8.392148438E0,-1.551373901E0
3.320730250E1,-1.929337921E0,-8.627908173E0,-2.186503143E0
3.321732950E1,-2.852318573E0,-8.845555573E0,-2.609074402E0
3.322735650E1,-3.304677887E0,-9.021140442E0,-2.803819427E0
3.323738350E1,-2.907404022E0,-8.917705536E0,-2.849624176E0
3.324741050E1,-1.263372803E0,-8.665629730E0,-2.984344025E0
3.325743750E1,1.257684631E0,-8.221054230E0,-3.455414429E0
3.326746450E1,4.023483124E0,-7.488477631E0,-4.209845581E0
3.327749150E1,5.812113647E0,-6.651268616E0,-5.089117126E0
3.328751850E1,6.433621216E0,-5.459896088E0,-6.055208130E0
3.329754550E1,6.530769196E0,-4.121379547E0,-6.973099365E0
3.330757350E1,7.087611237E0,-2.501897278E0,-7.146738281E0
3.331760050E1,1.004590942E1,6.480024719E-1,-5.748945007E0
3.332762750E1,1.697275497E1,5.246439972E0,-3.740571442E0
3.333765450E1,2.605436966E1,9.510472870E0,-2.842888184E0
3.334768150E1,3.426210159E1,1.241638000E1,-3.413800964E0
3.335770850E1,3.901681412E1,1.458791428E1,-5.324727173E0
3.336773550E1,3.906216980E1,1.652548508E1,-7.115153961E0
3.337776250E1,3.557517105E1,1.730566269E1,-7.328310699E0
3.338778950E1,3.092973129E1,1.650857025E1,-6.177952881E0
3.339781650E1,2.625734756E1,1.543200897E1,-4.979095917E0
3.340784350E1,2.224838425E1,1.442325668E1,-4.383484497E0
3.341787050E1,1.872231674E1,1.313683182E1,-4.403542786E0
3.342789850E1,1.474478806E1,1.158021881E1,-4.435426483E0
3.343792550E1,1.041114990E1,1.002076172E1,-3.823199615E0
3.344795250E1,6.769373016E0,8.623567200E0,-2.222727814E0
3.345797950E1,4.068090363E0,7.541617126E0,3.278182983E-2
3.346800650E1,2.053878937E0,6.945406952E0,2.351160736E0
3.347803350E1,6.599775696E-1,6.787485352E0,4.365970917E0
3.348806050E1,-4.640350342E-3,6.874304810E0,5.777535553E0
3.349808750E1,-5.448669434E-2,7.098538513E0,6.390061798E0
3.350811450E1,-3.050656128E-1,7.230114899E0,6.305787048E0
3.351814150E1,-9.556127930E-1,7.211852875E0,5.674250336E0
3.352816812E1,-1.723964996E0,6.905290375E0,4.770130463E0
3.353819513E1,-2.233505402E0,6.577472076E0,3.933819580E0
3.354822312E1,-2.593357086E0,6.253096619E0,3.248245239E0
3.355825013E1,-2.826422424E0,5.888604584E0,2.650687866E0
3.356827712E1,-3.100652161E0,5.449567566E0,2.282453613E0
3.357830412E1,-3.511098633E0,4.956941986E0,2.237546997E0
3.358833112E1,-3.598516846E0,4.774471436E0,2.692900085E0
3.359835813E1,-2.645299072E0,5.106630707E0,3.321592712E0
3.360838513E1,-1.009500732E0,5.895340576E0,3.728746033E0
3.361841212E1,1.533411255E0,6.923253021E0,3.453468475E0
3.362843912E1,4.549938354E0,8.127798157E0,2.861748962E0
3.363846612E1,7.410340118E0,9.883197784E0,2.394121399E0
3.364849313E1,9.546697540E0,1.173963730E1,2.208507385E0
3.365852012E1,1.162452667E1,1.354458389E1,2.643951874E0
3.366854813E1,1.405098083E1,1.509341309E1,4.086352386E0
3.367857512E1,1.721061035E1,1.696976120E1,5.726791077E0
3.368860212E1,2.101240448E1,1.877321091E1,5.783223724E0
3.369862912E1,2.433085373E1,1.810125824E1,3.178340607E0
3.370865613E1,2.491718445E1,1.575099564E1,-1.274749146E0
3.371868313E1,2.282348831E1,1.387120468E1,-5.512586517E0
3.372871012E1,1.993045441E1,1.312725174E1,-7.770042114E0
3.373873712E1,1.789378967E1,1.271306305E1,-7.692054291E0
3.374876413E1,1.633268600E1,1.189022415E1,-6.253845062E0
3.375879113E1,1.447998871E1,1.064571213E1,-4.359534302E0
3.376881812E1,1.251756958E1,9.046288147E0,-2.290836182E0
3.377884512E1,1.029304550E1,7.056925049E0,-1.736389160E-1
3.378887312E1,7.824828186E0,5.512137451E0,1.813179474E0
3.379890012E1,6.018684082E0,4.179758148E0,3.657194824E0
3.380892712E1,4.959486694E0,2.444716187E0,5.090164948E0
3.381895413E1,4.550537109E0,8.515791321E-1,5.589825897E0
3.382898112E1,4.509971466E0,-4.878355408E-1,5.070106659E0
3.383900812E1,4.690645752E0,-1.587448883E0,3.684587860E0
3.384903512E1,5.142556000E0,-2.439926147E0,1.901046753E0
3.385906213E1,5.480253754E0,-3.140169983E0,2.459385681E-1
3.386908913E1,5.439089355E0,-3.788471832E0,-1.195563812E0
3.387911612E1,4.476141815E0,-4.478985901E0,-2.302960968E0
3.388914312E1,2.957400055E0,-5.249882812E0,-2.899620209E0
3.389917012E1,1.350341949E0,-5.980064392E0,-3.008443909E0
3.390919812E1,-1.926493835E-1,-6.522236938E0,-2.844385071E0
3.391922512E1,-1.118174744E0,-7.017107849E0,-2.680924988E0
3.392925213E1,-1.194515991E0,-7.434440002E0,-2.809507599E0
3.393927912E1,-5.797444153E-1,-7.558831329E0,-3.166664886E0
3.394930612E1,7.403604126E-1,-7.214547272E0,-3.747906189E0
3.395933312E1,3.242108002E0,-6.401288452E0,-4.693789215E0
3.396936013E1,6.174659729E0,-5.372477875E0,-5.946384430E0
3.397938713E1,9.078022156E0,-4.045187988E0,-7.547904053E0
3.398941412E1,1.082698517E1,-2.962788849E0,-9.139244843E0
3.399944112E1,1.070618637E1,-1.663341064E0,-9.783804474E0
3.400946813E1,8.846902771E0,1.116677856E-1,-8.677155762E0
3.401949513E1,7.649842072E0,2.608924713E0,-6.633904724E0
3.402952312E1,9.983339539E0,6.796616364E0,-4.352349243E0
3.403955013E1,1.741777954E1,1.229303650E1,-2.580783234E0
3.404957712E1,2.634641235E1,1.580084198E1,-2.394720154E0
3.405960412E1,3.243859360E1,1.692769867E1,-3.792812805E0
3.406963112E1,3.347503830E1,1.775757294E1,-4.685256958E0
3.407965813E1,2.965198837E1,1.861005020E1,-2.942431183E0
3.408968512E1,2.385828644E1,1.813119598E1,-1.698966980E-1
3.409971212E1,1.848925140E1,1.690404785E1,1.703607330E0
3.410973912E1,1.471964035E1,1.588212296E1,2.330803070E0
3.411976613E1,1.270842270E1,1.479029343E1,1.794019318E0
3.412979313E1,1.110136459E1,1.353305786E1,5.656736755E-1
3.413982012E1,8.912915497E0,1.234393066E1,-5.062472534E-1
3.414984712E1,6.532715149E0,1.113429611E1,-8.222401428E-1
3.415987512E1,4.555327148E0,9.862690430E0,-3.415896606E-1
3.416990212E1,2.781216431E0,8.695118408E0,4.788542175E-1
3.417992912E1,1.053958282E0,7.686515808E0,1.294657745E0
3.418995613E1,-3.535647583E-1,6.886579285E0,2.224823456E0
3.419998312E1,-1.271755371E0,6.258485413E0,3.217858429E0
3.421001012E1,-1.843865662E0,5.620512085E0,4.015549622E0
3.422003712E1,-2.275717621E0,4.986280975E0,4.470004578E0
3.423006413E1,-2.684068451E0,4.420457611E0,4.674329681E0
3.424009113E1,-3.128643951E0,3.883823547E0,4.686604156E0
3.425011812E1,-3.716920624E0,3.486699371E0,4.622836761E0
3.426014512E1,-4.297413483E0,3.173550568E0,4.589755554E0
3.427017212E1,-4.818629608E0,2.913391571E0,4.706512756E0
3.428019913E1,-5.306914215E0,2.831811218E0,4.994064789E0
3.429022712E1,-5.429958344E0,3.229683838E0,5.483696594E0
3.430025413E1,-4.776417389E0,4.076921997E0,5.804928589E0
3.431028112E1,-3.739074554E0,5.152585144E0,5.510640564E0
3.432030812E1,-2.063908081E0,6.465654602E0,4.807402954E0
3.433033512E1,4.083508301E-1,8.122409363E0,4.167483673E0
3.434036213E1,3.068319397E0,1.022119492E1,3.652704163E0
3.435038913E1,5.434149628E0,1.270527924E1,3.363954620E0
3.436041612E1,6.739285583E0,1.497500931E1,3.698808289E0
3.437044312E1,7.510930939E0,1.729563354E1,4.819827118E0
3.438047013E1,9.007069702E0,1.943288910E1,6.338868256E0
3.439049713E1,1.133338211E1,2.096121094E1,7.435936890E0
3.440052412E1,1.464270035E1,2.229179398E1,7.588918762E0
3.441055112E1,1.886227570E1,2.244013550E1,6.535708923E0
3.442057912E1,2.157463531E1,2.052546707E1,4.037104797E0
3.443060612E1,2.129277145E1,1.802282135E1,8.256829834E-1
3.444063312E1,1.933619019E1,1.626083542E1,-1.500779114E0
3.445066013E1,1.726644424E1,1.491648102E1,-2.326312408E0
3.446068712E1,1.602821915E1,1.325313995E1,-2.210303650E0
3.447071412E1,1.519190826E1,1.100197128E1,-1.779050446E0
3.448074112E1,1.360101654E1,8.449628906E0,-1.070124664E0
3.449076813E1,1.081141754E1,6.151308289E0,6.047424316E-2
3.450079513E1,7.707472229E0,4.220772858E0,1.421743469E0
3.451082212E1,5.554349670E0,2.492466888E0,2.752625885E0
3.452084912E1,4.668342133E0,1.127156067E0,3.669618988E0
3.453087596E1,4.617447968E0,-1.493893433E-1,3.903732147E0
3.454090296E1,4.910239105E0,-1.353485413E0,3.546724548E0
3.455092996E1,4.985083466E0,-2.421813812E0,2.795736237E0
3.456095796E1,4.688400421E0,-3.493435364E0,1.682800598E0
3.457098496E1,4.390070801E0,-4.393513641E0,3.167413330E-1
3.458101196E1,4.275708618E0,-5.005141754E0,-9.909393311E-1
3.459103896E1,4.074526978E0,-5.597909088E0,-2.081271973E0
3.460106596E1,3.426973572E0,-6.180198212E0,-2.943179626E0
3.461109296E1,2.391576691E0,-6.542145538E0,-3.666475525E0
3.462111996E1,8.827143860E-1,-6.719227295E0,-4.343517609E0
3.463114696E1,-5.444178772E-1,-6.895111542E0,-4.734953613E0
3.464117396E1,-1.415755920E0,-6.977290649E0,-4.900209961E0
3.465120096E1,-1.497336273E0,-6.968908081E0,-4.961133270E0
3.466122796E1,-3.070115662E-1,-6.700665894E0,-5.003195801E0
3.467125496E1,1.958976288E0,-6.173761597E0,-5.140460358E0
3.468128196E1,4.387675781E0,-4.963827667E0,-5.640720062E0
3.469130996E1,6.620582428E0,-3.212319946E0,-6.604865112E0
3.470133696E1,7.742499390E0,-1.364562378E0,-7.599546661E0
3.471136396E1,8.888516235E0,1.121318207E0,-7.619155884E0
3.472139096E1,1.259510834E1,4.395459595E0,-5.888155518E0
3.473141796E1,1.926149551E1,8.255931702E0,-3.542084198E0
3.474144496E1,2.736279877E1,1.195174622E1,-2.400707703E0
3.475147196E1,3.308405136E1,1.449989731E1,-2.820285187E0
3.476149896E1,3.402649155E1,1.609737534E1,-4.061354370E0
3.477152596E1,3.148462738E1,1.698832260E1,-4.947062531E0
3.478155296E1,2.767699539E1,1.707933334E1,-4.978796539E0
3.479157996E1,2.394660278E1,1.655632095E1,-4.931045837E0
3.480160696E1,2.080523529E1,1.554128174E1,-5.285658417E0
3.481163396E1,1.803240143E1,1.406565033E1,-5.594615936E0
3.482166196E1,1.490540405E1,1.236877899E1,-5.377118225E0
3.483168896E1,1.117037109E1,1.074944641E1,-4.284540253E0
3.484171596E1,7.493716736E0,9.372908936E0,-2.594704285E0
3.485174296E1,4.671036530E0,8.222251740E0,-7.893086243E-1
3.486176996E1,2.780767365E0,7.396868134E0,1.016386414E0
3.487179696E1,1.494641876E0,6.946604462E0,2.791395264E0
3.488182396E1,7.343728638E-1,6.709048462E0,4.365671539E0
3.489185096E1,3.857478333E-1,6.719826050E0,5.465883636E0
3.490187796E1,3.790118408E-1,6.786437531E0,5.819598083E0
3.491190496E1,2.134561157E-1,6.722071381E0,5.571563873E0
3.492193196E1,-6.926097107E-1,6.527026978E0,4.836741943E0
3.493195896E1,-1.997296600E0,6.217919769E0,3.891757050E0
3.494198596E1,-3.052602081E0,5.828280029E0,3.066822510E0
3.495201296E1,-3.932173004E0,5.567522278E0,2.452500000E0
3.496203996E1,-4.541406097E0,5.375321960E0,2.049687653E0
3.497206796E1,-4.735252991E0,5.260660400E0,2.050286407E0
3.498209496E1,-4.328548737E0,5.557942200E0,2.328857117E0
3.499212196E1,-3.486849060E0,6.093827820E0,2.844085693E0
3.500214896E1,-1.765129395E0,7.023095398E0,3.407663727E0
3.501217596E1,1.036295013E0,8.374335480E0,3.849544830E0
3.502220296E1,4.417613525E0,1.021176453E1,3.938310242E0
3.503222996E1,7.040309601E0,1.212897766E1,3.488046570E0
3.504225696E1,8.244705048E0,1.386716309E1,2.786006470E0
3.505228396E1,8.997639313E0,1.580727859E1,2.710862732E0
3.506231096E1,1.034723282E1,1.763213379E1,3.669768677E0
3.507233796E1,1.247011826E1,1.875390106E1,5.227579193E0
3.508236496E1,1.502380783E1,1.943139221E1,6.721173248E0
3.509239196E1,1.812685501E1,1.938453964E1,7.229067078E0
3.510241896E1,2.097977234E1,1.794932419E1,6.376140747E0
3.511244696E1,2.188703568E1,1.566791840E1,4.160448303E0
3.512247396E1,2.105880798E1,1.397134644E1,1.728755035E0
3.513250096E1,1.980696121E1,1.296034882E1,1.990859985E-2
3.514252796E1,1.883682861E1,1.176014465E1,-7.698490906E-1
3.515255496E1,1.769859558E1,1.016161880E1,-8.655001831E-1
3.516258196E1,1.577150299E1,8.322243805E0,-6.813830566E-1
3.517260896E1,1.317904404E1,6.508016510E0,-4.002676392E-1
3.518263596E1,1.044063858E1,4.856351166E0,9.220825195E-2
3.519266296E1,8.150401154E0,3.400179291E0,8.452922058E-1
3.520268996E1,6.564449158E0,2.316732330E0,1.591640167E0
3.521271696E1,5.784421234E0,1.492546234E0,2.190245361E0
3.522274396E1,5.587281189E0,6.962022400E-1,2.430495758E0
3.523277096E1,5.665568390E0,-7.170089722E-2,2.286195831E0
3.524279796E1,5.879024506E0,-9.142987061E-1,1.890269165E0
3.525282496E1,5.833070068E0,-1.957479401E0,1.309776306E0
3.526285296E1,5.330115967E0,-3.049308929E0,6.568341064E-1
3.527287996E1,4.568200378E0,-3.946842499E0,-3.487747192E-2
3.528290696E1,3.597618713E0,-4.583917694E0,-6.414161682E-1
3.529293396E1,2.435585175E0,-5.219046936E0,-1.275198212E0
3.530296096E1,1.430126038E0,-5.845045166E0,-1.943109283E0
3.531298796E1,6.471043396E-1,-6.349346466E0,-2.457589417E0
3.532301496E1,1.154100037E-1,-6.846013641E0,-2.716251526E0
3.533304196E1,-2.294728088E-1,-7.342980194E0,-2.758912811E0
3.534306896E1,-2.709365845E-1,-7.664960632E0,-2.889291687E0
3.535309596E1,5.536985779E-1,-7.749983826E0,-3.173849945E0
3.536312296E1,2.594554596E0,-7.616611176E0,-3.556154938E0
3.537314996E1,5.188959503E0,-6.763684845E0,-4.376299438E0
3.538317696E1,7.000193024E0,-5.215454407E0,-5.861810303E0
3.539320496E1,7.304659882E0,-3.580254822E0,-7.763156433E0
3.540323196E1,6.459966431E0,-1.527124329E0,-9.305099945E0
3.541325896E1,5.994434509E0,1.175655212E0,-9.122779083E0
3.542328596E1,9.465416565E0,4.692591705E0,-6.290369110E0
3.543331296E1,1.687261322E1,8.755892029E0,-2.654879150E0
3.544333996E1,2.529230438E1,1.231114883E1,-5.626799011E-1
3.545336696E1,3.166365509E1,1.425380905E1,-1.784289551E-1
3.546339396E1,3.344031052E1,1.589993591E1,-1.466201019E0
3.547342096E1,3.072196335E1,1.749531830E1,-3.124302979E0
3.548344796E1,2.646945648E1,1.754486526E1,-3.563339996E0
3.549347496E1,2.242546600E1,1.652069504E1,-3.357068939E0
3.550350196E1,1.911988998E1,1.544054123E1,-3.808530121E0
3.551352896E1,1.664373917E1,1.423734329E1,-4.651277618E0
3.552355596E1,1.427087357E1,1.293355453E1,-5.020709381E0
3.553358371E1,1.142080032E1,1.157962006E1,-4.515210571E0
3.554361071E1,8.578660583E0,1.012748978E1,-3.263962555E0
3.555363871E1,6.317612457E0,8.677904205E0,-1.573677521E0
3.556366571E1,4.644391937E0,7.492668915E0,2.706372070E-1
3.557369271E1,3.341501312E0,6.675967255E0,1.962568817E0
3.558371971E1,2.152972870E0,6.104755096E0,3.300187225E0
3.559374671E1,9.794132996E-1,5.790857849E0,4.160298615E0
3.560377371E1,-8.457412720E-2,5.417983246E0,4.613256683E0
3.561380071E1,-1.036295013E0,5.023852844E0,4.759203186E0
3.562382771E1,-1.794618073E0,4.743635559E0,4.674778748E0
3.563385471E1,-2.313738556E0,4.549938354E0,4.393214264E0
3.564388171E1,-2.831661530E0,4.434977417E0,3.971690826E0
3.565390871E1,-3.513044586E0,4.380640411E0,3.537892914E0
3.566393571E1,-4.111350403E0,4.309987335E0,3.289409637E0
3.567396271E1,-4.416416016E0,4.285588074E0,3.452270966E0
3.568398971E1,-4.564009094E0,4.402045898E0,3.913012848E0
3.569401671E1,-4.796625366E0,4.864134979E0,4.406087494E0
3.570404471E1,-4.119134216E0,5.853876801E0,4.853956146E0
3.571407171E1,-2.304607544E0,6.988367615E0,5.157375183E0
3.572409871E1,3.162922668E-1,8.154891815E0,5.057981873E0
3.573412571E1,3.613186340E0,9.701475677E0,4.404440918E0
3.574415271E1,6.530619507E0,1.156405243E1,3.515738983E0
3.575417971E1,8.308622131E0,1.356853409E1,3.082689514E0
3.576420671E1,9.948911133E0,1.588122482E1,3.756288757E0
3.577423371E1,1.283490967E1,1.802716232E1,5.223537598E0
3.578426071E1,1.718082230E1,1.995051270E1,6.857240295E0
3.579428771E1,2.185515198E1,2.103366028E1,7.488178253E0
3.580431471E1,2.531924835E1,2.032069290E1,6.180497589E0
3.581434171E1,2.609688126E1,1.792058395E1,2.517015839E0
3.582436871E1,2.434133194E1,1.563603470E1,-1.730700989E0
3.583439571E1,2.170366699E1,1.436487808E1,-4.583618317E0
3.584442271E1,2.009690826E1,1.355835526E1,-5.006339264E0
3.585444971E1,1.927257248E1,1.215906509E1,-3.766467590E0
3.586447771E1,1.779978516E1,9.932744751E0,-2.143542480E0
3.587450471E1,1.525747192E1,7.542664948E0,-4.918771362E-1
3.588453171E1,1.239677078E1,5.588478699E0,9.107061768E-1
3.589455871E1,9.774972839E0,3.928430786E0,1.936073914E0
3.590458571E1,7.853119354E0,2.521057434E0,2.578088837E0
3.591461271E1,6.676566010E0,1.205892334E0,2.910248108E0
3.592463971E1,6.040838013E0,6.242019653E-2,2.960842896E0
3.593466671E1,5.641019440E0,-9.425898743E-1,2.682870941E0
3.594469371E1,5.221142578E0,-1.872007141E0,2.038161621E0
3.595472071E1,4.632865906E0,-2.743045807E0,1.018482056E0
3.596474771E1,3.989503784E0,-3.849095764E0,-2.177970886E-1
3.597477471E1,3.455115051E0,-4.956043854E0,-1.299597473E0
3.598480171E1,2.901566162E0,-5.774242401E0,-2.130369873E0
3.599482871E1,2.097588043E0,-6.257886658E0,-2.787503357E0
3.600485571E1,9.300160217E-1,-6.666387177E0,-3.385210419E0
3.601488371E1,-4.978646851E-1,-6.989116058E0,-3.631747742E0
3.602491071E1,-1.730251923E0,-7.148384857E0,-3.444337463E0
3.603493771E1,-2.419119415E0,-7.370971985E0,-3.003504181E0
3.604496471E1,-2.624642029E0,-7.703580322E0,-2.726729736E0
3.605499171E1,-2.322270813E0,-7.901169434E0,-2.805166626E0
3.606501871E1,-9.098080444E-1,-7.745493164E0,-2.996768188E0
3.607504571E1,1.876497803E0,-7.124584351E0,-3.109783173E0
3.608507271E1,5.674100647E0,-6.337071991E0,-3.521576843E0
3.609509971E1,9.458830261E0,-5.073699188E0,-4.429139557E0
3.610512671E1,1.180984131E1,-3.004851379E0,-5.819897461E0
3.611515371E1,1.240171051E1,-1.096918945E0,-7.618706818E0
3.612518071E1,1.025277924E1,6.810836792E-2,-8.825497284E0
3.613520771E1,7.895181885E0,1.560055847E0,-7.215295715E0
3.614523471E1,9.515113220E0,4.150119781E0,-2.401905212E0
3.615526171E1,1.506347534E1,7.334298248E0,1.940265198E0
3.616528871E1,2.330099533E1,1.029454239E1,4.437671814E0
3.617531571E1,3.258394135E1,1.320194641E1,5.103936310E0
3.618534371E1,3.783547073E1,1.594110031E1,3.525319061E0
3.619537071E1,3.585329269E1,1.811802338E1,7.680528259E-1
3.620539771E1,2.940844482E1,1.815873871E1,-1.955982513E0
3.621542471E1,2.248848495E1,1.657233765E1,-4.061354370E0
3.622545171E1,1.749546799E1,1.510239441E1,-5.316793671E0
3.623547871E1,1.487666382E1,1.417597092E1,-5.550308075E0
3.624550571E1,1.346599731E1,1.318727692E1,-4.838238831E0
3.625553271E1,1.168410278E1,1.189666077E1,-3.528462524E0
3.626555971E1,9.282347260E0,1.065918411E1,-1.912572784E0
3.627558671E1,6.649023285E0,9.580377502E0,-7.858657837E-2
3.628561371E1,4.088448029E0,8.567882996E0,1.825753326E0
3.629564071E1,1.907333679E0,7.671846313E0,3.463796997E0
3.630566771E1,3.008743286E-1,7.062912598E0,4.591402130E0
3.631569471E1,-7.711962891E-1,6.581663361E0,5.112618256E0
3.632572171E1,-1.764380951E0,5.955365753E0,5.020110626E0
3.633574871E1,-2.865042114E0,5.405559082E0,4.448748779E0
3.634577671E1,-3.580554199E0,5.083279266E0,3.748804321E0
3.635580371E1,-3.890559540E0,4.828209686E0,3.264860687E0
3.636583071E1,-3.931873627E0,4.717589722E0,2.994522858E0
3.637585771E1,-3.473377075E0,4.770579529E0,2.943179626E0
3.638588471E1,-2.787503357E0,4.794829102E0,3.194806366E0
3.639591171E1,-2.215842133E0,4.841831360E0,3.548221436E0
3.640593871E1,-2.079176331E0,5.033432922E0,3.810476074E0
3.641596571E1,-2.294578400E0,5.383105774E0,3.791465607E0
3.642599271E1,-2.163002014E0,5.936654663E0,3.323538666E0
3.643601971E1,-6.990463257E-1,7.045698395E0,2.638413391E0
3.644604671E1,1.347797241E0,8.522677002E0,1.885479126E0
3.645607371E1,2.650388489E0,1.031699570E1,1.481020203E0
3.646610071E1,3.697760468E0,1.300914734E1,2.137105865E0
3.647612771E1,5.470823364E0,1.624107651E1,3.723057861E0
3.648615471E1,8.776399384E0,1.934053116E1,5.690416718E0
3.649618171E1,1.383153717E1,2.206202179E1,7.574698334E0
3.650620871E1,2.006876678E1,2.429148560E1,8.303383026E0
3.651623571E1,2.582444778E1,2.455149490E1,7.097939758E0
3.652626371E1,2.866883286E1,2.274684769E1,3.962709503E0
3.653629033E1,2.826602051E1,2.077574661E1,2.835104370E-1
3.654631733E1,2.605481873E1,1.928619415E1,-2.272125092E0
3.655634433E1,2.360935410E1,1.748753448E1,-2.962489471E0
3.656637133E1,2.142315033E1,1.485450989E1,-2.229613495E0
3.657639833E1,1.896735718E1,1.161195282E1,-1.108894043E0
3.658642533E1,1.578572342E1,8.251291351E0,2.356100464E-1
3.659645233E1,1.225217148E1,5.156027985E0,1.862726440E0
3.660647933E1,9.012308807E0,2.394420776E0,3.694317627E0
3.661650633E1,6.620432739E0,1.841171265E-1,5.338648224E0
3.662653333E1,5.214256897E0,-1.631307678E0,6.370153198E0
3.663656033E1,4.598437500E0,-3.258573761E0,6.533463593E0
3.664658733E1,4.198169861E0,-4.733606415E0,5.765410767E0
3.665661433E1,3.696113892E0,-6.043831787E0,4.193230133E0
3.666664133E1,3.198099518E0,-7.217241669E0,2.270478516E0
3.667666833E1,2.474204865E0,-8.137976990E0,4.700225830E-1
3.668669533E1,1.482666779E0,-8.681197357E0,-1.016386414E0
3.669672333E1,3.676354980E-1,-8.916807404E0,-2.035616913E0
3.670675033E1,-8.467890930E-1,-8.952433319E0,-2.721191254E0
3.671677733E1,-1.895657959E0,-8.902437286E0,-3.178490295E0
3.672680433E1,-2.615960083E0,-8.729846191E0,-3.579356689E0
3.673683133E1,-2.762205963E0,-8.395142212E0,-3.939058685E0
3.674685833E1,-2.049837341E0,-8.050259399E0,-4.386029205E0
3.675688533E1,-4.715194702E-1,-7.666457520E0,-4.990771637E0
3.676691233E1,2.166145477E0,-7.136110382E0,-5.504353638E0
3.677693933E1,5.193300476E0,-6.238127747E0,-5.774990845E0
3.678696633E1,7.675139465E0,-4.999154205E0,-6.044280853E0
3.679699333E1,9.210646362E0,-3.135230255E0,-6.605463867E0
3.680702033E1,9.122479706E0,-1.147663422E0,-7.369325409E0
3.681704733E1,8.301736450E0,1.225651245E0,-7.132667542E0
3.682707433E1,9.611662445E0,4.883145447E0,-5.093757477E0
3.683710133E1,1.468985229E1,9.124425659E0,-2.282154236E0
3.684712833E1,2.141057648E1,1.262055542E1,-1.441502380E-1
3.685715533E1,2.731819153E1,1.524804153E1,8.158035278E-1
3.686718333E1,3.151127197E1,1.738065674E1,3.821553040E-1
3.687721033E1,3.300905731E1,1.902932831E1,-1.189725952E0
3.688723733E1,3.174882797E1,1.970861572E1,-3.245101776E0
3.689726433E1,2.815599930E1,1.909833481E1,-5.189408569E0
3.690729133E1,2.320399704E1,1.778421753E1,-6.602470093E0
3.691731833E1,1.851125565E1,1.602298004E1,-7.326364746E0
3.692734533E1,1.448133591E1,1.411055695E1,-7.212301941E0
3.693737233E1,1.094224548E1,1.217448303E1,-6.102659454E0
3.694739933E1,7.956404572E0,1.029484177E1,-4.209246826E0
3.695742633E1,5.431455231E0,8.610693970E0,-1.969604187E0
3.696745333E1,3.165167999E0,7.381899261E0,1.463955688E-1
3.697748033E1,1.206491089E0,6.449488220E0,2.134411469E0
3.698750733E1,-3.040177917E-1,5.788462830E0,3.927832031E0
3.699753433E1,-1.234931946E0,5.342689819E0,5.260361023E0
3.700756133E1,-1.666035461E0,5.068909149E0,5.978866882E0
3.701758833E1,-2.079775085E0,4.852758636E0,5.946085052E0
3.702761533E1,-2.750081177E0,4.499343567E0,5.363346863E0
3.703764233E1,-3.454216919E0,4.314028931E0,4.636608124E0
3.704767033E1,-3.887266388E0,4.361480255E0,4.118984528E0
3.705769733E1,-3.728147278E0,4.654570770E0,3.678899689E0
3.706772433E1,-3.529510345E0,5.009931793E0,3.178340607E0
3.707775133E1,-3.586841125E0,5.275479584E0,2.736758881E0
3.708777833E1,-3.302582245E0,5.660329285E0,2.612666931E0
3.709780533E1,-2.802771606E0,6.192173309E0,2.706821136E0
3.710783233E1,-1.810634766E0,6.828500061E0,2.885549469E0
3.711785933E1,6.646179199E-2,7.852969666E0,3.227139130E0
3.712788633E1,2.454745331E0,9.343869324E0,3.770658875E0
3.713791333E1,4.778063965E0,1.105466171E1,4.230203247E0
3.714794033E1,6.793772278E0,1.301004547E1,4.378694458E0
3.715796733E1,8.528365173E0,1.516331772E1,4.714446259E0
3.716799433E1,1.004590942E1,1.724728409E1,5.852080536E0
3.717802133E1,1.250215164E1,1.933993240E1,7.748636627E0
3.718804833E1,1.657637924E1,2.103800125E1,9.097631378E0
3.719807533E1,2.143003601E1,2.142734161E1,8.242908783E0
3.720810233E1,2.557431793E1,1.964978806E1,4.904850311E0
3.721812933E1,2.621738068E1,1.686033875E1,4.984634399E-2
3.722815633E1,2.372251877E1,1.446382233E1,-4.869523773E0
3.723818333E1,2.031216064E1,1.265064285E1,-8.219257965E0
3.724821133E1,1.783077072E1,1.144594803E1,-8.836274872E0
3.725823833E1,1.653925644E1,1.018646713E1,-7.244035950E0
3.726826533E1,1.501572464E1,8.403375092E0,-4.937482452E0
3.727829233E1,1.236458771E1,6.333180084E0,-3.055146790E0
3.728831933E1,9.209448853E0,4.453089752E0,-1.184786224E0
3.729834633E1,6.513554993E0,2.957549744E0,8.590635681E-1
3.730837333E1,4.875211945E0,1.647474060E0,2.773282928E0
3.731840033E1,4.245471497E0,5.493576050E-1,4.229754181E0
3.732842733E1,4.140689392E0,-4.083508301E-1,4.863236847E0
3.733845433E1,4.224814453E0,-1.464554443E0,4.522994385E0
3.734848133E1,4.612208862E0,-2.372416534E0,3.368594971E0
3.735850833E1,5.264252930E0,-3.053200836E0,1.889820099E0
3.736853533E1,5.864055634E0,-3.586392059E0,3.957769775E-1
3.737856233E1,6.274651794E0,-4.152215424E0,-9.463320923E-1
3.738858933E1,6.051316223E0,-4.633314972E0,-2.167342987E0
3.739861633E1,5.180427246E0,-4.945415955E0,-3.457959137E0
3.740864333E1,3.625460815E0,-5.237009583E0,-4.411925354E0
3.741867033E1,1.596430206E0,-5.714666290E0,-4.953948212E0
3.742869833E1,-3.016227722E-1,-6.192622375E0,-5.049000549E0
3.743872533E1,-1.804946594E0,-6.610702972E0,-4.877157898E0
3.744875233E1,-2.216740265E0,-6.815776520E0,-4.564308472E0
3.745877933E1,-8.367599487E-1,-6.706952820E0,-4.260290680E0
3.746880633E1,2.026934967E0,-6.034700775E0,-4.397106171E0
3.747883333E1,5.480852509E0,-4.849465485E0,-5.252277832E0
3.748886033E1,8.543932800E0,-3.383114777E0,-6.510561218E0
3.749888733E1,1.045620621E1,-1.595232697E0,-7.997718658E0
3.750891433E1,1.049243088E1,2.912942505E-1,-8.967851257E0
3.751894133E1,9.846973114E0,2.280807037E0,-8.638087006E0
3.752896846E1,1.076890594E1,4.683610382E0,-6.941814423E0
3.753899546E1,1.418345535E1,7.593409424E0,-4.856949921E0
3.754902246E1,1.864881958E1,9.880952454E0,-3.364553375E0
3.755904946E1,2.241139526E1,1.113145203E1,-2.556683350E0
3.756907646E1,2.462289642E1,1.220097794E1,-2.299817505E0
3.757910346E1,2.578013992E1,1.374905869E1,-2.454296265E0
3.758913046E1,2.595003662E1,1.482127899E1,-2.470911713E0
3.759915746E1,2.486105118E1,1.478430588E1,-2.246827698E0
3.760918446E1,2.279878967E1,1.430111069E1,-2.172731781E0
3.761921246E1,2.050211563E1,1.410726379E1,-2.493215332E0
3.762923946E1,1.819675964E1,1.368873413E1,-3.178789673E0
3.763926646E1,1.545371384E1,1.279569122E1,-3.931125183E0
3.764929346E1,1.236788086E1,1.162976578E1,-4.151466980E0
3.765932046E1,9.566157074E0,1.043345352E1,-3.565884705E0
3.766934746E1,7.144792328E0,9.346114655E0,-2.384691010E0
3.767937446E1,4.897964630E0,8.284821625E0,-1.033899994E0
3.768940146E1,2.814746704E0,7.356751556E0,2.127076721E-1
3.769942846E1,1.059197388E0,6.631509705E0,1.287023621E0
3.770945546E1,-3.680845642E-1,5.985303497E0,2.274969177E0
3.771948246E1,-1.498384094E0,5.493276672E0,3.354374542E0
3.772950946E1,-2.103874969E0,5.149741058E0,4.437522125E0
3.773953646E1,-2.289638672E0,4.896018677E0,5.388793945E0
3.774956346E1,-2.528691559E0,4.648882599E0,5.944438477E0
3.775959046E1,-2.977158966E0,4.447102203E0,6.036197662E0
3.776961746E1,-3.525917816E0,4.306095428E0,5.732479248E0
3.777964446E1,-3.948489075E0,4.210294647E0,5.278323669E0
3.778967146E1,-4.117038574E0,4.338877258E0,4.904251556E0
3.779969846E1,-3.690425720E0,4.893923035E0,4.430486755E0
3.780972646E1,-3.104544067E0,5.789360962E0,3.818110199E0
3.781975346E1,-1.751807098E0,7.353458405E0,2.924767914E0
3.782978046E1,8.030799866E-1,9.380543060E0,2.045945435E0
3.783980746E1,3.778742065E0,1.156689651E1,1.303339691E0
3.784983446E1,6.559808807E0,1.378752869E1,7.482939148E-1
3.785986146E1,9.254954224E0,1.587583603E1,6.117778015E-1
3.786988846E1,1.114911530E1,1.740999573E1,1.363664246E0
3.787991546E1,1.250095413E1,1.850811218E1,2.629731445E0
3.788994246E1,1.465093323E1,1.941462708E1,3.958667908E0
3.789996946E1,1.755070313E1,1.974783417E1,4.284390564E0
3.790999646E1,1.984887405E1,1.861678619E1,2.653232574E0
3.792002346E1,2.006936554E1,1.675750259E1,6.571334839E-2
3.793005046E1,1.874087814E1,1.520508087E1,-1.585652618E0
3.794007746E1,1.700493805E1,1.430335602E1,-1.710343323E0
3.795010446E1,1.576940735E1,1.360595627E1,-6.481521606E-1
3.796013146E1,1.502755005E1,1.233120712E1,3.766168213E-1
3.797015846E1,1.434362228E1,1.061487625E1,7.123686218E-1
3.798018546E1,1.350596420E1,8.622070312E0,6.671626282E-1
3.799021246E1,1.211086533E1,6.599775696E0,5.120851135E-1
3.800023946E1,1.008991791E1,4.758604431E0,3.993695068E-1
3.801026746E1,8.083190918E0,3.156336365E0,7.515870667E-1
3.802029446E1,6.622678070E0,1.665586395E0,1.446442108E0
3.803032146E1,5.746250610E0,2.067201233E-1,2.184407501E0
3.804034846E1,5.318739624E0,-1.185834045E0,2.798430634E0
3.805037546E1,5.201533356E0,-2.454445953E0,3.071462860E0
3.806040246E1,5.108576660E0,-3.537743225E0,2.848875732E0
3.807042946E1,4.943919067E0,-4.504582672E0,2.243235168E0
3.808045646E1,4.713697815E0,-5.530848541E0,1.485061798E0
3.809048346E1,4.070335693E0,-6.321654053E0,6.496490479E-1
3.810051046E1,2.776276703E0,-6.798712006E0,-1.429527283E-1
3.811053746E1,1.333726501E0,-7.182813263E0,-8.360115051E-1
3.812056446E1,-1.056802368E-1,-7.580536194E0,-1.518891449E0
3.813059146E1,-1.457968140E0,-8.024662628E0,-2.101779327E0
3.814061846E1,-2.157164154E0,-8.396339722E0,-2.477947083E0
3.815064546E1,-1.694626007E0,-8.575517120E0,-2.559826813E0
3.816067246E1,6.077362061E-2,-8.384364624E0,-2.573149109E0
3.817069946E1,3.120261383E0,-7.651638336E0,-2.590812378E0
3.818072646E1,6.617139587E0,-6.304589539E0,-2.759661255E0
3.819075346E1,9.093889160E0,-4.476291504E0,-3.299139404E0
3.820078146E1,9.790989532E0,-2.230811005E0,-4.074676666E0
3.821080846E1,1.001776794E1,1.651066589E-1,-4.563110962E0
3.822083546E1,1.112516510E1,2.956052856E0,-4.102069702E0
3.823086246E1,1.443747711E1,6.500681763E0,-2.646047516E0
3.824088946E1,1.965248245E1,9.911788330E0,-1.767674103E0
3.825091646E1,2.473860580E1,1.214424591E1,-2.405497742E0
3.826094346E1,2.784614365E1,1.350970642E1,-4.356241150E0
3.827097046E1,2.832649475E1,1.465826797E1,-6.422843628E0
3.828099746E1,2.694396973E1,1.557541077E1,-7.915240173E0
3.829102446E1,2.485386612E1,1.592298798E1,-9.490863647E0
3.830105146E1,2.231769012E1,1.555445435E1,-1.169278473E1
3.831107846E1,1.931613190E1,1.472922043E1,-1.402598282E1
3.832110546E1,1.638971741E1,1.397419052E1,-1.570608902E1
3.833113246E1,1.358275452E1,1.304432419E1,-1.595187790E1
3.834115946E1,1.116558105E1,1.175280991E1,-1.416624115E1
3.835118646E1,9.061556396E0,1.075124268E1,-1.127425507E1
3.836121346E1,7.345225525E0,9.659263458E0,-8.358318787E0
3.837124046E1,5.906118164E0,8.298143921E0,-5.439987488E0
3.838126746E1,4.406237183E0,6.962920532E0,-2.507585449E0
3.839129446E1,3.124452667E0,6.097270660E0,1.212478638E-1
3.840132146E1,2.114802246E0,5.491929474E0,2.394720154E0
3.841134946E1,1.123862915E0,4.999752960E0,4.402494965E0
3.842137646E1,7.095245361E-2,4.757556610E0,5.888454895E0
3.843140346E1,-1.041534119E0,4.701423340E0,6.652615814E0
3.844143046E1,-2.014211426E0,4.649032288E0,6.624624023E0
3.845145746E1,-2.933449860E0,4.643493805E0,6.027066650E0
3.846148446E1,-3.524271240E0,4.572990417E0,5.219346313E0
3.847151146E1,-3.881578217E0,4.402794342E0,4.527634735E0
3.848153846E1,-4.221521301E0,4.532724152E0,4.091741180E0
3.849156546E1,-4.245770874E0,5.027894440E0,4.183200989E0
3.850159246E1,-3.797453156E0,5.770350494E0,4.892875214E0
3.851161946E1,-2.412233734E0,6.781797180E0,5.794749756E0
3.852164646E1,4.712200928E-1,8.294401703E0,6.263425140E0
3.853167383E1,3.868255920E0,9.994715881E0,6.018235016E0
3.854170083E1,6.915469208E0,1.204215820E1,5.245092773E0
3.855172783E1,9.247320099E0,1.386282211E1,4.405189362E0
3.856175483E1,1.080887283E1,1.514340912E1,4.139042816E0
3.857178183E1,1.162886765E1,1.626412857E1,4.737198944E0
3.858180883E1,1.301498520E1,1.744038254E1,5.686375122E0
3.859183583E1,1.564172287E1,1.810080917E1,6.007607117E0
3.860186283E1,1.889296188E1,1.717333786E1,4.691843262E0
3.861188983E1,2.091390930E1,1.489971588E1,1.998045044E0
3.862191683E1,2.120954453E1,1.258133698E1,-9.740245056E-1
3.863194483E1,2.017369858E1,1.093146790E1,-3.063080292E0
3.864197183E1,1.868968460E1,9.805808716E0,-3.646566925E0
3.865199883E1,1.743499374E1,8.411907349E0,-3.325185242E0
3.866202583E1,1.585832245E1,6.765181732E0,-3.057392120E0
3.867205283E1,1.389246048E1,5.005141754E0,-3.173999634E0
3.868207983E1,1.188782913E1,3.480861511E0,-3.578907623E0
3.869210683E1,1.001028351E1,2.331701202E0,-3.984713745E0
3.870213383E1,8.343349915E0,1.529519348E0,-4.037254486E0
3.871216083E1,7.154073029E0,9.181906128E-1,-3.658392334E0
3.872218783E1,6.338868256E0,3.465293884E-1,-2.914589081E0
3.873221483E1,5.672005005E0,-1.992356873E-1,-2.266736298E0
3.874224183E1,5.112318878E0,-8.442443848E-1,-2.006277924E0
3.875226883E1,4.623435516E0,-1.468296661E0,-2.139351196E0
3.876229583E1,4.151017914E0,-2.113455048E0,-2.363135834E0
3.877232283E1,3.793860626E0,-2.647095337E0,-2.658771057E0
3.878234983E1,3.591780853E0,-2.973117371E0,-3.231480103E0
3.879237683E1,3.323538666E0,-3.194506989E0,-4.033961334E0
3.880240383E1,2.317480774E0,-3.537144470E0,-4.752317505E0
3.881243083E1,6.613247681E-1,-3.991300049E0,-5.244194641E0
3.882245783E1,-9.418414307E-1,-4.592749329E0,-5.224435730E0
3.883248483E1,-1.688638458E0,-5.267097015E0,-4.601880341E0
3.884251283E1,-1.100212097E0,-5.675597534E0,-3.812571716E0
3.885253983E1,1.038540344E0,-5.792055359E0,-3.462898865E0
3.886256683E1,3.631148987E0,-5.744903412E0,-3.833827515E0
3.887259383E1,5.647456055E0,-5.343737640E0,-4.743485870E0
3.888262083E1,7.255861359E0,-4.710404663E0,-5.967340851E0
3.889264783E1,8.353977814E0,-3.732937317E0,-7.160659332E0
3.890267483E1,9.067394257E0,-2.427202606E0,-8.047115936E0
3.891270183E1,9.241781616E0,-7.851173401E-1,-7.883655853E0
3.892272883E1,1.112381790E1,1.796863403E0,-6.270011444E0
3.893275583E1,1.569785614E1,5.156327362E0,-4.355343018E0
3.894278283E1,2.118439682E1,8.057594147E0,-3.391497345E0
3.895280983E1,2.578238525E1,9.800868988E0,-3.554208984E0
3.896283683E1,2.842933090E1,1.128982269E1,-4.471351776E0
3.897286383E1,2.815734650E1,1.292651917E1,-5.511089630E0
3.898289083E1,2.577235611E1,1.394589935E1,-5.783373413E0
3.899291783E1,2.293231201E1,1.399469788E1,-5.323230286E0
3.900294483E1,2.064446960E1,1.352856720E1,-4.854405212E0
3.901297183E1,1.861738495E1,1.313997528E1,-4.769980774E0
3.902299883E1,1.635079834E1,1.250529510E1,-5.005890198E0
3.903302583E1,1.370011047E1,1.157453064E1,-5.073399811E0
3.904305283E1,1.075333832E1,1.051488419E1,-4.587959290E0
3.905307983E1,7.914192352E0,9.444160767E0,-3.318898315E0
3.906310683E1,5.517526245E0,8.431965637E0,-1.561552734E0
3.907313483E1,3.678151245E0,7.569159851E0,3.953279114E-1
3.908316183E1,2.229014740E0,7.065906372E0,2.373913422E0
3.909318883E1,1.116079102E0,6.733597412E0,4.067641296E0
3.910321583E1,2.308200073E-1,6.497538300E0,5.216951294E0
3.911324283E1,-5.098397827E-1,6.300547943E0,5.690716095E0
3.912326983E1,-1.123563538E0,5.970334625E0,5.575156403E0
3.913329683E1,-1.624721375E0,5.688171387E0,5.113067322E0
3.914332383E1,-2.044448547E0,5.485492859E0,4.677024078E0
3.915335083E1,-2.407144318E0,5.298681335E0,4.354744263E0
3.916337783E1,-2.749183044E0,4.987777863E0,4.015848999E0
3.917340483E1,-3.078198853E0,4.738546143E0,3.915856934E0
3.918343183E1,-3.300336914E0,4.728367310E0,4.179159393E0
3.919345883E1,-2.980302429E0,5.161566467E0,4.647086334E0
3.920348583E1,-2.214944000E0,5.873785400E0,4.956193542E0
3.921351283E1,-9.403445435E-1,6.835984497E0,4.965474243E0
3.922353983E1,1.263971558E0,8.156987457E0,4.477638702E0
3.923356683E1,4.309987335E0,9.705666962E0,3.592080231E0
3.924359383E1,7.200326843E0,1.176463531E1,2.838846588E0
3.925362083E1,9.409882050E0,1.408316391E1,2.398462372E0
3.926364783E1,1.105585922E1,1.561852112E1,2.500250702E0
3.927367483E1,1.257939102E1,1.668086197E1,3.380570068E0
3.928370183E1,1.462907867E1,1.798001038E1,4.621040497E0
3.929372883E1,1.767629196E1,1.890748169E1,5.007985840E0
3.930375583E1,2.094205078E1,1.792986465E1,3.500620422E0
3.931378283E1,2.301808365E1,1.573497894E1,5.144801331E-1
3.932381083E1,2.339020981E1,1.386611526E1,-2.791245575E0
3.933383783E1,2.250554947E1,1.289643173E1,-5.355712738E0
3.934386483E1,2.124966110E1,1.193647797E1,-6.653513947E0
3.935389183E1,1.981998413E1,1.037956558E1,-6.674470367E0
3.936391883E1,1.769185959E1,8.396040344E0,-5.778583374E0
3.937394583E1,1.476379852E1,6.539151764E0,-4.302502899E0
3.938397283E1,1.162692169E1,4.889132996E0,-2.618055725E0
3.939399983E1,8.845854950E0,3.188070374E0,-9.605525208E-1
3.940402683E1,6.508465576E0,1.803599396E0,5.023553467E-1
3.941405383E1,4.915178833E0,8.184979248E-1,1.726659393E0
3.942408083E1,4.221221924E0,7.783813477E-2,2.541564789E0
3.943410783E1,4.193529510E0,-6.659651184E-1,2.815345459E0
3.944413483E1,4.575984192E0,-1.408271484E0,2.508782959E0
3.945416183E1,5.140160980E0,-2.227218475E0,1.684447174E0
3.946418883E1,5.642815704E0,-3.100203094E0,6.053411865E-1
3.947421583E1,5.963748322E0,-4.028422852E0,-5.721102905E-1
3.948424283E1,5.778733063E0,-4.831053772E0,-2.038311310E0
3.949426983E1,4.866380310E0,-5.309758301E0,-3.752995605E0
3.950429683E1,2.949167175E0,-5.756878510E0,-5.312752075E0
3.951432383E1,4.158352661E-1,-6.279890900E0,-6.237528992E0
3.952435083E1,-1.733994141E0,-6.533014526E0,-6.295608215E0
3.953437688E1,-2.843187561E0,-6.831493835E0,-5.773493958E0
3.954440387E1,-2.630180511E0,-7.213649139E0,-5.196593628E0
3.955443087E1,-9.750723267E-1,-7.327562256E0,-5.061125336E0
3.956445888E1,1.335672455E0,-7.186705170E0,-5.488037567E0
3.957448587E1,3.430566101E0,-6.864575043E0,-6.358477478E0
3.958451287E1,5.271587677E0,-5.977220306E0,-7.394473114E0
3.959453988E1,6.450386353E0,-4.704566803E0,-8.232280884E0
3.960456688E1,6.931934967E0,-3.193459167E0,-8.416098633E0
3.961459387E1,6.355483704E0,-1.788630524E0,-7.545658722E0
3.962462087E1,6.601721649E0,4.460723877E-1,-5.393434296E0
3.963464787E1,1.003872437E1,3.908522186E0,-2.620750122E0
3.964467488E1,1.689042618E1,8.090675354E0,-5.908213806E-1
3.965470187E1,2.457454697E1,1.170131699E1,-8.232879639E-2
3.966472887E1,3.090024261E1,1.451785995E1,-1.232536926E0
3.967475587E1,3.398113586E1,1.681962341E1,-3.178639984E0
3.968478288E1,3.330095032E1,1.848910172E1,-4.452940063E0
3.969480987E1,2.995076706E1,1.875120667E1,-4.447102203E0
3.970483687E1,2.601515121E1,1.769425461E1,-3.744762726E0
3.971486387E1,2.227398102E1,1.640992538E1,-3.328628082E0
3.972489088E1,1.852787109E1,1.495794479E1,-3.543132019E0
3.973491788E1,1.476305008E1,1.337169342E1,-3.845353546E0
3.974494487E1,1.104029160E1,1.174592422E1,-3.577560425E0
3.975497187E1,7.692503357E0,1.014934433E1,-2.604134674E0
3.976499887E1,5.070855103E0,8.653804321E0,-1.046773224E0
3.977502588E1,3.069367218E0,7.532186737E0,7.783813477E-1
3.978505287E1,1.397044830E0,6.880741425E0,2.502645721E0
3.979507987E1,-1.694476318E-1,6.426585846E0,3.821253662E0
3.980510687E1,-1.621727600E0,6.043682098E0,4.655319214E0
3.981513388E1,-2.812950439E0,5.656587067E0,5.036726074E0
3.982516087E1,-3.643124084E0,5.385650482E0,5.007087708E0
3.983518888E1,-3.971990204E0,5.155728607E0,4.599036255E0
3.984521588E1,-3.818409576E0,4.998555450E0,3.878135376E0
3.985524287E1,-3.351530457E0,4.983436890E0,3.083288269E0
3.986526987E1,-2.976260834E0,5.003794556E0,2.347268829E0
3.987529687E1,-3.021616516E0,4.817132721E0,1.780247955E0
3.988532388E1,-2.974913635E0,4.785099335E0,1.370250549E0
3.989535087E1,-3.001857605E0,4.874014435E0,1.323697357E0
3.990537787E1,-2.957549744E0,5.131329346E0,1.741029510E0
3.991540487E1,-2.068997498E0,5.899382172E0,2.741997986E0
3.992543188E1,8.173004150E-2,7.017556915E0,3.787873077E0
3.993545887E1,3.472478943E0,8.933871918E0,4.405638428E0
3.994548587E1,7.368277588E0,1.148112488E1,4.356540527E0
3.995551287E1,1.032403107E1,1.373708359E1,3.907324677E0
3.996553988E1,1.176628189E1,1.522349258E1,3.470233612E0
3.997556688E1,1.252340744E1,1.605651031E1,3.837120667E0
3.998559387E1,1.342213852E1,1.665736084E1,5.138215027E0
3.999562087E1,1.428479462E1,1.723650650E1,6.304589539E0
4.000564788E1,1.519669830E1,1.734592896E1,6.394253082E0
4.001567488E1,1.630529297E1,1.628164215E1,5.155728607E0
4.002570187E1,1.705598190E1,1.473610611E1,3.332819366E0
4.003572887E1,1.708202774E1,1.355027206E1,1.529968414E0
4.004575587E1,1.663041687E1,1.276590317E1,3.125500488E-1
4.005578288E1,1.604288864E1,1.205877365E1,-4.296066284E-2
4.006580987E1,1.557511139E1,1.127051285E1,1.347198486E-2
4.007583687E1,1.531659897E1,1.015233810E1,1.097218323E-1
4.008586387E1,1.484208572E1,8.588839417E0,-1.706451416E-2
4.009589088E1,1.368394409E1,6.691235504E0,-3.782633972E-1
4.010591788E1,1.176658127E1,4.656367035E0,-8.035290527E-1
4.011594588E1,9.452992401E0,2.938838654E0,-1.123862915E0
4.012597288E1,7.352260895E0,1.498533783E0,-1.116977234E0
4.013599987E1,5.856571198E0,1.469943237E-1,-5.700146484E-1
4.014602687E1,5.050946503E0,-9.879455566E-1,2.609074402E-1
4.015605387E1,4.710404663E0,-1.943408661E0,9.142987061E-1
4.016608088E1,4.700525208E0,-2.722239075E0,1.199156342E0
4.017610787E1,4.760101318E0,-3.400328979E0,1.121318207E0
4.018613487E1,4.751569061E0,-3.951782227E0,6.990463257E-1
4.019616187E1,4.567302246E0,-4.328848114E0,7.020401001E-2
4.020618888E1,3.960913239E0,-4.474944305E0,-5.289999390E-1
4.021621587E1,2.810106354E0,-4.625231781E0,-1.105002136E0
4.022624287E1,1.647923126E0,-4.949756927E0,-1.587598572E0
4.023626987E1,6.342311096E-1,-5.331163788E0,-1.999392242E0
4.024629688E1,-9.475296021E-2,-5.840255127E0,-2.542013855E0
4.025632388E1,-3.263214111E-2,-6.236331482E0,-3.058290253E0
4.026635087E1,1.249152374E0,-6.332880707E0,-3.481759644E0
4.027637787E1,3.690126343E0,-6.020480347E0,-3.828139343E0
4.028640487E1,6.460116119E0,-5.435197449E0,-4.020040283E0
4.029643188E1,8.681796112E0,-4.558769989E0,-4.223467255E0
4.030645887E1,9.944570160E0,-3.463198242E0,-4.768633575E0
4.031648587E1,1.011895752E1,-2.099683685E0,-5.526956635E0
4.032651287E1,9.883048096E0,-2.486329651E-1,-5.967789917E0
4.033653988E1,1.064196991E1,2.646197205E0,-5.072651367E0
4.034656687E1,1.458102859E1,6.679110718E0,-2.739902344E0
4.035659387E1,2.075838272E1,1.016595978E1,-5.718109131E-1
4.036662087E1,2.745186356E1,1.239557327E1,2.631527710E-1
4.037664788E1,3.251807831E1,1.368110001E1,-3.956272888E-1
4.038667488E1,3.332969055E1,1.516002457E1,-1.880988464E0
4.039670187E1,2.969914032E1,1.652009628E1,-3.612138519E0
4.040672887E1,2.449102066E1,1.619482269E1,-5.339546356E0
4.041675687E1,1.988494904E1,1.483729568E1,-6.929989014E0
4.042678387E1,1.644540161E1,1.371657623E1,-8.017477570E0
4.043681087E1,1.431024170E1,1.296843201E1,-8.085885315E0
4.044683788E1,1.250873795E1,1.195848221E1,-7.025490417E0
4.045686487E1,1.018227585E1,1.065888474E1,-5.237608337E0
4.046689187E1,7.569159851E0,9.380243683E0,-3.289259949E0
4.047691887E1,5.373226318E0,8.450527039E0,-1.430575104E0
4.048694588E1,3.835623779E0,7.833809509E0,3.240760803E-1
4.049697288E1,2.855462036E0,7.387288055E0,1.725910950E0
4.050699987E1,2.210153961E0,7.100334778E0,2.709365845E0
4.051702687E1,1.686243439E0,6.892566833E0,3.322041779E0
4.052705388E1,1.049018555E0,6.659351807E0,3.648063812E0
4.053708100E1,1.838177490E-1,6.369853821E0,3.749103699E0
4.054710800E1,-1.035396881E0,5.964496765E0,3.756887512E0
4.055713500E1,-2.497256927E0,5.497767334E0,3.871549072E0
4.056716200E1,-3.610641632E0,5.074148254E0,4.123624878E0
4.057718900E1,-4.200864258E0,4.779860229E0,4.455784149E0
4.058721600E1,-4.361480255E0,4.620890808E0,4.635111237E0
4.059724300E1,-4.123624878E0,4.788242798E0,4.484674072E0
4.060727000E1,-3.549868011E0,5.111720123E0,4.114643555E0
4.061729700E1,-2.720442810E0,5.716312866E0,3.929179230E0
4.062732400E1,-1.117725677E0,6.815028076E0,3.768413544E0
4.063735100E1,1.322799225E0,8.073610840E0,3.423530731E0
4.064737800E1,4.282145233E0,9.609417114E0,2.779869232E0
4.065740500E1,6.838229828E0,1.133008896E1,1.847308502E0
4.066743200E1,8.354426880E0,1.286065613E1,1.199755096E0
4.067745900E1,9.145082703E0,1.429931442E1,1.682201843E0
4.068748600E1,9.938881989E0,1.563304092E1,3.267854462E0
4.069751300E1,1.116363510E1,1.643597122E1,5.010231171E0
4.070754000E1,1.273865982E1,1.687845108E1,5.981710968E0
4.071756700E1,1.463341965E1,1.722797424E1,5.822591858E0
4.072759400E1,1.658610901E1,1.672561890E1,4.261937256E0
4.073762200E1,1.781789749E1,1.532288589E1,1.595532074E0
4.074764900E1,1.799048859E1,1.411160477E1,-1.200503540E0
4.075767600E1,1.804587341E1,1.374366989E1,-3.117716675E0
4.076770300E1,1.842503494E1,1.341285782E1,-3.682492218E0
4.077773000E1,1.820439377E1,1.236578522E1,-3.341651001E0
4.078775700E1,1.672052948E1,1.055844360E1,-2.662962341E0
4.079778400E1,1.434856201E1,8.623567200E0,-1.870061188E0
4.080781100E1,1.165401535E1,6.881190491E0,-9.216334534E-1
4.081783800E1,9.206604767E0,4.965474243E0,1.092727661E-2
4.082786500E1,7.301067352E0,3.130290527E0,9.119036865E-1
4.083789200E1,5.916296997E0,1.691033478E0,1.664538574E0
4.084791900E1,5.094505920E0,4.520599365E-1,2.218386841E0
4.085794600E1,4.765340424E0,-7.141648865E-1,2.438279572E0
4.086797300E1,4.712949371E0,-1.868115234E0,2.237247620E0
4.087800000E1,4.527485046E0,-2.874921570E0,1.602268066E0
4.088802700E1,4.146976318E0,-3.805985413E0,6.821315002E-1
4.089805400E1,3.424728241E0,-4.777016144E0,-2.398013306E-1
4.090808100E1,2.409689026E0,-5.475463715E0,-1.149309998E0
4.091810800E1,1.279539185E0,-5.933660889E0,-1.969454498E0
4.092813500E1,-1.769320679E-1,-6.430328064E0,-2.669548645E0
4.093816200E1,-1.732197876E0,-6.941964111E0,-3.040626984E0
4.094818900E1,-2.813399506E0,-7.458240509E0,-3.165766754E0
4.095821600E1,-2.877166901E0,-7.745044098E0,-3.349584503E0
4.096824300E1,-1.150357819E0,-7.830216980E0,-3.741918640E0
4.097827000E1,2.321073303E0,-7.332501984E0,-4.166735229E0
4.098829700E1,6.285279694E0,-5.946384430E0,-4.766388245E0
4.099832400E1,9.976453857E0,-4.020489349E0,-5.789959717E0
4.100835100E1,1.244077927E1,-2.077679443E0,-7.354955292E0
4.101837800E1,1.225291992E1,-2.838098145E-1,-8.672814789E0
4.102840500E1,1.089958420E1,1.306034088E0,-8.774603119E0
4.103843200E1,1.131871262E1,3.248245239E0,-6.327491913E0
4.104845900E1,1.504326736E1,6.015989685E0,-2.218985596E0
4.105848600E1,2.074700638E1,9.090446320E0,8.634045410E-1
4.106851300E1,2.631602554E1,1.162347885E1,2.148781586E0
4.107854100E1,2.909769104E1,1.329505280E1,1.907483368E0
4.108856800E1,2.814911362E1,1.470961121E1,1.164877625E0
4.109859500E1,2.513258652E1,1.572075851E1,7.837701416E-1
4.110862200E1,2.196487381E1,1.581596054E1,5.355862427E-1
4.111864900E1,1.950878128E1,1.545760574E1,-9.714797974E-2
4.112867600E1,1.744352600E1,1.510179565E1,-1.149010620E0
4.113870300E1,1.497066833E1,1.456156906E1,-2.453697510E0
4.114873000E1,1.213810867E1,1.358230545E1,-3.437152405E0
4.115875700E1,9.375603333E0,1.228944397E1,-3.448977814E0
4.116878400E1,6.934329987E0,1.096365097E1,-2.338886261E0
4.117881100E1,4.983436890E0,9.651479645E0,-6.270460510E-1
4.118883800E1,3.562591553E0,8.638985138E0,1.002764740E0
4.119886500E1,2.537074127E0,7.897127838E0,2.342029724E0
4.120889200E1,1.730251923E0,7.372319183E0,3.226839752E0
4.121891900E1,1.335223389E0,7.167545013E0,3.626808014E0
4.122894600E1,7.952961731E-1,6.890022125E0,3.578009491E0
4.123897300E1,-1.824705505E-1,6.607409821E0,3.197201385E0
4.124900000E1,-1.310075684E0,6.291566620E0,2.707569580E0
4.125902700E1,-2.332898712E0,5.899531860E0,2.336790619E0
4.126905400E1,-3.088976440E0,5.424868927E0,2.179318085E0
4.127908100E1,-3.672014008E0,4.941973114E0,2.341430969E0
4.128910800E1,-4.079466705E0,4.591252441E0,2.743494873E0
4.129913500E1,-4.054169312E0,4.447551270E0,3.344345398E0
4.130916200E1,-3.959266663E0,4.510570221E0,3.882176971E0
4.131918900E1,-3.604055328E0,4.636757812E0,4.143533478E0
4.132921600E1,-2.658172302E0,5.271737366E0,4.234843597E0
4.133924300E1,-8.123606873E-1,6.392007751E0,4.268673248E0
4.134927000E1,1.394799500E0,7.713310089E0,4.226161652E0
4.135929700E1,3.750750275E0,9.380543060E0,4.253554688E0
4.136932400E1,6.512357483E0,1.133293304E1,4.277504883E0
4.137935100E1,9.124575348E0,1.319970108E1,4.421655121E0
4.138937800E1,1.161434784E1,1.468506226E1,4.629123688E0
4.139940500E1,1.401580399E1,1.594139969E1,4.840484161E0
4.140943200E1,1.666469559E1,1.660167664E1,4.310137024E0
4.141945900E1,1.866154312E1,1.610246475E1,2.737507324E0
4.142948600E1,1.960383362E1,1.478879654E1,5.746549988E-1
4.143951300E1,1.951851105E1,1.348919907E1,-1.641636200E0
4.144954000E1,1.905582321E1,1.281934204E1,-3.306025085E0
4.145956700E1,1.926404022E1,1.209110641E1,-3.968397675E0
4.146959400E1,1.939292221E1,1.090691895E1,-3.962260437E0
4.147962200E1,1.882605103E1,9.495653687E0,-3.976331177E0
4.148964900E1,1.738380020E1,7.929610291E0,-4.009262695E0
4.149967600E1,1.523112671E1,6.486311646E0,-3.913312225E0
4.150970300E1,1.291259811E1,5.030738525E0,-3.469784546E0
4.151973000E1,1.091215805E1,3.711232452E0,-2.723286896E0
4.152975700E1,9.323811035E0,2.485431519E0,-2.012115784E0
4.153978462E1,7.874674530E0,1.275347900E0,-1.554816742E0
4.154981162E1,6.752158813E0,1.730401611E-1,-1.215921478E0
4.155983862E1,5.863307190E0,-7.384144592E-1,-8.514294434E-1
4.156986563E1,5.190606079E0,-1.528920593E0,-6.387217712E-1
4.157989262E1,4.648583221E0,-2.413730621E0,-6.345304871E-1
4.158991962E1,3.974085846E0,-3.215912476E0,-6.731501770E-1
4.159994662E1,3.116219788E0,-3.914210358E0,-5.942642212E-1
4.160997363E1,1.999841309E0,-4.525539093E0,-6.738986206E-1
4.162000063E1,9.051676941E-1,-5.166506195E0,-1.105002136E0
4.163002762E1,-1.263372803E-1,-5.823939056E0,-1.598376160E0
4.164005462E1,-1.115630035E0,-6.255641327E0,-2.018402710E0
4.165008163E1,-1.657353516E0,-6.443201294E0,-2.477797394E0
4.166010863E1,-9.101074219E-1,-6.543941803E0,-2.875670013E0
4.167013562E1,1.480571136E0,-6.487658844E0,-3.384162598E0
4.168016262E1,4.672234039E0,-6.070925446E0,-4.259392548E0
4.169018962E1,7.442672882E0,-5.335804138E0,-5.633984070E0
4.170021663E1,8.816515961E0,-4.481829987E0,-6.968758392E0
4.171024362E1,8.467142487E0,-3.388802948E0,-7.747439117E0
4.172027062E1,7.742798767E0,-1.908830566E0,-7.414980469E0
4.173029762E1,9.020391998E0,6.141728210E-1,-5.656138000E0
4.174032463E1,1.392030258E1,4.696333923E0,-2.815195770E0
4.175035162E1,2.139036850E1,9.013057251E0,-6.014492798E-1
4.176037862E1,2.746039581E1,1.174472672E1,8.532257080E-2
4.177040562E1,2.975781830E1,1.284568726E1,-3.941304016E-1
4.178043263E1,2.863650009E1,1.404858582E1,-8.855584717E-1
4.179045963E1,2.584944580E1,1.521600815E1,-4.131408691E-2
4.180048662E1,2.307137283E1,1.561088699E1,1.556014252E0
4.181051362E1,2.070778793E1,1.538336014E1,2.154170380E0
4.182054062E1,1.818343735E1,1.484313354E1,1.354084167E0
4.183056763E1,1.552930664E1,1.401864807E1,-2.023791504E-1
4.184059462E1,1.268746628E1,1.292801605E1,-1.809586945E0
4.185062162E1,9.703571320E0,1.164533340E1,-2.748434601E0
4.186064862E1,7.081623688E0,1.025412643E1,-2.524500275E0
4.187067563E1,5.013973389E0,8.876092072E0,-1.317709808E0
4.188070262E1,3.436553650E0,7.765252075E0,3.772155762E-1
4.189072962E1,1.975741425E0,6.960824890E0,1.992356873E0
4.190075763E1,5.245092773E-1,6.357429657E0,3.280428314E0
4.191078462E1,-6.548881531E-1,5.974076843E0,4.075125732E0
4.192081162E1,-1.464404755E0,5.692961426E0,4.278852081E0
4.193083862E1,-1.974992981E0,5.485941925E0,3.850742340E0
4.194086563E1,-2.503094788E0,5.190905457E0,2.985990601E0
4.195089262E1,-3.034938812E0,4.857099609E0,2.044448547E0
4.196091962E1,-3.596870270E0,4.637955322E0,1.434766388E0
4.197094662E1,-4.126169586E0,4.341122589E0,1.266516266E0
4.198097363E1,-4.487817535E0,4.122127991E0,1.437311096E0
4.199100062E1,-4.604574738E0,4.131558380E0,1.981279907E0
4.200102762E1,-4.278253326E0,4.269122314E0,2.940485229E0
4.201105462E1,-3.606600037E0,4.376748505E0,4.083208923E0
4.202108163E1,-2.407144318E0,4.663103027E0,5.078189850E0
4.203110863E1,-4.559518433E-1,5.411846008E0,5.838907928E0
4.204113562E1,2.369273071E0,6.811884613E0,6.446793823E0
4.205116262E1,5.355712738E0,8.389004974E0,6.748266907E0
4.206118963E1,7.079977112E0,9.960137787E0,6.607110443E0
4.207121663E1,7.795040131E0,1.167886368E1,6.318660278E0
4.208124362E1,9.069639587E0,1.296199539E1,6.232289886E0
4.209127062E1,1.151226013E1,1.400876862E1,6.297703857E0
4.210129762E1,1.494567032E1,1.477352829E1,5.944887543E0
4.211132463E1,1.863474884E1,1.480631012E1,4.571194153E0
4.212135162E1,2.094654144E1,1.386521713E1,2.236499176E0
4.213137862E1,2.078921860E1,1.205024139E1,-1.655557251E-1
4.214140562E1,1.852233261E1,1.077549225E1,-1.891466675E0
4.215143263E1,1.644510223E1,1.007090744E1,-2.593057709E0
4.216145963E1,1.573198517E1,9.062155151E0,-2.442770233E0
4.217148662E1,1.549023788E1,7.711214447E0,-1.964365082E0
4.218151362E1,1.533037033E1,6.407425690E0,-1.668280792E0
4.219154063E1,1.486633530E1,5.427263947E0,-1.438358917E0
4.220156763E1,1.365400635E1,4.636458435E0,-1.274898834E0
4.221159462E1,1.179292648E1,3.851939850E0,-9.918374634E-1
4.222162162E1,9.722282410E0,3.105591888E0,-5.890251160E-1
4.223164862E1,7.924520874E0,2.351310425E0,1.107696533E-2
4.224167563E1,6.339916077E0,1.552721100E0,7.342231750E-1
4.225170262E1,5.102888489E0,1.012943573E0,1.562750244E0
4.226172962E1,4.571792908E0,4.914280701E-1,2.067201233E0
4.227175662E1,4.469256134E0,-1.689985657E-1,1.790726166E0
4.228178363E1,4.357588348E0,-8.526269531E-1,7.581733704E-1
4.229181062E1,4.228856049E0,-1.365011444E0,-5.128335571E-1
4.230183762E1,4.141288147E0,-1.625918884E0,-1.891316986E0
4.231186462E1,4.313280487E0,-1.611548767E0,-3.373385010E0
4.232189163E1,4.090543671E0,-2.003433838E0,-4.783153381E0
4.233191863E1,3.094963989E0,-2.877316589E0,-5.655539246E0
4.234194562E1,1.916913757E0,-4.002975769E0,-5.639971619E0
4.235197262E1,1.244212646E0,-5.046306152E0,-4.916526031E0
4.236199962E1,1.244362335E0,-5.750292206E0,-4.223018188E0
4.237202663E1,2.336491241E0,-6.149062958E0,-3.858077087E0
4.238205462E1,4.468657379E0,-6.330186310E0,-3.986510010E0
4.239208163E1,6.388714600E0,-6.140530701E0,-4.618944855E0
4.240210862E1,7.089108124E0,-5.572462006E0,-5.472170563E0
4.241213562E1,7.213499451E0,-4.720733185E0,-6.309678955E0
4.242216262E1,7.375163269E0,-3.506458282E0,-6.715335388E0
4.243218963E1,8.877588959E0,-1.065035248E0,-6.105503540E0
4.244221663E1,1.333591782E1,2.615660706E0,-4.231400757E0
4.245224362E1,2.083173019E1,6.576274567E0,-2.073488159E0
4.246227062E1,2.863590134E1,9.764794006E0,-7.533833313E-1
4.247229762E1,3.422348190E1,1.220486984E1,-3.385958862E-1
4.248232463E1,3.581961273E1,1.438373886E1,-1.872605896E-1
4.249235162E1,3.389611267E1,1.598585724E1,1.698966980E-1
4.250237862E1,2.994837204E1,1.627266083E1,6.637197876E-1
4.251240562E1,2.559362778E1,1.559726532E1,8.030799866E-1
4.252243263E1,2.170022415E1,1.452130280E1,8.081694031E-1
4.253245912E1,1.796698746E1,1.322410034E1,8.976832581E-1
4.254248612E1,1.410441971E1,1.158650574E1,1.004561005E0
4.255251313E1,1.001088226E1,9.700876923E0,1.302591248E0
4.256254012E1,5.969137115E0,7.856412506E0,2.154320068E0
4.257256712E1,2.350711670E0,6.322552185E0,3.365601196E0
4.258259412E1,-4.462220764E-1,5.089266815E0,4.527485046E0
4.259262113E1,-2.442770233E0,4.075874176E0,5.273084564E0
4.260264813E1,-3.765719147E0,3.310366058E0,5.569468231E0
4.261267512E1,-4.511468353E0,2.720143433E0,5.283263397E0
4.262270212E1,-4.814138947E0,2.186203766E0,4.530927887E0
4.263272912E1,-4.865182800E0,1.665137329E0,3.709136810E0
4.264275613E1,-5.147046661E0,1.255738678E0,2.986140289E0
4.265278312E1,-5.787115631E0,1.132544861E0,2.302362213E0
4.266281012E1,-6.616989899E0,1.208437042E0,1.750759277E0
4.267283712E1,-7.210505676E0,1.243763580E0,1.604962463E0
4.268286413E1,-7.558531952E0,1.280587006E0,2.020198975E0
4.269289112E1,-7.559579773E0,1.615590363E0,2.844834137E0
4.270291812E1,-7.058721313E0,2.085912323E0,3.806135101E0
4.271294512E1,-5.657485199E0,2.862946472E0,4.443659363E0
4.272297213E1,-3.616928558E0,3.781735840E0,4.595593414E0
4.273299913E1,-1.578916626E0,4.843028870E0,4.129313049E0
4.274302612E1,-3.613485718E-1,5.983357544E0,3.185675354E0
4.275305312E1,7.954458618E-1,7.528743896E0,2.642454987E0
4.276308012E1,1.981728973E0,9.668693848E0,2.947969666E0
4.277310713E1,3.192111969E0,1.245395187E1,3.744613037E0
4.278313412E1,4.916825409E0,1.559187653E1,4.752916260E0
4.279316112E1,8.499924316E0,1.919398590E1,6.990762634E0
4.280318812E1,1.550011734E1,2.316043762E1,1.054601944E1
4.281321513E1,2.497960464E1,2.647664154E1,1.372016876E1
4.282324212E1,3.249637344E1,2.672003540E1,1.469344482E1
4.283326912E1,3.463347931E1,2.391651535E1,1.338756042E1
4.284329612E1,3.183355179E1,2.049043991E1,1.097757202E1
4.285332313E1,2.739183838E1,1.813688416E1,8.370742950E0
4.286335013E1,2.402084839E1,1.568139038E1,5.923482056E0
4.287337712E1,2.157972473E1,1.233375183E1,3.747906189E0
4.288340412E1,1.881093246E1,8.746761017E0,1.869761810E0
4.289343112E1,1.530716858E1,5.609435120E0,4.834945679E-1
4.290345813E1,1.147663422E1,3.205583954E0,4.146377563E-2
4.291348512E1,8.170459442E0,1.447190552E0,5.932164001E-1
4.292351212E1,6.042334900E0,7.155120850E-2,1.703607330E0
4.293353912E1,5.124743042E0,-1.317260742E0,2.865042114E0
4.294356613E1,4.932842102E0,-2.684218140E0,3.680396576E0
4.295359312E1,4.905449066E0,-3.934268646E0,3.947740631E0
4.296362012E1,4.668491821E0,-5.193450165E0,3.648512878E0
4.297364712E1,4.013753357E0,-6.240822144E0,2.781815186E0
4.298367413E1,3.226989441E0,-7.060218201E0,1.575922852E0
4.299370113E1,2.515968018E0,-7.815547485E0,1.088237000E-1
4.300372812E1,1.496887207E0,-8.559350739E0,-1.419198761E0
4.301375512E1,2.219883728E-1,-9.144184570E0,-2.737657013E0
4.302378312E1,-1.134490814E0,-9.436676331E0,-3.640579376E0
4.303380913E1,-2.331551514E0,-9.533075867E0,-4.093836823E0
4.304383712E1,-2.967728577E0,-9.539362793E0,-4.167034607E0
4.305386413E1,-2.495011597E0,-9.451495514E0,-4.103716278E0
4.306389112E1,-2.263293457E-1,-9.013805695E0,-4.424798584E0
4.307391812E1,3.009940796E0,-8.531658325E0,-5.307512970E0
4.308394512E1,6.103258209E0,-7.841144257E0,-6.546935577E0
4.309397213E1,8.486602020E0,-6.575376434E0,-7.556735687E0
4.310399912E1,1.036115387E1,-4.965623932E0,-8.036937103E0
4.311402612E1,1.110510681E1,-2.959795074E0,-8.179141388E0
4.312405312E1,1.138307877E1,-4.080514526E-1,-7.591613159E0
4.313408013E1,1.286095551E1,2.478695526E0,-5.080135803E0
4.314410713E1,1.674747345E1,6.137686615E0,-9.154962158E-1
4.315413412E1,2.240421021E1,1.020532791E1,3.057242432E0
4.316416112E1,2.827395401E1,1.357422226E1,5.072202301E0
4.317418812E1,3.210598526E1,1.551942719E1,4.798271942E0
4.318421513E1,3.258199539E1,1.693248871E1,3.088527374E0
4.319424212E1,2.989882507E1,1.802386917E1,2.048041077E0
4.320426912E1,2.587638977E1,1.800306244E1,2.489772491E0
4.321429612E1,2.208357697E1,1.714579514E1,2.763253784E0
4.322432313E1,1.911704590E1,1.605680969E1,2.037113800E0
4.323435012E1,1.674807220E1,1.471919128E1,6.390211487E-1
4.324437712E1,1.396146698E1,1.315464478E1,-9.470805359E-1
4.325440412E1,1.050814819E1,1.152558243E1,-2.108515320E0
4.326443113E1,7.009324036E0,9.962832184E0,-2.242187347E0
4.327445813E1,4.321363678E0,8.822952576E0,-1.056802368E0
4.328448512E1,2.430495758E0,7.936645660E0,8.717871094E-1
4.329451212E1,1.186732178E0,7.352410583E0,2.744692383E0
4.330453912E1,3.956272888E-1,7.010072479E0,4.291875000E0
4.331456613E1,-1.555265808E-1,6.900799713E0,5.104535065E0
4.332459312E1,-6.497987366E-1,6.906338196E0,5.185217285E0
4.333462012E1,-1.177900543E0,6.790329437E0,4.657115479E0
4.334464712E1,-1.870510254E0,6.456074524E0,3.848796387E0
4.335467413E1,-2.765499115E0,6.061794434E0,3.045267334E0
4.336470112E1,-3.802392883E0,5.824687500E0,2.355352020E0
4.337472812E1,-4.590204620E0,5.733527069E0,1.789229279E0
4.338475512E1,-4.818779297E0,5.643863525E0,1.424886932E0
4.339478213E1,-4.834197235E0,5.510041809E0,1.431622925E0
4.340480913E1,-4.463118896E0,5.788013763E0,1.789678345E0
4.341483612E1,-3.291954346E0,6.529122620E0,2.335443420E0
4.342486312E1,-1.363364868E0,7.741002502E0,2.995271301E0
4.343489012E1,1.732347565E0,9.398954773E0,3.644022217E0
4.344491713E1,5.367388458E0,1.126138184E1,4.092489624E0
4.345494412E1,8.412206726E0,1.292128006E1,4.436174927E0
4.346497112E1,9.990524597E0,1.441846664E1,4.842430115E0
4.347499812E1,1.074076447E1,1.575773163E1,5.529201965E0
4.348502513E1,1.177286819E1,1.689716217E1,6.569089508E0
4.349505212E1,1.350207230E1,1.737901016E1,7.581134949E0
4.350507912E1,1.552736069E1,1.765099457E1,7.912396088E0
4.351510612E1,1.794662979E1,1.786010971E1,7.144942017E0
4.352513313E1,2.059941330E1,1.718666016E1,5.497168579E0
4.353516087E1,2.229164429E1,1.569665863E1,3.490591278E0
4.354518788E1,2.260224838E1,1.423779236E1,1.421593781E0
4.355521487E1,2.205019638E1,1.324026672E1,-4.194277954E-1
4.356524187E1,2.129262177E1,1.229812592E1,-1.808838501E0
4.357526887E1,2.029225204E1,1.098760117E1,-2.555635529E0
4.358529588E1,1.857053238E1,9.286538544E0,-2.813848572E0
4.359532288E1,1.595711700E1,7.360942841E0,-2.548749847E0
4.360534987E1,1.285885986E1,5.468727722E0,-1.815873871E0
4.361537687E1,9.899813232E0,3.974534912E0,-7.918533325E-1
4.362540388E1,7.760012970E0,2.655926971E0,3.749702454E-1
4.363543088E1,6.384373627E0,1.281485138E0,1.538650360E0
4.364545787E1,5.379962311E0,2.544708252E-2,2.464774475E0
4.365548487E1,4.578678589E0,-1.087039490E0,3.058290253E0
4.366551187E1,3.845952301E0,-2.101929016E0,3.314407654E0
4.367553888E1,3.287463684E0,-2.989732819E0,3.236419830E0
4.368556587E1,2.969375153E0,-3.937262421E0,2.791544952E0
4.369559287E1,2.684218140E0,-4.981490936E0,2.073039093E0
4.370561987E1,2.470013580E0,-5.724545746E0,1.166973267E0
4.371564688E1,2.351011047E0,-6.092031555E0,3.131488037E-1
4.372567388E1,1.725910950E0,-6.421795807E0,-4.836442566E-1
4.373570087E1,6.845265198E-1,-6.594686279E0,-1.257984009E0
4.374572787E1,-3.188369751E-1,-6.705306244E0,-1.943857727E0
4.375575488E1,-5.839356995E-1,-6.640790405E0,-2.443368988E0
4.376578188E1,-2.667453003E-1,-6.521638184E0,-2.706671448E0
4.377580887E1,8.300239563E-1,-6.387068024E0,-2.929258575E0
4.378583587E1,3.073408813E0,-6.067931671E0,-3.569327545E0
4.379586287E1,5.911357269E0,-5.477409668E0,-4.886588287E0
4.380588988E1,8.344996490E0,-4.200564880E0,-7.093898163E0
4.381591687E1,8.777297516E0,-2.796185303E0,-9.563462677E0
4.382594387E1,7.297774200E0,-1.235979767E0,-1.091724747E1
4.383597087E1,6.290219421E0,5.402265930E-1,-1.008378067E1
4.384599788E1,8.259673920E0,3.357518005E0,-7.102580109E0
4.385602488E1,1.388153320E1,6.943311310E0,-3.984114990E0
4.386605187E1,2.224778549E1,1.004605911E1,-2.475402374E0
4.387607887E1,2.988924500E1,1.237910751E1,-2.909799042E0
4.388610588E1,3.317491241E1,1.414333878E1,-4.337380371E0
4.389613288E1,3.137146271E1,1.565070419E1,-4.604874115E0
4.390615987E1,2.674518311E1,1.649599640E1,-3.048111420E0
4.391618687E1,2.242651382E1,1.647683624E1,-1.105750580E0
4.392621387E1,1.942944626E1,1.609288467E1,-1.579216003E-1
4.393624088E1,1.737481888E1,1.518547165E1,-6.439608765E-1
4.394626787E1,1.542961395E1,1.369591919E1,-1.568737793E0
4.395629487E1,1.272324188E1,1.189576263E1,-1.861828308E0
4.396632187E1,9.528734894E0,1.020203476E1,-1.161434784E0
4.397634888E1,6.387068024E0,8.796158295E0,3.339555359E-1
4.398637587E1,4.015699310E0,7.669301605E0,2.119891663E0
4.399640287E1,2.480940857E0,6.739285583E0,3.807033234E0
4.400642987E1,1.473984833E0,5.984555054E0,5.316494293E0
4.401645688E1,1.085841980E0,5.511389008E0,6.488706665E0
4.402648388E1,1.461111603E0,5.489684143E0,7.064858551E0
4.403651087E1,1.960173798E0,5.523962860E0,6.949747925E0
4.404653787E1,1.463057556E0,5.179229736E0,6.269412689E0
4.405656487E1,5.643264771E-2,4.804409180E0,5.339995422E0
4.406659188E1,-1.375489655E0,4.521497498E0,4.417613525E0
4.407661887E1,-2.563419342E0,4.200864258E0,3.749552765E0
4.408664587E1,-3.225941620E0,4.148772583E0,3.417243805E0
4.409667287E1,-3.133433990E0,4.520599365E0,3.298091583E0
4.410669988E1,-2.758014679E0,4.908742218E0,3.388204193E0
4.411672687E1,-1.927841034E0,5.449417877E0,3.737128601E0
4.412675387E1,-6.508465576E-1,6.307583313E0,4.365970917E0
4.413678087E1,1.990710297E0,7.704478455E0,4.977000275E0
4.414680788E1,5.336402893E0,9.427096252E0,4.971910858E0
4.415683488E1,7.921527100E0,1.055724609E1,3.885170746E0
4.416686187E1,9.324409790E0,1.152019363E1,2.706521759E0
4.417688887E1,1.008497818E1,1.278955399E1,2.613115997E0
4.418691587E1,1.095047836E1,1.435784271E1,4.248165894E0
4.419694288E1,1.197105606E1,1.687156540E1,6.857389984E0
4.420696987E1,1.376836853E1,1.942196182E1,8.589887238E0
4.421699687E1,1.659853317E1,1.969170090E1,9.731413422E0
4.422702387E1,1.844000381E1,1.897873352E1,8.595126343E0
4.423705088E1,1.917737045E1,1.755863663E1,5.434598694E0
4.424707787E1,1.952120544E1,1.589933716E1,2.249073029E0
4.425710487E1,1.910177765E1,1.432775528E1,-2.769241333E-1
4.426713187E1,1.821083038E1,1.293460236E1,-1.778751068E0
4.427715888E1,1.735850281E1,1.150821854E1,-2.161056061E0
4.428718687E1,1.661380142E1,9.649833069E0,-1.490300903E0
4.429721388E1,1.525208313E1,7.377558289E0,-2.932402039E-1
4.430723987E1,1.297771271E1,5.245541840E0,8.009843445E-1
4.431726787E1,1.039333694E1,3.378474426E0,1.538500671E0
4.432729388E1,8.105943604E0,1.640738068E0,2.063309326E0
4.433732187E1,6.326593781E0,1.305285645E-1,2.347568207E0
4.434734787E1,5.248685303E0,-1.038540344E0,2.358046417E0
4.435737587E1,4.676275635E0,-2.082918549E0,1.811383209E0
4.436740287E1,4.364923096E0,-3.053051147E0,6.307882690E-1
4.437742987E1,4.141437836E0,-3.820355530E0,-8.622070313E-1
4.438745688E1,3.866459656E0,-4.506977692E0,-2.344724121E0
4.439748388E1,3.517834625E0,-5.051994324E0,-3.756737823E0
4.440751087E1,3.003204803E0,-5.385351105E0,-4.985682220E0
4.441753787E1,2.259700928E0,-5.587879944E0,-5.822442169E0
4.442756488E1,1.056053925E0,-5.840404816E0,-6.214776306E0
4.443759188E1,-4.484674072E-1,-6.178551636E0,-6.030958557E0
4.444761887E1,-1.665137329E0,-6.719376984E0,-5.375022583E0
4.445764587E1,-2.234403534E0,-7.128925323E0,-4.549638977E0
4.446767287E1,-2.063309326E0,-7.326514435E0,-3.777095490E0
4.447769988E1,-6.641688538E-1,-7.291786652E0,-3.295097809E0
4.448772687E1,1.694476318E0,-7.119944000E0,-3.541635132E0
4.449775387E1,4.547094269E0,-6.558611298E0,-4.184997253E0
4.450778087E1,7.697892151E0,-5.202880554E0,-4.989574127E0
4.451780788E1,1.009590546E1,-3.586242371E0,-6.246660004E0
4.452783487E1,1.031400192E1,-2.239043884E0,-7.321724396E0
4.453786208E1,9.253157959E0,-8.196954346E-1,-7.107370148E0
4.454788908E1,1.027149033E1,1.574276276E0,-4.924160156E0
4.455791608E1,1.439017548E1,5.050946503E0,-1.916315002E0
4.456794308E1,2.077395035E1,9.095984802E0,1.895059204E-1
4.457797008E1,2.745770142E1,1.242401413E1,3.749702454E-1
4.458799708E1,3.170990891E1,1.446217575E1,-1.400787048E0
4.459802408E1,3.235880951E1,1.591370728E1,-3.844305725E0
4.460805108E1,3.001677979E1,1.720522156E1,-5.228327637E0
4.461807808E1,2.653846298E1,1.745460297E1,-5.471422119E0
4.462810508E1,2.334410568E1,1.672427170E1,-5.620961151E0
4.463813208E1,2.057755875E1,1.558484116E1,-6.032605133E0
4.464815908E1,1.792866714E1,1.426862823E1,-6.084996185E0
4.465818608E1,1.498264343E1,1.301588333E1,-5.203628998E0
4.466821308E1,1.188992477E1,1.181283508E1,-3.557651825E0
4.467824008E1,9.100924530E0,1.049931656E1,-1.515149231E0
4.468826708E1,6.774462433E0,9.263935547E0,5.792953491E-1
4.469829408E1,4.806654510E0,8.274343414E0,2.581980743E0
4.470832108E1,3.185375977E0,7.557633820E0,4.301455078E0
4.471834808E1,1.907034302E0,6.940616913E0,5.477110291E0
4.472837508E1,1.055155792E0,6.458918610E0,5.944588165E0
4.473840208E1,2.941383362E-1,5.989794159E0,5.852978668E0
4.474842908E1,-6.975494385E-1,5.478756866E0,5.284610596E0
4.475845608E1,-2.007924500E0,5.047054596E0,4.347110138E0
4.476848308E1,-3.131637726E0,4.743485870E0,3.464695129E0
4.477851008E1,-3.813170471E0,4.624633026E0,2.935246124E0
4.478853708E1,-4.490960999E0,4.570445709E0,2.786305847E0
4.479856408E1,-4.924010468E0,4.500840454E0,3.103645935E0
4.480859108E1,-4.422553253E0,4.775219879E0,3.822750549E0
4.481861808E1,-3.141816559E0,5.886658630E0,4.522096252E0
4.482864508E1,-1.462907867E0,7.079378357E0,4.762496338E0
4.483867208E1,3.742218018E-1,8.221503296E0,4.411326599E0
4.484869908E1,2.896476746E0,9.641300812E0,3.694018250E0
4.485872608E1,5.755980377E0,1.139520355E1,2.887495422E0
4.486875308E1,8.219257965E0,1.338217163E1,2.239792328E0
4.487878008E1,9.931247864E0,1.492157043E1,1.828747101E0
4.488880708E1,1.123668320E1,1.623374176E1,1.895957336E0
4.489883408E1,1.288535477E1,1.759306503E1,2.826422424E0
4.490886108E1,1.514685196E1,1.838970840E1,4.134701843E0
4.491888808E1,1.728560440E1,1.881138153E1,4.867727509E0
4.492891508E1,1.909803543E1,1.843147156E1,4.357588348E0
4.493894208E1,1.979962646E1,1.699161575E1,2.564467163E0
4.494896908E1,1.907932434E1,1.533665726E1,4.104464722E-1
4.495899608E1,1.775083694E1,1.402912628E1,-1.473984833E0
4.496902308E1,1.642713959E1,1.323772202E1,-2.630479889E0
4.497905008E1,1.568902451E1,1.264091309E1,-2.941682739E0
4.498907708E1,1.523816208E1,1.146525787E1,-2.548450470E0
4.499910408E1,1.421309372E1,9.664502563E0,-1.786684570E0
4.500913108E1,1.230471222E1,7.748486938E0,-9.506730652E-1
4.501915808E1,1.006881180E1,5.968987427E0,-1.311273193E-1
4.502918508E1,7.849077759E0,4.150718536E0,6.807843018E-1
4.503921208E1,5.932014313E0,2.409090271E0,1.644330597E0
4.504923908E1,4.697681122E0,1.051263885E0,2.644101562E0
4.505926608E1,4.190984802E0,-8.457412720E-2,3.406915283E0
4.506929308E1,4.076622620E0,-1.428479462E0,3.435655518E0
4.507932008E1,4.098626862E0,-2.974015503E0,2.597398682E0
4.508934708E1,4.186194763E0,-4.367767181E0,1.182690582E0
4.509937408E1,4.417763214E0,-5.570216675E0,-2.883004761E-1
4.510940108E1,4.717290344E0,-6.743925934E0,-1.558558960E0
4.511942808E1,4.533322906E0,-7.475754089E0,-2.582729187E0
4.512945508E1,3.367247772E0,-7.864495697E0,-3.364852753E0
4.513948208E1,1.578467560E0,-8.292455750E0,-3.849844208E0
4.514950908E1,-4.870870972E-1,-8.609346771E0,-4.179608459E0
4.515953608E1,-2.237546997E0,-8.825946350E0,-4.457580414E0
4.516956308E1,-3.036435699E0,-8.970545654E0,-4.581971741E0
4.517959008E1,-2.755919037E0,-9.076225891E0,-4.621339874E0
4.518961708E1,-1.344204712E0,-8.525820465E0,-4.609215088E0
4.519964408E1,1.283281403E0,-7.454947357E0,-4.784650269E0
4.520967108E1,4.870421906E0,-6.006708984E0,-5.550158386E0
4.521969808E1,8.538993073E0,-4.190236359E0,-6.854695587E0
4.522972508E1,1.061233154E1,-2.119891663E0,-8.004304962E0
4.523975208E1,1.125973526E1,6.569837952E-1,-7.741451569E0
4.524977908E1,1.322425003E1,4.238286438E0,-5.801785126E0
4.525980608E1,1.770922348E1,8.257278900E0,-3.440744934E0
4.526983308E1,2.402713531E1,1.238763977E1,-2.039658508E0
4.527986008E1,2.965558090E1,1.544173874E1,-1.916165314E0
4.528988708E1,3.190689926E1,1.748379227E1,-2.890189819E0
4.529991408E1,3.055146790E1,1.953273148E1,-3.680995331E0
4.530994108E1,2.743150589E1,2.084385498E1,-3.237617340E0
4.531996808E1,2.423146042E1,2.056932587E1,-2.594554596E0
4.532999508E1,2.106554398E1,1.941777054E1,-2.713706818E0
4.534002208E1,1.783181854E1,1.792582306E1,-3.130290527E0
4.535004908E1,1.459899124E1,1.627490616E1,-3.190615082E0
4.536007608E1,1.136077515E1,1.447504898E1,-2.665656738E0
4.537010308E1,8.324189758E0,1.261816040E1,-1.625918884E0
4.538013008E1,5.579197998E0,1.086575455E1,-1.082249451E-1
4.539015708E1,3.284769287E0,9.401200104E0,1.611249390E0
4.540018408E1,1.471589813E0,8.205037537E0,3.352877655E0
4.541021108E1,-3.906875610E-2,7.213649139E0,4.793631592E0
4.542023808E1,-1.246607666E0,6.411916351E0,5.708529053E0
4.543026508E1,-2.120340729E0,5.685177612E0,6.056405640E0
4.544029208E1,-2.512076111E0,5.135221252E0,5.868995361E0
4.545031908E1,-2.354453888E0,4.799020386E0,5.135969696E0
4.546034608E1,-1.697021027E0,4.794529724E0,4.067491608E0
4.547037308E1,-1.394350433E0,4.813839569E0,2.885549469E0
4.548040008E1,-1.922751617E0,4.754562836E0,1.892514496E0
4.549042708E1,-2.740800476E0,4.708907776E0,1.532064056E0
4.550045408E1,-3.240012360E0,4.500541077E0,1.869911499E0
4.551048108E1,-3.066822510E0,4.720882874E0,2.715652771E0
4.552050808E1,-2.034569092E0,5.507197723E0,3.555256805E0
4.553053508E1,-4.101470947E-1,6.300997009E0,4.001179504E0
4.554056162E1,1.607058105E0,7.276817780E0,4.031266937E0
4.555058863E1,4.117936707E0,8.780890045E0,3.786076813E0
4.556061562E1,6.822063446E0,1.062759979E1,3.384761353E0
4.557064262E1,8.992849274E0,1.245649658E1,2.852019196E0
4.558066962E1,1.040022263E1,1.423150543E1,2.429447937E0
4.559069663E1,1.109253296E1,1.599064728E1,2.675236816E0
4.560072363E1,1.203063217E1,1.746088989E1,3.464395752E0
4.561075062E1,1.384515884E1,1.860765518E1,4.300556946E0
4.562077762E1,1.618449417E1,1.920072189E1,4.328399048E0
4.563080462E1,1.839045685E1,1.843311813E1,2.690654755E0
4.564083163E1,1.949590805E1,1.711645615E1,1.454974365E-1
4.565085862E1,1.967224136E1,1.588017700E1,-2.175575867E0
4.566088562E1,1.927002777E1,1.463865875E1,-3.535946960E0
4.567091262E1,1.853071518E1,1.351509521E1,-3.763773193E0
4.568093963E1,1.747301468E1,1.213376770E1,-3.163671112E0
4.569096662E1,1.589604401E1,1.026580215E1,-2.168390808E0
4.570099362E1,1.387689285E1,8.220455475E0,-1.098864899E0
4.571102062E1,1.163889679E1,6.330934753E0,-1.502874756E-1
4.572104763E1,9.494755554E0,4.658911743E0,5.984555054E-1
4.573107463E1,7.881260834E0,3.220403137E0,1.180894318E0
4.574110162E1,6.974895630E0,1.962568817E0,1.677411804E0
4.575112862E1,6.396648102E0,7.247927856E-1,2.001787262E0
4.576115562E1,5.937403107E0,-4.122427368E-1,2.015109558E0
4.577118263E1,5.388494568E0,-1.619631958E0,1.703008575E0
4.578120962E1,4.588558044E0,-2.814447327E0,1.135239258E0
4.579123662E1,3.865411835E0,-3.873794403E0,5.502557373E-1
4.580126362E1,3.281625824E0,-4.870122528E0,2.529739380E-2
4.581129063E1,2.830464020E0,-5.872587891E0,-5.607339478E-1
4.582131762E1,2.135758667E0,-6.707551575E0,-1.260079651E0
4.583134462E1,1.100062408E0,-7.063211975E0,-1.888772278E0
4.584137162E1,6.900650024E-2,-7.328610077E0,-2.415227509E0
4.585139863E1,-7.282356262E-1,-7.742200012E0,-2.732417908E0
4.586142563E1,-1.066681824E0,-7.978408813E0,-3.018473053E0
4.587145262E1,-9.339079285E-1,-8.024363251E0,-3.402723999E0
4.588147962E1,-2.725831604E-1,-8.088280334E0,-3.906426544E0
4.589150663E1,1.366358643E0,-7.593559113E0,-4.438270569E0
4.590153363E1,4.035907288E0,-6.605613556E0,-5.004093933E0
4.591156062E1,6.949448547E0,-5.198090515E0,-5.788462830E0
4.592158762E1,8.968300323E0,-3.657344513E0,-6.718478851E0
4.593161462E1,9.425749054E0,-1.657503204E0,-7.113657074E0
4.594164163E1,9.851314087E0,1.199904785E0,-6.117179260E0
4.595166862E1,1.257085876E1,4.780758362E0,-4.063000946E0
4.596169562E1,1.823403214E1,8.950337677E0,-2.084415436E0
4.597172262E1,2.557895828E1,1.284194504E1,-1.134490814E0
4.598174963E1,3.160976715E1,1.530282761E1,-1.857337646E0
4.599177663E1,3.379522247E1,1.697994003E1,-3.416345673E0
4.600180362E1,3.231105881E1,1.843536346E1,-4.205504608E0
4.601183062E1,2.864158951E1,1.875479919E1,-3.627855835E0
4.602185763E1,2.451781494E1,1.788615555E1,-2.703378296E0
4.603188463E1,2.077260315E1,1.674837158E1,-2.409988403E0
4.604191162E1,1.762225433E1,1.545521072E1,-2.704126740E0
4.605193862E1,1.456411377E1,1.384426071E1,-3.136128387E0
4.606196562E1,1.124731110E1,1.215726883E1,-3.112327881E0
4.607199263E1,8.108188934E0,1.062715073E1,-2.195783844E0
4.608201962E1,5.652844849E0,9.221723328E0,-6.183641052E-1
4.609204662E1,3.764671326E0,7.927364960E0,1.272354126E0
4.610207362E1,2.247875519E0,7.026837616E0,3.393143921E0
4.611210063E1,1.116079102E0,6.487060089E0,5.357059937E0
4.612212762E1,3.501219177E-1,6.163433075E0,6.797963562E0
4.613215462E1,-1.414558411E-1,5.933960266E0,7.452103271E0
4.614218162E1,-5.677693176E-1,5.621559906E0,7.253017273E0
4.615220863E1,-1.096918945E0,5.281916199E0,6.216572571E0
4.616223563E1,-1.971250763E0,5.096152496E0,4.844525757E0
4.617226262E1,-2.903811493E0,4.924609222E0,3.713178406E0
4.618228962E1,-3.751199341E0,4.607269135E0,3.029999084E0
4.619231662E1,-4.650978241E0,4.234693909E0,2.879412231E0
4.620234363E1,-5.345234528E0,3.807482300E0,3.145708466E0
4.621237062E1,-5.575006714E0,3.649860077E0,3.621419220E0
4.622239762E1,-5.120551758E0,3.955674133E0,4.003873901E0
4.623242462E1,-3.924538879E0,4.589905243E0,4.112098846E0
4.624245163E1,-2.308798828E0,5.257816315E0,3.751648407E0
4.625247862E1,-4.713697815E-1,6.190826111E0,3.261567535E0
4.626250562E1,1.895208893E0,7.770790558E0,3.125201111E0
4.627253262E1,4.612657928E0,1.003303619E1,3.306174774E0
4.628255963E1,6.650220795E0,1.217553085E1,3.499273224E0
4.629258663E1,7.898624725E0,1.463117432E1,3.815266113E0
4.630261362E1,9.181307373E0,1.715747086E1,4.727020111E0
4.631264062E1,1.185384979E1,1.938962906E1,5.982758789E0
4.632266762E1,1.536749313E1,2.111104935E1,6.949598236E0
4.633269463E1,1.926029800E1,2.192490692E1,6.536607056E0
4.634272162E1,2.256886780E1,2.139500885E1,4.331542511E0
4.635274862E1,2.415541855E1,2.014465897E1,1.291963348E0
4.636277562E1,2.418790100E1,1.896630936E1,-1.668280792E0
4.637280263E1,2.356579468E1,1.770039185E1,-4.042942657E0
4.638282962E1,2.252111710E1,1.594229782E1,-5.605992279E0
4.639285662E1,2.076077774E1,1.371657623E1,-6.273005219E0
4.640288362E1,1.811892151E1,1.115929413E1,-5.864504700E0
4.641291063E1,1.493324615E1,8.581953735E0,-4.438120880E0
4.642293763E1,1.153201904E1,6.151757355E0,-2.558778992E0
4.643296462E1,8.711434479E0,3.706143036E0,-7.291337585E-1
4.644299162E1,6.767427063E0,1.469943237E0,1.062640228E0
4.645301862E1,5.399272156E0,-4.132905579E-1,2.743644562E0
4.646304563E1,4.455484772E0,-2.033521271E0,3.926634521E0
4.647307362E1,3.811074829E0,-3.468137970E0,4.293970642E0
4.648309962E1,3.384162598E0,-4.725972290E0,3.885619812E0
4.649312662E1,3.155438232E0,-6.013744354E0,2.906505890E0
4.650315363E1,3.275638275E0,-7.094796295E0,1.612147522E0
4.651318062E1,3.710334320E0,-7.727231140E0,2.493814087E-1
4.652320762E1,3.776496735E0,-8.023016052E0,-1.115180969E0
4.653323462E1,2.597847748E0,-8.286767578E0,-2.350861359E0
4.654326187E1,4.960684204E-1,-8.551117859E0,-3.443439331E0
4.655328888E1,-1.581461334E0,-8.691675568E0,-3.973487091E0
4.656331587E1,-2.810256042E0,-8.818312225E0,-4.029919739E0
4.657334287E1,-2.835703125E0,-9.001531219E0,-4.120032349E0
4.658336987E1,-1.527124329E0,-8.905880127E0,-4.621040497E0
4.659339688E1,1.355281677E0,-8.396489410E0,-5.502108307E0
4.660342387E1,4.922663269E0,-7.283104706E0,-6.537804565E0
4.661345087E1,7.792196045E0,-5.742358704E0,-7.671546936E0
4.662347787E1,8.735085297E0,-4.087100830E0,-8.769364014E0
4.663350488E1,8.230334930E0,-2.139051819E0,-9.144783325E0
4.664353188E1,7.651039581E0,3.712280273E-1,-7.869435425E0
4.665355987E1,9.465566254E0,4.326602783E0,-4.971910858E0
4.666358587E1,1.492486359E1,8.931177521E0,-2.347867584E0
4.667361287E1,2.318169342E1,1.299732193E1,-1.261726227E0
4.668363988E1,3.108376099E1,1.600157455E1,-1.316512299E0
4.669366687E1,3.523597641E1,1.839434875E1,-2.023492126E0
4.670369387E1,3.457315475E1,2.037742493E1,-2.212249603E0
4.671372087E1,3.061433716E1,2.113365234E1,-1.520687714E0
4.672374788E1,2.549827606E1,2.019974442E1,-9.481283569E-1
4.673377487E1,2.043266006E1,1.848311417E1,-1.153351593E0
4.674380187E1,1.596579895E1,1.671154816E1,-1.690584412E0
4.675382887E1,1.227507385E1,1.491573257E1,-1.924248505E0
4.676385588E1,9.281299438E0,1.311318100E1,-1.551822968E0
4.677388288E1,6.842720490E0,1.121033798E1,-5.143304443E-1
4.678390987E1,4.654720459E0,9.392967224E0,1.027463379E0
4.679393687E1,2.606380005E0,8.056546326E0,2.875520325E0
4.680396387E1,7.220983887E-1,7.173682251E0,4.583169250E0
4.681399088E1,-8.702902222E-1,6.589596863E0,5.862259369E0
4.682401787E1,-2.019151154E0,6.206842804E0,6.343358917E0
4.683404487E1,-2.752176819E0,5.882018280E0,5.878575439E0
4.684407187E1,-3.249442749E0,5.606740723E0,4.807552643E0
4.685409888E1,-3.492088165E0,5.408852234E0,3.714675293E0
4.686412587E1,-3.551664276E0,5.253175964E0,2.930605774E0
4.687415287E1,-3.872447205E0,5.111271057E0,2.348466339E0
4.688417987E1,-4.340374146E0,4.885540466E0,1.860032043E0
4.689420688E1,-4.477788391E0,4.579876099E0,1.605860596E0
4.690423388E1,-4.226161652E0,4.559219055E0,1.606010284E0
4.691426087E1,-3.864813080E0,4.832251282E0,1.908231812E0
4.692428787E1,-3.205733643E0,5.301375732E0,2.637664948E0
4.693431487E1,-1.648671570E0,6.330934753E0,3.526815948E0
4.694434188E1,1.343605957E0,8.155490570E0,4.254452820E0
4.695436887E1,5.766159210E0,1.055544983E1,4.581073608E0
4.696439587E1,1.005743546E1,1.305106018E1,4.251009979E0
4.697442287E1,1.250409760E1,1.501213211E1,3.575464783E0
4.698444988E1,1.340507401E1,1.657473267E1,3.207978973E0
4.699447687E1,1.388198227E1,1.774050842E1,3.842210083E0
4.700450387E1,1.498009872E1,1.870165970E1,5.084327087E0
4.701453087E1,1.688354050E1,1.927631470E1,5.886808319E0
4.702455788E1,1.876692398E1,1.920506287E1,5.313201141E0
4.703458488E1,2.013852173E1,1.790262131E1,2.967728577E0
4.704461187E1,2.049567902E1,1.578482529E1,-1.531315613E-1
4.705463887E1,1.946252747E1,1.385069733E1,-3.043171692E0
4.706466588E1,1.776041702E1,1.273821075E1,-5.109474792E0
4.707469288E1,1.643357620E1,1.207943069E1,-5.660329285E0
4.708471987E1,1.553753952E1,1.103490280E1,-4.817282410E0
4.709474687E1,1.421788376E1,9.312434692E0,-3.326682129E0
4.710477387E1,1.198737213E1,7.459138641E0,-1.878294067E0
4.711480088E1,9.268575897E0,5.622008972E0,-7.303312683E-1
4.712482787E1,6.657854919E0,3.785028992E0,3.022215271E-1
4.713485487E1,4.621938629E0,2.193538513E0,1.471290436E0
4.714488187E1,3.469634857E0,8.449928284E-1,2.658471680E0
4.715490888E1,3.092419281E0,-4.087998962E-1,3.375780029E0
4.716493588E1,3.219954071E0,-1.680405579E0,3.315605164E0
4.717496287E1,3.602558441E0,-2.940485229E0,2.495011597E0
4.718498987E1,4.082909546E0,-3.997137909E0,1.279090118E0
4.719501688E1,4.682562561E0,-4.731810150E0,8.831634521E-3
4.720504388E1,5.022655334E0,-5.307213593E0,-1.197659454E0
4.721507087E1,4.649930420E0,-5.912105713E0,-2.278112640E0
4.722509787E1,3.348237305E0,-6.299799500E0,-3.124752045E0
4.723512487E1,1.504072266E0,-6.789431305E0,-3.594924316E0
4.724515188E1,-4.671784973E-1,-7.272177429E0,-3.773203583E0
4.725517887E1,-2.219284973E0,-7.666906586E0,-3.824696503E0
4.726520587E1,-3.062331848E0,-7.905360718E0,-3.776796112E0
4.727523287E1,-2.682272186E0,-7.889044647E0,-3.814517670E0
4.728525988E1,-7.635621643E-1,-7.650590515E0,-4.070335693E0
4.729528687E1,2.168690186E0,-7.303312683E0,-4.575086060E0
4.730531387E1,5.203179932E0,-6.155649261E0,-5.285359039E0
4.731534087E1,7.912994843E0,-4.281247101E0,-6.105503540E0
4.732536788E1,9.326655121E0,-2.261796570E0,-7.035968628E0
4.733539488E1,9.171278229E0,-2.046244812E-1,-7.679480438E0
4.734542187E1,9.297166443E0,2.795436859E0,-7.137756958E0
4.735544887E1,1.213661179E1,6.537505188E0,-5.255121918E0
4.736547587E1,1.781445465E1,1.012329849E1,-3.447181549E0
4.737550288E1,2.413730621E1,1.289388702E1,-2.871778107E0
4.738552987E1,2.862078278E1,1.476918732E1,-3.498824158E0
4.739555687E1,3.011287994E1,1.635319336E1,-4.793781281E0
4.740558387E1,2.916115906E1,1.778616348E1,-6.150709534E0
4.741561088E1,2.683155350E1,1.820619003E1,-7.082970886E0
4.742563787E1,2.423774734E1,1.752795044E1,-7.829318848E0
4.743566487E1,2.163525925E1,1.636247406E1,-8.380323029E0
4.744569187E1,1.908740753E1,1.524280243E1,-8.395441589E0
4.745571888E1,1.659494064E1,1.413196243E1,-7.714357910E0
4.746574588E1,1.381462234E1,1.275886780E1,-6.485712891E0
4.747577287E1,1.084195404E1,1.126153152E1,-4.906347198E0
4.748579987E1,8.069718933E0,9.903256073E0,-3.081641693E0
4.749582687E1,5.695655823E0,8.790470123E0,-1.143771515E0
4.750585388E1,3.727398834E0,7.697293396E0,7.879614258E-1
4.751588087E1,2.226170654E0,6.807992706E0,2.598745880E0
4.752590787E1,1.278940430E0,6.125561829E0,4.190984802E0
4.753593487E1,6.691085815E-1,5.605543213E0,5.382956085E0
4.754596163E1,6.721023560E-2,5.121300201E0,6.148913269E0
4.755598862E1,-5.995033264E-1,4.727169800E0,6.269712067E0
4.756601562E1,-1.365610199E0,4.450395355E0,5.820496216E0
4.757604262E1,-2.154170380E0,4.208648071E0,5.092859344E0
4.758606963E1,-2.847827911E0,3.926335144E0,4.431534576E0
4.759609662E1,-3.388353882E0,3.577710114E0,4.016447754E0
4.760612362E1,-3.637136536E0,3.475472717E0,3.902684326E0
4.761615062E1,-3.399879913E0,3.667822723E0,3.885619812E0
4.762617763E1,-3.199446716E0,3.952231293E0,3.845353546E0
4.763620462E1,-3.031196594E0,4.533771973E0,3.696562958E0
4.764623063E1,-1.880988464E0,5.722001038E0,3.463198242E0
4.765625762E1,3.700305176E-1,7.344776459E0,3.195554810E0
4.766628462E1,3.134930878E0,9.489965515E0,2.947221222E0
4.767631162E1,5.899531860E0,1.212478638E1,2.769091644E0
4.768633863E1,8.343200226E0,1.503009476E1,2.901566162E0
4.769636563E1,1.091784622E1,1.752360947E1,3.477718048E0
4.770639262E1,1.393856461E1,1.908890442E1,3.906576233E0
4.771641962E1,1.647923126E1,1.978825012E1,3.811074829E0
4.772644662E1,1.817236038E1,1.961086899E1,2.858755188E0
4.773647363E1,1.878054565E1,1.859388382E1,1.174906769E0
4.774650062E1,1.817730011E1,1.725641510E1,-1.046024780E0
4.775652762E1,1.713247284E1,1.619078110E1,-3.395538940E0
4.776655462E1,1.652219193E1,1.546778458E1,-5.006039886E0
4.777658163E1,1.637819138E1,1.449720291E1,-5.413791962E0
4.778660862E1,1.585907089E1,1.284583694E1,-4.710105286E0
4.779663562E1,1.432745590E1,1.102187988E1,-3.266058197E0
4.780666262E1,1.188932602E1,9.291478271E0,-1.681303711E0
4.781668963E1,9.225615234E0,7.520960083E0,-1.422042847E-1
4.782671663E1,7.103328552E0,5.869893494E0,1.314566345E0
4.783674362E1,5.687123566E0,4.393813019E0,2.509531403E0
4.784677062E1,5.060975647E0,3.063828735E0,3.154839478E0
4.785679762E1,5.016817474E0,1.587299194E0,3.314407654E0
4.786682463E1,5.188809814E0,3.757186890E-2,3.048261108E0
4.787685162E1,5.378016357E0,-1.486259308E0,2.510878601E0
4.788687862E1,5.260959778E0,-2.862497406E0,1.787133636E0
4.789690562E1,4.795427856E0,-4.016747131E0,9.533674622E-1
4.790693263E1,4.147425385E0,-5.078938293E0,2.007325745E-1
4.791695962E1,3.641776886E0,-5.918991394E0,-6.589297485E-1
4.792698662E1,3.090772705E0,-6.462062073E0,-1.677411804E0
4.793701362E1,1.810335388E0,-6.940467224E0,-2.646047516E0
4.794704063E1,1.631607056E-1,-7.314539337E0,-3.422782288E0
4.795706763E1,-1.324745178E0,-7.542066193E0,-3.837120667E0
4.796709462E1,-2.111209717E0,-7.737709351E0,-4.053271179E0
4.797712162E1,-1.794618073E0,-7.892038422E0,-4.359683990E0
4.798714862E1,-3.501219177E-1,-7.665409698E0,-4.813989258E0
4.799717563E1,2.211650848E0,-6.993307343E0,-5.493126984E0
4.800720262E1,5.286556549E0,-5.892197113E0,-6.369404755E0
4.801722962E1,7.410789185E0,-4.359534302E0,-7.362290039E0
4.802725662E1,7.845485229E0,-2.574795685E0,-8.284073181E0
4.803728363E1,7.384144592E0,-4.731660461E-1,-8.591833191E0
4.804731062E1,7.852969666E0,2.083217926E0,-7.418572998E0
4.805733762E1,1.088940536E1,5.577401733E0,-5.072052612E0
4.806736462E1,1.658610901E1,9.592352600E0,-3.460653534E0
4.807739163E1,2.356295059E1,1.278132111E1,-3.398083649E0
4.808741863E1,2.928824478E1,1.458312424E1,-4.843777313E0
4.809744562E1,3.207050903E1,1.610366226E1,-6.990612946E0
4.810747262E1,3.121174484E1,1.759605881E1,-8.190817108E0
4.811749963E1,2.791829361E1,1.800530777E1,-7.685467987E0
4.812752663E1,2.407758041E1,1.743214966E1,-6.214925995E0
4.813755362E1,2.048520081E1,1.672756485E1,-5.361251221E0
4.814758062E1,1.763782196E1,1.577225143E1,-5.457201691E0
4.815760762E1,1.529145126E1,1.438867859E1,-5.760321350E0
4.816763463E1,1.277668076E1,1.269884262E1,-5.387746124E0
4.817766162E1,9.875713348E0,1.102262833E1,-4.120930481E0
4.818768862E1,6.860683136E0,9.442364502E0,-2.302062836E0
4.819771562E1,4.096381531E0,7.982450409E0,-2.647993469E-1
4.820774263E1,1.676363983E0,6.691534882E0,1.779499512E0
4.821776862E1,-1.085243225E-1,5.742508392E0,3.808829498E0
4.822779563E1,-1.092577972E0,5.250331879E0,5.535788269E0
4.823782263E1,-1.567989349E0,4.864134979E0,6.728657684E0
4.824784962E1,-1.890269165E0,4.492158508E0,7.345375214E0
4.825787662E1,-2.061812439E0,4.351451111E0,7.345824280E0
4.826790363E1,-2.235900421E0,4.231101379E0,6.895261230E0
4.827793063E1,-2.585273895E0,4.003275146E0,6.183940430E0
4.828795762E1,-2.928659821E0,3.733536072E0,5.479355621E0
4.829798462E1,-3.128045197E0,3.543431396E0,5.022655334E0
4.830801162E1,-3.298390961E0,3.479664001E0,4.642595673E0
4.831803863E1,-3.423979797E0,3.692820740E0,4.383334808E0
4.832806562E1,-2.987936554E0,4.241130524E0,4.310137024E0
4.833809262E1,-1.604513397E0,5.202132111E0,4.467310181E0
4.834811962E1,9.470805359E-1,6.790030060E0,4.552333374E0
4.835814663E1,4.345164185E0,8.869505768E0,4.124223633E0
4.836817363E1,7.755971375E0,1.096664474E1,3.117716675E0
4.837820062E1,1.012329849E1,1.309656555E1,2.027533722E0
4.838822762E1,1.173619446E1,1.518622009E1,1.338516541E0
4.839825463E1,1.264809814E1,1.671424255E1,1.603016510E0
4.840828163E1,1.358889175E1,1.817744980E1,2.916085968E0
4.841830862E1,1.510793289E1,1.974499008E1,4.369114380E0
4.842833562E1,1.712304245E1,2.069057373E1,4.595743103E0
4.843836262E1,1.891137360E1,2.033880524E1,3.059637451E0
4.844838963E1,1.986324417E1,1.903561523E1,3.053649902E-1
4.845841662E1,1.981055374E1,1.766611313E1,-2.355202332E0
4.846844362E1,1.892589340E1,1.649704422E1,-4.260140991E0
4.847847062E1,1.783181854E1,1.534997955E1,-5.472020874E0
4.848849763E1,1.668385574E1,1.387509659E1,-6.096971283E0
4.849852462E1,1.517873566E1,1.180190781E1,-5.954018555E0
4.850855162E1,1.298414932E1,9.319470062E0,-5.180127869E0
4.851857862E1,1.022478745E1,7.072193298E0,-3.847149811E0
4.852860563E1,7.333699493E0,5.187612305E0,-2.148182831E0
4.853863250E1,4.891078949E0,3.420836334E0,-3.375480652E-1
4.854865950E1,3.397784271E0,1.889820099E0,1.456920319E0
4.855868650E1,2.834655304E0,4.857398987E-1,3.042123871E0
4.856871350E1,2.788551178E0,-1.005608826E0,4.006418610E0
4.857874050E1,2.955903168E0,-2.527494049E0,4.080215149E0
4.858876750E1,3.320245514E0,-3.808380432E0,3.220702515E0
4.859879450E1,3.751199341E0,-4.819378052E0,1.670077057E0
4.860882150E1,4.080514526E0,-5.795498199E0,1.200503540E-1
4.861884850E1,4.161346436E0,-6.641239471E0,-1.009500732E0
4.862887550E1,3.513343964E0,-7.185956726E0,-1.695673828E0
4.863890250E1,2.140848083E0,-7.558082886E0,-2.082319794E0
4.864892950E1,2.707868958E-1,-8.027057648E0,-2.275418243E0
4.865895650E1,-1.766626282E0,-8.381370850E0,-2.301314392E0
4.866898250E1,-3.114124146E0,-8.446485443E0,-2.301913147E0
4.867900950E1,-3.190914459E0,-8.318202209E0,-2.708767090E0
4.868903650E1,-1.831142120E0,-7.990683289E0,-3.789968719E0
4.869906350E1,9.120533752E-1,-7.595804443E0,-5.243146820E0
4.870909050E1,4.761298828E0,-6.762187958E0,-6.507118378E0
4.871911750E1,8.282276917E0,-5.292544098E0,-7.457192688E0
4.872914450E1,1.003094055E1,-3.419788513E0,-8.330027618E0
4.873917150E1,9.749226379E0,-1.279389496E0,-8.681347046E0
4.874919850E1,9.361682281E0,1.373244324E0,-7.525899811E0
4.875922550E1,1.178948364E1,5.090015259E0,-4.938979340E0
4.876925250E1,1.763767227E1,9.598190460E0,-2.684517517E0
4.877927950E1,2.557521606E1,1.396640671E1,-2.073637848E0
4.878930650E1,3.321083771E1,1.672906174E1,-3.167113953E0
4.879933350E1,3.716770935E1,1.765069519E1,-4.715494080E0
4.880936050E1,3.624996780E1,1.831546280E1,-5.140011292E0
4.881938750E1,3.191483276E1,1.873294464E1,-4.485272827E0
4.882941450E1,2.639431274E1,1.817430634E1,-3.870351563E0
4.883944150E1,2.106344833E1,1.694057190E1,-4.093687134E0
4.884946850E1,1.662891998E1,1.514026566E1,-4.631518707E0
4.885949550E1,1.269704636E1,1.318488190E1,-4.693340149E0
4.886952250E1,8.969198456E0,1.145732437E1,-3.926484833E0
4.887954950E1,5.863606567E0,1.005474106E1,-2.174827423E0
4.888957650E1,3.554658051E0,8.837023315E0,1.163081360E-1
4.889960350E1,1.908531189E0,7.919880524E0,2.253863068E0
4.890963050E1,9.889933777E-1,7.295079803E0,4.183200989E0
4.891965750E1,8.732839966E-1,6.883585510E0,5.693260803E0
4.892968450E1,8.925938416E-1,6.581214294E0,6.549031219E0
4.893971150E1,7.210505676E-1,6.255940704E0,6.803651733E0
4.894973850E1,2.718347168E-1,5.961353302E0,6.530619507E0
4.895976550E1,-4.465214539E-1,5.723348236E0,6.001619568E0
4.896979250E1,-1.626068573E0,5.539081421E0,5.338498535E0
4.897981950E1,-3.043171692E0,5.224585419E0,4.790338440E0
4.898984650E1,-4.108206940E0,4.926854553E0,4.328099670E0
4.899987350E1,-4.621339874E0,4.806804199E0,4.065845032E0
4.900990050E1,-4.531676331E0,4.741988983E0,4.003275146E0
4.901992750E1,-3.992347870E0,4.900659027E0,3.977229309E0
4.902995450E1,-3.110980682E0,5.334007874E0,3.806883545E0
4.903998150E1,-1.792372742E0,6.185137939E0,3.591182098E0
4.905000750E1,1.681004333E-1,7.265740814E0,3.411555634E0
4.906003450E1,2.804118805E0,8.768166504E0,3.203488312E0
4.907006150E1,5.320685577E0,1.061442719E1,2.737058258E0
4.908008850E1,6.908583527E0,1.282188675E1,2.416275330E0
4.909011550E1,8.456514587E0,1.545595917E1,2.659818878E0
4.910014250E1,1.050425629E1,1.774709473E1,3.277883606E0
4.911016950E1,1.311871948E1,1.954036560E1,4.227508850E0
4.912019650E1,1.646665741E1,2.097363510E1,4.975503387E0
4.913022350E1,1.967987549E1,2.136117920E1,4.274211731E0
4.914025050E1,2.188449097E1,1.973226654E1,1.725312195E0
4.915027750E1,2.194436646E1,1.740909760E1,-1.216969299E0
4.916030450E1,2.035452255E1,1.542347672E1,-3.494034119E0
4.917033150E1,1.836785385E1,1.412268173E1,-4.665647736E0
4.918035850E1,1.733485199E1,1.299582504E1,-4.679419098E0
4.919038550E1,1.680390610E1,1.119821320E1,-3.689377899E0
4.920041250E1,1.532123932E1,8.886121216E0,-2.271526337E0
4.921043950E1,1.269120850E1,6.650969238E0,-9.867480469E-1
4.922046650E1,9.552535400E0,4.658163300E0,8.427474976E-2
4.923049350E1,6.726412354E0,3.056793365E0,1.179247742E0
4.924052050E1,4.843477936E0,1.943408661E0,2.204914856E0
4.925054750E1,3.939058685E0,1.094374237E0,2.945874023E0
4.926057450E1,3.878434753E0,3.141966248E-1,3.183130646E0
4.927060150E1,4.047433319E0,-5.487588501E-1,2.761008453E0
4.928062850E1,4.053570557E0,-1.421294403E0,1.887425079E0
4.929065550E1,4.000281372E0,-2.200424194E0,9.644444275E-1
4.930068250E1,3.820205841E0,-2.906206512E0,1.381626892E-1
4.931070950E1,3.500321045E0,-3.632945251E0,-6.709048462E-1
4.932073650E1,2.965034180E0,-4.490811310E0,-1.513352966E0
4.933076350E1,2.286944275E0,-5.324427795E0,-2.126777344E0
4.934079050E1,1.299447784E0,-5.941744080E0,-2.455643463E0
4.935081750E1,1.291813660E-1,-6.322851562E0,-2.410886536E0
4.936084450E1,-1.091829529E0,-6.677015076E0,-2.125130768E0
4.937087150E1,-1.938319244E0,-7.093149719E0,-1.745669861E0
4.938089850E1,-1.973795471E0,-7.590265961E0,-1.436862030E0
4.939092450E1,-1.349294128E0,-7.795788574E0,-1.445244598E0
4.940095150E1,5.652246094E-1,-7.168443146E0,-2.095642090E0
4.941097850E1,3.962709503E0,-6.083798676E0,-3.357967072E0
4.942100550E1,7.299570465E0,-4.685556335E0,-5.228627014E0
4.943103250E1,9.217831421E0,-2.952909393E0,-7.727380829E0
4.944105950E1,9.501641235E0,-1.014889526E0,-9.593999176E0
4.945108650E1,9.950258331E0,1.440005493E0,-8.437953186E0
4.946111350E1,1.302052368E1,4.782105560E0,-4.647535400E0
4.947114050E1,1.935535034E1,8.701255646E0,-1.771715698E0
4.948116750E1,2.754826309E1,1.232731522E1,-5.968089294E-1
4.949119450E1,3.391272812E1,1.451366867E1,-4.899311829E-1
4.950122150E1,3.604549301E1,1.630499359E1,-7.608677673E-1
4.951124850E1,3.337369904E1,1.822654770E1,-7.945477295E-1
4.952127550E1,2.817920105E1,1.891601395E1,-7.445516968E-1
4.953130250E1,2.296943481E1,1.841859833E1,-1.512754211E0
4.954132933E1,1.876557678E1,1.732063156E1,-3.522924042E0
4.955135633E1,1.538276138E1,1.589334961E1,-5.848338318E0
4.956138333E1,1.221504868E1,1.425560532E1,-6.985373840E0
4.957141033E1,9.057814178E0,1.283715500E1,-6.486760712E0
4.958143733E1,6.437662811E0,1.158441010E1,-4.680167542E0
4.959146433E1,4.629423065E0,1.028556107E1,-2.376458130E0
4.960149133E1,3.626059570E0,9.328451385E0,-2.052232361E-1
4.961151833E1,3.450325012E0,8.899144135E0,1.545985107E0
4.962154533E1,3.613336029E0,8.552614746E0,2.775977325E0
4.963157233E1,3.476969604E0,8.102500763E0,3.356021118E0
4.964159933E1,2.520608368E0,7.472311249E0,3.207380219E0
4.965162633E1,9.309141541E-1,6.576573944E0,2.426603851E0
4.966165333E1,-7.682025146E-1,5.407355347E0,1.441652069E0
4.967168033E1,-2.280208282E0,4.204157410E0,8.813671875E-1
4.968170733E1,-3.579057312E0,3.288511505E0,8.577163696E-1
4.969173433E1,-4.449497223E0,2.652933197E0,1.276096344E0
4.970176133E1,-4.869523773E0,2.256108398E0,1.861379242E0
4.971178733E1,-4.835843811E0,2.080673218E0,2.272723846E0
4.972181433E1,-4.601281586E0,2.258802795E0,2.201472015E0
4.973184133E1,-3.778592377E0,2.738405457E0,1.824406128E0
4.974186833E1,-2.339185638E0,3.710783386E0,1.542691956E0
4.975189533E1,-3.802093506E-1,5.045557709E0,1.321452026E0
4.976192233E1,2.580783234E0,6.947652283E0,9.991722107E-1
4.977194933E1,5.552104340E0,9.045090637E0,4.499642944E-1
4.978197633E1,7.364385681E0,1.139295822E1,-3.068618774E-2
4.979200333E1,8.555608521E0,1.433149750E1,3.436853027E-1
4.980203033E1,1.030008087E1,1.749412079E1,2.131567383E0
4.981205733E1,1.268656815E1,1.969439529E1,4.614753571E0
4.982208433E1,1.503024445E1,2.105102417E1,6.328240356E0
4.983211133E1,1.734877304E1,2.148931274E1,5.857020264E0
4.984213833E1,1.944007416E1,2.070404572E1,3.280727692E0
4.985216533E1,2.058788727E1,1.928050598E1,5.673202515E-2
4.986219233E1,2.055914703E1,1.787822205E1,-2.717449036E0
4.987221933E1,1.985186783E1,1.695239731E1,-4.451293488E0
4.988224633E1,1.936313416E1,1.598436035E1,-4.948260040E0
4.989227333E1,1.892993500E1,1.426069473E1,-4.309987335E0
4.990230033E1,1.776146484E1,1.192360474E1,-2.943329315E0
4.991232733E1,1.559651688E1,9.381291504E0,-1.285676422E0
4.992235433E1,1.279434402E1,6.879094849E0,3.399430847E-1
4.993238133E1,9.896220703E0,4.275558929E0,1.789977722E0
4.994240833E1,7.380252686E0,1.950144653E0,2.952610016E0
4.995243533E1,5.585784302E0,7.454498291E-2,3.770060120E0
4.996246233E1,4.498744812E0,-1.515149231E0,4.035158844E0
4.997248933E1,3.750450897E0,-2.989583130E0,3.654051361E0
4.998251633E1,3.167263641E0,-4.391867065E0,2.736010437E0
4.999254333E1,2.838696899E0,-5.767057343E0,1.598525848E0
5.000257033E1,2.600841522E0,-7.105274506E0,4.269122314E-1
5.001259733E1,1.967658234E0,-8.213120728E0,-6.815327454E-1
5.002262333E1,9.196875000E-1,-9.125623169E0,-1.627715149E0
5.003265033E1,-5.298980713E-1,-9.829908600E0,-2.206561432E0
5.004267733E1,-2.198777618E0,-1.024245071E1,-2.381397858E0
5.005270433E1,-3.536096649E0,-1.058149567E1,-2.347717896E0
5.006273133E1,-4.310436401E0,-1.063927551E1,-2.309547272E0
5.007275833E1,-4.260440369E0,-1.032882111E1,-2.495760040E0
5.008278533E1,-2.801125031E0,-9.733658752E0,-3.077300720E0
5.009281233E1,4.336482239E-1,-8.682843933E0,-3.792214050E0
5.010283933E1,5.266797638E0,-6.849306793E0,-4.787344666E0
5.011286633E1,1.073881851E1,-4.357738037E0,-6.317462769E0
5.012289333E1,1.476739105E1,-1.397044830E0,-7.931556244E0
5.013292033E1,1.651830002E1,1.611848145E0,-8.876092072E0
5.014294733E1,1.564741104E1,4.011208649E0,-8.492589569E0
5.015297433E1,1.489223145E1,6.255192261E0,-6.366860046E0
5.016300133E1,1.711944992E1,8.895401917E0,-3.219505005E0
5.017302833E1,2.201636673E1,1.181642761E1,-2.803669739E-1
5.018305533E1,2.814776642E1,1.390503433E1,1.116977234E0
5.019308233E1,3.234279282E1,1.409064835E1,6.776408386E-1
5.020310933E1,3.208862137E1,1.419902298E1,-4.849914551E-1
5.021313633E1,2.814372482E1,1.474179428E1,-1.119521942E0
5.022316333E1,2.357058472E1,1.465078354E1,-6.224057007E-1
5.023319033E1,2.041514648E1,1.396940048E1,-7.484436035E-2
5.024321733E1,1.863819168E1,1.320733521E1,-9.460327148E-2
5.025324433E1,1.704236023E1,1.236413864E1,-6.851252747E-1
5.026327133E1,1.476903763E1,1.138861725E1,-1.538201294E0
5.027329833E1,1.182002014E1,1.044318329E1,-1.977986755E0
5.028332533E1,8.810378723E0,9.545799408E0,-1.588197327E0
5.029335233E1,6.293063507E0,8.586294708E0,-5.885760498E-1
5.030337933E1,4.285737762E0,7.815846863E0,5.821394348E-1
5.031340533E1,2.762355652E0,7.255711670E0,1.807042236E0
5.032343233E1,1.685644684E0,6.804100800E0,2.881058807E0
5.033345933E1,9.592053223E-1,6.373745728E0,3.630101166E0
5.034348633E1,6.185137939E-1,5.850733337E0,3.932622070E0
5.035351333E1,2.906954956E-1,5.249134369E0,3.910767517E0
5.036354033E1,-4.653822327E-1,4.607119446E0,3.535647583E0
5.037356733E1,-1.714235229E0,3.983665924E0,2.999761963E0
5.038359433E1,-2.994073792E0,3.404520264E0,2.637814636E0
5.039362133E1,-4.101171570E0,2.940335541E0,2.733465729E0
5.040364833E1,-4.980892181E0,2.684218140E0,3.325783997E0
5.041367533E1,-5.321583710E0,2.581082611E0,4.223467255E0
5.042370233E1,-4.663103027E0,2.776576080E0,5.053640900E0
5.043372933E1,-3.818858643E0,3.576362915E0,5.296436005E0
5.044375633E1,-2.533930664E0,4.766987000E0,4.937183075E0
5.045378333E1,-3.643423462E-1,6.039041748E0,4.026177521E0
5.046381033E1,2.274220734E0,7.825576630E0,3.105591888E0
5.047383733E1,4.910837860E0,1.028930328E1,2.504292297E0
5.048386433E1,7.489824829E0,1.302411621E1,2.390828247E0
5.049389133E1,1.004561005E1,1.573797272E1,2.822829895E0
5.050391833E1,1.303848633E1,1.908321625E1,3.949536896E0
5.051394533E1,1.669193893E1,2.204271194E1,5.295537872E0
5.052397233E1,2.026770309E1,2.328228424E1,5.715714111E0
5.053399933E1,2.294862808E1,2.286061111E1,4.617447968E0
5.054402683E1,2.404375076E1,2.110161896E1,2.237996063E0
5.055405383E1,2.311987198E1,1.936642731E1,9.116043091E-2
5.056407983E1,2.151401138E1,1.787073761E1,-1.096170502E0
5.057410683E1,2.044418610E1,1.632774628E1,-1.449435883E0
5.058413383E1,1.965098557E1,1.457189758E1,-1.566941528E0
5.059416083E1,1.884700745E1,1.222283249E1,-1.726659393E0
5.060418783E1,1.740191254E1,9.517807617E0,-1.528022461E0
5.061421483E1,1.509461060E1,6.925797729E0,-8.060737610E-1
5.062424183E1,1.227896576E1,4.621788940E0,1.648072815E-1
5.063426883E1,9.695787506E0,2.437381439E0,1.189875641E0
5.064429583E1,7.700137482E0,3.855981445E-1,2.008223877E0
5.065432283E1,6.198011169E0,-1.373094635E0,2.494113464E0
5.066434983E1,4.945116577E0,-2.812351685E0,2.625091095E0
5.067437683E1,3.868255920E0,-3.996090088E0,2.543510742E0
5.068440383E1,3.232078857E0,-5.028343506E0,2.205214233E0
5.069443083E1,2.982248383E0,-6.041586456E0,1.389710083E0
5.070445783E1,2.831661530E0,-7.095395050E0,2.077679443E-1
5.071448483E1,2.568957825E0,-8.083190918E0,-9.377998352E-1
5.072451183E1,1.935624847E0,-8.729846191E0,-1.835632782E0
5.073453883E1,6.846762085E-1,-9.090446320E0,-2.484683075E0
5.074456583E1,-8.189469910E-1,-9.454788666E0,-2.802472229E0
5.075459283E1,-2.265538788E0,-9.642498322E0,-2.912343750E0
5.076461983E1,-3.117117920E0,-9.713899841E0,-2.926264801E0
5.077464683E1,-2.812052307E0,-9.775571594E0,-3.063080292E0
5.078467383E1,-7.890092468E-1,-9.398505707E0,-3.412304077E0
5.079470083E1,2.665956116E0,-8.610693970E0,-4.184398499E0
5.080472783E1,6.461912384E0,-7.423363037E0,-5.333558807E0
5.081475383E1,9.449998627E0,-5.613177338E0,-6.472540283E0
5.082478083E1,1.103864502E1,-3.499572601E0,-7.442523193E0
5.083480783E1,1.128593079E1,-1.215173035E0,-7.580685883E0
5.084483483E1,1.176912598E1,1.549128571E0,-6.545887756E0
5.085486183E1,1.442355606E1,5.359604645E0,-4.704267426E0
5.086488883E1,1.937001984E1,9.579778748E0,-3.035537567E0
5.087491583E1,2.546294952E1,1.277308823E1,-2.493215332E0
5.088494283E1,3.066987167E1,1.452309906E1,-2.748284912E0
5.089496983E1,3.296549789E1,1.619302643E1,-3.238216095E0
5.090499683E1,3.190540237E1,1.787926987E1,-3.474873962E0
5.091502383E1,2.820285187E1,1.806847641E1,-2.885250092E0
5.092505083E1,2.384601196E1,1.725132568E1,-1.897154846E0
5.093507783E1,2.016711227E1,1.663326096E1,-1.356479187E0
5.094510483E1,1.752630386E1,1.572794357E1,-1.550924835E0
5.095513183E1,1.517095184E1,1.437969727E1,-2.268831940E0
5.096515883E1,1.242221786E1,1.296379166E1,-2.699935455E0
5.097518583E1,9.444460144E0,1.145028900E1,-2.358944550E0
5.098521283E1,6.557114410E0,9.913285217E0,-1.393601990E0
5.099523983E1,4.084256744E0,8.448431396E0,2.395019531E-2
5.100526683E1,2.034120026E0,7.250173187E0,1.782792664E0
5.101529383E1,2.505789185E-1,6.419400787E0,3.549868011E0
5.102532083E1,-1.165476379E0,5.822891235E0,5.035378876E0
5.103534783E1,-2.115850067E0,5.427114258E0,6.036646729E0
5.104537383E1,-2.385289764E0,5.125491486E0,6.247857513E0
5.105540083E1,-2.319127350E0,4.910089417E0,5.724545746E0
5.106542783E1,-2.598745880E0,4.740192719E0,4.656217346E0
5.107545483E1,-3.265010376E0,4.659660187E0,3.677103424E0
5.108548183E1,-4.191882935E0,4.683760071E0,3.076701965E0
5.109550883E1,-5.108576660E0,4.774471436E0,2.950813751E0
5.110553583E1,-5.418432312E0,4.989873505E0,3.238515472E0
5.111556283E1,-4.593198395E0,5.646108856E0,3.769012299E0
5.112558983E1,-2.677482147E0,6.771768036E0,4.112697601E0
5.113561683E1,7.888595581E-2,8.099506989E0,3.884571991E0
5.114564383E1,3.004851379E0,9.588011627E0,3.558400269E0
5.115567083E1,5.327720947E0,1.110690308E1,3.183729401E0
5.116569783E1,6.661148071E0,1.250589386E1,2.807112579E0
5.117572483E1,7.669451294E0,1.403705978E1,2.622247009E0
5.118575183E1,8.743318176E0,1.542632080E1,2.742147675E0
5.119577883E1,9.665101318E0,1.690300003E1,3.348386993E0
5.120580583E1,1.145867157E1,1.841590393E1,4.303550720E0
5.121583283E1,1.416519333E1,1.976938934E1,4.855902100E0
5.122585983E1,1.721869354E1,2.038940002E1,4.215533752E0
5.123588683E1,1.958048218E1,1.942435684E1,1.926942902E0
5.124591383E1,2.034599030E1,1.762824188E1,-9.372010803E-1
5.125594083E1,1.982582199E1,1.584290451E1,-3.275189209E0
5.126596683E1,1.842189148E1,1.449286194E1,-4.530778198E0
5.127599383E1,1.678878754E1,1.320703583E1,-4.622687073E0
5.128602083E1,1.532258652E1,1.163081360E1,-4.079616394E0
5.129604783E1,1.395952103E1,9.640552368E0,-3.287613373E0
5.130607483E1,1.222058716E1,7.617958374E0,-2.316582642E0
5.131610183E1,1.019020935E1,5.761069794E0,-1.218615875E0
5.132612883E1,8.427624664E0,3.938759308E0,2.275268555E-2
5.133615583E1,7.033423920E0,2.337688751E0,1.123264160E0
5.134618283E1,6.085894318E0,9.958790588E-1,1.914518738E0
5.135620983E1,5.412295074E0,-4.885839844E-1,2.127226410E0
5.136623683E1,4.688849487E0,-1.782942352E0,1.728156281E0
5.137626383E1,3.933819580E0,-2.936293945E0,8.551716614E-1
5.138629083E1,3.210972748E0,-4.115841064E0,-8.562194824E-2
5.139631783E1,2.341580658E0,-5.143753510E0,-8.452922058E-1
5.140634483E1,1.503323822E0,-6.095474396E0,-1.369352417E0
5.141637183E1,9.380992126E-1,-6.876550140E0,-1.609752502E0
5.142639883E1,5.050497437E-1,-7.267986145E0,-1.828148346E0
5.143642583E1,1.061293030E-1,-7.395221558E0,-2.198927307E0
5.144645283E1,-1.565744019E-1,-7.537276154E0,-2.504441986E0
5.145647983E1,-7.394622803E-1,-7.788603516E0,-2.719245300E0
5.146650683E1,-1.258283386E0,-8.094417572E0,-2.997366943E0
5.147653283E1,-8.147557068E-1,-8.249345398E0,-3.359164581E0
5.148655983E1,1.108744354E0,-7.928412781E0,-3.863914948E0
5.149658683E1,4.271367645E0,-6.996750183E0,-4.552483063E0
5.150661383E1,7.958051147E0,-5.488336945E0,-5.573210449E0
5.151664083E1,1.052296738E1,-3.567830658E0,-7.007976837E0
5.152666783E1,1.098430801E1,-1.183738403E0,-8.171058197E0
5.153669483E1,1.051727921E1,1.423839111E0,-8.115373993E0
5.154672125E1,1.241338623E1,4.582121429E0,-6.331982574E0
5.155674825E1,1.769694901E1,8.429570618E0,-3.814517670E0
5.156677525E1,2.470717117E1,1.193722641E1,-2.076781311E0
5.157680225E1,3.086731110E1,1.408121796E1,-1.710043945E0
5.158682925E1,3.353416534E1,1.522948013E1,-2.564317474E0
5.159685625E1,3.173460754E1,1.638103546E1,-3.819307709E0
5.160688325E1,2.734633301E1,1.651111496E1,-4.232298889E0
5.161691025E1,2.256587402E1,1.555026306E1,-3.852388916E0
5.162693725E1,1.876557678E1,1.448013840E1,-3.840713196E0
5.163696425E1,1.606683884E1,1.353320755E1,-4.263733521E0
5.164699125E1,1.403825729E1,1.261277161E1,-4.539160767E0
5.165701825E1,1.189306824E1,1.162722107E1,-4.255650330E0
5.166704525E1,9.318571930E0,1.074345886E1,-3.323688354E0
5.167707225E1,6.959028625E0,9.914333038E0,-1.906435547E0
5.168709825E1,5.224585419E0,9.167985077E0,-2.689906311E-1
5.169712525E1,4.097279663E0,8.531209259E0,1.268761597E0
5.170715225E1,3.232677612E0,8.114625549E0,2.459385681E0
5.171717925E1,2.371668091E0,7.745193787E0,3.277284851E0
5.172720625E1,1.444645844E0,7.480394440E0,3.789968719E0
5.173723325E1,5.062472534E-1,7.354206848E0,3.945046234E0
5.174726025E1,-3.104544067E-1,7.235054626E0,3.811074829E0
5.175728725E1,-1.004860382E0,7.134613495E0,3.633843384E0
5.176731425E1,-1.587149506E0,7.063211975E0,3.485202484E0
5.177734125E1,-2.170935516E0,6.910828857E0,3.362757111E0
5.178736825E1,-2.486179962E0,6.706952820E0,3.280727692E0
5.179739525E1,-2.557731171E0,6.380781097E0,3.460952911E0
5.180742225E1,-2.388433228E0,6.380032654E0,3.811074829E0
5.181744925E1,-1.928439789E0,6.883286133E0,3.936963043E0
5.182747625E1,-8.012837219E-1,7.437284088E0,3.837569733E0
5.183750325E1,9.114546204E-1,8.221802673E0,3.326981506E0
5.184753025E1,2.572550354E0,8.838370514E0,2.497256927E0
5.185755725E1,4.217779083E0,9.784103851E0,1.834435272E0
5.186758325E1,5.813011780E0,1.119701569E1,1.655856628E0
5.187761025E1,7.438631287E0,1.274749146E1,1.960772552E0
5.188763725E1,9.156908112E0,1.441996353E1,2.577190704E0
5.189766425E1,1.102801712E1,1.602732101E1,3.393742676E0
5.190769125E1,1.344953156E1,1.736329285E1,4.214934998E0
5.191771825E1,1.596415237E1,1.837923019E1,4.757556610E0
5.192774525E1,1.783391418E1,1.838402023E1,4.541555786E0
5.193777225E1,1.853296051E1,1.711870148E1,3.145858154E0
5.194779925E1,1.814661392E1,1.564172287E1,9.283694458E-1
5.195782625E1,1.742541367E1,1.460003906E1,-1.286574554E0
5.196785325E1,1.676289139E1,1.377645172E1,-3.017724609E0
5.197788025E1,1.658072021E1,1.285631516E1,-3.905977478E0
5.198790725E1,1.657667862E1,1.139071289E1,-3.992946625E0
5.199793425E1,1.574470871E1,9.557175751E0,-3.423979797E0
5.200796125E1,1.374561584E1,7.680079193E0,-2.174078979E0
5.201798825E1,1.112112350E1,5.856122131E0,-6.054908752E-1
5.202801525E1,8.661887512E0,3.998335419E0,9.798623657E-1
5.203804225E1,6.957082672E0,2.407593384E0,2.245031433E0
5.204806925E1,5.832022247E0,9.553134155E-1,2.994073792E0
5.205809525E1,4.945715332E0,-4.489164734E-1,3.129392395E0
5.206812225E1,4.550237732E0,-1.720671844E0,2.715054016E0
5.207814925E1,4.772525482E0,-2.813549194E0,1.816921692E0
5.208817625E1,5.257516937E0,-3.700155487E0,6.218069458E-1
5.209820325E1,5.635930023E0,-4.572840729E0,-6.951544189E-1
5.210823025E1,5.468128967E0,-5.556744690E0,-1.856589203E0
5.211825725E1,4.423750763E0,-6.381379852E0,-2.712658997E0
5.212828425E1,2.800077209E0,-6.982978821E0,-3.284170532E0
5.213831125E1,1.017134857E0,-7.450905762E0,-3.665278015E0
5.214833825E1,-7.629634094E-1,-7.789950714E0,-3.825444946E0
5.215836525E1,-2.017654266E0,-8.062084808E0,-3.842210083E0
5.216839225E1,-2.430944824E0,-8.209977264E0,-3.878135376E0
5.217841925E1,-1.664089508E0,-7.982600098E0,-4.022584991E0
5.218844625E1,7.240443420E-1,-7.527396698E0,-4.378844147E0
5.219847325E1,4.031117249E0,-6.718778229E0,-5.084476776E0
5.220850025E1,7.516319733E0,-5.176385651E0,-6.175707550E0
5.221852725E1,1.028481262E1,-3.320095825E0,-7.503446503E0
5.222855425E1,1.072848999E1,-1.397643585E0,-8.839118958E0
5.223858125E1,8.975635071E0,6.489006042E-1,-8.869505768E0
5.224860825E1,8.774004364E0,3.368145905E0,-7.102131042E0
5.225863425E1,1.168619843E1,6.762337646E0,-4.660109253E0
5.226866125E1,1.669059174E1,1.001896545E1,-2.641856232E0
5.227868825E1,2.304517731E1,1.283386185E1,-1.475032654E0
5.228871525E1,2.879951111E1,1.553619232E1,-1.326541443E0
5.229874225E1,3.130889282E1,1.787971893E1,-1.805994415E0
5.230876925E1,2.985781036E1,1.939172470E1,-1.768123169E0
5.231879625E1,2.629806290E1,1.972672806E1,-1.023421783E0
5.232882325E1,2.269550446E1,1.938139618E1,-7.417076111E-1
5.233885025E1,1.984109024E1,1.853415802E1,-1.365310822E0
5.234887725E1,1.745624954E1,1.696033081E1,-2.440225525E0
5.235890425E1,1.452190155E1,1.510299316E1,-3.286116486E0
5.236893125E1,1.116617981E1,1.318113968E1,-3.261866913E0
5.237895825E1,8.027656403E0,1.133652557E1,-2.188000031E0
5.238898525E1,5.427263947E0,9.653724976E0,-5.557942200E-1
5.239901225E1,3.417692871E0,8.209827576E0,1.186732178E0
5.240903925E1,1.777553558E0,7.082372131E0,2.833158417E0
5.241906625E1,4.481680298E-1,6.178701324E0,4.124972076E0
5.242909225E1,-6.038442993E-1,5.396428070E0,4.996010742E0
5.243911925E1,-1.451681213E0,4.659061432E0,5.376818848E0
5.244914625E1,-2.043101349E0,4.087400208E0,5.352419586E0
5.245917325E1,-2.193388824E0,3.739822998E0,4.960983582E0
5.246920025E1,-2.489473114E0,3.422782288E0,4.167184296E0
5.247922725E1,-3.291954346E0,3.205883331E0,3.263812866E0
5.248925425E1,-4.500840454E0,3.077749786E0,2.700683899E0
5.249928125E1,-5.588478699E0,2.841391296E0,2.621199188E0
5.250930825E1,-6.005212097E0,2.709216156E0,3.144960022E0
5.251933525E1,-5.474415894E0,2.801274719E0,4.104913788E0
5.252936225E1,-4.431833954E0,3.036585388E0,4.943919067E0
5.253938925E1,-2.967429199E0,3.649710388E0,5.034480743E0
5.254941646E1,-1.472937012E0,4.478686523E0,4.175716553E0
5.255944346E1,2.076182556E-1,5.601800995E0,2.922073517E0
5.256947046E1,2.086211700E0,7.157366180E0,2.122735748E0
5.257949746E1,3.945195923E0,9.167985077E0,1.953737183E0
5.258952446E1,5.810916138E0,1.125269989E1,2.135309601E0
5.259955046E1,8.171507263E0,1.331870361E1,2.913391571E0
5.260957746E1,1.211730194E1,1.568483322E1,4.077969818E0
5.261960446E1,1.758737686E1,1.806967392E1,4.832251282E0
5.262963146E1,2.238490036E1,1.971595047E1,3.761378174E0
5.263965846E1,2.542403046E1,1.977522720E1,3.751199341E-1
5.264968546E1,2.644356033E1,1.800680466E1,-3.907474365E0
5.265971246E1,2.547582275E1,1.595187790E1,-7.602091370E0
5.266973946E1,2.395827850E1,1.502964569E1,-9.639354858E0
5.267976646E1,2.276840286E1,1.438852890E1,-1.017748581E1
5.268979346E1,2.174333450E1,1.341315720E1,-1.003004242E1
5.269982046E1,2.036799454E1,1.177690979E1,-9.262887726E0
5.270984746E1,1.819571182E1,9.697134705E0,-7.680228882E0
5.271987446E1,1.532348465E1,7.729775848E0,-5.622757416E0
5.272990146E1,1.263088394E1,5.715115356E0,-3.372037811E0
5.273992846E1,1.055949142E1,3.769760742E0,-1.218017120E0
5.274995546E1,8.895701294E0,2.042951660E0,2.803669739E-1
5.275998246E1,7.426356812E0,4.709207153E-1,8.960366821E-1
5.277000846E1,6.021977234E0,-9.219328308E-1,7.134164429E-1
5.278003546E1,4.680017853E0,-2.163151703E0,1.471440125E-1
5.279006246E1,3.457061005E0,-3.254532166E0,-4.869374084E-1
5.280008946E1,2.658621368E0,-4.099524994E0,-9.834548950E-1
5.281011646E1,2.548300781E0,-5.053191833E0,-1.245260468E0
5.282014346E1,2.615361328E0,-6.027964783E0,-1.616189117E0
5.283017046E1,2.107018433E0,-6.694977722E0,-2.266885986E0
5.284019746E1,7.991880798E-1,-7.499404907E0,-2.784808960E0
5.285022446E1,-9.366023254E-1,-8.335715790E0,-2.909050598E0
5.286025146E1,-2.506687317E0,-8.934770050E0,-2.722837830E0
5.287027846E1,-3.280428314E0,-9.276359711E0,-2.422861633E0
5.288030546E1,-2.615211639E0,-9.338630219E0,-2.312840424E0
5.289033246E1,-4.800517273E-1,-8.759334869E0,-2.926414490E0
5.290035946E1,2.146835632E0,-7.843688965E0,-4.185596008E0
5.291038646E1,4.061953125E0,-6.710844727E0,-5.612428894E0
5.292041346E1,5.182223511E0,-5.072052612E0,-6.668183441E0
5.293044046E1,6.078409882E0,-3.183430023E0,-7.160809021E0
5.294046646E1,8.305328979E0,-4.908293152E-1,-6.477779388E0
5.295049346E1,1.362047607E1,3.584595795E0,-4.657564545E0
5.296052046E1,2.082020416E1,8.368347931E0,-3.187770996E0
5.297054746E1,2.761113235E1,1.235919891E1,-2.803969116E0
5.298057446E1,3.181409225E1,1.449271225E1,-3.230432281E0
5.299060146E1,3.280533096E1,1.585966965E1,-3.641776886E0
5.300062846E1,3.075444580E1,1.692081299E1,-3.146456909E0
5.301065546E1,2.695354980E1,1.709954132E1,-1.832938385E0
5.302068246E1,2.330503693E1,1.650812119E1,-1.092278595E0
5.303070946E1,2.027863037E1,1.554173080E1,-1.432670746E0
5.304073646E1,1.746074020E1,1.413480652E1,-2.335144043E0
5.305076346E1,1.420530991E1,1.249406845E1,-2.850821686E0
5.306079046E1,1.063134201E1,1.081725540E1,-2.587818604E0
5.307081746E1,7.497608643E0,9.259295197E0,-1.530567169E0
5.308084446E1,5.194497986E0,7.960745544E0,6.676116943E-2
5.309087046E1,3.621718597E0,7.064559174E0,1.729802856E0
5.310089746E1,2.470013580E0,6.569837952E0,3.260519714E0
5.311092446E1,1.452579346E0,6.075266418E0,4.488416290E0
5.312095146E1,4.731660461E-1,5.759273529E0,5.145100708E0
5.313097846E1,-1.960922241E-1,5.556445312E0,5.193001099E0
5.314100546E1,-8.972341919E-1,5.271437988E0,4.701273651E0
5.315103246E1,-1.944606171E0,4.912634125E0,4.034859467E0
5.316105946E1,-3.147205353E0,4.630919952E0,3.641178131E0
5.317108646E1,-3.988605652E0,4.386478271E0,3.601809998E0
5.318111346E1,-4.570445709E0,4.117637329E0,3.673211517E0
5.319114046E1,-5.169350281E0,4.033811646E0,3.796704712E0
5.320116746E1,-5.513334961E0,3.994892578E0,4.052073669E0
5.321119446E1,-5.497617645E0,4.226610718E0,4.405937805E0
5.322122146E1,-4.663851471E0,4.908592529E0,4.672982483E0
5.323124846E1,-2.932851105E0,5.718707886E0,4.743336182E0
5.324127546E1,-5.653742981E-1,6.976093140E0,4.473746796E0
5.325130246E1,2.822680206E0,9.040300598E0,3.935615845E0
5.326132846E1,5.969885559E0,1.093221634E1,2.982547760E0
5.327135546E1,8.178093567E0,1.303639069E1,1.996847534E0
5.328138246E1,9.645342407E0,1.493264740E1,1.609004059E0
5.329140946E1,1.046683411E1,1.647444122E1,2.069895630E0
5.330143646E1,1.141077118E1,1.770548126E1,3.590733032E0
5.331146346E1,1.330897385E1,1.844599136E1,5.590574341E0
5.332149046E1,1.589230179E1,1.926239365E1,6.988666992E0
5.333151746E1,1.915237244E1,1.956401642E1,6.493646393E0
5.334154446E1,2.173300598E1,1.810350357E1,3.994144135E0
5.335157146E1,2.272708878E1,1.596385300E1,5.289999390E-1
5.336159846E1,2.267604492E1,1.478625183E1,-2.269131317E0
5.337162546E1,2.207699066E1,1.410741348E1,-3.945495300E0
5.338165246E1,2.118933655E1,1.293490173E1,-4.332141266E0
5.339167946E1,1.979618362E1,1.092533066E1,-3.568429413E0
5.340170546E1,1.717722977E1,8.536298676E0,-2.154170380E0
5.341173246E1,1.360580658E1,6.463259583E0,-5.989045715E-1
5.342175946E1,1.015997223E1,4.398153992E0,8.750802612E-1
5.343178646E1,7.507637787E0,2.447709961E0,2.294428711E0
5.344181346E1,5.932313690E0,1.028810577E0,3.529360657E0
5.345184046E1,5.254373474E0,9.310638428E-2,4.314627686E0
5.346186746E1,5.186714172E0,-7.291337585E-1,4.360133057E0
5.347189446E1,5.139113159E0,-1.710043945E0,3.500919800E0
5.348192146E1,4.888683929E0,-2.607427826E0,2.033670959E0
5.349194846E1,4.689148865E0,-3.456761627E0,5.098397827E-1
5.350197546E1,4.537813568E0,-4.444407806E0,-9.243278503E-1
5.351200246E1,3.952231293E0,-5.451663208E0,-2.235301666E0
5.352202946E1,2.839295654E0,-6.324797516E0,-3.268902283E0
5.353205646E1,1.435065765E0,-7.086563416E0,-3.937112732E0
5.354208346E1,-5.343887329E-2,-7.695197754E0,-4.243974609E0
5.355211021E1,-1.841320953E0,-8.228388977E0,-4.213587799E0
5.356213621E1,-3.348536682E0,-8.512797546E0,-3.912863159E0
5.357216321E1,-3.623664551E0,-8.592132568E0,-3.763623505E0
5.358219021E1,-2.156715088E0,-8.428971863E0,-4.111799469E0
5.359221721E1,9.749226379E-1,-7.886050873E0,-4.918771362E0
5.360224421E1,4.947361908E0,-6.702013092E0,-5.831872559E0
5.361227121E1,8.289911041E0,-5.032085724E0,-6.863976288E0
5.362229821E1,1.010713211E1,-2.965782623E0,-8.115523682E0
5.363232521E1,1.054182816E1,-5.429209900E-1,-8.639434204E0
5.364235221E1,1.102472397E1,2.121388550E0,-7.547904053E0
5.365237921E1,1.340237961E1,5.391188965E0,-5.010231171E0
5.366240621E1,1.788435928E1,9.248667297E0,-2.455643463E0
5.367243321E1,2.332210144E1,1.272997787E1,-9.624984741E-1
5.368246021E1,2.805376190E1,1.493489273E1,-6.625222778E-1
5.369248721E1,3.052033264E1,1.632475250E1,-1.243613892E0
5.370251421E1,3.000255936E1,1.746268616E1,-1.569186859E0
5.371254021E1,2.708871872E1,1.795261734E1,-1.256187744E0
5.372256721E1,2.330952759E1,1.741867767E1,-1.102008362E0
5.373259421E1,1.949486023E1,1.629107254E1,-1.602866821E0
5.374262121E1,1.581925369E1,1.493863495E1,-2.378703461E0
5.375264821E1,1.233405121E1,1.351883743E1,-2.759661255E0
5.376267521E1,9.282347260E0,1.193528046E1,-2.393672333E0
5.377270221E1,6.740333405E0,1.050814819E1,-1.161434784E0
5.378272921E1,4.681963806E0,9.282496948E0,4.170327759E-1
5.379275621E1,3.146905975E0,8.227490845E0,2.112706604E0
5.380278321E1,2.105371857E0,7.533683624E0,3.720962219E0
5.381281021E1,1.371897125E0,7.002438354E0,4.875960388E0
5.382283721E1,8.322692871E-1,6.552174683E0,5.307812347E0
5.383286421E1,1.682501221E-1,6.010002136E0,5.094655609E0
5.384289121E1,-8.068222046E-1,5.544619904E0,4.613705750E0
5.385291821E1,-1.994602203E0,5.232069855E0,4.107757874E0
5.386294421E1,-2.934497681E0,5.025050354E0,3.710633698E0
5.387297121E1,-3.490441589E0,4.737648010E0,3.530558167E0
5.388299821E1,-3.773053894E0,4.671036530E0,3.526815948E0
5.389302521E1,-3.874991913E0,4.514462128E0,3.735781403E0
5.390305221E1,-3.909719696E0,4.308939514E0,4.144730988E0
5.391307921E1,-3.766018524E0,4.540957031E0,4.856201477E0
5.392310621E1,-2.919079742E0,5.265749817E0,5.440586243E0
5.393313321E1,-1.751058655E0,6.111042023E0,5.472469940E0
5.394316021E1,1.022373962E-1,7.139852600E0,4.866529999E0
5.395318721E1,2.809657288E0,8.595725098E0,4.111051025E0
5.396321421E1,5.739364929E0,1.044767395E1,3.384611664E0
5.397324121E1,8.193661194E0,1.236443802E1,2.641556854E0
5.398326821E1,9.574389954E0,1.404035294E1,2.151326294E0
5.399329521E1,1.045426025E1,1.524115585E1,2.174977112E0
5.400332221E1,1.132739456E1,1.581880463E1,2.823578339E0
5.401334921E1,1.247086670E1,1.674118652E1,3.960613861E0
5.402337521E1,1.437580536E1,1.775502823E1,4.587360535E0
5.403340221E1,1.718082230E1,1.773781403E1,4.039649506E0
5.404342921E1,2.050900131E1,1.676334045E1,2.022444305E0
5.405345621E1,2.226769409E1,1.551328995E1,-4.019142151E-1
5.406348321E1,2.174543015E1,1.467952377E1,-2.068249054E0
5.407351021E1,2.050525909E1,1.403556290E1,-2.615061951E0
5.408353721E1,1.939606567E1,1.310180466E1,-2.567311249E0
5.409356421E1,1.816577408E1,1.153246811E1,-2.314936066E0
5.410359121E1,1.639316025E1,9.468859406E0,-1.922901306E0
5.411361821E1,1.383348312E1,7.546257477E0,-1.178798676E0
5.412364521E1,1.085422852E1,5.977519684E0,-2.963836670E-2
5.413367221E1,8.449179840E0,4.333638153E0,1.257235565E0
5.414369921E1,6.870712280E0,2.608176270E0,2.368674316E0
5.415372621E1,5.858367462E0,1.043929138E0,3.099454651E0
5.416375321E1,5.217849426E0,-3.381468201E-1,3.324885864E0
5.417377921E1,4.556374969E0,-1.735790405E0,2.933000793E0
5.418380621E1,3.906127167E0,-2.979703674E0,2.146386566E0
5.419383321E1,3.386557617E0,-4.195625153E0,1.029259644E0
5.420386021E1,3.126997375E0,-5.384602661E0,-2.820135498E-1
5.421388721E1,2.734214172E0,-6.359674988E0,-1.571581879E0
5.422391421E1,1.623972931E0,-6.972799988E0,-2.663710785E0
5.423394121E1,-1.612147522E-1,-7.375013580E0,-3.490291901E0
5.424396821E1,-1.984423370E0,-7.712561646E0,-4.150119781E0
5.425399521E1,-3.454665985E0,-8.125852203E0,-4.481680298E0
5.426402221E1,-4.042343903E0,-8.489895172E0,-4.415667572E0
5.427404921E1,-3.022664337E0,-8.538693695E0,-4.205205231E0
5.428407621E1,-4.285588074E-1,-8.313711548E0,-4.119583282E0
5.429410321E1,3.009641418E0,-7.730673981E0,-4.282294922E0
5.430413021E1,6.168672180E0,-6.437812500E0,-4.632267151E0
5.431415721E1,8.241112518E0,-4.743934937E0,-5.317991180E0
5.432418421E1,9.633816376E0,-2.455493774E0,-6.324647827E0
5.433421121E1,1.132020950E1,4.056564331E-1,-6.862479401E0
5.434423721E1,1.482666779E1,4.189637604E0,-6.094127197E0
5.435426421E1,2.082229980E1,8.448581085E0,-4.107608185E0
5.436429121E1,2.756637543E1,1.191881470E1,-2.218985596E0
5.437431821E1,3.228097137E1,1.429751816E1,-1.033899994E0
5.438434521E1,3.425102463E1,1.646052017E1,-4.477189636E-1
5.439437221E1,3.377621201E1,1.833222794E1,-1.437011719E-2
5.440439921E1,3.093961075E1,1.919263870E1,7.918533325E-1
5.441442621E1,2.671958633E1,1.879716110E1,1.344653778E0
5.442445321E1,2.227487915E1,1.781250870E1,1.283580780E0
5.443448021E1,1.808389435E1,1.658655807E1,6.355783081E-1
5.444450721E1,1.440080338E1,1.497920059E1,-2.043251038E-1
5.445453421E1,1.102053268E1,1.300091446E1,-6.872209167E-1
5.446456121E1,7.825277252E0,1.101125198E1,-4.215234375E-1
5.447458821E1,4.790787506E0,9.280251617E0,5.745053101E-1
5.448461521E1,2.232158203E0,7.898025970E0,2.130519562E0
5.449464121E1,1.761836243E-1,6.880142670E0,3.890709229E0
5.450466821E1,-1.578916626E0,6.043831787E0,5.394482117E0
5.451469521E1,-3.175646210E0,5.381608887E0,6.354286194E0
5.452472221E1,-4.449796600E0,4.904700623E0,6.494394836E0
5.453474921E1,-5.321733398E0,4.330045624E0,5.956413574E0
5.454477633E1,-5.742957458E0,3.803889771E0,5.040917358E0
5.455480333E1,-5.588179321E0,3.577560425E0,4.102518768E0
5.456483033E1,-5.053640900E0,3.660787354E0,3.296594696E0
5.457485733E1,-4.665498047E0,3.812871094E0,2.753074951E0
5.458488433E1,-4.666545868E0,3.858526154E0,2.567311249E0
5.459491133E1,-4.558021545E0,3.877985687E0,2.736010437E0
5.460493833E1,-4.300257568E0,4.064946899E0,3.211721191E0
5.461496533E1,-3.416794739E0,4.934788055E0,3.948938141E0
5.462499233E1,-1.474134521E0,6.235882416E0,4.625082092E0
5.463501933E1,1.160686340E0,7.932304688E0,4.992717590E0
5.464504633E1,4.568050690E0,1.026490402E1,5.058880005E0
5.465507233E1,7.840395813E0,1.253208939E1,4.846621399E0
5.466509933E1,9.745783539E0,1.419049072E1,4.588707733E0
5.467512633E1,1.055559952E1,1.550475769E1,4.500690765E0
5.468515333E1,1.113070358E1,1.667397629E1,4.765490112E0
5.469518033E1,1.202045334E1,1.769096146E1,5.605543213E0
5.470520733E1,1.362466736E1,1.889924881E1,6.706354065E0
5.471523433E1,1.599558701E1,1.973151810E1,6.773713989E0
5.472526133E1,1.773511963E1,1.895268768E1,5.092859344E0
5.473528833E1,1.813508789E1,1.698907104E1,2.397414551E0
5.474531533E1,1.788600586E1,1.530507294E1,2.435435486E-1
5.475534233E1,1.741403732E1,1.442774734E1,-1.048419800E0
5.476536933E1,1.696347427E1,1.368723724E1,-1.810036011E0
5.477539633E1,1.690449692E1,1.248523682E1,-2.240690460E0
5.478542333E1,1.665706146E1,1.071397018E1,-2.315534821E0
5.479544933E1,1.506467285E1,8.587941284E0,-2.010319519E0
5.480547633E1,1.219678665E1,6.658154297E0,-1.235830078E0
5.481550333E1,9.337881775E0,5.062771912E0,-2.233355713E-1
5.482553033E1,7.339537354E0,3.495531006E0,8.065228271E-1
5.483555733E1,6.274651794E0,2.151625671E0,1.578916626E0
5.484558433E1,5.764213257E0,9.375004578E-1,1.803000641E0
5.485561133E1,5.300926666E0,-4.507127380E-1,1.381926270E0
5.486563833E1,4.618645477E0,-1.827549591E0,6.071374512E-1
5.487566533E1,3.920946350E0,-3.041076050E0,-2.836601257E-1
5.488569233E1,3.428320770E0,-4.095184021E0,-1.170715485E0
5.489571933E1,3.060086517E0,-4.964127045E0,-1.921105042E0
5.490574633E1,2.751877441E0,-5.674998779E0,-2.602937164E0
5.491577333E1,2.220183105E0,-6.203250275E0,-3.393143921E0
5.492580033E1,1.246158600E0,-6.659950562E0,-4.128714294E0
5.493582733E1,3.712280273E-2,-6.939569092E0,-4.510570221E0
5.494585433E1,-1.247655487E0,-7.134613495E0,-4.523293762E0
5.495588033E1,-1.920057220E0,-7.148833923E0,-4.496798859E0
5.496590733E1,-1.277293854E0,-6.980883179E0,-4.539759521E0
5.497593433E1,6.081852722E-1,-6.573879547E0,-4.815037079E0
5.498596133E1,3.024310913E0,-5.899980927E0,-5.433401184E0
5.499598833E1,5.671705627E0,-4.790338440E0,-6.307283936E0
5.500601533E1,8.666677551E0,-3.303929443E0,-7.239096222E0
5.501604233E1,1.061876816E1,-1.660496979E0,-8.162975006E0
5.502606933E1,1.081875229E1,1.760339355E-1,-8.559051361E0
5.503609633E1,1.112741043E1,2.460583191E0,-7.640112305E0
5.504612333E1,1.325882812E1,5.172793121E0,-5.378615112E0
5.505615033E1,1.723620712E1,8.405321045E0,-2.764002228E0
5.506617733E1,2.211097000E1,1.126033401E1,-6.700067139E-1
5.507620433E1,2.613250717E1,1.285526733E1,2.427951050E-1
5.508623133E1,2.800960373E1,1.391970383E1,2.317181396E-1
5.509625733E1,2.759017593E1,1.526061539E1,2.414479065E-1
5.510628433E1,2.538181824E1,1.623209518E1,1.060694275E0
5.511631133E1,2.241049713E1,1.630574203E1,2.084714813E0
5.512633833E1,1.950788315E1,1.581551147E1,2.352657623E0
5.513636533E1,1.727123428E1,1.536644531E1,1.750160522E0
5.514639233E1,1.524489807E1,1.458147766E1,6.417155457E-1
5.515641933E1,1.271321274E1,1.342094101E1,-4.722679138E-1
5.516644633E1,9.819879456E0,1.215427505E1,-1.020577698E0
5.517647333E1,7.201973419E0,1.087204147E1,-5.727090454E-1
5.518650033E1,5.020559692E0,9.739646301E0,6.508465576E-1
5.519652733E1,3.198698273E0,8.789721680E0,1.908531189E0
5.520655433E1,1.595532074E0,7.917934570E0,3.045566711E0
5.521658133E1,3.035687256E-1,7.093598785E0,4.095782776E0
5.522660833E1,-5.516029358E-1,6.492149506E0,5.006189575E0
5.523663433E1,-1.020278320E0,6.086493073E0,5.499713287E0
5.524666133E1,-1.267564087E0,5.778882751E0,5.455106049E0
5.525668833E1,-1.439406738E0,5.590274963E0,4.851561127E0
5.526671533E1,-1.825004883E0,5.405858459E0,4.049079895E0
5.527674233E1,-2.297123108E0,5.185516663E0,3.344944153E0
5.528676933E1,-2.604284363E0,4.947661285E0,2.819237366E0
5.529679633E1,-2.784210205E0,4.757706299E0,2.569855957E0
5.530682333E1,-2.843936005E0,4.867727509E0,2.622097321E0
5.531685033E1,-2.386636963E0,5.310057678E0,2.864143982E0
5.532687733E1,-1.184636536E0,6.069578247E0,3.318299561E0
5.533690433E1,8.734336853E-1,7.052434387E0,3.529210968E0
5.534693133E1,3.726800079E0,8.340805206E0,3.257376251E0
5.535695833E1,6.583309937E0,9.943522339E0,2.890339508E0
5.536698533E1,8.700207825E0,1.183289337E1,2.676584015E0
5.537701133E1,1.025068359E1,1.349129471E1,2.558778992E0
5.538703833E1,1.169038971E1,1.498069748E1,2.808459778E0
5.539706533E1,1.365161133E1,1.662607590E1,3.773053894E0
5.540709233E1,1.609542938E1,1.828118408E1,4.895868988E0
5.541711933E1,1.867276978E1,1.994153137E1,5.334606628E0
5.542714633E1,2.135923325E1,2.044732956E1,4.433330841E0
5.543717333E1,2.288605820E1,1.944845673E1,1.929487610E0
5.544720033E1,2.314561844E1,1.781699936E1,-1.294957123E0
5.545722733E1,2.239492950E1,1.648596725E1,-3.883973236E0
5.546725433E1,2.083098175E1,1.553888672E1,-5.197192383E0
5.547728133E1,1.902004761E1,1.437356003E1,-5.298531647E0
5.548730833E1,1.699775299E1,1.260184433E1,-4.612059174E0
5.549733533E1,1.469988144E1,1.040426422E1,-3.585194550E0
5.550736133E1,1.202808746E1,8.188272400E0,-2.152224426E0
5.551738833E1,9.325158234E0,6.216273193E0,-5.743556213E-1
5.552741533E1,7.254214783E0,4.365521851E0,8.529263306E-1
5.553744233E1,5.987548828E0,2.609673157E0,2.098336487E0
5.554746938E1,5.285957794E0,9.891430664E-1,2.860252075E0
5.555749637E1,4.731361084E0,-4.866380310E-1,2.899320831E0
5.556752337E1,4.113146667E0,-1.926793213E0,2.233655090E0
5.557755038E1,3.483855286E0,-3.308120728E0,1.238374786E0
5.558757738E1,3.079246674E0,-4.560266876E0,2.924917603E-1
5.559760437E1,2.977009277E0,-5.589526520E0,-5.022056580E-1
5.560763137E1,3.022664337E0,-6.362219696E0,-1.259031830E0
5.561765837E1,2.871478729E0,-6.776558075E0,-1.824256439E0
5.562768538E1,2.317181396E0,-6.886279907E0,-2.181563416E0
5.563771237E1,1.276844788E0,-6.853198700E0,-2.309996338E0
5.564773838E1,1.212478638E-2,-7.002138977E0,-2.466720428E0
5.565776537E1,-1.122815094E0,-7.349865875E0,-2.731968842E0
5.566779237E1,-1.603465576E0,-7.639663239E0,-2.977158966E0
5.567781937E1,-1.460363159E0,-7.777676239E0,-3.156186676E0
5.568784638E1,-1.410067749E-1,-7.575446777E0,-3.380570068E0
5.569787338E1,2.477348328E0,-7.272027740E0,-3.792513428E0
5.570790037E1,5.362448730E0,-6.594835968E0,-4.535717926E0
5.571792737E1,7.175328827E0,-5.238207092E0,-5.693410492E0
5.572795438E1,7.543114014E0,-3.486399994E0,-7.132068787E0
5.573798138E1,6.950346680E0,-1.473236389E0,-8.036787415E0
5.574800837E1,5.438939667E0,6.273454285E-1,-7.912396088E0
5.575803537E1,5.222938843E0,3.452270966E0,-6.401438141E0
5.576806137E1,8.871900787E0,7.048243103E0,-3.995341644E0
5.577808837E1,1.573348206E1,1.053120026E1,-1.582808533E0
5.578811537E1,2.432142334E1,1.352527405E1,8.577163696E-2
5.579814238E1,3.161410812E1,1.611324234E1,5.101391602E-1
5.580816937E1,3.482193741E1,1.880090332E1,-3.592529297E-2
5.581819637E1,3.291610062E1,2.055091415E1,-5.047503662E-1
5.582822337E1,2.764092041E1,2.038999878E1,-2.987786865E-1
5.583825038E1,2.242516663E1,1.946761688E1,-1.016386414E-1
5.584827738E1,1.927362030E1,1.903965683E1,-1.017883301E-1
5.585830437E1,1.752540573E1,1.823478058E1,-4.210743713E-1
5.586833137E1,1.557106979E1,1.666125275E1,-1.291813660E0
5.587835838E1,1.272339157E1,1.485705460E1,-2.035616913E0
5.588838538E1,9.429640961E0,1.312066544E1,-2.075284424E0
5.589841237E1,6.536607056E0,1.142903320E1,-1.168021088E0
5.590843838E1,4.336482239E0,9.970017242E0,2.100132751E-1
5.591846537E1,2.703677673E0,8.842112732E0,1.610201569E0
5.592849237E1,1.288520508E0,7.897127838E0,2.891537018E0
5.593851937E1,-1.841171265E-2,7.107220459E0,4.032464447E0
5.594854638E1,-1.159788208E0,6.479276276E0,5.022206268E0
5.595857337E1,-2.251018982E0,5.848188629E0,5.737418976E0
5.596860037E1,-3.292403412E0,5.400170288E0,6.078709259E0
5.597862737E1,-4.139641571E0,5.011129303E0,6.142776031E0
5.598865438E1,-4.815785522E0,4.628225555E0,6.102509766E0
5.599868138E1,-5.388494568E0,4.313579865E0,6.010750580E0
5.600870837E1,-5.761818237E0,4.055067444E0,5.877677307E0
5.601873537E1,-5.729485474E0,3.847598877E0,5.742358704E0
5.602876137E1,-5.312602386E0,3.672163696E0,5.645210724E0
5.603878837E1,-4.720733185E0,3.750750275E0,5.456453247E0
5.604881538E1,-4.047583008E0,4.252357178E0,5.003495178E0
5.605884238E1,-2.821183319E0,5.189707947E0,4.299658813E0
5.606886937E1,-8.411009216E-1,6.619534607E0,3.555705872E0
5.607889637E1,1.629810791E0,8.513695679E0,2.980452118E0
5.608892337E1,4.641547852E0,1.120150635E1,2.989583130E0
5.609895038E1,8.045319672E0,1.424153458E1,3.825145569E0
5.610897737E1,1.161000687E1,1.732646942E1,5.274431763E0
5.611900437E1,1.609453125E1,2.047681824E1,7.249125366E0
5.612903137E1,2.185829544E1,2.303469910E1,8.966953125E0
5.613905838E1,2.672093353E1,2.364498001E1,9.035510559E0
5.614908437E1,2.842498993E1,2.185634949E1,6.381080475E0
5.615911138E1,2.672916641E1,1.925191544E1,2.355352020E0
5.616913838E1,2.360800690E1,1.689776093E1,-1.262624359E0
5.617916537E1,2.053609497E1,1.477876740E1,-4.387675781E0
5.618919237E1,1.841335922E1,1.304357574E1,-6.562054138E0
5.619921938E1,1.724503876E1,1.144325363E1,-7.455396423E0
5.620924638E1,1.609108841E1,9.587861938E0,-6.840774536E0
5.621927337E1,1.404948395E1,7.560926971E0,-5.162763977E0
5.622930037E1,1.129745682E1,5.690865784E0,-3.208428040E0
5.623932737E1,8.828341370E0,3.699706421E0,-1.240919495E0
5.624935438E1,6.796316986E0,1.758543091E0,8.255332947E-1
5.625938137E1,4.981341248E0,1.011895752E-1,2.690505066E0
5.626940738E1,3.354224854E0,-1.145268402E0,4.070784760E0
5.627943437E1,2.173180847E0,-2.201921082E0,4.817432098E0
5.628946137E1,1.626068573E0,-3.331771545E0,4.793332214E0
5.629948837E1,1.643582153E0,-4.396357727E0,4.027225342E0
5.630951538E1,2.114951935E0,-5.214406586E0,2.693349152E0
5.631954238E1,2.678529968E0,-5.906118164E0,1.151255951E0
5.632956937E1,2.963088226E0,-6.450835419E0,-4.044589233E-1
5.633959637E1,2.693049774E0,-6.758745117E0,-1.965113525E0
5.634962338E1,1.995350647E0,-6.925947418E0,-3.323987732E0
5.635965038E1,7.369175720E-1,-7.268734589E0,-4.255201263E0
5.636967737E1,-6.129753113E-1,-7.533833313E0,-4.645140381E0
5.637970437E1,-1.474583588E0,-7.732170868E0,-4.602778473E0
5.638973037E1,-1.257235565E0,-7.851023712E0,-4.474046173E0
5.639975737E1,4.481680298E-1,-7.684569855E0,-4.698579254E0
5.640978437E1,3.278482361E0,-7.044650574E0,-5.372926941E0
5.641981138E1,5.945935364E0,-5.899980927E0,-6.266119537E0
5.642983837E1,7.388784943E0,-4.565505981E0,-7.166497192E0
5.643986537E1,7.639812927E0,-2.917433167E0,-7.700436859E0
5.644989237E1,8.148754578E0,-8.674461365E-1,-7.524552612E0
5.645991938E1,1.107636658E1,2.446512451E0,-6.088738403E0
5.646994638E1,1.711870148E1,6.771917725E0,-3.885170746E0
5.647997337E1,2.474653931E1,1.095272369E1,-2.304757233E0
5.649000037E1,3.163102295E1,1.399110535E1,-1.910926208E0
5.650002738E1,3.518268723E1,1.595157852E1,-2.698737946E0
5.651005337E1,3.455489273E1,1.753483612E1,-3.828887787E0
5.652008037E1,3.103705811E1,1.822070984E1,-4.071084137E0
5.653010738E1,2.695010696E1,1.757016266E1,-3.696562958E0
5.654013437E1,2.311717758E1,1.622715546E1,-3.750899963E0
5.655016183E1,1.941013641E1,1.475391907E1,-4.338727570E0
5.656018883E1,1.548919006E1,1.299537598E1,-4.981341248E0
5.657021583E1,1.148576523E1,1.113384705E1,-4.877606964E0
5.658024283E1,7.970325623E0,9.466015320E0,-3.541635132E0
5.659026983E1,5.275329895E0,8.097561035E0,-1.423689423E0
5.660029683E1,3.591780853E0,7.017856293E0,9.473799133E-1
5.661032383E1,2.765349426E0,6.287075958E0,3.242407379E0
5.662035083E1,2.262545013E0,5.896987152E0,5.116809540E0
5.663037683E1,1.820813599E0,5.719156952E0,6.430028687E0
5.664040383E1,1.207838287E0,5.503305817E0,7.018005981E0
5.665043083E1,3.528163147E-1,5.211562500E0,6.887178040E0
5.666045783E1,-7.683522034E-1,4.933291168E0,6.047574005E0
5.667048483E1,-2.036814423E0,4.573589172E0,5.023553467E0
5.668051183E1,-3.046315155E0,4.292773132E0,4.311933289E0
5.669053883E1,-3.737128601E0,4.183500366E0,3.903582458E0
5.670056583E1,-4.302502899E0,4.103117523E0,3.776945801E0
5.671059283E1,-4.693789215E0,4.087998962E0,3.841012573E0
5.672061983E1,-4.725822601E0,4.260140991E0,4.020788727E0
5.673064683E1,-4.277504883E0,4.732408905E0,4.277355194E0
5.674067283E1,-3.305426331E0,5.605992279E0,4.619992676E0
5.675069983E1,-1.671723633E0,6.788383484E0,4.847669220E0
5.676072683E1,6.231541443E-1,8.219707031E0,4.926704865E0
5.677075383E1,2.919229431E0,9.934391327E0,4.649331665E0
5.678078083E1,5.359754333E0,1.199740128E1,4.255051575E0
5.679080783E1,7.951165466E0,1.436038742E1,4.251758423E0
5.680083483E1,1.034962784E1,1.714848953E1,4.826563110E0
5.681086183E1,1.303534286E1,2.006307861E1,5.898484039E0
5.682088883E1,1.671768539E1,2.211815506E1,7.017856293E0
5.683091583E1,2.096255814E1,2.268936722E1,7.093149719E0
5.684094283E1,2.417562653E1,2.161265625E1,5.361700287E0
5.685096883E1,2.446183136E1,1.886526947E1,2.358794861E0
5.686099583E1,2.163002014E1,1.571896225E1,-2.293231201E-1
5.687102283E1,1.768587204E1,1.288864792E1,-1.717079315E0
5.688104983E1,1.436547684E1,1.084988754E1,-1.834584961E0
5.689107683E1,1.242805573E1,9.284891968E0,-8.598120117E-1
5.690110383E1,1.165191971E1,7.562423859E0,5.721102905E-1
5.691113083E1,1.142304565E1,5.658383331E0,1.801204376E0
5.692115783E1,1.170625671E1,3.891008606E0,2.680775299E0
5.693118483E1,1.224513611E1,2.259850616E0,3.290008392E0
5.694121183E1,1.248927841E1,8.210426331E-1,3.583248596E0
5.695123883E1,1.188273972E1,-2.167492676E-1,3.680546265E0
5.696126483E1,1.056278458E1,-1.114133148E0,3.443738708E0
5.697129183E1,8.815318451E0,-2.317780151E0,2.799328766E0
5.698131883E1,7.041656799E0,-3.469934235E0,2.037263489E0
5.699134583E1,5.476810913E0,-4.475393372E0,1.179247742E0
5.700137283E1,4.276457062E0,-5.349425812E0,1.865121460E-1
5.701139983E1,3.487447815E0,-6.188580780E0,-8.422984314E-1
5.702142683E1,2.968327332E0,-6.767876129E0,-1.866468658E0
5.703145383E1,2.477048950E0,-7.070546722E0,-2.895877991E0
5.704148083E1,1.720073090E0,-7.000043335E0,-3.782184906E0
5.705150783E1,6.080355835E-1,-6.940916290E0,-4.474195862E0
5.706153483E1,-1.969903564E-1,-7.156018982E0,-4.816384277E0
5.707156183E1,-5.316943359E-1,-7.523654480E0,-4.908442841E0
5.708158783E1,-5.158273315E-1,-7.895630951E0,-4.899461517E0
5.709161483E1,1.089733887E-1,-7.961643677E0,-4.756059723E0
5.710164183E1,1.470541992E0,-7.391179962E0,-4.301904144E0
5.711166883E1,3.546425171E0,-6.262826385E0,-3.900588684E0
5.712169583E1,5.753585358E0,-4.794380035E0,-3.887565765E0
5.713172283E1,7.752827911E0,-2.921325073E0,-4.501738586E0
5.714174983E1,9.624086609E0,-4.586462402E-1,-5.457201691E0
5.715177683E1,1.184980820E1,2.257156219E0,-5.557642822E0
5.716180383E1,1.581027237E1,5.643564148E0,-4.235292664E0
5.717183083E1,2.099324432E1,9.357191620E0,-2.522554321E0
5.718185783E1,2.658800995E1,1.284733383E1,-1.591490479E0
5.719188383E1,3.150393723E1,1.513352966E1,-1.974244537E0
5.720191083E1,3.420596832E1,1.638597519E1,-3.350782013E0
5.721193783E1,3.336082581E1,1.723021957E1,-4.612059174E0
5.722196483E1,3.002396484E1,1.743095215E1,-4.929998016E0
5.723199183E1,2.616543869E1,1.648806290E1,-4.910837860E0
5.724201883E1,2.242890884E1,1.506167908E1,-5.496569824E0
5.725204583E1,1.862786316E1,1.355027206E1,-6.356082458E0
5.726207283E1,1.465976486E1,1.204485260E1,-6.885681152E0
5.727209983E1,1.068178711E1,1.064286804E1,-6.593788147E0
5.728212683E1,7.506140900E0,9.480984192E0,-5.171445923E0
5.729215283E1,5.203628998E0,8.233777771E0,-3.126847687E0
5.730217983E1,3.481909332E0,7.129673767E0,-9.830058289E-1
5.731220683E1,2.215542755E0,6.453380127E0,1.213975525E0
5.732223383E1,1.189576263E0,5.978866882E0,3.309467926E0
5.733226083E1,1.076261902E-1,5.577102356E0,5.043761444E0
5.734228783E1,-1.116079102E0,5.295537872E0,6.306834869E0
5.735231483E1,-2.389031982E0,5.091961212E0,6.890920258E0
5.736234183E1,-3.548520813E0,4.920417938E0,6.699318695E0
5.737236883E1,-4.613106995E0,4.661905518E0,6.005361786E0
5.738239583E1,-5.383554840E0,4.401896210E0,5.156477051E0
5.739242283E1,-5.870043182E0,4.155209198E0,4.374952240E0
5.740244883E1,-5.860163727E0,4.265529785E0,3.988306274E0
5.741247583E1,-5.283862152E0,4.649481354E0,3.827241211E0
5.742250283E1,-4.061504059E0,5.286855927E0,3.715723114E0
5.743252983E1,-2.254162445E0,5.902974701E0,3.450474701E0
5.744255683E1,-3.029699707E-1,6.719376984E0,3.107986908E0
5.745258383E1,1.821112976E0,7.896080017E0,2.782413940E0
5.746261083E1,4.168082428E0,9.246871033E0,2.689606934E0
5.747263783E1,6.685397644E0,1.088147186E1,3.054847412E0
5.748266483E1,9.111402740E0,1.293774582E1,3.606300659E0
5.749269183E1,1.082039886E1,1.466156113E1,4.158801727E0
5.750271783E1,1.179277679E1,1.601983658E1,4.962330780E0
5.751274483E1,1.273117538E1,1.684686676E1,6.192023621E0
5.752277183E1,1.407523041E1,1.732766693E1,7.182214508E0
5.753279883E1,1.538216263E1,1.740325974E1,7.099137268E0
5.754282583E1,1.587882980E1,1.647204620E1,5.466931458E0
5.755285258E1,1.570833435E1,1.490300903E1,2.687211914E0
5.756287958E1,1.511736328E1,1.329654968E1,1.333726501E-1
5.757290658E1,1.419123917E1,1.229767685E1,-1.810036011E0
5.758293358E1,1.348740280E1,1.174337952E1,-2.815944214E0
5.759296058E1,1.299911819E1,1.095392120E1,-2.914140015E0
5.760298758E1,1.247850082E1,9.900861053E0,-2.250420227E0
5.761301358E1,1.160147461E1,8.665629730E0,-1.041833496E0
5.762304058E1,1.017838394E1,7.244485016E0,2.275268555E-2
5.763306758E1,8.603957977E0,5.689967651E0,7.532336426E-1
5.764309458E1,7.045997772E0,4.187991028E0,1.439556427E0
5.765312158E1,5.611530762E0,2.872825928E0,1.991309052E0
5.766314858E1,4.317322083E0,1.659000092E0,2.239343262E0
5.767317558E1,3.432811432E0,5.435197449E-1,2.017205200E0
5.768320258E1,3.182232513E0,-5.195695496E-1,1.445244598E0
5.769322958E1,3.281775513E0,-1.522633667E0,8.411009216E-1
5.770325658E1,3.625909882E0,-2.444566498E0,5.325924683E-1
5.771328258E1,4.184847565E0,-3.321143646E0,4.360432434E-1
5.772330958E1,4.783153381E0,-4.053720245E0,1.933978271E-1
5.773333658E1,5.089865570E0,-4.677622833E0,-4.008663940E-1
5.774336358E1,4.531826019E0,-5.263055420E0,-1.218915253E0
5.775339058E1,3.234024811E0,-5.600304108E0,-2.054178314E0
5.776341758E1,1.687740326E0,-6.052962799E0,-2.863844604E0
5.777344458E1,4.411326599E-1,-6.671925659E0,-3.709436188E0
5.778347158E1,-2.417472839E-1,-7.170838165E0,-4.451293488E0
5.779349858E1,-3.442840576E-3,-7.433092804E0,-4.991520081E0
5.780352558E1,1.728156281E0,-6.995702362E0,-5.285957794E0
5.781355158E1,4.690945129E0,-5.968987427E0,-5.464087372E0
5.782357858E1,7.860753479E0,-4.619693298E0,-6.153852997E0
5.783360558E1,1.008378067E1,-2.669249268E0,-7.469167786E0
5.784363258E1,1.066142944E1,-3.950285339E-1,-8.928932190E0
5.785365958E1,9.775272217E0,1.594035187E0,-9.455088043E0
5.786368658E1,1.006926086E1,3.974534912E0,-8.021519165E0
5.787371358E1,1.397658554E1,7.192393341E0,-5.087769928E0
5.788374058E1,2.075688583E1,1.024993515E1,-2.432142334E0
5.789376758E1,2.863395538E1,1.262729141E1,-8.918453979E-1
5.790379458E1,3.442436417E1,1.442190948E1,-7.982899475E-1
5.791382158E1,3.555526245E1,1.597313370E1,-1.743574219E0
5.792384758E1,3.256253586E1,1.705568253E1,-2.843037872E0
5.793387458E1,2.782877975E1,1.674852127E1,-3.624113617E0
5.794390158E1,2.311268692E1,1.566986435E1,-4.509223022E0
5.795392858E1,1.905926605E1,1.434092789E1,-5.463787994E0
5.796395558E1,1.530642014E1,1.297397049E1,-6.026318207E0
5.797398258E1,1.188273972E1,1.169592819E1,-5.855822754E0
5.798400958E1,9.143136749E0,1.035516632E1,-4.753515015E0
5.799403658E1,7.044650574E0,9.033115540E0,-2.880310364E0
5.800406358E1,5.292244720E0,7.884703674E0,-7.268884277E-1
5.801409058E1,3.784879303E0,7.091952209E0,1.461710358E0
5.802411658E1,2.561323700E0,6.565646667E0,3.480562134E0
5.803414358E1,1.436712341E0,6.079607391E0,5.126988373E0
5.804417058E1,3.333567810E-1,5.803581390E0,6.387966156E0
5.805419758E1,-6.869215393E-1,5.696254578E0,7.071594543E0
5.806422458E1,-1.724863129E0,5.566923523E0,7.064559174E0
5.807425158E1,-2.781066742E0,5.347629547E0,6.354435883E0
5.808427858E1,-3.628155212E0,5.112917633E0,5.346881104E0
5.809430558E1,-4.126918030E0,4.941224670E0,4.505480804E0
5.810433258E1,-4.310286713E0,4.850662994E0,3.854185181E0
5.811435958E1,-4.215833130E0,4.772076416E0,3.448528748E0
5.812438558E1,-3.970343628E0,4.759801941E0,3.230881348E0
5.813441258E1,-3.508853302E0,5.168751526E0,3.259771271E0
5.814443958E1,-2.475552063E0,5.908662872E0,3.601959686E0
5.815446658E1,-8.150550842E-1,7.148833923E0,3.954027557E0
5.816449358E1,1.041983185E0,8.675209808E0,3.859124908E0
5.817452058E1,2.983894958E0,1.049213150E1,3.627406769E0
5.818454758E1,5.388943634E0,1.269659729E1,3.378923492E0
5.819457458E1,7.550299072E0,1.473550735E1,3.143014069E0
5.820460158E1,9.291029205E0,1.693757812E1,3.370989990E0
5.821462758E1,1.129670837E1,1.881542313E1,3.954476624E0
5.822465458E1,1.320344330E1,1.994198044E1,4.475243683E0
5.823468158E1,1.449450851E1,2.044029419E1,4.416116638E0
5.824470858E1,1.587389008E1,1.982642075E1,3.304677887E0
5.825473558E1,1.716226089E1,1.849838242E1,1.389410706E0
5.826476258E1,1.784379364E1,1.681902466E1,-6.438111877E-1
5.827478958E1,1.774484940E1,1.529205002E1,-2.234702911E0
5.828481658E1,1.733275635E1,1.389350830E1,-2.955154724E0
5.829484358E1,1.664029633E1,1.213481552E1,-2.608176270E0
5.830487058E1,1.555460403E1,1.004471191E1,-1.498084717E0
5.831489658E1,1.413809967E1,7.826474762E0,-2.534230042E-1
5.832492358E1,1.230186813E1,5.726342010E0,5.593867493E-1
5.833495058E1,1.020547760E1,3.860172729E0,1.082399139E0
5.834497758E1,8.354127502E0,2.027833099E0,1.553768921E0
5.835500458E1,7.159611511E0,2.658471680E-1,1.682201843E0
5.836503158E1,6.334976349E0,-1.564845886E0,1.529070282E0
5.837505858E1,5.534141693E0,-3.577261047E0,1.097517700E0
5.838508558E1,4.258644104E0,-5.547014923E0,4.436773682E-1
5.839511258E1,2.637814636E0,-7.090006256E0,-3.808081055E-1
5.840513858E1,1.151106262E0,-8.283773804E0,-1.127455444E0
5.841516558E1,3.594026184E-1,-9.085506592E0,-1.522034912E0
5.842519258E1,-1.731898499E-1,-9.503437500E0,-1.610051880E0
5.843521958E1,-7.744894409E-1,-9.574988708E0,-1.644180908E0
5.844524658E1,-1.311422882E0,-9.337582397E0,-1.872456207E0
5.845527358E1,-1.704954529E0,-9.068142700E0,-2.227966919E0
5.846530058E1,-1.634750519E0,-8.509205017E0,-2.431992645E0
5.847532758E1,-7.604187012E-2,-7.645052032E0,-2.470911713E0
5.848535458E1,2.767744446E0,-6.697821808E0,-2.713257751E0
5.849538158E1,6.205196228E0,-4.948110352E0,-3.111429749E0
5.850540758E1,1.012255005E1,-2.677931213E0,-3.454815674E0
5.851543458E1,1.405038208E1,-6.216572571E-1,-4.135001221E0
5.852546158E1,1.667547318E1,1.335073700E0,-5.315895538E0
5.853548858E1,1.623613678E1,2.904410248E0,-6.791227570E0
5.854551558E1,1.319461166E1,4.088897095E0,-7.719896393E0
5.855554296E1,1.189905579E1,5.869294739E0,-7.028933258E0
5.856556996E1,1.513547562E1,8.640032959E0,-5.197042694E0
5.857559696E1,2.085583008E1,1.124790985E1,-3.517385559E0
5.858562396E1,2.649819672E1,1.303429504E1,-2.133213959E0
5.859565096E1,3.011138306E1,1.414259033E1,-1.163979492E0
5.860567696E1,3.060520615E1,1.537407944E1,-5.580395508E-1
5.861570396E1,2.815405334E1,1.640633286E1,-2.791694641E-1
5.862573096E1,2.433474564E1,1.642264893E1,-5.665718079E-1
5.863575796E1,2.089220444E1,1.582598969E1,-1.365161133E0
5.864578496E1,1.822340424E1,1.508607834E1,-2.401156769E0
5.865581196E1,1.565788925E1,1.417731812E1,-3.182382202E0
5.866583896E1,1.290436523E1,1.308548859E1,-3.308420105E0
5.867586596E1,1.035666321E1,1.191522217E1,-2.603835297E0
5.868589296E1,8.339458008E0,1.084180435E1,-1.317260742E0
5.869591896E1,6.615642700E0,9.954449615E0,-1.681004333E-1
5.870594596E1,5.046006775E0,9.185049591E0,8.593629456E-1
5.871597296E1,3.759581909E0,8.447832642E0,1.972148895E0
5.872599996E1,2.689157867E0,7.798932037E0,3.037633209E0
5.873602696E1,1.613045654E0,7.096143494E0,3.622167664E0
5.874605396E1,4.137396240E-1,6.373596039E0,3.562591553E0
5.875608096E1,-8.304730225E-1,5.545218658E0,3.094664612E0
5.876610796E1,-2.126627655E0,4.774920502E0,2.511477356E0
5.877613496E1,-3.253035278E0,4.115691376E0,1.939666443E0
5.878616096E1,-3.931723938E0,3.653003540E0,1.657353516E0
5.879618796E1,-4.364174652E0,3.158432007E0,1.679657135E0
5.880621496E1,-4.547543335E0,2.960094452E0,1.805695038E0
5.881624196E1,-4.404889984E0,2.968327332E0,1.856289825E0
5.882626896E1,-3.747756500E0,3.075354767E0,1.877695312E0
5.883629596E1,-2.980901184E0,3.458707581E0,1.932182007E0
5.884632296E1,-2.029329987E0,4.177512817E0,2.066901855E0
5.885634996E1,-7.602690125E-1,5.284760284E0,2.420616302E0
5.886637696E1,8.256829834E-1,6.766079865E0,2.801274719E0
5.887640396E1,2.545007629E0,8.574768677E0,2.942880249E0
5.888642996E1,3.957171021E0,1.061622345E1,2.614912262E0
5.889645696E1,4.690496063E0,1.268432281E1,2.497107239E0
5.890648396E1,5.678591309E0,1.506452316E1,3.310366058E0
5.891651096E1,7.848029938E0,1.719653961E1,4.478237457E0
5.892653796E1,1.047970734E1,1.912737442E1,5.215005341E0
5.893656496E1,1.319985077E1,2.054298065E1,4.644990692E0
5.894659196E1,1.596415237E1,2.012594788E1,2.361638947E0
5.895661896E1,1.798988983E1,1.848056946E1,-9.870474243E-1
5.896664596E1,1.806578201E1,1.760369293E1,-3.982468414E0
5.897667196E1,1.742975464E1,1.755474472E1,-5.528603210E0
5.898669896E1,1.720567062E1,1.688503738E1,-5.231920166E0
5.899672596E1,1.660721512E1,1.495255600E1,-3.444187775E0
5.900675296E1,1.490196121E1,1.245050903E1,-1.315614166E0
5.901677996E1,1.231698669E1,1.006192612E1,7.050338745E-1
5.902680696E1,9.524393921E0,7.610923004E0,2.409988403E0
5.903683396E1,7.268584900E0,5.258415070E0,3.707789612E0
5.904686096E1,5.944139099E0,3.193608856E0,4.584366760E0
5.905688796E1,5.258115692E0,1.255738678E0,4.829257507E0
5.906691396E1,4.955145721E0,-6.435118103E-1,4.187691650E0
5.907694096E1,4.570146332E0,-2.304158478E0,3.099155273E0
5.908696796E1,4.247118073E0,-3.439697113E0,1.949396210E0
5.909699496E1,4.124972076E0,-4.202959900E0,6.906637573E-1
5.910702196E1,4.003424835E0,-4.934189301E0,-4.228706360E-1
5.911704896E1,3.937561798E0,-5.620512085E0,-1.291364594E0
5.912707596E1,3.735032959E0,-6.132447510E0,-1.945055237E0
5.913710296E1,3.018622742E0,-6.570137329E0,-2.470762024E0
5.914712996E1,1.638043671E0,-6.963219910E0,-2.795885925E0
5.915715596E1,3.248245239E-2,-7.303462372E0,-2.988086243E0
5.916718296E1,-1.281784515E0,-7.684719543E0,-3.081791382E0
5.917720996E1,-1.527573395E0,-7.784412231E0,-3.485202484E0
5.918723696E1,-2.399510193E-1,-7.422165527E0,-4.149521027E0
5.919726396E1,2.495460663E0,-6.638545074E0,-4.774770813E0
5.920729096E1,6.042185211E0,-5.340294800E0,-5.353916473E0
5.921731796E1,1.002076172E1,-3.347638550E0,-6.418053589E0
5.922734496E1,1.315703979E1,-1.201401672E0,-8.048912201E0
5.923737196E1,1.376851822E1,8.050259399E-1,-9.311686249E0
5.924739796E1,1.233929031E1,2.526296539E0,-9.176068268E0
5.925742496E1,1.249796036E1,5.078489227E0,-7.171736298E0
5.926745196E1,1.570788528E1,8.375832367E0,-4.837041321E0
5.927747896E1,2.057112213E1,1.151495453E1,-3.549269257E0
5.928750596E1,2.580543732E1,1.389919647E1,-3.179687805E0
5.929753296E1,2.972264145E1,1.542033325E1,-3.109184418E0
5.930755996E1,3.033935898E1,1.648596725E1,-2.624492340E0
5.931758696E1,2.751039185E1,1.728710129E1,-9.476792908E-1
5.932761396E1,2.326671661E1,1.743035339E1,9.620494080E-1
5.933763996E1,1.937750427E1,1.728335907E1,1.669328613E0
5.934766696E1,1.630589172E1,1.679941544E1,1.104104004E0
5.935769396E1,1.380878448E1,1.582898346E1,-5.388793945E-2
5.936772096E1,1.147334106E1,1.471754471E1,-8.199948120E-1
5.937774796E1,9.321116638E0,1.374890900E1,-5.129832458E-1
5.938777496E1,7.413034515E0,1.269899231E1,6.306385803E-1
5.939780196E1,5.731581116E0,1.160506714E1,1.940714264E0
5.940782896E1,4.352199554E0,1.060050613E1,3.120261383E0
5.941785596E1,3.062032471E0,9.724078674E0,3.942202148E0
5.942788196E1,1.734293518E0,8.913214874E0,4.357887726E0
5.943790896E1,3.537144470E-1,8.021219788E0,4.428540802E0
5.944793596E1,-9.475296021E-1,7.101981354E0,4.240232391E0
5.945796296E1,-1.972747650E0,6.239025879E0,3.871998138E0
5.946798996E1,-2.670746155E0,5.408403168E0,3.524121552E0
5.947801696E1,-3.202889557E0,4.662204895E0,3.450175323E0
5.948804396E1,-3.688928833E0,4.023333435E0,3.534599762E0
5.949807096E1,-4.239633636E0,3.462749176E0,3.572770386E0
5.950809696E1,-4.633015594E0,3.015778656E0,3.499123535E0
5.951812396E1,-4.802463226E0,2.783012695E0,3.695515137E0
5.952815096E1,-4.375700684E0,3.132984924E0,4.049229584E0
5.953817796E1,-3.120860138E0,3.965852966E0,4.413272552E0
5.954820496E1,-1.211730194E0,5.090164948E0,4.432732086E0
5.955823150E1,1.010548553E0,6.421646118E0,4.080065460E0
5.956825850E1,3.535497894E0,8.436905365E0,3.514840851E0
5.957828550E1,5.854325867E0,1.100257004E1,2.810106354E0
5.958831250E1,7.563471680E0,1.358589798E1,2.284848633E0
5.959833850E1,8.658594360E0,1.580967361E1,2.543061676E0
5.960836550E1,1.023287064E1,1.781595154E1,3.533402252E0
5.961839250E1,1.243449234E1,1.943468536E1,4.703219604E0
5.962841950E1,1.505434433E1,2.042352905E1,4.909490662E0
5.963844650E1,1.747002090E1,2.012519943E1,3.089275818E0
5.964847350E1,1.837039856E1,1.864343079E1,2.395019531E-2
5.965850050E1,1.769290741E1,1.690988571E1,-2.558778992E0
5.966852750E1,1.647578842E1,1.550311111E1,-3.675007782E0
5.967855450E1,1.534923111E1,1.452294937E1,-3.741170197E0
5.968858050E1,1.452534439E1,1.323667419E1,-3.445834351E0
5.969860750E1,1.363619339E1,1.119716537E1,-2.785856781E0
5.970863450E1,1.236129456E1,8.896150360E0,-1.789977722E0
5.971866150E1,1.065738785E1,6.756948853E0,-8.039781189E-1
5.972868850E1,8.811127167E0,4.699178009E0,2.716850281E-1
5.973871550E1,7.338339844E0,2.878214722E0,1.349144440E0
5.974874250E1,6.572682037E0,1.239871674E0,2.240091705E0
5.975876950E1,6.212680664E0,-4.330494690E-1,2.807711334E0
5.976879550E1,5.766757965E0,-2.030078430E0,2.906206512E0
5.977882250E1,5.072202301E0,-3.294199677E0,2.531385956E0
5.978884950E1,4.274660797E0,-4.265978851E0,1.819765778E0
5.979887650E1,3.584895172E0,-5.144951019E0,1.004111938E0
5.980890350E1,3.151396637E0,-5.794001312E0,1.820214844E-1
5.981893050E1,3.191064148E0,-6.147266693E0,-7.370672607E-1
5.982895750E1,3.214265900E0,-6.373146973E0,-1.919757843E0
5.983898450E1,2.315534821E0,-6.561904449E0,-3.247047729E0
5.984901150E1,6.348298645E-1,-6.899602203E0,-4.329446869E0
5.985903750E1,-8.750802612E-1,-7.233857117E0,-4.738246765E0
5.986906450E1,-1.491797791E0,-7.323670349E0,-4.964875488E0
5.987909150E1,-5.740562439E-1,-7.057523804E0,-5.362448730E0
5.988911850E1,2.001038818E0,-6.291416931E0,-5.975274353E0
5.989914550E1,5.274880829E0,-5.243745575E0,-6.765630798E0
5.990917250E1,8.172704773E0,-3.471730499E0,-7.705526276E0
5.991919950E1,1.050904633E1,-1.613195343E0,-8.962013397E0
5.992922650E1,1.129191833E1,1.204994202E-1,-9.957293701E0
5.993925250E1,1.080333435E1,2.143243103E0,-9.442514191E0
5.994927950E1,1.215652039E1,4.888534241E0,-7.395371246E0
5.995930650E1,1.645827484E1,8.657995605E0,-5.376070404E0
5.996933350E1,2.187850342E1,1.236922806E1,-4.278403015E0
5.997936050E1,2.714919296E1,1.483744537E1,-4.090543671E0
5.998938750E1,3.045372116E1,1.603600296E1,-4.503534851E0
5.999941450E1,3.054907288E1,1.665481613E1,-4.725822601E0
6.000944150E1,2.739243713E1,1.697529968E1,-3.712879028E0
6.001946850E1,2.327240479E1,1.676753174E1,-2.197580109E0
6.002949450E1,2.023701691E1,1.625978760E1,-1.560953979E0
6.003952150E1,1.818777832E1,1.561672485E1,-1.799258423E0
6.004954850E1,1.606713821E1,1.435769302E1,-2.554587708E0
6.005957550E1,1.325433746E1,1.285197418E1,-2.946323090E0
6.006960250E1,1.015578094E1,1.148082550E1,-2.184407501E0
6.007962950E1,7.464078369E0,1.030038025E1,-6.090834045E-1
6.008965650E1,5.479205933E0,9.238937531E0,1.005908203E0
6.009968350E1,3.999682617E0,8.458759918E0,2.631827087E0
6.010970950E1,2.806364136E0,7.816295929E0,4.236340485E0
6.011973650E1,1.804946594E0,7.336244202E0,5.527405701E0
6.012976350E1,8.512797546E-1,6.967261505E0,6.318510590E0
6.013979050E1,-8.846603394E-2,6.498885498E0,6.481521606E0
6.014981750E1,-9.334588623E-1,5.896687775E0,6.004463654E0
6.015984450E1,-1.867516479E0,5.185816040E0,5.046605530E0
6.016987150E1,-2.850821686E0,4.559069366E0,4.077670441E0
6.017989850E1,-3.482358398E0,3.993096313E0,3.467688904E0
6.018992450E1,-3.866010590E0,3.409310303E0,3.207829285E0
6.019995150E1,-4.096531219E0,2.936144257E0,3.149151306E0
6.020997850E1,-4.164639587E0,2.557581482E0,3.015329590E0
6.022000550E1,-3.785328369E0,2.219883728E0,2.712359619E0
6.023003250E1,-3.127147064E0,2.003433838E0,2.329306183E0
6.024005950E1,-2.529440002E0,2.024689636E0,1.989213409E0
6.025008650E1,-1.799857178E0,2.617906036E0,1.992356873E0
6.026011350E1,-5.623805237E-1,3.601360931E0,2.270029449E0
6.027014050E1,9.502239990E-1,5.236410828E0,2.383792877E0
6.028016650E1,2.312091980E0,7.818840637E0,1.981579285E0
6.029019350E1,3.384761353E0,1.095691498E1,1.598076782E0
6.030022050E1,4.799469452E0,1.425755127E1,2.230212250E0
6.031024750E1,7.742798767E0,1.777089523E1,4.198768616E0
6.032027450E1,1.261411880E1,2.110116989E1,6.398144989E0
6.033030150E1,1.818074295E1,2.350068008E1,7.047195282E0
6.034032850E1,2.225197678E1,2.367581589E1,5.347180481E0
6.035035550E1,2.420526489E1,2.185649918E1,2.045047302E0
6.036038150E1,2.441288315E1,2.020977356E1,-1.338965607E0
6.037040850E1,2.331895798E1,1.929622330E1,-3.663481750E0
6.038043550E1,2.196023346E1,1.791579391E1,-4.615202637E0
6.039046250E1,1.968271957E1,1.564995575E1,-4.357139282E0
6.040048950E1,1.652847885E1,1.298789154E1,-3.323688354E0
6.041051650E1,1.302261932E1,1.052057236E1,-1.707499237E0
6.042054350E1,9.947563934E0,8.417745209E0,5.089416504E-2
6.043057050E1,7.931107178E0,6.435417480E0,1.534459076E0
6.044059650E1,6.842720490E0,4.626429291E0,2.471211090E0
6.045062350E1,6.313570862E0,2.904559937E0,2.742447052E0
6.046065050E1,6.027665405E0,1.310225372E0,2.382745056E0
6.047067750E1,5.765859833E0,-1.947450256E-1,1.557511139E0
6.048070450E1,5.219496002E0,-1.625769196E0,4.435276794E-1
6.049073150E1,4.385430450E0,-2.931503906E0,-7.575746155E-1
6.050075850E1,3.582350464E0,-4.102069702E0,-1.786235504E0
6.051078550E1,2.971770172E0,-5.307962036E0,-2.643203430E0
6.052081150E1,2.192041626E0,-6.460864563E0,-3.349434814E0
6.053083850E1,1.058598633E0,-7.317084045E0,-3.804488525E0
6.054086550E1,-1.178050232E-1,-7.784262543E0,-4.064946899E0
6.055089283E1,-1.242416382E0,-8.039631500E0,-4.076472931E0
6.056091983E1,-2.280956726E0,-8.174201660E0,-3.802392883E0
6.057094683E1,-2.649041290E0,-8.280031586E0,-3.488944702E0
6.058097383E1,-1.742676086E0,-8.270301819E0,-3.287313995E0
6.059100083E1,5.975573730E-1,-7.980504456E0,-3.382066956E0
6.060102783E1,3.588487701E0,-7.383396149E0,-4.173171844E0
6.061105383E1,6.133195953E0,-6.171665955E0,-5.357209625E0
6.062108083E1,7.683971100E0,-4.688699799E0,-6.340514832E0
6.063110783E1,7.893385620E0,-3.189716949E0,-6.874903564E0
6.064113483E1,7.014413452E0,-8.939410400E-1,-6.418203278E0
6.065116183E1,7.706723785E0,2.504741364E0,-4.900209961E0
6.066118883E1,1.127245880E1,6.813082123E0,-3.363056488E0
6.067121583E1,1.730611176E1,1.138068375E1,-2.942880249E0
6.068124283E1,2.508498550E1,1.499791168E1,-4.309388580E0
6.069126883E1,3.127656006E1,1.694491287E1,-7.036118317E0
6.070129583E1,3.277060318E1,1.807640991E1,-9.173074493E0
6.071132283E1,2.980676651E1,1.875090729E1,-8.970545654E0
6.072134983E1,2.546998489E1,1.842144241E1,-6.953190765E0
6.073137683E1,2.181907700E1,1.744502289E1,-5.525010681E0
6.074140383E1,1.926912964E1,1.621667725E1,-5.599106598E0
6.075143083E1,1.734113892E1,1.464749039E1,-6.503076782E0
6.076145783E1,1.470541992E1,1.270033951E1,-7.060517578E0
6.077148383E1,1.113968491E1,1.083282303E1,-6.540948029E0
6.078151083E1,7.441325684E0,9.264683990E0,-4.883744202E0
6.079153783E1,4.495601349E0,7.875572662E0,-2.642305298E0
6.080156483E1,2.689906311E0,6.854545898E0,-2.444416809E-1
6.081159183E1,1.680106201E0,6.342760162E0,2.126178589E0
6.082161883E1,1.062640228E0,6.089935913E0,4.111350403E0
6.083164583E1,7.057823181E-1,6.172564087E0,5.438340912E0
6.084167283E1,5.691165161E-1,6.430926819E0,6.049669647E0
6.085169883E1,2.124082947E-1,6.422544250E0,5.986800385E0
6.086172583E1,-6.667135620E-1,6.006110229E0,5.566773834E0
6.087175283E1,-1.660047913E0,5.554649048E0,5.275030518E0
6.088177983E1,-2.522105255E0,5.191653900E0,5.194647675E0
6.089180683E1,-3.266656952E0,4.828658752E0,5.073250122E0
6.090183383E1,-3.835623779E0,4.488116913E0,4.744833069E0
6.091186083E1,-4.101171570E0,4.227209473E0,4.440665588E0
6.092188783E1,-3.955674133E0,4.144581299E0,4.454736328E0
6.093191383E1,-3.354973297E0,4.367318115E0,5.065765686E0
6.094194083E1,-1.849104767E0,5.054089966E0,5.524711304E0
6.095196783E1,-3.038681030E-2,5.910309448E0,5.105732574E0
6.096199483E1,1.323248291E0,6.956034851E0,3.964206390E0
6.097202183E1,2.419269104E0,8.429720306E0,2.913092194E0
6.098204883E1,3.655847626E0,1.048629364E1,2.223326569E0
6.099207583E1,5.442831573E0,1.302725967E1,1.978585510E0
6.100210283E1,8.389154663E0,1.581715805E1,2.161205750E0
6.101212883E1,1.200623291E1,1.798090851E1,2.336491241E0
6.102215583E1,1.569141953E1,1.937076828E1,1.723366241E0
6.103218283E1,1.944755859E1,2.003358994E1,-1.871109009E-2
6.104220983E1,2.209225891E1,1.961610809E1,-1.954635315E0
6.105223683E1,2.247710861E1,1.814302139E1,-3.075205078E0
6.106226383E1,2.099324432E1,1.660467041E1,-3.143163757E0
6.107229083E1,1.949486023E1,1.556972260E1,-2.716700592E0
6.108231783E1,1.893352753E1,1.421189621E1,-2.560126190E0
6.109234383E1,1.858310623E1,1.221130646E1,-2.417622528E0
6.110237083E1,1.753513550E1,9.951904907E0,-1.871408386E0
6.111239783E1,1.553903641E1,7.992329865E0,-8.521778870E-1
6.112242483E1,1.312410828E1,6.075116730E0,3.046165466E-1
6.113245183E1,1.099538498E1,4.112847290E0,1.408870239E0
6.114247883E1,9.416917419E0,2.233954468E0,2.190993805E0
6.115250583E1,8.332572327E0,4.727169800E-1,2.527943115E0
6.116253283E1,7.467371521E0,-1.137783966E0,2.349963226E0
6.117255883E1,6.504274292E0,-2.732417908E0,1.784289551E0
6.118258583E1,5.323978729E0,-4.156556396E0,8.300239563E-1
6.119261283E1,4.124373322E0,-5.364993439E0,-2.601589966E-1
6.120263983E1,2.941832428E0,-6.415508881E0,-1.172811127E0
6.121266683E1,1.627415771E0,-7.309898987E0,-1.794019318E0
6.122269383E1,2.733316040E-1,-8.149353333E0,-1.946103058E0
6.123272083E1,-1.375639343E0,-8.681197357E0,-1.806443481E0
6.124274783E1,-3.077899475E0,-8.898695068E0,-1.669927368E0
6.125277383E1,-4.029021606E0,-9.296717377E0,-1.786235504E0
6.126280083E1,-4.002526703E0,-9.673932953E0,-2.095941467E0
6.127282783E1,-2.212399292E0,-9.676028595E0,-2.526446228E0
6.128285483E1,9.322613525E-1,-9.628128204E0,-3.169508972E0
6.129288183E1,4.037254486E0,-9.291927338E0,-4.339925079E0
6.130290883E1,6.855444031E0,-8.353528748E0,-5.637576599E0
6.131293583E1,8.465346222E0,-6.919361115E0,-6.856940918E0
6.132296283E1,7.771838379E0,-5.022355957E0,-7.809110870E0
6.133298983E1,6.862329712E0,-2.929557953E0,-8.134983215E0
6.134301583E1,9.009015656E0,1.191522217E-1,-7.107669525E0
6.135304283E1,1.577030548E1,4.753365326E0,-5.311704254E0
6.136306983E1,2.464594849E1,9.327104187E0,-4.835993500E0
6.137309683E1,3.157623688E1,1.219813385E1,-6.364614716E0
6.138312383E1,3.435670486E1,1.383498001E1,-8.553363190E0
6.139315083E1,3.349374939E1,1.508113861E1,-9.771529999E0
6.140317783E1,3.005315414E1,1.556388474E1,-9.114845581E0
6.141320483E1,2.589944183E1,1.480496292E1,-7.229815521E0
6.142323083E1,2.221784775E1,1.360056747E1,-6.005361786E0
6.143325783E1,1.878563507E1,1.285601578E1,-5.575904846E0
6.144328483E1,1.563184341E1,1.215846634E1,-5.539380798E0
6.145331183E1,1.270917114E1,1.127754822E1,-5.138364716E0
6.146333883E1,1.013796799E1,1.057221497E1,-3.928730164E0
6.147336583E1,8.330776062E0,9.962383118E0,-2.156715088E0
6.148339283E1,7.137008514E0,9.254804535E0,-3.408412170E-1
6.149341983E1,5.915099487E0,8.806636505E0,1.331032104E0
6.150344583E1,4.587360535E0,8.535849609E0,2.946173401E0
6.151347283E1,3.290307770E0,8.321046295E0,4.415817261E0
6.152349983E1,2.055675201E0,8.175997925E0,5.423521729E0
6.153352683E1,8.825646973E-1,7.889793091E0,5.635181580E0
6.154355383E1,-2.947370911E-1,7.424111481E0,5.144352264E0
6.155358021E1,-1.096619568E0,7.047344971E0,4.475243683E0
6.156360721E1,-1.445993042E0,6.703509979E0,3.896696777E0
6.157363321E1,-1.737736359E0,6.224057007E0,3.391497345E0
6.158366021E1,-2.007774811E0,5.631589050E0,3.004851379E0
6.159368721E1,-2.091151428E0,5.148842926E0,2.860551453E0
6.160371421E1,-1.997745667E0,4.727918243E0,3.019670563E0
6.161374121E1,-1.669029236E0,4.396507416E0,3.290607147E0
6.162376821E1,-1.276246033E0,4.224814453E0,3.506757660E0
6.163379521E1,-3.450325012E-1,4.777465210E0,3.535797272E0
6.164382221E1,1.277892609E0,5.875881042E0,3.212769012E0
6.165384821E1,3.312312012E0,7.436086578E0,2.351759491E0
6.166387521E1,5.556295624E0,9.620045013E0,1.719624023E0
6.167390221E1,8.231532440E0,1.219334381E1,1.724713440E0
6.168392921E1,1.171493866E1,1.477412704E1,2.501298523E0
6.169395621E1,1.535252426E1,1.693129120E1,3.457210693E0
6.170398321E1,1.846994156E1,1.868339767E1,3.941902771E0
6.171401021E1,2.099069962E1,1.976160553E1,3.273842010E0
6.172403721E1,2.274505142E1,1.888996811E1,1.086889801E0
6.173406321E1,2.194062424E1,1.655781784E1,-1.808239746E0
6.174409021E1,1.951252350E1,1.422626633E1,-4.064198456E0
6.175411721E1,1.672861267E1,1.236728210E1,-5.117108917E0
6.176414421E1,1.474553650E1,1.116797607E1,-5.000800781E0
6.177417121E1,1.368783600E1,9.706714783E0,-4.046535187E0
6.178419821E1,1.260498779E1,8.007747803E0,-2.387385406E0
6.179422521E1,1.071666458E1,6.490502930E0,-4.296066284E-1
6.180425221E1,8.145611115E0,4.998405762E0,1.205443268E0
6.181427821E1,5.921685791E0,3.624113617E0,2.566113739E0
6.182430521E1,4.503085785E0,2.359243927E0,3.540587311E0
6.183433221E1,3.842808838E0,1.209335175E0,3.795656891E0
6.184435921E1,3.549868011E0,1.197509766E-1,3.163371735E0
6.185438621E1,3.675905914E0,-9.458830261E-1,2.097887421E0
6.186441321E1,3.955973511E0,-1.954785004E0,1.099463654E0
6.187444021E1,4.278852081E0,-2.718945923E0,1.585203552E-1
6.188446721E1,4.727768555E0,-3.276087341E0,-1.100960541E0
6.189449321E1,5.124144287E0,-3.859723663E0,-2.600841522E0
6.190452021E1,5.007387085E0,-4.453688507E0,-4.010909271E0
6.191454721E1,4.352349243E0,-4.835843811E0,-4.793332214E0
6.192457421E1,3.501817932E0,-5.198689270E0,-4.873116302E0
6.193460121E1,2.460134125E0,-5.481451263E0,-4.820276184E0
6.194462821E1,1.074166260E0,-5.713768158E0,-4.929998016E0
6.195465521E1,-2.932402039E-1,-6.169720001E0,-5.148992615E0
6.196468221E1,-1.044078827E0,-6.729705505E0,-5.399272156E0
6.197470821E1,-6.753955078E-1,-6.983128510E0,-5.781427460E0
6.198473521E1,8.437953186E-1,-6.738237762E0,-6.335425415E0
6.199476221E1,3.225492554E0,-6.183191986E0,-7.085066528E0
6.200478921E1,6.192023621E0,-4.906945953E0,-8.009843445E0
6.201481621E1,8.944350128E0,-3.073558502E0,-9.410929871E0
6.202484321E1,1.125105331E1,-1.240919495E0,-1.082279388E1
6.203487021E1,1.311632446E1,1.145268402E0,-1.061532532E1
6.204489721E1,1.622296417E1,4.604874115E0,-7.836503906E0
6.205492321E1,2.126762375E1,8.291108551E0,-4.859943695E0
6.206495021E1,2.649699921E1,1.127979355E1,-3.329675903E0
6.207497721E1,3.056254486E1,1.307426193E1,-3.329077148E0
6.208500421E1,3.223172379E1,1.402433624E1,-3.955075378E0
6.209503121E1,3.082914047E1,1.449196381E1,-3.654500427E0
6.210505821E1,2.721056534E1,1.430096100E1,-1.871558075E0
6.211508521E1,2.292976730E1,1.369816452E1,-1.339714050E-1
6.212511121E1,1.870285721E1,1.301214111E1,4.228706360E-1
6.213513821E1,1.506706787E1,1.220292389E1,-1.784289551E-1
6.214516521E1,1.209484863E1,1.126841721E1,-1.135239258E0
6.215519221E1,9.483977966E0,1.029005173E1,-1.638043671E0
6.216521921E1,7.201075287E0,9.293573914E0,-1.316212921E0
6.217524621E1,5.314847717E0,8.447982330E0,-2.273771667E-1
6.218527321E1,3.888164520E0,7.707472229E0,1.124162292E0
6.219530021E1,2.762056274E0,7.148684235E0,2.479893036E0
6.220532621E1,1.528471527E0,6.713988190E0,3.485202484E0
6.221535321E1,4.056564331E-1,6.290967865E0,4.093387756E0
6.222538021E1,-4.625381470E-1,5.888005829E0,4.418212280E0
6.223540721E1,-9.681866455E-1,5.523064728E0,4.597689056E0
6.224543421E1,-1.157542877E0,5.156177673E0,4.513563995E0
6.225546121E1,-1.477577362E0,4.817282410E0,4.283642120E0
6.226548821E1,-1.911075897E0,4.536017303E0,4.012406158E0
6.227551421E1,-2.524350586E0,4.150868225E0,3.793860626E0
6.228554121E1,-3.160078583E0,3.747307434E0,3.824247437E0
6.229556821E1,-3.542832642E0,3.317850494E0,4.202660522E0
6.230559521E1,-3.341950378E0,3.240311737E0,4.891378326E0
6.231562221E1,-2.513273621E0,3.780238953E0,5.616769867E0
6.232564921E1,-1.340462494E0,4.644541626E0,6.021228790E0
6.233567621E1,-2.564167786E-1,5.503605194E0,5.905669098E0
6.234570321E1,1.580563202E0,6.641389160E0,5.555397491E0
6.235572921E1,4.284091187E0,8.378077698E0,5.135520630E0
6.236575621E1,7.123386841E0,1.086380859E1,4.805756378E0
6.237578321E1,1.021775208E1,1.366568207E1,4.954696655E0
6.238581021E1,1.397014893E1,1.609902191E1,5.398523712E0
6.239583721E1,1.785262527E1,1.827534622E1,5.822142792E0
6.240586421E1,2.127944916E1,2.023447220E1,6.020330658E0
6.241589121E1,2.440674591E1,2.097677856E1,5.398074646E0
6.242591721E1,2.654445053E1,1.995769775E1,3.638334045E0
6.243594421E1,2.727627869E1,1.803090454E1,1.250349884E0
6.244597121E1,2.698438568E1,1.609977036E1,-1.083896027E0
6.245599821E1,2.556758194E1,1.431847458E1,-2.967728577E0
6.246602521E1,2.314247498E1,1.245859222E1,-4.584815826E0
6.247605221E1,2.055884766E1,1.033121613E1,-5.767955475E0
6.248607921E1,1.813463882E1,8.068671112E0,-6.142027588E0
6.249610621E1,1.561418015E1,5.819598083E0,-5.514233093E0
6.250613221E1,1.298923874E1,3.805087280E0,-4.147874451E0
6.251615921E1,1.033600616E1,1.868115234E0,-2.389331360E0
6.252618621E1,7.949818268E0,1.047821045E-3,-6.203100586E-1
6.253621321E1,6.075865173E0,-1.585951996E0,9.036708069E-1
6.254624021E1,4.507277069E0,-2.907553711E0,2.110012207E0
6.255626700E1,3.095263367E0,-4.125570831E0,2.812651062E0
6.256629400E1,2.068249054E0,-5.175487518E0,3.057541809E0
6.257632000E1,1.585802307E0,-6.061195679E0,2.762505341E0
6.258634700E1,1.626667328E0,-6.822362823E0,1.747615814E0
6.259637400E1,1.988764343E0,-7.322323151E0,1.264869690E-1
6.260640100E1,2.194885712E0,-7.656727753E0,-1.460363159E0
6.261642800E1,1.706152039E0,-7.878117371E0,-2.834206238E0
6.262645500E1,4.162843323E-1,-8.047265625E0,-3.861968994E0
6.263648200E1,-1.111738129E0,-8.333320770E0,-4.348906403E0
6.264650800E1,-2.224075012E0,-8.569679260E0,-4.323908386E0
6.265653500E1,-2.730771332E0,-8.795110474E0,-4.115990753E0
6.266656200E1,-2.343975677E0,-8.750952301E0,-4.198319550E0
6.267658900E1,-4.590953064E-1,-8.423433380E0,-4.825814667E0
6.268661600E1,2.323767700E0,-7.894583130E0,-6.002667389E0
6.269664300E1,4.429139557E0,-6.796915741E0,-7.415279846E0
6.270667000E1,5.507497101E0,-5.625451813E0,-8.582253113E0
6.271669700E1,5.999523926E0,-4.311933289E0,-8.954828339E0
6.272672300E1,7.794591064E0,-2.125430145E0,-7.827672272E0
6.273675000E1,1.290661057E1,2.104922791E0,-5.820945282E0
6.274677700E1,2.068144272E1,7.525301056E0,-4.404740295E0
6.275680400E1,2.994882111E1,1.236653366E1,-4.815486145E0
6.276683100E1,3.743969376E1,1.531150955E1,-6.907835083E0
6.277685800E1,3.986270508E1,1.632759659E1,-8.386609955E0
6.278688500E1,3.681713837E1,1.637100632E1,-7.081923065E0
6.279691100E1,3.075968491E1,1.574485840E1,-3.772604828E0
6.280693800E1,2.489143799E1,1.472532852E1,-1.259780273E0
6.281696500E1,2.022953247E1,1.365864670E1,-1.869612122E-1
6.282699200E1,1.655587189E1,1.242102036E1,-2.308200073E-1
6.283701900E1,1.337917786E1,1.112935638E1,-5.999523926E-1
6.284704600E1,1.015488281E1,9.876461792E0,-4.489164734E-1
6.285707300E1,7.088060303E0,8.815767517E0,4.328997803E-1
6.286709900E1,4.659211121E0,8.065827026E0,1.873504028E0
6.287712600E1,3.069666595E0,7.633226624E0,3.399580536E0
6.288715300E1,2.204914856E0,7.514373779E0,4.554728394E0
6.289718000E1,1.756148071E0,7.540419617E0,5.104235687E0
6.290720700E1,1.386566620E0,7.463778992E0,5.022805023E0
6.291723400E1,8.933422852E-1,7.355703735E0,4.518354034E0
6.292726100E1,1.866618347E-1,7.297624512E0,3.924089813E0
6.293728700E1,-9.313632202E-1,7.107370148E0,3.447181549E0
6.294731400E1,-1.883233795E0,6.736890564E0,3.332370300E0
6.295734100E1,-2.547851715E0,6.398594055E0,3.249592438E0
6.296736800E1,-3.013982391E0,6.250402222E0,3.268902283E0
6.297739500E1,-3.266956329E0,6.098468170E0,3.318598938E0
6.298742200E1,-3.132535858E0,5.926026764E0,3.492836609E0
6.299744900E1,-2.547702026E0,6.100264435E0,3.668122101E0
6.300747500E1,-1.528621216E0,6.637048187E0,3.798950043E0
6.301750200E1,-2.447410583E-1,7.218588867E0,3.876638489E0
6.302752900E1,1.351090393E0,8.169860687E0,3.679797821E0
6.303755600E1,3.311264191E0,9.580976257E0,3.260968781E0
6.304758300E1,5.897735596E0,1.153142029E1,2.658022614E0
6.305761000E1,9.119336243E0,1.372046814E1,2.048789520E0
6.306763700E1,1.257205627E1,1.538066574E1,1.781445465E0
6.307766300E1,1.540012527E1,1.653102356E1,2.359094238E0
6.308769000E1,1.709549973E1,1.716570374E1,3.325035553E0
6.309771700E1,1.814571579E1,1.753857834E1,3.799099731E0
6.310774400E1,1.918739960E1,1.687665482E1,2.771786041E0
6.311777100E1,1.936762482E1,1.511841110E1,2.266287231E-1
6.312779800E1,1.813119598E1,1.333621719E1,-2.006726990E0
6.313782500E1,1.636127655E1,1.202763840E1,-3.235222321E0
6.314785100E1,1.505584122E1,1.123922791E1,-3.434158630E0
6.315787800E1,1.461590607E1,1.052266800E1,-3.075055389E0
6.316790500E1,1.448268311E1,9.460626526E0,-2.452350311E0
6.317793200E1,1.375998596E1,8.140671387E0,-1.558259583E0
6.318795900E1,1.225277023E1,6.639892273E0,-6.224057007E-1
6.319798600E1,1.041414368E1,4.989574127E0,3.918850708E-1
6.320801300E1,8.686286774E0,3.419189758E0,1.303040314E0
6.321803900E1,7.425608368E0,2.001338196E0,1.971400452E0
6.322806600E1,6.600823517E0,6.218069458E-1,2.314187622E0
6.323809300E1,5.754034424E0,-8.297245789E-1,2.274220734E0
6.324812000E1,4.725672913E0,-2.284549255E0,2.033371582E0
6.325814700E1,3.711232452E0,-3.476969604E0,1.655407562E0
6.326817400E1,3.088976440E0,-4.391567688E0,1.137035522E0
6.327820100E1,2.952160950E0,-5.278623047E0,5.402265930E-1
6.328822800E1,3.161425781E0,-5.984854431E0,-2.463876343E-1
6.329825400E1,3.553161163E0,-6.431375885E0,-1.338366852E0
6.330828100E1,3.494782562E0,-6.787036285E0,-2.538271637E0
6.331830800E1,2.321522369E0,-7.021299133E0,-3.693718872E0
6.332833500E1,4.658312988E-1,-7.381899261E0,-4.511168976E0
6.333836200E1,-9.738748169E-1,-7.740703125E0,-4.786446533E0
6.334838900E1,-1.431024170E0,-7.799680481E0,-4.844974823E0
6.335841600E1,-6.474037170E-1,-7.674391022E0,-5.041366425E0
6.336844200E1,1.206191711E0,-7.263345795E0,-5.490881653E0
6.337846900E1,3.509302368E0,-6.376589813E0,-6.061644745E0
6.338849600E1,6.117628326E0,-4.794230347E0,-6.690636749E0
6.339852300E1,8.484057312E0,-2.739153900E0,-7.526648254E0
6.340855000E1,9.671987000E0,-7.267387390E-1,-8.400231628E0
6.341857700E1,1.051593201E1,1.961520996E0,-7.880512390E0
6.342860400E1,1.401191208E1,5.961353302E0,-5.616769867E0
6.343863000E1,1.969873627E1,1.007494904E1,-3.688479767E0
6.344865700E1,2.551159836E1,1.373588608E1,-3.118614807E0
6.345868400E1,3.039833633E1,1.609033997E1,-4.120930481E0
6.346871100E1,3.284589661E1,1.735670654E1,-6.547534332E0
6.347873800E1,3.155168793E1,1.807596085E1,-8.555159454E0
6.348876500E1,2.779644699E1,1.780307831E1,-8.664132843E0
6.349879100E1,2.356923752E1,1.660751450E1,-7.692653046E0
6.350881800E1,1.978001724E1,1.525477753E1,-7.163503418E0
6.351884500E1,1.643866562E1,1.382495087E1,-7.094347229E0
6.352887200E1,1.327259949E1,1.234168533E1,-6.738686829E0
6.353889900E1,1.022808060E1,1.091679840E1,-5.764662323E0
6.354892600E1,7.353159027E0,9.464518433E0,-4.324656830E0
6.355895400E1,4.946613464E0,8.109985199E0,-2.604733429E0
6.356898000E1,2.993624725E0,6.989864502E0,-7.548802185E-1
6.357900700E1,1.335223389E0,6.156248016E0,9.610015869E-1
6.358903400E1,-9.520202637E-2,5.545817413E0,2.525997162E0
6.359906100E1,-1.298849030E0,5.144202576E0,3.892655182E0
6.360908800E1,-2.163900146E0,4.856800232E0,4.857398987E0
6.361911500E1,-2.596650238E0,4.516857147E0,5.153034210E0
6.362914200E1,-2.822081451E0,4.260140991E0,4.778812408E0
6.363916800E1,-3.105591888E0,3.987707520E0,4.110152893E0
6.364919500E1,-3.422183533E0,3.716022491E0,3.470383301E0
6.365922200E1,-3.816463623E0,3.551215210E0,3.045267334E0
6.366924900E1,-4.226760406E0,3.476520538E0,2.869233398E0
6.367927600E1,-4.294719086E0,3.682043152E0,2.886896667E0
6.368930300E1,-3.512146454E0,4.303101654E0,2.929857330E0
6.369933000E1,-2.269131317E0,5.361700287E0,3.074007568E0
6.370935600E1,-4.625381470E-1,6.848708038E0,3.362457733E0
6.371938300E1,1.976190491E0,8.540340271E0,3.511847076E0
6.372941000E1,4.518204346E0,1.059556641E1,3.454516296E0
6.373943700E1,6.766977997E0,1.291993286E1,3.474275208E0
6.374946400E1,9.044791260E0,1.529160095E1,3.698957977E0
6.375949100E1,1.142798538E1,1.764006729E1,4.393513641E0
6.376951800E1,1.377585297E1,1.973855347E1,5.388344879E0
6.377954400E1,1.613704285E1,2.128618515E1,5.892197113E0
6.378957100E1,1.762420029E1,2.182117264E1,5.259313202E0
6.379959800E1,1.807940369E1,2.078338074E1,3.002905426E0
6.380962500E1,1.760518982E1,1.875330231E1,1.636097717E-1
6.381965200E1,1.647174683E1,1.673549835E1,-2.039059753E0
6.382967900E1,1.467967346E1,1.508877274E1,-3.130889282E0
6.383970500E1,1.319431229E1,1.387359970E1,-3.354374542E0
6.384973200E1,1.271470963E1,1.268851410E1,-3.144211578E0
6.385975900E1,1.281694702E1,1.104328537E1,-2.646047516E0
6.386978600E1,1.276904663E1,8.997938690E0,-1.802252197E0
6.387981300E1,1.193917236E1,6.958729248E0,-7.038363647E-1
6.388984000E1,1.057086777E1,4.889432373E0,3.300636292E-1
6.389986700E1,9.059460754E0,2.771786041E0,1.305734711E0
6.390989300E1,7.573051758E0,9.253756714E-1,2.258802795E0
6.391992000E1,6.157595215E0,-5.677693176E-1,2.714604950E0
6.392994700E1,5.129682770E0,-1.852547607E0,2.347418518E0
6.393997400E1,4.863685913E0,-2.835254059E0,1.211430817E0
6.395000100E1,4.891228638E0,-3.611689453E0,-2.302212524E-1
6.396002800E1,4.709207153E0,-4.348307648E0,-1.645827484E0
6.397005500E1,4.352199554E0,-5.051844635E0,-2.935395813E0
6.398008100E1,3.678750000E0,-5.614374847E0,-4.100572815E0
6.399010800E1,2.324216766E0,-6.089187469E0,-4.787494354E0
6.400013500E1,4.209246826E-1,-6.484216003E0,-4.894671478E0
6.401016200E1,-1.301543427E0,-6.899602203E0,-4.453538818E0
6.402018900E1,-2.294578400E0,-7.142546997E0,-3.780837708E0
6.403021600E1,-2.252815247E0,-7.077881470E0,-3.398383026E0
6.404024300E1,-1.034498749E0,-6.760840759E0,-3.727997589E0
6.405026900E1,9.361532593E-1,-6.303691406E0,-4.774321747E0
6.406029600E1,3.270997925E0,-5.557942200E0,-6.148464203E0
6.407032300E1,5.891897736E0,-4.310735779E0,-7.605534210E0
6.408035000E1,8.230783997E0,-2.750081177E0,-8.841963043E0
6.409037700E1,8.998088379E0,-1.184187469E0,-9.399254150E0
6.410040400E1,7.989785156E0,5.574407959E-1,-8.709189148E0
6.411043000E1,7.804470520E0,3.418890381E0,-6.537056122E0
6.412045700E1,1.078252762E1,7.599247284E0,-4.068539429E0
6.413048400E1,1.698398163E1,1.221549774E1,-2.938389587E0
6.414051100E1,2.462589020E1,1.600396957E1,-4.022285614E0
6.415053800E1,3.057541809E1,1.790815979E1,-6.335275726E0
6.416056500E1,3.202440491E1,1.850736374E1,-7.351662140E0
6.417059200E1,2.873918655E1,1.884536087E1,-5.739514618E0
6.418061800E1,2.341595627E1,1.870390503E1,-3.119363251E0
6.419064500E1,1.881362686E1,1.792926590E1,-1.664388885E0
6.420067200E1,1.517469406E1,1.664583481E1,-1.798809357E0
6.421069900E1,1.226444595E1,1.501198242E1,-2.841241608E0
6.422072600E1,9.909692688E0,1.340657089E1,-3.421734467E0
6.423075300E1,7.788753204E0,1.196087723E1,-3.029400330E0
6.424077900E1,5.721252594E0,1.061876816E1,-1.833387451E0
6.425080600E1,3.992796936E0,9.530381470E0,-3.424877930E-1
6.426083300E1,2.866239624E0,8.611741791E0,1.017134857E0
6.427086000E1,2.270478516E0,7.836952972E0,2.125729523E0
6.428088700E1,2.003433838E0,7.215146027E0,2.900368652E0
6.429091400E1,1.636696472E0,6.730304260E0,3.456911316E0
6.430094100E1,9.367520142E-1,6.309678955E0,3.970493317E0
6.431096700E1,8.232879639E-2,5.922284546E0,4.473297729E0
6.432099400E1,-9.653425598E-1,5.410498810E0,4.858746185E0
6.433102100E1,-2.146236877E0,4.870721283E0,5.062023468E0
6.434104800E1,-2.939587097E0,4.477039948E0,5.137915649E0
6.435107500E1,-3.339106293E0,4.295018463E0,5.127886505E0
6.436110200E1,-3.375031586E0,4.288132782E0,5.021607513E0
6.437112800E1,-2.938239899E0,4.513713684E0,4.733456726E0
6.438115500E1,-2.251617737E0,5.056335297E0,4.458029480E0
6.439118200E1,-1.135987701E0,5.939199371E0,4.505031738E0
6.440120900E1,8.316705322E-1,7.195686493E0,4.365970917E0
6.441123600E1,3.138972473E0,8.662486267E0,3.809278564E0
6.442126300E1,5.113217010E0,1.015832565E1,2.914589081E0
6.443129000E1,6.587351532E0,1.192959229E1,2.076332245E0
6.444131600E1,7.891140289E0,1.404753799E1,1.808988190E0
6.445134300E1,9.080566864E0,1.601684280E1,2.406545563E0
6.446137000E1,1.042177780E1,1.801548660E1,3.408262482E0
6.447139700E1,1.300450699E1,2.053669373E1,3.949686584E0
6.448142400E1,1.721300537E1,2.235047195E1,2.993774414E0
6.449145100E1,2.085762634E1,2.201082825E1,1.962419128E-1
6.450147700E1,2.208911545E1,2.009571075E1,-2.895279236E0
6.451150400E1,2.114592682E1,1.758767624E1,-5.331313477E0
6.452153100E1,1.890358978E1,1.584095856E1,-6.447542267E0
6.453155800E1,1.654284897E1,1.468161942E1,-6.413562927E0
6.454158500E1,1.518217850E1,1.337019653E1,-5.940995636E0
6.455161200E1,1.421683594E1,1.130494125E1,-5.048401794E0
6.456163746E1,1.265468445E1,8.874146118E0,-3.581901398E0
6.457166446E1,1.017239639E1,6.605912933E0,-1.695374451E0
6.458169146E1,7.397616577E0,4.421655121E0,1.755848694E-1
6.459171846E1,5.179828491E0,2.446662140E0,1.807940369E0
6.460174546E1,3.987557831E0,8.078700256E-1,2.997067566E0
6.461177246E1,3.874393158E0,-7.176077271E-1,3.418740692E0
6.462179946E1,4.576732635E0,-2.130369873E0,2.772684174E0
6.463182546E1,5.326074371E0,-3.488645325E0,1.358125763E0
6.464185246E1,5.422174530E0,-4.593348083E0,-1.167572021E-2
6.465187946E1,4.798571320E0,-5.466931458E0,-1.040336609E0
6.466190646E1,3.880530396E0,-6.233337708E0,-1.906285858E0
6.467193346E1,2.869383087E0,-6.956184540E0,-2.662962341E0
6.468196046E1,1.745819550E0,-7.561076660E0,-3.209026794E0
6.469198646E1,5.849835205E-1,-8.017327881E0,-3.705843658E0
6.470201346E1,-3.613485718E-1,-8.236322479E0,-4.270319824E0
6.471204046E1,-1.191821594E0,-8.421786804E0,-4.670288086E0
6.472206746E1,-1.395697632E0,-8.551417236E0,-4.890929260E0
6.473209446E1,-6.634204102E-1,-8.407266998E0,-5.151836700E0
6.474212146E1,1.292711792E0,-7.757617950E0,-5.658832397E0
6.475214846E1,4.046535187E0,-6.707850952E0,-6.286028137E0
6.476217446E1,6.636000366E0,-4.982688446E0,-7.128476257E0
6.477220146E1,8.188571777E0,-3.294199677E0,-8.320746918E0
6.478222846E1,8.703201599E0,-1.660047913E0,-9.207652588E0
6.479225546E1,9.081165619E0,7.568261719E-1,-8.640781403E0
6.480228246E1,1.197015793E1,4.580624542E0,-6.555168457E0
6.481230946E1,1.777194305E1,9.165290680E0,-4.725523224E0
6.482233546E1,2.463112930E1,1.369951172E1,-3.915557556E0
6.483236246E1,3.073872849E1,1.685150711E1,-4.262685699E0
6.484238946E1,3.391272812E1,1.819376587E1,-5.531896362E0
6.485241646E1,3.244188675E1,1.876168488E1,-5.873635712E0
6.486244346E1,2.745964737E1,1.873189682E1,-4.312831421E0
6.487247046E1,2.223311600E1,1.789304123E1,-2.574795685E0
6.488249646E1,1.825648544E1,1.682067123E1,-1.679507446E0
6.489252346E1,1.547631683E1,1.566252960E1,-1.483415222E0
6.490255046E1,1.324146423E1,1.429706909E1,-1.445543976E0
6.491257746E1,1.090108109E1,1.275362869E1,-1.063388672E0
6.492260446E1,8.151149597E0,1.119432129E1,-3.097059631E-1
6.493263146E1,5.500312042E0,9.764644318E0,7.939489746E-1
6.494265746E1,3.373684387E0,8.570278015E0,2.081122284E0
6.495268446E1,1.850601654E0,7.641160126E0,3.371139679E0
6.496271146E1,7.912545776E-1,6.909182281E0,4.406386871E0
6.497273846E1,1.595681763E-1,6.327491913E0,4.965623932E0
6.498276546E1,-2.722837830E-1,5.792803802E0,4.875810699E0
6.499279246E1,-7.762857056E-1,5.150489502E0,4.166286163E0
6.500281946E1,-1.564995575E0,4.497696991E0,3.168610840E0
6.501284546E1,-2.431543579E0,4.112248535E0,2.460882568E0
6.502287246E1,-3.212619324E0,3.991599426E0,2.266885986E0
6.503289946E1,-3.934867401E0,3.801195374E0,2.338736572E0
6.504292646E1,-4.632865906E0,3.633244629E0,2.505340118E0
6.505295346E1,-4.984784088E0,3.441194000E0,2.932102661E0
6.506298046E1,-4.921465759E0,3.522774353E0,3.500321045E0
6.507300646E1,-4.309089203E0,4.141737213E0,4.094884644E0
6.508303346E1,-2.781815186E0,5.273982697E0,4.393214264E0
6.509306046E1,-5.131329346E-1,6.730004883E0,4.074826355E0
6.510308746E1,2.037413177E0,8.590635681E0,3.673211517E0
6.511311446E1,4.837041321E0,1.102262833E1,2.942281494E0
6.512314146E1,7.200476532E0,1.349174377E1,1.752705231E0
6.513316746E1,8.463549957E0,1.556717789E1,7.707472229E-1
6.514319446E1,9.093739471E0,1.768527328E1,8.590635681E-1
6.515322146E1,1.056622742E1,2.025348267E1,1.797312469E0
6.516324846E1,1.345776443E1,2.212863327E1,2.718646545E0
6.517327546E1,1.689102493E1,2.333677094E1,2.733465729E0
6.518330246E1,2.073428284E1,2.352028931E1,9.743238831E-1
6.519332846E1,2.383089340E1,2.174288544E1,-1.941163330E0
6.520335546E1,2.410078217E1,1.867651199E1,-4.957241364E0
6.521338246E1,2.171519302E1,1.600711304E1,-6.525380402E0
6.522340946E1,1.837234451E1,1.415890640E1,-6.311325531E0
6.523343646E1,1.588496704E1,1.235740265E1,-5.542075195E0
6.524346346E1,1.422057816E1,9.958640900E0,-4.774471436E0
6.525348946E1,1.226803848E1,7.257807312E0,-3.865411835E0
6.526351646E1,9.815239105E0,4.960235138E0,-2.631976776E0
6.527354346E1,7.365134125E0,2.993774414E0,-1.121617584E0
6.528357046E1,5.475314026E0,1.116378479E0,5.114863586E-1
6.529359746E1,4.176914062E0,-6.270460510E-1,1.889969788E0
6.530362446E1,3.363954620E0,-2.250420227E0,2.711162109E0
6.531365046E1,2.676134949E0,-3.775598602E0,2.933150482E0
6.532367746E1,1.824106750E0,-5.148842926E0,2.631677399E0
6.533370446E1,1.178499298E0,-6.285579071E0,1.881437531E0
6.534373146E1,1.087638245E0,-7.203320618E0,7.438032532E-1
6.535375846E1,1.441951447E0,-7.806117096E0,-6.456074524E-1
6.536378546E1,1.841171265E0,-8.024812317E0,-2.161654816E0
6.537381246E1,1.540746002E0,-8.003855896E0,-3.470832367E0
6.538383846E1,2.163002014E-1,-7.870932312E0,-4.315825195E0
6.539386546E1,-1.235680389E0,-7.959398346E0,-4.509672089E0
6.540389246E1,-1.846859436E0,-8.158783722E0,-4.190386047E0
6.541391946E1,-1.263971558E0,-8.185278625E0,-3.942800903E0
6.542394646E1,2.100132751E-1,-8.136779480E0,-4.020489349E0
6.543397346E1,2.474803619E0,-7.719447327E0,-4.510869598E0
6.544399946E1,5.601202240E0,-6.582112427E0,-5.314997406E0
6.545402646E1,9.169182587E0,-4.659809875E0,-6.483168182E0
6.546405346E1,1.185130508E1,-2.512525177E0,-8.091274109E0
6.547408046E1,1.320958054E1,-1.017883301E-1,-9.283844147E0
6.548410746E1,1.426548477E1,2.878065033E0,-9.626331940E0
6.549413446E1,1.584979019E1,6.231092377E0,-9.178762665E0
6.550416046E1,1.889400970E1,9.693242798E0,-8.268505554E0
6.551418746E1,2.322615097E1,1.308039917E1,-7.151977386E0
6.552421446E1,2.741983017E1,1.535312302E1,-6.611002350E0
6.553424146E1,2.979209702E1,1.633867355E1,-6.602769470E0
6.554426846E1,3.007470932E1,1.725491821E1,-6.246061249E0
6.555429546E1,2.848905670E1,1.782882477E1,-5.198240204E0
6.556432146E1,2.558719116E1,1.724488907E1,-3.993844757E0
6.557434846E1,2.181967575E1,1.595996109E1,-3.091970215E0
6.558437546E1,1.781969376E1,1.465916611E1,-2.581082611E0
6.559440246E1,1.419767578E1,1.334055817E1,-2.482737122E0
6.560442946E1,1.097757202E1,1.176343781E1,-2.394570465E0
6.561445646E1,8.053702240E0,1.023840912E1,-1.744172974E0
6.562448246E1,5.576653290E0,9.009165344E0,-5.891748047E-1
6.563450946E1,3.639531555E0,8.052953796E0,8.779243469E-1
6.564453646E1,2.236798553E0,7.207212524E0,2.445764008E0
6.565456346E1,1.087338867E0,6.519243164E0,3.918251953E0
6.566459046E1,2.170486450E-2,6.050268402E0,5.077890472E0
6.567461746E1,-9.301657104E-1,5.674100647E0,5.737568665E0
6.568464346E1,-1.459165649E0,5.248385925E0,5.777385864E0
6.569467046E1,-1.549577637E0,4.860392761E0,5.234165497E0
6.570469746E1,-1.560654602E0,4.591551819E0,4.313130798E0
6.571472446E1,-1.768572235E0,4.426744537E0,3.428470459E0
6.572475146E1,-2.316133575E0,4.367617493E0,2.900668030E0
6.573477846E1,-3.109633484E0,4.268523560E0,2.878065033E0
6.574480446E1,-3.627257080E0,4.016148376E0,3.126697998E0
6.575483146E1,-3.953428802E0,3.766617279E0,3.551813965E0
6.576485846E1,-4.305346985E0,3.733835449E0,3.977528687E0
6.577488546E1,-3.808829498E0,4.216431885E0,4.478536835E0
6.578491246E1,-2.563569031E0,5.264103241E0,4.830155640E0
6.579493946E1,-3.083587646E-1,6.802603912E0,4.469256134E0
6.580496546E1,2.897075500E0,8.781488800E0,3.357218628E0
6.581499246E1,5.704936523E0,1.120689514E1,2.069446564E0
6.582501946E1,8.077353058E0,1.425979660E1,1.353635101E0
6.583504646E1,1.088955505E1,1.746777557E1,1.596130829E0
6.584507346E1,1.420665710E1,2.015917877E1,2.423011322E0
6.585510046E1,1.799782333E1,2.231604355E1,3.241658936E0
6.586512646E1,2.210168930E1,2.356399841E1,2.941233673E0
6.587515346E1,2.517464905E1,2.260164963E1,7.276368713E-1
6.588518046E1,2.550156921E1,2.008238846E1,-2.423759766E0
6.589520746E1,2.324800552E1,1.770697815E1,-4.976551208E0
6.590523446E1,2.038954971E1,1.573363174E1,-6.123017120E0
6.591526146E1,1.819660995E1,1.391236908E1,-6.204298096E0
6.592528746E1,1.672157730E1,1.201446579E1,-5.776038666E0
6.593531446E1,1.542197983E1,9.766290894E0,-4.714296570E0
6.594534146E1,1.353814728E1,7.367828522E0,-2.930156708E0
6.595536846E1,1.073672287E1,5.172643433E0,-1.086440735E0
6.596539546E1,8.119565277E0,3.157234497E0,7.119195557E-1
6.597542246E1,6.279441833E0,1.286724243E0,2.400108948E0
6.598544846E1,4.919070740E0,-2.408491516E-1,3.636238403E0
6.599547546E1,3.949985962E0,-1.605561218E0,4.132606201E0
6.600550246E1,3.533551941E0,-2.875819702E0,3.868854675E0
6.601552946E1,3.500620422E0,-3.863166504E0,3.044518890E0
6.602555646E1,3.688629456E0,-4.740641785E0,1.800755310E0
6.603558346E1,4.105362854E0,-5.557642822E0,2.972817993E-1
6.604560946E1,4.587659912E0,-6.205196228E0,-1.346899109E0
6.605563646E1,4.677173767E0,-6.753356323E0,-3.079695740E0
6.606566346E1,3.745211792E0,-7.195836182E0,-4.583468628E0
6.607569046E1,1.742227020E0,-7.593259735E0,-5.456902313E0
6.608571746E1,-5.143304443E-1,-8.052953796E0,-5.654790802E0
6.609574446E1,-2.292632446E0,-8.494685211E0,-5.294789429E0
6.610577046E1,-3.043022003E0,-8.934470673E0,-4.739444275E0
6.611579746E1,-2.327958984E0,-9.060807953E0,-4.414320374E0
6.612582446E1,-1.359173584E-1,-8.781339111E0,-4.531826019E0
6.613585146E1,3.030597839E0,-8.095615082E0,-5.232069855E0
6.614587846E1,5.898783417E0,-6.650370483E0,-6.198460236E0
6.615590446E1,7.801476746E0,-4.865931244E0,-7.152725830E0
6.616593146E1,8.742569733E0,-3.216660919E0,-7.859855347E0
6.617595846E1,1.036175262E1,-9.536668396E-1,-7.299420776E0
6.618598546E1,1.481723740E1,3.449426880E0,-5.411696320E0
6.619601246E1,2.163690582E1,8.470585327E0,-4.040098572E0
6.620603946E1,2.862647095E1,1.218316498E1,-4.256847839E0
6.621606546E1,3.337399841E1,1.417746780E1,-5.574557648E0
6.622609246E1,3.408951050E1,1.543560150E1,-6.445895691E0
6.623611946E1,3.128299667E1,1.664299072E1,-5.518424377E0
6.624614646E1,2.712509308E1,1.668804703E1,-3.194357300E0
6.625617346E1,2.315085754E1,1.604887619E1,-1.391955414E0
6.626620046E1,1.946806595E1,1.535132675E1,-7.123686218E-1
6.627622646E1,1.609019028E1,1.448088684E1,-7.460485840E-1
6.628625346E1,1.299163376E1,1.332409241E1,-1.100661163E0
6.629628046E1,1.005563919E1,1.198767151E1,-1.263672180E0
6.630630746E1,7.422165527E0,1.067744614E1,-7.975415039E-1
6.631633446E1,5.310806122E0,9.560019836E0,2.454895020E-1
6.632636146E1,3.683090973E0,8.745713196E0,1.509311371E0
6.633638746E1,2.520907745E0,8.144712982E0,2.532733154E0
6.634641446E1,1.718276825E0,7.598049774E0,3.279829559E0
6.635644146E1,1.003213806E0,7.051536255E0,3.835923157E0
6.636646846E1,2.850073242E-1,6.611900482E0,4.156855774E0
6.637649546E1,-3.809577942E-1,6.170468445E0,4.278253326E0
6.638652146E1,-1.262324982E0,5.764662323E0,4.208947449E0
6.639654846E1,-2.356848907E0,5.550008698E0,4.060605927E0
6.640657546E1,-3.325933685E0,5.346881104E0,3.956123199E0
6.641660246E1,-3.761976929E0,5.135520630E0,3.803889771E0
6.642662946E1,-3.589385834E0,5.108426971E0,3.742218018E0
6.643665646E1,-3.231779480E0,5.156626740E0,3.739224243E0
6.644668246E1,-2.807411957E0,5.273833008E0,3.746558990E0
6.645670946E1,-2.002535706E0,5.776787109E0,3.805087280E0
6.646673646E1,-5.480104065E-1,6.744973755E0,3.816763000E0
6.647676346E1,1.697021027E0,8.214916992E0,3.610192566E0
6.648679046E1,4.376898193E0,1.024484573E1,2.961291962E0
6.649681746E1,7.128625946E0,1.267743713E1,2.111359406E0
6.650684346E1,9.503587189E0,1.523726395E1,1.160985718E0
6.651687046E1,1.137065460E1,1.735056931E1,5.857319641E-1
6.652689746E1,1.340776840E1,1.916973633E1,1.060544586E0
6.653692446E1,1.628209122E1,2.064147583E1,2.266586609E0
6.654695146E1,1.949441116E1,2.117047577E1,2.730022888E0
6.655697846E1,2.190649521E1,2.037697586E1,1.491498413E0
6.656700446E1,2.229957779E1,1.839824066E1,-9.478289795E-1
6.657703146E1,2.107781845E1,1.624062744E1,-3.131338348E0
6.658705846E1,1.933319641E1,1.452534439E1,-4.089944916E0
6.659708546E1,1.789349030E1,1.332005081E1,-4.292623444E0
6.660711246E1,1.733709732E1,1.199500626E1,-4.074077911E0
6.661713846E1,1.687006851E1,1.007075775E1,-3.166365509E0
6.662716546E1,1.547975967E1,7.943980408E0,-1.647174683E0
6.663719246E1,1.310330154E1,6.085894318E0,-1.345701599E-1
6.664721946E1,1.032822235E1,4.208348694E0,1.201850739E0
6.665724646E1,7.960895233E0,2.365381165E0,2.276615753E0
6.666727346E1,6.283034363E0,7.722441101E-1,2.980901184E0
6.667729946E1,5.359155579E0,-5.780978394E-1,3.146606598E0
6.668732646E1,5.028193817E0,-1.929038544E0,2.851719818E0
6.669735346E1,5.042713623E0,-3.258873138E0,2.180964661E0
6.670738046E1,5.082530823E0,-4.537963257E0,1.341959381E0
6.671740746E1,4.877606964E0,-5.749244385E0,4.665797424E-1
6.672743446E1,4.199816437E0,-6.714437256E0,-7.203021240E-1
6.673746046E1,3.303480377E0,-7.582482147E0,-2.128573608E0
6.674748746E1,2.226470032E0,-8.241112518E0,-3.300486603E0
6.675751446E1,6.503974915E-1,-8.586145020E0,-4.300407257E0
6.676754146E1,-1.307530975E0,-8.646469574E0,-5.059628448E0
6.677756846E1,-3.097808075E0,-8.621920624E0,-5.511089630E0
6.678759546E1,-4.035907288E0,-8.627159729E0,-5.826633453E0
6.679762146E1,-4.082460480E0,-8.563392334E0,-6.014343109E0
6.680764846E1,-3.284769287E0,-8.340655518E0,-6.033203888E0
6.681767546E1,-1.259630585E0,-7.861950989E0,-6.114784241E0
6.682770246E1,1.678759003E0,-7.015461273E0,-6.678811340E0
6.683772946E1,4.949307861E0,-5.635780334E0,-7.795189819E0
6.684775546E1,7.150330811E0,-3.863166504E0,-9.145681458E0
6.685778246E1,8.307574310E0,-1.626367950E0,-1.010488678E1
6.686780946E1,9.861043854E0,1.003962250E0,-9.509425049E0
6.687783646E1,1.340687027E1,4.593946838E0,-6.828050995E0
6.688786346E1,1.989767258E1,8.992998962E0,-4.212989044E0
6.689789046E1,2.731504807E1,1.269689667E1,-3.498075714E0
6.690791646E1,3.276162186E1,1.523935959E1,-4.196074219E0
6.691794346E1,3.538177322E1,1.702230194E1,-5.732030182E0
6.692797046E1,3.528492462E1,1.807296707E1,-6.732250214E0
6.693799746E1,3.270653641E1,1.807206894E1,-5.754184113E0
6.694802446E1,2.860341888E1,1.701107529E1,-3.906276855E0
6.695805146E1,2.367446869E1,1.530177979E1,-2.864443359E0
6.696807746E1,1.875105698E1,1.349069595E1,-2.628683624E0
6.697810446E1,1.444795532E1,1.152573212E1,-2.489473114E0
6.698813146E1,1.072789124E1,9.571246490E0,-2.072440338E0
6.699815846E1,7.628436584E0,7.755372620E0,-1.155297546E0
6.700818546E1,5.177134094E0,6.300697632E0,3.297642517E-1
6.701821146E1,3.209475861E0,5.253774719E0,2.035317535E0
6.702823846E1,1.610650635E0,4.604724426E0,3.654051361E0
6.703826546E1,1.246907043E-1,4.211492157E0,5.142406311E0
6.704829246E1,-1.391356659E0,4.072880402E0,6.339766388E0
6.705831946E1,-2.671793976E0,4.060007172E0,6.967560883E0
6.706834646E1,-3.432661743E0,4.057612152E0,7.071444855E0
6.707837246E1,-3.710484009E0,4.058360596E0,6.847061462E0
6.708839946E1,-3.646716614E0,4.256847839E0,6.611301727E0
6.709842646E1,-3.188369751E0,4.706512756E0,6.363117828E0
6.710845346E1,-2.884202271E0,5.108576660E0,5.879174194E0
6.711848046E1,-2.921923828E0,5.616171112E0,5.079087982E0
6.712850646E1,-3.211870880E0,5.998925171E0,4.337080994E0
6.713853346E1,-3.748504944E0,6.321204987E0,4.010759583E0
6.714856046E1,-3.215164032E0,7.361391907E0,4.400099945E0
6.715858746E1,-1.102906494E0,8.845854950E0,5.053940277E0
6.716861446E1,2.236499176E0,1.078237793E1,5.361400909E0
6.717864146E1,6.233936462E0,1.329984283E1,5.103636932E0
6.718866746E1,9.923014984E0,1.604064331E1,4.573888550E0
6.719869446E1,1.254630981E1,1.796354462E1,3.992796936E0
6.720872146E1,1.395952103E1,1.934142929E1,3.972439270E0
6.721874846E1,1.507694733E1,2.086421265E1,5.065765686E0
6.722877546E1,1.695464264E1,2.227966919E1,6.317462769E0
6.723880146E1,1.964933899E1,2.335024292E1,6.546037445E0
6.724882846E1,2.291509781E1,2.290357178E1,4.944517822E0
6.725885546E1,2.482662277E1,2.086091949E1,2.060614929E0
6.726888246E1,2.463651810E1,1.813538727E1,-7.946974182E-1
6.727890946E1,2.311253723E1,1.563169373E1,-2.797083435E0
6.728893646E1,2.093621292E1,1.373813141E1,-3.988605652E0
6.729896246E1,1.857936401E1,1.187151306E1,-4.682113495E0
6.730898946E1,1.627475647E1,9.678423615E0,-4.758005676E0
6.731901646E1,1.394559998E1,7.123686218E0,-4.130660248E0
6.732904346E1,1.126961472E1,4.639901276E0,-2.930306396E0
6.733907046E1,8.462651825E0,2.335443420E0,-1.440304871E0
6.734909646E1,6.004014587E0,2.694396973E-3,4.445755005E-2
6.735912346E1,3.941902771E0,-2.205363922E0,1.382375336E0
6.736915046E1,2.422113190E0,-4.078269196E0,2.424358521E0
6.737917746E1,1.295256500E0,-5.836063843E0,2.836152191E0
6.738920446E1,4.881349182E-1,-7.442223816E0,2.658920746E0
6.739923146E1,2.119592285E-1,-8.730744324E0,2.063758392E0
6.740925746E1,2.915936279E-1,-9.710157623E0,9.928852844E-1
6.741928446E1,2.507286072E-1,-1.021685394E1,-2.338137817E-1
6.742931146E1,1.239422607E-1,-1.039977356E1,-1.460063782E0
6.743933846E1,2.236349487E-1,-1.042656784E1,-2.768343201E0
6.744936546E1,3.453318787E-1,-1.008602600E1,-4.076622620E0
6.745939246E1,4.135899353E-1,-9.666897583E0,-4.937332764E0
6.746941846E1,2.902464294E-1,-9.176367645E0,-5.321733398E0
6.747944546E1,5.538482666E-2,-8.610843658E0,-5.378166046E0
6.748947246E1,1.525328064E-1,-8.225095825E0,-5.290747833E0
6.749949946E1,1.264869690E0,-7.391928406E0,-4.846322021E0
6.750952646E1,4.033212891E0,-5.417683868E0,-4.526736603E0
6.751955246E1,9.308243408E0,-2.919977875E0,-5.130880280E0
6.752957946E1,1.557241699E1,-1.137634277E-2,-6.981481934E0
6.753960646E1,2.015678375E1,3.620521088E0,-9.274114380E0
6.754963346E1,2.176234497E1,6.649921417E0,-1.059197388E1
6.755966033E1,2.141312119E1,8.774902496E0,-1.014814682E1
6.756968633E1,2.090028763E1,1.111528564E1,-7.681576080E0
6.757971333E1,2.172896439E1,1.399993698E1,-4.731810150E0
6.758974033E1,2.354214386E1,1.592313766E1,-2.952460327E0
6.759976733E1,2.534843765E1,1.624062744E1,-2.531685333E0
6.760979433E1,2.646511551E1,1.608105927E1,-2.466720428E0
6.761982133E1,2.630015854E1,1.612821121E1,-2.077529755E0
6.762984733E1,2.440300369E1,1.576117447E1,-1.627116394E0
6.763987433E1,2.106599304E1,1.446711548E1,-1.436263275E0
6.764990133E1,1.688428894E1,1.301453613E1,-1.561702423E0
6.765992833E1,1.280287628E1,1.168425247E1,-1.928140411E0
6.766995533E1,9.410031738E0,1.039977356E1,-2.282004547E0
6.767998133E1,6.801406403E0,9.393715668E0,-2.252366180E0
6.769000833E1,5.073549500E0,8.659193115E0,-1.660496979E0
6.770003533E1,3.886517944E0,7.948321381E0,-5.752537537E-1
6.771006233E1,2.783162384E0,7.308551788E0,5.725593567E-1
6.772008933E1,1.558708649E0,6.696025543E0,1.597478027E0
6.773011633E1,3.601510620E-1,6.093977509E0,2.602488098E0
6.774014233E1,-4.580474854E-1,5.670807495E0,3.691473541E0
6.775016933E1,-8.310717773E-1,5.508694611E0,4.763544159E0
6.776019633E1,-7.382647705E-1,5.654641113E0,5.379962311E0
6.777022333E1,-1.600172424E-1,5.800138550E0,5.058131561E0
6.778025033E1,-1.773811340E-1,5.662424927E0,4.005819855E0
6.779027633E1,-7.896080017E-1,5.506748657E0,2.906655579E0
6.780030333E1,-1.505569153E0,5.309009857E0,2.372266846E0
6.781033033E1,-2.181114349E0,5.045557709E0,2.120939484E0
6.782035733E1,-2.785557404E0,4.873864746E0,1.970053253E0
6.783038433E1,-3.152594147E0,4.929399261E0,2.024989014E0
6.784041133E1,-2.849175110E0,5.436694336E0,2.214045868E0
6.785043733E1,-1.965861969E0,6.261479187E0,2.230212250E0
6.786046433E1,-2.999761963E-1,7.336543579E0,2.030677185E0
6.787049133E1,1.916764069E0,8.669821014E0,2.005828857E0
6.788051833E1,4.112697601E0,1.039752823E1,2.107467499E0
6.789054533E1,6.125561829E0,1.232611771E1,2.052681427E0
6.790057133E1,7.948770447E0,1.432057022E1,2.052082672E0
6.791059833E1,9.787097626E0,1.626158386E1,2.547851715E0
6.792062533E1,1.170670578E1,1.776505737E1,3.742068329E0
6.793065233E1,1.370744522E1,1.914503769E1,5.418881378E0
6.794067933E1,1.619063141E1,2.091989685E1,6.033503265E0
6.795070533E1,1.926987808E1,2.131088379E1,3.983216858E0
6.796073233E1,2.120116196E1,1.956715988E1,-9.849517822E-2
6.797075933E1,2.112497040E1,1.761836243E1,-3.755989380E0
6.798078633E1,1.973900253E1,1.662278275E1,-5.903573456E0
6.799081333E1,1.824301346E1,1.601220245E1,-6.556515656E0
6.800083933E1,1.725387039E1,1.460393097E1,-5.976771240E0
6.801086633E1,1.620455246E1,1.250409760E1,-4.341122589E0
6.802089333E1,1.415037415E1,1.008213409E1,-2.461181946E0
6.803092033E1,1.128323639E1,7.666158142E0,-6.221063232E-1
6.804094733E1,8.428373108E0,5.212310944E0,1.049168243E0
6.805097433E1,6.147865448E0,2.735261993E0,2.482587433E0
6.806100033E1,4.441414032E0,6.704557800E-1,3.687881012E0
6.807102733E1,3.379222870E0,-9.599537659E-1,4.351750488E0
6.808105433E1,2.843636627E0,-2.561922455E0,4.043541412E0
6.809108133E1,2.538571014E0,-4.217330017E0,2.902763672E0
6.810110833E1,2.505340118E0,-5.585484924E0,1.462608490E0
6.811113433E1,2.641407166E0,-6.729106750E0,-2.320175171E-2
6.812116133E1,2.974913635E0,-7.643704834E0,-1.399140472E0
6.813118833E1,3.347638550E0,-8.284073181E0,-2.610122223E0
6.814121533E1,3.136727142E0,-8.591234436E0,-3.686683502E0
6.815124233E1,2.139201508E0,-8.704548798E0,-4.554429016E0
6.816126933E1,6.679110718E-1,-8.855884094E0,-5.000651093E0
6.817129533E1,-5.081932068E-1,-9.129964142E0,-5.030888214E0
6.818132233E1,-1.330583038E0,-9.374405823E0,-4.886438599E0
6.819134933E1,-1.316362610E0,-9.378597107E0,-4.917424164E0
6.820137633E1,3.513194275E-1,-8.731792145E0,-5.358257446E0
6.821140333E1,3.965852966E0,-7.360643463E0,-6.031108246E0
6.822142933E1,7.959997101E0,-5.068759460E0,-6.887028351E0
6.823145633E1,1.133023865E1,-2.032323761E0,-7.921676788E0
6.824148333E1,1.386910904E1,9.074130249E-1,-8.963659973E0
6.825151033E1,1.530133072E1,4.067042542E0,-8.556207275E0
6.826153733E1,1.788615555E1,7.959997101E0,-6.249653778E0
6.827156333E1,2.201756424E1,1.190294769E1,-3.893403625E0
6.828159033E1,2.606724289E1,1.503084320E1,-2.736908569E0
6.829161733E1,2.890279633E1,1.698907104E1,-2.928959198E0
6.830164433E1,2.973042526E1,1.805575287E1,-3.433859253E0
6.831167133E1,2.841960114E1,1.861768433E1,-3.080444183E0
6.832169733E1,2.542313232E1,1.853311020E1,-2.051034851E0
6.833172433E1,2.140982803E1,1.785457123E1,-1.618733826E0
6.834175133E1,1.740685226E1,1.677292053E1,-2.165097656E0
6.835177833E1,1.391521317E1,1.536195465E1,-2.925815735E0
6.836180533E1,1.069855225E1,1.364158218E1,-3.345842285E0
6.837183233E1,7.794740753E0,1.194665680E1,-3.017125854E0
6.838185833E1,5.354964294E0,1.038540344E1,-1.964514771E0
6.839188533E1,3.235970764E0,8.935219116E0,-5.854325867E-1
6.840191233E1,1.403182068E0,7.631879425E0,9.713301086E-1
6.841193933E1,-3.013233948E-1,6.632258148E0,2.630030823E0
6.842196633E1,-1.679657135E0,5.981710968E0,4.123175812E0
6.843199233E1,-2.580483856E0,5.508544922E0,5.120851135E0
6.844201933E1,-2.851719818E0,5.097799072E0,5.331163788E0
6.845204633E1,-2.483036499E0,4.774770813E0,4.826563110E0
6.846207333E1,-2.142195282E0,4.609065399E0,3.911965027E0
6.847210033E1,-2.453547821E0,4.614753571E0,2.915487213E0
6.848212633E1,-3.147953796E0,4.587210846E0,2.253563690E0
6.849215333E1,-3.676654358E0,4.452790375E0,2.270328827E0
6.850218033E1,-3.977229309E0,4.280798035E0,2.766696625E0
6.851220733E1,-4.096231842E0,4.500241699E0,3.479514313E0
6.852223433E1,-3.282823334E0,5.280269623E0,4.442162476E0
6.853226133E1,-1.211730194E0,6.471342773E0,5.242697754E0
6.854228733E1,1.351689148E0,7.935298462E0,5.483247528E0
6.855231433E1,4.465214539E0,9.874665527E0,5.200335846E0
6.856234100E1,7.625742188E0,1.199829941E1,4.485272827E0
6.857236800E1,1.003992188E1,1.400188293E1,3.548969879E0
6.858239500E1,1.145403122E1,1.554337738E1,2.642454987E0
6.859242100E1,1.224229202E1,1.652518570E1,2.134710846E0
6.860244800E1,1.273955795E1,1.709475128E1,2.405647430E0
6.861247500E1,1.295136749E1,1.762449966E1,2.837499390E0
6.862250200E1,1.398541718E1,1.837578735E1,2.512525177E0
6.863252900E1,1.595576981E1,1.859283600E1,9.081614685E-1
6.864255500E1,1.762659531E1,1.794154037E1,-1.507814484E0
6.865258200E1,1.832025284E1,1.675405975E1,-4.011807404E0
6.866260900E1,1.803240143E1,1.593077179E1,-5.709427185E0
6.867263600E1,1.773916122E1,1.534593796E1,-6.098767548E0
6.868266300E1,1.804168213E1,1.422117691E1,-5.191803589E0
6.869268900E1,1.788675430E1,1.212927704E1,-3.305875397E0
6.870271600E1,1.641815826E1,9.672735443E0,-1.151555328E0
6.871274300E1,1.366238892E1,7.111860809E0,8.556207275E-1
6.872277000E1,1.032043854E1,4.478536835E0,2.569406891E0
6.873279700E1,7.225773926E0,2.219135284E0,3.881278839E0
6.874282300E1,5.044210510E0,1.942959595E-1,4.536017303E0
6.875285000E1,3.982318726E0,-1.645378418E0,4.417613525E0
6.876287700E1,3.672612762E0,-3.253484344E0,3.526666260E0
6.877290400E1,3.828139343E0,-4.612059174E0,2.030078430E0
6.878293100E1,3.914809113E0,-5.687872009E0,3.992198181E-1
6.879295700E1,3.706143036E0,-6.602919159E0,-1.061742096E0
6.880298400E1,3.244952087E0,-7.518265686E0,-2.321821747E0
6.881301100E1,2.229164429E0,-8.244555359E0,-3.573967896E0
6.882303800E1,6.530918884E-1,-8.654253387E0,-4.717589722E0
6.883306500E1,-1.101409607E0,-9.005423126E0,-5.309159546E0
6.884309100E1,-2.901566162E0,-9.259893951E0,-5.388195190E0
6.885311800E1,-4.248465271E0,-9.296268311E0,-5.363197174E0
6.886314500E1,-4.468358002E0,-9.056916046E0,-5.464087372E0
6.887317200E1,-2.924618225E0,-8.474327545E0,-5.752687225E0
6.888319900E1,3.984713745E-1,-7.527696075E0,-6.286028137E0
6.889322600E1,3.750750275E0,-6.388714600E0,-6.942712555E0
6.890325200E1,6.147865448E0,-4.773573303E0,-7.282655640E0
6.891327900E1,8.106841736E0,-2.460283813E0,-7.469766541E0
6.892330600E1,9.892628174E0,1.603166199E-1,-7.717501373E0
6.893333300E1,1.175236084E1,3.252735901E0,-7.634274445E0
6.894336000E1,1.522019943E1,6.846911774E0,-6.625522156E0
6.895338600E1,2.078817078E1,1.074974579E1,-5.107828217E0
6.896341300E1,2.741099854E1,1.429272812E1,-4.168531494E0
6.897344000E1,3.271072769E1,1.643342651E1,-4.140240326E0
6.898346700E1,3.459949997E1,1.745280670E1,-4.588558044E0
6.899349400E1,3.291774719E1,1.784828430E1,-4.449497223E0
6.900352000E1,2.897359909E1,1.759381348E1,-3.006647644E0
6.901354700E1,2.467813156E1,1.662383057E1,-1.685644684E0
6.902357400E1,2.055465637E1,1.551568497E1,-1.366358643E0
6.903360100E1,1.668759796E1,1.424662399E1,-1.882485352E0
6.904362800E1,1.323622513E1,1.275752060E1,-2.445015564E0
6.905365400E1,1.017224670E1,1.118459152E1,-2.261197815E0
6.906368100E1,7.322472839E0,9.733958130E0,-1.211580505E0
6.907370800E1,4.804708557E0,8.547525330E0,2.001338196E-1
6.908373500E1,2.806064758E0,7.734865265E0,1.780397644E0
6.909376200E1,1.342857513E0,7.278015289E0,3.186274109E0
6.910378800E1,3.824546814E-1,6.884932709E0,4.302652588E0
6.911381500E1,-5.430706787E-1,6.596332855E0,5.155429230E0
6.912384200E1,-1.638193359E0,6.451883240E0,5.544021149E0
6.913386900E1,-2.629731445E0,6.110143890E0,5.349575500E0
6.914389600E1,-3.351081390E0,5.840404816E0,4.729415131E0
6.915392200E1,-3.608545990E0,5.769152985E0,4.084107056E0
6.916394900E1,-3.719615021E0,5.661975861E0,3.526516571E0
6.917397600E1,-4.061653748E0,5.384602661E0,3.027604065E0
6.918400300E1,-4.245321808E0,5.153782654E0,2.744842072E0
6.919403000E1,-4.123325500E0,5.054688721E0,2.711012421E0
6.920405600E1,-3.979175262E0,5.249882812E0,2.796784058E0
6.921408300E1,-3.248245239E0,5.768703918E0,3.292403412E0
6.922411000E1,-1.591640167E0,6.574478302E0,3.956272888E0
6.923413700E1,9.611512756E-1,7.923173676E0,3.932771759E0
6.924416400E1,3.616479492E0,9.653126221E0,2.963686981E0
6.925419000E1,6.136040039E0,1.181807419E1,1.647923126E0
6.926421700E1,8.003706207E0,1.372525818E1,5.020559692E-1
6.927424400E1,9.256451111E0,1.559172684E1,4.276606750E-1
6.928427100E1,1.040112076E1,1.752944733E1,2.108365631E0
6.929429800E1,1.202674026E1,1.926748306E1,4.285288696E0
6.930432400E1,1.489043518E1,2.075179642E1,5.378315735E0
6.931435100E1,1.847967133E1,2.113619705E1,4.295766907E0
6.932437800E1,2.149679718E1,1.997970200E1,1.058149567E0
6.933440500E1,2.223251724E1,1.781205963E1,-2.486030273E0
6.934443200E1,2.068937622E1,1.566043396E1,-5.198090515E0
6.935445800E1,1.795531174E1,1.445439194E1,-6.205196228E0
6.936448500E1,1.605576187E1,1.361269226E1,-5.406157837E0
6.937451200E1,1.567031342E1,1.220980957E1,-3.656895447E0
6.938453900E1,1.497605713E1,1.006237518E1,-1.863474884E0
6.939456600E1,1.293115952E1,7.658374329E0,-1.676513672E-1
6.940459200E1,1.005818390E1,5.439837799E0,1.463207245E0
6.941461900E1,7.364385681E0,3.383264465E0,2.991678772E0
6.942464600E1,5.455106049E0,1.470092926E0,4.172722778E0
6.943467300E1,4.428241425E0,-2.650987244E-1,4.660408630E0
6.944470000E1,4.153113556E0,-1.848506012E0,4.112996979E0
6.945472600E1,4.311633911E0,-3.232378235E0,2.680176544E0
6.946475300E1,4.543202362E0,-4.350103912E0,1.035845947E0
6.947478000E1,4.502037964E0,-5.208419037E0,-4.770579529E-1
6.948480700E1,3.961511993E0,-5.914800110E0,-1.835483093E0
6.949483400E1,3.139122162E0,-6.626719666E0,-3.076552277E0
6.950486000E1,1.972448273E0,-7.229665833E0,-4.133504333E0
6.951488700E1,7.173083496E-1,-7.510032806E0,-5.138514404E0
6.952491400E1,-5.113366699E-1,-7.813002777E0,-5.718109131E0
6.953494100E1,-1.626817017E0,-8.087232513E0,-5.573360138E0
6.954496800E1,-2.079625397E0,-8.212671661E0,-5.209317169E0
6.955499400E1,-1.661544800E0,-8.069419556E0,-5.160368958E0
6.956502158E1,-4.224215698E-1,-7.585625610E0,-5.402864685E0
6.957504858E1,1.690285034E0,-6.812633057E0,-5.688620453E0
6.958507558E1,4.505031738E0,-5.520220642E0,-5.979615326E0
6.959510258E1,7.996670837E0,-3.592229919E0,-6.630461884E0
6.960512858E1,1.137559433E1,-1.359472961E0,-7.711962891E0
6.961515558E1,1.290137146E1,8.568182373E-1,-8.580157471E0
6.962518258E1,1.375998596E1,3.369942169E0,-7.670499115E0
6.963520958E1,1.667083282E1,6.443051605E0,-5.117108917E0
6.964523658E1,2.125729523E1,9.859247589E0,-2.760409698E0
6.965526258E1,2.557476700E1,1.245200592E1,-1.643282776E0
6.966528958E1,2.822425735E1,1.368005219E1,-1.637295227E0
6.967531658E1,2.894994827E1,1.441337723E1,-2.055525513E0
6.968534358E1,2.794628540E1,1.502665192E1,-1.950294342E0
6.969537058E1,2.540546906E1,1.528112274E1,-1.472038879E0
6.970539658E1,2.238100845E1,1.512664398E1,-1.177301788E0
6.971542358E1,1.945549210E1,1.476843887E1,-1.548829193E0
6.972545058E1,1.667711975E1,1.412717239E1,-2.379900970E0
6.973547758E1,1.389156235E1,1.322275314E1,-2.902613983E0
6.974550458E1,1.114866623E1,1.235949829E1,-2.541864166E0
6.975553058E1,8.696914673E0,1.149025589E1,-1.400337982E0
6.976555758E1,6.703659668E0,1.055784485E1,-2.035766602E-2
6.977558458E1,5.203628998E0,9.669891357E0,1.444645844E0
6.978561158E1,3.891906738E0,9.041647797E0,2.946323090E0
6.979563858E1,3.020119629E0,8.662635956E0,4.020639038E0
6.980566458E1,2.413880310E0,8.305628357E0,4.376299438E0
6.981569158E1,1.341360626E0,7.844736786E0,4.227059784E0
6.982571858E1,-1.486408997E-1,7.409441986E0,3.861070862E0
6.983574558E1,-1.923500061E0,6.834337921E0,3.534749451E0
6.984577258E1,-3.334316254E0,6.254443817E0,3.328179016E0
6.985579858E1,-4.109853516E0,5.884413300E0,3.431763611E0
6.986582558E1,-4.578528900E0,5.632187805E0,3.602259064E0
6.987585258E1,-4.693489838E0,5.483546906E0,3.528013458E0
6.988587958E1,-4.665198669E0,5.380710754E0,3.373534698E0
6.989590658E1,-4.441114655E0,5.445376282E0,3.276835785E0
6.990593258E1,-3.785328369E0,5.727090454E0,3.364253998E0
6.991595958E1,-2.021995239E0,6.506968689E0,3.512894897E0
6.992598658E1,9.473799133E-1,7.717800751E0,3.360661469E0
6.993601358E1,3.842958527E0,9.124425659E0,2.789449310E0
6.994604058E1,6.171516266E0,1.067999084E1,1.807790680E0
6.995606658E1,8.179141388E0,1.260453873E1,8.943901062E-1
6.996609358E1,9.890831909E0,1.459614716E1,6.146218872E-1
6.997612058E1,1.188603287E1,1.670077057E1,1.349892883E0
6.998614758E1,1.502335876E1,1.873683655E1,2.646197205E0
6.999617458E1,1.855496475E1,2.005215134E1,3.899091797E0
7.000620058E1,2.103186401E1,2.021845551E1,4.674030304E0
7.001622758E1,2.157837753E1,1.875405075E1,4.533771973E0
7.002625458E1,2.000574783E1,1.611429016E1,3.369193726E0
7.003628158E1,1.754576340E1,1.408675644E1,1.113684082E0
7.004630758E1,1.576386887E1,1.320194641E1,-1.759740601E0
7.005633458E1,1.556313629E1,1.275138336E1,-4.716691589E0
7.006636158E1,1.625679382E1,1.193662766E1,-6.754404144E0
7.007638858E1,1.644644943E1,1.059541672E1,-6.981781311E0
7.008641558E1,1.472637634E1,8.655151520E0,-5.636678467E0
7.009644158E1,1.138143219E1,6.650520172E0,-3.462300110E0
7.010646858E1,8.159981232E0,4.673132172E0,-1.226100311E0
7.011649558E1,6.246809692E0,2.722987518E0,6.740483093E-1
7.012652258E1,5.477409668E0,1.115929413E0,1.963466949E0
7.013654958E1,5.370831299E0,-3.671864319E-1,2.408491516E0
7.014657558E1,5.280569000E0,-1.914369049E0,1.857038269E0
7.015660258E1,4.819378052E0,-3.242108002E0,5.719606018E-1
7.016662958E1,4.124523010E0,-4.293072510E0,-7.075785828E-1
7.017665658E1,3.596570892E0,-5.208868103E0,-1.510508881E0
7.018668358E1,3.090323639E0,-6.076164551E0,-2.079326019E0
7.019670958E1,2.271825714E0,-6.994654541E0,-2.938688965E0
7.020673658E1,1.450783081E0,-7.706424408E0,-3.784280548E0
7.021676358E1,5.519023132E-1,-8.041278076E0,-4.059857483E0
7.022679058E1,-4.866380310E-1,-8.291557617E0,-4.045038300E0
7.023681758E1,-1.522483978E0,-8.328830109E0,-3.594026184E0
7.024684358E1,-2.149230652E0,-8.379424896E0,-2.803819427E0
7.025687058E1,-1.623224487E0,-8.221952362E0,-2.213596802E0
7.026689758E1,3.071612549E-1,-7.638316040E0,-2.260299683E0
7.027692458E1,2.938838654E0,-6.679410095E0,-2.891087952E0
7.028695158E1,5.422623596E0,-5.251679077E0,-3.833528137E0
7.029697758E1,7.504644012E0,-3.558849335E0,-5.138514404E0
7.030700458E1,9.319020996E0,-1.614542542E0,-6.923253021E0
7.031703158E1,1.069750443E1,6.990463257E-1,-8.080945587E0
7.032705858E1,1.227806763E1,3.859424286E0,-7.492369537E0
7.033708558E1,1.552167252E1,7.643854523E0,-6.119723969E0
7.034711158E1,2.005439667E1,1.154504196E1,-5.420078888E0
7.035713858E1,2.489997025E1,1.436936874E1,-5.811065826E0
7.036716558E1,2.867871231E1,1.615111359E1,-7.130272522E0
7.037719258E1,2.999582336E1,1.759396317E1,-8.624615021E0
7.038721858E1,2.880669617E1,1.836126755E1,-9.803862762E0
7.039724558E1,2.561069229E1,1.818882614E1,-1.037717056E1
7.040727258E1,2.227682510E1,1.727826965E1,-1.053209839E1
7.041729958E1,1.965397934E1,1.586924973E1,-1.022164398E1
7.042732658E1,1.703023544E1,1.426413757E1,-9.084159393E0
7.043735258E1,1.389425674E1,1.256606873E1,-7.336543579E0
7.044737958E1,1.046234344E1,1.069346283E1,-5.154231720E0
7.045740658E1,7.351961517E0,9.125473480E0,-2.636467438E0
7.046743358E1,4.884043579E0,7.943381653E0,-1.284329224E-1
7.047746058E1,3.117117920E0,7.088958435E0,2.061812439E0
7.048748658E1,1.896705780E0,6.521338806E0,3.839515686E0
7.049751358E1,1.040935364E0,6.094875641E0,5.118306427E0
7.050754058E1,4.134402466E-1,5.738766174E0,5.894292755E0
7.051756758E1,-2.035766602E-2,5.523364105E0,6.250102844E0
7.052759458E1,-5.507048035E-1,5.361849976E0,6.211183777E0
7.053762058E1,-1.557810516E0,5.155878296E0,5.851930847E0
7.054764758E1,-2.976260834E0,4.895270233E0,5.352120209E0
7.055767458E1,-4.062402191E0,4.598287811E0,4.990472260E0
7.056770171E1,-4.445605316E0,4.459526367E0,4.775818634E0
7.057772771E1,-4.556674347E0,4.467160492E0,4.536466370E0
7.058775471E1,-4.343517609E0,4.540058899E0,4.323609009E0
7.059778171E1,-4.052073669E0,4.726720734E0,3.954177246E0
7.060780871E1,-3.266207886E0,5.358107758E0,3.487148438E0
7.061783571E1,-1.517095184E0,6.389762421E0,3.221450958E0
7.062786171E1,1.144070892E0,7.827372894E0,2.965483246E0
7.063788871E1,3.883075104E0,9.565408630E0,2.499651947E0
7.064791571E1,6.324198761E0,1.184471878E1,1.658850403E0
7.065794271E1,8.681796112E0,1.426069473E1,1.616638184E-1
7.066796971E1,1.119596786E1,1.643806686E1,-1.120420074E0
7.067799571E1,1.414378784E1,1.891302017E1,-6.011499023E-1
7.068802271E1,1.774320282E1,2.141312119E1,1.198707275E0
7.069804971E1,2.071991272E1,2.287318497E1,2.178569641E0
7.070807671E1,2.286300613E1,2.286106018E1,1.171164551E0
7.071810371E1,2.374946274E1,2.106449615E1,-1.359023895E0
7.072812971E1,2.243414795E1,1.845317642E1,-3.927083588E0
7.073815671E1,1.999706589E1,1.636037842E1,-5.341192932E0
7.074818371E1,1.773556870E1,1.518696854E1,-5.754782867E0
7.075821071E1,1.654778870E1,1.390892624E1,-5.750142517E0
7.076823771E1,1.611563736E1,1.209260330E1,-5.167104950E0
7.077826371E1,1.493115051E1,9.895172882E0,-3.904779968E0
7.078829071E1,1.238958572E1,7.430997162E0,-2.487527161E0
7.079831771E1,9.266180878E0,5.060676270E0,-9.279203796E-1
7.080834471E1,6.446943512E0,2.906805267E0,6.861730957E-1
7.081837071E1,4.506229248E0,1.096320190E0,2.228266296E0
7.082839771E1,3.403173065E0,-6.661148071E-1,3.368445282E0
7.083842471E1,2.617606659E0,-2.430196381E0,3.808679810E0
7.084845171E1,1.550326080E0,-4.145928497E0,3.330723724E0
7.085847871E1,5.391787720E-1,-5.719306641E0,2.277962952E0
7.086850471E1,1.204994202E-1,-7.004833374E0,9.818083191E-1
7.087853171E1,3.376977539E-1,-7.777376862E0,-4.574487305E-1
7.088855871E1,1.078207855E0,-8.126750336E0,-2.027384033E0
7.089858571E1,1.477128296E0,-8.434809723E0,-3.542682953E0
7.090861271E1,1.138083344E0,-8.496331787E0,-4.927602997E0
7.091863871E1,-1.152603149E-2,-8.341254272E0,-5.794300690E0
7.092866571E1,-1.381776581E0,-8.330476685E0,-6.067482605E0
7.093869271E1,-2.255210266E0,-8.348738708E0,-5.723946991E0
7.094871971E1,-2.055675201E0,-8.262518005E0,-5.157973938E0
7.095874671E1,-3.710783386E-1,-7.838150482E0,-5.179229736E0
7.096877271E1,2.506238251E0,-7.246430969E0,-5.993686066E0
7.097879971E1,5.822741547E0,-6.195017395E0,-7.185208282E0
7.098882671E1,8.979377289E0,-4.433031464E0,-8.270900574E0
7.099885371E1,1.087383774E1,-2.300715637E0,-9.151070251E0
7.100887971E1,1.173619446E1,1.724414062E-1,-9.386680298E0
7.101890671E1,1.360760284E1,3.050656128E0,-8.067922668E0
7.102893371E1,1.781026337E1,6.836433563E0,-5.686375122E0
7.103896071E1,2.368973694E1,1.089509354E1,-3.845802612E0
7.104898771E1,2.892779434E1,1.385084702E1,-2.934797058E0
7.105901371E1,3.165961349E1,1.541030411E1,-2.645448761E0
7.106904071E1,3.182906113E1,1.628673157E1,-2.602039032E0
7.107906771E1,2.973282028E1,1.700029770E1,-2.091151428E0
7.108909471E1,2.607817017E1,1.703143295E1,-1.241069183E0
7.109912171E1,2.206845840E1,1.616039429E1,-9.692344666E-1
7.110914771E1,1.838282272E1,1.514041534E1,-1.371448059E0
7.111917471E1,1.498548752E1,1.404903488E1,-2.079775085E0
7.112920171E1,1.183094742E1,1.288340881E1,-2.580334167E0
7.113922871E1,8.982071686E0,1.161779068E1,-2.491119690E0
7.114925471E1,6.666985931E0,1.048868866E1,-1.573378143E0
7.115928171E1,4.906197510E0,9.670041046E0,-1.416055298E-1
7.116930871E1,3.545227661E0,9.164093170E0,1.334474945E0
7.117933571E1,2.667453003E0,8.846603394E0,2.811902618E0
7.118936271E1,2.024689636E0,8.436905365E0,3.984863434E0
7.119938871E1,1.450334015E0,8.015980682E0,4.569996643E0
7.120941571E1,1.071471863E0,7.699987793E0,4.523593140E0
7.121944271E1,6.728507996E-1,7.350015564E0,3.878584442E0
7.122946971E1,-9.580078125E-3,6.805897064E0,3.046764221E0
7.123949671E1,-1.009201355E0,6.254144440E0,2.462080078E0
7.124952271E1,-1.934876404E0,5.733078003E0,2.341281281E0
7.125954971E1,-2.859503632E0,5.204826508E0,2.462080078E0
7.126957671E1,-3.522774353E0,4.707710266E0,2.680924988E0
7.127960371E1,-3.367696838E0,4.539011078E0,3.013683014E0
7.128962971E1,-2.931503906E0,4.566404114E0,3.237767029E0
7.129965671E1,-2.501448212E0,4.812342682E0,3.467838593E0
7.130968371E1,-1.599423981E0,5.521567841E0,3.520529022E0
7.131971071E1,1.531315613E-1,6.707102509E0,3.140619049E0
7.132973771E1,2.656974792E0,8.278983765E0,2.183958435E0
7.133976371E1,5.792354736E0,1.038315811E1,8.063731384E-1
7.134979071E1,8.871302032E0,1.286499710E1,-3.638932800E-1
7.135981771E1,1.150866760E1,1.521316406E1,-9.575587463E-1
7.136984471E1,1.321437057E1,1.706705887E1,-4.378395081E-1
7.137987071E1,1.459809311E1,1.848760483E1,1.005010071E0
7.138989771E1,1.617775818E1,1.968092331E1,2.276166687E0
7.139992471E1,1.820469315E1,2.075853241E1,2.642305298E0
7.140995171E1,2.009241760E1,2.056184143E1,1.927841034E0
7.141997871E1,2.028880920E1,1.915731216E1,2.032772827E-1
7.143000471E1,1.890912827E1,1.765428772E1,-1.961820374E0
7.144003171E1,1.751058655E1,1.667307816E1,-3.666475525E0
7.145005871E1,1.699431015E1,1.553484512E1,-4.497996368E0
7.146008571E1,1.678863785E1,1.354039261E1,-4.229305115E0
7.147011271E1,1.540461594E1,1.080198715E1,-2.875670013E0
7.148013871E1,1.257145752E1,7.972421265E0,-9.593550110E-1
7.149016571E1,8.981323242E0,5.349126434E0,1.146465912E0
7.150019271E1,5.643863525E0,3.072510681E0,3.316503296E0
7.151021971E1,3.328029327E0,1.235381012E0,5.173990631E0
7.152024571E1,2.296973419E0,-1.682501221E-1,6.358178101E0
7.153027271E1,1.949695587E0,-1.715283051E0,6.419251099E0
7.154029971E1,1.756297760E0,-3.393742676E0,5.509443054E0
7.155032671E1,2.219883728E0,-4.817432098E0,4.034260712E0
7.156035337E1,3.467239838E0,-5.947132874E0,2.402803345E0
7.157037937E1,4.913532257E0,-6.868766327E0,6.550378418E-1
7.158040637E1,5.726940765E0,-7.521708527E0,-1.296454010E0
7.159043337E1,5.544470215E0,-7.734715576E0,-3.171454926E0
7.160046038E1,4.118984528E0,-7.787106628E0,-4.679718475E0
7.161048637E1,1.704655151E0,-7.932154999E0,-5.548661499E0
7.162051338E1,-8.051756287E-1,-8.067922668E0,-5.700894928E0
7.163054038E1,-2.533631287E0,-8.291557617E0,-5.445975037E0
7.164056737E1,-3.151845703E0,-8.505612488E0,-5.217849426E0
7.165059437E1,-1.919907532E0,-8.312064972E0,-5.397924957E0
7.166062037E1,8.677455139E-1,-7.711064758E0,-6.055357819E0
7.167064737E1,4.158053284E0,-6.654262390E0,-7.206164703E0
7.168067437E1,7.529642029E0,-4.816384277E0,-8.491691437E0
7.169070138E1,1.037297928E1,-2.662812653E0,-9.757010193E0
7.170072837E1,1.153007309E1,-3.691323853E-1,-1.033885025E1
7.171075438E1,1.236099518E1,2.652184753E0,-9.069340210E0
7.172078137E1,1.496752487E1,6.448290710E0,-6.118825836E0
7.173080837E1,1.956192078E1,1.061891785E1,-3.223546600E0
7.174083537E1,2.493335083E1,1.415291885E1,-1.727108459E0
7.175086137E1,2.923899719E1,1.630289795E1,-1.565744019E0
7.176088837E1,3.146516785E1,1.746074020E1,-2.218087463E0
7.177091538E1,3.108944916E1,1.795141983E1,-2.282303925E0
7.178094238E1,2.816048996E1,1.782253784E1,-1.030307465E0
7.179096937E1,2.394555496E1,1.708816498E1,3.388952637E-1
7.180099538E1,1.941028610E1,1.608420273E1,8.339158630E-1
7.181102237E1,1.528770905E1,1.484268448E1,2.456391907E-1
7.182104937E1,1.197854050E1,1.331735641E1,-8.879534912E-1
7.183107637E1,9.104966125E0,1.187375839E1,-1.635199585E0
7.184110237E1,6.696324921E0,1.059511734E1,-1.591640167E0
7.185112937E1,4.813390503E0,9.405990143E0,-6.997947693E-1
7.186115638E1,3.208727417E0,8.516988831E0,6.125262451E-1
7.187118337E1,1.935624847E0,7.924071808E0,1.990261230E0
7.188121037E1,9.759704590E-1,7.435038757E0,3.307971039E0
7.189123637E1,-2.200424194E-2,6.957082672E0,4.349804535E0
7.190126337E1,-8.193960571E-1,6.602021027E0,5.005291443E0
7.191129037E1,-1.237177277E0,6.293811951E0,5.201982422E0
7.192131738E1,-1.515149231E0,5.874384155E0,4.828808441E0
7.193134337E1,-1.781595154E0,5.601651306E0,4.229155426E0
7.194137038E1,-2.068249054E0,5.444328461E0,3.704795837E0
7.195139737E1,-2.552492065E0,5.072801056E0,3.313359833E0
7.196142437E1,-2.946772156E0,4.732109528E0,3.188818817E0
7.197145137E1,-2.914738770E0,4.485721893E0,3.188220062E0
7.198147737E1,-2.921474762E0,4.415667572E0,3.244652710E0
7.199150437E1,-2.712658997E0,4.711901550E0,3.558849335E0
7.200153138E1,-1.615440674E0,5.455106049E0,4.054169312E0
7.201155838E1,1.857637024E-1,6.580765228E0,4.416865082E0
7.202158438E1,2.852617950E0,8.100554810E0,4.323309631E0
7.203161138E1,6.053561554E0,1.017359390E1,3.739224243E0
7.204163837E1,9.046288147E0,1.242536133E1,2.818638611E0
7.205166537E1,1.127006378E1,1.433509003E1,1.966760101E0
7.206169237E1,1.288580383E1,1.604034393E1,2.092648315E0
7.207171837E1,1.416459457E1,1.762928970E1,3.140169983E0
7.208174537E1,1.537378006E1,1.888487869E1,3.979624329E0
7.209177238E1,1.668280792E1,1.932780762E1,3.331322479E0
7.210179937E1,1.774005936E1,1.834629868E1,1.213825836E0
7.211182538E1,1.793794785E1,1.664598450E1,-1.304836578E0
7.212185237E1,1.706885513E1,1.498967880E1,-3.434907074E0
7.213187937E1,1.541973450E1,1.375789032E1,-4.795128479E0
7.214190637E1,1.419707703E1,1.298639465E1,-5.103786621E0
7.215193338E1,1.395473099E1,1.210742249E1,-4.038901062E0
7.216195937E1,1.361763199E1,1.070783295E1,-2.275867310E0
7.217198638E1,1.235680389E1,8.950038300E0,-5.465135193E-1
7.218201338E1,1.038899597E1,7.073839874E0,1.041983185E0
7.219204037E1,8.093369751E0,5.128784637E0,2.320175171E0
7.220206638E1,6.089636536E0,3.305126953E0,3.098257141E0
7.221209337E1,4.704566803E0,1.547631683E0,3.367996216E0
7.222212037E1,4.164789276E0,3.113525391E-2,3.066373444E0
7.223214737E1,4.448150024E0,-1.320404205E0,2.200274506E0
7.224217438E1,5.193599854E0,-2.462828522E0,1.147064667E0
7.225220037E1,6.064788208E0,-3.234922943E0,1.362167358E-1
7.226222738E1,6.565197601E0,-3.961062927E0,-9.062155151E-1
7.227225437E1,6.136040039E0,-4.782404938E0,-2.075134735E0
7.228228137E1,4.939428406E0,-5.450914764E0,-3.206033020E0
7.229230737E1,3.432362366E0,-5.964347076E0,-4.027674408E0
7.230233437E1,1.851350098E0,-6.584806824E0,-4.594096527E0
7.231236137E1,3.255729675E-1,-7.068750458E0,-4.885540466E0
7.232238838E1,-7.827223206E-1,-7.331154785E0,-4.924010468E0
7.233241537E1,-1.171463928E0,-7.760611725E0,-4.921914825E0
7.234244138E1,-5.795947266E-1,-8.202343140E0,-5.017116852E0
7.235246838E1,7.057823181E-1,-8.151898041E0,-5.237758026E0
7.236249537E1,2.818488922E0,-7.496411133E0,-5.530399475E0
7.237252237E1,5.479804688E0,-6.160738678E0,-6.085744629E0
7.238254837E1,8.019423523E0,-4.393363953E0,-7.150630188E0
7.239257537E1,9.926457825E0,-2.545007629E0,-8.477321320E0
7.240260238E1,1.119072876E1,-3.876937866E-1,-8.934770050E0
7.241262938E1,1.403870636E1,2.473306732E0,-7.603737946E0
7.242265637E1,1.914009796E1,6.035149841E0,-5.322930908E0
7.243268238E1,2.523272827E1,9.682764587E0,-3.636986847E0
7.244270937E1,3.052811646E1,1.242955261E1,-3.272943878E0
7.245273637E1,3.351096359E1,1.396610733E1,-4.315076752E0
7.246276337E1,3.368669815E1,1.479149094E1,-5.737718353E0
7.247278937E1,3.124976578E1,1.474867996E1,-6.266568604E0
7.248281637E1,2.695908829E1,1.396206573E1,-5.914201355E0
7.249284338E1,2.195813782E1,1.283146683E1,-5.617368622E0
7.250287037E1,1.763991760E1,1.170865173E1,-5.703739014E0
7.251289737E1,1.424946808E1,1.047192352E1,-5.658832397E0
7.252292337E1,1.167856430E1,9.275461578E0,-4.941224670E0
7.253295037E1,9.612710266E0,8.312663727E0,-3.425027618E0
7.254297737E1,7.861052856E0,7.569459229E0,-1.409768372E0
7.255300438E1,6.323150940E0,7.037764893E0,7.447013855E-1
7.256303071E1,4.883744202E0,6.843468933E0,2.934048615E0
7.257305771E1,3.713777161E0,7.002588043E0,5.004393311E0
7.258308471E1,2.686313782E0,7.159312134E0,6.469995575E0
7.259311171E1,1.559008026E0,7.122788086E0,7.064259796E0
7.260313871E1,2.842588806E-1,6.993307343E0,6.826404419E0
7.261316471E1,-1.000669098E0,6.940616913E0,6.129603424E0
7.262319171E1,-2.208058319E0,6.936126251E0,5.465434570E0
7.263321871E1,-3.322041779E0,6.759194183E0,4.913532257E0
7.264324571E1,-3.953877869E0,6.745422821E0,4.600084076E0
7.265327171E1,-4.263883209E0,6.699019318E0,4.502636719E0
7.266329871E1,-4.303401031E0,6.619384918E0,4.474345551E0
7.267332571E1,-4.394860840E0,6.715934143E0,4.402794342E0
7.268335271E1,-4.220922546E0,6.824159088E0,4.427642670E0
7.269337871E1,-3.390599213E0,7.120692444E0,4.823419647E0
7.270340571E1,-1.918710022E0,7.893535309E0,5.263205109E0
7.271343271E1,2.336640930E-1,9.165440369E0,5.415588226E0
7.272345971E1,3.132386169E0,1.066113007E1,4.950355682E0
7.273348671E1,6.113886108E0,1.239048386E1,3.824995880E0
7.274351271E1,8.166866913E0,1.453911575E1,2.899320831E0
7.275353971E1,9.585915985E0,1.696287552E1,3.010389862E0
7.276356671E1,1.128173950E1,1.917033508E1,4.426445160E0
7.277359371E1,1.368648880E1,2.052112610E1,6.087540894E0
7.278361971E1,1.615455643E1,2.142344971E1,6.807992706E0
7.279364671E1,1.861933090E1,2.141147461E1,5.609285431E0
7.280367371E1,2.054702225E1,1.934292618E1,2.469863892E0
7.281370071E1,2.076152618E1,1.668205948E1,-1.132844238E0
7.282372671E1,1.982252884E1,1.482112930E1,-3.753294983E0
7.283375371E1,1.847637817E1,1.361299164E1,-5.271737366E0
7.284378071E1,1.724129654E1,1.197464859E1,-5.542823639E0
7.285380771E1,1.578183151E1,9.603878632E0,-4.530029755E0
7.286383471E1,1.363349899E1,6.879693604E0,-2.583627319E0
7.287386071E1,1.081530945E1,4.394711151E0,-5.873785400E-1
7.288388771E1,8.099357300E0,2.044598236E0,1.217418365E0
7.289391471E1,6.082601166E0,-1.824705505E-1,2.969973907E0
7.290394171E1,4.673730927E0,-2.065105591E0,4.352349243E0
7.291396771E1,3.645070038E0,-3.660038910E0,5.031786346E0
7.292399471E1,2.825673981E0,-4.864584045E0,4.934638367E0
7.293402171E1,2.260748749E0,-5.921386414E0,4.114793243E0
7.294404871E1,2.362088013E0,-6.989864502E0,2.700983276E0
7.295407571E1,2.938389587E0,-7.805967407E0,1.050964508E0
7.296410171E1,3.403472443E0,-8.265511780E0,-6.256988525E-1
7.297412871E1,3.341201935E0,-8.441695404E0,-2.304906921E0
7.298415571E1,2.355651398E0,-8.562045135E0,-3.851191406E0
7.299418271E1,7.927514648E-1,-8.444838867E0,-5.122797089E0
7.300420871E1,-6.144721985E-1,-8.375832367E0,-5.945486298E0
7.301423571E1,-1.372196503E0,-8.484656067E0,-6.024072876E0
7.302426271E1,-1.215622101E0,-8.475225677E0,-5.446124725E0
7.303428971E1,-1.871109009E-2,-8.397986298E0,-4.588408356E0
7.304431671E1,2.209704895E0,-7.957302704E0,-4.198618927E0
7.305434271E1,5.284610596E0,-6.840475159E0,-4.482129364E0
7.306436971E1,7.959398346E0,-5.135969696E0,-5.448968811E0
7.307439671E1,9.397158508E0,-3.226839752E0,-6.882986755E0
7.308442371E1,9.724078674E0,-1.456770630E0,-7.615263977E0
7.309444971E1,1.128862518E1,7.026388550E-1,-6.772217102E0
7.310447671E1,1.531001266E1,3.673959961E0,-4.779560852E0
7.311450371E1,2.124038040E1,7.529192963E0,-2.852767639E0
7.312453071E1,2.864308640E1,1.119851257E1,-1.741628265E0
7.313455671E1,3.554448486E1,1.394021118E1,-1.584904175E0
7.314458371E1,3.948908203E1,1.603061417E1,-2.065255280E0
7.315461071E1,3.922293549E1,1.768557266E1,-2.752326508E0
7.316463771E1,3.538671295E1,1.794453415E1,-3.705544281E0
7.317466371E1,3.022335022E1,1.696931213E1,-4.533322906E0
7.318469071E1,2.525742691E1,1.578003525E1,-5.260361023E0
7.319471771E1,2.062366287E1,1.419243668E1,-5.940696259E0
7.320474471E1,1.654015457E1,1.229677872E1,-5.712420959E0
7.321477171E1,1.268117935E1,1.033615585E1,-4.434528351E0
7.322479771E1,8.867559814E0,8.571026459E0,-2.486329651E0
7.323482471E1,5.540727997E0,7.111860809E0,-3.347039795E-1
7.324485171E1,3.206182709E0,6.225404205E0,1.896556091E0
7.325487871E1,1.676214294E0,5.851032715E0,3.885619812E0
7.326490471E1,7.421566772E-1,5.704188080E0,5.406157837E0
7.327493171E1,2.748284912E-1,5.916296997E0,6.362668762E0
7.328495871E1,4.909790039E-2,6.236780548E0,6.534960480E0
7.329498571E1,-1.570234680E-1,6.583609314E0,5.602699127E0
7.330501171E1,-3.754193115E-1,6.731950836E0,3.782334595E0
7.331503871E1,-7.665559387E-1,6.607858887E0,2.220183105E0
7.332506571E1,-1.731449432E0,6.280040588E0,1.388961639E0
7.333509271E1,-3.296445007E0,5.849535828E0,1.135688324E0
7.334511971E1,-4.428091736E0,5.690416718E0,1.521585846E0
7.335514571E1,-4.882247314E0,5.718109131E0,2.529739380E0
7.336517271E1,-4.608167267E0,6.374943237E0,3.816912689E0
7.337519971E1,-3.335663452E0,7.429051208E0,5.076692963E0
7.338522671E1,-1.194965057E0,8.948840790E0,5.676196289E0
7.339525271E1,1.389261017E0,1.063388672E1,5.306764526E0
7.340527971E1,4.151916046E0,1.214798813E1,4.425696716E0
7.341530671E1,6.696025543E0,1.324954742E1,3.837420044E0
7.342533371E1,8.367449799E0,1.417222870E1,3.730392609E0
7.343535971E1,8.646319885E0,1.495150818E1,4.315076752E0
7.344538671E1,8.648265839E0,1.543215866E1,5.762866058E0
7.345541371E1,9.495653687E0,1.501617371E1,7.116650848E0
7.346544071E1,1.083761307E1,1.452040466E1,7.155270538E0
7.347546771E1,1.256097931E1,1.423195450E1,5.514532471E0
7.348549371E1,1.460527817E1,1.338022568E1,3.091970215E0
7.349552071E1,1.565085388E1,1.183468964E1,8.277786255E-1
7.350554771E1,1.516301834E1,1.070094727E1,-7.438032532E-1
7.351557471E1,1.462279175E1,1.046369064E1,-1.414558411E0
7.352560071E1,1.497201553E1,1.017209702E1,-1.010847931E0
7.353562771E1,1.547871185E1,9.361981659E0,-1.799258423E-1
7.354565471E1,1.498758316E1,7.946824493E0,5.948629761E-1
7.355568171E1,1.318847443E1,6.177803192E0,1.482517090E0
7.356570721E1,1.054527100E1,4.285288696E0,2.304906921E0
7.357573421E1,7.932304688E0,2.300865326E0,2.807861023E0
7.358576121E1,5.656138000E0,3.234773254E-1,2.717449036E0
7.359578821E1,3.963158569E0,-1.404080200E0,2.051184540E0
7.360581421E1,3.405568085E0,-2.898273010E0,8.909472656E-1
7.361584121E1,3.689078522E0,-3.858526154E0,-5.337899780E-1
7.362586821E1,4.123026123E0,-4.181404724E0,-1.814077606E0
7.363589521E1,4.486470337E0,-4.298760681E0,-2.759661255E0
7.364592221E1,4.801714783E0,-4.390370178E0,-3.618575134E0
7.365594821E1,4.997657318E0,-4.381538544E0,-4.553231506E0
7.366597521E1,4.791236572E0,-4.341721344E0,-5.375920715E0
7.367600221E1,3.722608795E0,-4.563709717E0,-5.784870300E0
7.368602921E1,1.850152588E0,-5.065166931E0,-5.569617920E0
7.369605521E1,1.185534668E-1,-5.754483490E0,-4.922064514E0
7.370608221E1,-7.943980408E-1,-6.312672729E0,-4.029919739E0
7.371610921E1,3.787124634E-2,-6.092330933E0,-3.159030762E0
7.372613621E1,2.838397522E0,-5.041815491E0,-2.692451019E0
7.373616221E1,6.452931061E0,-3.578907623E0,-3.205134888E0
7.374618921E1,1.057236465E1,-1.880838776E0,-4.359683990E0
7.375621621E1,1.442774734E1,-4.086502075E-1,-5.844745789E0
7.376624321E1,1.669134018E1,6.026467896E-1,-7.050488434E0
7.377627021E1,1.743963409E1,1.222807159E0,-7.803422699E0
7.378629621E1,1.729488510E1,1.758094025E0,-8.088130646E0
7.379632321E1,1.727108459E1,3.279829559E0,-7.391179962E0
7.380635021E1,1.881946472E1,5.709427185E0,-5.553601227E0
7.381637721E1,2.175306427E1,7.783214722E0,-3.372935944E0
7.382640321E1,2.451227646E1,8.742420044E0,-1.997446289E0
7.383643021E1,2.662168991E1,9.406289520E0,-1.428030396E0
7.384645721E1,2.771980637E1,1.033420990E1,-1.359472961E0
7.385648421E1,2.710323853E1,1.125823837E1,-1.332978058E0
7.386651021E1,2.500445297E1,1.175595337E1,-1.577719116E0
7.387653721E1,2.225452148E1,1.199171310E1,-2.261347504E0
7.388656421E1,1.951372101E1,1.223121506E1,-3.017275543E0
7.389659121E1,1.672696609E1,1.217014206E1,-3.779191132E0
7.390661721E1,1.375444748E1,1.170550827E1,-4.328249359E0
7.391664421E1,1.065604065E1,1.097577576E1,-4.344415741E0
7.392667121E1,7.935747528E0,1.016416351E1,-3.641776886E0
7.393669821E1,5.855223999E0,9.482780457E0,-2.339335327E0
7.394672421E1,4.428690491E0,8.815318451E0,-7.722441101E-1
7.395675121E1,3.595672760E0,8.111631775E0,7.355703735E-1
7.396677821E1,2.841241608E0,7.434290314E0,2.233206024E0
7.397680521E1,1.983375549E0,6.923103333E0,3.560944977E0
7.398683221E1,7.529342651E-1,6.505920868E0,4.566703491E0
7.399685821E1,-8.066725159E-1,6.021228790E0,5.001100159E0
7.400688521E1,-2.425855408E0,5.431155853E0,4.815186768E0
7.401691221E1,-3.413800964E0,5.101690979E0,4.201013947E0
7.402693921E1,-3.363804932E0,5.048252106E0,3.360511780E0
7.403696521E1,-3.071313171E0,4.868475952E0,2.511477356E0
7.404699221E1,-3.006198578E0,4.718936920E0,1.823657684E0
7.405701921E1,-2.649190979E0,4.834646301E0,1.411564636E0
7.406704621E1,-1.845512238E0,5.360951843E0,1.554068298E0
7.407707221E1,-1.176253967E0,5.987698517E0,2.026485901E0
7.408709921E1,-9.529183960E-1,6.850953369E0,2.477198639E0
7.409712621E1,-6.354286194E-1,8.323291626E0,2.841540985E0
7.410715321E1,1.510359192E-1,1.032552795E1,3.229534149E0
7.411717921E1,1.125509491E0,1.277308823E1,3.531605988E0
7.412720621E1,2.663710785E0,1.558499084E1,3.956422577E0
7.413723321E1,4.981640625E0,1.835812408E1,4.738396454E0
7.414726021E1,8.049960022E0,2.082244949E1,5.228477325E0
7.415728621E1,1.104837479E1,2.237861343E1,5.061424713E0
7.416731321E1,1.372645569E1,2.224883331E1,4.072880402E0
7.417734021E1,1.635977966E1,2.082574265E1,2.359992371E0
7.418736721E1,1.806668015E1,1.910641800E1,8.451425171E-1
7.419739321E1,1.903486679E1,1.778212189E1,2.538720703E-1
7.420742021E1,1.946761688E1,1.637145538E1,7.598199463E-1
7.421744721E1,1.905732010E1,1.421069870E1,2.135758667E0
7.422747421E1,1.764710266E1,1.129506180E1,3.614533539E0
7.423750121E1,1.582628906E1,8.329877930E0,4.744234314E0
7.424752721E1,1.398317184E1,5.526956635E0,5.335504761E0
7.425755421E1,1.204410416E1,2.795137482E0,5.395529938E0
7.426758121E1,1.021775208E1,6.307882690E-1,5.111121368E0
7.427760821E1,9.052874451E0,-9.449848938E-1,4.461172943E0
7.428763421E1,8.646020508E0,-2.334545288E0,3.323538666E0
7.429766121E1,8.356522522E0,-3.627706146E0,2.033072205E0
7.430768821E1,7.957452393E0,-4.562961273E0,8.604107666E-1
7.431771521E1,7.303162994E0,-5.374723206E0,-2.956352234E-1
7.432774121E1,6.694229279E0,-5.904172211E0,-1.756148071E0
7.433776821E1,6.083499298E0,-6.286926270E0,-3.201242981E0
7.434779521E1,5.513933716E0,-6.570885773E0,-4.356390839E0
7.435782221E1,4.968018951E0,-6.624923401E0,-5.133874054E0
7.436784821E1,3.708238678E0,-6.832691345E0,-5.545817413E0
7.437787521E1,1.824406128E0,-7.077282715E0,-5.751489716E0
7.438790221E1,-1.640588379E-1,-7.381599884E0,-5.795947266E0
7.439792921E1,-1.124910736E0,-7.560777283E0,-5.517975311E0
7.440795521E1,-8.613088989E-1,-7.574249268E0,-5.281018066E0
7.441798221E1,6.201603699E-1,-7.220684509E0,-5.769751740E0
7.442800921E1,3.572021942E0,-6.296206970E0,-6.933880920E0
7.443803621E1,7.018005981E0,-4.826563110E0,-8.447533264E0
7.444806321E1,9.667196960E0,-3.585643616E0,-1.024664200E1
7.445808921E1,1.067744614E1,-2.230661316E0,-1.204380478E1
7.446811621E1,1.078731766E1,-5.321434021E-1,-1.232132767E1
7.447814321E1,1.218645813E1,1.521735535E0,-1.009575577E1
7.448817021E1,1.526765076E1,4.407734070E0,-6.906936951E0
7.449819621E1,1.938798248E1,7.083419952E0,-4.772974548E0
7.450822321E1,2.371338776E1,8.975335693E0,-4.254452820E0
7.451825021E1,2.714170853E1,1.013647110E1,-4.871170349E0
7.452827721E1,2.967054977E1,1.163335831E1,-5.771697693E0
7.453830321E1,3.079126923E1,1.329026276E1,-6.735992432E0
7.454833021E1,2.905772415E1,1.364532440E1,-8.085136871E0
7.455835721E1,2.484832764E1,1.308668610E1,-9.527238007E0
7.456838496E1,2.001532791E1,1.248014740E1,-1.055395294E1
7.457841096E1,1.551583466E1,1.147528702E1,-1.095227463E1
7.458843796E1,1.187106400E1,1.058972855E1,-1.027059219E1
7.459846496E1,9.360035706E0,9.994117126E0,-8.195756836E0
7.460849196E1,7.796237640E0,9.476942596E0,-5.420677643E0
7.461851796E1,6.922205200E0,8.965156860E0,-2.668201447E0
7.462854496E1,6.409221954E0,8.747210083E0,-9.610015869E-2
7.463857196E1,5.748645630E0,8.631949768E0,2.260599060E0
7.464859896E1,4.669839020E0,8.672814789E0,4.010609894E0
7.465862496E1,3.074456635E0,8.777447205E0,4.831951904E0
7.466865196E1,1.008003845E0,8.607550507E0,4.703818359E0
7.467867896E1,-9.385482788E-1,8.262667694E0,4.068988495E0
7.468870596E1,-2.353705444E0,7.780370636E0,3.486998749E0
7.469873196E1,-2.959944763E0,7.644453278E0,3.219205627E0
7.470875896E1,-2.735561371E0,7.614814911E0,3.094514923E0
7.471878596E1,-2.564467163E0,7.352560272E0,2.835403748E0
7.472881296E1,-2.494263153E0,7.017107849E0,2.505190430E0
7.473883896E1,-2.256108398E0,6.822811890E0,2.542911987E0
7.474886596E1,-1.366059265E0,6.947951660E0,3.060984650E0
7.475889296E1,-1.886077881E-1,7.385042725E0,3.760180664E0
7.476891996E1,7.032376099E-1,8.183332672E0,4.082310791E0
7.477894596E1,1.924547882E0,9.347461853E0,3.989354095E0
7.478897296E1,3.318598938E0,1.070663544E1,3.614982605E0
7.479899996E1,4.665797424E0,1.188767944E1,3.357518005E0
7.480902696E1,6.055806885E0,1.307441162E1,3.488345947E0
7.481905296E1,7.379803619E0,1.400188293E1,4.120032349E0
7.482907996E1,8.658145294E0,1.452848785E1,5.281616821E0
7.483910696E1,9.952803040E0,1.502545441E1,6.523584137E0
7.484913396E1,1.085602478E1,1.537737259E1,6.882388000E0
7.485916096E1,1.098236206E1,1.468895416E1,6.047574005E0
7.486918696E1,1.071741302E1,1.333367249E1,4.701573029E0
7.487921396E1,1.061547501E1,1.215966385E1,3.443738708E0
7.488924096E1,1.105660767E1,1.165715881E1,2.250869293E0
7.489926796E1,1.187914719E1,1.125599304E1,1.062640228E0
7.490929396E1,1.259076736E1,1.035711227E1,4.317022705E-1
7.491932096E1,1.265303787E1,8.814120941E0,5.568420410E-1
7.492934796E1,1.185370010E1,6.978039093E0,1.102158051E0
7.493937496E1,1.047671356E1,5.058430939E0,1.652563477E0
7.494940096E1,8.858279114E0,3.088227997E0,2.038460999E0
7.495942796E1,7.324119415E0,1.152303772E0,2.302511902E0
7.496945496E1,6.026767273E0,-5.388793945E-1,2.505190430E0
7.497948196E1,5.218148804E0,-1.860780487E0,2.558329926E0
7.498950796E1,5.525310059E0,-2.710862732E0,2.231858826E0
7.499953496E1,6.620283051E0,-3.274291077E0,1.323248291E0
7.500956196E1,7.375462646E0,-3.723357239E0,1.037342834E-1
7.501958896E1,7.293732605E0,-4.066144409E0,-1.073268127E0
7.502961496E1,6.683152313E0,-4.268373871E0,-2.007026367E0
7.503964196E1,5.971083069E0,-4.450245667E0,-2.890339508E0
7.504966896E1,5.162763977E0,-4.672533417E0,-3.748205566E0
7.505969596E1,4.327800293E0,-4.866979065E0,-4.559069366E0
7.506972196E1,3.182082825E0,-5.273982697E0,-5.339097290E0
7.507974896E1,2.117796021E0,-5.576204224E0,-6.061644745E0
7.508977596E1,1.671573944E0,-5.918093262E0,-6.781198425E0
7.509980296E1,2.235151978E0,-6.130800934E0,-7.331304474E0
7.510982896E1,3.687132568E0,-6.019731903E0,-7.826025696E0
7.511985596E1,5.004243622E0,-5.614823914E0,-8.118367767E0
7.512988296E1,6.160439301E0,-4.715943146E0,-8.185578003E0
7.513990996E1,7.638465729E0,-3.453468475E0,-8.318950653E0
7.514993596E1,1.020802231E1,-1.672771454E0,-8.817414093E0
7.515996296E1,1.339953552E1,6.744973755E-1,-9.259594574E0
7.516998996E1,1.713082626E1,3.904630280E0,-8.287216644E0
7.518001696E1,2.161804504E1,7.144792328E0,-6.085295563E0
7.519004296E1,2.575229782E1,9.135502625E0,-4.068389740E0
7.520006996E1,2.841361359E1,1.054721695E1,-2.857707367E0
7.521009696E1,2.984538620E1,1.202973404E1,-2.418820038E0
7.522012396E1,3.012201096E1,1.328681992E1,-2.193688202E0
7.523014996E1,2.881253403E1,1.384246445E1,-2.009571075E0
7.524017696E1,2.585618179E1,1.363783997E1,-2.243983612E0
7.525020396E1,2.175036987E1,1.295989975E1,-2.785407715E0
7.526023096E1,1.737362137E1,1.214259933E1,-3.280727692E0
7.527025696E1,1.335148544E1,1.119941071E1,-3.522774353E0
7.528028396E1,1.021101608E1,1.030876282E1,-3.125949554E0
7.529031096E1,8.040978699E0,9.603728943E0,-2.026186523E0
7.530033796E1,6.527775421E0,8.966504059E0,-7.640112305E-1
7.531036396E1,5.268444214E0,8.417146454E0,3.579057312E-1
7.532039096E1,4.089046783E0,8.118966522E0,1.527872772E0
7.533041796E1,2.868185577E0,7.892786865E0,2.790646820E0
7.534044496E1,1.792073364E0,7.743547211E0,4.006268921E0
7.535047096E1,9.063652039E-1,7.666158142E0,4.826712799E0
7.536049796E1,4.625381470E-2,7.497159576E0,4.996010742E0
7.537052496E1,-1.064586182E0,7.322023773E0,4.506378937E0
7.538055196E1,-2.087708588E0,7.065906372E0,3.703298950E0
7.539057796E1,-2.631677399E0,6.801406403E0,3.041225739E0
7.540060496E1,-3.058589630E0,6.691834259E0,2.551294556E0
7.541063196E1,-3.448828125E0,6.543193359E0,2.233804779E0
7.542065896E1,-3.415896606E0,6.594686279E0,2.391127625E0
7.543068496E1,-2.388882294E0,7.079677734E0,2.891087952E0
7.544071196E1,-9.285191345E-1,7.863747253E0,3.274141388E0
7.545073896E1,5.185217285E-1,9.013506317E0,3.464844818E0
7.546076596E1,2.512974243E0,1.058793228E1,3.338657227E0
7.547079196E1,5.154830475E0,1.250993546E1,2.897674255E0
7.548081896E1,8.477770386E0,1.482576965E1,2.237247620E0
7.549084596E1,1.195953003E1,1.669044205E1,1.456022186E0
7.550087296E1,1.444825470E1,1.782104095E1,1.363813934E0
7.551089896E1,1.613704285E1,1.882635040E1,2.359692993E0
7.552092596E1,1.782283722E1,1.919413559E1,3.327879639E0
7.553095296E1,1.915701279E1,1.887020920E1,3.306174774E0
7.554097996E1,1.961655716E1,1.771700729E1,1.886826324E0
7.555100596E1,1.887395142E1,1.571267532E1,-3.827540588E-1
7.556103296E1,1.688997711E1,1.366283798E1,-2.454445953E0
7.557105996E1,1.473191483E1,1.225142303E1,-3.341800690E0
7.558108696E1,1.335253326E1,1.140628052E1,-2.815046082E0
7.559111296E1,1.269704636E1,1.024619293E1,-1.197060699E0
7.560113996E1,1.142349472E1,8.389004974E0,5.242098999E-1
7.561116696E1,9.332642670E0,6.246809692E0,2.129172363E0
7.562119396E1,7.134613495E0,4.058210907E0,3.810176697E0
7.563122096E1,5.148393860E0,1.580263824E0,5.034630432E0
7.564124696E1,3.504063263E0,-8.924441528E-1,5.550607452E0
7.565127396E1,2.418071594E0,-3.023412781E0,5.446424103E0
7.566130096E1,1.980232086E0,-4.861440582E0,4.893473969E0
7.567132696E1,2.102976837E0,-6.401138763E0,3.940705261E0
7.568135396E1,2.634820862E0,-7.545958099E0,2.804867249E0
7.569138096E1,3.455264740E0,-8.507558441E0,1.562001801E0
7.570140796E1,4.422253876E0,-9.002878418E0,1.621128845E-1
7.571143496E1,5.120102692E0,-9.113797760E0,-1.419647827E0
7.572146096E1,5.095404053E0,-8.918603668E0,-2.954555969E0
7.573148796E1,4.172722778E0,-8.476123810E0,-4.290677490E0
7.574151496E1,2.806962891E0,-8.209977264E0,-5.571414185E0
7.575154196E1,1.488354950E0,-8.066575470E0,-6.716233521E0
7.576156796E1,3.755690002E-1,-8.161328430E0,-7.381749573E0
7.577159496E1,1.441502380E-1,-8.472381592E0,-7.364834747E0
7.578162196E1,1.281934204E0,-8.718918915E0,-6.858437805E0
7.579164896E1,3.655997314E0,-8.422235870E0,-6.464756470E0
7.580167496E1,6.117778015E0,-7.670798492E0,-6.390810242E0
7.581170196E1,8.252788239E0,-6.440207520E0,-6.360273743E0
7.582172896E1,1.042731628E1,-4.890180817E0,-6.583759003E0
7.583175596E1,1.322874069E1,-3.136727142E0,-7.801626434E0
7.584178196E1,1.602537506E1,-1.557062073E0,-9.224268036E0
7.585180896E1,1.914623520E1,6.291416931E-1,-9.003028107E0
7.586183596E1,2.285013290E1,3.483406219E0,-7.306456146E0
7.587186296E1,2.655807220E1,5.891897736E0,-5.210664368E0
7.588188896E1,2.967533981E1,7.554939423E0,-3.614832916E0
7.589191596E1,3.183459961E1,8.866961060E0,-3.521876221E0
7.590194296E1,3.228770737E1,9.915231171E0,-5.005291443E0
7.591196996E1,3.044369202E1,1.070588699E1,-6.876250763E0
7.592199596E1,2.701417374E1,1.089524323E1,-7.712411957E0
7.593202296E1,2.310385529E1,1.057386154E1,-7.667205963E0
7.594204996E1,1.933349579E1,9.977801056E0,-7.129823456E0
7.595207696E1,1.606698853E1,9.298663330E0,-6.058201904E0
7.596210296E1,1.323832077E1,8.850046234E0,-4.714146881E0
7.597212996E1,1.068478088E1,8.451874237E0,-3.260519714E0
7.598215696E1,8.423433380E0,8.130941620E0,-1.602268066E0
7.599218396E1,6.695875854E0,7.923173676E0,3.126997375E-1
7.600220996E1,5.392685852E0,7.946076050E0,2.205064545E0
7.601223696E1,4.390070801E0,8.018076324E0,3.961212616E0
7.602226396E1,3.373983765E0,8.030350800E0,5.601501617E0
7.603229096E1,2.249073029E0,8.088729401E0,6.897805939E0
7.604231696E1,1.110690308E0,8.078550568E0,7.613617401E0
7.605234396E1,-1.089733887E-1,7.825277252E0,7.489375763E0
7.606237096E1,-1.274599457E0,7.533384247E0,6.544989624E0
7.607239796E1,-2.295775909E0,7.269333344E0,5.241200867E0
7.608242396E1,-2.858605499E0,7.090006256E0,3.996389465E0
7.609245096E1,-2.752027130E0,6.944808197E0,3.011287994E0
7.610247796E1,-2.439626770E0,6.682553558E0,2.564616852E0
7.611250496E1,-1.866768036E0,6.918912048E0,2.680326233E0
7.612253096E1,-5.755531311E-1,7.777227173E0,3.016227722E0
7.613255796E1,1.340013428E0,8.984167328E0,3.105591888E0
7.614258496E1,3.313210144E0,1.022957748E1,2.763403473E0
7.615261196E1,5.617518311E0,1.201895645E1,2.266885986E0
7.616263796E1,8.315507812E0,1.418585037E1,2.104922791E0
7.617266496E1,1.127215942E1,1.619736740E1,2.484533386E0
7.618269196E1,1.353156097E1,1.776625488E1,3.565435638E0
7.619271896E1,1.538934769E1,1.895014297E1,5.055586853E0
7.620274496E1,1.721959167E1,1.962808319E1,6.263874207E0
7.621277196E1,1.873608810E1,1.925805267E1,6.309828644E0
7.622279896E1,1.911315399E1,1.725177475E1,4.808151398E0
7.623282596E1,1.817490509E1,1.487965759E1,2.853366394E0
7.624285196E1,1.708442276E1,1.267249741E1,1.349294128E0
7.625287896E1,1.609977036E1,1.066621948E1,3.920347595E-1
7.626290596E1,1.482127899E1,9.208101654E0,-1.910028076E-1
7.627293296E1,1.342483292E1,7.907606049E0,-2.844085693E-1
7.628295896E1,1.221609650E1,6.495442657E0,3.712280273E-1
7.629298596E1,1.131691635E1,4.866080933E0,1.362766113E0
7.630301296E1,1.031924103E1,3.193908234E0,2.019300842E0
7.631303996E1,9.008267212E0,1.474882965E0,2.352957001E0
7.632306596E1,7.768694916E0,-2.665956116E-1,2.512076111E0
7.633309296E1,7.179071045E0,-1.578617249E0,2.420466614E0
7.634311996E1,7.193890228E0,-2.681374054E0,2.071542206E0
7.635314696E1,7.305108948E0,-3.731739807E0,1.502276001E0
7.636317296E1,7.034471741E0,-4.610711975E0,9.319619751E-1
7.637319996E1,6.464457092E0,-5.173541565E0,4.195774841E-1
7.638322696E1,5.794899445E0,-5.751040649E0,-6.810836792E-2
7.639325396E1,4.997357941E0,-6.622079315E0,-5.406756592E-1
7.640327996E1,3.995341644E0,-7.487280121E0,-9.759704590E-1
7.641330696E1,2.965932312E0,-8.053702240E0,-1.517693939E0
7.642333396E1,2.202220459E0,-8.271649017E0,-2.330653381E0
7.643336096E1,1.702709198E0,-8.245453491E0,-3.611689453E0
7.644338696E1,1.377585297E0,-8.221353607E0,-5.201982422E0
7.645341396E1,6.253994751E-1,-8.251590729E0,-6.760691071E0
7.646344096E1,-1.077758789E-2,-8.249195709E0,-7.951464844E0
7.647346796E1,6.906637573E-1,-7.886799316E0,-8.482859802E0
7.648349396E1,2.898123322E0,-6.976841583E0,-8.304281158E0
7.649352096E1,5.432203674E0,-5.843398590E0,-7.995173950E0
7.650354796E1,7.397616577E0,-4.553979950E0,-8.089178467E0
7.651357496E1,8.740025024E0,-2.913391571E0,-8.644074554E0
7.652360096E1,1.015832565E1,-1.154698792E0,-9.023834839E0
7.653362796E1,1.242491226E1,1.196611633E0,-7.937094727E0
7.654365496E1,1.718531296E1,5.081483002E0,-5.416186981E0
7.655368196E1,2.372626099E1,8.900790710E0,-2.948867798E0
7.656370696E1,2.956906082E1,1.192061096E1,-1.168769531E0
7.657373396E1,3.314602249E1,1.397883087E1,-7.108717346E-1
7.658376096E1,3.382965088E1,1.496527954E1,-1.892664185E0
7.659378796E1,3.151501419E1,1.547392181E1,-3.658841400E0
7.660381396E1,2.719948837E1,1.536405029E1,-4.645739136E0
7.661384096E1,2.267110519E1,1.461396011E1,-5.179379425E0
7.662386796E1,1.859373413E1,1.356269623E1,-5.899681549E0
7.663389396E1,1.518202881E1,1.237401810E1,-6.009253693E0
7.664392096E1,1.248598526E1,1.117111954E1,-4.886588287E0
7.665394796E1,1.025607239E1,1.008497818E1,-2.811752930E0
7.666397496E1,8.334967346E0,9.219927063E0,-6.008505249E-1
7.667400096E1,6.646478577E0,8.441246338E0,1.375190277E0
7.668402796E1,5.145699463E0,7.772437134E0,2.981050873E0
7.669405496E1,3.711232452E0,7.222031708E0,4.153862000E0
7.670408196E1,2.255060577E0,6.772217102E0,5.116210785E0
7.671410796E1,8.039781189E-1,6.553072815E0,5.804180145E0
7.672413496E1,-6.071374512E-1,6.165229340E0,5.946384430E0
7.673416196E1,-2.030976563E0,5.601651306E0,5.612129517E0
7.674418896E1,-3.114573212E0,5.195096741E0,5.117408295E0
7.675421496E1,-3.868854675E0,4.793781281E0,4.688250732E0
7.676424196E1,-4.597988434E0,4.376299438E0,4.248165894E0
7.677426896E1,-5.067112885E0,4.076772308E0,3.775448914E0
7.678429596E1,-4.888234863E0,4.203109589E0,3.540437622E0
7.679432196E1,-4.341721344E0,4.707261200E0,3.458557892E0
7.680434896E1,-3.586841125E0,5.220394135E0,3.488196259E0
7.681437596E1,-2.380499725E0,6.240672455E0,3.744313660E0
7.682440296E1,-2.305206299E-1,8.018375702E0,4.138593750E0
7.683442896E1,3.260220337E0,1.054691757E1,4.136797485E0
7.684445596E1,7.025041351E0,1.319790482E1,3.247796173E0
7.685448296E1,9.966125336E0,1.534608765E1,1.495390320E0
7.686450996E1,1.140418488E1,1.684462143E1,5.373825073E-2
7.687453596E1,1.243913269E1,1.840362946E1,2.522254944E-1
7.688456296E1,1.415366730E1,1.982537292E1,2.156266022E0
7.689458996E1,1.637774231E1,2.029479675E1,4.270619202E0
7.690461596E1,1.812984879E1,1.975726456E1,5.226531372E0
7.691464296E1,1.872201736E1,1.797043030E1,4.462669830E0
7.692466996E1,1.791549454E1,1.520597900E1,2.603535919E0
7.693469696E1,1.596594864E1,1.263357834E1,1.102756805E0
7.694472296E1,1.348321152E1,1.082713486E1,1.275347900E-1
7.695474996E1,1.155073013E1,9.843979340E0,-5.041516113E-1
7.696477696E1,1.037687119E1,8.782237244E0,-5.083428955E-1
7.697480396E1,9.585466919E0,7.303312683E0,2.320175171E-1
7.698482996E1,8.850195923E0,5.520969086E0,1.275198212E0
7.699485696E1,7.925269318E0,3.588936768E0,2.007176056E0
7.700488396E1,6.608008575E0,1.599573669E0,2.451452179E0
7.701491096E1,5.341043243E0,-2.228865051E-1,2.627336426E0
7.702493696E1,4.377047882E0,-1.837429047E0,2.652484131E0
7.703496396E1,4.098477173E0,-3.229833527E0,2.494113464E0
7.704499096E1,4.312382355E0,-4.364174652E0,2.149530029E0
7.705501796E1,4.608017578E0,-5.199288025E0,1.687740326E0
7.706504396E1,4.823868713E0,-6.010301514E0,1.194216614E0
7.707507096E1,4.988975372E0,-6.661447449E0,6.774911499E-1
7.708509796E1,5.488636322E0,-7.011719055E0,1.216969299E-1
7.709512496E1,6.353088684E0,-6.894512787E0,-6.761439514E-1
7.710515096E1,6.681655426E0,-6.656956787E0,-1.971400452E0
7.711517796E1,5.735473022E0,-6.451434174E0,-3.691473541E0
7.712520496E1,3.981869659E0,-6.197262726E0,-5.271887054E0
7.713523196E1,2.392175446E0,-6.132896576E0,-6.197711792E0
7.714525796E1,1.622026978E0,-6.333479462E0,-6.458020477E0
7.715528496E1,2.026934967E0,-6.173611908E0,-6.248456268E0
7.716531196E1,4.281845856E0,-5.194497986E0,-5.878276062E0
7.717533896E1,7.815996552E0,-3.938010864E0,-5.672454071E0
7.718536496E1,1.167152893E1,-2.300715637E0,-6.371500397E0
7.719539196E1,1.505075180E1,-3.519181824E-1,-8.137378235E0
7.720541896E1,1.656769730E1,1.582209778E0,-1.006521927E1
7.721544496E1,1.618793701E1,3.230881348E0,-1.095002930E1
7.722547196E1,1.603285950E1,4.925357666E0,-1.001447479E1
7.723549896E1,1.759231659E1,6.659800873E0,-7.410190430E0
7.724552596E1,2.035826477E1,7.919581146E0,-4.863236847E0
7.725555196E1,2.288291473E1,8.580905914E0,-3.167862396E0
7.726557896E1,2.411200882E1,9.438622284E0,-2.247276764E0
7.727560596E1,2.423879517E1,1.077788727E1,-2.167642365E0
7.728563296E1,2.339784393E1,1.181972076E1,-2.445165253E0
7.729565896E1,2.191053680E1,1.231908234E1,-2.874173126E0
7.730568596E1,1.983285736E1,1.241323654E1,-3.574716339E0
7.731571296E1,1.758288620E1,1.239063354E1,-4.045637054E0
7.732573996E1,1.541045380E1,1.222852066E1,-3.872297516E0
7.733576596E1,1.319790482E1,1.192016190E1,-3.318149872E0
7.734579296E1,1.101065323E1,1.151016449E1,-2.568359070E0
7.735581996E1,9.115294647E0,1.101319794E1,-1.627864838E0
7.736584696E1,7.567812653E0,1.038480469E1,-3.215313721E-1
7.737587296E1,6.052214355E0,9.623787231E0,1.035696259E0
7.738589996E1,4.501289520E0,8.790619812E0,2.482737122E0
7.739592696E1,3.042722626E0,7.980953522E0,4.108955383E0
7.740595296E1,1.710493011E0,7.371421051E0,5.708079987E0
7.741597996E1,5.776487732E-1,6.932982788E0,6.688840485E0
7.742600696E1,-5.092410278E-1,6.341113586E0,6.697522430E0
7.743603396E1,-1.454974365E0,5.671406250E0,5.807473297E0
7.744605996E1,-2.016157379E0,5.123246155E0,4.748874664E0
7.745608696E1,-2.125879211E0,4.608915710E0,3.959566040E0
7.746611396E1,-2.014660492E0,4.222868500E0,3.516487427E0
7.747614096E1,-1.619182892E0,4.266577606E0,3.344495087E0
7.748616696E1,-8.027806091E-1,4.731361084E0,3.163371735E0
7.749619396E1,2.161505127E-1,5.219346313E0,2.853067017E0
7.750622096E1,1.325942688E0,5.984555054E0,2.690654755E0
7.751624796E1,3.082988892E0,7.283553772E0,2.386936340E0
7.752627396E1,5.164260864E0,8.907975769E0,1.583407288E0
7.753630096E1,6.891369324E0,1.051503387E1,4.197271729E-1
7.754632796E1,8.005951538E0,1.184801193E1,-6.004014587E-1
7.755635496E1,8.120463409E0,1.303624100E1,-7.244934082E-1
7.756638108E1,7.736960907E0,1.442550201E1,5.625302124E-1
7.757640808E1,8.164322205E0,1.635753433E1,2.820135498E0
7.758643508E1,9.982142029E0,1.832878510E1,4.776417389E0
7.759646108E1,1.255244705E1,1.977462845E1,5.088218994E0
7.760648808E1,1.494806534E1,1.950982910E1,3.193758545E0
7.761651508E1,1.578632217E1,1.810305450E1,1.839674377E-1
7.762654208E1,1.541030411E1,1.653326889E1,-2.468217316E0
7.763656808E1,1.440738968E1,1.534474045E1,-3.824995880E0
7.764659508E1,1.316916458E1,1.420501053E1,-3.535348206E0
7.765662208E1,1.225486588E1,1.227971420E1,-2.282303925E0
7.766664908E1,1.113220047E1,9.838590546E0,-6.489006042E-1
7.767667508E1,9.545649719E0,7.374863892E0,1.003513184E0
7.768670208E1,7.736362152E0,4.962480469E0,2.563119965E0
7.769672908E1,6.125412140E0,2.629132690E0,3.914060669E0
7.770675608E1,5.010979614E0,3.963757324E-1,4.835694122E0
7.771678208E1,4.457730103E0,-1.684147797E0,5.169649658E0
7.772680908E1,4.395908661E0,-3.461252289E0,4.832999725E0
7.773683608E1,4.480782166E0,-4.861739960E0,3.905079346E0
7.774686208E1,4.320166168E0,-5.669011230E0,2.608325958E0
7.775688908E1,3.917503510E0,-6.349496155E0,1.163680115E0
7.776691608E1,3.537144470E0,-6.962621155E0,-2.022294617E-1
7.777694308E1,3.329376526E0,-7.273973694E0,-1.322200470E0
7.778696908E1,3.008294220E0,-7.332052917E0,-2.170935516E0
7.779699608E1,2.429298248E0,-7.181166687E0,-2.933150482E0
7.780702308E1,1.565744019E0,-7.190148010E0,-3.797153778E0
7.781705008E1,6.547384644E-1,-7.222929840E0,-4.701573029E0
7.782707608E1,3.573069763E-1,-6.962022400E0,-5.426515503E0
7.783710308E1,7.909552002E-1,-6.654561768E0,-5.783822479E0
7.784713008E1,2.223176880E0,-6.129304047E0,-5.978417816E0
7.785715708E1,4.509522400E0,-5.563630371E0,-6.115832062E0
7.786718308E1,7.578141174E0,-4.271816711E0,-6.267616425E0
7.787721008E1,1.082264420E1,-2.525248718E0,-7.011868744E0
7.788723708E1,1.406744659E1,-3.255729675E-1,-8.727301483E0
7.789726408E1,1.609767471E1,1.678759003E0,-1.065693878E1
7.790729008E1,1.617805756E1,3.632346497E0,-1.142469223E1
7.791731708E1,1.638028702E1,5.697901154E0,-9.945468292E0
7.792734408E1,1.881512375E1,8.089477844E0,-7.168443146E0
7.793737008E1,2.242875916E1,1.033016830E1,-4.956492920E0
7.794739708E1,2.537238785E1,1.154653885E1,-3.858526154E0
7.795742408E1,2.646616333E1,1.185968765E1,-3.394940186E0
7.796745108E1,2.562491272E1,1.243434265E1,-3.184178467E0
7.797747708E1,2.344963623E1,1.301603302E1,-2.939886475E0
7.798750408E1,2.063204544E1,1.282038986E1,-3.037483521E0
7.799753108E1,1.785247559E1,1.222328156E1,-3.645219727E0
7.800755808E1,1.546074921E1,1.170296356E1,-4.221670990E0
7.801758408E1,1.339788895E1,1.119462067E1,-4.514162750E0
7.802761108E1,1.139131165E1,1.060484711E1,-4.551584930E0
7.803763808E1,9.334738312E0,9.917326813E0,-3.883374481E0
7.804766408E1,7.386988678E0,9.299112396E0,-2.688858490E0
7.805769108E1,5.734425201E0,8.730444946E0,-1.432820435E0
7.806771808E1,4.414769440E0,8.101452942E0,-1.663041687E-1
7.807774508E1,3.216511230E0,7.614665222E0,1.219364319E0
7.808777108E1,2.138902130E0,7.312892761E0,2.681823120E0
7.809779808E1,1.163680115E0,6.996151428E0,3.955674133E0
7.810782508E1,3.589535522E-1,6.830895081E0,4.789739685E0
7.811785208E1,-3.582051086E-1,6.755901031E0,5.146747284E0
7.812787808E1,-1.157393188E0,6.573580170E0,4.991071014E0
7.813790508E1,-1.725312195E0,6.332731018E0,4.467609558E0
7.814793208E1,-1.957629089E0,6.228397980E0,3.939058685E0
7.815795808E1,-1.908231812E0,6.275549927E0,3.526217194E0
7.816798508E1,-1.694176941E0,6.336024170E0,3.246898041E0
7.817801208E1,-1.229393463E0,6.529721375E0,3.245251465E0
7.818803908E1,-2.981799316E-1,7.160060577E0,3.512894897E0
7.819806508E1,1.259181519E0,8.191415863E0,3.658092957E0
7.820809208E1,3.385659485E0,9.435329132E0,3.336561584E0
7.821811908E1,6.308032379E0,1.153142029E1,2.404749298E0
7.822814608E1,9.061855774E0,1.364831818E1,1.102906494E0
7.823817208E1,1.163201111E1,1.539698181E1,-6.421646118E-2
7.824819908E1,1.360191467E1,1.684147797E1,-2.375559998E-1
7.825822608E1,1.509026962E1,1.818822739E1,1.039588165E0
7.826825208E1,1.694296692E1,1.907064240E1,2.605781250E0
7.827827908E1,1.876288239E1,1.919548279E1,2.992576904E0
7.828830608E1,1.987072861E1,1.804826843E1,1.616189117E0
7.829833308E1,1.952629486E1,1.572659637E1,-7.375163269E-1
7.830835908E1,1.789079590E1,1.335238358E1,-2.772235107E0
7.831838608E1,1.536255341E1,1.154564072E1,-3.663182373E0
7.832841308E1,1.295451096E1,1.071531738E1,-3.365451508E0
7.833844008E1,1.178813644E1,1.008273285E1,-2.132016449E0
7.834846608E1,1.137754028E1,8.999136200E0,-4.357438660E-1
7.835849308E1,1.049347870E1,7.366930389E0,9.967771912E-1
7.836852008E1,8.573720856E0,5.518574066E0,2.178869019E0
7.837854708E1,6.248755646E0,3.578159180E0,3.148851929E0
7.838857308E1,4.279001770E0,1.694775696E0,3.769461365E0
7.839860008E1,3.112926636E0,5.209167480E-2,4.120780792E0
7.840862708E1,2.790347443E0,-1.374890900E0,4.155209198E0
7.841865308E1,3.130440216E0,-2.649789734E0,3.848347321E0
7.842868008E1,3.947590942E0,-3.810625763E0,3.269501038E0
7.843870708E1,4.781955872E0,-4.812492371E0,2.669997711E0
7.844873408E1,5.332810364E0,-5.561983795E0,2.066003723E0
7.845876008E1,5.395529938E0,-6.183191986E0,1.288370819E0
7.846878708E1,5.078489227E0,-6.736591187E0,2.894979858E-1
7.847881408E1,4.557871857E0,-7.136858826E0,-6.496490479E-1
7.848884108E1,3.894152069E0,-7.296876068E0,-1.501078491E0
7.849886708E1,2.974763947E0,-7.234006805E0,-2.544708252E0
7.850889408E1,1.404379578E0,-7.301366730E0,-3.825594635E0
7.851892108E1,-2.127076721E-1,-7.672145691E0,-4.939578094E0
7.852894708E1,-9.445358276E-1,-7.894134064E0,-5.589676208E0
7.853897408E1,-5.662724304E-1,-7.760761414E0,-5.785469055E0
7.854900108E1,1.511856079E0,-6.924450531E0,-5.751938782E0
7.855902808E1,5.202880554E0,-5.724246368E0,-6.048472137E0
7.856905471E1,9.471254425E0,-3.672014008E0,-7.083270264E0
7.857908171E1,1.385024826E1,-1.259031830E0,-9.001381531E0
7.858910871E1,1.690479630E1,1.094673615E0,-1.134296219E1
7.859913571E1,1.779589325E1,3.205733643E0,-1.251592300E1
7.860916171E1,1.841979584E1,5.209466858E0,-1.130838409E1
7.861918871E1,2.078293167E1,7.789052582E0,-8.564140778E0
7.862921571E1,2.489922180E1,1.004561005E1,-6.573580170E0
7.863924171E1,2.904245590E1,1.105181763E1,-6.307134247E0
7.864926871E1,3.103885437E1,1.161315033E1,-7.499105530E0
7.865929571E1,3.011886749E1,1.238150253E1,-8.785380707E0
7.866932271E1,2.715922211E1,1.267519180E1,-9.074579315E0
7.867934871E1,2.370021515E1,1.207329346E1,-8.774603119E0
7.868937571E1,2.046843567E1,1.122815094E1,-8.403973846E0
7.869940271E1,1.711720459E1,1.033391052E1,-7.687413940E0
7.870942971E1,1.375998596E1,9.462123413E0,-6.587052155E0
7.871945571E1,1.063283890E1,8.644972687E0,-5.265300751E0
7.872948271E1,8.023315430E0,7.806566162E0,-3.509302368E0
7.873950971E1,6.056854706E0,7.049440613E0,-1.261726227E0
7.874953571E1,4.614304504E0,6.541097717E0,1.054706726E0
7.875956271E1,3.254532166E0,6.207142181E0,3.271746368E0
7.876958971E1,1.827699280E0,5.880671082E0,5.298232269E0
7.877961671E1,5.046006775E-1,5.663921814E0,6.796915741E0
7.878964271E1,-6.111790466E-1,5.448070679E0,7.498207397E0
7.879966971E1,-1.703008575E0,5.325475616E0,7.438182220E0
7.880969671E1,-2.693648529E0,5.111720123E0,6.836283875E0
7.881972371E1,-3.492686920E0,4.853058014E0,6.047574005E0
7.882974971E1,-3.798500977E0,4.870571594E0,5.207221527E0
7.883977671E1,-3.481011200E0,4.979095917E0,4.421954498E0
7.884980371E1,-2.851270752E0,5.041665802E0,3.769760742E0
7.885982971E1,-2.277962952E0,5.220244446E0,3.379971313E0
7.886985671E1,-1.742077332E0,5.511688385E0,3.245850220E0
7.887988371E1,-1.188977509E0,5.933810577E0,3.501518555E0
7.888991071E1,-2.945874023E-1,7.034621429E0,4.198618927E0
7.889993671E1,1.054107971E0,8.679700470E0,4.766987000E0
7.890996371E1,2.884351959E0,1.090452393E1,4.738246765E0
7.891999071E1,5.117408295E0,1.347512833E1,4.018543396E0
7.893001671E1,7.491621094E0,1.623763367E1,3.038381653E0
7.894004371E1,9.950857086E0,1.930954559E1,2.688110046E0
7.895007071E1,1.350491638E1,2.207055405E1,2.795137482E0
7.896009771E1,1.716480560E1,2.324411362E1,2.927911377E0
7.897012371E1,1.960233673E1,2.319995544E1,2.699187012E0
7.898015071E1,2.100656662E1,2.166414917E1,1.354832611E0
7.899017771E1,2.069012466E1,1.880374741E1,-1.009201355E0
7.900020371E1,1.828492630E1,1.584320389E1,-3.616928558E0
7.901023071E1,1.541449539E1,1.308578796E1,-5.438640289E0
7.902025771E1,1.316482361E1,1.099538498E1,-6.069727936E0
7.903028471E1,1.175879745E1,9.391769714E0,-5.541476440E0
7.904031071E1,1.081351318E1,7.627239075E0,-4.377946014E0
7.905033771E1,9.714648285E0,5.669460297E0,-3.053350525E0
7.906036471E1,8.395291901E0,3.709885254E0,-1.731898499E0
7.907039171E1,7.111411743E0,1.899549866E0,-4.914280701E-1
7.908041771E1,6.150260468E0,2.106120300E-1,6.349795532E-1
7.909044471E1,5.502707062E0,-1.269809418E0,1.559906158E0
7.910047171E1,5.104535065E0,-2.651585999E0,2.050885162E0
7.911049771E1,4.758155365E0,-3.942501526E0,2.081571350E0
7.912052471E1,4.283342743E0,-4.956642609E0,1.618135071E0
7.913055171E1,3.847449188E0,-5.799988861E0,7.954458618E-1
7.914057871E1,3.501967621E0,-6.538852386E0,-2.493814087E-1
7.915060471E1,3.198847961E0,-7.083719330E0,-1.357227631E0
7.916063171E1,2.958298187E0,-7.571554871E0,-2.399510193E0
7.917065871E1,2.564317474E0,-7.739804993E0,-3.214265900E0
7.918068571E1,1.847757568E0,-7.763755188E0,-3.849095764E0
7.919071171E1,8.761280823E-1,-7.675588531E0,-4.358486481E0
7.920073871E1,-6.197113037E-2,-7.504344635E0,-4.924609222E0
7.921076571E1,-5.010081482E-1,-7.629484406E0,-5.580395508E0
7.922079171E1,-4.120930481E-1,-7.746990051E0,-6.110143890E0
7.923081871E1,5.336402893E-1,-6.859186249E0,-6.336622925E0
7.924084571E1,2.989433441E0,-5.401367798E0,-6.523135071E0
7.925087271E1,7.196734314E0,-3.762575684E0,-7.092251587E0
7.926089871E1,1.232462082E1,-1.419498138E0,-8.742869110E0
7.927092571E1,1.636262375E1,1.200952606E0,-1.133083740E1
7.928095271E1,1.778451691E1,3.480113068E0,-1.372196503E1
7.929097871E1,1.750908966E1,5.346881104E0,-1.360386063E1
7.930100571E1,1.849134705E1,7.529492340E0,-1.007569748E1
7.931103271E1,2.161579971E1,1.010309052E1,-5.899681549E0
7.932105971E1,2.528916092E1,1.196491882E1,-3.521427155E0
7.933108571E1,2.785931625E1,1.271231461E1,-2.829416199E0
7.934111271E1,2.834041580E1,1.301693115E1,-3.260968781E0
7.935113971E1,2.665312454E1,1.359682526E1,-3.910019073E0
7.936116671E1,2.378972900E1,1.363275055E1,-3.884422302E0
7.937119271E1,2.041200302E1,1.291199936E1,-3.534749451E0
7.938121971E1,1.729249008E1,1.228061234E1,-3.644620972E0
7.939124671E1,1.490181152E1,1.168170776E1,-4.254153442E0
7.940127271E1,1.290795776E1,1.100930603E1,-5.034331055E0
7.941129971E1,1.070962921E1,1.030636780E1,-5.250331879E0
7.942132671E1,8.390651550E0,9.602381744E0,-4.345313873E0
7.943135371E1,6.309678955E0,8.784632263E0,-2.702180786E0
7.944137971E1,4.486470337E0,8.041427765E0,-8.226892090E-1
7.945140671E1,2.905158691E0,7.600893860E0,1.058149567E0
7.946143371E1,1.559906158E0,7.317084045E0,2.802921295E0
7.947145971E1,4.167333984E-1,7.016359406E0,4.180356903E0
7.948148671E1,-6.316864014E-1,6.759343872E0,5.046156464E0
7.949151371E1,-1.498234406E0,6.458768921E0,5.503455505E0
7.950154071E1,-2.147733765E0,6.187083893E0,5.702092438E0
7.951156671E1,-2.697989502E0,5.982908478E0,5.761668549E0
7.952159371E1,-3.063679047E0,5.809868317E0,5.752537537E0
7.953162071E1,-3.181783447E0,5.635630646E0,5.520220642E0
7.954164671E1,-2.874622192E0,5.434299316E0,4.951702881E0
7.955167371E1,-2.539020081E0,5.230722656E0,4.392166443E0
7.956170071E1,-2.148631897E0,5.599405975E0,4.190685425E0
7.957172783E1,-1.358874207E0,6.404431915E0,4.115841064E0
7.958175383E1,-9.580078125E-2,7.610923004E0,3.989204407E0
7.959178083E1,2.019899597E0,9.503886566E0,3.809877319E0
7.960180783E1,5.254074097E0,1.225052490E1,3.284469910E0
7.961183383E1,9.001082153E0,1.492935425E1,2.118245087E0
7.962186083E1,1.175101364E1,1.674088715E1,9.951306152E-1
7.963188783E1,1.344548996E1,1.807895462E1,1.027912445E0
7.964191483E1,1.465033447E1,1.859747635E1,1.858385468E0
7.965194083E1,1.509386215E1,1.860750549E1,2.461930389E0
7.966196783E1,1.550760178E1,1.812984879E1,1.758543091E0
7.967199483E1,1.587688385E1,1.629541351E1,1.496887207E-4
7.968202183E1,1.501213211E1,1.412627426E1,-1.899250488E0
7.969204783E1,1.316916458E1,1.241533218E1,-3.307222595E0
7.970207483E1,1.130374374E1,1.146585663E1,-3.630550232E0
7.971210183E1,1.027313690E1,1.086096451E1,-2.724334717E0
7.972212783E1,9.814191284E0,9.912237396E0,-1.103954315E0
7.973215483E1,9.098230133E0,8.403375092E0,3.462300110E-1
7.974218183E1,7.929610291E0,6.676266632E0,1.560804291E0
7.975220883E1,6.512656860E0,4.690945129E0,2.540516968E0
7.976223483E1,5.381159821E0,2.544109497E0,3.180585938E0
7.977226183E1,4.703219604E0,6.878196716E-1,3.475472717E0
7.978228883E1,4.557422791E0,-8.442443848E-1,3.386707306E0
7.979231483E1,5.029391327E0,-2.129920807E0,3.073259125E0
7.980234183E1,5.728437653E0,-3.203338623E0,2.635269928E0
7.981236883E1,6.396648102E0,-4.043092346E0,2.129172363E0
7.982239583E1,7.051685944E0,-4.791835327E0,1.651515656E0
7.983242183E1,7.523504791E0,-5.539829865E0,1.106199646E0
7.984244883E1,7.713010712E0,-6.270011444E0,3.308120728E-1
7.985247583E1,7.411687317E0,-6.722819824E0,-7.524851990E-1
7.986250183E1,6.669979706E0,-6.809639282E0,-1.920955353E0
7.987252883E1,5.758076019E0,-6.706803131E0,-3.294948120E0
7.988255583E1,4.294419708E0,-6.515051880E0,-4.887636108E0
7.989258283E1,2.604284363E0,-6.623725891E0,-6.593039703E0
7.990260883E1,1.675316162E0,-6.969057770E0,-7.822133789E0
7.991263583E1,1.859433289E0,-7.128326569E0,-7.862998810E0
7.992266283E1,3.342249756E0,-6.623576202E0,-7.008725281E0
7.993268983E1,5.661975861E0,-5.409450989E0,-6.549629974E0
7.994271583E1,8.318202209E0,-3.577111359E0,-7.550448761E0
7.995274283E1,1.110854965E1,-2.020049286E0,-9.654922485E0
7.996276983E1,1.311482758E1,-5.418731689E-1,-1.183603683E1
7.997279583E1,1.433074905E1,1.190773773E0,-1.303863602E1
7.998282283E1,1.561133606E1,3.087030487E0,-1.249451752E1
7.999284983E1,1.811473022E1,5.544021149E0,-1.043195663E1
8.000287683E1,2.167148392E1,7.611671448E0,-8.256380768E0
8.001290283E1,2.469310043E1,8.859326935E0,-7.153025208E0
8.002292983E1,2.663471283E1,9.831255798E0,-6.961273956E0
8.003295683E1,2.763732788E1,1.083177521E1,-7.249574432E0
8.004298283E1,2.719918900E1,1.165416504E1,-7.754773865E0
8.005300983E1,2.503154663E1,1.194066925E1,-8.291108551E0
8.006303683E1,2.161639847E1,1.156809402E1,-8.495433655E0
8.007306383E1,1.786804321E1,1.082234482E1,-8.231981506E0
8.008308983E1,1.456261688E1,1.008093658E1,-7.527995453E0
8.009311683E1,1.183379150E1,9.426796875E0,-6.382128296E0
8.010314383E1,9.668544159E0,8.902736664E0,-4.735252991E0
8.011316983E1,8.092920685E0,8.399932251E0,-2.818189545E0
8.012319683E1,6.900051270E0,7.919730835E0,-7.030879211E-1
8.013322383E1,5.736071777E0,7.614515533E0,1.517394562E0
8.014325083E1,4.498894501E0,7.379653931E0,3.601510620E0
8.015327683E1,3.031346283E0,7.166946259E0,5.301076355E0
8.016330383E1,1.553619232E0,6.909781036E0,6.541397095E0
8.017333083E1,4.061054993E-1,6.575077057E0,7.169191589E0
8.018335683E1,-5.852828979E-1,6.145021362E0,7.191644897E0
8.019338383E1,-1.500629425E0,5.830076294E0,6.753655701E0
8.020341083E1,-2.069446564E0,5.475763092E0,6.178102570E0
8.021343783E1,-2.249971161E0,5.267995148E0,5.656587067E0
8.022346383E1,-2.212698669E0,5.308560791E0,5.108876038E0
8.023349083E1,-2.011217651E0,5.269492035E0,4.592749329E0
8.024351783E1,-1.765877838E0,5.542374573E0,4.301754456E0
8.025354383E1,-1.706451416E0,5.938600616E0,4.169279938E0
8.026357083E1,-1.281934204E0,6.630611572E0,4.181853790E0
8.027359783E1,3.059637451E-1,7.875722351E0,4.402045898E0
8.028362483E1,2.336790619E0,9.458979950E0,4.415218506E0
8.029365083E1,4.600084076E0,1.157108780E1,4.046984253E0
8.030367783E1,6.542744293E0,1.355670868E1,3.616180115E0
8.031370483E1,8.096363525E0,1.565444641E1,3.716920624E0
8.032373083E1,9.807904358E0,1.761791336E1,4.528083801E0
8.033375783E1,1.166763702E1,1.939621536E1,6.207890625E0
8.034378483E1,1.399439850E1,2.057621155E1,7.902067566E0
8.035381183E1,1.584425171E1,2.061123871E1,8.292306061E0
8.036383783E1,1.609707596E1,1.926778244E1,6.705306244E0
8.037386483E1,1.514804947E1,1.695000229E1,3.810027008E0
8.038389183E1,1.386851028E1,1.496423172E1,1.152603149E0
8.039391783E1,1.307081909E1,1.359158615E1,-9.620494080E-1
8.040394483E1,1.239961487E1,1.223780136E1,-2.888243866E0
8.041397183E1,1.184247345E1,1.063852707E1,-4.202061768E0
8.042399883E1,1.147019760E1,8.785530396E0,-4.502487030E0
8.043402483E1,1.083297272E1,6.680158539E0,-3.924838257E0
8.044405183E1,9.418863373E0,4.644541626E0,-2.790048065E0
8.045407883E1,7.556735687E0,2.833308105E0,-1.389261017E0
8.046410483E1,5.711522827E0,1.136287079E0,3.293151855E-2
8.047413183E1,4.306394806E0,-4.728666687E-1,1.221759338E0
8.048415883E1,3.585194550E0,-1.682501221E0,1.970053253E0
8.049418583E1,3.720962219E0,-2.649789734E0,2.114802246E0
8.050421183E1,4.488416290E0,-3.696413269E0,1.824106750E0
8.051423883E1,5.348377991E0,-4.570595398E0,1.261726227E0
8.052426583E1,5.941744080E0,-5.327122192E0,4.954696655E-1
8.053429183E1,5.817053375E0,-5.922733612E0,-4.516108704E-1
8.054431883E1,5.208119659E0,-6.326444092E0,-1.536105652E0
8.055434583E1,4.287084961E0,-6.557264099E0,-2.946023712E0
8.056437283E1,3.345393219E0,-6.405629425E0,-4.637506256E0
8.057439912E1,2.343376923E0,-6.099366302E0,-6.209986267E0
8.058442613E1,1.229543152E0,-6.003266144E0,-7.386988678E0
8.059445312E1,2.395019531E-1,-6.155499573E0,-8.019124146E0
8.060447913E1,-6.182144165E-2,-6.358028412E0,-8.146060181E0
8.061450612E1,1.315015411E0,-6.054459686E0,-7.668553162E0
8.062453312E1,5.007536774E0,-4.836143188E0,-7.088509369E0
8.063456012E1,9.919422455E0,-2.765948181E0,-7.352859650E0
8.064458612E1,1.453372696E1,-2.050735474E-2,-8.311915283E0
8.065461312E1,1.699416046E1,2.399510193E0,-9.148525543E0
8.066464013E1,1.718411545E1,4.603227539E0,-8.939709778E0
8.067466612E1,1.740655289E1,7.026687927E0,-6.991511078E0
8.068469313E1,1.932466415E1,9.633067932E0,-3.764072571E0
8.069472013E1,2.257769943E1,1.193587921E1,-5.231620789E-1
8.070474712E1,2.529380127E1,1.335567673E1,1.532213745E0
8.071477313E1,2.603281448E1,1.435649551E1,2.208357697E0
8.072480012E1,2.500894363E1,1.539398804E1,2.038910065E0
8.073482712E1,2.283935532E1,1.600905899E1,1.269510040E0
8.074485312E1,2.006367737E1,1.588002731E1,2.281256104E-1
8.075488012E1,1.737466919E1,1.545281570E1,-8.628057861E-1
8.076490712E1,1.489522522E1,1.473026825E1,-1.994003448E0
8.077493413E1,1.248164429E1,1.359682526E1,-2.873424683E0
8.078496012E1,9.914931793E0,1.234018845E1,-2.949017487E0
8.079498713E1,7.432194672E0,1.137020554E1,-2.103276215E0
8.080501412E1,5.448519745E0,1.065259781E1,-8.476872253E-1
8.081504013E1,4.007765808E0,9.991722107E0,6.209088135E-1
8.082506712E1,2.917882233E0,9.405690765E0,2.321672058E0
8.083509412E1,1.874102783E0,8.882229309E0,3.974085846E0
8.084512112E1,6.527925110E-1,8.360115051E0,5.322032776E0
8.085514712E1,-6.388714600E-1,8.010891266E0,6.251599731E0
8.086517412E1,-1.542691956E0,7.761360168E0,6.698570251E0
8.087520113E1,-2.062560883E0,7.483986969E0,6.526278534E0
8.088522712E1,-2.544408875E0,7.261100464E0,5.850883026E0
8.089525413E1,-3.112477570E0,6.996001740E0,4.861889648E0
8.090528113E1,-3.510948944E0,6.824608154E0,3.904779968E0
8.091530713E1,-3.724105682E0,6.704108734E0,3.209924927E0
8.092533413E1,-3.706292725E0,6.655908966E0,2.719694366E0
8.093536112E1,-3.337908783E0,6.845115509E0,2.341580658E0
8.094538812E1,-2.576891327E0,7.338489532E0,2.119891663E0
8.095541412E1,-1.314566345E0,8.153843994E0,2.225571899E0
8.096544112E1,-3.906875610E-2,9.193731537E0,2.601440277E0
8.097546812E1,1.730850677E0,1.091769653E1,3.200045471E0
8.098549412E1,4.487967224E0,1.309027863E1,3.675157471E0
8.099552112E1,7.104526062E0,1.525328064E1,3.650009766E0
8.100554813E1,8.879385223E0,1.709160782E1,3.336561584E0
8.101557512E1,1.052566177E1,1.862217499E1,3.286116486E0
8.102560113E1,1.226025467E1,1.962284409E1,3.775299225E0
8.103562812E1,1.362601456E1,2.006322830E1,4.011957092E0
8.104565512E1,1.461830109E1,1.935370377E1,2.921325073E0
8.105568112E1,1.507230698E1,1.752136414E1,7.840695190E-1
8.106570812E1,1.449196381E1,1.540970535E1,-1.430275726E0
8.107573512E1,1.312350952E1,1.388542511E1,-3.068469086E0
8.108576213E1,1.174921738E1,1.280991165E1,-3.738775177E0
8.109578812E1,1.075184143E1,1.162317947E1,-3.324586487E0
8.110581513E1,1.003543121E1,1.011132339E1,-2.224973145E0
8.111584213E1,9.204060059E0,8.292156372E0,-1.050365753E0
8.112586813E1,8.093070374E0,6.327342224E0,3.472778320E-2
8.113589513E1,6.786437531E0,4.465962982E0,9.776170349E-1
8.114592212E1,5.679639130E0,2.614762573E0,1.664388885E0
8.115594813E1,5.089715881E0,7.592211914E-1,2.031575317E0
8.116597512E1,5.015021210E0,-8.921447754E-1,2.090552673E0
8.117600212E1,5.203329620E0,-2.322570190E0,1.845362549E0
8.118602912E1,5.374423828E0,-3.550915833E0,1.360670471E0
8.119605512E1,5.450914764E0,-4.576732635E0,6.730004883E-1
8.120608212E1,5.386249237E0,-5.566773834E0,-1.281335449E-1
8.121610913E1,4.983736267E0,-6.191424866E0,-9.153465271E-1
8.122613512E1,4.433779907E0,-6.703659668E0,-1.691332855E0
8.123616213E1,3.800297241E0,-7.317982178E0,-2.552641754E0
8.124618912E1,3.024610291E0,-7.350614319E0,-3.599265289E0
8.125621612E1,2.551743622E0,-7.040010223E0,-4.783602448E0
8.126624212E1,2.138752441E0,-7.032974854E0,-5.895939331E0
8.127626912E1,1.356928253E0,-7.130721588E0,-6.654711456E0
8.128629612E1,1.053958282E0,-7.005132751E0,-6.893464966E0
8.129632212E1,1.789828033E0,-6.713688812E0,-6.558611298E0
8.130634912E1,3.534450073E0,-5.602848816E0,-5.988746338E0
8.131637613E1,7.085515594E0,-3.541485443E0,-6.147865448E0
8.132640212E1,1.190609116E1,-1.248703308E0,-7.471113739E0
8.133642913E1,1.547751434E1,7.685018921E-1,-9.291178894E0
8.134645613E1,1.632939285E1,2.548749847E0,-1.057969940E1
8.135648312E1,1.582389404E1,3.839815063E0,-1.046758255E1
8.136650913E1,1.613300125E1,5.355263672E0,-8.531957703E0
8.137653612E1,1.805515411E1,7.267088013E0,-5.694009247E0
8.138656312E1,2.067710175E1,8.992549896E0,-3.221900024E0
8.139658912E1,2.330563568E1,1.009455826E1,-1.735341339E0
8.140661612E1,2.517060745E1,1.087892715E1,-1.227297821E0
8.141664312E1,2.557177322E1,1.173769135E1,-1.462758179E0
8.142667013E1,2.496837799E1,1.236803055E1,-2.288291473E0
8.143669612E1,2.372416534E1,1.246368164E1,-3.574566650E0
8.144672313E1,2.160442337E1,1.242251724E1,-4.939428406E0
8.145675012E1,1.879102386E1,1.222702377E1,-6.209237823E0
8.146677613E1,1.575264221E1,1.165820663E1,-6.992558899E0
8.147680312E1,1.287068527E1,1.090886490E1,-6.840026093E0
8.148683012E1,1.047611481E1,1.019425095E1,-5.906567230E0
8.149685612E1,8.451724548E0,9.627080383E0,-4.551435242E0
8.150688312E1,6.743925934E0,9.025780792E0,-3.010389862E0
8.151691012E1,5.317392426E0,8.450976105E0,-1.434766388E0
8.152693713E1,4.155209198E0,8.064479828E0,3.107537842E-1
8.153696312E1,3.083437958E0,7.585176544E0,1.948498077E0
8.154699013E1,2.076631622E0,7.064259796E0,3.337160339E0
8.155701713E1,1.009800110E0,6.748416595E0,4.413571930E0
8.156704313E1,-1.377136230E-2,6.478976898E0,5.070555725E0
8.157706987E1,-1.139580231E0,6.082451477E0,5.201832733E0
8.158709687E1,-2.422262878E0,5.824388123E0,4.885540466E0
8.159712387E1,-3.243754578E0,5.605842590E0,4.308041382E0
8.160714987E1,-3.247945862E0,5.484594727E0,3.875740356E0
8.161717687E1,-2.974614258E0,5.539680176E0,3.494932251E0
8.162720388E1,-2.793640594E0,5.734724579E0,3.164120178E0
8.163722987E1,-2.257156219E0,6.254892883E0,3.018772430E0
8.164725688E1,-1.028361511E0,7.257807312E0,3.029250641E0
8.165728387E1,8.922944641E-1,8.481961670E0,2.958597565E0
8.166730988E1,3.039728851E0,1.024379791E1,2.557581482E0
8.167733688E1,5.227579193E0,1.253672974E1,1.773212585E0
8.168736387E1,7.628885651E0,1.481289642E1,7.018904114E-1
8.169739087E1,9.712103577E0,1.661155609E1,-1.678010559E-1
8.170741687E1,1.090691895E1,1.826097610E1,-4.685256958E-2
8.171744387E1,1.221175552E1,1.979304016E1,1.116827545E0
8.172747088E1,1.352362747E1,2.007475433E1,2.484234009E0
8.173749687E1,1.428644119E1,1.965742218E1,3.294049988E0
8.174752388E1,1.463656311E1,1.876108612E1,2.429298248E0
8.175755088E1,1.454255859E1,1.695584015E1,1.059796143E-1
8.176757687E1,1.373513763E1,1.485166580E1,-1.945055237E0
8.177760388E1,1.256457184E1,1.336959778E1,-2.946622467E0
8.178763087E1,1.175131302E1,1.239901611E1,-2.631976776E0
8.179765787E1,1.116049164E1,1.111259125E1,-1.335223389E0
8.180768387E1,1.020353165E1,9.290131073E0,1.672023010E-1
8.181771087E1,8.852590942E0,7.222929840E0,1.535656586E0
8.182773787E1,7.297923889E0,5.081333313E0,2.765648804E0
8.183776387E1,5.838309174E0,3.051254883E0,3.632795563E0
8.184779087E1,4.728367310E0,1.151555328E0,3.891457672E0
8.185781788E1,4.072281647E0,-6.547384644E-1,3.505410461E0
8.186784387E1,3.753594360E0,-2.282902679E0,2.792443085E0
8.187787088E1,3.831432495E0,-3.552861786E0,2.015858002E0
8.188789787E1,4.268972626E0,-4.603227539E0,1.291214905E0
8.189792487E1,4.786147156E0,-5.503455505E0,6.095324707E-1
8.190795088E1,5.381010132E0,-6.398294678E0,-5.074447632E-2
8.191797787E1,5.794300690E0,-6.999294891E0,-6.700067139E-1
8.192800487E1,6.069578247E0,-7.227719879E0,-1.417701874E0
8.193803087E1,6.177354126E0,-7.085964661E0,-2.466570740E0
8.194805787E1,5.526657257E0,-6.803951111E0,-3.779640198E0
8.195808488E1,4.187092896E0,-6.656208344E0,-5.160818024E0
8.196811087E1,2.733914795E0,-6.680158539E0,-5.952671356E0
8.197813787E1,2.147434387E0,-6.543343048E0,-6.086642761E0
8.198816488E1,2.543211365E0,-5.928870850E0,-5.882167969E0
8.199819187E1,3.729494476E0,-4.811743927E0,-5.817502441E0
8.200821788E1,5.649551697E0,-3.264710999E0,-6.274202728E0
8.201824487E1,8.345146179E0,-1.109193420E0,-7.209457855E0
8.202827187E1,1.132245483E1,1.279988251E0,-8.702303467E0
8.203829787E1,1.395577881E1,4.000580750E0,-1.043539948E1
8.204832487E1,1.575997696E1,6.487209778E0,-1.192315567E1
8.205835187E1,1.626487701E1,8.720266113E0,-1.245335312E1
8.206837787E1,1.700463867E1,1.085722229E1,-1.115944382E1
8.207840487E1,1.916659286E1,1.254331604E1,-8.526119843E0
8.208843188E1,2.179767151E1,1.314970505E1,-6.113437042E0
8.209845887E1,2.355052643E1,1.323697357E1,-4.024231567E0
8.210848488E1,2.395274002E1,1.346045883E1,-1.830693054E0
8.211851187E1,2.312136887E1,1.398856064E1,3.200344849E-1
8.212853887E1,2.153002808E1,1.416773804E1,1.972448273E0
8.213856488E1,1.905567352E1,1.382480118E1,2.457439728E0
8.214859187E1,1.540940598E1,1.327858704E1,1.494791565E0
8.215861887E1,1.175026520E1,1.264151184E1,-2.409988403E-1
8.216864487E1,8.821605377E0,1.198273178E1,-1.604214020E0
8.217867187E1,6.715185699E0,1.132455048E1,-2.061063995E0
8.218869888E1,5.623056793E0,1.058044785E1,-1.428928528E0
8.219872588E1,5.043911133E0,9.839488678E0,-1.125659180E-1
8.220875187E1,4.132456512E0,9.161698151E0,1.042132874E0
8.221877888E1,2.909200287E0,8.494834900E0,2.075434113E0
8.222880587E1,1.680405579E0,7.803572388E0,3.182681580E0
8.223883188E1,4.342469788E-1,7.180867310E0,4.044140167E0
8.224885887E1,-8.241860962E-1,6.594386902E0,4.652026062E0
8.225888587E1,-1.906435547E0,6.223907318E0,5.109175415E0
8.226891187E1,-2.553689575E0,6.157744904E0,5.325475616E0
8.227893887E1,-2.859653320E0,6.294261017E0,5.103936310E0
8.228896587E1,-2.961890717E0,6.391259308E0,4.455784149E0
8.229899288E1,-2.833457794E0,6.446045380E0,3.760629730E0
8.230901887E1,-2.678679657E0,6.552024994E0,3.265908508E0
8.231904588E1,-2.673739929E0,6.641987915E0,3.056194611E0
8.232907287E1,-2.706671448E0,6.840924225E0,3.239862671E0
8.233909888E1,-2.566862183E0,7.745493164E0,3.843557281E0
8.234912588E1,-1.820214844E0,9.079519043E0,4.501888275E0
8.235915287E1,-3.652404785E-2,1.079629898E1,4.812192993E0
8.236917888E1,2.716850281E0,1.331002167E1,4.641398163E0
8.237920587E1,6.339616699E0,1.616323837E1,3.624113617E0
8.238923287E1,9.697583771E0,1.883143982E1,1.913321228E0
8.239925887E1,1.112411728E1,2.110581024E1,7.845185852E-1
8.240928587E1,1.198392929E1,2.300431229E1,1.017733612E0
8.241931288E1,1.368648880E1,2.421918594E1,1.875749359E0
8.242933988E1,1.579515381E1,2.400123917E1,2.465073853E0
8.243936587E1,1.716735031E1,2.230227219E1,2.085463257E0
8.244939288E1,1.736643631E1,2.034374496E1,3.504212952E-1
8.245941987E1,1.670526123E1,1.811248489E1,-1.375639343E0
8.246944588E1,1.540057434E1,1.563708252E1,-2.048340454E0
8.247947287E1,1.408166702E1,1.370519989E1,-1.465003510E0
8.248949987E1,1.341974350E1,1.186103485E1,2.013313293E-1
8.249952587E1,1.287891815E1,9.371711426E0,1.829645233E0
8.250955287E1,1.198542618E1,6.613397369E0,2.893932037E0
8.251957987E1,1.022254211E1,3.920497284E0,3.345093842E0
8.252960587E1,8.012837219E0,1.554068298E0,3.325185242E0
8.253963287E1,6.090235291E0,-5.264552307E-1,2.943928070E0
8.254965988E1,4.832550659E0,-2.431842957E0,2.475102997E0
8.255968687E1,3.957919464E0,-4.086502075E0,2.028431854E0
8.256971288E1,3.171454926E0,-5.389542389E0,1.534309387E0
8.257973933E1,2.508333893E0,-6.311175842E0,1.013392639E0
8.258976633E1,2.035616913E0,-7.016209717E0,4.448748779E-1
8.259979233E1,1.806892548E0,-7.714058533E0,-1.673519897E-1
8.260981933E1,1.790277100E0,-8.191864929E0,-5.486091614E-1
8.261984633E1,2.105072479E0,-8.418643341E0,-7.162605286E-1
8.262987233E1,2.829266510E0,-8.483159180E0,-9.072633362E-1
8.263989933E1,3.640279999E0,-8.441246338E0,-1.367556152E0
8.264992633E1,3.951931915E0,-8.126151581E0,-2.312840424E0
8.265995333E1,3.605103149E0,-7.821085968E0,-3.664230194E0
8.266997933E1,2.778372345E0,-7.760611725E0,-5.111720123E0
8.268000633E1,1.895657959E0,-7.502548370E0,-6.361022186E0
8.269003333E1,2.365830231E0,-7.035220184E0,-6.897356873E0
8.270005933E1,4.152814178E0,-6.009104004E0,-6.660549316E0
8.271008633E1,6.258635101E0,-4.375101929E0,-6.439159698E0
8.272011333E1,8.187973022E0,-2.352358246E0,-6.740034027E0
8.273013933E1,1.054302567E1,-6.421646118E-2,-7.615114288E0
8.274016633E1,1.396266449E1,2.402503967E0,-9.097182312E0
8.275019333E1,1.731224899E1,5.105133820E0,-1.089733887E1
8.276022033E1,2.032802765E1,8.165370026E0,-1.197988770E1
8.277024633E1,2.345008530E1,1.087264023E1,-1.139580231E1
8.278027333E1,2.658262115E1,1.312545547E1,-9.761650543E0
8.279030033E1,2.904036026E1,1.434586761E1,-8.668773193E0
8.280032633E1,3.025673080E1,1.512335083E1,-8.371042328E0
8.281035333E1,3.001079224E1,1.549951859E1,-8.585695953E0
8.282038033E1,2.809462692E1,1.538425827E1,-8.717272339E0
8.283040633E1,2.506432846E1,1.469913300E1,-8.596024475E0
8.284043333E1,2.114727402E1,1.381058075E1,-8.513246613E0
8.285046033E1,1.695374451E1,1.273162445E1,-7.961943054E0
8.286048633E1,1.348964813E1,1.150672165E1,-6.852300568E0
8.287051333E1,1.078118042E1,1.046443909E1,-5.332361298E0
8.288054033E1,8.640781403E0,9.619146881E0,-3.596421204E0
8.289056633E1,7.054230652E0,8.948691101E0,-1.814376984E0
8.290059333E1,5.721701660E0,8.434210968E0,-7.679031372E-2
8.291062033E1,4.387226715E0,8.009394379E0,1.713337097E0
8.292064733E1,3.060236206E0,7.680228882E0,3.755540314E0
8.293067333E1,1.579964447E0,7.426506500E0,5.740113373E0
8.294070033E1,1.158590698E-1,7.320975952E0,7.424859924E0
8.295072733E1,-1.044228516E0,7.293732605E0,8.417894897E0
8.296075333E1,-2.010319519E0,7.259902954E0,8.484207001E0
8.297078033E1,-2.852318573E0,7.278614044E0,7.723937988E0
8.298080733E1,-3.146905975E0,7.226073303E0,6.395001526E0
8.299083333E1,-2.787054291E0,7.217690735E0,4.946463776E0
8.300086033E1,-2.530936890E0,7.059170380E0,3.908821564E0
8.301088733E1,-2.719544678E0,6.679859161E0,3.524869995E0
8.302091333E1,-2.561323700E0,6.472240906E0,3.681743774E0
8.303094033E1,-1.733844452E0,6.668782196E0,4.211043091E0
8.304096733E1,-4.733157349E-1,7.250622253E0,4.617897034E0
8.305099433E1,1.146166534E0,8.066575470E0,4.434528351E0
8.306102033E1,3.418291626E0,9.350006561E0,3.591780853E0
8.307104733E1,5.627996521E0,1.069331314E1,2.452200623E0
8.308107433E1,7.079528046E0,1.210248276E1,1.560504913E0
8.309110033E1,8.008346558E0,1.351270020E1,1.539997559E0
8.310112733E1,8.802894287E0,1.488639359E1,2.565664673E0
8.311115433E1,9.745933228E0,1.625215347E1,3.717818756E0
8.312118033E1,1.126093277E1,1.699984863E1,4.173620911E0
8.313120733E1,1.270004013E1,1.767240005E1,3.849544830E0
8.314123433E1,1.420171738E1,1.797207687E1,2.167792053E0
8.315126033E1,1.554577240E1,1.730790802E1,-4.983137512E-1
8.316128733E1,1.639795029E1,1.617341721E1,-2.930456085E0
8.317131433E1,1.703263046E1,1.518412445E1,-4.322710876E0
8.318134033E1,1.762165558E1,1.428748901E1,-4.506828003E0
8.319136733E1,1.776086609E1,1.302561310E1,-3.621718597E0
8.320139433E1,1.653775955E1,1.121408020E1,-2.105222168E0
8.321142133E1,1.418135971E1,8.895252228E0,-4.543052673E-1
8.322144733E1,1.124132355E1,6.547234955E0,1.139430542E0
8.323147433E1,8.429271240E0,4.439168701E0,2.623444519E0
8.324150133E1,6.387966156E0,2.453248444E0,3.611240387E0
8.325152733E1,5.200485535E0,5.388793945E-1,3.904630280E0
8.326155433E1,4.491110687E0,-1.330133972E0,3.641926575E0
8.327158133E1,4.021237793E0,-2.976111145E0,3.074306946E0
8.328160733E1,3.802841949E0,-4.253255310E0,2.329755249E0
8.329163433E1,3.820954285E0,-5.297334137E0,1.473835144E0
8.330166133E1,4.086801453E0,-6.368506622E0,4.429289246E-1
8.331168733E1,4.486021271E0,-7.411837006E0,-8.517288208E-1
8.332171433E1,5.009183350E0,-8.154293060E0,-2.312541046E0
8.333174133E1,5.510490875E0,-8.337961121E0,-3.990401917E0
8.334176833E1,5.321583710E0,-8.027955780E0,-6.052064667E0
8.335179433E1,4.067940674E0,-7.682773590E0,-7.879314880E0
8.336182133E1,2.305056610E0,-7.470215607E0,-9.208999786E0
8.337184833E1,9.806108093E-1,-7.192992096E0,-9.719737701E0
8.338187433E1,4.143383789E-1,-7.122039642E0,-9.498946838E0
8.339190133E1,7.295828247E-1,-7.202572174E0,-8.828940125E0
8.340192833E1,2.632126465E0,-6.400689697E0,-8.065527649E0
8.341195433E1,5.439688110E0,-4.895270233E0,-7.804021454E0
8.342198133E1,8.414152679E0,-2.949167175E0,-8.456514587E0
8.343200833E1,1.129401398E1,-6.885681152E-1,-9.805958405E0
8.344203433E1,1.303085220E1,1.762135620E0,-1.128518234E1
8.345206133E1,1.404499329E1,4.136947174E0,-1.143891266E1
8.346208833E1,1.589080490E1,6.396648102E0,-9.986932068E0
8.347211433E1,1.904040527E1,8.540190582E0,-7.864645386E0
8.348214133E1,2.246124161E1,1.027762756E1,-6.318061523E0
8.349216833E1,2.525069092E1,1.140089172E1,-5.665568390E0
8.350219533E1,2.698393661E1,1.232551895E1,-5.458099823E0
8.351222133E1,2.704560837E1,1.330403412E1,-5.501060486E0
8.352224833E1,2.555530746E1,1.367406464E1,-5.529201965E0
8.353227533E1,2.278905991E1,1.330882416E1,-5.387746124E0
8.354230133E1,1.939082657E1,1.272922943E1,-5.263654175E0
8.355232833E1,1.618299728E1,1.220277420E1,-5.141508179E0
8.356235533E1,1.341824661E1,1.164892593E1,-4.826712799E0
8.357238196E1,1.118159775E1,1.115270782E1,-4.018992462E0
8.358240896E1,9.487720184E0,1.063164139E1,-2.721939697E0
8.359243596E1,8.078400879E0,1.003992188E1,-1.238374786E0
8.360246196E1,6.535259857E0,9.383387146E0,9.490264893E-2
8.361248896E1,4.758005676E0,8.755742340E0,1.296154633E0
8.362251596E1,3.037932587E0,8.096662903E0,2.490670624E0
8.363254196E1,1.546733551E0,7.547454987E0,3.687132568E0
8.364256896E1,2.749781799E-1,7.195686493E0,4.746329956E0
8.365259596E1,-5.893244934E-1,7.024143219E0,5.456453247E0
8.366262296E1,-1.233285370E0,6.938820648E0,5.705984344E0
8.367264896E1,-1.853745117E0,6.800957336E0,5.535039825E0
8.368267596E1,-2.202968903E0,6.581513672E0,5.084476776E0
8.369270296E1,-2.218835907E0,6.374494171E0,4.487817535E0
8.370272896E1,-2.254761200E0,6.119873657E0,3.803889771E0
8.371275596E1,-2.261796570E0,5.864953766E0,3.033441925E0
8.372278296E1,-1.751807098E0,5.937552795E0,2.373164978E0
8.373280896E1,-8.997789001E-1,6.382277985E0,2.110760651E0
8.374283596E1,1.787283325E-1,7.388784943E0,2.343676300E0
8.375286296E1,2.028581543E0,9.329798584E0,2.564167786E0
8.376288896E1,4.408033447E0,1.187884781E1,2.160606995E0
8.377291596E1,7.021748199E0,1.443448334E1,1.017733612E0
8.378294296E1,9.496551819E0,1.655467438E1,-5.020559692E-1
8.379296896E1,1.153935379E1,1.801039719E1,-1.599423981E0
8.380299596E1,1.345776443E1,1.897768570E1,-1.565444641E0
8.381302296E1,1.508263550E1,1.949740494E1,-4.522096252E-1
8.382304896E1,1.607417358E1,1.930041458E1,3.195854187E-1
8.383307596E1,1.637684418E1,1.792387711E1,-4.703219604E-1
8.384310296E1,1.573632614E1,1.586939941E1,-2.204166412E0
8.385312996E1,1.469823486E1,1.376776978E1,-3.632945251E0
8.386315596E1,1.354488327E1,1.199440750E1,-4.179758148E0
8.387318296E1,1.241099121E1,1.079614929E1,-3.939507751E0
8.388320996E1,1.170670578E1,9.481882324E0,-2.901566162E0
8.389323596E1,1.104283630E1,7.654931488E0,-1.431922302E0
8.390326296E1,9.711355133E0,5.542673950E0,3.367996216E-2
8.391328996E1,7.882158966E0,3.410358124E0,1.288670197E0
8.392331596E1,6.017187195E0,1.406624908E0,2.379900970E0
8.393334296E1,4.791835327E0,-5.090913391E-1,3.082390137E0
8.394336996E1,4.340224457E0,-2.356250153E0,3.357817383E0
8.395339596E1,4.478686523E0,-3.827241211E0,3.304528198E0
8.396342296E1,4.943020935E0,-4.976700897E0,2.943179626E0
8.397344996E1,5.300926666E0,-5.852080536E0,2.286345520E0
8.398347596E1,5.255121918E0,-6.657405853E0,1.465153198E0
8.399350296E1,4.904101868E0,-7.456144867E0,6.194119263E-1
8.400352996E1,4.087998962E0,-8.019872589E0,-3.279679871E-1
8.401355596E1,2.740950165E0,-8.192313995E0,-1.718127136E0
8.402358296E1,1.256337433E0,-7.927963715E0,-3.212769012E0
8.403360996E1,-2.580633545E-1,-7.597600708E0,-4.649181976E0
8.404363696E1,-1.092877350E0,-7.494764557E0,-5.897286530E0
8.405366296E1,-8.461903381E-1,-7.369175720E0,-6.610553284E0
8.406368996E1,7.170089722E-2,-7.137906647E0,-6.896159363E0
8.407371696E1,1.357676697E0,-6.910978546E0,-7.033723297E0
8.408374296E1,3.312012634E0,-6.640940094E0,-6.880292358E0
8.409376996E1,6.444997559E0,-5.840404816E0,-6.228996735E0
8.410379696E1,9.772577820E0,-4.416715393E0,-6.471342773E0
8.411382296E1,1.368424347E1,-2.686463470E0,-7.926616516E0
8.412384996E1,1.627071487E1,-9.253756714E-1,-9.509425049E0
8.413387696E1,1.638223297E1,2.902464294E-1,-1.052596115E1
8.414390296E1,1.686168594E1,7.267387390E-1,-9.906848602E0
8.415392996E1,1.899819305E1,1.541494446E0,-7.633226624E0
8.416395696E1,2.322151062E1,3.048261108E0,-4.634961548E0
8.417398296E1,2.808220276E1,4.512815552E0,-2.166594543E0
8.418400996E1,3.076028366E1,5.500312042E0,-1.194066925E0
8.419403696E1,3.077435440E1,6.585106201E0,-1.919757843E0
8.420406296E1,2.889291687E1,7.551346893E0,-3.760030975E0
8.421408996E1,2.637844574E1,7.974666595E0,-5.636528778E0
8.422411696E1,2.365695511E1,8.121810608E0,-6.812333679E0
8.423414296E1,2.089325226E1,8.293503571E0,-7.126679993E0
8.424416996E1,1.844000381E1,8.516090698E0,-6.641389160E0
8.425419696E1,1.624377090E1,8.628955994E0,-5.833668823E0
8.426422296E1,1.379291748E1,8.666527863E0,-4.938230896E0
8.427424996E1,1.126497437E1,8.623118134E0,-3.756588135E0
8.428427696E1,8.941805420E0,8.340805206E0,-2.251468048E0
8.429430396E1,6.937623138E0,8.250991974E0,-6.512956238E-1
8.430432996E1,5.312003632E0,8.358468475E0,8.050259399E-1
8.431435696E1,4.020489349E0,8.485703888E0,2.069147186E0
8.432438396E1,2.978206787E0,8.612939301E0,3.067570953E0
8.433440996E1,2.059118042E0,8.753047943E0,3.805386658E0
8.434443696E1,1.221609650E0,8.845405884E0,4.228706360E0
8.435446396E1,5.722599792E-1,8.727301483E0,4.436474304E0
8.436448996E1,1.872605896E-1,8.286318512E0,4.453239441E0
8.437451696E1,-2.082170105E-1,7.728278961E0,4.268822937E0
8.438454396E1,-5.388793945E-1,7.265142059E0,4.013453979E0
8.439456996E1,-7.764353943E-1,6.721472626E0,3.784879303E0
8.440459696E1,-7.908055115E-1,6.172863464E0,3.545077972E0
8.441462396E1,-4.903802490E-1,5.988446960E0,3.584446106E0
8.442464996E1,1.842668152E-1,6.287974091E0,3.751199341E0
8.443467696E1,1.431922302E0,6.787185974E0,3.976480865E0
8.444470396E1,2.994672546E0,7.412286072E0,4.094734955E0
8.445472996E1,4.446653137E0,8.594527588E0,4.039649506E0
8.446475696E1,5.881269836E0,1.033705399E1,3.648063812E0
8.447478396E1,7.580536194E0,1.183918030E1,2.971770172E0
8.448480996E1,9.078321533E0,1.302381683E1,2.625989227E0
8.449483696E1,1.090287735E1,1.425560532E1,2.693947906E0
8.450486396E1,1.332005081E1,1.517783752E1,2.650089111E0
8.451489096E1,1.539533524E1,1.523816208E1,2.031874695E0
8.452491696E1,1.595966171E1,1.441337723E1,8.922944641E-1
8.453494396E1,1.544563065E1,1.313772995E1,-2.318678284E-1
8.454497096E1,1.451531525E1,1.168559967E1,-9.373507690E-1
8.455499696E1,1.354623047E1,1.082339264E1,-1.314566345E0
8.456502396E1,1.239198074E1,1.032373169E1,-1.492695923E0
8.457505063E1,1.125180176E1,9.487570496E0,-1.210532684E0
8.458507662E1,1.052880524E1,8.401129761E0,-5.589376831E-1
8.459510363E1,1.004366409E1,7.008575592E0,1.630110168E-1
8.460513063E1,8.979526978E0,5.320386200E0,8.214916992E-1
8.461515663E1,7.437583466E0,3.436703339E0,1.438059540E0
8.462518363E1,6.220614166E0,1.660347290E0,1.827848969E0
8.463521062E1,5.845045166E0,2.170486450E-2,1.862726440E0
8.464523663E1,5.989943848E0,-1.588047638E0,1.585951996E0
8.465526362E1,6.390810242E0,-2.984942780E0,1.046773224E0
8.466529062E1,6.777306519E0,-4.131109314E0,2.823129272E-1
8.467531662E1,6.886279907E0,-4.849914551E0,-5.746549988E-1
8.468534362E1,6.668931885E0,-5.271437988E0,-1.369801483E0
8.469537062E1,6.029461670E0,-5.615272980E0,-2.187401276E0
8.470539662E1,5.247637482E0,-6.069278870E0,-3.086581421E0
8.471542362E1,4.422852631E0,-6.442303162E0,-4.264781342E0
8.472545063E1,3.346740417E0,-6.444099426E0,-5.580096130E0
8.473547662E1,2.167492676E0,-6.241570587E0,-6.586453400E0
8.474550363E1,1.414708099E0,-5.957012329E0,-7.279212799E0
8.475553062E1,1.373992767E0,-5.777385864E0,-7.740553436E0
8.476555663E1,2.268233185E0,-5.500611420E0,-8.225993958E0
8.477558362E1,4.034410400E0,-5.228627014E0,-8.863518219E0
8.478561062E1,5.592669983E0,-5.054089966E0,-9.175918579E0
8.479563762E1,6.090534668E0,-4.812043304E0,-8.760083313E0
8.480566362E1,6.856491852E0,-3.804488525E0,-8.049660645E0
8.481569062E1,8.100554810E0,-2.418520660E0,-7.687264252E0
8.482571763E1,9.219477997E0,-1.350491638E0,-8.006250916E0
8.483574362E1,1.098760117E1,-3.053649902E-2,-8.409212952E0
8.484577063E1,1.418869446E1,2.184557190E0,-8.214018860E0
8.485579763E1,1.817101318E1,4.669689331E0,-7.830067291E0
8.486582363E1,2.143332916E1,6.144422607E0,-8.357270966E0
8.487585063E1,2.287423279E1,6.618337097E0,-9.567803650E0
8.488587762E1,2.297033295E1,7.261699219E0,-1.069675598E1
8.489590363E1,2.302017929E1,8.209827576E0,-1.160042679E1
8.490593062E1,2.304338104E1,8.864865417E0,-1.259810211E1
8.491595762E1,2.236603958E1,9.073830872E0,-1.355057144E1
8.492598362E1,2.052846085E1,9.241033173E0,-1.408391235E1
8.493601062E1,1.808194839E1,9.406738586E0,-1.378752869E1
8.494603762E1,1.559861252E1,9.374256134E0,-1.247401016E1
8.495606362E1,1.334909042E1,9.340276794E0,-1.045860123E1
8.496609062E1,1.129221771E1,9.259295197E0,-8.377029877E0
8.497611763E1,9.481433258E0,9.046587524E0,-6.362070007E0
8.498614362E1,7.988288269E0,8.896300049E0,-4.314927063E0
8.499617063E1,6.759194183E0,8.813971252E0,-2.325563965E0
8.500619762E1,5.459147644E0,8.696914673E0,-5.263055420E-1
8.501622363E1,4.174069977E0,8.543334045E0,9.422904968E-1
8.502625063E1,2.984493713E0,8.361013184E0,2.088906097E0
8.503627762E1,1.974543915E0,8.323890381E0,2.875071259E0
8.504630363E1,1.272204437E0,8.285570068E0,3.386407928E0
8.505633062E1,6.012995911E-1,8.175698547E0,3.696263580E0
8.506635762E1,2.544708252E-3,8.022866364E0,3.674558716E0
8.507638362E1,-4.852908325E-1,7.692054291E0,3.252735901E0
8.508641062E1,-7.671546936E-1,7.252119141E0,2.731819153E0
8.509643762E1,-7.295828247E-1,6.948400726E0,2.457888794E0
8.510646362E1,-5.312452698E-1,6.689888306E0,2.441872101E0
8.511649062E1,-1.053808594E-1,6.833739166E0,2.731220398E0
8.512651763E1,1.237776031E0,7.819140015E0,3.197500763E0
8.513654462E1,3.101849670E0,8.962013397E0,3.472478943E0
8.514657063E1,5.021906891E0,1.023781036E1,3.222798157E0
8.515659762E1,6.782096558E0,1.159728333E1,2.484383698E0
8.516662363E1,8.595575409E0,1.295600784E1,1.603914642E0
8.517665062E1,1.002180954E1,1.399858978E1,1.120120697E0
8.518667762E1,1.124746078E1,1.458566895E1,9.791139221E-1
8.519670362E1,1.239961487E1,1.463611404E1,1.188528442E0
8.520673062E1,1.304731796E1,1.431997147E1,1.554517365E0
8.521675762E1,1.303279816E1,1.368065094E1,1.575473785E0
8.522678463E1,1.236024673E1,1.238689133E1,1.334025879E0
8.523681062E1,1.089674011E1,1.098176331E1,8.138575745E-1
8.524683763E1,9.187145233E0,1.018317398E1,2.387535095E-1
8.525686463E1,8.173153839E0,9.942175140E0,-1.517843628E-1
8.526689063E1,8.163424072E0,9.623188477E0,-2.812651062E-1
8.527691763E1,8.309220886E0,8.597072296E0,6.212081909E-2
8.528694462E1,8.031697998E0,7.436835022E0,8.253836060E-1
8.529697063E1,7.718698883E0,6.213878174E0,1.798659668E0
8.530699762E1,7.240593109E0,4.686454468E0,2.646795959E0
8.531702462E1,6.625073090E0,3.142115936E0,3.131637726E0
8.532705062E1,6.134094086E0,1.652862854E0,3.088527374E0
8.533707762E1,5.760321350E0,9.969268799E-2,2.531086578E0
8.534710462E1,5.638624420E0,-1.334325256E0,1.819765778E0
8.535713062E1,5.796995087E0,-2.589315491E0,1.295106812E0
8.536715762E1,5.889802094E0,-3.717070312E0,8.746311951E-1
8.537718463E1,5.755231934E0,-4.497846680E0,5.110372925E-1
8.538721062E1,5.500910797E0,-5.037175140E0,4.071533203E-2
8.539723763E1,5.163213043E0,-5.630990295E0,-6.267466736E-1
8.540726462E1,4.850513306E0,-6.000422058E0,-1.356179810E0
8.541729063E1,4.538112946E0,-5.929170227E0,-2.133363647E0
8.542731762E1,4.298610992E0,-5.624104614E0,-3.208278351E0
8.543734462E1,3.852538605E0,-5.671106873E0,-4.515509949E0
8.544737062E1,3.007994843E0,-6.026617584E0,-5.687572632E0
8.545739762E1,2.146087189E0,-6.306236115E0,-6.460116119E0
8.546742462E1,1.744921417E0,-6.332281952E0,-6.900350647E0
8.547745062E1,2.296524353E0,-5.997877350E0,-6.984475708E0
8.548747762E1,4.254901886E0,-4.930297394E0,-6.866520996E0
8.549750463E1,7.020401001E0,-3.310366058E0,-7.338489532E0
8.550753062E1,9.733209686E0,-1.607357483E0,-8.810977478E0
8.551755763E1,1.161509628E1,1.296304321E-1,-1.062475571E1
8.552758463E1,1.308189606E1,2.234104156E0,-1.139520355E1
8.553761063E1,1.586850128E1,4.500241699E0,-1.065274750E1
8.554763763E1,2.003882904E1,6.688840485E0,-9.167086945E0
8.555766462E1,2.450404358E1,8.417296143E0,-8.014633484E0
8.556769063E1,2.799433548E1,9.214238892E0,-7.758067017E0
8.557771700E1,2.892270493E1,9.602381744E0,-7.707472229E0
8.558774400E1,2.731624557E1,1.025726990E1,-6.860982513E0
8.559777000E1,2.479997818E1,1.083611618E1,-5.419779510E0
8.560779700E1,2.239927048E1,1.101933517E1,-4.353995819E0
8.561782400E1,1.998943176E1,1.103654938E1,-3.957470398E0
8.562785000E1,1.753363861E1,1.116019226E1,-3.951183472E0
8.563787700E1,1.519535110E1,1.112980545E1,-4.143982544E0
8.564790400E1,1.294328430E1,1.070513855E1,-4.309238892E0
8.565793000E1,1.072325089E1,1.005623795E1,-4.035009155E0
8.566795700E1,8.736881561E0,9.524992676E0,-3.050955505E0
8.567798400E1,6.948251038E0,9.069938965E0,-1.624721375E0
8.568801000E1,5.196893005E0,8.650211792E0,-6.915618896E-2
8.569803700E1,3.650309143E0,8.308472443E0,1.527723083E0
8.570806400E1,2.350561981E0,8.059390411E0,3.159330139E0
8.571809000E1,1.160985718E0,7.872279510E0,4.697082367E0
8.572811700E1,1.639091492E-1,7.669600983E0,5.891298981E0
8.573814400E1,-6.129753113E-1,7.347919922E0,6.526128845E0
8.574817000E1,-1.200653229E0,6.927593994E0,6.565796356E0
8.575819700E1,-1.484163666E0,6.485862579E0,6.108048248E0
8.576822400E1,-1.429227905E0,6.155798950E0,5.311704254E0
8.577825000E1,-1.319206696E0,5.976771240E0,4.301305389E0
8.578827700E1,-1.199156342E0,5.762866058E0,3.401825867E0
8.579830400E1,-9.729766846E-1,5.826334076E0,2.925216980E0
8.580833000E1,-2.404000854E-1,6.765032043E0,2.705473938E0
8.581835700E1,9.816586304E-1,8.101153564E0,2.428549805E0
8.582838400E1,2.644999695E0,9.484427032E0,1.710942078E0
8.583841000E1,4.955295410E0,1.119926102E1,9.107061768E-1
8.584843700E1,7.538623352E0,1.322290283E1,9.131011963E-3
8.585846400E1,9.424850922E0,1.509715530E1,-6.879693604E-1
8.586849000E1,1.085512665E1,1.700733307E1,-8.550219727E-1
8.587851700E1,1.248912872E1,1.875749359E1,-9.343569946E-1
8.588854400E1,1.377465546E1,1.974214600E1,-1.729802856E0
8.589857000E1,1.461485825E1,1.962374222E1,-3.221600647E0
8.590859700E1,1.526405823E1,1.830139206E1,-4.939877472E0
8.591862400E1,1.497381180E1,1.640513535E1,-6.451284485E0
8.592865000E1,1.364816849E1,1.480885483E1,-7.341782684E0
8.593867700E1,1.260558655E1,1.369262604E1,-7.323820038E0
8.594870400E1,1.214229996E1,1.264315842E1,-6.240073700E0
8.595873000E1,1.194306427E1,1.133832184E1,-4.291575623E0
8.596875700E1,1.159279266E1,9.551936646E0,-1.949246521E0
8.597878400E1,1.101319794E1,7.507188721E0,4.454736328E-1
8.598881000E1,9.926158447E0,5.277874603E0,2.622995453E0
8.599883700E1,8.383167114E0,3.045267334E0,4.324507141E0
8.600886400E1,6.787635040E0,8.689430237E-1,5.356012115E0
8.601889000E1,5.478756866E0,-1.103205872E0,5.665718079E0
8.602891700E1,4.625680847E0,-2.829116821E0,5.286107483E0
8.603894400E1,4.265230408E0,-4.307442627E0,4.359833679E0
8.604897000E1,4.271367645E0,-5.560935974E0,3.082689514E0
8.605899700E1,4.413122864E0,-6.457421722E0,1.805395660E0
8.606902400E1,4.498744812E0,-7.173083496E0,6.478527832E-1
8.607905100E1,4.415667572E0,-7.776329041E0,-3.354524231E-1
8.608907700E1,3.957470398E0,-8.144712982E0,-1.284029846E0
8.609910400E1,3.028352509E0,-8.262967072E0,-2.166744232E0
8.610913000E1,1.968406677E0,-8.313711548E0,-2.931054840E0
8.611915700E1,8.153544617E-1,-8.320597229E0,-3.625161438E0
8.612918400E1,-3.333567810E-1,-8.181386719E0,-4.195176086E0
8.613921000E1,-7.553292847E-1,-8.125702515E0,-4.812192993E0
8.614923700E1,8.906478882E-2,-7.981103210E0,-5.617218933E0
8.615926400E1,2.285746765E0,-7.172784119E0,-6.404282227E0
8.616929100E1,5.220394135E0,-5.603447571E0,-7.159461823E0
8.617931700E1,8.244555359E0,-3.373385010E0,-8.342152405E0
8.618934400E1,1.075543396E1,-1.098565521E0,-1.038345749E1
8.619937100E1,1.252265900E1,1.284329224E0,-1.273012756E1
8.620939700E1,1.452145248E1,4.063899078E0,-1.392404480E1
8.621942400E1,1.763632507E1,7.219337311E0,-1.332753525E1
8.622945100E1,2.170725952E1,1.031924103E1,-1.192195816E1
8.623947700E1,2.550710770E1,1.234916977E1,-1.067235672E1
8.624950400E1,2.791544952E1,1.340642120E1,-1.009246262E1
8.625953100E1,2.808414871E1,1.419004166E1,-9.988428955E0
8.626955700E1,2.622815826E1,1.486902969E1,-1.005010071E1
8.627958400E1,2.334934479E1,1.494806534E1,-9.733359375E0
8.628961000E1,2.035991135E1,1.432416275E1,-8.886570282E0
8.629963700E1,1.740610382E1,1.356658813E1,-7.723339233E0
8.630966400E1,1.462234268E1,1.264285904E1,-6.506519623E0
8.631969000E1,1.214783844E1,1.153171967E1,-5.259911957E0
8.632971700E1,9.853559418E0,1.032433044E1,-3.751349030E0
8.633974400E1,7.780370636E0,9.219477997E0,-1.894310760E0
8.634977000E1,5.863307190E0,8.452323303E0,2.348616028E-1
8.635979700E1,4.028273163E0,7.892786865E0,2.354004822E0
8.636982400E1,2.264490967E0,7.512427826E0,4.243375854E0
8.637985000E1,5.745053101E-1,7.189698944E0,5.776637421E0
8.638987700E1,-8.539741516E-1,6.871011658E0,6.868466949E0
8.639990400E1,-1.726509705E0,6.668632507E0,7.431446228E0
8.640993000E1,-1.821861420E0,6.633006592E0,7.412735138E0
8.641995700E1,-1.519789581E0,6.685547333E0,6.622079315E0
8.642998400E1,-1.255439301E0,6.646628265E0,5.376669159E0
8.644001000E1,-1.093625793E0,6.625222778E0,4.196074219E0
8.645003700E1,-9.744735718E-1,6.745273132E0,3.247646484E0
8.646006400E1,-6.566844177E-1,6.743177490E0,2.562371521E0
8.647009000E1,-2.709365845E-1,6.791826324E0,2.215393066E0
8.648011700E1,7.319778442E-2,7.257358246E0,2.297272797E0
8.649014400E1,8.764274597E-1,8.001909943E0,2.735411682E0
8.650017000E1,2.498304749E0,8.859776001E0,3.181783447E0
8.651019700E1,4.908442841E0,1.032148636E1,3.263663177E0
8.652022400E1,7.631580048E0,1.225441681E1,2.790796509E0
8.653025000E1,1.045979874E1,1.401939651E1,1.832489319E0
8.654027700E1,1.286185364E1,1.546883240E1,8.669970703E-1
8.655030400E1,1.474553650E1,1.653356827E1,5.128335571E-1
8.656033000E1,1.619721771E1,1.703427704E1,7.081773376E-1
8.657035700E1,1.669957306E1,1.692260925E1,2.981799316E-1
8.658038500E1,1.690135345E1,1.611069763E1,-1.199306030E0
8.659041100E1,1.680989365E1,1.447789307E1,-3.235222321E0
8.660043800E1,1.597073868E1,1.267369492E1,-5.214107208E0
8.661046500E1,1.466230957E1,1.133517838E1,-6.278094635E0
8.662049100E1,1.353305786E1,1.078222824E1,-5.875881042E0
8.663051800E1,1.296124695E1,1.026280838E1,-4.095483398E0
8.664054500E1,1.246398102E1,9.227261810E0,-1.971400452E0
8.665057100E1,1.151869675E1,7.877668304E0,-2.037263489E-1
8.666059800E1,1.015338593E1,6.507417755E0,1.210233307E0
8.667062500E1,8.728498993E0,4.934039612E0,2.317031708E0
8.668065100E1,7.392227783E0,3.319946136E0,3.038082275E0
8.669067800E1,6.305038605E0,1.817520447E0,3.206931152E0
8.670070500E1,5.595963135E0,4.983137512E-1,2.681523743E0
8.671073100E1,5.467081146E0,-7.682025146E-1,1.753603363E0
8.672075800E1,5.594316559E0,-1.953138428E0,9.379495239E-1
8.673078500E1,5.569767609E0,-2.842588806E0,3.333567810E-1
8.674081100E1,5.378166046E0,-3.510200500E0,-4.775070190E-2
8.675083800E1,5.256169739E0,-4.157005463E0,-5.333409119E-1
8.676086500E1,5.193899231E0,-4.908143463E0,-1.467847595E0
8.677089100E1,5.052144012E0,-5.559139709E0,-2.665507050E0
8.678091800E1,4.485123138E0,-5.919739838E0,-3.944297791E0
8.679094500E1,3.370840302E0,-6.024971008E0,-5.253625031E0
8.680097100E1,2.130818939E0,-6.269562378E0,-6.440207520E0
8.681099800E1,9.578581238E-1,-6.559359741E0,-7.168293457E0
8.682102500E1,-4.326004028E-2,-6.719376984E0,-7.265291748E0
8.683105100E1,-4.058061218E-1,-6.908882904E0,-6.928043060E0
8.684107800E1,4.429289246E-1,-6.892566833E0,-6.392905884E0
8.685110500E1,2.614912262E0,-6.068680115E0,-6.083948364E0
8.686113100E1,5.639971619E0,-4.484225006E0,-6.500681763E0
8.687115800E1,9.027577057E0,-2.422711945E0,-7.613767090E0
8.688118500E1,1.173948761E1,-2.959346008E-1,-9.150172119E0
8.689121100E1,1.310973816E1,1.768422546E0,-1.029708710E1
8.690123800E1,1.503488480E1,3.967050476E0,-9.294621735E0
8.691126500E1,1.860286514E1,6.575376434E0,-6.679559784E0
8.692129100E1,2.264386185E1,9.054670715E0,-4.560715942E0
8.693131800E1,2.560964447E1,1.065619034E1,-3.638932800E0
8.694134500E1,2.672347824E1,1.150387756E1,-4.042343903E0
8.695137100E1,2.608116394E1,1.223076599E1,-4.903952179E0
8.696139800E1,2.450329514E1,1.286814056E1,-5.099146271E0
8.697142500E1,2.257695099E1,1.286963745E1,-4.728816376E0
8.698145100E1,2.021576111E1,1.234243378E1,-4.731810150E0
8.699147800E1,1.740655289E1,1.186133423E1,-4.888384552E0
8.700150500E1,1.479298782E1,1.145118713E1,-4.871619415E0
8.701153100E1,1.267339554E1,1.077534256E1,-4.602928162E0
8.702155800E1,1.068972061E1,9.959988098E0,-4.002377014E0
8.703158500E1,8.809181213E0,9.176816711E0,-2.908152466E0
8.704161100E1,6.911577301E0,8.307274933E0,-1.636846161E0
8.705163800E1,5.003495178E0,7.586374054E0,-4.191284180E-1
8.706166500E1,3.242856445E0,7.029681702E0,6.839277649E-1
8.707169100E1,1.806443481E0,6.540349274E0,1.775607605E0
8.708171800E1,7.899073792E-1,6.094725952E0,2.808310089E0
8.709174400E1,5.418731689E-2,5.789211273E0,3.541784821E0
8.710177100E1,-5.207670593E-1,5.599256287E0,3.892355804E0
8.711179800E1,-1.074914703E0,5.307962036E0,3.922592926E0
8.712182400E1,-1.612446899E0,4.974754944E0,3.663182373E0
8.713185100E1,-1.874102783E0,4.788841553E0,3.271596680E0
8.714187800E1,-2.053130493E0,4.588707733E0,2.918480988E0
8.715190400E1,-2.314936066E0,4.444258118E0,2.701731720E0
8.716193100E1,-2.277214508E0,4.420158234E0,2.698438568E0
8.717195800E1,-2.077679443E0,4.642595673E0,2.984643402E0
8.718198400E1,-1.877695312E0,5.330714722E0,3.411855011E0
8.719201100E1,-7.331753540E-1,6.590195618E0,3.830983429E0
8.720203800E1,1.779050446E0,8.271649017E0,3.836222534E0
8.721206400E1,4.725523224E0,1.020383102E1,3.185375977E0
8.722209100E1,7.106322327E0,1.252864655E1,2.388133850E0
8.723211800E1,8.985215149E0,1.497231491E1,1.958527222E0
8.724214400E1,1.058014847E1,1.699999832E1,2.094594269E0
8.725217100E1,1.225097397E1,1.878937729E1,2.582130432E0
8.726219800E1,1.470646774E1,2.044373703E1,2.920726318E0
8.727222400E1,1.719264771E1,2.098725677E1,2.421664124E0
8.728225100E1,1.869836655E1,2.004960663E1,7.029382324E-1
8.729227800E1,1.864807114E1,1.824391159E1,-1.534608765E0
8.730230400E1,1.744592102E1,1.632280655E1,-3.333567810E0
8.731233100E1,1.605830658E1,1.484522919E1,-4.123624878E0
8.732235800E1,1.536779251E1,1.366328705E1,-3.998634796E0
8.733238400E1,1.540970535E1,1.220217545E1,-3.154390411E0
8.734241100E1,1.512020737E1,1.006596771E1,-1.888323212E0
8.735243800E1,1.394350433E1,7.693102112E0,-6.304888916E-1
8.736246400E1,1.193917236E1,5.377417603E0,5.685177612E-1
8.737249100E1,9.686506805E0,3.106939087E0,1.754501495E0
8.738251800E1,7.862100677E0,1.064436493E0,2.702180786E0
8.739254400E1,6.681206360E0,-6.218069458E-1,3.167563019E0
8.740257100E1,6.039939880E0,-2.042801971E0,3.006348267E0
8.741259800E1,5.781577148E0,-3.256328430E0,2.208357697E0
8.742262400E1,5.759722595E0,-4.219425659E0,1.163530426E0
8.743265100E1,5.826633453E0,-4.936584320E0,1.956431580E-1
8.744267700E1,5.704337769E0,-5.610033875E0,-7.343728638E-1
8.745270400E1,5.133125610E0,-6.323300629E0,-1.724713440E0
8.746273100E1,4.085304565E0,-6.958878937E0,-2.883453827E0
8.747275700E1,2.744842072E0,-7.270081787E0,-3.997137909E0
8.748278400E1,1.040935364E0,-7.405849457E0,-5.009632416E0
8.749281100E1,-7.523355103E-1,-7.570956116E0,-5.653593292E0
8.750283700E1,-2.155218201E0,-7.755821686E0,-5.666466522E0
8.751286400E1,-2.471510468E0,-7.900570679E0,-5.441484375E0
8.752289100E1,-1.451232147E0,-7.802374878E0,-5.383255463E0
8.753291700E1,4.046086121E-1,-7.428302765E0,-5.506299591E0
8.754294400E1,2.938239899E0,-6.583609314E0,-5.700894928E0
8.755297100E1,5.417234802E0,-4.973108368E0,-6.365812225E0
8.756299700E1,7.660619659E0,-3.026556244E0,-7.649393005E0
8.757302400E1,9.679321747E0,-9.425898743E-1,-9.153614960E0
8.758305033E1,1.080842377E1,1.511556702E0,-1.004246658E1
8.759307633E1,1.260813126E1,4.327051849E0,-9.631571045E0
8.760310333E1,1.622341324E1,7.332052917E0,-8.356073456E0
8.761313033E1,2.071392517E1,9.910141754E0,-7.020550690E0
8.762315633E1,2.466510864E1,1.184052750E1,-5.744005280E0
8.763318333E1,2.776037201E1,1.325373871E1,-4.760700073E0
8.764321033E1,2.953747650E1,1.428434555E1,-4.283193054E0
8.765323633E1,2.906895081E1,1.482666779E1,-3.770808563E0
8.766326333E1,2.605826157E1,1.460033844E1,-2.989433441E0
8.767329033E1,2.178539703E1,1.390787842E1,-2.638712769E0
8.768331633E1,1.758602966E1,1.325703186E1,-2.721640320E0
8.769334333E1,1.442969330E1,1.253119125E1,-2.816093903E0
8.770337033E1,1.219005066E1,1.157902130E1,-2.673739929E0
8.771339633E1,1.015099091E1,1.062610291E1,-1.975891113E0
8.772342333E1,8.148904266E0,9.832752686E0,-7.225474548E-1
8.773345033E1,6.326144714E0,9.296118622E0,8.449928284E-1
8.774347633E1,4.797074432E0,8.857380981E0,2.553689575E0
8.775350333E1,3.448977814E0,8.476423187E0,4.057013397E0
8.776353033E1,2.144440613E0,8.199349365E0,5.325774994E0
8.777355633E1,1.083297272E0,7.976612549E0,6.303841095E0
8.778358333E1,3.110531616E-1,7.779921570E0,6.780599670E0
8.779361033E1,-2.691403198E-1,7.614814911E0,6.581813049E0
8.780363633E1,-9.000782776E-1,7.461833038E0,5.745951233E0
8.781366333E1,-1.391955414E0,7.250622253E0,4.661157074E0
8.782368933E1,-1.650916901E0,6.984924774E0,3.675157471E0
8.783371633E1,-2.042951660E0,6.655908966E0,2.886896667E0
8.784374333E1,-2.355501709E0,6.336323547E0,2.448009338E0
8.785376933E1,-2.587219849E0,6.217919769E0,2.309996338E0
8.786379633E1,-2.543510742E0,6.483766937E0,2.323019257E0
8.787382333E1,-1.589843903E0,6.969057770E0,2.612367554E0
8.788384933E1,3.153941345E-1,8.003706207E0,3.269351349E0
8.789387633E1,3.173101501E0,9.781708832E0,3.416345673E0
8.790390333E1,6.513255615E0,1.196342194E1,2.649490356E0
8.791392933E1,9.467661896E0,1.371807312E1,1.365460510E0
8.792395633E1,1.150956573E1,1.533456161E1,4.656816101E-1
8.793398333E1,1.299223251E1,1.669373520E1,7.593708801E-1
8.794400933E1,1.458836334E1,1.734922211E1,2.068847809E0
8.795403633E1,1.677411804E1,1.753573425E1,3.259322205E0
8.796406333E1,1.877410904E1,1.704116272E1,3.192261658E0
8.797408933E1,1.952404953E1,1.579919540E1,1.517244873E0
8.798411633E1,1.901376068E1,1.427012512E1,-8.656498718E-1
8.799414333E1,1.787986862E1,1.284972885E1,-2.912942505E0
8.800416933E1,1.669553146E1,1.183034866E1,-4.199367371E0
8.801419633E1,1.574156525E1,1.118578903E1,-4.726870422E0
8.802422333E1,1.532872375E1,1.046982788E1,-4.318519592E0
8.803424933E1,1.492306732E1,9.325906677E0,-3.186124420E0
8.804427633E1,1.372959915E1,7.815846863E0,-1.996548157E0
8.805430233E1,1.185744232E1,6.216722260E0,-9.996212769E-1
8.806432933E1,9.801318054E0,4.434827728E0,-7.439529419E-2
8.807435633E1,7.980504456E0,2.715054016E0,7.617658997E-1
8.808438233E1,6.773863678E0,1.201850739E0,1.434616699E0
8.809440933E1,6.284531250E0,-2.002835083E-1,1.750459900E0
8.810443633E1,6.130950623E0,-1.541494446E0,1.687740326E0
8.811446233E1,5.970184937E0,-2.811303864E0,1.377435608E0
8.812448933E1,5.549409943E0,-3.886667633E0,8.354127502E-1
8.813451633E1,5.051994324E0,-4.880451050E0,2.375559998E-1
8.814454233E1,4.511468353E0,-6.028264160E0,-2.839595032E-1
8.815456933E1,3.714375916E0,-7.085814972E0,-1.019978943E0
8.816459633E1,2.463427277E0,-7.932604065E0,-2.108365631E0
8.817462233E1,1.013242950E0,-8.478818207E0,-3.069666595E0
8.818464933E1,-8.083190918E-3,-8.777147827E0,-3.922143860E0
8.819467633E1,-7.707472229E-1,-8.987610168E0,-4.775818634E0
8.820470233E1,-1.751358032E0,-9.122030640E0,-5.495072937E0
8.821472933E1,-2.214494934E0,-9.014105072E0,-6.034102020E0
8.822475633E1,-1.294208679E0,-8.450377350E0,-6.226901093E0
8.823478233E1,1.517244873E0,-7.327861633E0,-6.167175293E0
8.824480933E1,5.488187256E0,-5.462291107E0,-6.402186584E0
8.825483633E1,9.507778473E0,-2.878364410E0,-7.524552612E0
8.826486233E1,1.217672836E1,-1.805245972E-1,-9.645192719E0
8.827488933E1,1.349967728E1,2.297721863E0,-1.117516113E1
8.828491533E1,1.512035706E1,4.961881714E0,-1.064286804E1
8.829494233E1,1.827789093E1,8.021070099E0,-8.246501312E0
8.830496933E1,2.185335571E1,1.046788193E1,-5.797294464E0
8.831499533E1,2.494682281E1,1.190324707E1,-4.129612427E0
8.832502233E1,2.722089386E1,1.302456528E1,-3.040776672E0
8.833504933E1,2.821153381E1,1.410591660E1,-2.703078918E0
8.834507533E1,2.746054550E1,1.480406479E1,-2.856958923E0
8.835510233E1,2.497825745E1,1.448627563E1,-3.123404846E0
8.836512933E1,2.141506714E1,1.362631393E1,-3.348985748E0
8.837515533E1,1.783840485E1,1.288655228E1,-3.384012909E0
8.838518233E1,1.471050934E1,1.200608322E1,-3.419489136E0
8.839520933E1,1.203871536E1,1.108504852E1,-3.139271851E0
8.840523533E1,9.774523773E0,1.026205994E1,-2.353555756E0
8.841526233E1,7.984695740E0,9.502539368E0,-1.175355835E0
8.842528933E1,6.512357483E0,8.738677826E0,2.140548706E-1
8.843531533E1,5.076992340E0,8.035889282E0,1.666783905E0
8.844534233E1,3.481310577E0,7.480394440E0,3.120560760E0
8.845536933E1,1.818867645E0,7.035369873E0,4.446204071E0
8.846539533E1,3.844006348E-1,6.728807373E0,5.451812897E0
8.847542233E1,-4.799020386E-1,6.430477753E0,5.981411591E0
8.848544833E1,-9.400451660E-1,6.187233582E0,6.040987701E0
8.849547533E1,-1.113983459E0,6.033503265E0,5.565875702E0
8.850550233E1,-1.282832336E0,5.812562714E0,4.665797424E0
8.851552833E1,-1.461111603E0,5.599405975E0,3.609743500E0
8.852555533E1,-1.390458527E0,5.407055969E0,2.655627594E0
8.853558233E1,-1.378483429E0,5.050796814E0,2.011966095E0
8.854560833E1,-1.706451416E0,4.750072174E0,1.691781921E0
8.855563533E1,-1.748663635E0,4.993466034E0,1.820065155E0
8.856566233E1,-8.178991699E-1,5.952671356E0,2.192939758E0
8.857568833E1,6.569837952E-1,6.999893646E0,2.449356537E0
8.858571583E1,2.973566437E0,8.387059021E0,2.439477081E0
8.859574283E1,6.114634552E0,1.044527893E1,1.977687378E0
8.860576883E1,9.030421143E0,1.250080444E1,1.215921478E0
8.861579583E1,1.062266006E1,1.405801620E1,6.852749634E-1
8.862582283E1,1.153755753E1,1.519774612E1,9.833052063E-1
8.863584883E1,1.248149460E1,1.607851456E1,2.175575867E0
8.864587583E1,1.362077545E1,1.667996384E1,3.568579102E0
8.865590183E1,1.515149231E1,1.688443863E1,4.024530945E0
8.866592883E1,1.698458038E1,1.623239456E1,2.595153351E0
8.867595583E1,1.789768158E1,1.470871307E1,-1.847158813E-1
8.868598183E1,1.767225037E1,1.318458252E1,-2.937641144E0
8.869600883E1,1.691886703E1,1.211131439E1,-4.537214813E0
8.870603583E1,1.635843246E1,1.163919617E1,-4.691693573E0
8.871606183E1,1.633118912E1,1.087877747E1,-3.662882996E0
8.872608883E1,1.591355759E1,9.389524384E0,-2.189197540E0
8.873611583E1,1.445543976E1,7.509434052E0,-8.894503784E-1
8.874614183E1,1.206206680E1,5.643414459E0,1.824705505E-1
8.875616883E1,9.306447144E0,3.784280548E0,1.072519684E0
8.876619583E1,6.978338470E0,1.791773987E0,1.751507721E0
8.877622183E1,5.617218933E0,2.133064270E-1,2.108665009E0
8.878624883E1,5.339246979E0,-8.467890930E-1,2.140548706E0
8.879627583E1,5.769302673E0,-1.798959045E0,1.840722198E0
8.880630183E1,6.012696533E0,-2.774779816E0,1.216669922E0
8.881632883E1,5.738017731E0,-3.620521088E0,3.611988831E-1
8.882635483E1,4.908143463E0,-4.383035431E0,-7.303312683E-1
8.883638183E1,3.792812805E0,-5.206473083E0,-2.090103607E0
8.884640883E1,2.701582031E0,-5.982160034E0,-3.440146179E0
8.885643483E1,1.572180634E0,-6.348448334E0,-4.634362793E0
8.886646183E1,4.855902100E-1,-6.414461060E0,-5.707630920E0
8.887648883E1,-6.629713440E-1,-6.522236938E0,-6.469995575E0
8.888651483E1,-1.836979980E0,-6.639443207E0,-6.705306244E0
8.889654183E1,-2.169738007E0,-6.760990448E0,-6.480922852E0
8.890656883E1,-1.018182678E0,-6.577322388E0,-6.054160309E0
8.891659483E1,1.578317871E0,-6.041736145E0,-5.630541229E0
8.892662183E1,4.538562012E0,-5.043611755E0,-5.505401459E0
8.893664883E1,7.420069885E0,-3.592379608E0,-5.669909363E0
8.894667483E1,1.022882904E1,-1.600621490E0,-6.034551086E0
8.895670183E1,1.249631378E1,4.836442566E-1,-6.619534607E0
8.896672883E1,1.337783066E1,2.572101288E0,-7.132218475E0
8.897675483E1,1.386686371E1,4.742438049E0,-6.897656250E0
8.898678183E1,1.566163147E1,7.074288940E0,-5.818699951E0
8.899680883E1,1.858101059E1,9.493258667E0,-4.389172668E0
8.900683483E1,2.184452408E1,1.139206009E1,-3.549568634E0
8.901686183E1,2.468486755E1,1.247969833E1,-3.378773804E0
8.902688783E1,2.623264893E1,1.310000839E1,-3.421285400E0
8.903691483E1,2.614088974E1,1.373244324E1,-3.266956329E0
8.904694183E1,2.433729034E1,1.399844009E1,-2.612367554E0
8.905696783E1,2.110581024E1,1.361044693E1,-2.216440887E0
8.906699483E1,1.759845383E1,1.302261932E1,-2.471809845E0
8.907702183E1,1.467638031E1,1.240575211E1,-2.897674255E0
8.908704783E1,1.197210388E1,1.156659714E1,-3.220552826E0
8.909707483E1,9.395661621E0,1.074256073E1,-3.041824493E0
8.910710183E1,7.183561707E0,1.002300705E1,-2.162552948E0
8.911712783E1,5.447172546E0,9.294771423E0,-9.189390564E-1
8.912715483E1,4.021088104E0,8.511150970E0,3.848497009E-1
8.913718183E1,2.618355103E0,7.956554260E0,1.760788422E0
8.914720783E1,1.217418365E0,7.576045532E0,3.186274109E0
8.915723483E1,-2.814147949E-2,7.192992096E0,4.373754730E0
8.916726083E1,-1.189276886E0,6.733447723E0,5.088218994E0
8.917728783E1,-2.109712830E0,6.250851288E0,5.250631256E0
8.918731483E1,-2.813399506E0,5.833668823E0,4.964725800E0
8.919734083E1,-3.163371735E0,5.619613953E0,4.468507690E0
8.920736783E1,-3.124302979E0,5.460494843E0,3.920497284E0
8.921739483E1,-2.797831879E0,5.351371765E0,3.286415863E0
8.922742083E1,-2.520159302E0,5.147196350E0,2.701582031E0
8.923744783E1,-2.521955566E0,4.937781830E0,2.452649689E0
8.924747483E1,-2.376458130E0,5.184618530E0,2.678829346E0
8.925750083E1,-1.637444916E0,5.926924896E0,3.199446716E0
8.926752783E1,-2.618055725E-1,7.110363922E0,3.656895447E0
8.927755483E1,1.818867645E0,8.670419769E0,3.599714355E0
8.928758083E1,5.031786346E0,1.074465637E1,2.965483246E0
8.929760783E1,8.212671661E0,1.295510971E1,1.961670685E0
8.930763483E1,1.056772430E1,1.486693405E1,9.059161377E-1
8.931766083E1,1.164338745E1,1.637579636E1,5.861810303E-1
8.932768783E1,1.214738937E1,1.759052032E1,1.435514832E0
8.933771383E1,1.308129730E1,1.858026215E1,2.708617401E0
8.934774083E1,1.488354950E1,1.923544968E1,3.349584503E0
8.935776783E1,1.674388092E1,1.898891235E1,2.674937439E0
8.936779383E1,1.795171921E1,1.763782196E1,7.138655090E-1
8.937782083E1,1.806697952E1,1.580922455E1,-1.313219147E0
8.938784783E1,1.721555008E1,1.415666107E1,-2.647544403E0
8.939787383E1,1.593436432E1,1.304162979E1,-3.118764496E0
8.940790083E1,1.476484634E1,1.210218338E1,-2.983745270E0
8.941792783E1,1.382150803E1,1.079959213E1,-2.514321442E0
8.942795383E1,1.280407379E1,9.131311340E0,-2.173480225E0
8.943798083E1,1.139011414E1,7.275021515E0,-1.996398468E0
8.944800683E1,9.780810699E0,5.476062469E0,-1.773961029E0
8.945803383E1,8.272397461E0,3.698359222E0,-1.317111053E0
8.946806083E1,7.113507385E0,1.991758118E0,-6.490502930E-1
8.947808683E1,6.381978607E0,3.885919189E-1,-1.646575928E-3
8.948811383E1,5.977968750E0,-1.145717468E0,4.867877197E-1
8.949814083E1,5.659281464E0,-2.507286072E0,7.780819702E-1
8.950816683E1,5.232668610E0,-3.620970154E0,7.875123596E-1
8.951819383E1,4.675826569E0,-4.590653687E0,4.508624268E-1
8.952822083E1,4.080215149E0,-5.489085388E0,-8.891510010E-2
8.953824683E1,3.587439880E0,-6.224206696E0,-7.134164429E-1
8.954827383E1,3.041375427E0,-6.809938660E0,-1.404828644E0
8.955830083E1,2.502945099E0,-7.068301392E0,-2.359393616E0
8.956832683E1,1.837728424E0,-7.269033966E0,-3.593128052E0
8.957835408E1,9.812095642E-1,-7.529342651E0,-4.561913452E0
8.958838108E1,4.086502075E-1,-7.785310364E0,-5.113965454E0
8.959840708E1,4.846920776E-1,-7.792196045E0,-5.398823090E0
8.960843408E1,1.399140472E0,-7.527396698E0,-5.528004456E0
8.961846008E1,3.035238190E0,-7.078330536E0,-5.478607178E0
8.962848708E1,5.096302185E0,-6.094725952E0,-5.585484924E0
8.963851408E1,7.009024658E0,-4.656666412E0,-6.021079102E0
8.964854008E1,8.316555634E0,-2.696043549E0,-6.696624298E0
8.965856708E1,9.228908386E0,-2.270777893E-1,-7.361691284E0
8.966859408E1,1.129251709E1,2.686014404E0,-7.548203430E0
8.967862008E1,1.519130951E1,6.138135681E0,-7.109016724E0
8.968864708E1,2.020363632E1,9.406888275E0,-6.263125763E0
8.969867408E1,2.467633530E1,1.162437698E1,-5.943390656E0
8.970870008E1,2.737552231E1,1.298310150E1,-6.132297821E0
8.971872708E1,2.769914932E1,1.407059006E1,-6.325845337E0
8.972875408E1,2.619313110E1,1.490016495E1,-6.353088684E0
8.973878008E1,2.347463425E1,1.493279709E1,-6.405180359E0
8.974880708E1,2.012684601E1,1.408241547E1,-6.690337372E0
8.975883308E1,1.667038376E1,1.332888245E1,-6.706054688E0
8.976886008E1,1.397329239E1,1.254496262E1,-5.796246643E0
8.977888708E1,1.189860672E1,1.169862259E1,-4.045038300E0
8.978891308E1,9.911788330E0,1.104298599E1,-2.203118591E0
8.979894008E1,8.231382751E0,1.046204407E1,-4.047583008E-1
8.980896708E1,6.722221069E0,9.837243347E0,1.481020203E0
8.981899308E1,5.273084564E0,9.235943756E0,3.318898315E0
8.982902008E1,3.929328918E0,8.730894012E0,4.988526306E0
8.983904708E1,2.624342651E0,8.391250305E0,6.318959656E0
8.984907308E1,1.575473785E0,8.083639984E0,7.109914856E0
8.985910008E1,7.682025146E-1,7.734416199E0,7.282505951E0
8.986912708E1,1.065783691E-1,7.359296265E0,6.756200409E0
8.987915308E1,-5.888754272E-1,6.981332245E0,5.787564697E0
8.988918008E1,-1.012644196E0,6.684349823E0,4.779860229E0
8.989920608E1,-1.113085327E0,6.463409271E0,3.981570282E0
8.990923308E1,-1.258732452E0,6.258485413E0,3.390299835E0
8.991926008E1,-1.347048798E0,5.945186920E0,3.116070099E0
8.992928608E1,-1.315614166E0,5.579347687E0,2.970872040E0
8.993931308E1,-1.161285095E0,5.476062469E0,3.025807800E0
8.994934008E1,-4.095483398E-1,5.842201080E0,3.382965088E0
8.995936608E1,1.245709534E0,6.786437531E0,3.693718872E0
8.996939308E1,3.259172516E0,7.819888458E0,3.407813416E0
8.997942008E1,5.517077179E0,9.316625977E0,2.677482147E0
8.998944608E1,7.988437958E0,1.122949814E1,1.980381775E0
8.999947308E1,1.024349854E1,1.303354660E1,1.693428497E0
9.000949908E1,1.225636276E1,1.475347000E1,2.176174622E0
9.001952608E1,1.436637497E1,1.613734222E1,3.294049988E0
9.002955308E1,1.640169250E1,1.709070969E1,4.375101929E0
9.003957908E1,1.793390625E1,1.760713577E1,4.342469788E0
9.004960608E1,1.910671738E1,1.660856232E1,2.349214783E0
9.005963308E1,1.920356598E1,1.490480530E1,-6.879693604E-1
9.006965908E1,1.858789627E1,1.361808105E1,-3.606001282E0
9.007968608E1,1.780652115E1,1.296019913E1,-5.365442505E0
9.008971308E1,1.716435654E1,1.271156616E1,-5.732928314E0
9.009973908E1,1.681034271E1,1.203033279E1,-4.899461517E0
9.010976608E1,1.608554993E1,1.073732162E1,-3.126548309E0
9.011979208E1,1.431712738E1,9.094188538E0,-1.254092102E0
9.012981908E1,1.160910873E1,7.434440002E0,2.495310974E-1
9.013984608E1,8.820707245E0,5.678291931E0,1.570534058E0
9.014987208E1,6.636150055E0,4.030069427E0,2.649640045E0
9.015989908E1,5.381608887E0,2.667303314E0,3.293301544E0
9.016992608E1,4.797074432E0,1.504072266E0,3.301684113E0
9.017995208E1,4.658612366E0,3.034190369E-1,2.581681366E0
9.018997908E1,4.647834778E0,-8.408015442E-1,1.483564911E0
9.020000608E1,4.498894501E0,-1.808838501E0,4.628375244E-1
9.021003208E1,4.456682281E0,-2.655477905E0,-4.456233215E-1
9.022005908E1,4.419559479E0,-3.559298401E0,-1.409019928E0
9.023008608E1,4.248465271E0,-4.441114655E0,-2.576891327E0
9.024011208E1,3.777993622E0,-5.104535065E0,-4.032913513E0
9.025013908E1,2.683769073E0,-5.596412201E0,-5.466632080E0
9.026016508E1,1.045725403E0,-6.053860931E0,-6.338868256E0
9.027019208E1,-4.965174866E-1,-6.391109619E0,-6.541247406E0
9.028021908E1,-9.578581238E-1,-6.698420563E0,-6.375242615E0
9.029024508E1,-6.307882690E-1,-6.811884613E0,-6.121819611E0
9.030027208E1,6.556365967E-2,-6.522686005E0,-6.198460236E0
9.031029908E1,1.936223602E0,-5.565726013E0,-6.169720001E0
9.032032508E1,4.796625366E0,-3.924089813E0,-5.920637970E0
9.033035208E1,7.557633820E0,-1.994003448E0,-5.826334076E0
9.034037908E1,9.066496124E0,1.029858398E-1,-5.779631195E0
9.035040508E1,9.658065948E0,2.193089447E0,-5.625900879E0
9.036043208E1,1.020592667E1,4.405039673E0,-5.016667786E0
9.037045808E1,1.279554153E1,7.306755524E0,-3.627706146E0
9.038048508E1,1.772868301E1,1.049258057E1,-1.814376984E0
9.039051208E1,2.257036469E1,1.276725037E1,-2.439926147E-1
9.040053808E1,2.543046707E1,1.396311356E1,5.448669434E-1
9.041056508E1,2.559961533E1,1.488729172E1,8.978329468E-1
9.042059208E1,2.333901627E1,1.574994781E1,1.500928802E0
9.043061808E1,1.986893234E1,1.604124207E1,2.103874969E0
9.044064508E1,1.674941940E1,1.579889603E1,2.059716797E0
9.045067208E1,1.437730225E1,1.510913040E1,1.278790741E0
9.046069808E1,1.237955658E1,1.403212006E1,2.285746765E-1
9.047072508E1,1.037687119E1,1.284763321E1,-3.788621521E-1
9.048075108E1,8.353678436E0,1.164353714E1,-3.480262756E-1
9.049077808E1,6.709198151E0,1.046114594E1,4.415817261E-1
9.050080508E1,5.302573242E0,9.301208038E0,1.792522430E0
9.051083108E1,3.752546539E0,8.308921509E0,3.197201385E0
9.052085808E1,2.365231476E0,7.532785492E0,4.395609283E0
9.053088508E1,1.225052490E0,6.870562592E0,5.350473633E0
9.054091108E1,3.878434753E-1,6.487359467E0,6.117328949E0
9.055093808E1,-2.299218750E-1,6.388864288E0,6.510860596E0
9.056096508E1,-6.400689697E-1,6.215225372E0,6.369853821E0
9.057099108E1,-9.020242310E-1,6.043382721E0,5.873036957E0
9.058101746E1,-1.149010620E0,5.836662598E0,5.288203125E0
9.059104446E1,-1.336869965E0,5.639672241E0,4.811743927E0
9.060107046E1,-1.495240631E0,5.421276398E0,4.384532318E0
9.061109746E1,-1.330882416E0,5.134023743E0,4.094435577E0
9.062112346E1,-1.349892883E0,4.761598206E0,3.895948334E0
9.063115046E1,-1.425485687E0,4.944068756E0,3.817661133E0
9.064117746E1,-6.643185425E-1,5.792205048E0,3.818708954E0
9.065120346E1,7.987390137E-1,7.069049835E0,3.694167938E0
9.066123046E1,2.988684998E0,8.579858093E0,3.254981232E0
9.067125746E1,5.680986328E0,1.023885818E1,2.543211365E0
9.068128346E1,7.508535919E0,1.200443665E1,1.929337921E0
9.069131046E1,8.473579102E0,1.392793671E1,1.878294067E0
9.070133746E1,9.695338440E0,1.592538300E1,2.915187836E0
9.071136346E1,1.130958160E1,1.735970032E1,4.683311005E0
9.072139046E1,1.304192917E1,1.794977325E1,6.485114136E0
9.073141646E1,1.432805466E1,1.841710144E1,7.697443085E0
9.074144346E1,1.540266998E1,1.842593307E1,7.334747314E0
9.075147046E1,1.613868942E1,1.711465988E1,4.972210236E0
9.076149646E1,1.637998764E1,1.564501602E1,2.036664734E0
9.077152346E1,1.652713165E1,1.483894226E1,-4.284091187E-1
9.078155046E1,1.665616333E1,1.418195847E1,-2.512974243E0
9.079157646E1,1.714265167E1,1.314087341E1,-3.848047943E0
9.080160346E1,1.707604019E1,1.166179916E1,-3.864064636E0
9.081163046E1,1.531195862E1,9.824070740E0,-2.848426666E0
9.082165646E1,1.218765564E1,7.935747528E0,-1.427281952E0
9.083168346E1,8.990454254E0,5.939049683E0,-2.179467773E-1
9.084170946E1,6.769073639E0,3.799848175E0,7.438032532E-1
9.085173646E1,5.498815155E0,1.855990448E0,1.461710358E0
9.086176346E1,4.741839294E0,3.086581421E-1,1.878294067E0
9.087178946E1,4.328698425E0,-1.033151550E0,1.882185974E0
9.088181646E1,3.983965302E0,-2.312391357E0,1.409468994E0
9.089184346E1,3.700305176E0,-3.426674194E0,4.932243347E-1
9.090186946E1,3.499572601E0,-4.368216248E0,-6.815327454E-1
9.091189646E1,3.316952362E0,-5.200635223E0,-1.886227570E0
9.092192346E1,2.882406006E0,-5.827232208E0,-3.084785156E0
9.093194946E1,1.970652008E0,-6.156098328E0,-4.310286713E0
9.094197646E1,7.399113464E-1,-6.355783081E0,-5.391338654E0
9.095200346E1,-5.884263611E-1,-6.580166473E0,-6.069578247E0
9.096202946E1,-1.798659668E0,-6.786736908E0,-6.189927979E0
9.097205646E1,-2.129771118E0,-6.901099091E0,-6.005661163E0
9.098208246E1,-1.066083069E0,-6.937772827E0,-5.891897736E0
9.099210946E1,7.625143433E-1,-6.594237213E0,-5.763315125E0
9.100213646E1,3.063679047E0,-5.617667999E0,-5.651048584E0
9.101216246E1,5.683830414E0,-4.202361145E0,-5.944737854E0
9.102218946E1,7.787555695E0,-2.480192413E0,-6.424939270E0
9.103221646E1,8.584348755E0,-3.140469360E-1,-6.771169281E0
9.104224246E1,9.140741730E0,1.980531464E0,-6.419251099E0
9.105226946E1,1.069510941E1,4.596042480E0,-4.702171783E0
9.106229646E1,1.453941513E1,7.720495148E0,-2.389630737E0
9.107232246E1,2.016232224E1,1.071082672E1,-4.815486145E-1
9.108234946E1,2.573208984E1,1.317605026E1,7.920030212E-1
9.109237546E1,2.995899994E1,1.502799911E1,1.297352142E0
9.110240246E1,3.156456116E1,1.622071884E1,1.020727386E0
9.111242946E1,2.956726456E1,1.666110306E1,2.787203979E-1
9.112245546E1,2.507375885E1,1.611054794E1,-2.065704346E-1
9.113248246E1,2.044897614E1,1.514400787E1,-1.152603149E-2
9.114250946E1,1.653102356E1,1.419992111E1,8.771759033E-2
9.115253546E1,1.339130264E1,1.331271606E1,-5.239105225E-2
9.116256246E1,1.085692291E1,1.236922806E1,-9.879455566E-2
9.117258946E1,8.790470123E0,1.143891266E1,2.139051819E-1
9.118261546E1,6.945107574E0,1.062206131E1,1.139280853E0
9.119264246E1,5.329068146E0,9.854307861E0,2.328557739E0
9.120266846E1,3.765270081E0,9.122779083E0,3.344345398E0
9.121269546E1,2.283950500E0,8.534053345E0,4.265529785E0
9.122272246E1,1.192120972E0,7.936346283E0,4.705614624E0
9.123274846E1,3.692820740E-1,7.258406067E0,4.467759247E0
9.124277546E1,-3.481759644E-1,6.663992157E0,3.825145569E0
9.125280246E1,-1.138831787E0,6.219865723E0,3.135679321E0
9.126282846E1,-1.935475159E0,5.825435944E0,2.543660431E0
9.127285546E1,-2.665656738E0,5.460644531E0,2.265838165E0
9.128288246E1,-3.277584229E0,5.069507904E0,2.164947968E0
9.129290846E1,-3.850293274E0,4.724625092E0,2.214794312E0
9.130293546E1,-4.238585815E0,4.458478546E0,2.316133575E0
9.131296146E1,-4.218527527E0,4.283043365E0,2.337838440E0
9.132298846E1,-3.858077087E0,4.300856323E0,2.312541046E0
9.133301546E1,-3.258873138E0,4.612208862E0,2.325264587E0
9.134304146E1,-2.339784393E0,5.159770203E0,2.273172913E0
9.135306846E1,-1.002315674E0,6.121220856E0,2.155517578E0
9.136309546E1,9.481283569E-1,7.478448486E0,2.077978821E0
9.137312146E1,3.741918640E0,9.470805359E0,2.251168671E0
9.138314846E1,7.077582092E0,1.231279541E1,2.716101837E0
9.139317546E1,1.060125458E1,1.519520142E1,3.263962555E0
9.140320146E1,1.420441177E1,1.744337631E1,4.010160828E0
9.141322846E1,1.733081039E1,1.910551987E1,4.779261475E0
9.142325446E1,1.960398331E1,2.009780640E1,5.213209076E0
9.143328146E1,2.103620499E1,2.001622604E1,4.859794006E0
9.144330846E1,2.149305496E1,1.869701935E1,3.436104584E0
9.145333446E1,2.108709915E1,1.718067261E1,1.545985107E0
9.146336146E1,2.036649765E1,1.603196136E1,-4.355941772E-2
9.147338846E1,1.991698242E1,1.503398666E1,-1.085542603E0
9.148341446E1,1.948213669E1,1.366628082E1,-1.745819550E0
9.149344146E1,1.868294861E1,1.200997513E1,-2.174228668E0
9.150346846E1,1.717483475E1,1.033076706E1,-2.298170929E0
9.151349446E1,1.481963242E1,8.570427704E0,-1.970801697E0
9.152352146E1,1.210742249E1,6.897955627E0,-1.330433350E0
9.153354746E1,9.748927002E0,5.388494568E0,-5.736071777E-1
9.154357446E1,8.095914459E0,4.078269196E0,2.335144043E-1
9.155360146E1,7.126530304E0,2.866838379E0,8.720864868E-1
9.156362746E1,6.574328613E0,1.647324371E0,1.228794708E0
9.157365446E1,6.130052490E0,3.237767029E-1,1.287472687E0
9.158368088E1,5.662724304E0,-9.779164124E-1,1.124461670E0
9.159370687E1,5.119354248E0,-2.205962677E0,8.406518555E-1
9.160373388E1,4.509223022E0,-3.350782013E0,4.364923096E-1
9.161375987E1,3.910468140E0,-4.428241425E0,-4.715194702E-2
9.162378688E1,3.281176758E0,-5.492827606E0,-5.840853882E-1
9.163381387E1,2.569257202E0,-6.418951721E0,-1.162482605E0
9.164383988E1,1.898052979E0,-7.018155670E0,-1.815424805E0
9.165386687E1,9.886940002E-1,-7.510781250E0,-2.688708801E0
9.166389387E1,-1.844165039E-1,-8.045169983E0,-3.619323578E0
9.167391988E1,-1.125958557E0,-8.492290192E0,-4.359234924E0
9.168394687E1,-1.436562653E0,-8.804241486E0,-4.986280975E0
9.169397387E1,-1.043629761E0,-8.792266388E0,-5.630690918E0
9.170399987E1,5.269042969E-1,-8.335566101E0,-6.317013702E0
9.171402687E1,3.071163483E0,-7.582781525E0,-6.798712006E0
9.172405388E1,5.605094147E0,-5.701793060E0,-7.147486725E0
9.173407987E1,6.974147186E0,-2.975961456E0,-7.728578339E0
9.174410687E1,8.140970764E0,-1.541793823E-2,-8.361312561E0
9.175413287E1,1.115615067E1,3.415746918E0,-7.885452118E0
9.176415987E1,1.748394196E1,7.676336975E0,-5.965394897E0
9.177418688E1,2.551040085E1,1.157902130E1,-4.020339661E0
9.178421287E1,3.154929291E1,1.435050797E1,-3.099903717E0
9.179423988E1,3.337474686E1,1.636906036E1,-3.103496246E0
9.180426687E1,3.164180054E1,1.775398041E1,-3.223546600E0
9.181429288E1,2.799194046E1,1.820214844E1,-2.828368378E0
9.182431987E1,2.398492310E1,1.757345581E1,-2.639461212E0
9.183434687E1,2.024629761E1,1.616129242E1,-3.253783722E0
9.184437287E1,1.648941010E1,1.441861633E1,-4.052522736E0
9.185439987E1,1.269135818E1,1.283505936E1,-4.340523834E0
9.186442587E1,9.380243683E0,1.137035522E1,-3.904929657E0
9.187445287E1,6.880292358E0,9.966424713E0,-2.512225800E0
9.188447987E1,5.085225220E0,8.740324402E0,-6.191125488E-1
9.189450587E1,3.891607361E0,7.791597290E0,1.559457092E0
9.190453287E1,3.022963715E0,7.078779602E0,3.764821014E0
9.191455988E1,2.230661316E0,6.486611023E0,5.775140533E0
9.192458587E1,1.300645294E0,5.969436493E0,7.589068451E0
9.193461288E1,2.797682190E-1,5.607788544E0,8.967102814E0
9.194463887E1,-6.673123169E-1,5.317542114E0,9.528435516E0
9.195466588E1,-1.586550751E0,4.989574127E0,9.088650055E0
9.196469288E1,-2.479593658E0,4.496200104E0,7.903714142E0
9.197471888E1,-3.298540649E0,4.182153168E0,6.551875305E0
9.198474588E1,-3.876788177E0,4.140839081E0,5.410498810E0
9.199477287E1,-4.090094604E0,4.197271729E0,4.596491547E0
9.200479888E1,-3.964954834E0,4.142335968E0,3.999233551E0
9.201482587E1,-3.708388367E0,4.149521027E0,3.689527588E0
9.202485287E1,-3.123255157E0,4.472399597E0,3.742367706E0
9.203487887E1,-2.206561432E0,5.166506195E0,4.152963867E0
9.204490587E1,-9.578581238E-1,6.201903076E0,4.690196686E0
9.205493187E1,1.147813110E0,7.664960632E0,4.965923309E0
9.206495887E1,4.129911804E0,9.663005676E0,4.892276459E0
9.207498587E1,6.627318420E0,1.180939224E1,4.663103027E0
9.208501187E1,8.372539215E0,1.382345398E1,4.289030914E0
9.209503887E1,9.611363068E0,1.545536041E1,4.360133057E0
9.210506588E1,1.072205338E1,1.664478699E1,5.014721832E0
9.211509187E1,1.201850739E1,1.760399231E1,6.033503265E0
9.212511888E1,1.384935013E1,1.870884476E1,6.649472351E0
9.213514487E1,1.650617523E1,1.872800491E1,5.805527344E0
9.214517188E1,1.870076157E1,1.748783386E1,3.644321594E0
9.215519887E1,1.962523911E1,1.592867615E1,1.155596924E0
9.216522488E1,1.926314209E1,1.468386475E1,-5.906716919E-1
9.217525187E1,1.840617416E1,1.382510056E1,-1.326092377E0
9.218527887E1,1.787358170E1,1.252385651E1,-1.037941589E0
9.219530488E1,1.727183304E1,1.038151154E1,-3.697311401E-2
9.220533187E1,1.584500015E1,7.997119904E0,1.115330658E0
9.221535887E1,1.356015152E1,5.823040924E0,1.961820374E0
9.222538487E1,1.080917221E1,3.837270355E0,2.549049225E0
9.223541187E1,8.364156647E0,2.222727814E0,2.978057098E0
9.224543787E1,6.718029785E0,7.991880798E-1,3.077151031E0
9.225546487E1,5.958958282E0,-5.697152710E-1,2.702330475E0
9.226549187E1,5.824088745E0,-1.754501495E0,1.910926208E0
9.227551787E1,5.895490265E0,-2.604284363E0,1.057251434E0
9.228554487E1,5.778283997E0,-3.290906525E0,2.155517578E-1
9.229557188E1,5.508993988E0,-3.951931915E0,-6.523434448E-1
9.230559787E1,5.126389618E0,-4.572691040E0,-1.582958221E0
9.231562488E1,4.469106445E0,-5.072651367E0,-2.605332184E0
9.232565087E1,3.481609955E0,-5.607489166E0,-3.821852417E0
9.233567788E1,1.924996948E0,-6.119274902E0,-4.870421906E0
9.234570487E1,3.188369751E-2,-6.367009735E0,-5.515729980E0
9.235573088E1,-1.343007202E0,-6.487509155E0,-5.855523376E0
9.236575787E1,-2.226020966E0,-6.557264099E0,-5.763614502E0
9.237578487E1,-2.478695526E0,-6.586603088E0,-5.525609436E0
9.238581087E1,-1.312770081E0,-6.327342224E0,-5.299579468E0
9.239583787E1,1.175505524E0,-5.824837189E0,-5.159770203E0
9.240586487E1,3.793710938E0,-4.854105835E0,-5.235961761E0
9.241589087E1,6.098318481E0,-3.356919250E0,-5.475763092E0
9.242591787E1,8.242160339E0,-1.689835968E0,-5.977819061E0
9.243594387E1,9.662257233E0,1.061293030E-1,-6.859186249E0
9.244597087E1,1.073253159E1,2.173629913E0,-7.198979645E0
9.245599788E1,1.363933685E1,4.550986176E0,-5.930667114E0
9.246602387E1,1.864657425E1,7.165299683E0,-3.853736115E0
9.247605088E1,2.445898727E1,9.742191010E0,-2.512375488E0
9.248607788E1,2.897853882E1,1.153366562E1,-2.659070435E0
9.249610388E1,3.069965973E1,1.256771530E1,-4.283642120E0
9.250613088E1,2.967698639E1,1.343815521E1,-6.206393738E0
9.251615688E1,2.715443207E1,1.380115036E1,-6.955136719E0
9.252618388E1,2.387100998E1,1.314910629E1,-6.791676636E0
9.253621087E1,2.000005966E1,1.207943069E1,-6.577172699E0
9.254623688E1,1.601729187E1,1.107187592E1,-6.461163940E0
9.255626387E1,1.244347366E1,1.013946487E1,-6.016438751E0
9.256629087E1,9.459728394E0,9.278754730E0,-5.127287750E0
9.257631687E1,6.978637848E0,8.518635406E0,-3.828289032E0
9.258634488E1,5.286406860E0,7.794441376E0,-1.925446014E0
9.259637087E1,4.124523010E0,7.234755249E0,2.435435486E-1
9.260639788E1,3.160078583E0,6.993307343E0,2.371069336E0
9.261642487E1,2.305056610E0,7.041956177E0,4.330345001E0
9.262645088E1,1.530866547E0,7.063211975E0,5.860163727E0
9.263647787E1,7.345225525E-1,6.854246521E0,6.663094025E0
9.264650487E1,-2.574645996E-2,6.591093750E0,6.739285583E0
9.265653087E1,-8.220904541E-1,6.551875305E0,6.364165649E0
9.266655787E1,-1.382974091E0,6.724765778E0,5.686674500E0
9.267658487E1,-1.398990784E0,6.928043060E0,4.787793732E0
9.268661087E1,-1.397044830E0,7.068600769E0,3.750899963E0
9.269663787E1,-1.627415771E0,7.156168671E0,2.934647369E0
9.270666387E1,-1.620679779E0,7.117998047E0,2.521356812E0
9.271669087E1,-1.462758179E0,7.248825989E0,2.447560272E0
9.272671788E1,-1.005010071E0,7.875123596E0,2.780917053E0
9.273674387E1,-3.652404785E-2,8.710985413E0,3.569926300E0
9.274677088E1,1.789828033E0,9.971963196E0,4.495601349E0
9.275679788E1,4.912783813E0,1.217508179E1,5.008434906E0
9.276682388E1,8.764573975E0,1.478625183E1,4.947810974E0
9.277685088E1,1.170595734E1,1.685973999E1,4.622088318E0
9.278687687E1,1.360266312E1,1.848326385E1,4.582271118E0
9.279690388E1,1.562465836E1,2.018492523E1,5.358107758E0
9.280693087E1,1.820169937E1,2.150158722E1,6.584956512E0
9.281695688E1,2.061992065E1,2.152493866E1,7.431446228E0
9.282698387E1,2.260763718E1,2.030183212E1,6.937473450E0
9.283701087E1,2.328512833E1,1.818388641E1,5.134921875E0
9.284703687E1,2.252994873E1,1.559711563E1,2.863844604E0
9.285706387E1,2.106030487E1,1.280871414E1,1.081501007E0
9.286708987E1,1.917347855E1,1.032522858E1,5.289999390E-1
9.287711687E1,1.722557922E1,8.215066681E0,1.052611084E0
9.288714387E1,1.533052002E1,6.092779999E0,2.064806213E0
9.289716987E1,1.338232132E1,3.807781677E0,2.842888184E0
9.290719687E1,1.125015518E1,1.457519073E0,3.153941345E0
9.291722388E1,8.875643005E0,-7.027885437E-1,3.074157257E0
9.292724987E1,6.404581604E0,-2.455194397E0,2.768642578E0
9.293727688E1,4.283043365E0,-3.963457947E0,2.330653381E0
9.294730287E1,2.759810944E0,-5.280569000E0,1.824555817E0
9.295732988E1,1.696721649E0,-6.315666504E0,1.340163116E0
9.296735688E1,9.482780457E-1,-7.055428162E0,7.105723572E-1
9.297738288E1,4.631369019E-1,-7.450756073E0,-7.289840698E-2
9.298740988E1,1.719923401E-1,-7.609875183E0,-1.099912720E0
9.299743687E1,1.185534668E-1,-7.750732269E0,-2.403851166E0
9.300746288E1,5.656736755E-1,-7.705376587E0,-3.889062653E0
9.301748987E1,1.268162842E0,-7.553292847E0,-5.482050018E0
9.302751588E1,1.784439240E0,-7.063062286E0,-7.038064270E0
9.303754287E1,1.820963287E0,-6.296805725E0,-8.217312012E0
9.304756987E1,1.660197601E0,-5.846991119E0,-8.869505768E0
9.305759587E1,1.373543701E0,-5.831124115E0,-8.874894562E0
9.306762287E1,1.266366577E0,-6.107599182E0,-8.439150696E0
9.307764987E1,1.514101410E0,-6.351292419E0,-7.611671448E0
9.308767587E1,2.290686493E0,-6.153553619E0,-6.593788147E0
9.309770287E1,4.077969818E0,-5.539081421E0,-5.609285431E0
9.310772887E1,6.443500671E0,-4.247118073E0,-4.930147705E0
9.311775587E1,8.856033783E0,-2.513722687E0,-5.184917908E0
9.312778288E1,1.088536377E1,-8.954379272E-1,-6.090684357E0
9.313780887E1,1.306617874E1,8.922944641E-1,-5.946085052E0
9.314783588E1,1.681962341E1,3.370391235E0,-4.193828888E0
9.315786287E1,2.196771790E1,6.513255615E0,-1.907333679E0
9.316788888E1,2.711700989E1,9.509874115E0,-4.355941772E-1
9.317791587E1,3.098975647E1,1.136990616E1,-2.832110596E-1
9.318794188E1,3.257496002E1,1.235815109E1,-1.272204437E0
9.319796887E1,3.149241119E1,1.311243256E1,-2.794838104E0
9.320799587E1,2.837708954E1,1.337034622E1,-4.055366821E0
9.321802187E1,2.471480530E1,1.275527527E1,-4.881498871E0
9.322804887E1,2.123933258E1,1.168455185E1,-5.313500519E0
9.323807587E1,1.807087143E1,1.063837738E1,-5.098098450E0
9.324810187E1,1.505030273E1,9.644593964E0,-4.387675781E0
9.325812887E1,1.220082825E1,8.774902496E0,-3.302881622E0
9.326815487E1,9.663005676E0,8.000413055E0,-1.921105042E0
9.327818187E1,7.654033356E0,7.337591400E0,-3.888912964E-1
9.328820888E1,5.997727661E0,6.876400452E0,1.168470154E0
9.329823487E1,4.515060883E0,6.560257874E0,2.528990936E0
9.330826187E1,3.491938477E0,6.412515106E0,3.605402527E0
9.331828888E1,3.064427490E0,6.525230713E0,4.473896484E0
9.332831487E1,2.808160400E0,6.737639008E0,5.009931793E0
9.333834188E1,2.496508484E0,6.983128510E0,5.199437714E0
9.334836887E1,2.030228119E0,7.184160461E0,5.124144287E0
9.335839488E1,1.459315338E0,7.293732605E0,4.882696381E0
9.336842187E1,8.370593262E-1,7.361691284E0,4.538262634E0
9.337844788E1,1.408570862E-1,7.259304199E0,4.193679199E0
9.338847487E1,-4.336482239E-1,7.007078705E0,3.786076813E0
9.339850187E1,-7.415579224E-1,6.630312195E0,3.630400543E0
9.340852787E1,-1.246308289E0,6.179749146E0,3.645519104E0
9.341855487E1,-1.700164490E0,5.750441895E0,3.739373932E0
9.342858087E1,-1.133592682E0,5.821394348E0,4.011058960E0
9.343860787E1,7.557783508E-1,6.730004883E0,4.438270569E0
9.344863487E1,3.529809723E0,8.128696289E0,4.635560303E0
9.345866087E1,6.314468994E0,9.781259766E0,4.313130798E0
9.346868787E1,9.508826294E0,1.171643555E1,3.413202209E0
9.347871488E1,1.280886383E1,1.368873413E1,2.315834198E0
9.348874087E1,1.572674606E1,1.499027756E1,1.551224213E0
9.349876788E1,1.848416199E1,1.556238785E1,1.232686615E0
9.350879387E1,2.067171295E1,1.554427551E1,9.246272278E-1
9.351882088E1,2.218476654E1,1.439436676E1,-6.646179199E-2
9.352884788E1,2.246842667E1,1.195009964E1,-1.867067413E0
9.353887388E1,2.151386169E1,9.280251617E0,-3.751199341E0
9.354890088E1,1.940714264E1,7.575297089E0,-5.292693787E0
9.355892787E1,1.711675552E1,7.075187073E0,-6.106401672E0
9.356895388E1,1.595651825E1,6.811585236E0,-6.108647003E0
9.357898087E1,1.537901917E1,6.167923737E0,-5.499413910E0
9.358900675E1,1.439272018E1,5.206622772E0,-4.254901886E0
9.359903375E1,1.275407776E1,4.006867676E0,-2.673440552E0
9.360906075E1,1.069750443E1,2.670596466E0,-1.152603149E0
9.361908675E1,8.697812805E0,1.400787048E0,-1.130149841E-1
9.362911375E1,7.271279297E0,2.912942505E-1,4.734654236E-1
9.363914075E1,6.695875854E0,-6.976991272E-1,6.421646118E-1
9.364916675E1,6.648424530E0,-1.638043671E0,3.381468201E-1
9.365919375E1,6.533762970E0,-2.254162445E0,-1.505868530E-1
9.366921975E1,6.099066925E0,-2.614014130E0,-7.243437195E-1
9.367924675E1,5.575455780E0,-2.842289429E0,-1.407073975E0
9.368927375E1,4.870870972E0,-3.101999359E0,-2.246378632E0
9.369929975E1,3.683839417E0,-3.485501862E0,-3.210972748E0
9.370932675E1,2.402803345E0,-4.047133942E0,-4.263284454E0
9.371935375E1,1.396745453E0,-4.612957306E0,-5.021008759E0
9.372937975E1,5.501060486E-1,-4.919669495E0,-5.414989471E0
9.373940675E1,2.275268555E-2,-4.927303619E0,-5.727988586E0
9.374943275E1,-5.224136353E-2,-5.053042145E0,-5.938450928E0
9.375945975E1,1.383123779E-1,-5.639821930E0,-6.036347351E0
9.376948675E1,6.182144165E-1,-6.409072266E0,-5.896238708E0
9.377951275E1,1.858086090E0,-6.934329987E0,-5.523962860E0
9.378953975E1,3.616030426E0,-7.011120300E0,-4.765939178E0
9.379956675E1,5.683081970E0,-6.471791840E0,-4.024231567E0
9.380959275E1,7.443571014E0,-5.317991180E0,-4.016298065E0
9.381961975E1,9.249415741E0,-3.658242645E0,-4.908891907E0
9.382964675E1,1.151061356E1,-1.357527008E0,-5.615123291E0
9.383967275E1,1.524804153E1,1.977837067E0,-5.472170563E0
9.384969975E1,2.028072601E1,5.382956085E0,-5.144202576E0
9.385972575E1,2.497556305E1,8.079598389E0,-5.329068146E0
9.386975275E1,2.794299225E1,9.705666962E0,-5.889502716E0
9.387977975E1,2.889546158E1,1.073762100E1,-6.271658020E0
9.388980575E1,2.814611984E1,1.177705948E1,-5.654192047E0
9.389983275E1,2.627291519E1,1.240545273E1,-4.350702667E0
9.390985975E1,2.356115433E1,1.230471222E1,-3.612587585E0
9.391988575E1,2.042472656E1,1.215202972E1,-3.506458282E0
9.392991275E1,1.736673569E1,1.192076065E1,-3.613934784E0
9.393993875E1,1.445364349E1,1.131976044E1,-3.772904205E0
9.394996575E1,1.140223892E1,1.046279251E1,-3.783981171E0
9.395999275E1,8.283624115E0,9.566755829E0,-3.284320221E0
9.397001875E1,5.515879669E0,8.693172455E0,-2.048639832E0
9.398004575E1,3.353925476E0,7.840994568E0,-3.034190369E-1
9.399007275E1,1.637295227E0,7.160809021E0,1.566642151E0
9.400009875E1,1.606159973E-1,6.702462158E0,3.327879639E0
9.401012575E1,-1.029559021E0,6.486760712E0,4.832999725E0
9.402015175E1,-2.057172089E0,6.483018494E0,5.766608276E0
9.403017875E1,-2.958747253E0,6.271358643E0,5.732928314E0
9.404020575E1,-3.702849884E0,5.947731628E0,5.081183624E0
9.405023175E1,-4.013304291E0,5.687422943E0,4.315376129E0
9.406025875E1,-3.744163971E0,5.638774109E0,3.595523071E0
9.407028575E1,-3.387006683E0,5.548062744E0,2.959944763E0
9.408031175E1,-3.257825317E0,5.345533905E0,2.471360779E0
9.409033875E1,-3.139421539E0,5.281616821E0,2.277513885E0
9.410036475E1,-2.841540985E0,5.473368073E0,2.435585175E0
9.411039175E1,-1.947150879E0,6.084247742E0,2.750380554E0
9.412041875E1,-3.454815674E-1,7.025041351E0,3.156935120E0
9.413044475E1,1.452130280E0,8.205785980E0,3.551514587E0
9.414047175E1,3.921245728E0,1.000160156E1,3.921994171E0
9.415049875E1,7.392377472E0,1.238883728E1,3.883374481E0
9.416052475E1,1.071352112E1,1.440035431E1,3.382516022E0
9.417055175E1,1.268866379E1,1.596654739E1,3.056044922E0
9.418057775E1,1.356494156E1,1.750414993E1,3.822002106E0
9.419060475E1,1.478041397E1,1.898038010E1,5.172942810E0
9.420063175E1,1.697874252E1,2.014406021E1,5.910309448E0
9.421065775E1,1.987911118E1,1.975591736E1,4.886887665E0
9.422068475E1,2.208357697E1,1.773392212E1,2.151775360E0
9.423071175E1,2.242696289E1,1.540476563E1,-1.135239258E0
9.424073775E1,2.167851929E1,1.320269485E1,-3.534450073E0
9.425076475E1,2.001218445E1,1.155671768E1,-4.518204346E0
9.426079075E1,1.828702194E1,1.005384293E1,-4.238735504E0
9.427081775E1,1.674597656E1,8.165370026E0,-3.152594147E0
9.428084475E1,1.492995300E1,5.989345093E0,-1.844314728E0
9.429087075E1,1.253358627E1,3.806434479E0,-7.976911926E-1
9.430089775E1,9.874366150E0,1.803150330E0,1.646575928E-3
9.431092475E1,7.481442261E0,1.257385254E-2,8.800199890E-1
9.432095075E1,5.478607178E0,-1.527423706E0,1.835333405E0
9.433097775E1,3.889362030E0,-2.813100128E0,2.617307281E0
9.434100375E1,2.880160675E0,-3.847898254E0,2.908900909E0
9.435103075E1,2.546654205E0,-4.770280151E0,2.656525726E0
9.436105775E1,2.537972260E0,-5.590125275E0,1.810634766E0
9.437108375E1,2.591411133E0,-6.152954865E0,6.520440674E-1
9.438111075E1,2.810405731E0,-6.631659393E0,-7.092251587E-1
9.439113775E1,2.948119354E0,-7.072043610E0,-2.224374390E0
9.440116375E1,2.816542969E0,-7.469467163E0,-4.020040283E0
9.441119075E1,2.341880035E0,-7.990383911E0,-5.833818512E0
9.442121775E1,1.547931061E0,-8.031248932E0,-7.129374390E0
9.443124375E1,9.172924805E-1,-7.876321106E0,-7.874225464E0
9.444127075E1,7.288343811E-1,-7.982749786E0,-8.191715240E0
9.445129675E1,8.355624390E-1,-8.219108276E0,-8.090076599E0
9.446132375E1,1.151106262E0,-8.498726807E0,-7.676786041E0
9.447135075E1,2.565964050E0,-8.226443024E0,-7.311395874E0
9.448137675E1,4.630470886E0,-7.459138641E0,-7.314539337E0
9.449140375E1,6.399641876E0,-6.048023071E0,-7.802823944E0
9.450143075E1,7.639064484E0,-4.258195038E0,-8.932674408E0
9.451145675E1,9.003926239E0,-2.392025757E0,-1.004501129E1
9.452148375E1,1.200578384E1,1.203497314E-1,-9.946815491E0
9.453150975E1,1.724159592E1,3.587140503E0,-8.265062714E0
9.454153675E1,2.319142319E1,7.297474823E0,-6.203250275E0
9.455156375E1,2.888258835E1,1.038705002E1,-5.209317169E0
9.456158975E1,3.270204575E1,1.234063751E1,-5.315895538E0
9.457161675E1,3.314617218E1,1.379905472E1,-5.551206207E0
9.458164375E1,3.090323639E1,1.494836472E1,-5.005141754E0
9.459166925E1,2.759272064E1,1.525298126E1,-3.563339996E0
9.460169625E1,2.394989594E1,1.486888000E1,-2.217488708E0
9.461172225E1,2.027039749E1,1.424363022E1,-1.584455109E0
9.462174925E1,1.689865906E1,1.360805191E1,-1.456920319E0
9.463177625E1,1.403152130E1,1.288131317E1,-1.447190552E0
9.464180225E1,1.148007706E1,1.211864914E1,-1.208586731E0
9.465182925E1,9.291478271E0,1.140104141E1,-4.426295471E-1
9.466185625E1,7.541617126E0,1.059841049E1,8.309220886E-1
9.467188225E1,5.844745789E0,9.914183350E0,2.181563416E0
9.468190925E1,4.174069977E0,9.381141815E0,3.275787964E0
9.469193525E1,2.689157867E0,8.902137909E0,4.049229584E0
9.470196225E1,1.429227905E0,8.434510345E0,4.445455627E0
9.471198925E1,4.062551880E-1,8.013885040E0,4.420906677E0
9.472201525E1,-3.092568970E-1,7.633076935E0,4.037254486E0
9.473204225E1,-5.960604858E-1,7.161108398E0,3.460952911E0
9.474206925E1,-6.456074524E-1,6.785988464E0,2.878963165E0
9.475209525E1,-5.730084229E-1,6.509513397E0,2.216440887E0
9.476212225E1,-4.546046448E-1,6.269861755E0,1.445843353E0
9.477214825E1,-5.572911072E-1,5.876330109E0,7.656578064E-1
9.478217525E1,-9.752220154E-1,5.307063904E0,3.954776001E-1
9.479220225E1,-1.323397980E0,4.849764862E0,4.802014160E-1
9.480222825E1,-1.294208679E0,4.877606964E0,1.153351593E0
9.481225525E1,-6.071374512E-1,5.315895538E0,2.386487274E0
9.482228225E1,1.003962250E0,6.138584747E0,3.431613922E0
9.483230825E1,3.435356140E0,7.668104095E0,3.820056152E0
9.484233525E1,6.293961639E0,9.607920227E0,3.272195435E0
9.485236125E1,9.458530884E0,1.181238602E1,2.218386841E0
9.486238825E1,1.259346176E1,1.400382889E1,1.343456268E0
9.487241525E1,1.550251236E1,1.577943649E1,1.290915527E0
9.488244125E1,1.819930435E1,1.686393127E1,1.904339905E0
9.489246825E1,2.050630692E1,1.685959030E1,2.080074463E0
9.490249425E1,2.182970490E1,1.552496567E1,1.194965057E0
9.491252125E1,2.157912598E1,1.356119934E1,-7.662565613E-1
9.492254825E1,1.981399658E1,1.160506714E1,-3.278632050E0
9.493257425E1,1.730386642E1,1.010713211E1,-5.459596710E0
9.494260125E1,1.526031601E1,9.356592865E0,-6.220165100E0
9.495262825E1,1.471589813E1,8.999136200E0,-5.326972504E0
9.496265425E1,1.503593262E1,8.259075165E0,-3.713926849E0
9.497268125E1,1.455977280E1,7.025340729E0,-2.239942017E0
9.498270725E1,1.302621185E1,5.691015472E0,-7.520361328E-1
9.499273425E1,1.080513062E1,4.186494141E0,4.619393921E-1
9.500276125E1,8.559201050E0,2.566562805E0,1.340013428E0
9.501278725E1,6.673572235E0,1.246158600E0,2.066153412E0
9.502281425E1,5.403313751E0,3.291654968E-1,2.665057983E0
9.503284125E1,4.873415680E0,-5.298980713E-1,2.806813202E0
9.504286725E1,4.905000000E0,-1.504820709E0,2.398462372E0
9.505289425E1,5.030588837E0,-2.337988129E0,1.642534332E0
9.506292025E1,4.976850586E0,-3.045267334E0,7.720944214E-1
9.507294725E1,4.675227814E0,-3.643872528E0,-1.571731567E-1
9.508297425E1,4.248764648E0,-4.246219940E0,-1.137783966E0
9.509300025E1,3.669768677E0,-4.789140930E0,-2.115700378E0
9.510302725E1,2.920876007E0,-5.223986664E0,-3.191662903E0
9.511305425E1,2.133363647E0,-5.586832123E0,-4.205504608E0
9.512308025E1,1.213676147E0,-5.994284821E0,-4.827311554E0
9.513310725E1,4.137396240E-1,-6.290518799E0,-5.081632690E0
9.514313325E1,9.430389404E-2,-6.565197601E0,-5.133424988E0
9.515316025E1,-8.397537231E-2,-6.869814148E0,-5.188061371E0
9.516318725E1,1.049317932E-1,-6.907835083E0,-4.986879730E0
9.517321325E1,1.492097168E0,-6.497687988E0,-4.650379486E0
9.518324025E1,4.061504059E0,-5.613925781E0,-4.734953613E0
9.519326625E1,6.516698456E0,-4.117038574E0,-5.649701385E0
9.520329325E1,8.445737000E0,-2.209255829E0,-6.885830841E0
9.521332025E1,1.051802765E1,-6.092330933E-2,-7.524851990E0
9.522334625E1,1.435604645E1,2.944227448E0,-7.063211975E0
9.523337325E1,1.965427872E1,6.204148407E0,-6.182742920E0
9.524340025E1,2.448727844E1,8.771160278E0,-5.818849640E0
9.525342625E1,2.756562698E1,1.027208908E1,-6.091582489E0
9.526345325E1,2.863141068E1,1.145283371E1,-6.653513947E0
9.527347925E1,2.825239883E1,1.261247223E1,-6.973847809E0
9.528350625E1,2.660223038E1,1.308518921E1,-6.894662476E0
9.529353325E1,2.395932632E1,1.276560379E1,-6.922803955E0
9.530355925E1,2.077529755E1,1.215637070E1,-7.018455048E0
9.531358625E1,1.739023682E1,1.153501282E1,-6.794520721E0
9.532361325E1,1.416923492E1,1.079480209E1,-6.107748871E0
9.533363925E1,1.131152756E1,9.989776154E0,-4.934039612E0
9.534366625E1,8.903934174E0,9.270072784E0,-3.486549683E0
9.535369225E1,7.048243103E0,8.647218018E0,-1.837129669E0
9.536371925E1,5.776338043E0,8.143814850E0,-1.574725342E-1
9.537374625E1,4.747976532E0,7.735913086E0,1.449286194E0
9.538377225E1,3.595972137E0,7.385491791E0,2.888992310E0
9.539379925E1,2.309247894E0,7.122488708E0,4.053720245E0
9.540382525E1,1.251996460E0,6.845863953E0,4.815635834E0
9.541385225E1,5.120851135E-1,6.472240906E0,5.169799347E0
9.542387925E1,4.685256958E-2,6.216273193E0,5.119803314E0
9.543390525E1,-2.486329651E-1,6.132746887E0,4.852309570E0
9.544393225E1,-6.997947693E-1,6.060746613E0,4.540507965E0
9.545395925E1,-1.432221680E0,5.822142792E0,4.211043091E0
9.546398525E1,-1.885179749E0,5.589676208E0,3.879931641E0
9.547401225E1,-2.319576416E0,5.312003632E0,3.664080505E0
9.548403825E1,-2.652334442E0,5.263654175E0,3.758085022E0
9.549406525E1,-2.451003113E0,5.719606018E0,4.080215149E0
9.550409225E1,-1.253044281E0,6.738537140E0,4.308191071E0
9.551411825E1,5.812413025E-1,8.034392395E0,4.124972076E0
9.552414525E1,3.332519989E0,9.882748718E0,3.493285675E0
9.553417225E1,6.178551636E0,1.206326431E1,2.818039856E0
9.554419825E1,8.714877319E0,1.451741089E1,2.294728088E0
9.555422525E1,1.126632156E1,1.663176407E1,2.006427612E0
9.556425125E1,1.403661072E1,1.820379501E1,1.925745392E0
9.557427825E1,1.670481216E1,1.937675583E1,1.841021576E0
9.558430533E1,1.866528534E1,1.967882767E1,1.456770630E0
9.559433133E1,1.979139359E1,1.861364273E1,5.583389282E-1
9.560435833E1,1.957868591E1,1.661724426E1,-6.637197876E-1
9.561438433E1,1.793719940E1,1.445918198E1,-1.740430756E0
9.562441133E1,1.588167389E1,1.260004807E1,-2.293081512E0
9.563443833E1,1.438837921E1,1.122515717E1,-2.308798828E0
9.564446433E1,1.398077682E1,1.020817200E1,-1.821861420E0
9.565449133E1,1.406280624E1,9.038654022E0,-9.377998352E-1
9.566451833E1,1.384710480E1,7.449708252E0,-2.981799316E-1
9.567454433E1,1.319715637E1,5.785019989E0,2.118095398E-1
9.568457133E1,1.202823715E1,4.101321259E0,6.122268677E-1
9.569459733E1,1.054227722E1,2.446063385E0,8.529263306E-1
9.570462433E1,9.007069702E0,9.135502625E-1,8.279283142E-1
9.571465133E1,7.670349426E0,-5.092410278E-1,6.346801758E-1
9.572467733E1,6.603667603E0,-1.791923676E0,2.842588806E-1
9.573470433E1,5.558391266E0,-2.936293945E0,-2.374063110E-1
9.574473033E1,4.459077301E0,-3.910019073E0,-8.393046570E-1
9.575475733E1,3.306773529E0,-4.738097076E0,-1.418001251E0
9.576478433E1,2.299518127E0,-5.450016632E0,-1.890568542E0
9.577481033E1,1.726659393E0,-6.047124939E0,-2.228565674E0
9.578483733E1,1.545236664E0,-6.496939545E0,-2.532284088E0
9.579486433E1,1.816023560E0,-6.589297485E0,-3.075953522E0
9.580489033E1,2.050436096E0,-6.542444916E0,-3.977528687E0
9.581491733E1,1.237626343E0,-6.734196167E0,-4.836143188E0
9.582494333E1,-1.207987976E-1,-6.998396759E0,-5.400319977E0
9.583497033E1,-9.494755554E-1,-7.141199799E0,-5.555696869E0
9.584499733E1,-8.321195984E-1,-7.127877502E0,-5.361251221E0
9.585502333E1,5.008584595E-1,-6.791826324E0,-5.094206543E0
9.586505033E1,2.691253510E0,-5.981561279E0,-5.069807281E0
9.587507633E1,4.858147430E0,-4.524790649E0,-5.551804962E0
9.588510333E1,6.683451691E0,-2.305805054E0,-6.542594604E0
9.589513033E1,9.153614960E0,1.107696533E-1,-7.590565338E0
9.590515633E1,1.407208694E1,3.360362091E0,-7.928861847E0
9.591518333E1,2.095282837E1,7.180268555E0,-7.482639771E0
9.592520933E1,2.752955200E1,1.063268921E1,-6.796316986E0
9.593523633E1,3.138313843E1,1.289388702E1,-6.417155457E0
9.594526333E1,3.198488708E1,1.406250687E1,-6.749464417E0
9.595528933E1,2.972548553E1,1.441592194E1,-7.296726379E0
9.596531633E1,2.590483063E1,1.398017807E1,-7.068900146E0
9.597534333E1,2.211561035E1,1.305644897E1,-6.092330933E0
9.598536933E1,1.868339767E1,1.226250000E1,-5.080435181E0
9.599539633E1,1.564711166E1,1.164233963E1,-4.524940338E0
9.600542233E1,1.300061508E1,1.088701035E1,-4.316573639E0
9.601544933E1,1.041803558E1,1.005893234E1,-3.920497284E0
9.602547633E1,8.041278076E0,9.220675507E0,-2.894381104E0
9.603550233E1,6.164480896E0,8.550369415E0,-1.293160858E0
9.604552933E1,4.718338165E0,8.067623291E0,5.436694336E-1
9.605555533E1,3.521726532E0,7.712861023E0,2.231260071E0
9.606558233E1,2.379751282E0,7.500901794E0,3.541784821E0
9.607560933E1,1.575324097E0,7.197482758E0,4.414170685E0
9.608563533E1,1.025667114E0,6.828050995E0,4.853357391E0
9.609566233E1,5.992039490E-1,6.691834259E0,4.927453308E0
9.610568933E1,3.433859253E-1,6.760541382E0,4.655768280E0
9.611571533E1,1.390608215E-1,6.768624573E0,4.053121490E0
9.612574233E1,-6.286926270E-3,6.862928467E0,3.313210144E0
9.613576833E1,6.735992432E-3,7.106472015E0,2.539918213E0
9.614579533E1,-4.155358887E-1,7.133715363E0,2.034419403E0
9.615582233E1,-1.036145325E0,6.832841034E0,1.977837067E0
9.616584833E1,-1.490749969E0,6.413562927E0,2.398761749E0
9.617587533E1,-1.907633057E0,6.304589539E0,3.245401154E0
9.618590133E1,-1.552870789E0,6.660549316E0,4.125271454E0
9.619592833E1,-2.395019531E-2,7.599995728E0,4.841531982E0
9.620595533E1,2.357297974E0,8.834478607E0,4.854554901E0
9.621598133E1,5.464237061E0,1.038540344E1,4.178860016E0
9.622600833E1,8.322393494E0,1.225007584E1,3.236270142E0
9.623603433E1,1.036429733E1,1.376597351E1,2.419418793E0
9.624606133E1,1.194411209E1,1.487905884E1,2.266436920E0
9.625608833E1,1.337334000E1,1.583182755E1,2.801424408E0
9.626611433E1,1.477652206E1,1.640438690E1,3.372486877E0
9.627614133E1,1.629706009E1,1.621143814E1,3.431763611E0
9.628616733E1,1.748708542E1,1.581206863E1,2.637964325E0
9.629619433E1,1.820529190E1,1.481469269E1,7.960446167E-1
9.630622133E1,1.803150330E1,1.312964676E1,-1.325942688E0
9.631624733E1,1.725132568E1,1.145492935E1,-2.653382263E0
9.632627433E1,1.646710648E1,1.053569092E1,-3.083138580E0
9.633630133E1,1.634765488E1,1.005219635E1,-2.770887909E0
9.634632733E1,1.647923126E1,9.048234100E0,-2.009571075E0
9.635635433E1,1.596385300E1,7.472910004E0,-1.249451752E0
9.636638033E1,1.431263672E1,5.909860382E0,-5.623805237E-1
9.637640733E1,1.179681839E1,4.480183411E0,4.385879517E-2
9.638643433E1,9.116342468E0,2.930156708E0,5.361849976E-1
9.639646033E1,7.131020966E0,1.561253357E0,9.259744263E-1
9.640648733E1,6.064488831E0,4.144880676E-1,1.039139099E0
9.641651333E1,5.671555939E0,-6.834786987E-1,7.746391296E-1
9.642654033E1,5.582640839E0,-1.684896240E0,1.655557251E-1
9.643656733E1,5.501509552E0,-2.514471130E0,-5.501060486E-1
9.644659333E1,5.294639740E0,-3.114722900E0,-1.208137665E0
9.645662033E1,5.066663818E0,-3.818259888E0,-1.950444031E0
9.646664733E1,4.796625366E0,-4.586462402E0,-2.886896667E0
9.647667333E1,4.440216522E0,-4.982239380E0,-3.962260437E0
9.648670033E1,3.779939575E0,-5.370082855E0,-4.897216187E0
9.649672633E1,2.484832764E0,-5.570216675E0,-5.595663757E0
9.650675333E1,1.009650421E0,-5.816903687E0,-6.084996185E0
9.651678033E1,-3.143463135E-1,-6.192173309E0,-6.147715759E0
9.652680633E1,-1.210233307E0,-6.634503479E0,-5.819298706E0
9.653683333E1,-1.326691132E0,-7.216792603E0,-5.297034760E0
9.654685933E1,-4.445755005E-1,-7.168742523E0,-4.773573303E0
9.655688633E1,1.345551910E0,-6.338868256E0,-4.380490723E0
9.656691333E1,4.196373596E0,-4.921016693E0,-4.794679413E0
9.657693933E1,7.045698395E0,-3.176993408E0,-6.103108521E0
9.658696633E1,9.454040222E0,-9.662406921E-1,-7.632927246E0
9.659699233E1,1.154579041E1,1.278191986E0,-8.571924591E0
9.660701933E1,1.405307648E1,3.849993896E0,-8.304879913E0
9.661704633E1,1.735805374E1,6.797364807E0,-7.066355438E0
9.662707233E1,2.127974854E1,9.369166718E0,-6.026467896E0
9.663709933E1,2.445389786E1,1.084404968E1,-5.867947540E0
9.664712533E1,2.568448883E1,1.153216873E1,-6.223158875E0
9.665715233E1,2.505864029E1,1.218391342E1,-6.206992493E0
9.666717933E1,2.335638016E1,1.255978180E1,-5.433401184E0
9.667720533E1,2.121972336E1,1.231788483E1,-4.617897034E0
9.668723233E1,1.884566025E1,1.192719727E1,-4.353995819E0
9.669725933E1,1.616114273E1,1.161150375E1,-4.457879791E0
9.670728533E1,1.344055023E1,1.122171432E1,-4.883893890E0
9.671731233E1,1.095422058E1,1.061816940E1,-4.936434631E0
9.672733833E1,8.880582733E0,9.963580627E0,-4.017046509E0
9.673736533E1,7.286846924E0,9.204808502E0,-2.602787476E0
9.674739233E1,6.116730194E0,8.456813965E0,-1.081650696E0
9.675741833E1,5.208419037E0,7.942782898E0,4.025129700E-1
9.676744533E1,4.177662506E0,7.504494324E0,1.627715149E0
9.677747133E1,3.058589630E0,7.170838165E0,2.629132690E0
9.678749833E1,2.063459015E0,6.895859985E0,3.388952637E0
9.679752533E1,1.321002960E0,6.736890564E0,3.862118683E0
9.680755133E1,6.932084656E-1,6.560706940E0,4.047283630E0
9.681757833E1,-1.080752563E-1,6.400240631E0,3.956422577E0
9.682760433E1,-1.085392914E0,6.233337708E0,3.757186890E0
9.683763133E1,-1.458866272E0,6.109844513E0,3.591182098E0
9.684765833E1,-1.498982849E0,5.936504974E0,3.530408478E0
9.685768433E1,-1.716181183E0,5.663622437E0,3.485950928E0
9.686771133E1,-1.798060913E0,5.555247803E0,3.451372833E0
9.687773733E1,-1.765728149E0,5.593119049E0,3.356021118E0
9.688776433E1,-1.297202454E0,6.091133423E0,3.407514038E0
9.689779133E1,1.737886047E-1,6.841223602E0,3.493585052E0
9.690781733E1,2.272873535E0,7.909701691E0,3.292553101E0
9.691784433E1,4.649181976E0,9.515412598E0,2.934497681E0
9.692787033E1,7.164102173E0,1.143337418E1,2.079775085E0
9.693789733E1,9.300309906E0,1.330598007E1,1.044677582E0
9.694792433E1,1.099583405E1,1.499970795E1,5.592370605E-1
9.695795033E1,1.323817108E1,1.660691574E1,7.318281555E-1
9.696797733E1,1.600875961E1,1.754276962E1,1.190324707E0
9.697800333E1,1.832848572E1,1.741538452E1,1.198707275E0
9.698803033E1,1.936283478E1,1.644869476E1,3.427871704E-2
9.699805733E1,1.868803802E1,1.491977417E1,-1.927092590E0
9.700808333E1,1.727841934E1,1.321945999E1,-3.628005524E0
9.701811033E1,1.598795288E1,1.205413330E1,-4.578229523E0
9.702813633E1,1.520044052E1,1.144460083E1,-4.910837860E0
9.703816333E1,1.535461990E1,1.094329330E1,-4.520299988E0
9.704819033E1,1.569695801E1,9.954748993E0,-3.536096649E0
9.705821633E1,1.506976227E1,8.507708130E0,-2.229014740E0
9.706824333E1,1.339594299E1,6.931635590E0,-9.228309631E-1
9.707827033E1,1.106663681E1,5.215753784E0,2.350112915E-1
9.708829633E1,8.706644440E0,3.541784821E0,1.201850739E0
9.709832333E1,7.011719055E0,1.946252747E0,1.738035736E0
9.710834933E1,6.139482880E0,3.556604004E-1,1.734742584E0
9.711837633E1,5.770799561E0,-1.149759064E0,1.160386963E0
9.712840333E1,5.610632629E0,-2.301464081E0,1.865121460E-1
9.713842933E1,5.567073212E0,-3.185825043E0,-9.933343506E-1
9.714845633E1,5.515580292E0,-3.914809113E0,-2.181264038E0
9.715848233E1,5.096152496E0,-4.606071625E0,-3.249442749E0
9.716850933E1,4.227508850E0,-5.278323669E0,-4.166435852E0
9.717853633E1,2.750081177E0,-5.853577423E0,-4.878355408E0
9.718856233E1,1.108894043E0,-6.303841095E0,-5.250780945E0
9.719858933E1,-3.966751099E-1,-6.621630249E0,-5.317841492E0
9.720861533E1,-1.586401062E0,-6.949897614E0,-5.391338654E0
9.721864233E1,-2.308349762E0,-7.148384857E0,-5.405559082E0
9.722866933E1,-2.650538177E0,-7.197632446E0,-5.158273315E0
9.723869533E1,-1.604214020E0,-6.650969238E0,-4.580175476E0
9.724872233E1,1.340163116E0,-5.463937683E0,-4.303251343E0
9.725874833E1,4.677173767E0,-3.889362030E0,-5.003495178E0
9.726877533E1,8.295449524E0,-1.623224487E0,-6.631210327E0
9.727880233E1,1.132604736E1,7.819738770E-1,-8.770112457E0
9.728882833E1,1.325284058E1,3.111579437E0,-1.052236862E1
9.729885533E1,1.521376282E1,5.347330170E0,-1.099328934E1
9.730888133E1,1.759007126E1,7.618108063E0,-9.662855988E0
9.731890833E1,2.011247589E1,9.617051239E0,-7.593559113E0
9.732893533E1,2.230406845E1,1.080078964E1,-6.121969299E0
9.733896133E1,2.353241409E1,1.134430939E1,-5.431305542E0
9.734898833E1,2.369946671E1,1.175520493E1,-5.142705688E0
9.735901433E1,2.287707687E1,1.197464859E1,-4.722080383E0
9.736904133E1,2.100626724E1,1.190683960E1,-3.964954834E0
9.737906833E1,1.820020248E1,1.158875107E1,-3.562890930E0
9.738909433E1,1.524519745E1,1.112561417E1,-3.666924591E0
9.739912133E1,1.265917511E1,1.039752823E1,-3.849844208E0
9.740914733E1,1.028017227E1,9.472451935E0,-3.794160004E0
9.741917433E1,8.092172241E0,8.722810822E0,-3.440295868E0
9.742920133E1,6.207591248E0,8.107590179E0,-2.813848572E0
9.743922733E1,4.774920502E0,7.501201172E0,-1.740281067E0
9.744925433E1,3.744463348E0,7.013515320E0,-3.652404785E-1
9.745928033E1,2.934946747E0,6.715335388E0,1.103355560E0
9.746930733E1,2.210453339E0,6.661148071E0,2.452050934E0
9.747933433E1,1.567989349E0,6.681805115E0,3.472029877E0
9.748936033E1,1.233435059E0,6.736142120E0,3.992497559E0
9.749938733E1,1.061143341E0,6.890471191E0,3.915856934E0
9.750941333E1,1.026265869E0,7.072043610E0,3.497476959E0
9.751944033E1,8.845106506E-1,7.145091705E0,3.057990875E0
9.752946733E1,3.749702454E-1,7.115603027E0,2.799777832E0
9.753949333E1,-2.272274780E-1,7.001989288E0,2.955603790E0
9.754952033E1,-4.056564331E-1,6.740034027E0,3.323688354E0
9.755954633E1,-3.212319946E-1,6.699618073E0,3.630250854E0
9.756957333E1,-8.442443848E-2,7.011269989E0,3.863765259E0
9.757960033E1,5.733078003E-2,7.532037048E0,3.924987946E0
9.758962662E1,7.222480774E-1,8.323291626E0,3.822151794E0
9.759965363E1,2.447560272E0,9.416767731E0,3.763324127E0
9.760967962E1,4.862937469E0,1.123937759E1,3.295247498E0
9.761970663E1,7.256460114E0,1.323802139E1,2.319426727E0
9.762973362E1,9.202712860E0,1.501617371E1,1.483864288E0
9.763975963E1,1.096140564E1,1.648536850E1,1.327738953E0
9.764978662E1,1.266486328E1,1.768871613E1,1.927990723E0
9.765981263E1,1.473490860E1,1.840048599E1,2.514171753E0
9.766983962E1,1.746553024E1,1.849284393E1,2.297422485E0
9.767986662E1,1.994662079E1,1.742945526E1,6.872209167E-1
9.768989262E1,2.100267471E1,1.537886948E1,-1.573827209E0
9.769991962E1,2.046154999E1,1.303923477E1,-3.218756561E0
9.770994562E1,1.902828049E1,1.119132751E1,-3.536695404E0
9.771997262E1,1.736389160E1,9.961934052E0,-2.702330475E0
9.772999962E1,1.595891327E1,8.678203583E0,-1.651665344E0
9.774002562E1,1.452055435E1,7.089856567E0,-1.120719452E0
9.775005262E1,1.276425659E1,5.501509552E0,-9.895921326E-1
9.776007862E1,1.074330917E1,4.049978027E0,-8.457412720E-1
9.777010562E1,8.820557556E0,2.684667206E0,-6.179150391E-1
9.778013263E1,7.254663849E0,1.473535767E0,-3.963757324E-1
9.779015862E1,6.333928528E0,4.400848389E-1,-3.628454590E-1
9.780018563E1,6.118825836E0,-5.858816528E-1,-5.261558533E-1
9.781021162E1,6.035299530E0,-1.595681763E0,-8.794212341E-1
9.782023862E1,5.785918121E0,-2.386487274E0,-1.348845062E0
9.783026563E1,5.374723206E0,-3.040177917E0,-1.874102783E0
9.784029162E1,4.738845520E0,-3.623514862E0,-2.420915680E0
9.785031863E1,3.996389465E0,-4.169429626E0,-2.861898651E0
9.786034462E1,3.292852478E0,-4.860243073E0,-3.122207336E0
9.787037163E1,2.717149658E0,-5.488486633E0,-3.457360382E0
9.788039862E1,1.972298584E0,-5.906567230E0,-3.963158569E0
9.789042463E1,9.978250122E-1,-6.202052765E0,-4.521347809E0
9.790045162E1,1.414558411E-1,-6.466702423E0,-5.109923859E0
9.791047763E1,-4.965174866E-1,-6.755451965E0,-5.625002747E0
9.792050462E1,-7.786807251E-1,-7.039411469E0,-5.840853882E0
9.793053162E1,-2.377056885E-1,-7.162754974E0,-5.676795044E0
9.794055762E1,1.531914368E0,-6.558760986E0,-5.354215851E0
9.795058462E1,4.117487640E0,-5.368436279E0,-5.508095856E0
9.796061062E1,6.822512512E0,-3.889362030E0,-6.436016235E0
9.797063762E1,9.205856323E0,-2.154918823E0,-7.883655853E0
9.798066462E1,1.145747406E1,5.777984619E-2,-9.112151184E0
9.799069062E1,1.432057022E1,2.431693268E0,-9.188642120E0
9.800071762E1,1.781535278E1,5.144352264E0,-7.798782349E0
9.801074362E1,2.186503143E1,8.129893799E0,-5.864355011E0
9.802077062E1,2.572759918E1,1.011132339E1,-4.753065948E0
9.803079763E1,2.767415131E1,1.097053665E1,-4.926704865E0
9.804082362E1,2.707704300E1,1.153097122E1,-5.670059052E0
9.805085063E1,2.482602402E1,1.199575470E1,-5.901028748E0
9.806087662E1,2.185260727E1,1.202284836E1,-5.511838074E0
9.807090363E1,1.883862488E1,1.165311722E1,-5.310656433E0
9.808093063E1,1.595981140E1,1.127335693E1,-5.428012390E0
9.809095663E1,1.327379700E1,1.101439545E1,-5.269342346E0
9.810098363E1,1.100436630E1,1.062999481E1,-4.745731201E0
9.811100962E1,9.013057251E0,1.016087036E1,-3.783831482E0
9.812103663E1,7.395071869E0,9.664951630E0,-2.376009064E0
9.813106362E1,5.945635986E0,9.183702393E0,-7.382647705E-1
9.814108963E1,4.417463837E0,8.856632538E0,8.502319336E-1
9.815111662E1,3.059936829E0,8.501870270E0,2.267035675E0
9.816114263E1,1.944905548E0,8.159232788E0,3.474724274E0
9.817116962E1,1.106798401E0,7.879015503E0,4.347559204E0
9.818119662E1,5.812413025E-1,7.685467987E0,4.782704315E0
9.819122262E1,2.483335876E-1,7.529342651E0,4.655019836E0
9.820124962E1,-1.815724182E-1,7.260801086E0,4.014950867E0
9.821127562E1,-7.343728638E-1,6.867119751E0,3.217109985E0
9.822130262E1,-9.812095642E-1,6.613696747E0,2.574346619E0
9.823132962E1,-7.420069885E-1,6.544241180E0,2.085163879E0
9.824135562E1,-5.195695496E-1,6.381529541E0,1.773212585E0
9.825138262E1,-5.131329346E-1,6.196214905E0,1.908231812E0
9.826140862E1,-6.251000977E-1,6.150260468E0,2.391726379E0
9.827143562E1,-4.334985352E-1,6.465055847E0,2.994073792E0
9.828146263E1,5.239105225E-1,7.194189606E0,3.600462799E0
9.829148862E1,2.624342651E0,8.369545441E0,3.784729614E0
9.830151563E1,5.461692352E0,9.846973114E0,3.074606323E0
9.831154162E1,8.682993622E0,1.170640640E1,2.156415710E0
9.832156863E1,1.153606064E1,1.337932755E1,1.407972107E0
9.833159462E1,1.343067078E1,1.435245392E1,8.943901062E-1
9.834162163E1,1.458671677E1,1.505733810E1,1.185384979E0
9.835164863E1,1.550415894E1,1.538470734E1,2.033221893E0
9.836167463E1,1.642833710E1,1.553738983E1,2.207010498E0
9.837170163E1,1.756597137E1,1.476020599E1,7.909552002E-1
9.838172763E1,1.807910431E1,1.302082306E1,-1.715881805E0
9.839175463E1,1.733335510E1,1.122934845E1,-4.152664490E0
9.840178162E1,1.590337875E1,1.021281235E1,-5.460345154E0
9.841180763E1,1.478924561E1,1.003558090E1,-5.445975037E0
9.842183462E1,1.484283417E1,9.735305328E0,-4.340224457E0
9.843186063E1,1.497500931E1,8.822503510E0,-2.815046082E0
9.844188762E1,1.428060333E1,7.621251526E0,-1.506018219E0
9.845191462E1,1.286155426E1,6.416257324E0,-2.050735474E-1
9.846194062E1,1.073013657E1,5.047204285E0,8.226892090E-1
9.847196762E1,8.482859802E0,3.518134003E0,1.412612457E0
9.848199362E1,6.736142120E0,2.139800262E0,1.450034637E0
9.849202062E1,5.732479248E0,9.485774231E-1,1.028660889E0
9.850204762E1,5.347629547E0,-7.679031372E-2,4.059558105E-1
9.851207362E1,5.400769043E0,-9.081614685E-1,-1.199006653E-1
9.852210062E1,5.478307800E0,-1.622176666E0,-5.385800171E-1
9.853212662E1,5.408103790E0,-2.297123108E0,-9.398954773E-1
9.854215362E1,5.311255188E0,-2.950214996E0,-1.526675262E0
9.855218063E1,5.114115143E0,-3.590134277E0,-2.391277313E0
9.856220662E1,4.781955872E0,-4.104165344E0,-3.435056763E0
9.857223363E1,4.140390015E0,-4.421954498E0,-4.412673798E0
9.858225962E1,2.767295380E0,-4.687053223E0,-5.164560242E0
9.859228683E1,8.933422852E-1,-5.027145996E0,-5.740562439E0
9.860231383E1,-7.911048889E-1,-5.580545197E0,-5.853128357E0
9.861233983E1,-1.982776794E0,-6.250551910E0,-5.478008423E0
9.862236683E1,-1.833986206E0,-6.440955963E0,-4.952451324E0
9.863239283E1,-3.445834351E-1,-6.208938446E0,-4.362977142E0
9.864241983E1,2.177821198E0,-5.532046051E0,-4.142635345E0
9.865244683E1,5.030888214E0,-4.598138123E0,-4.931345215E0
9.866247283E1,7.091203766E0,-3.316652985E0,-6.356531525E0
9.867249983E1,7.687713318E0,-1.758992157E0,-7.582182770E0
9.868252583E1,8.230185242E0,-3.183879089E-1,-8.023914185E0
9.869255283E1,9.929451599E0,1.460512848E0,-7.293433228E0
9.870257983E1,1.362721207E1,3.881727905E0,-6.416257324E0
9.871260583E1,1.865884872E1,5.840105438E0,-6.302344208E0
9.872263283E1,2.356085495E1,7.072043610E0,-6.894363098E0
9.873265883E1,2.698423599E1,8.259075165E0,-8.143515472E0
9.874268583E1,2.783147415E1,9.553433533E0,-9.407037964E0
9.875271283E1,2.626857422E1,1.053134995E1,-9.787696381E0
9.876273883E1,2.397204987E1,1.078926361E1,-9.302854614E0
9.877276583E1,2.163331329E1,1.074211166E1,-8.614735565E0
9.878279183E1,1.938603653E1,1.070528824E1,-8.199499054E0
9.879281883E1,1.688234299E1,1.039648041E1,-7.771688690E0
9.880284583E1,1.398915939E1,9.880204010E0,-6.958729248E0
9.881287183E1,1.093042007E1,9.252708893E0,-5.661377106E0
9.882289883E1,8.358169098E0,8.583750000E0,-3.854035492E0
9.883292483E1,6.462062073E0,8.036338348E0,-1.642384644E0
9.884295183E1,5.033133545E0,7.662116547E0,6.834786987E-1
9.885297883E1,3.772455139E0,7.442972260E0,2.957699432E0
9.886300483E1,2.537972260E0,7.526648254E0,5.006638641E0
9.887303183E1,1.464105377E0,7.673343201E0,6.496640167E0
9.888305783E1,6.728507996E-1,7.751480713E0,7.298672333E0
9.889308483E1,2.046244812E-1,7.797435150E0,7.355554047E0
9.890311183E1,2.230361938E-2,7.788753204E0,6.910529480E0
9.891313783E1,-2.733316040E-1,7.697742462E0,6.174510040E0
9.892316483E1,-8.834628296E-1,7.392976227E0,5.354964294E0
9.893319083E1,-1.195563812E0,7.132068787E0,4.787344666E0
9.894321783E1,-1.325792999E0,6.701414337E0,4.408931580E0
9.895324383E1,-1.412163391E0,6.393804016E0,4.132905579E0
9.896327083E1,-8.310717773E-1,6.709497528E0,4.049678650E0
9.897329783E1,2.874023438E-1,7.431146851E0,3.935765533E0
9.898332383E1,2.003733215E0,8.310568085E0,3.350332947E0
9.899335083E1,4.076472931E0,9.455686798E0,2.308499451E0
9.900337783E1,6.025270386E0,1.081456100E1,1.244661713E0
9.901340383E1,7.811655579E0,1.231848358E1,6.480024719E-1
9.902343083E1,9.160201263E0,1.403511383E1,6.599775696E-1
9.903345683E1,9.877958679E0,1.534653671E1,9.988728333E-1
9.904348383E1,1.045605652E1,1.630020355E1,1.538350983E0
9.905350983E1,1.183977905E1,1.712783249E1,1.938618622E0
9.906353683E1,1.371971970E1,1.733110977E1,1.319057007E0
9.907356383E1,1.530297729E1,1.645243698E1,-3.052153015E-1
9.908358983E1,1.601953720E1,1.516077301E1,-2.155816956E0
9.909361683E1,1.620320526E1,1.381237701E1,-3.674409027E0
9.910364283E1,1.630409546E1,1.266800674E1,-4.681514740E0
9.911366983E1,1.651246216E1,1.165536255E1,-5.379064178E0
9.912369683E1,1.613045654E1,1.037282959E1,-5.987399139E0
9.913372283E1,1.476858856E1,8.581953735E0,-6.168672180E0
9.914374983E1,1.261591507E1,6.685846710E0,-5.427263947E0
9.915377583E1,1.028840515E1,5.143304443E0,-4.029919739E0
9.916380283E1,8.177345123E0,3.729644165E0,-2.564467163E0
9.917382983E1,6.736740875E0,2.365530853E0,-1.198407898E0
9.918385583E1,5.984105988E0,1.183439026E0,-1.856140137E-2
9.919388283E1,5.691614227E0,-1.227447510E-2,9.027726746E-1
9.920390883E1,5.750441895E0,-1.119072876E0,1.435814209E0
9.921393583E1,5.744454346E0,-2.099234619E0,1.469793549E0
9.922396283E1,5.587580566E0,-2.907104645E0,1.165775757E0
9.923398883E1,5.398673401E0,-3.691174164E0,6.128256226E-1
9.924401583E1,5.112618256E0,-4.546345825E0,-3.053649902E-2
9.925404183E1,4.590354309E0,-5.227878571E0,-5.809419250E-1
9.926406883E1,3.675606537E0,-5.465434570E0,-9.660910034E-1
9.927409583E1,2.403851166E0,-5.623056793E0,-1.293609924E0
9.928412183E1,1.169218597E0,-5.776787109E0,-1.789977722E0
9.929414883E1,1.077758789E-2,-5.985153809E0,-2.431094513E0
9.930417483E1,-3.370989990E-1,-6.573280792E0,-3.061882782E0
9.931420183E1,3.812571716E-1,-7.214996338E0,-3.700754242E0
9.932422883E1,1.932032318E0,-7.418872375E0,-4.285737762E0
9.933425483E1,3.661535797E0,-7.229516144E0,-4.730612640E0
9.934428183E1,5.485941925E0,-6.313121796E0,-5.011129303E0
9.935430783E1,7.226073303E0,-4.750221863E0,-5.528603210E0
9.936433483E1,8.393495636E0,-2.826721802E0,-6.531517639E0
9.937436183E1,9.549990692E0,-3.224295044E-1,-7.413483582E0
9.938438783E1,1.220876175E1,2.999013519E0,-7.204667816E0
9.939441483E1,1.751208344E1,6.829098816E0,-6.213129730E0
9.940444083E1,2.355426865E1,9.720935211E0,-5.913303223E0
9.941446783E1,2.787398575E1,1.132604736E1,-6.598428497E0
9.942449483E1,2.954106903E1,1.252370682E1,-7.945926361E0
9.943452083E1,2.818593704E1,1.391341690E1,-9.206006012E0
9.944454783E1,2.489158768E1,1.430155975E1,-9.606273651E0
9.945457383E1,2.139081757E1,1.364906662E1,-9.330996094E0
9.946460083E1,1.837009918E1,1.300420761E1,-8.744815063E0
9.947462783E1,1.604633148E1,1.256532028E1,-7.750881958E0
9.948465383E1,1.406026154E1,1.198527649E1,-6.622378693E0
9.949468083E1,1.196042816E1,1.137035522E1,-5.564229126E0
9.950470683E1,9.896669769E0,1.072968750E1,-4.212989044E0
9.951473383E1,7.848778381E0,1.008108627E1,-2.549647980E0
9.952476083E1,5.787115631E0,9.356742554E0,-8.313711548E-1
9.953478683E1,3.977977753E0,8.710686035E0,8.550219727E-1
9.954481383E1,2.573598175E0,8.301736450E0,2.401007080E0
9.955483983E1,1.536405029E0,7.977510681E0,3.644471283E0
9.956486683E1,6.433621216E-1,7.695646820E0,4.527185669E0
9.957489383E1,2.694396973E-2,7.450905762E0,5.037773895E0
9.958491983E1,-3.742218018E-1,7.221283264E0,5.151687012E0
9.959494633E1,-4.837939453E-1,7.023245087E0,4.976551208E0
9.960497233E1,-2.594105530E-1,6.903793488E0,4.464915161E0
9.961499933E1,-8.981323242E-3,6.848408661E0,3.528163147E0
9.962502633E1,-1.507365417E-1,6.625222778E0,2.379751282E0
9.963505233E1,-5.141807556E-1,6.179150391E0,1.639390869E0
9.964507933E1,-5.400769043E-1,5.799689484E0,1.487157440E0
9.965510533E1,1.257385254E-2,6.008056183E0,1.791773987E0
9.966513233E1,1.125060425E0,6.708449707E0,2.560874634E0
9.967515933E1,3.079695740E0,7.608677673E0,3.277733917E0
9.968518533E1,5.487588501E0,8.610244904E0,3.309617615E0
9.969521233E1,7.750582581E0,9.971663818E0,2.775228882E0
9.970523833E1,9.563013611E0,1.145537842E1,1.895059204E0
9.971526533E1,1.055305481E1,1.260917908E1,1.062490540E0
9.972529233E1,1.094972992E1,1.351793930E1,8.186476135E-1
9.973531833E1,1.164069305E1,1.411744263E1,1.501677246E0
9.974534533E1,1.295960037E1,1.433628754E1,2.542013855E0
9.975537133E1,1.449570602E1,1.432655777E1,2.498454437E0
9.976539833E1,1.584829330E1,1.350791016E1,6.586303711E-1
9.977542533E1,1.612267273E1,1.230590973E1,-2.010469208E0
9.978545133E1,1.557436295E1,1.126587250E1,-4.218976593E0
9.979547833E1,1.529998352E1,1.096574661E1,-5.128036194E0
9.980550433E1,1.584769455E1,1.090991272E1,-4.459975433E0
9.981553133E1,1.661829208E1,1.022972717E1,-2.896776123E0
9.982555733E1,1.639824966E1,8.707093506E0,-1.438658295E0
9.983558433E1,1.476409790E1,7.132068787E0,-1.528321838E-1
9.984561133E1,1.202703964E1,5.630241852E0,8.918453979E-1
9.985563733E1,9.201964417E0,4.013453979E0,1.653311920E0
9.986566433E1,7.107519836E0,2.386337585E0,1.976040802E0
9.987569033E1,5.976322174E0,9.095086670E-1,1.811682587E0
9.988571733E1,5.635480957E0,-4.409829712E-1,1.459165649E0
9.989574433E1,5.715414734E0,-1.537602539E0,1.115480347E0
9.990577033E1,5.876479797E0,-2.433339844E0,6.821315002E-1
9.991579733E1,5.956413574E0,-3.170407104E0,4.520599365E-2
9.992582433E1,5.744304657E0,-3.735631714E0,-8.063731384E-1
9.993585033E1,5.394182739E0,-4.250261536E0,-1.652713165E0
9.994587733E1,5.039719849E0,-4.914131012E0,-2.527344360E0
9.995590333E1,4.280798035E0,-5.492378540E0,-3.686982880E0
9.996593033E1,3.020718384E0,-5.727090454E0,-5.098547516E0
9.997595733E1,1.338815918E0,-5.786367188E0,-6.186934204E0
9.998598333E1,-1.817221069E-1,-6.013594666E0,-6.844067688E0
9.999601033E1,-1.076261902E0,-6.463409271E0,-6.960675201E0
1.000060363E2,-1.251248016E0,-6.831344147E0,-6.592291260E0
1.000160633E2,-3.062631226E-1,-6.827901306E0,-5.864205322E0
1.000260903E2,2.020498352E0,-6.348448334E0,-5.119204559E0
1.000361163E2,4.933440857E0,-5.280868378E0,-5.134023743E0
1.000461433E2,7.350913696E0,-3.632196808E0,-6.067632294E0
1.000561693E2,8.638685760E0,-1.947001190E0,-7.322023773E0
1.000661963E2,9.862840118E0,-2.356100464E-1,-8.037386169E0
1.000762233E2,1.214828751E1,1.821861420E0,-7.362140350E0
1.000862493E2,1.583781509E1,4.076921997E0,-5.947731628E0
1.000962763E2,2.011771500E1,5.746549988E0,-4.792434082E0
1.001063023E2,2.353630600E1,6.250252533E0,-4.518803101E0
1.001163293E2,2.472558289E1,6.768624573E0,-4.947511597E0
1.001263563E2,2.361953293E1,7.701185303E0,-5.093458099E0
1.001363823E2,2.221814713E1,8.494236145E0,-4.402494965E0
1.001464093E2,2.172821594E1,9.130113831E0,-3.381168823E0
1.001564353E2,2.092289062E1,9.679920502E0,-2.504591675E0
1.001664623E2,1.933753738E1,1.037073395E1,-1.808988190E0
1.001764893E2,1.747555939E1,1.079779587E1,-1.393152924E0
1.001865153E2,1.570129898E1,1.096305222E1,-1.526675262E0
1.001965423E2,1.375609406E1,1.093416229E1,-1.908830566E0
1.002065683E2,1.185070633E1,1.054766602E1,-1.880090332E0
1.002165953E2,1.014380585E1,1.000025436E1,-1.187031555E0
1.002266223E2,8.541537781E0,9.661957855E0,-1.441502380E-1
1.002366483E2,6.835984497E0,9.401499481E0,6.984475708E-1
1.002466753E2,5.153034210E0,9.003177795E0,1.491498413E0
1.002567013E2,3.666475525E0,8.458610229E0,2.344873810E0
1.002667283E2,2.317480774E0,7.939789124E0,3.112926636E0
1.002767553E2,1.222807159E0,7.483088837E0,3.728746033E0
1.002867813E2,2.817141724E-1,7.026687927E0,4.123325500E0
1.002968083E2,-4.808001709E-1,6.631060638E0,4.323309631E0
1.003068343E2,-9.216334534E-1,6.452931061E0,4.265529785E0
1.003168613E2,-1.272204437E0,6.342311096E0,3.899540863E0
1.003268883E2,-1.562600555E0,6.200555878E0,3.234024811E0
1.003369143E2,-1.441502380E0,5.959557037E0,2.490221558E0
1.003469413E2,-9.871971130E-1,5.825585632E0,2.059716797E0
1.003569673E2,-3.817062378E-2,6.209088135E0,2.354004822E0
1.003669943E2,1.375938721E0,6.833739166E0,2.988535309E0
1.003770213E2,3.141217804E0,7.793543243E0,3.368445282E0
1.003870473E2,4.484524384E0,9.172326050E0,3.135379944E0
1.003970743E2,5.352569275E0,1.053838531E1,2.384391632E0
1.004071003E2,6.522835693E0,1.193468170E1,1.679507446E0
1.004171273E2,7.922425232E0,1.323023758E1,1.729204102E0
1.004271543E2,9.785750427E0,1.465377731E1,2.682721252E0
1.004371803E2,1.211146408E1,1.548799255E1,3.980821838E0
1.004472073E2,1.356539063E1,1.541763885E1,4.969216461E0
1.004572333E2,1.435978867E1,1.482966156E1,4.921016693E0
1.004672603E2,1.625035721E1,1.390503433E1,3.844904480E0
1.004772873E2,1.865435806E1,1.289358765E1,1.899849243E0
1.004873133E2,2.066258194E1,1.195982941E1,-5.031037903E-1
1.004973403E2,2.183599182E1,1.118938156E1,-2.488724670E0
1.005073663E2,2.185275696E1,1.038540344E1,-3.288960571E0
1.005173933E2,2.071826614E1,9.334139557E0,-3.088227997E0
1.005274203E2,1.867770950E1,7.892038422E0,-2.266586609E0
1.005374463E2,1.582060089E1,6.196663971E0,-1.323397980E0
1.005474733E2,1.260274246E1,4.328099670E0,-4.691244507E-1
1.005574993E2,9.842931519E0,2.543660431E0,4.137396240E-1
1.005675263E2,7.760761414E0,9.122030640E-1,1.376537476E0
1.005775533E2,6.340514832E0,-5.258564758E-1,2.001188507E0
1.005875793E2,5.649851074E0,-1.822909241E0,2.113604736E0
1.005976063E2,5.593717804E0,-2.740501099E0,1.644779663E0
1.006076323E2,5.900130615E0,-3.417992249E0,5.007087708E-1
1.006176593E2,5.867947540E0,-4.218677216E0,-8.364605713E-1
1.006276863E2,5.224136353E0,-5.108426971E0,-2.140997772E0
1.006377123E2,4.151766357E0,-6.152505798E0,-3.365152130E0
1.006477393E2,2.566562805E0,-6.784790955E0,-4.330644379E0
1.006577653E2,6.201603699E-1,-7.164401550E0,-5.006788330E0
1.006677923E2,-1.326092377E0,-7.466623077E0,-5.560037842E0
1.006778193E2,-2.843337250E0,-7.675887909E0,-5.954018555E0
1.006878453E2,-3.856131134E0,-7.772137756E0,-5.941444702E0
1.006978723E2,-3.914509735E0,-7.944429474E0,-5.810916138E0
1.007078983E2,-2.861299896E0,-8.057743835E0,-5.636379089E0
1.007179253E2,-3.685336304E-1,-7.804320831E0,-5.171595612E0
1.007279523E2,3.074157257E0,-6.823111267E0,-4.888384552E0
1.007379783E2,6.271059265E0,-5.133874054E0,-5.296436005E0
1.007480053E2,8.911867676E0,-3.291804657E0,-6.379583588E0
1.007580313E2,1.042851379E1,-1.126707001E0,-7.711813202E0
1.007680583E2,1.147663422E1,9.310638428E-1,-8.658444672E0
1.007780853E2,1.386566620E1,3.008892975E0,-8.225544891E0
1.007881113E2,1.793899567E1,5.387596436E0,-6.323300629E0
1.007981383E2,2.288111847E1,7.662415924E0,-4.325255585E0
1.008081643E2,2.772878769E1,9.173972626E0,-3.349734192E0
1.008181913E2,3.096760254E1,1.011925690E1,-4.051175537E0
1.008282183E2,3.097763168E1,1.066936295E1,-5.848038940E0
1.008382443E2,2.779450104E1,1.088790848E1,-6.937473450E0
1.008482713E2,2.343451767E1,1.045351181E1,-6.864425354E0
1.008582973E2,1.936058945E1,9.755213928E0,-6.401138763E0
1.008683243E2,1.616668121E1,9.348060608E0,-6.131549377E0
1.008783513E2,1.399724258E1,8.971593475E0,-5.960904236E0
1.008883773E2,1.213047455E1,8.430917816E0,-5.577701111E0
1.008984043E2,1.001911514E1,7.890840912E0,-4.649032288E0
1.009084303E2,7.840096436E0,7.435637512E0,-3.157234497E0
1.009184573E2,5.767506409E0,7.012617188E0,-1.260828094E0
1.009284843E2,3.837869110E0,6.837780762E0,7.183561707E-1
1.009385103E2,2.364483032E0,6.909032593E0,2.516716461E0
1.009485373E2,1.310075684E0,6.996600494E0,3.863016815E0
1.009585633E2,5.959107971E-1,7.112160187E0,4.598736877E0
1.009685903E2,1.529818726E-1,7.385042725E0,4.710853729E0
1.009786173E2,-2.601589966E-1,7.791297913E0,4.185596008E0
1.009886433E2,-5.987548828E-1,8.045169983E0,3.215014343E0
1.009986703E2,-7.569758606E-1,8.179440765E0,2.236199799E0
1.010086963E2,-8.421487427E-1,8.128097534E0,1.561702423E0
1.010187233E2,-1.181044006E0,7.782765656E0,1.265019379E0
1.010287503E2,-1.674268341E0,7.163353729E0,1.383273468E0
1.010387763E2,-2.026934967E0,6.518794098E0,2.007924500E0
1.010488033E2,-2.131417694E0,6.424041138E0,3.085383911E0
1.010588293E2,-1.381177826E0,7.046147461E0,4.307292938E0
1.010688563E2,4.444258118E-1,8.017477570E0,4.835394745E0
1.010788833E2,3.197650452E0,9.260642395E0,4.313879242E0
1.010889093E2,6.075416107E0,1.082788330E1,2.793790283E0
1.010989363E2,8.157586212E0,1.250140320E1,1.372495880E0
1.011089623E2,9.615554352E0,1.421818314E1,9.545649719E-1
1.011189893E2,1.129296616E1,1.579470474E1,1.539997559E0
1.011290163E2,1.383258499E1,1.685929092E1,2.537223816E0
1.011390423E2,1.694491287E1,1.725836105E1,3.236120453E0
1.011490693E2,1.960697708E1,1.730506393E1,2.835703125E0
1.011590953E2,2.186937241E1,1.638358017E1,8.412506104E-1
1.011691223E2,2.286914337E1,1.414797913E1,-1.862726440E0
1.011791493E2,2.174647797E1,1.195967972E1,-4.256099396E0
1.011891753E2,1.966430786E1,1.079330521E1,-5.455555115E0
1.011992023E2,1.784514084E1,1.018841309E1,-5.297184448E0
1.012092283E2,1.710373260E1,9.184450836E0,-4.218677216E0
1.012192553E2,1.629885635E1,7.794291687E0,-2.839595032E0
1.012292823E2,1.435814209E1,6.312672729E0,-1.553619232E0
1.012393083E2,1.174547516E1,4.914729767E0,-2.300715637E-1
1.012493353E2,9.233099670E0,3.470682678E0,9.981243896E-1
1.012593613E2,7.306905212E0,1.990859985E0,1.867366791E0
1.012693883E2,6.119574280E0,5.429209900E-1,2.280807037E0
1.012794153E2,5.761518860E0,-7.740403748E-1,2.209854584E0
1.012894413E2,5.796246643E0,-2.025587769E0,1.586550751E0
1.012994683E2,5.845494232E0,-3.000809784E0,5.327421570E-1
1.013094943E2,5.727689209E0,-3.862418060E0,-5.920188904E-1
1.013195213E2,5.473517761E0,-4.553231506E0,-1.562600555E0
1.013295483E2,4.924010468E0,-5.252876587E0,-2.414029999E0
1.013395743E2,3.993096313E0,-5.942791901E0,-3.137475586E0
1.013496013E2,2.886896667E0,-6.491850128E0,-3.699257355E0
1.013596273E2,1.592388611E0,-6.820566559E0,-4.400698700E0
1.013696543E2,9.131011963E-2,-7.073091431E0,-5.170547791E0
1.013796813E2,-1.042881317E0,-7.316036224E0,-5.692662048E0
1.013897073E2,-1.839225311E0,-7.472161560E0,-5.796695709E0
1.013997343E2,-1.970352631E0,-7.432793427E0,-5.680836639E0
1.014097603E2,-9.659413147E-1,-7.343728638E0,-5.345234528E0
1.014197873E2,1.121168518E0,-6.518045654E0,-4.941973114E0
1.014298133E2,3.579057312E0,-5.133275299E0,-5.201233978E0
1.014398403E2,6.147715759E0,-3.704795837E0,-5.999673615E0
1.014498673E2,8.206534424E0,-2.036664734E0,-6.997049561E0
1.014598933E2,1.008662476E1,-2.415975952E-1,-7.868237915E0
1.014699203E2,1.269554947E1,1.739233246E0,-7.656877441E0
1.014799463E2,1.620739655E1,4.213438110E0,-6.270909576E0
1.014899733E2,2.060450272E1,6.789730682E0,-4.566104736E0
1.015000003E2,2.496897675E1,8.648116150E0,-3.508104858E0
1.015100263E2,2.737881546E1,9.831555176E0,-3.710783386E0
1.015200533E2,2.695055603E1,1.064182022E1,-4.690346375E0
1.015300793E2,2.468352036E1,1.101993393E1,-5.308560791E0
1.015401063E2,2.204914856E1,1.079465240E1,-5.576952667E0
1.015501333E2,1.959200821E1,1.044048889E1,-6.070775757E0
1.015601593E2,1.720582031E1,1.019679565E1,-6.835834808E0
1.015701863E2,1.490495499E1,9.859546967E0,-7.422614594E0
1.015802123E2,1.287981628E1,9.462422791E0,-7.409591675E0
1.015902401E2,1.107486969E1,9.046587524E0,-6.487509155E0
1.016002671E2,9.155710602E0,8.605903931E0,-4.924609222E0
1.016102931E2,7.331154785E0,8.101153564E0,-3.320844269E0
1.016203201E2,5.727838898E0,7.703730011E0,-1.782493286E0
1.016303461E2,4.227508850E0,7.422015839E0,-3.510200500E-1
1.016403731E2,2.841540985E0,7.232809296E0,9.651928711E-1
1.016503991E2,1.535955963E0,7.081324310E0,2.064357147E0
1.016604261E2,3.727249146E-1,6.912924500E0,2.837948456E0
1.016704531E2,-4.312532043E-1,6.909781036E0,3.281326447E0
1.016804791E2,-8.500822449E-1,7.013515320E0,3.376678162E0
1.016905061E2,-9.383985901E-1,7.077432404E0,3.115171967E0
1.017005321E2,-9.842033386E-1,7.035669250E0,2.739752655E0
1.017105591E2,-7.930508423E-1,7.108867035E0,2.329306183E0
1.017205861E2,-1.954934692E-1,7.326215057E0,1.883383484E0
1.017306121E2,2.324665833E-1,7.195686493E0,1.506018219E0
1.017406391E2,1.465452576E-1,6.708599396E0,1.550326080E0
1.017506651E2,2.148033142E-1,6.809788971E0,2.222278748E0
1.017606921E2,1.127904510E0,7.520511017E0,2.759511566E0
1.017707191E2,2.926564178E0,8.475225677E0,2.716101837E0
1.017807451E2,5.169949036E0,9.621392212E0,2.024839325E0
1.017907721E2,7.437433777E0,1.128757736E1,8.761280823E-1
1.018007981E2,9.836494904E0,1.310060715E1,-3.365002441E-1
1.018108251E2,1.207269470E1,1.437071594E1,-8.934919739E-1
1.018208521E2,1.449690353E1,1.537991730E1,-3.800596619E-1
1.018308781E2,1.691826828E1,1.587224350E1,6.185137939E-1
1.018409051E2,1.832115097E1,1.598510880E1,1.225052490E0
1.018509311E2,1.918186111E1,1.549817139E1,5.724096680E-1
1.018609581E2,1.951701416E1,1.394350433E1,-1.228944397E0
1.018709841E2,1.858370499E1,1.198916840E1,-3.223097534E0
1.018810111E2,1.671244629E1,1.035411850E1,-4.499792633E0
1.018910381E2,1.488160355E1,9.488618317E0,-4.630620575E0
1.019010641E2,1.409424088E1,9.091943207E0,-3.713627472E0
1.019110911E2,1.420066956E1,8.462801514E0,-2.214045868E0
1.019211171E2,1.368169876E1,7.469167786E0,-6.518943787E-1
1.019311441E2,1.237776031E1,6.306685181E0,7.502398682E-1
1.019411711E2,1.058433975E1,4.811594238E0,1.849254456E0
1.019511971E2,8.616082764E0,3.210224304E0,2.552192688E0
1.019612241E2,7.138206024E0,1.695823517E0,2.682571564E0
1.019712501E2,6.456972656E0,2.174977112E-1,2.409838715E0
1.019812771E2,6.493347015E0,-1.045276337E0,1.729802856E0
1.019913041E2,6.978637848E0,-2.038760376E0,5.872288513E-1
1.020013301E2,7.397616577E0,-2.859054565E0,-6.547384644E-1
1.020113571E2,7.166347504E0,-3.619772644E0,-1.629661102E0
1.020213831E2,6.273753662E0,-4.372257843E0,-2.282902679E0
1.020314101E2,4.996908875E0,-5.219046936E0,-2.570754089E0
1.020414361E2,3.872297516E0,-5.997727661E0,-2.556383972E0
1.020514631E2,2.919678497E0,-6.489604797E0,-2.612517242E0
1.020614901E2,1.857786713E0,-6.674919434E0,-3.062182159E0
1.020715161E2,4.749623108E-1,-6.836433563E0,-3.943549347E0
1.020815431E2,-1.194366302E0,-7.018005981E0,-4.719385986E0
1.020915691E2,-2.244732056E0,-6.997498627E0,-5.222340088E0
1.021015961E2,-2.105820923E0,-6.735393677E0,-5.297034760E0
1.021116231E2,-6.565347290E-1,-6.163882141E0,-5.133125610E0
1.021216491E2,2.114203491E0,-5.232967987E0,-5.438041534E0
1.021316761E2,5.337450714E0,-4.056714020E0,-6.507717133E0
1.021417021E2,7.874225464E0,-2.826272736E0,-7.804919586E0
1.021517291E2,9.957144012E0,-1.421444092E0,-8.995843048E0
1.021617561E2,1.107457031E1,-1.930984497E-2,-9.679022369E0
1.021717821E2,1.205248672E1,1.602417755E0,-9.091793518E0
1.021818091E2,1.467368591E1,3.886667633E0,-7.357799377E0
1.021918351E2,1.919218964E1,6.446195068E0,-5.855972443E0
1.022018621E2,2.355501709E1,8.317004700E0,-5.297483826E0
1.022118881E2,2.613205811E1,9.359436951E0,-5.383405151E0
1.022219151E2,2.671240128E1,1.016491196E1,-5.599256287E0
1.022319421E2,2.570589432E1,1.076740906E1,-5.391937408E0
1.022419681E2,2.359588211E1,1.095691498E1,-4.844675446E0
1.022519951E2,2.114622620E1,1.095212494E1,-4.543352051E0
1.022620211E2,1.872291550E1,1.093116852E1,-4.871918793E0
1.022720481E2,1.637609573E1,1.075528427E1,-5.424868927E0
1.022820751E2,1.388886795E1,1.035486694E1,-5.672454071E0
1.022921011E2,1.124955643E1,9.643396454E0,-5.218298492E0
1.023021281E2,8.738827515E0,8.858279114E0,-4.064647522E0
1.023121541E2,6.553970947E0,8.193361816E0,-2.477647705E0
1.023221811E2,4.870272217E0,7.696544952E0,-6.638694763E-1
1.023322071E2,3.475921783E0,7.505093079E0,1.246607666E0
1.023422341E2,2.328557739E0,7.487130432E0,3.225043488E0
1.023522611E2,1.210682373E0,7.487130432E0,4.949008484E0
1.023622871E2,-1.182540894E-2,7.558831329E0,6.129154358E0
1.023723141E2,-1.308129730E0,7.576344910E0,6.624174957E0
1.023823401E2,-2.217189331E0,7.570207672E0,6.429130554E0
1.023923671E2,-2.525398407E0,7.472610626E0,5.602549438E0
1.024023941E2,-2.565514984E0,7.420518951E0,4.616250458E0
1.024124201E2,-2.188748474E0,7.786058807E0,3.755091248E0
1.024224471E2,-1.565744019E0,8.242609406E0,3.023562469E0
1.024324731E2,-1.542093201E0,8.317902832E0,2.451901245E0
1.024425001E2,-1.752256165E0,8.189170532E0,2.453398132E0
1.024525271E2,-1.323098602E0,8.306526489E0,3.183280334E0
1.024625531E2,-2.185455322E-1,8.894204407E0,4.177812195E0
1.024725801E2,1.787582703E0,9.943971405E0,4.763544159E0
1.024826061E2,4.248465271E0,1.117007172E1,4.603377228E0
1.024926331E2,6.752907257E0,1.270602768E1,4.268822937E0
1.025026591E2,9.436526642E0,1.464494568E1,4.235741730E0
1.025126861E2,1.299372940E1,1.625978760E1,4.495152283E0
1.025227131E2,1.733215759E1,1.737556732E1,4.710853729E0
1.025327391E2,2.190275299E1,1.765967651E1,4.217629395E0
1.025427661E2,2.524126053E1,1.677202240E1,2.448907471E0
1.025527921E2,2.635374710E1,1.463252151E1,-4.239184570E-1
1.025628191E2,2.484817795E1,1.163275955E1,-3.523672485E0
1.025728451E2,2.179198334E1,8.838220825E0,-5.759722595E0
1.025828721E2,1.837099731E1,7.132517853E0,-6.627617798E0
1.025928980E2,1.579021408E1,6.422993317E0,-6.290668488E0
1.026029240E2,1.448238373E1,5.679639130E0,-5.090763702E0
1.026129510E2,1.358125763E1,4.635859680E0,-3.451372833E0
1.026229770E2,1.226743973E1,3.578308868E0,-1.839674377E0
1.026330040E2,1.027388535E1,2.571502533E0,-4.703219604E-1
1.026430310E2,8.054899750E0,1.592089233E0,5.123844910E-1
1.026530570E2,6.275250549E0,7.578739929E-1,1.091081085E0
1.026630840E2,5.179080048E0,-1.172062683E-1,1.083297272E0
1.026731100E2,4.779111786E0,-1.036893768E0,5.321434021E-1
1.026831370E2,4.880151672E0,-1.939367065E0,-1.829196167E-1
1.026931630E2,5.120102692E0,-2.690505066E0,-8.973838806E-1
1.027031900E2,5.204527130E0,-3.220253448E0,-1.693129120E0
1.027132170E2,5.084027710E0,-3.579506378E0,-2.512525177E0
1.027232430E2,4.644242249E0,-3.873644714E0,-3.221450958E0
1.027332700E2,4.003275146E0,-4.229754181E0,-3.793561249E0
1.027432960E2,3.328777771E0,-4.653672638E0,-4.320315857E0
1.027533230E2,2.568808136E0,-5.028193817E0,-4.736300812E0
1.027633500E2,1.730401611E0,-5.330115967E0,-5.200335846E0
1.027733760E2,9.186396790E-1,-5.654491425E0,-5.761069794E0
1.027834030E2,1.032852173E-2,-6.063291321E0,-6.191125488E0
1.027934290E2,-6.632707214E-1,-6.511459351E0,-6.313271484E0
1.028034560E2,-4.799020386E-1,-6.825805664E0,-6.089337158E0
1.028134820E2,1.142424316E0,-6.810986481E0,-5.728437653E0
1.028235090E2,4.069587250E0,-6.148913269E0,-5.643863525E0
1.028335360E2,7.010371857E0,-5.290747833E0,-6.255791016E0
1.028435620E2,9.273515625E0,-4.306993561E0,-7.353608093E0
1.028535890E2,1.039543259E1,-3.160527649E0,-8.528963928E0
1.028636150E2,1.085377945E1,-2.063459015E0,-9.157057800E0
1.028736420E2,1.179711777E1,-8.569679260E-1,-8.427774353E0
1.028836690E2,1.469149887E1,1.404828644E0,-6.313121796E0
1.028936950E2,1.934831497E1,4.369862823E0,-3.738775177E0
1.029037220E2,2.414134781E1,6.922504578E0,-1.544188843E0
1.029137480E2,2.738300674E1,8.702453156E0,-4.429289246E-1
1.029237750E2,2.883334076E1,1.023975632E1,-5.292993164E-1
1.029338010E2,2.865042114E1,1.173095535E1,-1.255139923E0
1.029438280E2,2.724125153E1,1.267668869E1,-1.912572784E0
1.029538550E2,2.492182480E1,1.290676025E1,-2.531385956E0
1.029638810E2,2.167717209E1,1.283236496E1,-3.263363800E0
1.029739080E2,1.807236832E1,1.263537460E1,-3.917952576E0
1.029839340E2,1.489283020E1,1.218840408E1,-4.502636719E0
1.029939610E2,1.240230927E1,1.154339539E1,-4.715793457E0
1.030039880E2,1.049153275E1,1.106334366E1,-4.169878693E0
1.030140140E2,8.990005188E0,1.060125458E1,-2.958747253E0
1.030240410E2,7.593110046E0,9.993817749E0,-1.603315887E0
1.030340670E2,6.143225098E0,9.471404114E0,-2.405497742E-1
1.030440940E2,4.698579254E0,9.069340210E0,1.042581940E0
1.030541200E2,3.312461700E0,8.645571442E0,2.115101624E0
1.030641470E2,2.049088898E0,8.212372284E0,2.903362427E0
1.030741740E2,9.295669556E-1,7.776927795E0,3.412004700E0
1.030842000E2,6.256988525E-2,7.359895020E0,3.693569183E0
1.030942270E2,-5.197192383E-1,7.002588043E0,3.678750000E0
1.031042530E2,-1.005459137E0,6.628815308E0,3.492088165E0
1.031142800E2,-1.613794098E0,6.270909576E0,3.381468201E0
1.031243070E2,-2.309547272E0,5.947581940E0,3.400628357E0
1.031343330E2,-2.787802734E0,5.555846558E0,3.479813690E0
1.031443600E2,-2.805166626E0,4.902305603E0,3.654201050E0
1.031543860E2,-2.576292572E0,4.459226990E0,4.061803436E0
1.031644130E2,-2.194586334E0,4.642595673E0,4.495002594E0
1.031744390E2,-1.445094910E0,5.365592194E0,4.560865631E0
1.031844660E2,8.532257080E-2,6.300997009E0,4.079915771E0
1.031944930E2,2.658771057E0,7.623197479E0,3.175646210E0
1.032045190E2,5.574707336E0,9.747280426E0,2.212998047E0
1.032145460E2,8.067623291E0,1.212553482E1,1.542392578E0
1.032245720E2,1.032867142E1,1.446322357E1,1.372046814E0
1.032345990E2,1.301752991E1,1.643731842E1,1.671124878E0
1.032446260E2,1.633328476E1,1.753034546E1,1.797761536E0
1.032546520E2,1.957254868E1,1.768721924E1,1.201251984E0
1.032646790E2,2.166429886E1,1.716315903E1,-4.291575623E-1
1.032747050E2,2.187191711E1,1.552900726E1,-2.782114563E0
1.032847320E2,2.075643677E1,1.341480377E1,-4.868176575E0
1.032947590E2,1.903621399E1,1.176583282E1,-5.954617310E0
1.033047850E2,1.741029510E1,1.096574661E1,-5.943540344E0
1.033148120E2,1.683384384E1,1.032837204E1,-4.885091400E0
1.033248380E2,1.631711838E1,9.151519318E0,-3.104244690E0
1.033348650E2,1.479433502E1,7.675738220E0,-1.093775482E0
1.033448910E2,1.239512421E1,6.169270935E0,6.933581543E-1
1.033549180E2,9.758806458E0,4.519102478E0,1.993704071E0
1.033649450E2,7.628735962E0,2.838247833E0,2.733316040E0
1.033749710E2,6.133645020E0,1.232237549E0,2.958597565E0
1.033849980E2,5.271437988E0,-3.632945251E-1,2.553090820E0
1.033950240E2,5.198838959E0,-1.663790131E0,1.814376984E0
1.034050510E2,5.640869751E0,-2.672093353E0,1.067879333E0
1.034150780E2,6.129603424E0,-3.492537231E0,1.812730408E-1
1.034251040E2,6.419101410E0,-4.098776550E0,-8.394543457E-1
1.034351310E2,6.248605957E0,-4.540957031E0,-2.110910339E0
1.034451570E2,5.579048309E0,-5.150639191E0,-3.377276917E0
1.034551840E2,4.278403015E0,-5.689967651E0,-4.293970642E0
1.034652110E2,2.579585724E0,-6.047723694E0,-5.061275024E0
1.034752370E2,4.477189636E-1,-6.448590088E0,-5.590873718E0
1.034852640E2,-1.657203827E0,-6.836882629E0,-5.660029907E0
1.034952900E2,-3.103047180E0,-7.203470306E0,-5.158872070E0
1.035053170E2,-3.406166840E0,-7.629484406E0,-4.357738037E0
1.035153430E2,-2.286944275E0,-7.831564178E0,-3.855682068E0
1.035253700E2,3.254232788E-1,-7.494016113E0,-4.072131958E0
1.035353970E2,3.073408813E0,-6.650520172E0,-5.109025726E0
1.035454230E2,5.290897522E0,-5.274132385E0,-6.635850677E0
1.035554500E2,6.781348114E0,-3.639531555E0,-8.292904816E0
1.035654760E2,8.102351074E0,-2.021097107E0,-9.405092010E0
1.035755030E2,1.074390793E1,-8.292755127E-2,-9.019044800E0
1.035855300E2,1.515373764E1,2.694846039E0,-7.714058533E0
1.035955563E2,2.042128372E1,5.625152435E0,-6.746320953E0
1.036055833E2,2.537837540E1,7.856711884E0,-6.646927643E0
1.036156093E2,2.878364410E1,9.332193604E0,-7.275769958E0
1.036256363E2,3.007560745E1,1.063493454E1,-8.000413055E0
1.036356623E2,2.909769104E1,1.156764496E1,-7.962990875E0
1.036456893E2,2.653037979E1,1.176688065E1,-7.450606384E0
1.036557163E2,2.342553635E1,1.135972733E1,-7.370373230E0
1.036657423E2,2.041604462E1,1.103565125E1,-7.766748962E0
1.036757693E2,1.740041565E1,1.057520874E1,-8.000562744E0
1.036857953E2,1.440140213E1,9.825717316E0,-7.395371246E0
1.036958223E2,1.161509628E1,8.987759857E0,-5.990841980E0
1.037058493E2,9.224417725E0,8.150251465E0,-4.194876709E0
1.037158753E2,7.329957275E0,7.483687592E0,-2.110161896E0
1.037259023E2,5.860163727E0,7.077582092E0,2.495310974E-1
1.037359283E2,4.475243683E0,6.891968079E0,2.606380005E0
1.037459553E2,3.125500488E0,6.840475159E0,4.621639252E0
1.037559813E2,1.882635040E0,6.773115234E0,6.063890076E0
1.037660083E2,7.824229431E-1,6.793921967E0,6.840624847E0
1.037760353E2,1.197509766E-3,6.863826599E0,6.855444031E0
1.037860613E2,-3.611988831E-1,6.845115509E0,5.982609100E0
1.037960883E2,-4.996609497E-1,6.758445740E0,4.729415131E0
1.038061143E2,-6.012995911E-1,6.789131927E0,3.704047394E0
1.038161413E2,-9.672885132E-1,6.828649750E0,3.136128387E0
1.038261683E2,-1.616937561E0,6.776408386E0,3.024161224E0
1.038361943E2,-1.960772552E0,6.502028961E0,3.219954071E0
1.038462213E2,-2.179318085E0,6.083948364E0,3.669768677E0
1.038562473E2,-2.109263763E0,6.169420624E0,4.326004028E0
1.038662743E2,-1.299747162E0,6.796915741E0,4.837939453E0
1.038763003E2,-1.706451416E-1,7.608228607E0,4.906496887E0
1.038863273E2,1.572180634E0,8.787027283E0,4.528383179E0
1.038963543E2,4.255500641E0,1.058823166E1,3.896397400E0
1.039063803E2,6.949448547E0,1.282024017E1,3.023861847E0
1.039164073E2,9.119785309E0,1.471305405E1,2.089205475E0
1.039264333E2,1.132814301E1,1.644136002E1,1.503174133E0
1.039364603E2,1.362541580E1,1.763872009E1,1.385967865E0
1.039464873E2,1.622101822E1,1.852353012E1,1.835932159E0
1.039565133E2,1.940310104E1,1.893741943E1,1.870210876E0
1.039665403E2,2.234179001E1,1.786924072E1,2.052232361E-1
1.039765663E2,2.395064438E1,1.537512726E1,-2.548749847E0
1.039865933E2,2.362686768E1,1.290047333E1,-5.262306976E0
1.039966193E2,2.217324051E1,1.132275421E1,-6.979535980E0
1.040066463E2,2.044044388E1,1.016401382E1,-7.444319458E0
1.040166733E2,1.901570663E1,8.624165955E0,-6.845265198E0
1.040266993E2,1.749412079E1,6.644981689E0,-5.638325043E0
1.040367263E2,1.491707977E1,4.635111237E0,-4.340074768E0
1.040467523E2,1.179562088E1,2.835104370E0,-2.979853363E0
1.040567793E2,9.184899902E0,1.048868866E0,-1.549877014E0
1.040668063E2,7.151977386E0,-5.260061646E-1,-1.350192261E-1
1.040768323E2,5.785019989E0,-1.791025543E0,1.175954590E0
1.040868593E2,4.935985565E0,-2.859353943E0,2.038610687E0
1.040968853E2,4.181404724E0,-3.806434479E0,2.204166412E0
1.041069123E2,3.523522797E0,-4.596491547E0,1.726210327E0
1.041169383E2,2.961591339E0,-5.137765961E0,7.017407227E-1
1.041269653E2,2.570305023E0,-5.569318542E0,-5.254074097E-1
1.041369923E2,2.295476532E0,-5.947432251E0,-1.689536591E0
1.041470183E2,1.957479401E0,-6.200256500E0,-2.875071259E0
1.041570453E2,1.312321014E0,-6.406527557E0,-4.135599976E0
1.041670713E2,2.481838989E-1,-6.464606781E0,-5.076842651E0
1.041770983E2,-9.208850098E-1,-6.528374176E0,-5.711971893E0
1.041871253E2,-1.733994141E0,-6.951394501E0,-6.072871399E0
1.041971513E2,-2.013313293E0,-7.282805328E0,-6.057303772E0
1.042071783E2,-1.417402496E0,-7.175328827E0,-5.690117340E0
1.042172043E2,5.337899780E-1,-6.663243713E0,-5.357209625E0
1.042272313E2,3.171305237E0,-5.737568665E0,-5.455704803E0
1.042372573E2,5.814508667E0,-4.502786407E0,-6.152655487E0
1.042472843E2,8.207133179E0,-2.859952698E0,-7.309749298E0
1.042573113E2,9.959688721E0,-9.095086670E-1,-8.471034393E0
1.042673373E2,1.186507645E1,1.110241241E0,-9.026678925E0
1.042773643E2,1.538380920E1,3.675157471E0,-8.255183258E0
1.042873903E2,2.021591080E1,6.432723083E0,-6.512357483E0
1.042974173E2,2.469564514E1,8.674012299E0,-5.094356232E0
1.043074433E2,2.784838898E1,9.945168915E0,-4.571643219E0
1.043174703E2,2.908017746E1,1.081231567E1,-4.634512482E0
1.043274973E2,2.817126755E1,1.161659317E1,-4.720134430E0
1.043375233E2,2.574286743E1,1.201551361E1,-4.352049866E0
1.043475503E2,2.266826111E1,1.174816956E1,-3.896696777E0
1.043575763E2,1.961206650E1,1.147648453E1,-3.821852417E0
1.043676033E2,1.684312454E1,1.128862518E1,-4.154460754E0
1.043776293E2,1.426368851E1,1.085632416E1,-4.366270294E0
1.043876563E2,1.185983734E1,1.032747391E1,-4.045637054E0
1.043976833E2,9.777367859E0,9.868228912E0,-2.994223480E0
1.044077093E2,8.224347382E0,9.359436951E0,-1.497036896E0
1.044177363E2,6.974147186E0,8.907227325E0,3.188369751E-2
1.044277623E2,5.776936798E0,8.507708130E0,1.412013702E0
1.044377893E2,4.526586914E0,8.209677887E0,2.585273895E0
1.044478163E2,3.467389526E0,8.005053406E0,3.486250305E0
1.044578423E2,2.498903503E0,7.866291962E0,4.119283905E0
1.044678693E2,1.601669312E0,7.682025146E0,4.506229248E0
1.044778953E2,7.866142273E-1,7.513026581E0,4.649631042E0
1.044879223E2,1.058299255E-1,7.328161011E0,4.438869324E0
1.044979483E2,-5.745053101E-1,7.129673767E0,4.096231842E0
1.045079753E2,-1.350341949E0,6.898404694E0,3.797902222E0
1.045180023E2,-2.061662750E0,6.607409821E0,3.652255096E0
1.045280283E2,-2.539768524E0,6.373446350E0,3.658542023E0
1.045380553E2,-2.218386841E0,6.240373077E0,3.604205017E0
1.045480813E2,-1.711840210E0,5.895340576E0,3.352578278E0
1.045581083E2,-1.734742584E0,5.925577698E0,3.334166565E0
1.045681343E2,-1.413959656E0,6.361471252E0,3.635639648E0
1.045781613E2,1.886077881E-2,7.029981079E0,3.909420319E0
1.045881883E2,2.472408600E0,8.007448425E0,3.982468414E0
1.045982148E2,6.151907043E0,1.015203873E1,3.598067780E0
1.046082418E2,1.001297791E1,1.290152115E1,2.696941681E0
1.046182678E2,1.253732849E1,1.487277191E1,1.465153198E0
1.046282948E2,1.419004166E1,1.592807739E1,6.962022400E-1
1.046383208E2,1.632999161E1,1.630364639E1,7.864645386E-1
1.046483478E2,1.870704849E1,1.620979156E1,7.797285461E-1
1.046583748E2,2.042891785E1,1.534204605E1,-4.011657715E-1
1.046684008E2,2.099489090E1,1.346330292E1,-2.437531128E0
1.046784278E2,2.021067169E1,1.150073410E1,-4.184248810E0
1.046884538E2,1.867561386E1,1.007914032E1,-5.111420746E0
1.046984808E2,1.735865250E1,9.329199829E0,-5.182522888E0
1.047085068E2,1.702694229E1,8.613987122E0,-3.973038025E0
1.047185338E2,1.652039566E1,7.495063934E0,-2.091600494E0
1.047285608E2,1.503338791E1,6.161337433E0,-3.896397400E-1
1.047385868E2,1.277653107E1,4.835245056E0,9.723779297E-1
1.047486138E2,1.027897476E1,3.385360107E0,1.838027802E0
1.047586398E2,8.146808624E0,2.071691895E0,2.165097656E0
1.047686668E2,6.906188507E0,8.638536072E-1,1.953437805E0
1.047786938E2,6.423442383E0,-2.857557678E-1,1.295705566E0
1.047887198E2,6.325695648E0,-1.130000153E0,5.123844910E-1
1.047987468E2,6.389013977E0,-1.809886322E0,-2.249821472E-1
1.048087728E2,6.503825226E0,-2.361339569E0,-9.148974609E-1
1.048187998E2,6.696324921E0,-2.832559662E0,-1.687141571E0
1.048288258E2,6.594237213E0,-3.413351898E0,-2.529440002E0
1.048388528E2,5.976471863E0,-4.053420868E0,-3.437302094E0
1.048488798E2,4.820575562E0,-4.709955597E0,-4.465962982E0
1.048589058E2,3.162024536E0,-5.323829041E0,-5.283263397E0
1.048689328E2,1.428479462E0,-5.843997345E0,-5.921386414E0
1.048789588E2,-2.378553772E-1,-6.328988800E0,-6.338269501E0
1.048889858E2,-1.845961304E0,-6.916666718E0,-6.356381836E0
1.048990118E2,-2.849624176E0,-7.607480164E0,-5.936654663E0
1.049090388E2,-2.725981293E0,-8.084388428E0,-5.353916473E0
1.049190658E2,-1.348994751E0,-8.246351624E0,-4.885839844E0
1.049290918E2,9.430389404E-1,-8.006250916E0,-4.630021820E0
1.049391188E2,3.410657501E0,-7.113208008E0,-4.882247314E0
1.049491448E2,4.989125061E0,-5.453459473E0,-5.728287964E0
1.049591718E2,5.492228851E0,-3.776796112E0,-6.505621490E0
1.049691988E2,7.219786377E0,-1.890119476E0,-6.287075958E0
1.049792248E2,1.210652435E1,1.132993927E0,-4.904251556E0
1.049892518E2,1.899894150E1,4.874313812E0,-3.738026733E0
1.049992778E2,2.616858215E1,7.878865814E0,-3.977378998E0
1.050093048E2,3.123973663E1,9.893376617E0,-5.437592468E0
1.050193308E2,3.236674301E1,1.153755753E1,-7.418722687E0
1.050293578E2,3.024041473E1,1.267683838E1,-8.659193115E0
1.050393848E2,2.712733841E1,1.278656021E1,-8.792565765E0
1.050494108E2,2.428220490E1,1.235874985E1,-8.498277740E0
1.050594378E2,2.123993134E1,1.186836960E1,-8.406219177E0
1.050694638E2,1.791893738E1,1.119716537E1,-8.220904541E0
1.050794908E2,1.458147766E1,1.042058029E1,-7.530839539E0
1.050895168E2,1.152588181E1,9.627978516E0,-6.240073700E0
1.050995438E2,8.986712036E0,8.757388916E0,-4.484674072E0
1.051095708E2,7.119794312E0,8.072862396E0,-2.328857117E0
1.051195968E2,5.703888702E0,7.652985535E0,-5.553451538E-2
1.051296238E2,4.497696991E0,7.419471130E0,2.052382050E0
1.051396498E2,3.255879364E0,7.242089996E0,3.804937592E0
1.051496768E2,2.046843567E0,7.096442871E0,5.088218994E0
1.051597028E2,1.046174469E0,7.049739990E0,6.013894043E0
1.051697298E2,3.884422302E-1,7.088060303E0,6.385870514E0
1.051797568E2,4.206253052E-2,7.117848358E0,5.910608826E0
1.051897828E2,-4.796026611E-1,7.057224426E0,4.809648285E0
1.051998098E2,-9.345066833E-1,6.896907806E0,3.633843384E0
1.052098358E2,-1.234482880E0,6.767427063E0,2.811603241E0
1.052198628E2,-1.423240356E0,6.632557526E0,2.434836731E0
1.052298888E2,-1.626817017E0,6.320157166E0,2.468067627E0
1.052399158E2,-1.585951996E0,5.945635986E0,2.615960083E0
1.052499428E2,-1.456620941E0,5.679639130E0,2.927612000E0
1.052599688E2,-1.023421783E0,6.095324707E0,3.522774353E0
1.052699958E2,1.077758789E-1,7.054080963E0,4.054169312E0
1.052800218E2,2.101929016E0,8.173902283E0,4.113595734E0
1.052900488E2,4.293222198E0,9.535171509E0,3.824546814E0
1.053000748E2,6.163433075E0,1.157363251E1,3.512894897E0
1.053101018E2,8.056546326E0,1.371627686E1,3.251538391E0
1.053201288E2,1.053733749E1,1.559037964E1,3.078198853E0
1.053301548E2,1.368648880E1,1.724294312E1,3.027753754E0
1.053401818E2,1.683264633E1,1.849194580E1,2.949915619E0
1.053502078E2,1.953452774E1,1.865765121E1,2.446961517E0
1.053602348E2,2.120774826E1,1.775398041E1,1.220561829E0
1.053702608E2,2.171893524E1,1.625918884E1,-5.221142578E-1
1.053802878E2,2.135219788E1,1.451696182E1,-2.232457581E0
1.053903148E2,2.068114334E1,1.307411224E1,-3.520978088E0
1.054003408E2,2.011531998E1,1.195159653E1,-4.363575897E0
1.054103678E2,1.962718506E1,1.060799057E1,-4.873715057E0
1.054203938E2,1.877111526E1,8.905730438E0,-4.803361359E0
1.054304208E2,1.704505463E1,6.941365356E0,-4.045337677E0
1.054404468E2,1.440394684E1,5.031187592E0,-2.837200012E0
1.054504738E2,1.152543274E1,3.199297028E0,-1.647174683E0
1.054605008E2,9.125623169E0,1.485959930E0,-4.800517273E-1
1.054705268E2,7.445367279E0,4.939727783E-2,5.191204834E-1
1.054805538E2,6.355932770E0,-1.281634827E0,1.167272644E0
1.054905798E2,5.517376556E0,-2.537373505E0,1.323847046E0
1.055006068E2,4.752167816E0,-3.619323578E0,9.999206543E-1
1.055106328E2,4.047732697E0,-4.495451660E0,3.442840576E-1
1.055206598E2,3.326382751E0,-5.179379425E0,-5.026547241E-1
1.055306868E2,2.664908295E0,-5.740263062E0,-1.386267242E0
1.055407128E2,2.211052094E0,-6.246660004E0,-2.101479950E0
1.055507398E2,1.922152863E0,-6.600823517E0,-2.727478180E0
1.055607658E2,1.355880432E0,-6.766229553E0,-3.549119568E0
1.055707928E2,2.086660767E-1,-6.856791229E0,-4.625381470E0
1.055808188E2,-1.075663147E0,-7.245532837E0,-5.509592743E0
1.055908458E2,-2.315983887E0,-7.696544952E0,-6.003116455E0
1.056008720E2,-2.788251801E0,-7.873926086E0,-6.092480621E0
1.056108980E2,-1.829345856E0,-7.917186127E0,-5.874833221E0
1.056209250E2,5.807922363E-1,-7.638765106E0,-5.549110565E0
1.056309510E2,3.100801849E0,-6.687193909E0,-5.420228577E0
1.056409780E2,5.115162964E0,-5.154830475E0,-5.809269562E0
1.056510040E2,6.089935913E0,-3.494183807E0,-6.721173248E0
1.056610310E2,6.665489044E0,-1.747915192E0,-7.682623901E0
1.056710580E2,9.131910095E0,4.710704041E-1,-7.500303040E0
1.056810840E2,1.458746521E1,3.679348755E0,-6.168223114E0
1.056911110E2,2.158346695E1,7.387737122E0,-5.138514404E0
1.057011370E2,2.801783661E1,1.030382309E1,-5.082830200E0
1.057111640E2,3.189896576E1,1.201551361E1,-6.032904510E0
1.057211900E2,3.252226959E1,1.307875259E1,-7.056475983E0
1.057312170E2,3.055461136E1,1.363604370E1,-7.176376648E0
1.057412440E2,2.732328094E1,1.317904404E1,-6.512058105E0
1.057512700E2,2.394465683E1,1.210936844E1,-5.912854156E0
1.057612970E2,2.042547501E1,1.137035522E1,-5.773943024E0
1.057713230E2,1.666230057E1,1.069301376E1,-5.743556213E0
1.057813500E2,1.316212921E1,9.672885132E0,-5.393583984E0
1.057913760E2,1.008303223E1,8.659342804E0,-4.405937805E0
1.058014030E2,7.788753204E0,7.870333557E0,-2.678080902E0
1.058114300E2,6.127358093E0,7.292684784E0,-7.120692444E-1
1.058214560E2,4.801565094E0,6.915169830E0,1.116378479E0
1.058314830E2,3.597768402E0,6.731052704E0,2.686014404E0
1.058415090E2,2.351609802E0,6.709347839E0,3.910917206E0
1.058515360E2,1.292861481E0,6.720724182E0,4.802313538E0
1.058615620E2,5.080435181E-1,6.708150330E0,5.361700287E0
1.058715890E2,-3.353027344E-2,6.698420563E0,5.707181854E0
1.058816150E2,-2.787203979E-1,6.780300293E0,5.796695709E0
1.058916420E2,-1.384620667E-1,6.961273956E0,5.425317993E0
1.059016690E2,2.213896179E-1,7.225773926E0,4.673730927E0
1.059116950E2,1.121168518E-1,7.214397583E0,3.606150970E0
1.059217220E2,-4.647834778E-1,7.191794586E0,2.514770508E0
1.059317480E2,-1.038240967E0,6.964716797E0,1.910776520E0
1.059417750E2,-1.324595490E0,6.454427948E0,1.862427063E0
1.059518010E2,-1.684297485E0,6.133794708E0,2.132016449E0
1.059618280E2,-1.633103943E0,6.299500122E0,2.852019196E0
1.059718550E2,-4.568499756E-1,6.935677185E0,3.597019958E0
1.059818810E2,1.846260681E0,8.259524231E0,3.862118683E0
1.059919080E2,4.538711700E0,9.819580078E0,3.535048828E0
1.060019340E2,7.221582642E0,1.183783310E1,2.973117371E0
1.060119610E2,9.976154480E0,1.403780823E1,2.254761200E0
1.060219870E2,1.297995804E1,1.567944443E1,1.509610748E0
1.060320140E2,1.634061951E1,1.677007645E1,8.406518555E-1
1.060420400E2,1.958063187E1,1.717393661E1,2.398013306E-1
1.060520670E2,2.177896042E1,1.680600174E1,-7.426057434E-1
1.060620940E2,2.267784119E1,1.519310577E1,-2.569107513E0
1.060721200E2,2.215288284E1,1.306632843E1,-4.714595947E0
1.060821470E2,2.069476501E1,1.146750320E1,-6.432274017E0
1.060921730E2,1.929218170E1,1.055694672E1,-7.221582642E0
1.061022000E2,1.879132324E1,1.005234604E1,-6.827152863E0
1.061122260E2,1.887544830E1,9.251661072E0,-5.399272156E0
1.061222530E2,1.809272598E1,7.940537567E0,-3.697161713E0
1.061322800E2,1.615740051E1,6.565646667E0,-1.829345856E0
1.061423060E2,1.340926529E1,5.141508179E0,-5.269042969E-2
1.061523330E2,1.074390793E1,3.694167938E0,1.325643311E0
1.061623590E2,8.707392883E0,2.330354004E0,2.322719879E0
1.061723860E2,7.280410309E0,1.036444702E0,2.886148224E0
1.061824120E2,6.386618958E0,-2.285746765E-1,2.816093903E0
1.061924390E2,5.879772949E0,-1.373992767E0,2.204914856E0
1.062024660E2,5.663173370E0,-2.320624237E0,1.231339417E0
1.062124920E2,5.490582275E0,-3.151995392E0,2.290237427E-1
1.062225190E2,5.248086548E0,-3.919898529E0,-6.251000977E-1
1.062325450E2,4.976850586E0,-4.683161316E0,-1.347198486E0
1.062425720E2,4.703668671E0,-5.460494843E0,-2.094594269E0
1.062525980E2,4.128265228E0,-6.129154358E0,-3.175945587E0
1.062626250E2,2.825374603E0,-6.647227020E0,-4.632267151E0
1.062726510E2,8.303233337E-1,-7.137457581E0,-5.846092987E0
1.062826780E2,-1.120270386E0,-7.598498840E0,-6.515650635E0
1.062927050E2,-2.748883667E0,-8.105344849E0,-6.477180634E0
1.063027310E2,-3.791016541E0,-8.665480042E0,-5.788762207E0
1.063127580E2,-3.368894348E0,-8.726702728E0,-4.821922760E0
1.063227840E2,-1.318158875E0,-8.373287659E0,-4.029470673E0
1.063328110E2,1.064586182E0,-7.710016937E0,-3.859124908E0
1.063428370E2,3.161575470E0,-6.561904449E0,-4.535119171E0
1.063528640E2,4.949457550E0,-4.767885132E0,-5.673801270E0
1.063628910E2,6.195017395E0,-2.652035065E0,-6.863078156E0
1.063729170E2,8.606352997E0,-5.137316895E-1,-7.291936340E0
1.063829440E2,1.391087219E1,2.651585999E0,-6.207740936E0
1.063929700E2,2.072619965E1,6.195017395E0,-4.944817200E0
1.064029970E2,2.691283447E1,8.845555573E0,-4.962031403E0
1.064130230E2,3.050207062E1,1.053000275E1,-6.215225372E0
1.064230500E2,3.085294098E1,1.167377426E1,-7.621401215E0
1.064330760E2,2.883199356E1,1.237012619E1,-7.749983826E0
1.064431030E2,2.616888153E1,1.238195160E1,-6.920558624E0
1.064531300E2,2.367880966E1,1.195593750E1,-6.193670197E0
1.064631560E2,2.097677856E1,1.158605667E1,-5.932463379E0
1.064731830E2,1.785561905E1,1.107097778E1,-5.853427734E0
1.064832090E2,1.448073715E1,1.039169037E1,-5.397775269E0
1.064932360E2,1.136346954E1,9.595346375E0,-4.429588623E0
1.065032620E2,8.890162811E0,8.703800354E0,-2.898572388E0
1.065132890E2,6.975195007E0,8.004155273E0,-1.084644470E0
1.065233150E2,5.459447021E0,7.594906311E0,7.569758606E-1
1.065333420E2,4.204606476E0,7.301516418E0,2.505040741E0
1.065433690E2,2.974015503E0,7.173532562E0,4.092938690E0
1.065533950E2,1.829794922E0,7.094796295E0,5.376519470E0
1.065634220E2,9.464817810E-1,7.009773102E0,6.217021637E0
1.065734480E2,2.796185303E-1,6.935826874E0,6.390810242E0
1.065834750E2,-2.094145203E-1,6.857988739E0,5.889203339E0
1.065935011E2,-4.927752686E-1,6.813231812E0,4.968468018E0
1.066035281E2,-6.180647278E-1,6.776258698E0,3.964655457E0
1.066135541E2,-7.274871826E-1,6.739734650E0,3.107388153E0
1.066235811E2,-9.954299927E-1,6.567742310E0,2.639760590E0
1.066336081E2,-1.309626617E0,6.179599457E0,2.619851990E0
1.066436341E2,-1.370100861E0,5.600304108E0,2.871628418E0
1.066536611E2,-1.487606506E0,5.138514404E0,3.198249207E0
1.066636871E2,-1.525926819E0,5.159620514E0,3.650758209E0
1.066737141E2,-9.818083191E-1,5.606740723E0,4.266128540E0
1.066837401E2,-1.508862305E-1,6.350993042E0,4.924010468E0
1.066937671E2,1.510957947E0,7.694149933E0,5.510939941E0
1.067037941E2,4.641248474E0,1.011117371E1,5.640869751E0
1.067138201E2,8.691525879E0,1.306183777E1,4.973258057E0
1.067238471E2,1.242895386E1,1.573168579E1,3.807182922E0
1.067338731E2,1.588391922E1,1.775562698E1,2.620151367E0
1.067439001E2,1.920132065E1,1.932002380E1,1.845212860E0
1.067539261E2,2.202579712E1,1.968137238E1,1.461710358E0
1.067639531E2,2.351879242E1,1.857113113E1,1.009650421E0
1.067739791E2,2.364977005E1,1.711810272E1,1.576222229E-1
1.067840061E2,2.323213852E1,1.560220505E1,-1.173858948E0
1.067940321E2,2.258473480E1,1.374890900E1,-2.882705383E0
1.068040591E2,2.202190521E1,1.217568054E1,-4.691244507E0
1.068140861E2,2.153871002E1,1.058209442E1,-5.927373962E0
1.068241121E2,2.065614532E1,8.617280273E0,-5.882317657E0
1.068341391E2,1.880988464E1,6.435716858E0,-4.550088043E0
1.068441651E2,1.606848541E1,4.454287262E0,-2.751877441E0
1.068541921E2,1.307201660E1,2.540067902E0,-1.130898285E0
1.068642181E2,1.047865952E1,6.303392029E-1,7.619155884E-2
1.068742451E2,8.374185791E0,-9.530680847E-1,8.704399109E-1
1.068842721E2,6.849306793E0,-2.231858826E0,1.213975525E0
1.068942981E2,5.754633179E0,-3.436104584E0,1.001866608E0
1.069043251E2,4.864284668E0,-4.505031738E0,3.103047180E-1
1.069143511E2,3.935466156E0,-5.297633514E0,-1.085692291E0
1.069243781E2,3.165317688E0,-6.020630035E0,-2.398761749E0
1.069344041E2,2.457140350E0,-6.609505463E0,-3.342998199E0
1.069444311E2,1.764530640E0,-7.124284973E0,-4.428840179E0
1.069544571E2,7.590715027E-1,-7.557933197E0,-5.544769592E0
1.069644841E2,-6.313870239E-1,-7.790549469E0,-6.462960205E0
1.069745111E2,-2.151176605E0,-7.876919861E0,-7.164551239E0
1.069845371E2,-3.531755676E0,-7.776927795E0,-7.370971985E0
1.069945641E2,-4.551734619E0,-7.722291412E0,-7.266788635E0
1.070045901E2,-4.747377777E0,-7.838150482E0,-7.170239410E0
1.070146171E2,-3.633094940E0,-7.884853363E0,-6.795867920E0
1.070246431E2,-1.242566071E0,-7.627089386E0,-6.122867432E0
1.070346701E2,1.673220520E0,-6.691085815E0,-5.554649048E0
1.070446961E2,4.659510498E0,-5.396128693E0,-5.569917297E0
1.070547231E2,6.964417419E0,-3.784130859E0,-6.054160309E0
1.070647501E2,8.883726196E0,-1.751358032E0,-6.769223328E0
1.070747761E2,1.183603683E1,5.092410278E-1,-6.878196716E0
1.070848031E2,1.653431671E1,3.400029602E0,-5.907615051E0
1.070948291E2,2.209016327E1,6.649322662E0,-4.533173218E0
1.071048561E2,2.716745499E1,9.334139557E0,-3.722459106E0
1.071148821E2,2.998564453E1,1.091470276E1,-3.701502686E0
1.071249091E2,3.020853104E1,1.180026123E1,-4.266278229E0
1.071349351E2,2.865446274E1,1.229243774E1,-4.793930969E0
1.071449621E2,2.632620438E1,1.251577332E1,-4.804409180E0
1.071549891E2,2.378104706E1,1.226998444E1,-4.600084076E0
1.071650151E2,2.084295685E1,1.169772446E1,-4.683909760E0
1.071750421E2,1.742466522E1,1.110271179E1,-5.062472534E0
1.071850681E2,1.383363281E1,1.047237259E1,-5.358706512E0
1.071950951E2,1.062939606E1,9.656119995E0,-5.270689545E0
1.072051211E2,8.125103760E0,8.879983978E0,-4.347110138E0
1.072151481E2,6.392756195E0,8.288863220E0,-2.813399506E0
1.072251741E2,5.235812073E0,7.858807526E0,-1.044976959E0
1.072352011E2,4.286486206E0,7.597301331E0,5.676196289E-1
1.072452281E2,3.356769562E0,7.531288605E0,1.889969788E0
1.072552541E2,2.367925873E0,7.520511017E0,2.825524292E0
1.072652811E2,1.376088409E0,7.381749573E0,3.434008942E0
1.072753071E2,9.587562561E-1,7.193441162E0,3.874243469E0
1.072853341E2,7.975415039E-1,7.101083221E0,4.098327484E0
1.072953601E2,5.822891235E-1,7.206164703E0,3.970493317E0
1.073053871E2,2.856060791E-1,7.228468323E0,3.530258789E0
1.073154131E2,3.128494263E-2,7.116800537E0,2.999163208E0
1.073254401E2,-1.290316772E-1,6.853647766E0,2.589914246E0
1.073354661E2,-4.056564331E-1,6.495292969E0,2.319426727E0
1.073454931E2,-5.583389282E-1,6.051615601E0,2.113005981E0
1.073555201E2,-4.619393921E-1,5.677094421E0,2.120939484E0
1.073655461E2,-1.493893433E-1,5.686824188E0,2.491419067E0
1.073755731E2,6.108796692E-1,6.114784241E0,3.138373718E0
1.073855991E2,1.984273682E0,6.951693878E0,3.677552490E0
1.073956261E2,4.434678040E0,8.158035278E0,3.822750549E0
1.074056521E2,7.808512115E0,1.002046234E1,3.439547424E0
1.074156791E2,1.088895630E1,1.220442078E1,2.500250702E0
1.074257051E2,1.304222855E1,1.412163391E1,1.290765839E0
1.074357321E2,1.499461853E1,1.538096512E1,4.635859680E-1
1.074457591E2,1.722213638E1,1.599843109E1,2.627037048E-1
1.074557851E2,1.936942108E1,1.601085526E1,4.712200928E-1
1.074658121E2,2.103904907E1,1.523935959E1,-1.347198486E-2
1.074758381E2,2.151236481E1,1.376297974E1,-1.704206085E0
1.074858651E2,2.075613739E1,1.201147202E1,-3.977378998E0
1.074958911E2,1.943079346E1,1.069361252E1,-5.701343994E0
1.075059181E2,1.816412750E1,9.963880005E0,-6.054309998E0
1.075159441E2,1.752600449E1,9.439370728E0,-4.905149689E0
1.075259711E2,1.728246094E1,8.725505219E0,-2.922372894E0
1.075359981E2,1.619137985E1,7.502248993E0,-1.208137665E0
1.075460241E2,1.413286057E1,6.153703308E0,1.800755310E-1
1.075560511E2,1.161479691E1,4.804259491E0,1.126707001E0
1.075660771E2,9.223669281E0,3.458707581E0,1.705403595E0
1.075761041E2,7.405849457E0,2.159259796E0,1.917662201E0
1.075861301E2,6.330485687E0,1.012793884E0,1.748064880E0
1.075961580E2,5.975274353E0,1.691482544E-2,1.108894043E0
1.076061840E2,6.112538910E0,-9.035211182E-1,6.900650024E-2
1.076162110E2,6.258784790E0,-1.646725616E0,-9.940827942E-1
1.076262380E2,6.085145874E0,-2.351609802E0,-1.907183990E0
1.076362640E2,5.511239319E0,-3.095712433E0,-2.844983826E0
1.076462910E2,4.595443726E0,-3.939807129E0,-3.457510071E0
1.076563170E2,3.372337189E0,-4.735103302E0,-3.797004089E0
1.076663440E2,2.081870728E0,-5.498216400E0,-4.197421417E0
1.076763700E2,6.764433289E-1,-6.087391205E0,-4.753065948E0
1.076863970E2,-8.755293274E-1,-6.593039703E0,-5.310057678E0
1.076964230E2,-2.366129608E0,-7.188800812E0,-5.636977844E0
1.077064500E2,-3.469485168E0,-7.683522034E0,-5.644312592E0
1.077164760E2,-3.982767792E0,-8.026309204E0,-5.349725189E0
1.077265030E2,-3.304378510E0,-8.087831268E0,-5.028493195E0
1.077365300E2,-1.302142181E0,-7.901019745E0,-4.938081207E0
1.077465560E2,1.200353851E0,-7.598648529E0,-5.105433197E0
1.077565830E2,3.122207336E0,-6.515650635E0,-5.543871460E0
1.077666090E2,4.206103363E0,-5.103038177E0,-6.205645294E0
1.077766360E2,5.571414185E0,-3.540437622E0,-6.321055298E0
1.077866620E2,9.256151733E0,-8.297245789E-1,-5.191354523E0
1.077966890E2,1.543155991E1,2.751278687E0,-3.702101440E0
1.078067150E2,2.210019241E1,6.439010010E0,-3.006348267E0
1.078167420E2,2.839415405E1,9.396410065E0,-3.933370514E0
1.078267690E2,3.242886383E1,1.162527512E1,-6.018534393E0
1.078367950E2,3.310081650E1,1.342213852E1,-8.021070099E0
1.078468220E2,3.103346558E1,1.436098618E1,-8.869056702E0
1.078568480E2,2.760529449E1,1.422192535E1,-8.720864868E0
1.078668750E2,2.385184982E1,1.346689545E1,-8.457263031E0
1.078769010E2,2.004511597E1,1.253223907E1,-8.332422638E0
1.078869280E2,1.634481079E1,1.153725815E1,-7.972570953E0
1.078969540E2,1.283835251E1,1.041908340E1,-6.950047302E0
1.079069810E2,9.680818634E0,9.257947998E0,-5.258115692E0
1.079170070E2,7.095993805E0,8.195158081E0,-3.173101501E0
1.079270340E2,5.128036194E0,7.416028290E0,-8.867559814E-1
1.079370610E2,3.553310852E0,6.949598236E0,1.343306580E0
1.079470870E2,2.228116608E0,6.782246246E0,3.288661194E0
1.079571140E2,1.081051941E0,6.718927917E0,4.822970581E0
1.079671400E2,1.478924561E-1,6.589297485E0,5.878126373E0
1.079771670E2,-5.206173706E-1,6.474635925E0,6.450086975E0
1.079871930E2,-1.025816803E0,6.412964172E0,6.326593781E0
1.079972200E2,-1.432371368E0,6.264622650E0,5.528603210E0
1.080072460E2,-1.788480835E0,6.011049957E0,4.506378937E0
1.080172730E2,-2.006128235E0,5.857469330E0,3.555705872E0
1.080272990E2,-1.842967529E0,5.883515167E0,2.783611450E0
1.080373260E2,-1.432071991E0,5.911656647E0,2.274370422E0
1.080473530E2,-1.287023621E0,5.704188080E0,2.163600769E0
1.080573790E2,-1.260379028E0,5.485043793E0,2.678979034E0
1.080674060E2,-5.146298218E-1,5.707780609E0,3.454815674E0
1.080774320E2,7.920030212E-1,6.358477478E0,4.134103088E0
1.080874590E2,2.534230042E0,7.239395599E0,4.419559479E0
1.080974850E2,4.760400696E0,8.446036377E0,4.161346436E0
1.081075120E2,7.281158752E0,1.044468018E1,3.666176147E0
1.081175380E2,9.376501465E0,1.247251328E1,2.934946747E0
1.081275650E2,1.148890869E1,1.410681473E1,2.356399841E0
1.081375910E2,1.406235718E1,1.587074661E1,2.298320618E0
1.081476180E2,1.712169525E1,1.739861938E1,2.303260345E0
1.081576450E2,2.006667114E1,1.799917053E1,2.110610962E0
1.081676710E2,2.247800674E1,1.770832535E1,1.652413788E0
1.081776980E2,2.390184586E1,1.639196274E1,2.499801636E-1
1.081877240E2,2.401635773E1,1.446112793E1,-1.963317261E0
1.081977510E2,2.330219284E1,1.278611115E1,-4.243525543E0
1.082077770E2,2.245899628E1,1.151046387E1,-6.129603424E0
1.082178040E2,2.166100571E1,1.038420593E1,-7.351362762E0
1.082278300E2,2.092498627E1,9.067543945E0,-7.356452179E0
1.082378570E2,1.940399918E1,7.288942566E0,-5.941444702E0
1.082478840E2,1.656156006E1,5.386997681E0,-3.946692810E0
1.082579100E2,1.305300613E1,3.642675018E0,-2.201621704E0
1.082679370E2,9.947563934E0,1.885179749E0,-7.571255493E-1
1.082779630E2,7.686815186E0,3.502716064E-1,4.366419983E-1
1.082879900E2,6.481820984E0,-8.593629456E-1,1.409019928E0
1.082980160E2,6.115233307E0,-2.014361115E0,1.962419128E0
1.083080430E2,6.027815094E0,-3.194806366E0,1.965861969E0
1.083180690E2,5.731581116E0,-4.386029205E0,1.407672729E0
1.083280960E2,5.042863312E0,-5.407505035E0,4.887336731E-1
1.083381220E2,4.096381531E0,-6.160888367E0,-5.593867493E-1
1.083481490E2,2.960244141E0,-6.877148895E0,-1.630409546E0
1.083581750E2,1.580263824E0,-7.576045532E0,-2.654280396E0
1.083682020E2,9.430389404E-3,-7.983647919E0,-3.675905914E0
1.083782290E2,-1.526226196E0,-8.187823334E0,-4.326752472E0
1.083882550E2,-3.029550018E0,-8.319699097E0,-4.655618591E0
1.083982820E2,-4.396357727E0,-8.516539764E0,-4.864883423E0
1.084083080E2,-4.941074982E0,-8.752598877E0,-4.814288635E0
1.084183350E2,-4.301155701E0,-8.906778259E0,-4.418511658E0
1.084283610E2,-2.323318634E0,-8.735085297E0,-4.001478882E0
1.084383880E2,8.729846191E-1,-8.377029877E0,-4.114344177E0
1.084484140E2,4.343517609E0,-7.159312134E0,-5.034480743E0
1.084584410E2,5.739215240E0,-5.714067535E0,-6.166127472E0
1.084684680E2,5.309309235E0,-3.907773743E0,-7.040010223E0
1.084784940E2,5.896238708E0,-2.087409210E0,-7.296277313E0
1.084885210E2,9.863438873E0,6.228547668E-1,-6.339317322E0
1.084985470E2,1.720432343E1,4.759502563E0,-4.977149963E0
1.085085740E2,2.633174286E1,8.870254211E0,-4.956043854E0
1.085186000E2,3.343626892E1,1.174128387E1,-6.459517365E0
1.085286270E2,3.570599899E1,1.347198486E1,-8.559051361E0
1.085386530E2,3.371618683E1,1.439167236E1,-9.685608673E0
1.085486800E2,2.976021332E1,1.439945618E1,-8.904532928E0
1.085587060E2,2.573942459E1,1.341195969E1,-7.498357086E0
1.085687330E2,2.199496124E1,1.237506592E1,-6.689588928E0
1.085787600E2,1.839060654E1,1.166539169E1,-6.203549652E0
1.085887860E2,1.505254807E1,1.079360458E1,-5.521867218E0
1.085988120E2,1.201461548E1,9.785301361E0,-4.546046448E0
1.086088380E2,9.397158508E0,8.838969269E0,-3.184627533E0
1.086188650E2,7.206613770E0,7.980803833E0,-1.527423706E0
1.086288910E2,5.473667450E0,7.296277313E0,1.282832336E-1
1.086389180E2,4.003574524E0,6.901398468E0,1.619033203E0
1.086489440E2,2.772983551E0,6.810537415E0,2.916535034E0
1.086589710E2,1.812880096E0,6.780300293E0,3.900888062E0
1.086689970E2,1.096469879E0,6.714586945E0,4.566553802E0
1.086790240E2,7.737409973E-1,6.786138153E0,4.952601013E0
1.086890510E2,9.219328308E-1,6.984326019E0,4.961732025E0
1.086990770E2,1.115031281E0,7.153773651E0,4.433031464E0
1.087091040E2,1.133892059E0,7.418872375E0,3.560645599E0
1.087191300E2,6.709048462E-1,7.595355377E0,2.529140625E0
1.087291570E2,-2.772235107E-1,7.403155060E0,1.775757294E0
1.087391830E2,-9.509724426E-1,6.985523529E0,1.618733826E0
1.087492100E2,-8.562194824E-1,6.551575928E0,1.997146912E0
1.087592360E2,-3.251239014E-1,6.469546509E0,2.766097870E0
1.087692630E2,1.266366577E-1,6.459966431E0,3.568728790E0
1.087792900E2,8.545729065E-1,6.748117218E0,4.291725311E0
1.087893160E2,2.506986694E0,7.704927521E0,4.718637543E0
1.087993430E2,4.754862213E0,8.852740631E0,4.512216797E0
1.088093690E2,7.524702301E0,1.050934570E1,3.954776001E0
1.088193960E2,1.076501404E1,1.248957779E1,3.195554810E0
1.088294220E2,1.370175705E1,1.406999130E1,2.238594818E0
1.088394490E2,1.616802841E1,1.506182877E1,1.554068298E0
1.088494750E2,1.850227432E1,1.535282364E1,1.459914093E0
1.088595020E2,2.013882111E1,1.494552063E1,1.553918610E0
1.088695280E2,2.079790054E1,1.410052780E1,8.292755127E-1
1.088795550E2,2.094294891E1,1.274315048E1,-9.398954773E-1
1.088895820E2,2.032218979E1,1.123144409E1,-3.123853912E0
1.088996080E2,1.907842621E1,1.013946487E1,-4.913382568E0
1.089096350E2,1.802401886E1,9.735155640E0,-5.585335236E0
1.089196610E2,1.786295380E1,9.318721619E0,-4.736600189E0
1.089296880E2,1.769709869E1,8.443042603E0,-2.987188110E0
1.089397140E2,1.636202499E1,7.231911163E0,-1.116079102E0
1.089497410E2,1.401879776E1,5.915698242E0,4.894821167E-1
1.089597670E2,1.146495850E1,4.365222473E0,1.680255890E0
1.089697940E2,9.218130798E0,2.744842072E0,2.520009613E0
1.089798210E2,7.432044983E0,1.319805450E0,2.977458344E0
1.089898470E2,6.338269501E0,5.942642212E-2,3.013233948E0
1.089998740E2,5.866450653E0,-1.255738678E0,2.503094788E0
1.090099000E2,5.804329834E0,-2.420466614E0,1.541195068E0
1.090199270E2,5.709876251E0,-3.267106018E0,4.574487305E-1
1.090299530E2,5.405559082E0,-4.017046509E0,-5.469625854E-1
1.090399800E2,4.909939728E0,-4.728067932E0,-1.443747711E0
1.090500060E2,4.310286713E0,-5.457501068E0,-2.303709412E0
1.090600330E2,3.646267548E0,-6.063740387E0,-3.309168549E0
1.090700590E2,2.757715302E0,-6.623426514E0,-4.459975433E0
1.090800860E2,1.466500397E0,-7.014114075E0,-5.347030792E0
1.090901130E2,-1.615141296E-1,-7.337591400E0,-6.299200745E0
1.091001390E2,-2.099084930E0,-7.669451294E0,-7.190447388E0
1.091101660E2,-3.791465607E0,-8.064030762E0,-7.416028290E0
1.091201920E2,-4.139192505E0,-8.289012909E0,-6.929839325E0
1.091302190E2,-2.927761688E0,-8.287815399E0,-6.001320190E0
1.091402450E2,1.945953369E-3,-7.847431183E0,-5.210364990E0
1.091502720E2,3.444636841E0,-6.758745117E0,-5.297932892E0
1.091602980E2,5.137915649E0,-4.987328796E0,-6.375392303E0
1.091703250E2,5.789061584E0,-3.417094116E0,-7.725285187E0
1.091803520E2,8.552764435E0,-1.383572845E0,-7.934849396E0
1.091903780E2,1.468191879E1,1.975292358E0,-6.542444916E0
1.092004050E2,2.242292130E1,5.656437378E0,-4.976551208E0
1.092104310E2,2.897764069E1,8.563991089E0,-4.303101654E0
1.092204580E2,3.237886780E1,1.055604858E1,-4.503534851E0
1.092304840E2,3.262884796E1,1.184262314E1,-5.180726624E0
1.092405110E2,3.073663284E1,1.257969040E1,-5.333409119E0
1.092505370E2,2.807426926E1,1.287652313E1,-4.685107269E0
1.092605640E2,2.525069092E1,1.257969040E1,-4.185895386E0
1.092705900E2,2.222009308E1,1.213556396E1,-4.098776550E0
1.092806170E2,1.885853348E1,1.160027710E1,-4.097429352E0
1.092906440E2,1.533171753E1,1.077803696E1,-3.790268097E0
1.093006700E2,1.223495728E1,9.796228638E0,-2.909948730E0
1.093106970E2,9.684560852E0,8.779991913E0,-1.559756470E0
1.093207230E2,7.557334442E0,7.925868073E0,1.616638184E-2
1.093307500E2,5.708678741E0,7.341183929E0,1.640139313E0
1.093407760E2,4.011957092E0,6.872658234E0,3.160677338E0
1.093508030E2,2.459235992E0,6.499334564E0,4.497547302E0
1.093608290E2,1.099912720E0,6.195765839E0,5.573958893E0
1.093708560E2,5.987548828E-4,6.026617584E0,6.315067749E0
1.093808830E2,-7.794291687E-1,5.913003845E0,6.412964172E0
1.093909090E2,-1.202449493E0,5.766159210E0,5.877377930E0
1.094009360E2,-1.502725067E0,5.583988037E0,5.060077515E0
1.094109620E2,-1.785487061E0,5.540129242E0,4.342320099E0
1.094209890E2,-1.782792664E0,5.706283722E0,3.778143311E0
1.094310150E2,-1.876198425E0,5.784271545E0,3.293600922E0
1.094410420E2,-2.003284149E0,5.668711853E0,3.022963715E0
1.094510680E2,-1.736688538E0,5.341492310E0,3.086880798E0
1.094610950E2,-1.405427399E0,5.217100983E0,3.536695404E0
1.094711210E2,-9.383985901E-1,5.692662048E0,4.209845581E0
1.094811480E2,3.170407104E-1,6.419101410E0,4.905299377E0
1.094911750E2,2.512225800E0,7.565267944E0,5.193450165E0
1.095012010E2,5.023104401E0,9.057664490E0,4.784949646E0
1.095112280E2,7.082072754E0,1.084270248E1,4.080963593E0
1.095212540E2,8.783434753E0,1.283086807E1,3.582200775E0
1.095312810E2,1.068672684E1,1.486094650E1,3.569926300E0
1.095413070E2,1.328966400E1,1.666858749E1,3.742816772E0
1.095513340E2,1.615695145E1,1.788675430E1,3.739373932E0
1.095613600E2,1.904265060E1,1.824061844E1,3.622467041E0
1.095713870E2,2.145398621E1,1.777314056E1,3.160377960E0
1.095814130E2,2.241618530E1,1.649090698E1,1.767374725E0
1.095914400E2,2.185111038E1,1.456785599E1,-2.059716797E-1
1.096014676E2,2.057112213E1,1.261262192E1,-1.824106750E0
1.096114936E2,1.914863022E1,1.102996307E1,-2.830913086E0
1.096215206E2,1.776610519E1,9.878407745E0,-3.561992798E0
1.096315466E2,1.719354584E1,8.826545105E0,-3.690126343E0
1.096415736E2,1.678788940E1,7.296427002E0,-3.096760254E0
1.096515996E2,1.528187119E1,5.489833832E0,-2.063009949E0
1.096616266E2,1.281066010E1,3.810775452E0,-9.943821716E-1
1.096716526E2,1.009171417E1,2.142494659E0,3.427871704E-2
1.096816796E2,7.807314606E0,4.664300537E-1,8.848100281E-1
1.096917056E2,6.298751678E0,-1.023721161E0,1.428629150E0
1.097017326E2,5.405559082E0,-2.330503693E0,1.601819000E0
1.097117596E2,4.965324554E0,-3.432661743E0,1.431922302E0
1.097217856E2,4.837490387E0,-4.255350952E0,8.903485107E-1
1.097318126E2,4.860392761E0,-4.988526306E0,3.757186890E-2
1.097418386E2,4.945116577E0,-5.666765900E0,-1.082997894E0
1.097518656E2,4.574187927E0,-6.135141907E0,-2.457739105E0
1.097618916E2,3.564387817E0,-6.397097168E0,-3.980223083E0
1.097719186E2,1.915716248E0,-6.597081299E0,-5.245392151E0
1.097819446E2,-2.987786865E-1,-6.746620331E0,-5.819149017E0
1.097919716E2,-2.181413727E0,-7.079827423E0,-6.000272369E0
1.098019976E2,-3.631897430E0,-7.379055176E0,-6.010002136E0
1.098120246E2,-4.320764923E0,-7.712411957E0,-5.768254852E0
1.098220516E2,-3.635789337E0,-8.009843445E0,-5.219645691E0
1.098320776E2,-1.596879272E0,-7.709418182E0,-4.691693573E0
1.098421046E2,1.335373077E0,-7.132517853E0,-4.702321472E0
1.098521306E2,3.968098297E0,-6.239774323E0,-5.302124176E0
1.098621576E2,5.759273529E0,-4.730313263E0,-5.941744080E0
1.098721836E2,7.004084930E0,-3.070115662E0,-6.617738342E0
1.098822106E2,8.916657715E0,-1.286724243E0,-7.188501434E0
1.098922366E2,1.312665298E1,1.144519958E0,-6.941964111E0
1.099022636E2,1.932661011E1,4.544848938E0,-5.725294189E0
1.099122896E2,2.605856094E1,7.570656738E0,-4.943919067E0
1.099223166E2,3.108480881E1,9.604926453E0,-5.181325378E0
1.099323436E2,3.364493500E1,1.110256210E1,-6.049070892E0
1.099423696E2,3.376663193E1,1.190384583E1,-7.034322052E0
1.099523966E2,3.132820267E1,1.190609116E1,-7.472910004E0
1.099624226E2,2.751503220E1,1.116138977E1,-7.053482208E0
1.099724496E2,2.352867188E1,1.036070480E1,-6.186485138E0
1.099824756E2,1.980696121E1,9.792935486E0,-5.393134918E0
1.099925026E2,1.649075729E1,9.069340210E0,-4.700525208E0
1.100025286E2,1.342543167E1,8.102650452E0,-4.044289856E0
1.100125556E2,1.053314621E1,7.252119141E0,-3.052602081E0
1.100225816E2,8.142916718E0,6.590644684E0,-1.559756470E0
1.100326086E2,6.159391479E0,6.093229065E0,2.195933533E-1
1.100426356E2,4.494553528E0,5.885910187E0,2.172133026E0
1.100526616E2,3.108885040E0,6.016738129E0,4.070335693E0
1.100626886E2,2.016456757E0,6.293362885E0,5.699547729E0
1.100727146E2,1.206191711E0,6.527476044E0,6.914571075E0
1.100827416E2,3.103047180E-1,6.904841309E0,7.598798218E0
1.100927676E2,-6.553372192E-1,7.335046692E0,7.692503357E0
1.101027946E2,-9.900411987E-1,7.654332733E0,7.457791443E0
1.101128206E2,-6.640191650E-1,7.971523132E0,7.025640106E0
1.101228476E2,-1.799258423E-1,8.283773804E0,6.095923462E0
1.101328736E2,-1.269360352E-1,8.277935944E0,4.712350616E0
1.101429006E2,-2.002835083E-1,8.039481812E0,3.628454590E0
1.101529266E2,-1.607656860E-1,7.505392456E0,3.232827301E0
1.101629536E2,-3.767665100E-1,6.926396484E0,3.420087891E0
1.101729806E2,-3.926335144E-1,7.007976837E0,4.248764648E0
1.101830066E2,5.405259705E-1,7.709867249E0,5.337750092E0
1.101930336E2,2.331401825E0,8.615484009E0,6.020779724E0
1.102030596E2,4.627776489E0,1.000579285E1,6.069727936E0
1.102130866E2,7.138655090E0,1.185190384E1,5.786067810E0
1.102231126E2,9.795629883E0,1.388497604E1,5.649551697E0
1.102331396E2,1.301752991E1,1.576087509E1,5.668113098E0
1.102431656E2,1.704056396E1,1.685375244E1,5.411696320E0
1.102531926E2,2.105656265E1,1.697694626E1,4.613406372E0
1.102632186E2,2.370275986E1,1.596160767E1,3.146007843E0
1.102732456E2,2.451347397E1,1.425246185E1,1.187779999E0
1.102832716E2,2.399674850E1,1.241593094E1,-9.268725586E-1
1.102932986E2,2.263428177E1,1.073627380E1,-2.847977600E0
1.103033256E2,2.072874435E1,9.597591705E0,-4.215982819E0
1.103133516E2,1.920461380E1,8.775201874E0,-4.594844971E0
1.103233786E2,1.834345459E1,7.827223206E0,-3.724854126E0
1.103334046E2,1.738948837E1,6.710245972E0,-2.027833099E0
1.103434316E2,1.555175995E1,5.466931458E0,-3.947291565E-1
1.103534576E2,1.302965469E1,4.227059784E0,9.325607300E-1
1.103634846E2,1.081261505E1,2.962788849E0,1.959874420E0
1.103735106E2,9.148974609E0,1.795815582E0,2.704126740E0
1.103835376E2,7.984995117E0,6.902146912E-1,2.933000793E0
1.103935636E2,7.064259796E0,-4.456233215E-1,2.624342651E0
1.104035906E2,6.286177826E0,-1.404379578E0,1.982627106E0
1.104136176E2,5.718258820E0,-2.342927856E0,1.250499573E0
1.104236436E2,5.232967987E0,-3.165167999E0,4.168830872E-1
1.104336706E2,4.834646301E0,-3.820505219E0,-5.019062805E-1
1.104436966E2,4.588558044E0,-4.558769989E0,-1.444047089E0
1.104537236E2,4.324656830E0,-5.278922424E0,-2.334694977E0
1.104637496E2,3.672463074E0,-5.760471039E0,-3.242557068E0
1.104737766E2,2.310894470E0,-6.096671906E0,-4.248914337E0
1.104838026E2,5.054988098E-1,-6.609804840E0,-5.144202576E0
1.104938296E2,-1.471140747E0,-7.092101898E0,-5.641468506E0
1.105038556E2,-3.015329590E0,-7.438481598E0,-5.906118164E0
1.105138826E2,-3.759881287E0,-7.919581146E0,-6.017037506E0
1.105239086E2,-3.399430847E0,-8.304580536E0,-6.080655212E0
1.105339356E2,-1.468296661E0,-8.167315979E0,-6.279142456E0
1.105439626E2,1.525477753E0,-7.550299072E0,-6.718478851E0
1.105539886E2,4.289929047E0,-6.550827484E0,-7.415429535E0
1.105640156E2,5.745651855E0,-5.140759735E0,-7.966134338E0
1.105740416E2,5.986501007E0,-3.671864319E0,-8.108188934E0
1.105840686E2,7.761958923E0,-2.024539948E0,-7.513325958E0
1.105940946E2,1.265857635E1,8.014334106E-1,-5.819747772E0
1.106041217E2,2.001517822E1,4.555626526E0,-3.990252228E0
1.106141477E2,2.780168610E1,7.820487213E0,-3.416944427E0
1.106241747E2,3.263109329E1,1.023197250E1,-4.030668182E0
1.106342007E2,3.349015686E1,1.200787949E1,-5.178331604E0
1.106442277E2,3.183624619E1,1.299447784E1,-5.583089905E0
1.106542537E2,2.920397003E1,1.326780945E1,-4.916376343E0
1.106642807E2,2.626468231E1,1.300166290E1,-4.530029755E0
1.106743067E2,2.305954742E1,1.265932480E1,-4.765789490E0
1.106843337E2,1.961056961E1,1.210517715E1,-4.977149963E0
1.106943607E2,1.589065521E1,1.121153549E1,-4.868176575E0
1.107043867E2,1.232701584E1,1.026041336E1,-4.176464996E0
1.107144137E2,9.537117462E0,9.354946289E0,-2.747686157E0
1.107244397E2,7.581134949E0,8.593180389E0,-8.776249695E-1
1.107344667E2,6.188880157E0,7.944878540E0,1.067879333E0
1.107444927E2,5.017865295E0,7.535479889E0,2.838846588E0
1.107545197E2,3.910617828E0,7.312144318E0,4.458328857E0
1.107645457E2,2.798131256E0,6.957082672E0,5.875881042E0
1.107745727E2,1.625769196E0,6.644832001E0,7.001390533E0
1.107845987E2,5.451663208E-1,6.481222229E0,7.749684448E0
1.107946257E2,-4.213737488E-1,6.378236389E0,7.880362701E0
1.108046517E2,-1.231638794E0,6.268215179E0,7.482939148E0
1.108146787E2,-1.799108734E0,6.181695099E0,6.873107300E0
1.108247047E2,-2.127076721E0,6.123166809E0,6.209836578E0
1.108347317E2,-2.564167786E0,6.147416382E0,5.599405975E0
1.108447587E2,-2.923570404E0,6.078559570E0,5.037923584E0
1.108547847E2,-2.908601532E0,5.654940491E0,4.661007385E0
1.108648117E2,-2.783162384E0,5.439837799E0,4.633764038E0
1.108748377E2,-2.400408325E0,5.720055084E0,4.899012451E0
1.108848647E2,-1.447938995E0,6.197262726E0,5.269192657E0
1.108948907E2,2.820135498E-1,7.076833649E0,5.667813721E0
1.109049177E2,3.266656952E0,8.995543671E0,5.734425201E0
1.109149437E2,6.837331696E0,1.161719193E1,5.202431488E0
1.109249707E2,1.006911118E1,1.414438660E1,4.086053009E0
1.109349967E2,1.253762787E1,1.586924973E1,2.891537018E0
1.109450237E2,1.453477478E1,1.719953339E1,2.702180786E0
1.109550497E2,1.727797028E1,1.821577011E1,3.455414429E0
1.109650767E2,2.078038696E1,1.825468918E1,4.319118347E0
1.109751027E2,2.340158615E1,1.723875183E1,3.986360321E0
1.109851297E2,2.420182205E1,1.516765869E1,1.936373291E0
1.109951567E2,2.292632446E1,1.254241791E1,-9.089099121E-1
1.110051827E2,2.056977493E1,1.028900391E1,-3.113076324E0
1.110152097E2,1.826037735E1,8.977581024E0,-4.040697327E0
1.110252357E2,1.700718338E1,8.254285126E0,-3.734883270E0
1.110352627E2,1.679267944E1,7.179520111E0,-2.367476807E0
1.110452887E2,1.598465973E1,5.579497375E0,-6.620732117E-1
1.110553157E2,1.382510056E1,4.177512817E0,7.797285461E-1
1.110653417E2,1.105855362E1,2.721490631E0,1.739981689E0
1.110753687E2,8.596623230E0,1.185983734E0,2.365979919E0
1.110853947E2,6.833290100E0,-4.655319214E-2,2.730172577E0
1.110954217E2,5.922733612E0,-1.063987427E0,2.593357086E0
1.111054477E2,5.832321625E0,-2.029180298E0,1.800904999E0
1.111154747E2,6.199358368E0,-2.937491455E0,5.698649597E-1
1.111255007E2,6.465953979E0,-3.547772369E0,-6.144721985E-1
1.111355277E2,6.397695923E0,-4.021686859E0,-1.884281616E0
1.111455547E2,5.792205048E0,-4.480033722E0,-3.345692596E0
1.111555807E2,4.541406097E0,-5.154381409E0,-4.854105835E0
1.111656077E2,2.735860748E0,-5.709726562E0,-5.770799561E0
1.111756337E2,6.586303711E-1,-6.001469879E0,-6.140381012E0
1.111856607E2,-1.249751129E0,-6.308481445E0,-6.306385803E0
1.111956867E2,-2.835254059E0,-6.815177765E0,-6.421945496E0
1.112057137E2,-3.687731323E0,-7.358398132E0,-6.318959656E0
1.112157397E2,-3.404520264E0,-7.725285187E0,-6.024671631E0
1.112257667E2,-2.128723297E0,-7.709717560E0,-5.747298431E0
1.112357927E2,-1.773811340E-1,-7.384593658E0,-5.606591034E0
1.112458197E2,2.308200073E0,-6.964118042E0,-5.667963409E0
1.112558457E2,4.969815216E0,-5.954916687E0,-5.883814545E0
1.112658727E2,7.074887695E0,-4.218677216E0,-6.347250824E0
1.112758987E2,8.545130310E0,-2.274370422E0,-7.177574158E0
1.112859257E2,1.114477432E1,-1.281335449E-1,-7.644752655E0
1.112959527E2,1.581401459E1,2.853516083E0,-6.858288116E0
1.113059787E2,2.161235687E1,6.128106537E0,-5.312901764E0
1.113160057E2,2.690564941E1,8.722960510E0,-4.100273438E0
1.113260317E2,3.055341385E1,1.032133667E1,-3.458258514E0
1.113360587E2,3.210224304E1,1.142693756E1,-3.381318512E0
1.113460847E2,3.162368820E1,1.234842133E1,-3.511098633E0
1.113561117E2,2.957908997E1,1.266995270E1,-3.304677887E0
1.113661377E2,2.640628784E1,1.238255035E1,-2.830763397E0
1.113761647E2,2.252920029E1,1.191761719E1,-2.657124481E0
1.113861907E2,1.852233261E1,1.127051285E1,-2.890788574E0
1.113962177E2,1.485525833E1,1.046967819E1,-3.009791107E0
1.114062437E2,1.170086792E1,9.632618866E0,-2.619253235E0
1.114162707E2,9.261839905E0,8.800050201E0,-1.559008026E0
1.114262967E2,7.385192413E0,8.139324188E0,-6.721023560E-2
1.114363237E2,5.789360962E0,7.707921295E0,1.462309113E0
1.114463497E2,4.405039673E0,7.544910278E0,3.100652161E0
1.114563767E2,3.157833252E0,7.586972809E0,4.732259216E0
1.114664037E2,1.988464966E0,7.550299072E0,5.959107971E0
1.114764297E2,7.908055115E-1,7.326813812E0,6.722520447E0
1.114864567E2,-2.815644836E-1,7.086862793E0,7.028484192E0
1.114964827E2,-1.149908752E0,6.955585785E0,6.902146912E0
1.115065097E2,-1.863325195E0,6.735842743E0,6.323450317E0
1.115165357E2,-2.344125366E0,6.587052155E0,5.450914764E0
1.115265627E2,-2.158062286E0,6.566095734E0,4.698728943E0
1.115365887E2,-1.914219360E0,6.472240906E0,4.009412384E0
1.115466157E2,-2.126627655E0,6.267017670E0,3.481609955E0
1.115566417E2,-2.250120850E0,5.757477264E0,3.317251740E0
1.115666687E2,-1.861828308E0,5.553002472E0,3.646267548E0
1.115766947E2,-8.222401428E-1,6.103108521E0,4.410578156E0
1.115867217E2,8.381071472E-1,6.931934967E0,5.015619965E0
1.115967477E2,3.382516022E0,8.148006134E0,5.248685303E0
1.116067749E2,6.439608765E0,1.022014709E1,5.088967438E0
1.116168019E2,9.084758148E0,1.228764771E1,4.378395081E0
1.116268279E2,1.115734818E1,1.386042709E1,3.287912750E0
1.116368549E2,1.270782394E1,1.521421188E1,2.699486389E0
1.116468809E2,1.429617096E1,1.614512604E1,3.252735901E0
1.116569079E2,1.624032806E1,1.652653290E1,4.553680573E0
1.116669339E2,1.864043701E1,1.663939819E1,5.916895752E0
1.116769609E2,2.091196335E1,1.619856491E1,6.476282501E0
1.116869869E2,2.224030106E1,1.425650345E1,5.413642273E0
1.116970139E2,2.185829544E1,1.156045990E1,2.837798767E0
1.117070399E2,1.989198441E1,9.755213928E0,-4.849914551E-2
1.117170669E2,1.781041306E1,8.830437012E0,-2.311942291E0
1.117270929E2,1.674298279E1,8.126750336E0,-3.552562408E0
1.117371199E2,1.655138123E1,7.255262604E0,-3.570225677E0
1.117471459E2,1.582374435E1,6.117179260E0,-2.575244751E0
1.117571729E2,1.382824402E1,4.828059998E0,-1.268312531E0
1.117671989E2,1.111304031E1,3.578458557E0,-2.637515259E-1
1.117772259E2,8.558751984E0,2.141297150E0,4.177812195E-1
1.117872529E2,6.808741150E0,6.795867920E-1,9.139993286E-1
1.117972789E2,5.748795319E0,-4.915777588E-1,1.192869415E0
1.118073059E2,5.149441681E0,-1.513352966E0,1.281934204E0
1.118173319E2,5.004093933E0,-2.427202606E0,9.922865295E-1
1.118273589E2,5.182672577E0,-3.200344849E0,3.168910217E-1
1.118373849E2,5.253475342E0,-3.722159729E0,-5.587879944E-1
1.118474119E2,4.915777588E0,-4.229903870E0,-1.517993317E0
1.118574379E2,4.230203247E0,-4.837640076E0,-2.510429535E0
1.118674649E2,3.154091034E0,-5.403613129E0,-3.624862061E0
1.118774909E2,1.678010559E0,-5.996230774E0,-4.579427032E0
1.118875179E2,1.916015625E-2,-6.518494720E0,-5.328918457E0
1.118975439E2,-1.820514221E0,-6.963219910E0,-5.888903961E0
1.119075709E2,-3.108735352E0,-7.349267120E0,-6.132148132E0
1.119175969E2,-3.163222046E0,-7.764952698E0,-6.115233307E0
1.119276239E2,-2.140698395E0,-8.071664886E0,-5.973478088E0
1.119376509E2,5.538482666E-2,-7.769443359E0,-5.795498199E0
1.119476769E2,2.597248993E0,-7.281458130E0,-5.653293915E0
1.119577039E2,4.772675171E0,-6.361171875E0,-5.526208191E0
1.119677299E2,6.441554718E0,-5.070555725E0,-5.590724030E0
1.119777569E2,7.503446503E0,-3.106639709E0,-5.806724854E0
1.119877829E2,9.147028656E0,-9.015751648E-1,-6.178701324E0
1.119978099E2,1.296334259E1,1.675166473E0,-5.798641663E0
1.120078359E2,1.892514496E1,5.031786346E0,-4.538562012E0
1.120178629E2,2.560350723E1,8.196056213E0,-3.482358398E0
1.120278889E2,3.126922531E1,1.045351181E1,-3.166066132E0
1.120379159E2,3.389446609E1,1.188708069E1,-3.726800079E0
1.120479419E2,3.263528458E1,1.288131317E1,-4.636608124E0
1.120579689E2,2.887031387E1,1.316362610E1,-4.792733459E0
1.120679949E2,2.498155060E1,1.258627670E1,-4.286486206E0
1.120780219E2,2.166834045E1,1.192180847E1,-3.942800903E0
1.120880479E2,1.836665634E1,1.150297943E1,-3.823798370E0
1.120980749E2,1.527633270E1,1.087129303E1,-3.549119568E0
1.121081019E2,1.229662903E1,9.957892456E0,-2.997366943E0
1.121181279E2,9.525741119E0,9.068292389E0,-1.986369324E0
1.121281549E2,7.186705170E0,8.209079132E0,-5.652246094E-1
1.121381809E2,5.164111176E0,7.475305023E0,8.994795227E-1
1.121482079E2,3.487148438E0,7.039261780E0,2.397863617E0
1.121582339E2,1.976938934E0,6.695426788E0,3.675157471E0
1.121682609E2,6.800358582E-1,6.377338257E0,4.797972565E0
1.121782869E2,-3.736230469E-1,6.227799225E0,5.799539795E0
1.121883139E2,-1.253493347E0,6.210135956E0,6.345155182E0
1.121983399E2,-1.688638458E0,6.130950623E0,6.101761322E0
1.122083669E2,-2.046993256E0,6.220015411E0,5.394631805E0
1.122183929E2,-2.170935516E0,6.607110443E0,4.564607849E0
1.122284199E2,-1.938169556E0,6.933581543E0,3.732488251E0
1.122384459E2,-1.901944885E0,6.982829132E0,2.912643127E0
1.122484729E2,-2.135908356E0,6.786437531E0,2.460732880E0
1.122584989E2,-2.098037109E0,6.350843353E0,2.677631836E0
1.122685259E2,-1.612147522E0,6.380631409E0,3.448977814E0
1.122785529E2,-2.417472839E-1,7.171736298E0,4.429438934E0
1.122885789E2,2.111958160E0,8.265062714E0,4.913083191E0
1.122986059E2,4.982389069E0,9.556726685E0,4.482428741E0
1.123086319E2,7.511679382E0,1.109477829E1,3.417243805E0
1.123186589E2,9.318721619E0,1.262354919E1,2.465073853E0
1.123286849E2,1.102487366E1,1.404035294E1,2.169738007E0
1.123387119E2,1.327604233E1,1.543260773E1,2.604883118E0
1.123487379E2,1.632595001E1,1.652907761E1,3.139421539E0
1.123587649E2,1.958856537E1,1.710567856E1,3.553011475E0
1.123687909E2,2.244986526E1,1.700433929E1,3.226690063E0
1.123788179E2,2.392789169E1,1.578916626E1,1.724264374E0
1.123888439E2,2.377206573E1,1.378663055E1,-5.656736755E-1
1.123988709E2,2.249043091E1,1.179816559E1,-2.713706818E0
1.124088969E2,2.087798401E1,1.042581940E1,-4.044738922E0
1.124189239E2,1.953752151E1,9.692494354E0,-4.343517609E0
1.124289499E2,1.898247574E1,9.009015656E0,-3.408861237E0
1.124389769E2,1.826172455E1,7.765551453E0,-1.667083282E0
1.124490039E2,1.636546783E1,6.276448059E0,-9.819580078E-2
1.124590299E2,1.354024292E1,4.731361084E0,1.005159760E0
1.124690569E2,1.073537567E1,3.063679047E0,1.818119202E0
1.124790829E2,8.543034668E0,1.570983124E0,2.345173187E0
1.124891099E2,7.047494659E0,1.905537415E-1,2.609224091E0
1.124991359E2,6.269861755E0,-1.006506958E0,2.517315216E0
1.125091629E2,6.019282837E0,-2.245480499E0,1.950593719E0
1.125191889E2,5.786816254E0,-3.417543182E0,9.689350891E-1
1.125292159E2,5.374872894E0,-4.242627411E0,-7.304809570E-2
1.125392419E2,4.867727509E0,-5.005740509E0,-1.126108246E0
1.125492689E2,4.347409515E0,-5.889502716E0,-2.233355713E0
1.125592949E2,3.417842560E0,-6.568640442E0,-3.439996490E0
1.125693219E2,1.873354340E0,-6.909032593E0,-4.416266327E0
1.125793479E2,-3.966751099E-2,-7.188800812E0,-4.920717316E0
1.125893749E2,-1.858086090E0,-7.548053741E0,-5.298232269E0
1.125994009E2,-3.522474976E0,-7.903714142E0,-5.661826172E0
1.126094274E2,-4.723876648E0,-8.362959137E0,-5.799240417E0
1.126194544E2,-4.604275360E0,-8.748706970E0,-5.564378815E0
1.126294804E2,-2.857258301E0,-8.718020782E0,-5.164260864E0
1.126395074E2,-1.197509766E-2,-8.380323029E0,-4.893623657E0
1.126495334E2,2.610870667E0,-7.798183594E0,-4.979994049E0
1.126595604E2,4.616849213E0,-6.435866547E0,-5.205874329E0
1.126695864E2,5.844745789E0,-4.883893890E0,-5.956413574E0
1.126796134E2,7.827372894E0,-3.040477295E0,-7.101083221E0
1.126896394E2,1.225426712E1,-6.831793213E-1,-7.509134674E0
1.126996664E2,1.867711075E1,2.558629303E0,-6.700067139E0
1.127096924E2,2.527284485E1,5.699248352E0,-5.567821655E0
1.127197194E2,3.067885300E1,7.803722076E0,-5.021607513E0
1.127297454E2,3.287059525E1,9.044491882E0,-5.238955536E0
1.127397724E2,3.169134750E1,9.857002258E0,-5.682632904E0
1.127497984E2,2.906056824E1,1.013931519E1,-5.207670593E0
1.127598254E2,2.677003143E1,1.013557297E1,-4.087250519E0
1.127698514E2,2.469265137E1,1.023646317E1,-3.184926910E0
1.127798784E2,2.208716949E1,1.037088364E1,-2.987786865E0
1.127899044E2,1.908456345E1,1.013078293E1,-3.182382202E0
1.127999314E2,1.578931595E1,9.497000885E0,-3.193908234E0
1.128099584E2,1.267534149E1,8.652606812E0,-2.577340393E0
1.128199844E2,1.001522324E1,7.883655853E0,-1.207089844E0
1.128300114E2,7.794740753E0,7.417674866E0,5.553451538E-1
1.128400374E2,6.103108521E0,7.218289490E0,2.233505402E0
1.128500644E2,4.757257233E0,7.289541321E0,3.658691711E0
1.128600904E2,3.660937042E0,7.475305023E0,4.678820343E0
1.128701174E2,2.646646271E0,7.556735687E0,5.401367798E0
1.128801434E2,1.587897949E0,7.571105804E0,5.750890961E0
1.128901704E2,6.902146912E-1,7.591613159E0,5.791456604E0
1.129001964E2,1.233435059E-1,7.623496857E0,5.798042908E0
1.129102234E2,-2.133064270E-1,7.717052307E0,5.644462280E0
1.129202494E2,-4.070036316E-1,7.784861298E0,5.176235962E0
1.129302764E2,-5.156776428E-1,7.937843170E0,4.484973450E0
1.129403024E2,-8.617579651E-1,7.882158966E0,3.690126343E0
1.129503294E2,-1.255139923E0,7.604636078E0,3.130290527E0
1.129603554E2,-1.333576813E0,7.027436371E0,2.900817719E0
1.129703824E2,-1.186732178E0,6.611451416E0,3.159180450E0
1.129804084E2,-9.473799133E-1,6.705755310E0,3.992347870E0
1.129904354E2,-1.083746338E-1,7.342980194E0,4.864284668E0
1.130004614E2,2.076931000E0,8.426127777E0,5.263504486E0
1.130104884E2,5.427563324E0,1.006941055E1,4.946763153E0
1.130205154E2,8.751700745E0,1.221115677E1,4.029021606E0
1.130305414E2,1.157602753E1,1.424827057E1,3.052302704E0
1.130405684E2,1.455288712E1,1.607731705E1,2.725083160E0
1.130505944E2,1.824750412E1,1.754890686E1,3.112776947E0
1.130606214E2,2.249671783E1,1.813568665E1,3.433110809E0
1.130706474E2,2.595153351E1,1.763647476E1,2.974763947E0
1.130806744E2,2.802532104E1,1.583437225E1,9.716294861E-1
1.130907004E2,2.777758621E1,1.266127075E1,-1.921254730E0
1.131007274E2,2.512300644E1,9.729617157E0,-4.243226166E0
1.131107534E2,2.181039505E1,8.062234497E0,-5.259911957E0
1.131207804E2,1.957434494E1,7.191794586E0,-5.126838684E0
1.131308064E2,1.875749359E1,6.393953705E0,-4.262985077E0
1.131408334E2,1.830019455E1,5.263055420E0,-3.125650177E0
1.131508594E2,1.674088715E1,3.964356079E0,-1.994901581E0
1.131608864E2,1.401415741E1,2.938688965E0,-9.145980835E-1
1.131709124E2,1.114956436E1,1.846110992E0,5.688171387E-2
1.131809394E2,8.822503510E0,6.131250000E-1,8.521778870E-1
1.131909654E2,7.106771393E0,-3.848497009E-1,1.508413239E0
1.132009924E2,6.018085327E0,-1.249002686E0,1.829196167E0
1.132110184E2,5.464985504E0,-2.133513336E0,1.649420013E0
1.132210454E2,5.126539307E0,-2.871329041E0,1.057700500E0
1.132310714E2,4.859644318E0,-3.498225403E0,2.803669739E-1
1.132410984E2,4.837789764E0,-4.087549896E0,-5.354365540E-1
1.132511244E2,4.894821167E0,-4.590204620E0,-1.338217163E0
1.132611514E2,4.657564545E0,-5.222789154E0,-2.131118317E0
1.132711784E2,3.962410126E0,-5.846242676E0,-2.994822235E0
1.132812044E2,2.544708252E0,-6.367608490E0,-3.877985687E0
1.132912314E2,5.492079163E-1,-6.927144928E0,-4.431684265E0
1.133012574E2,-1.339714050E0,-7.509284363E0,-4.760101318E0
1.133112844E2,-2.904709625E0,-7.928712158E0,-4.969366150E0
1.133213104E2,-3.785478058E0,-8.251740417E0,-5.026846619E0
1.133313374E2,-3.316652985E0,-8.547525330E0,-5.008734283E0
1.133413634E2,-1.658401337E0,-8.488697662E0,-5.009333038E0
1.133513904E2,9.827064514E-1,-8.131540375E0,-5.088518372E0
1.133614164E2,3.188818817E0,-7.640860748E0,-5.366041260E0
1.133714434E2,3.907324677E0,-6.513255615E0,-5.688321075E0
1.133814694E2,3.670666809E0,-5.364394684E0,-6.040538635E0
1.133914964E2,4.399650879E0,-3.876788177E0,-6.034700775E0
1.134015224E2,8.298742676E0,-1.222058716E0,-5.130730591E0
1.134115494E2,1.547302368E1,2.433938599E0,-3.726800079E0
1.134215754E2,2.410168030E1,6.316414948E0,-3.005150757E0
1.134316024E2,3.115396500E1,9.417516174E0,-3.697311401E0
1.134416284E2,3.399999664E1,1.149220184E1,-5.396428070E0
1.134516554E2,3.271297302E1,1.279374527E1,-6.946305084E0
1.134616814E2,2.948284012E1,1.307141785E1,-7.179819489E0
1.134717084E2,2.632156403E1,1.279628998E1,-6.462361450E0
1.134817344E2,2.362641861E1,1.269090912E1,-6.073320465E0
1.134917614E2,2.120235947E1,1.254436386E1,-6.253246307E0
1.135017884E2,1.847847382E1,1.202015396E1,-6.265670471E0
1.135118144E2,1.526151352E1,1.128084137E1,-5.472020874E0
1.135218414E2,1.208152634E1,1.047626450E1,-3.959116974E0
1.135318674E2,9.307944031E0,9.608518982E0,-2.113604736E0
1.135418944E2,7.024741974E0,8.868008881E0,-1.660047913E-1
1.135519204E2,5.233866119E0,8.352929993E0,1.549577637E0
1.135619474E2,3.765120392E0,8.014034729E0,2.948867798E0
1.135719734E2,2.537223816E0,7.717950439E0,4.037104797E0
1.135820004E2,1.548679504E0,7.491770782E0,4.773872681E0
1.135920264E2,7.511380005E-1,7.314838715E0,5.108576660E0
1.136020533E2,2.106120300E-1,7.092401276E0,4.814138947E0
1.136120793E2,-2.122586060E-1,6.960076447E0,4.000730438E0
1.136221063E2,-4.634362793E-1,6.924899597E0,2.919678497E0
1.136321323E2,-6.688092041E-1,6.804998932E0,1.870210876E0
1.136421593E2,-1.169368286E0,6.672524414E0,1.152453461E0
1.136521853E2,-1.873204651E0,6.298152924E0,1.133892059E0
1.136622123E2,-2.511627045E0,5.492677917E0,1.598825226E0
1.136722383E2,-2.715802460E0,5.023703156E0,2.497556305E0
1.136822653E2,-2.186353455E0,5.251230011E0,3.592379608E0
1.136922913E2,-8.761280823E-1,5.842949524E0,4.524191895E0
1.137023183E2,1.224902802E0,6.825805664E0,4.619543610E0
1.137123443E2,3.658841400E0,7.998317413E0,3.876039734E0
1.137223713E2,6.374494171E0,9.443412323E0,2.620301056E0
1.137323973E2,9.012308807E0,1.101274887E1,1.455124054E0
1.137424243E2,1.115899475E1,1.299657349E1,1.130748596E0
1.137524503E2,1.327095291E1,1.538515640E1,1.944606171E0
1.137624773E2,1.585877151E1,1.711076797E1,3.264411621E0
1.137725033E2,1.870779694E1,1.801159470E1,4.436174927E0
1.137825303E2,2.181743042E1,1.805470505E1,4.636159058E0
1.137925563E2,2.388463165E1,1.675465851E1,3.028951263E0
1.138025833E2,2.387550064E1,1.452893692E1,-5.358856201E-2
1.138126103E2,2.258009445E1,1.230261658E1,-3.163970490E0
1.138226363E2,2.097273697E1,1.028690826E1,-5.705834656E0
1.138326633E2,1.936522980E1,8.725205841E0,-7.444918213E0
1.138426893E2,1.810874268E1,7.689359894E0,-7.717651062E0
1.138527163E2,1.696212708E1,6.495592346E0,-6.217620392E0
1.138627423E2,1.504611145E1,4.852309570E0,-3.914659424E0
1.138727693E2,1.223600510E1,3.274141388E0,-1.955383759E0
1.138827953E2,9.319619751E0,1.703757019E0,-3.640429688E-1
1.138928223E2,6.865173798E0,9.220825195E-2,8.641529846E-1
1.139028483E2,5.041815491E0,-1.134191437E0,1.763482819E0
1.139128753E2,4.113446045E0,-1.856738892E0,2.380350037E0
1.139229013E2,4.336182861E0,-2.549049225E0,2.564916229E0
1.139329283E2,5.251828766E0,-3.438948669E0,2.063758392E0
1.139429543E2,5.802383881E0,-4.164040833E0,9.243278503E-1
1.139529813E2,5.582042084E0,-4.709955597E0,-5.242098999E-1
1.139630073E2,4.728816376E0,-5.204078064E0,-2.199825439E0
1.139730343E2,3.425776062E0,-5.652096405E0,-4.029919739E0
1.139830603E2,1.848805389E0,-6.001320190E0,-5.615871735E0
1.139930873E2,2.827619934E-1,-6.061644745E0,-6.554869080E0
1.140031133E2,-1.222807159E0,-6.091133423E0,-6.967111816E0
1.140131403E2,-2.666554871E0,-6.251000977E0,-6.854096832E0
1.140231663E2,-3.516936493E0,-6.512806549E0,-6.243067474E0
1.140331933E2,-3.111579437E0,-6.696025543E0,-5.118306427E0
1.140432193E2,-1.598675537E0,-6.359525299E0,-3.973936157E0
1.140532463E2,1.029259644E0,-5.646258545E0,-3.588338013E0
1.140632723E2,4.462370453E0,-4.537214813E0,-4.302353210E0
1.140732993E2,7.834108887E0,-3.026855621E0,-5.932164001E0
1.140833253E2,9.489217072E0,-1.719773712E0,-7.783514099E0
1.140933523E2,9.612410889E0,-5.851332092E-1,-8.970246277E0
1.141033783E2,1.046922913E1,9.469308472E-1,-8.550818481E0
1.141134053E2,1.353230942E1,3.067271576E0,-6.894961853E0
1.141234323E2,1.801174438E1,5.636229401E0,-5.184169464E0
1.141334583E2,2.242082565E1,7.816295929E0,-4.426295471E0
1.141434853E2,2.543181427E1,9.264085236E0,-4.859644318E0
1.141535113E2,2.599928421E1,1.020263351E1,-6.047574005E0
1.141635383E2,2.511821640E1,1.072684341E1,-6.644832001E0
1.141735643E2,2.379032776E1,1.095631622E1,-5.688470764E0
1.141835913E2,2.231020569E1,1.090093140E1,-4.117936707E0
1.141936173E2,2.062276474E1,1.092952194E1,-3.121758270E0
1.142036443E2,1.848056946E1,1.099553467E1,-2.850821686E0
1.142136703E2,1.592029358E1,1.077893509E1,-3.144211578E0
1.142236973E2,1.329864532E1,1.029813492E1,-3.273093567E0
1.142337233E2,1.093056976E1,9.736951904E0,-2.638862457E0
1.142437503E2,8.981023865E0,9.060358887E0,-1.378333740E0
1.142537763E2,7.217391357E0,8.387358398E0,2.350112915E-2
1.142638033E2,5.435047760E0,8.060587921E0,1.391206970E0
1.142738293E2,3.972738647E0,7.835007019E0,2.613415375E0
1.142838563E2,2.905907135E0,7.721992035E0,3.518882446E0
1.142938823E2,2.102527771E0,7.699538727E0,4.030069427E0
1.143039093E2,1.619482269E0,7.661068726E0,4.112398224E0
1.143139353E2,1.347198486E0,7.542664948E0,3.913312225E0
1.143239623E2,1.019679565E0,7.450456696E0,3.603456573E0
1.143339883E2,5.801934814E-1,7.338190155E0,3.325933685E0
1.143440153E2,1.296304321E-1,7.167994080E0,3.039878540E0
1.143540413E2,-5.643264771E-1,6.968009949E0,2.674787750E0
1.143640683E2,-1.439257050E0,6.526278534E0,2.508782959E0
1.143740943E2,-1.916614380E0,5.882317657E0,2.637066193E0
1.143841213E2,-2.216291199E0,5.278772736E0,2.963686981E0
1.143941473E2,-2.286944275E0,5.059478760E0,3.663481750E0
1.144041743E2,-1.631307678E0,5.310506744E0,4.544100494E0
1.144142003E2,5.628295898E-2,6.142776031E0,5.066813507E0
1.144242273E2,2.266287231E0,7.363188171E0,4.718487854E0
1.144342533E2,4.681664429E0,8.905131683E0,3.516188049E0
1.144442803E2,6.909930725E0,1.075378738E1,2.092348938E0
1.144543063E2,8.494236145E0,1.295705566E1,1.187330933E0
1.144643333E2,1.038839722E1,1.519280640E1,1.454525299E0
1.144743593E2,1.379995285E1,1.722004074E1,2.801424408E0
1.144843863E2,1.845272736E1,1.874731476E1,3.891307983E0
1.144944123E2,2.281091446E1,1.893502441E1,3.852987671E0
1.145044393E2,2.470342896E1,1.740041565E1,2.084116058E0
1.145144653E2,2.433294937E1,1.482801498E1,-8.617579651E-1
1.145244923E2,2.241109589E1,1.223136475E1,-3.968547363E0
1.145345193E2,1.999287460E1,1.035756134E1,-6.336024170E0
1.145445453E2,1.806757828E1,9.252259827E0,-7.124883728E0
1.145545723E2,1.691497513E1,8.291557617E0,-6.042035522E0
1.145645983E2,1.571132813E1,7.052434387E0,-3.716471558E0
1.145746253E2,1.352482498E1,5.605393524E0,-1.416504364E0
1.145846513E2,1.074480606E1,4.253704376E0,5.090913391E-1
1.145946783E2,8.229436798E0,3.033441925E0,1.993554382E0
1.146047052E2,6.402935028E0,1.937720490E0,2.967878265E0
1.146147322E2,5.319488068E0,1.019380188E0,3.481310577E0
1.146247582E2,5.035827942E0,2.624043274E-1,3.443289642E0
1.146347852E2,5.171296234E0,-5.409750366E-1,2.716700592E0
1.146448112E2,5.642666016E0,-1.423539734E0,1.380728760E0
1.146548382E2,6.387517090E0,-2.116598511E0,-1.157093811E-1
1.146648642E2,6.586603088E0,-2.605631561E0,-1.730251923E0
1.146748912E2,6.103856964E0,-3.042572937E0,-3.019969940E0
1.146849172E2,5.261109467E0,-3.457809448E0,-3.829336853E0
1.146949442E2,4.418811035E0,-3.827540588E0,-4.285438385E0
1.147049702E2,3.396437073E0,-4.068988495E0,-4.577630768E0
1.147149972E2,2.186353455E0,-4.434079285E0,-5.092559967E0
1.147250232E2,6.950047302E-1,-4.909790039E0,-5.744005280E0
1.147350502E2,-9.220825195E-1,-5.220543823E0,-6.289620667E0
1.147450762E2,-2.224224701E0,-5.430108032E0,-6.587201843E0
1.147551032E2,-2.708617401E0,-5.642965393E0,-6.738537140E0
1.147651292E2,-2.005978546E0,-5.810018005E0,-6.834487610E0
1.147751562E2,-2.642005920E-1,-5.750591583E0,-6.725663910E0
1.147851822E2,2.175875244E0,-5.299878845E0,-6.536157990E0
1.147952092E2,4.072730713E0,-4.695286102E0,-6.872508545E0
1.148052352E2,4.810396729E0,-3.831881561E0,-7.665559387E0
1.148152622E2,5.459147644E0,-3.097658386E0,-8.244555359E0
1.148252882E2,8.014184418E0,-1.540147247E0,-7.511978760E0
1.148353152E2,1.319760544E1,1.109043732E0,-5.549110565E0
1.148453412E2,2.000215530E1,4.139042816E0,-3.791315918E0
1.148553682E2,2.647035461E1,6.769223328E0,-3.398083649E0
1.148653942E2,3.003144928E1,8.601712646E0,-4.430187378E0
1.148754212E2,3.035687256E1,9.568851471E0,-5.669310608E0
1.148854472E2,2.894890045E1,1.025756927E1,-5.837111664E0
1.148954742E2,2.717029907E1,1.090227859E1,-5.044958954E0
1.149055002E2,2.545576447E1,1.110271179E1,-4.314028931E0
1.149155272E2,2.336281677E1,1.109358078E1,-4.092639313E0
1.149255532E2,2.029225204E1,1.095242432E1,-4.018693085E0
1.149355802E2,1.669208862E1,1.057715469E1,-3.848796387E0
1.149456062E2,1.319865326E1,9.918524323E0,-3.342549133E0
1.149556332E2,1.017539017E1,9.129664764E0,-2.525398407E0
1.149656592E2,8.022117920E0,8.554111633E0,-1.407972107E0
1.149756862E2,6.620133362E0,8.270750885E0,-2.317181396E-1
1.149857122E2,5.537285156E0,8.198151855E0,8.270301819E-1
1.149957392E2,4.538711700E0,8.157436523E0,1.836381226E0
1.150057652E2,3.547323303E0,8.011639709E0,2.725382538E0
1.150157922E2,2.515518951E0,7.799081726E0,3.502566376E0
1.150258192E2,1.657353516E0,7.630232849E0,4.161496124E0
1.150358452E2,1.011446686E0,7.468269653E0,4.670437775E0
1.150458722E2,4.619393921E-1,7.284302216E0,4.794380035E0
1.150558982E2,-9.265731812E-2,6.955735474E0,4.488865356E0
1.150659252E2,-8.310717773E-1,6.741979980E0,4.030219116E0
1.150759512E2,-1.677112427E0,6.546037445E0,3.670068054E0
1.150859782E2,-2.537972260E0,6.330335999E0,3.546425171E0
1.150960042E2,-3.034489746E0,5.992338867E0,3.685485992E0
1.151060312E2,-2.904110870E0,5.607189789E0,3.949836273E0
1.151160572E2,-2.601290588E0,5.090614014E0,4.284689941E0
1.151260842E2,-2.378254395E0,4.882097626E0,4.878056030E0
1.151361102E2,-1.894610138E0,5.162464600E0,5.539680176E0
1.151461372E2,-3.860472107E-1,6.011349335E0,5.971981201E0
1.151561632E2,2.338886261E0,7.397017822E0,5.962251434E0
1.151661902E2,5.838159485E0,9.346863098E0,5.430108032E0
1.151762162E2,9.589658203E0,1.184112625E1,4.849764862E0
1.151862432E2,1.316287766E1,1.401804932E1,4.499193878E0
1.151962692E2,1.736523880E1,1.591445572E1,4.593198395E0
1.152062962E2,2.201651642E1,1.710702576E1,5.168302460E0
1.152163222E2,2.554063797E1,1.692245956E1,5.487139435E0
1.152263492E2,2.690295502E1,1.545925232E1,4.486021271E0
1.152363752E2,2.671898758E1,1.377854736E1,2.279459839E0
1.152464022E2,2.556324097E1,1.213511490E1,-7.783813477E-1
1.152564282E2,2.436842560E1,1.040665924E1,-4.116888885E0
1.152664552E2,2.327794327E1,8.974138184E0,-6.896458740E0
1.152764812E2,2.196711914E1,8.169561310E0,-8.223748627E0
1.152865082E2,2.015543655E1,7.428452454E0,-7.808661804E0
1.152965342E2,1.766356842E1,6.094576263E0,-5.979166260E0
1.153065612E2,1.489956619E1,4.433779907E0,-3.852089539E0
1.153165872E2,1.227881607E1,3.012934570E0,-2.096540222E0
1.153266142E2,1.003677841E1,1.850302277E0,-6.753955078E-1
1.153366412E2,8.387957153E0,9.738748169E-1,3.897894287E-1
1.153466672E2,7.545958099E0,4.227209473E-1,1.107397156E0
1.153566942E2,7.458689575E0,-7.544311523E-2,1.288370819E0
1.153667202E2,7.703131256E0,-6.318360901E-1,9.481283569E-1
1.153767472E2,7.844736786E0,-1.134191437E0,3.240760803E-1
1.153867732E2,7.789501648E0,-1.595232697E0,-5.453160095E-1
1.153968002E2,7.363188171E0,-2.158661041E0,-1.691632233E0
1.154068262E2,6.453529816E0,-2.848276978E0,-2.904709625E0
1.154168532E2,5.376070404E0,-3.539838867E0,-3.876937866E0
1.154268792E2,4.300556946E0,-4.212689667E0,-4.561763763E0
1.154369062E2,3.211571503E0,-4.751269684E0,-5.180277557E0
1.154469322E2,1.837129669E0,-5.147196350E0,-5.245392151E0
1.154569592E2,-5.089416504E-3,-5.559289398E0,-5.195096741E0
1.154669852E2,-1.873204651E0,-6.155649261E0,-5.238805847E0
1.154770122E2,-3.609743500E0,-6.796915741E0,-5.306914215E0
1.154870382E2,-4.623136139E0,-7.211254120E0,-5.317691803E0
1.154970652E2,-4.443659363E0,-7.509284363E0,-5.386398926E0
1.155070912E2,-2.943029938E0,-7.478149109E0,-5.405409393E0
1.155171182E2,-2.977308655E-1,-7.052434387E0,-5.481451263E0
1.155271442E2,1.587299194E0,-6.521039429E0,-5.850883026E0
1.155371712E2,1.847458191E0,-5.685776367E0,-6.303242340E0
1.155471972E2,1.227746887E0,-5.244344330E0,-7.147037659E0
1.155572242E2,1.349144440E0,-4.999453583E0,-7.857460327E0
1.155672502E2,4.249213715E0,-4.024081879E0,-6.904092865E0
1.155772772E2,1.101783829E1,-1.681453400E0,-4.295467529E0
1.155873042E2,2.009825546E1,1.238225098E0,-1.718426514E0
1.155973302E2,2.864817581E1,4.122277679E0,-3.490740967E-1
1.156073561E2,3.324272141E1,6.289770355E0,-6.712042236E-1
1.156173821E2,3.276072372E1,7.554340668E0,-2.525099030E0
1.156274091E2,2.924169159E1,7.950566711E0,-4.482578430E0
1.156374351E2,2.626932266E1,8.066725159E0,-5.027744751E0
1.156474621E2,2.495370850E1,8.301736450E0,-4.130809937E0
1.156574881E2,2.397953430E1,8.581953735E0,-2.845582581E0
1.156675151E2,2.221949432E1,8.640032959E0,-1.922152863E0
1.156775411E2,1.926314209E1,8.307873688E0,-1.608704681E0
1.156875681E2,1.548200500E1,7.719597015E0,-1.753154297E0
1.156975941E2,1.214289871E1,7.046746216E0,-1.661844177E0
1.157076211E2,9.689949646E0,6.404282227E0,-1.072819061E0
1.157176471E2,8.152197418E0,5.858068085E0,-3.585044861E-1
1.157276741E2,7.443121948E0,5.546565857E0,2.595602417E-1
1.157377001E2,7.199578400E0,5.476810913E0,7.491920471E-1
1.157477271E2,7.057074738E0,5.621410217E0,8.650511169E-1
1.157577531E2,6.904841309E0,5.798342285E0,5.786965942E-1
1.157677801E2,6.420897675E0,5.893394623E0,7.095245361E-2
1.157778061E2,5.619763641E0,5.857169952E0,-4.117936707E-1
1.157878331E2,4.869673462E0,5.835764465E0,-5.616320801E-1
1.157978591E2,4.326902161E0,5.934708710E0,-2.537223816E-1
1.158078861E2,3.773502960E0,6.176306305E0,3.088078308E-1
1.158179121E2,3.171305237E0,6.527326355E0,9.865983582E-1
1.158279391E2,2.487377472E0,6.710395660E0,1.699715424E0
1.158379651E2,1.713187408E0,6.650819550E0,2.154769135E0
1.158479921E2,1.057251434E0,6.500382385E0,2.510130157E0
1.158580181E2,9.530680847E-1,6.409671021E0,3.658092957E0
1.158680451E2,1.165775757E0,6.651567993E0,4.371359711E0
1.158780711E2,1.621877289E0,7.282805328E0,5.093757477E0
1.158880981E2,1.838925934E0,7.810308380E0,5.774392090E0
1.158981241E2,2.070195007E0,8.060737610E0,5.969436493E0
1.159081511E2,2.592009888E0,8.383316803E0,6.258335724E0
1.159181771E2,3.538042603E0,9.016799469E0,6.622977448E0
1.159282041E2,4.946164398E0,9.903705139E0,7.065756683E0
1.159382301E2,7.265142059E0,1.037956558E1,7.863747253E0
1.159482571E2,1.179517181E1,1.106109833E1,9.338480530E0
1.159582831E2,1.768766830E1,1.182525925E1,1.193752579E1
1.159683101E2,2.218042557E1,1.070034851E1,1.422162598E1
1.159783361E2,2.385379578E1,7.873926086E0,1.471679626E1
1.159883631E2,2.323603043E1,6.003116455E0,1.311048660E1
1.159983891E2,2.157448563E1,5.812413025E0,1.081186661E1
1.160084161E2,2.044613205E1,5.857319641E0,9.019493866E0
1.160184421E2,2.015259247E1,5.175786896E0,8.458011475E0
1.160284691E2,2.053579559E1,4.141288147E0,8.372090149E0
1.160384951E2,2.114398087E1,3.544628906E0,8.754993896E0
1.160485221E2,1.889685379E1,2.271077271E0,9.655670929E0
1.160585481E2,1.588990677E1,1.491648102E0,9.949509888E0
1.160685751E2,1.692186081E1,3.520229645E0,8.419092407E0
1.160786011E2,1.611518829E1,2.826123047E0,8.281378784E0
1.160886281E2,1.428314804E1,1.876348114E0,7.404502258E0
1.160986551E2,1.191686874E1,1.376687164E0,6.343957672E0
1.161086811E2,9.399104462E0,1.318458252E0,5.718558197E0
1.161187081E2,7.747888184E0,1.337019653E0,5.037025452E0
1.161287341E2,6.937024384E0,1.327439575E0,4.454436951E0
1.161387611E2,6.501130829E0,1.324445801E0,4.130360870E0
1.161487871E2,6.275100861E0,1.221909027E0,4.062252502E0
1.161588141E2,6.205794983E0,1.064885559E0,4.029620361E0
1.161688401E2,6.192622375E0,8.032296753E-1,4.003724213E0
1.161788671E2,6.212081909E0,7.493417358E-1,4.128564606E0
1.161888931E2,6.476881256E0,9.364526367E-1,4.437073059E0
1.161989201E2,6.872957611E0,1.076561279E0,4.645290070E0
1.162089461E2,7.165299683E0,9.737251282E-1,4.511168976E0
1.162189731E2,6.979086914E0,7.003935242E-1,4.294120331E0
1.162289991E2,6.081703033E0,2.778222656E-1,3.830234985E0
1.162390261E2,4.378095703E0,-2.592608643E-1,2.939138031E0
1.162490521E2,4.229454803E0,-7.354206848E-1,3.659589844E0
1.162590791E2,4.184398499E0,-8.833131409E-1,4.291276245E0
1.162691051E2,4.671335907E0,-7.726931763E-1,4.986131287E0
1.162791321E2,5.331612854E0,-8.521778870E-1,5.551655273E0
1.162891581E2,5.612428894E0,-9.107061768E-1,5.885012054E0
1.162991851E2,5.696254578E0,-9.053173828E-1,5.841003571E0
1.163092111E2,5.370082855E0,-1.065484314E0,5.836363220E0
1.163192381E2,4.753664703E0,-1.300645294E0,5.797593842E0
1.163292641E2,4.203708344E0,-1.458117828E0,5.597310333E0
1.163392911E2,3.811673584E0,-1.232387238E0,5.383105774E0
1.163493171E2,3.595223694E0,-1.003513184E0,5.136568451E0
1.163593441E2,3.238515472E0,-8.937913513E-1,5.160368958E0
1.163693701E2,2.782563629E0,-6.855743408E-1,5.689069519E0
1.163793971E2,2.629881134E0,-2.634521484E-2,6.311475220E0
1.163894231E2,2.618055725E0,9.090596008E-1,6.550977173E0
1.163994501E2,2.438578949E0,1.645677795E0,6.086792450E0
1.164094761E2,2.116299133E0,1.968256989E0,4.821024628E0
1.164195031E2,1.924847260E0,2.325414276E0,4.067192230E0
1.164295291E2,1.477577362E0,2.941533051E0,4.625231781E0
1.164395561E2,2.056723022E-1,2.490820312E0,6.539750519E0
1.164495821E2,-1.172511749E0,5.538482666E-1,8.747509460E0
1.164596091E2,8.726852417E-2,1.152752838E0,1.001058289E1
1.164696351E2,3.335064697E-1,2.274669800E0,1.172406967E1
1.164796621E2,1.507365417E-1,2.802621918E0,1.228570175E1
1.164896881E2,1.106199646E-1,3.496129761E0,1.212194229E1
1.164997151E2,1.385967865E0,3.453917542E0,1.156045990E1
1.165097411E2,1.524130554E0,2.652484131E0,9.654174042E0
1.165197681E2,4.336482239E-1,3.513194275E0,7.268884277E0
1.165297941E2,1.811532898E0,2.459535370E0,6.625971222E0
1.165398211E2,6.536906433E-1,2.565514984E0,7.485034790E0
1.165498471E2,-4.694238281E-1,1.652114410E0,8.298742676E0
1.165598741E2,-5.129832458E-1,5.911207581E-1,9.016649780E0
1.165699001E2,1.258882141E-1,1.205143890E0,1.102128113E1
1.165799271E2,-9.565109253E-2,1.199455719E0,1.318997131E1
1.165899531E2,-2.034269714E-1,1.057850189E0,1.487831039E1
1.165999801E2,-9.116043091E-2,1.211879883E0,1.542422516E1
1.166100060E2,-2.260299683E-1,1.063538361E0,1.496991989E1
1.166200330E2,-4.436773682E-1,7.346722412E-1,1.375893814E1
1.166300590E2,-1.044827271E0,4.707710266E-1,1.230486191E1
1.166400860E2,-1.432371368E0,3.635939026E-1,1.106184677E1
1.166501120E2,-1.236129456E0,5.441184998E-1,9.692344666E0
1.166601390E2,-1.304088135E0,7.258406067E-1,8.749455414E0
1.166701650E2,-1.272054749E0,7.720944214E-1,8.208031311E0
1.166801920E2,-9.876461792E-1,7.661068726E-1,8.195457458E0
1.166902180E2,-7.515870667E-1,7.110214233E-1,8.582103424E0
1.167002440E2,-6.316864014E-1,6.896159363E-1,9.164841614E0
1.167102710E2,-3.495231628E-1,7.509883118E-1,9.842033386E0
1.167202970E2,7.274871826E-2,8.803193665E-1,1.008797195E1
1.167303240E2,6.885681152E-2,1.079704742E0,1.006926086E1
1.167403500E2,9.220825195E-2,1.327888641E0,9.832752686E0
1.167503770E2,3.230282593E-1,1.510359192E0,9.540410614E0
1.167604030E2,5.153782654E-1,1.670077057E0,9.375902710E0
1.167704300E2,7.322772217E-1,1.884281616E0,9.016350403E0
1.167804560E2,9.828561401E-1,1.989961853E0,8.843759308E0
1.167904830E2,1.260678406E0,2.044298859E0,8.931177521E0
1.168005090E2,1.356479187E0,2.279759216E0,9.210346985E0
1.168105360E2,1.079704742E0,2.375110931E0,9.554930420E0
1.168205620E2,9.466314697E-1,2.300715637E0,9.985884247E0
1.168305890E2,9.357041931E-1,2.393672333E0,1.000758911E1
1.168406150E2,1.134490814E0,2.470762024E0,1.027208908E1
1.168506420E2,1.169517975E0,2.678829346E0,1.091051147E1
1.168606680E2,9.891430664E-1,2.896027679E0,1.122560623E1
1.168706950E2,8.291258240E-1,2.954705658E0,1.088880661E1
1.168807210E2,8.090675354E-1,2.801723785E0,1.036474640E1
1.168907480E2,9.803114319E-1,2.204016724E0,9.773625641E0
1.169007740E2,4.331991577E-1,2.217788086E0,9.126521301E0
1.169108010E2,-4.833448792E-1,2.717598724E0,8.933871918E0
1.169208270E2,-9.464817810E-1,3.265309753E0,9.118887177E0
1.169308540E2,-9.380992126E-1,3.722459106E0,9.062454529E0
1.169408800E2,-7.964936829E-1,4.088448029E0,9.161847839E0
1.169509070E2,-6.512956238E-1,4.334536285E0,9.635163574E0
1.169609330E2,-4.278103638E-1,4.230652313E0,1.036414764E1
1.169709600E2,-3.010240173E-1,3.764821014E0,1.108115662E1
1.169809860E2,-2.656974792E-1,2.897674255E0,1.161255157E1
1.169910130E2,5.628295898E-2,2.038011932E0,1.190444458E1
1.170010390E2,2.543211365E-1,1.525926819E0,1.174682236E1
1.170110660E2,-7.918533325E-2,1.435215454E0,1.081411194E1
1.170210920E2,-6.842271423E-1,1.779948578E0,9.398356018E0
1.170311190E2,-9.738748169E-1,2.146386566E0,7.924820251E0
1.170411450E2,-8.277786255E-1,2.474055176E0,6.932084656E0
1.170511720E2,-5.897735596E-1,2.621348877E0,6.697821808E0
1.170611980E2,-3.601510620E-1,2.431094513E0,7.117249603E0
1.170712250E2,-1.161584473E-1,2.116748199E0,7.876770172E0
1.170812510E2,-3.592529297E-2,1.745969238E0,8.701704712E0
1.170912780E2,-3.354524231E-1,1.442101135E0,9.395212555E0
1.171013040E2,-8.901988220E-1,1.348994751E0,9.621691589E0
1.171113310E2,-1.056952057E0,1.458566895E0,9.314230957E0
1.171213570E2,-1.266965332E0,1.589544525E0,9.225315857E0
1.171313840E2,-1.106648712E0,1.613345032E0,9.365274811E0
1.171414100E2,-1.425485687E0,1.684896240E0,9.331145782E0
1.171514370E2,-2.138003998E0,1.727856903E0,9.076674957E0
1.171614630E2,-3.151097260E0,1.797013092E0,8.933871918E0
1.171714900E2,-4.074526978E0,1.911524963E0,8.820557556E0
1.171815160E2,-4.540208588E0,2.067949677E0,8.444240112E0
1.171915430E2,-4.611759796E0,2.070943451E0,7.852819977E0
1.172015690E2,-4.304299164E0,1.836530914E0,7.201973419E0
1.172115960E2,-3.684587860E0,1.438508606E0,7.098388824E0
1.172216220E2,-3.192561035E0,1.301543427E0,6.982230377E0
1.172316490E2,-2.978655853E0,1.413061523E0,7.149732056E0
1.172416750E2,-3.061583405E0,1.698218536E0,7.949369202E0
1.172517010E2,-3.322490845E0,1.866917725E0,8.626411285E0
1.172617280E2,-3.515888672E0,1.544188843E0,9.312434692E0
1.172717540E2,-3.641477509E0,9.380992126E-1,1.025891647E1
1.172817810E2,-3.606749725E0,4.965174866E-1,1.098580490E1
1.172918070E2,-3.451223145E0,4.085005188E-1,1.117246674E1
1.173018340E2,-3.333717499E0,6.749464417E-1,1.081620758E1
1.173118600E2,-3.311264191E0,1.122964783E0,1.014904495E1
1.173218870E2,-3.505560150E0,1.604962463E0,9.626481628E0
1.173319130E2,-3.772604828E0,1.947899323E0,9.354197845E0
1.173419400E2,-3.907174988E0,2.077529755E0,9.134754181E0
1.173519660E2,-4.032314758E0,1.998643799E0,9.078770599E0
1.173619930E2,-4.016597443E0,1.891766052E0,9.226213989E0
1.173720190E2,-3.760180664E0,1.904938660E0,9.512418823E0
1.173820460E2,-3.611689453E0,1.861079865E0,9.943522339E0
1.173920720E2,-3.740122375E0,1.725611572E0,1.033136581E1
1.174020990E2,-4.164040833E0,1.596579895E0,1.057356216E1
1.174121250E2,-4.481530609E0,1.457519073E0,1.059631485E1
1.174221520E2,-4.735702057E0,1.409468994E0,1.045860123E1
1.174321780E2,-4.909041595E0,1.545536041E0,1.015892441E1
1.174422050E2,-4.816234589E0,1.786235504E0,9.727371826E0
1.174522310E2,-4.488266602E0,2.177671509E0,9.273515625E0
1.174622580E2,-4.132157135E0,2.601140900E0,8.808732147E0
1.174722840E2,-3.929777985E0,2.943479004E0,8.374036102E0
1.174823110E2,-3.933370514E0,3.147654419E0,8.148155823E0
1.174923370E2,-4.077520752E0,3.190315704E0,8.102201385E0
1.175023640E2,-4.229454803E0,3.165916443E0,8.018974457E0
1.175123900E2,-4.302203522E0,3.147055664E0,7.894583130E0
1.175224170E2,-4.288881226E0,3.137325897E0,7.925269318E0
1.175324430E2,-4.264781342E0,3.147804108E0,7.960895233E0
1.175424700E2,-4.250710602E0,3.139271851E0,7.864495697E0
1.175524960E2,-4.196373596E0,3.247945862E0,7.719297638E0
1.175625230E2,-4.170028381E0,3.398083649E0,7.534282379E0
1.175725490E2,-4.069736938E0,3.538341980E0,7.372468872E0
1.175825760E2,-3.882476349E0,3.664828949E0,7.235354004E0
1.175926020E2,-3.681294708E0,3.784579926E0,7.149133301E0
1.176026290E2,-3.656745758E0,3.853885803E0,7.154372406E0
1.176126561E2,-3.752396851E0,3.902235260E0,7.296427002E0
1.176226831E2,-3.851490784E0,3.862268372E0,7.519612885E0
1.176327091E2,-4.047583008E0,3.652554474E0,7.744145966E0
1.176427361E2,-4.265080719E0,3.436403961E0,7.894433441E0
1.176527621E2,-4.333937531E0,3.286864929E0,8.085136871E0
1.176627881E2,-4.320914612E0,3.181783447E0,8.229736176E0
1.176728151E2,-4.247267761E0,3.130290527E0,8.260122986E0
1.176828411E2,-4.194277954E0,3.180436249E0,8.147257690E0
1.176928681E2,-4.151766357E0,3.275488586E0,8.025710449E0
1.177028941E2,-4.141138458E0,3.432512054E0,7.855364685E0
1.177129211E2,-4.088597717E0,3.630699921E0,7.700137482E0
1.177229471E2,-4.014801178E0,3.757935333E0,7.561076660E0
1.177329741E2,-4.009861450E0,3.790567474E0,7.526947632E0
1.177430001E2,-3.999832306E0,3.772455139E0,7.585475922E0
1.177530271E2,-3.962260437E0,3.754492493E0,7.706424408E0
1.177630531E2,-3.771407318E0,3.767066345E0,7.779023438E0
1.177730801E2,-3.591331787E0,3.804488525E0,7.683821411E0
1.177831061E2,-3.802841949E0,3.761677551E0,6.476282501E0
1.177931331E2,-4.507726135E0,3.707789612E0,5.970184937E0
1.178031591E2,-4.047583008E0,3.528911591E0,7.456593933E0
1.178131861E2,-3.453917542E0,3.564836884E0,8.553213501E0
1.178232121E2,-3.548820190E0,3.769161987E0,8.654103699E0
1.178332391E2,-3.713777161E0,3.697161713E0,8.140372009E0
1.178432651E2,-3.680995331E0,3.555107117E0,7.996970215E0
1.178532921E2,-3.608096924E0,3.752546539E0,8.103548584E0
1.178633181E2,-3.708687744E0,3.869303741E0,7.604935455E0
1.178733451E2,-3.805686035E0,3.730691986E0,6.897656250E0
1.178833711E2,-3.980372772E0,3.685935059E0,6.347849579E0