"Time (s)","X (rad/s)","Y (rad/s)","Z (rad/s)"
2.262083333E-3,1.435453072E-2,2.838720940E-2,-3.631035611E-2
1.228908333E-2,-6.524016708E-2,6.434974074E-2,-5.659272522E-2
2.231708333E-2,-1.420130879E-1,1.215532124E-1,-6.402759254E-2
3.234408333E-2,-2.148745060E-1,1.715756357E-1,-6.833951175E-2
4.237108333E-2,-2.808680832E-1,2.158413231E-1,-7.308079302E-2
5.239808332E-2,-3.286712766E-1,2.663481832E-1,-8.161862195E-2
6.242608333E-2,-3.672761917E-1,3.276961446E-1,-9.382650256E-2
7.245308332E-2,-3.927458823E-1,3.851051033E-1,-1.016737744E-1
8.248008334E-2,-4.119002521E-1,4.101813436E-1,-1.081484705E-1
9.250708333E-2,-4.222141504E-1,4.071080387E-1,-1.138793305E-1
1.025350833E-1,-4.230747521E-1,4.050793052E-1,-1.168690920E-1
1.125620833E-1,-4.183724225E-1,4.009689689E-1,-1.162682772E-1
1.225890833E-1,-4.097540081E-1,3.844611049E-1,-1.172734350E-1
1.326170833E-1,-4.034966528E-1,3.684949279E-1,-1.261833012E-1
1.426440833E-1,-3.981133699E-1,3.642945886E-1,-1.399887204E-1
1.526710833E-1,-3.876980245E-1,3.893517256E-1,-1.526222229E-1
1.626980833E-1,-3.709011972E-1,4.458887875E-1,-1.606796235E-1
1.727260833E-1,-3.474065065E-1,5.117660761E-1,-1.654501408E-1
1.827530833E-1,-3.195008636E-1,6.046469808E-1,-1.717450470E-1
1.927800833E-1,-2.984874547E-1,6.924253106E-1,-1.800501198E-1
2.028070833E-1,-2.925946414E-1,7.263870835E-1,-1.978227496E-1
2.128350833E-1,-2.904702127E-1,7.347105145E-1,-2.139095664E-1
2.228620833E-1,-2.777284682E-1,7.953225970E-1,-2.209929228E-1
2.328890833E-1,-2.454989105E-1,9.797483683E-1,-2.359114140E-1
2.429160833E-1,-1.681271493E-1,1.270387769E0,-2.620111406E-1
2.529440833E-1,-6.571929157E-2,1.649812102E0,-3.051221371E-1
2.629710833E-1,5.745578185E-2,2.037207365E0,-3.562671542E-1
2.729980833E-1,1.749254167E-1,2.437609911E0,-3.984947801E-1
2.830250833E-1,2.844007909E-1,2.782288790E0,-4.425726831E-1
2.930530833E-1,3.796434104E-1,3.067788124E0,-4.961858392E-1
3.030800833E-1,4.449201524E-1,3.307288170E0,-5.761210918E-1
3.131070833E-1,4.585611224E-1,3.423273802E0,-7.039624453E-1
3.231340833E-1,3.898066878E-1,3.426834345E0,-9.074435234E-1
3.331620833E-1,2.481789738E-1,3.328800678E0,-1.152034044E0
3.431890833E-1,5.776741356E-2,3.204176188E0,-1.386390328E0
3.532160833E-1,-1.305731982E-1,3.057480812E0,-1.571071267E0
3.632440833E-1,-2.576819658E-1,2.867554188E0,-1.697289109E0
3.732710833E-1,-3.220452368E-1,2.736602068E0,-1.778943777E0
3.832980833E-1,-3.366090655E-1,2.690186739E0,-1.863811851E0
3.933250833E-1,-3.222058713E-1,2.491300821E0,-2.066100121E0
4.033530833E-1,-2.394549996E-1,2.061181068E0,-2.229981422E0
4.133800833E-1,-1.131082475E-1,1.869183302E0,-2.269491911E0
4.234070833E-1,3.513137251E-2,1.604887843E0,-2.213162422E0
4.334340833E-1,2.040130645E-1,1.183708668E0,-2.084758043E0
4.434620833E-1,3.847841918E-1,7.477092743E-1,-1.863497734E0
4.534890833E-1,5.894377828E-1,4.067613184E-1,-1.564983726E0
4.635160833E-1,7.885675430E-1,2.009510249E-1,-1.230997682E0
4.735430833E-1,9.605944157E-1,3.981032968E-2,-9.070654511E-1
4.835710833E-1,1.071116686E0,-1.388338506E-1,-6.489880085E-1
4.935973333E-1,1.118946552E0,-3.600450754E-1,-4.990765452E-1
5.036243333E-1,1.134226441E0,-6.277449131E-1,-3.994338512E-1
5.136513333E-1,1.131915331E0,-8.492797017E-1,-2.726072073E-1
5.236793333E-1,1.123381019E0,-8.853153586E-1,-2.778773382E-2
5.337063333E-1,1.131603837E0,-6.428782344E-1,2.701457143E-1
5.437333333E-1,1.171648383E0,-2.236688286E-1,4.890580475E-1
5.537613333E-1,1.236430764E0,1.896574944E-1,5.503837466E-1
5.637883333E-1,1.303500175E0,5.636273623E-1,4.591682553E-1
5.738153333E-1,1.230886698E0,7.596674562E-1,2.141563743E-1
5.838423333E-1,8.468908668E-1,5.675852895E-1,-8.461124450E-2
5.938703333E-1,3.334605396E-1,3.161727488E-1,-2.883917987E-1
6.038973333E-1,-9.919831902E-2,2.085694671E-1,-3.044072390E-1
6.139243333E-1,-4.303304255E-1,-7.094522007E-4,-2.125311345E-1
6.239513333E-1,-6.532822847E-1,-3.345130086E-1,-8.396820724E-2
6.339793333E-1,-8.158842325E-1,-6.141169667E-1,2.693141066E-2
6.440063333E-1,-9.254686236E-1,-8.478785157E-1,1.024606973E-1
6.540333333E-1,-9.960509539E-1,-1.035680413E0,1.749745756E-1
6.640603333E-1,-1.053887963E0,-9.086752534E-1,2.019017041E-1
6.740883333E-1,-9.798145890E-1,-6.685268283E-1,1.919577271E-1
6.841153333E-1,-8.322221041E-1,-3.845539689E-1,1.506340504E-1
6.941423333E-1,-6.989396811E-1,-2.733787298E-1,7.155948132E-2
7.041693333E-1,-6.252611876E-1,-4.457635880E-1,2.335868031E-2
7.141973333E-1,-6.345604062E-1,-8.315858245E-1,2.577816322E-2
7.242243333E-1,-7.153869271E-1,-1.215382338E0,4.891178757E-2
7.342513333E-1,-8.413869739E-1,-1.520054340E0,7.648535818E-2
7.442793333E-1,-1.001001596E0,-1.807572961E0,1.056640670E-1
7.543063333E-1,-1.265888453E0,-1.925497770E0,1.164546609E-1
7.643333333E-1,-1.420291424E0,-2.024125099E0,1.622689664E-1
7.743603333E-1,-1.474618316E0,-2.056805849E0,2.499269098E-1
7.843883333E-1,-1.439503789E0,-2.082155943E0,3.366648555E-1
7.944153333E-1,-1.308626533E0,-2.118079901E0,4.027155340E-1
8.044423333E-1,-1.052260637E0,-2.096757650E0,4.829237759E-1
8.144693333E-1,-6.908505559E-1,-1.579849958E0,5.113575459E-1
8.244973333E-1,-3.010749817E-1,-9.603145123E-1,4.767210484E-1
8.345243333E-1,8.573906869E-2,-3.903714120E-1,4.641386569E-1
8.445513333E-1,3.924926221E-1,-2.505645156E-2,4.257315695E-1
8.545783333E-1,4.406321943E-1,4.029672220E-2,2.615095973E-1
8.646063333E-1,3.506664634E-1,-1.937838942E-1,8.870711178E-2
8.746333333E-1,3.443798125E-1,-4.856136143E-1,4.235346243E-2
8.846603333E-1,3.256640136E-1,-8.330848217E-1,3.641403094E-2
8.946873333E-1,2.430655509E-1,-1.194528461E0,-3.034307621E-3
9.047153333E-1,1.287072897E-1,-1.476185441E0,-8.921504766E-2
9.147423333E-1,-1.536041126E-2,-1.517532587E0,-2.000933737E-1
9.247693333E-1,-1.434309781E-1,-1.294310212E0,-2.622448206E-1
9.347963333E-1,-2.157568336E-1,-9.871127009E-1,-2.287012488E-1
9.448243333E-1,-2.334245294E-1,-8.230109811E-1,-1.307317615E-1
9.548513333E-1,-2.373444438E-1,-8.988423347E-1,-6.787396967E-2
9.648783333E-1,-3.000106215E-1,-1.140259743E0,-7.066160440E-2
9.749063333E-1,-4.028765559E-1,-1.299400091E0,5.444571376E-2
9.849333333E-1,-5.572158098E-1,-1.540770054E0,1.445911974E-1
9.949603333E-1,-6.422215104E-1,-1.859612226E0,8.523493260E-2
1.004987333E0,-6.605569124E-1,-2.104023457E0,-3.100592270E-2
1.015015333E0,-5.875040293E-1,-2.355114937E0,-1.055043936E-1
1.025042333E0,-4.442756772E-1,-2.598010302E0,-1.256157905E-1
1.035069333E0,-2.510513365E-1,-2.787327528E0,-1.093670353E-1
1.045096333E0,-9.782265127E-2,-2.794016838E0,-1.274805367E-1
1.055124333E0,-1.679671258E-1,-2.545957565E0,-2.072208971E-1
1.065151333E0,-4.179709852E-1,-2.211621046E0,-3.217663765E-1
1.075178333E0,-7.335784435E-1,-2.000276089E0,-4.043565989E-1
1.085205333E0,-1.001756430E0,-1.861801505E0,-3.978342116E-1
1.095233333E0,-1.113016367E0,-1.780447960E0,-3.196217120E-1
1.105260333E0,-1.059870958E0,-1.719711304E0,-2.051714361E-1
1.115287333E0,-9.372133017E-1,-1.705901742E0,-1.065878868E-1
1.125314333E0,-8.289870024E-1,-1.751279116E0,-5.829344317E-2
1.135342333E0,-8.051045537E-1,-1.819371104E0,-7.939606905E-2
1.145369333E0,-8.748482466E-1,-1.949640393E0,-1.475694180E-1
1.155396333E0,-9.320819378E-1,-2.055836678E0,-2.287665308E-1
1.165424333E0,-9.022973776E-1,-2.207978249E0,-2.804914713E-1
1.175451333E0,-8.040520549E-1,-2.491998434E0,-2.701935470E-1
1.185478333E0,-6.965256333E-1,-2.842079878E0,-1.467799842E-1
1.195505333E0,-6.944621801E-1,-2.836167097E0,4.953867197E-2
1.205533333E0,-8.741226196E-1,-2.484617472E0,2.048766911E-1
1.215560333E0,-1.234281063E0,-1.982572675E0,2.439109087E-1
1.225587333E0,-1.656747937E0,-1.497448564E0,1.486641914E-1
1.235614333E0,-1.961255670E0,-1.255836010E0,6.494878978E-2
1.245642333E0,-2.030381203E0,-1.392600298E0,8.158113062E-2
1.255669333E0,-1.832303405E0,-1.867307663E0,1.833785921E-1
1.265696333E0,-1.372418404E0,-2.495438576E0,3.117444217E-1
1.275723333E0,-7.753714323E-1,-2.865824938E0,3.542127907E-1
1.285751333E0,-1.715095043E-1,-2.817566633E0,2.678582072E-1
1.295778333E0,3.239235580E-1,-2.516596794E0,1.646028608E-1
1.305805333E0,6.874081492E-1,-2.209081888E0,9.842570871E-2
1.315833333E0,8.941751719E-1,-2.311351776E0,1.242011189E-1
1.325860333E0,1.000868678E0,-2.897500992E0,2.348033786E-1
1.335887333E0,1.115126371E0,-3.164219141E0,4.261869490E-1
1.345914333E0,1.361728668E0,-3.202876568E0,5.856279731E-1
1.355942333E0,1.841869950E0,-2.830393553E0,6.212520003E-1
1.365969333E0,2.416637659E0,-2.094145775E0,4.170792103E-1
1.375996333E0,2.836380482E0,-1.328713298E0,3.500374779E-2
1.386023333E0,2.980328083E0,-7.475464940E-1,-2.957391441E-1
1.396051333E0,2.930382252E0,-3.999858499E-1,-4.563205838E-1
1.406078333E0,2.844581127E0,-3.175852597E-1,-5.371658802E-1
1.416105333E0,2.859600306E0,-4.366165698E-1,-5.834668279E-1
1.426132333E0,3.027343750E0,-6.691114306E-1,-5.840685964E-1
1.436160333E0,3.328916788E0,-9.260126948E-1,-5.679870844E-1
1.446187333E0,3.674507380E0,-1.142144799E0,-5.601788163E-1
1.456214333E0,3.859895945E0,-1.084774256E0,-5.921047926E-1
1.466242333E0,3.876148224E0,-7.035517693E-1,-6.125491858E-1
1.476269333E0,3.785730600E0,-1.372492015E-1,-6.429137588E-1
1.486296333E0,3.712323904E0,3.467761874E-1,-7.006421685E-1
1.496323583E0,3.810270548E0,3.348766267E-1,-7.402636409E-1
1.506351583E0,4.140119553E0,-2.004046589E-1,-7.566286922E-1
1.516378583E0,4.635126591E0,-9.995545745E-1,-7.615664601E-1
1.526405583E0,5.141526222E0,-1.671853423E0,-7.514125109E-1
1.536432583E0,5.421351910E0,-2.149514675E0,-7.416206002E-1
1.546460583E0,5.390888691E0,-2.388338566E0,-7.419991493E-1
1.556487583E0,5.096405029E0,-2.451260567E0,-7.506216764E-1
1.566514583E0,4.680632591E0,-2.333485365E0,-7.837011814E-1
1.576542583E0,4.262286663E0,-2.171077967E0,-8.569543958E-1
1.586569583E0,3.900557518E0,-2.078894615E0,-9.624875784E-1
1.596596583E0,3.610808134E0,-2.168670416E0,-1.057843924E0
1.606623583E0,3.377966404E0,-2.396045685E0,-1.116935015E0
1.616651583E0,3.138600826E0,-2.732009649E0,-1.014017463E0
1.626678583E0,2.833228588E0,-2.832495689E0,-7.439790368E-1
1.636705583E0,2.501733780E0,-2.621755838E0,-3.808448315E-1
1.646732583E0,2.182761669E0,-2.158629417E0,3.999620304E-2
1.656760583E0,1.887421012E0,-1.760073781E0,3.854774535E-1
1.666787583E0,1.558959603E0,-1.333109498E0,6.356683969E-1
1.676814583E0,1.244839191E0,-9.432749152E-1,7.434430122E-1
1.686841583E0,1.026679277E0,-6.266832352E-1,7.527210116E-1
1.696869583E0,9.351256490E-1,-4.783574045E-1,7.437850237E-1
1.706896583E0,9.522019625E-1,-4.915304780E-1,7.866121531E-1
1.716923583E0,9.965651631E-1,-5.823978186E-1,8.849832416E-1
1.726951583E0,9.577430487E-1,-6.949135065E-1,1.001350403E0
1.736978583E0,7.581878901E-1,-8.130372167E-1,1.143324018E0
1.747005583E0,3.707022369E-1,-8.951938748E-1,1.310945034E0
1.757032583E0,-1.495817304E-1,-8.345260024E-1,1.463197351E0
1.767060583E0,-7.294314504E-1,-6.239676476E-1,1.560477614E0
1.777087583E0,-1.331552505E0,-2.799122632E-1,1.635981679E0
1.787114583E0,-1.915387988E0,5.051868036E-2,1.770372033E0
1.797141583E0,-2.437499762E0,3.213959932E-1,1.995396852E0
1.807169583E0,-2.862025023E0,3.762750328E-1,2.336353540E0
1.817196583E0,-3.077064514E0,1.608849764E-1,2.727350712E0
1.827223583E0,-3.024138212E0,-2.674075365E-1,3.093060970E0
1.837251583E0,-2.747963667E0,-8.191491961E-1,3.361110687E0
1.847278583E0,-2.335520029E0,-1.300765276E0,3.468642235E0
1.857305583E0,-1.957889795E0,-1.636095881E0,3.371061563E0
1.867332583E0,-1.716623783E0,-1.921062350E0,3.104573011E0
1.877360583E0,-1.596147418E0,-2.053519487E0,2.795699835E0
1.887387583E0,-1.513779640E0,-1.853241444E0,2.555941582E0
1.897414583E0,-1.350946426E0,-1.275490761E0,2.358811378E0
1.907441583E0,-1.082414865E0,-5.333565474E-1,2.136296034E0
1.917469583E0,-8.298906684E-1,4.347485676E-2,1.834804535E0
1.927496583E0,-7.504096627E-1,2.754482031E-1,1.444144607E0
1.937523583E0,-8.421861529E-1,2.133270353E-1,1.005249023E0
1.947550583E0,-1.071811318E0,1.734640077E-2,6.510275602E-1
1.957578583E0,-1.383559346E0,-1.616664976E-1,4.395051599E-1
1.967605583E0,-1.641668320E0,-2.394405156E-1,3.540877402E-1
1.977632583E0,-1.748652220E0,-1.964690834E-1,3.390001357E-1
1.987659583E0,-1.708564401E0,-1.629409008E-2,3.197852969E-1
1.997687583E0,-1.574204683E0,1.767462045E-1,2.441227585E-1
2.007714583E0,-1.380068183E0,2.750305831E-1,-1.855201274E-2
2.017741583E0,-1.179855227E0,1.140930653E-1,-2.503253222E-1
2.027769583E0,-1.030016422E0,4.772089887E-3,-5.495852828E-1
2.037796583E0,-8.721211553E-1,-1.658071131E-1,-9.380952120E-1
2.047823583E0,-7.751349211E-1,-3.006528020E-1,-1.349321246E0
2.057850583E0,-7.766265273E-1,-2.350721657E-1,-1.769744992E0
2.067878583E0,-8.724232912E-1,3.133407980E-2,-2.147351503E0
2.077905583E0,-1.017886996E0,3.269630671E-1,-2.475827217E0
2.087932583E0,-1.135225296E0,6.040160060E-1,-2.708653450E0
2.097959583E0,-1.163723588E0,8.272815943E-1,-2.797369957E0
2.107987583E0,-1.082869291E0,9.816321135E-1,-2.780683041E0
2.118014583E0,-9.178478718E-1,1.088439703E0,-2.702174664E0
2.128041583E0,-7.122088075E-1,1.233329654E0,-2.618752480E0
2.138069583E0,-5.334936380E-1,1.485742807E0,-2.553954601E0
2.148096583E0,-4.090128839E-1,1.929092169E0,-2.502962112E0
2.158123583E0,-3.066644073E-1,2.532003403E0,-2.474843979E0
2.168150583E0,-1.508602947E-1,3.138641596E0,-2.430221796E0
2.178178583E0,1.216569766E-1,3.549447536E0,-2.440472603E0
2.188205583E0,5.150793791E-1,3.603626013E0,-2.388911724E0
2.198232583E0,1.075467825E0,3.336519480E0,-2.164540052E0
2.208259583E0,1.873329520E0,2.923538923E0,-1.794981718E0
2.218287583E0,2.879396915E0,2.505549192E0,-1.401440382E0
2.228314583E0,3.936667681E0,1.991484642E0,-1.117926598E0
2.238341583E0,4.845171928E0,1.248678207E0,-1.063436389E0
2.248368583E0,5.426585674E0,4.134025872E-1,-1.233283758E0
2.258396583E0,5.539253235E0,-2.228289843E-1,-1.428814888E0
2.268423583E0,5.199115753E0,-4.695599377E-1,-1.493625998E0
2.278450583E0,4.539299965E0,-3.898621798E-1,-1.454367518E0
2.288477583E0,3.768838167E0,-1.432592571E-1,-1.438994288E0
2.298505583E0,3.081950903E0,1.103237495E-1,-1.501286983E0
2.308532583E0,2.571051836E0,2.785584331E-1,-1.587584138E0
2.318559583E0,2.222038269E0,3.708769083E-1,-1.598868489E0
2.328586583E0,1.998035192E0,4.756378531E-1,-1.501149297E0
2.338614583E0,1.851909995E0,5.841787457E-1,-1.303015232E0
2.348641583E0,1.751655221E0,6.644978523E-1,-1.040463567E0
2.358668583E0,1.694319248E0,6.413373947E-1,-8.111597896E-1
2.368696583E0,1.622308135E0,3.572025001E-1,-9.080517888E-1
2.378723583E0,1.547229648E0,1.315209270E-1,-9.135379195E-1
2.388750583E0,1.441814661E0,1.879720576E-2,-7.241945267E-1
2.398777583E0,1.345373869E0,-6.756777316E-2,-4.890163243E-1
2.408805583E0,1.199937820E0,-9.373361617E-2,-2.763677239E-1
2.418832583E0,9.701712728E-1,-1.404928565E-1,-1.051496416E-1
2.428859583E0,6.459439993E-1,-7.034666091E-2,5.000239611E-2
2.438886583E0,2.740356624E-1,1.269770563E-1,1.512182206E-1
2.448914583E0,-9.190817922E-2,2.542742193E-1,1.164208874E-1
2.458941583E0,-4.117168188E-1,2.682169080E-1,8.401767164E-2
2.468968583E0,-6.370061040E-1,2.592909038E-1,1.164812967E-1
2.478995583E0,-7.655126452E-1,2.757308483E-1,2.595135272E-1
2.489023583E0,-9.301589727E-1,1.583111733E-1,5.363922715E-1
2.499050833E0,-1.177279830E0,8.418601006E-3,8.697417378E-1
2.509077833E0,-1.473545432E0,-1.586291194E-1,1.162609339E0
2.519105833E0,-1.759266973E0,-2.621283531E-1,1.347106695E0
2.529132833E0,-2.005686998E0,-4.117209315E-1,1.466049075E0
2.539159833E0,-2.189419270E0,-6.147571802E-1,1.656653404E0
2.549186833E0,-2.347628355E0,-9.944293499E-1,2.114411831E0
2.559214833E0,-2.434102774E0,-1.547084570E0,2.805419207E0
2.569241833E0,-2.345949411E0,-2.265913010E0,3.360194445E0
2.579268833E0,-2.061382771E0,-2.910012960E0,3.627318621E0
2.589295833E0,-1.681101561E0,-3.205682516E0,3.601957083E0
2.599323833E0,-1.326048136E0,-3.130723000E0,3.288796186E0
2.609350833E0,-1.058889389E0,-2.975298166E0,2.740915298E0
2.619377833E0,-8.612466455E-1,-2.904468298E0,2.180090427E0
2.629404833E0,-6.884405613E-1,-2.874692678E0,1.916444063E0
2.639432833E0,-4.754419923E-1,-2.722740173E0,1.948948741E0
2.649459833E0,-2.448403686E-1,-2.465277195E0,2.014376640E0
2.659486833E0,-1.292128414E-1,-2.148182631E0,1.941237807E0
2.669513833E0,-1.969284713E-1,-1.783802271E0,1.782643437E0
2.679541833E0,-4.124908745E-1,-1.406365275E0,1.654749870E0
2.689568833E0,-7.000512481E-1,-1.097506166E0,1.635987401E0
2.699595833E0,-9.874409437E-1,-8.723514676E-1,1.758607030E0
2.709623833E0,-1.199854374E0,-7.017497420E-1,1.931975842E0
2.719650833E0,-1.303753138E0,-6.132821441E-1,2.056351662E0
2.729677833E0,-1.307823896E0,-5.136034489E-1,2.074625969E0
2.739704833E0,-1.322570324E0,-2.066661566E-1,2.022178888E0
2.749732833E0,-1.130105853E0,-7.914813608E-2,1.780086398E0
2.759759833E0,-8.660869598E-1,2.680417895E-1,1.316097975E0
2.769786833E0,-6.432733536E-1,5.183012486E-1,8.003522754E-1
2.779813833E0,-4.899421036E-1,6.765606999E-1,3.086373806E-1
2.789841833E0,-5.309971571E-1,6.916791201E-1,-1.154891178E-1
2.799868833E0,-7.722209096E-1,7.200676203E-1,-3.596884608E-1
2.809895833E0,-1.085182428E0,7.691881657E-1,-5.158784986E-1
2.819922833E0,-1.396798134E0,7.356646061E-1,-5.931341052E-1
2.829950833E0,-1.676947474E0,6.542107463E-1,-5.508767962E-1
2.839977833E0,-1.869332671E0,6.140720844E-1,-4.633615911E-1
2.850004833E0,-2.003867149E0,8.246576786E-1,-4.416878223E-1
2.860031833E0,-2.109323025E0,1.701118469E0,-5.261709690E-1
2.870059833E0,-2.047458887E0,2.520055056E0,-8.502346277E-1
2.880086833E0,-1.777557015E0,2.902563572E0,-1.291507244E0
2.890113833E0,-1.481759429E0,2.988093615E0,-1.712678552E0
2.900140833E0,-9.619632959E-1,2.677205086E0,-1.877308965E0
2.910168833E0,-1.439543664E-1,1.851269245E0,-1.880243063E0
2.920195833E0,9.129128456E-1,7.470435500E-1,-1.973528743E0
2.930222833E0,2.156365156E0,-1.019208133E-2,-2.160629988E0
2.940250833E0,3.399555683E0,-8.122124523E-2,-2.510943174E0
2.950277833E0,4.280975342E0,2.234056592E-1,-2.904124975E0
2.960304833E0,4.553711891E0,5.504288077E-1,-3.171583414E0
2.970331833E0,4.378470421E0,8.628848791E-1,-3.337362766E0
2.980359833E0,4.001150131E0,1.007972598E0,-3.470067024E0
2.990386833E0,3.574699879E0,9.481910467E-1,-3.603123665E0
3.000413833E0,3.137409687E0,7.446291447E-1,-3.716822386E0
3.010440833E0,2.688203096E0,6.053161025E-1,-3.806634903E0
3.020468833E0,2.260067701E0,7.012010813E-1,-3.872822762E0
3.030495833E0,1.875840902E0,1.005257964E0,-3.854446650E0
3.040522833E0,1.568179011E0,1.375199318E0,-3.669865370E0
3.050549833E0,1.390143752E0,1.688304663E0,-3.335346222E0
3.060577833E0,1.316463947E0,1.942342281E0,-2.929016352E0
3.070604833E0,1.337744117E0,2.036316156E0,-2.579282284E0
3.080631833E0,1.457696676E0,1.871364951E0,-2.319297791E0
3.090658833E0,1.619795799E0,1.525789976E0,-2.061748266E0
3.100686833E0,1.771554947E0,1.138803005E0,-1.813743711E0
3.110713833E0,1.874249458E0,7.861053944E-1,-1.522442102E0
3.120740833E0,1.888328075E0,6.192975044E-1,-1.190776110E0
3.130767833E0,1.811505914E0,5.664448142E-1,-8.554642200E-1
3.140795833E0,1.632173181E0,5.800415874E-1,-6.389390826E-1
3.150822833E0,1.328626871E0,5.272398591E-1,-5.249508619E-1
3.160849833E0,9.591915607E-1,4.582818449E-1,-4.546436965E-1
3.170877833E0,5.833464265E-1,3.972048759E-1,-4.007242918E-1
3.180904833E0,2.111992091E-1,2.621935308E-1,-2.924622893E-1
3.190931833E0,-1.349750161E-1,4.004479945E-2,-7.587496191E-2
3.200958833E0,-4.566944540E-1,-2.009869963E-1,2.458993495E-1
3.210986833E0,-8.547432423E-1,-2.066502571E-1,6.212470531E-1
3.221013833E0,-1.417716503E0,2.507210076E-1,1.089496493E0
3.231040833E0,-1.873539209E0,8.013419509E-1,1.493905544E0
3.241067833E0,-2.106161356E0,1.359755039E0,1.830274940E0
3.251095833E0,-2.347767591E0,1.986738563E0,2.187494040E0
3.261122833E0,-2.665805340E0,2.388757467E0,2.700987816E0
3.271149833E0,-3.181333065E0,2.295316696E0,3.578294039E0
3.281176833E0,-3.858734846E0,1.447589159E0,4.561950207E0
3.291204833E0,-4.492607117E0,3.578753397E-2,5.108606339E0
3.301231833E0,-4.824225903E0,-1.362184286E0,4.836982250E0
3.311258833E0,-4.872558594E0,-2.066796541E0,3.879213333E0
3.321285833E0,-4.742129326E0,-1.842359900E0,2.707858562E0
3.331313833E0,-4.423771381E0,-1.098152876E0,1.654299498E0
3.341340833E0,-3.905903339E0,-4.820688665E-1,7.993054986E-1
3.351367833E0,-3.167700291E0,-4.190692306E-1,2.382607311E-1
3.361394833E0,-2.233507395E0,-8.927970529E-1,1.084700972E-2
3.371422833E0,-1.261875987E0,-1.638539553E0,1.563960873E-2
3.381449833E0,-5.337408185E-1,-2.373598099E0,5.411402881E-2
3.391476833E0,-1.677997559E-1,-2.984582901E0,4.292524233E-2
3.401503833E0,-1.013243273E-1,-3.385951519E0,6.313996762E-2
3.411531833E0,-1.729103476E-1,-3.545828819E0,1.602482200E-1
3.421558833E0,-2.486828715E-1,-3.382754087E0,3.597469330E-1
3.431585833E0,-3.086425066E-1,-3.033953667E0,6.273684502E-1
3.441613833E0,-3.929302096E-1,-2.664430380E0,8.651903272E-1
3.451640833E0,-5.292421579E-1,-2.554715395E0,9.090279937E-1
3.461667833E0,-6.343411207E-1,-2.408710241E0,7.442196012E-1
3.471694833E0,-6.903115511E-1,-2.313626289E0,5.000609159E-1
3.481722833E0,-6.776042581E-1,-2.207870722E0,2.382586002E-1
3.491749833E0,-6.439579129E-1,-1.964425683E0,7.539771032E-3
3.501776375E0,-6.108217835E-1,-1.605803847E0,-1.852736324E-1
3.511803375E0,-5.663600564E-1,-1.135685325E0,-3.889897168E-1
3.521831375E0,-5.347318053E-1,-6.449736953E-1,-6.385366321E-1
3.531858375E0,-5.244578719E-1,-2.895507812E-1,-8.847286701E-1
3.541885375E0,-5.443879366E-1,1.373198777E-1,-1.016072869E0
3.551912375E0,-5.514898896E-1,3.872718513E-1,-1.040499806E0
3.561940375E0,-5.642104745E-1,5.790855289E-1,-9.913423657E-1
3.571967375E0,-5.667667389E-1,7.819866538E-1,-8.696648479E-1
3.581994375E0,-4.901047051E-1,1.155653596E0,-7.686370015E-1
3.592021375E0,-3.659695685E-1,1.633322120E0,-7.529430389E-1
3.602049375E0,-2.401464134E-1,2.167474031E0,-8.402174711E-1
3.612076375E0,-1.553885043E-1,2.638244390E0,-1.039604187E0
3.622103375E0,-8.929336816E-2,2.894644976E0,-1.347795248E0
3.632130375E0,6.200481206E-2,2.818281174E0,-1.608412266E0
3.642158375E0,4.376633763E-1,2.585491896E0,-1.749724388E0
3.652185375E0,1.095274329E0,2.474004030E0,-1.730258584E0
3.662212375E0,1.938978910E0,2.566627741E0,-1.657990575E0
3.672240375E0,2.707651615E0,2.680703402E0,-1.714686632E0
3.682267375E0,3.162651777E0,2.587867498E0,-1.976721525E0
3.692294375E0,3.441229105E0,2.290367603E0,-2.272025824E0
3.702321375E0,3.624318600E0,1.921015501E0,-2.440557718E0
3.712349375E0,3.672253609E0,1.650408506E0,-2.506861687E0
3.722376375E0,3.513366461E0,1.506497383E0,-2.553045750E0
3.732403375E0,3.180189371E0,1.440381527E0,-2.630608797E0
3.742430375E0,2.764147758E0,1.423318982E0,-2.708312273E0
3.752458375E0,2.333318233E0,1.460168481E0,-2.716700077E0
3.762485375E0,1.926041365E0,1.534672260E0,-2.571941137E0
3.772512375E0,1.603456020E0,1.591293573E0,-2.268653631E0
3.782539375E0,1.393641233E0,1.594104171E0,-1.910673380E0
3.792567375E0,1.299769402E0,1.545672655E0,-1.559962511E0
3.802594375E0,1.291223884E0,1.451509953E0,-1.247238159E0
3.812621375E0,1.316485286E0,1.327558041E0,-9.553533792E-1
3.822648375E0,1.346456766E0,1.161278725E0,-6.862662435E-1
3.832676375E0,1.377467155E0,9.663489461E-1,-4.688515663E-1
3.842703375E0,1.407386422E0,7.992944121E-1,-3.333507478E-1
3.852730375E0,1.419863582E0,6.581870914E-1,-2.615463138E-1
3.862757375E0,1.401466966E0,5.577837229E-1,-2.556639910E-1
3.872785375E0,1.358672261E0,5.200445056E-1,-2.226285934E-1
3.882812375E0,1.291871667E0,4.812161028E-1,-6.272201985E-2
3.892839375E0,1.201202154E0,4.153653383E-1,2.769635916E-1
3.902867375E0,1.040544271E0,3.120242953E-1,8.115407228E-1
3.912894375E0,7.583593726E-1,1.180401891E-1,1.491998553E0
3.922921375E0,3.662744164E-1,-1.178572923E-1,2.166692495E0
3.932948375E0,-7.561282814E-2,-3.257465661E-1,2.727262020E0
3.942976375E0,-5.482512116E-1,-3.870818317E-1,3.093917131E0
3.953003375E0,-1.061093092E0,-2.351844609E-1,3.225362778E0
3.963030375E0,-1.668959618E0,5.533925444E-2,3.177478313E0
3.973057375E0,-2.324476004E0,2.605335414E-1,3.082734585E0
3.983085375E0,-2.867789268E0,1.555165648E-1,3.186181545E0
3.993112375E0,-3.137320280E0,-4.176020920E-1,3.744243860E0
4.003139375E0,-3.092032671E0,-1.455104589E0,4.509443760E0
4.013166375E0,-2.832000971E0,-2.590095520E0,4.992462635E0
4.023194375E0,-2.532141685E0,-3.310262918E0,4.910741806E0
4.033221375E0,-2.364298344E0,-3.286647558E0,4.369100571E0
4.043248375E0,-2.400541544E0,-2.689104557E0,3.554282665E0
4.053275375E0,-2.579544067E0,-1.889698863E0,2.657966375E0
4.063303375E0,-2.778245687E0,-1.259845614E0,1.899124622E0
4.073330375E0,-2.867410660E0,-9.209299088E-1,1.382957816E0
4.083357375E0,-2.759875059E0,-8.160346150E-1,1.084335089E0
4.093384375E0,-2.461188316E0,-8.418989778E-1,8.524408340E-1
4.103412375E0,-2.066125154E0,-9.330563545E-1,5.772068501E-1
4.113439375E0,-1.683399558E0,-1.054261088E0,2.535513341E-1
4.123466375E0,-1.389985561E0,-1.176103592E0,-4.754246026E-2
4.133493375E0,-1.177996635E0,-1.269838929E0,-2.606030405E-1
4.143521375E0,-9.807318449E-1,-1.370806575E0,-3.503768742E-1
4.153548375E0,-7.466454506E-1,-1.526166201E0,-3.561715186E-1
4.163575375E0,-5.155919790E-1,-1.714339256E0,-3.364577293E-1
4.173603375E0,-3.482514024E-1,-1.841364026E0,-3.126274645E-1
4.183630375E0,-2.729987204E-1,-1.829436541E0,-2.837489545E-1
4.193657375E0,-2.833432853E-1,-1.635500073E0,-2.770109475E-1
4.203684375E0,-3.456295729E-1,-1.336589456E0,-3.097297549E-1
4.213712375E0,-4.061108828E-1,-1.009968758E0,-3.965016901E-1
4.223739375E0,-4.201537371E-1,-7.585248351E-1,-5.105307698E-1
4.233766375E0,-4.075506032E-1,-6.329273582E-1,-6.363778710E-1
4.243793375E0,-3.761423528E-1,-6.134479642E-1,-7.469826937E-1
4.253821375E0,-3.327815235E-1,-6.045001149E-1,-8.135948777E-1
4.263848375E0,-2.816435099E-1,-5.215876698E-1,-8.264973760E-1
4.273875375E0,-2.273401767E-1,-3.279527426E-1,-7.725208998E-1
4.283902375E0,-1.953207254E-1,-2.556651458E-2,-6.485475302E-1
4.293930375E0,-2.404859364E-1,4.230596721E-1,-4.835538268E-1
4.303957375E0,-4.077614844E-1,9.647489786E-1,-2.888594270E-1
4.313984375E0,-6.956618428E-1,1.554441094E0,-1.238438189E-1
4.324011375E0,-1.044435382E0,2.212112665E0,-2.559847571E-2
4.334039375E0,-1.385530591E0,2.868408680E0,1.090745032E-1
4.344066375E0,-1.637497425E0,3.448821783E0,3.238528371E-1
4.354093375E0,-1.668835044E0,3.784330606E0,6.415457726E-1
4.364120375E0,-1.282173038E0,3.503442764E0,8.676390648E-1
4.374148375E0,-4.055797160E-1,2.625618219E0,8.543103933E-1
4.384175375E0,9.993557334E-1,1.896808982E0,2.801062167E-1
4.394202375E0,2.772205591E0,1.520574331E0,-5.646594167E-1
4.404229375E0,4.364811897E0,1.311962247E0,-1.292369246E0
4.414257375E0,5.125682831E0,8.703137636E-1,-1.682112932E0
4.424284375E0,5.105441093E0,4.788754284E-1,-1.728702784E0
4.434311375E0,4.650469303E0,5.583614111E-1,-1.683293819E0
4.444338375E0,3.918519020E0,1.047578573E0,-1.786414862E0
4.454366375E0,3.065431595E0,1.736056924E0,-2.058535099E0
4.464393375E0,2.316212416E0,2.309355497E0,-2.356878519E0
4.474420375E0,1.813410640E0,2.548689842E0,-2.533441544E0
4.484447375E0,1.627727032E0,2.397823095E0,-2.549857140E0
4.494475375E0,1.707030177E0,1.987823486E0,-2.453507900E0
4.504502583E0,1.966820240E0,1.480352879E0,-2.301917315E0
4.514529583E0,2.343150616E0,1.099939227E0,-2.112387896E0
4.524556583E0,2.763947487E0,9.512709975E-1,-1.935573220E0
4.534584583E0,3.160675764E0,8.993489742E-1,-1.780339479E0
4.544611583E0,3.413204670E0,8.602340817E-1,-1.596968889E0
4.554638583E0,3.438955545E0,7.772955894E-1,-1.374338269E0
4.564666583E0,3.245623350E0,6.835184693E-1,-1.162829995E0
4.574693583E0,2.887460470E0,6.362305880E-1,-1.000569582E0
4.584720583E0,2.420628548E0,6.729385257E-1,-8.512437344E-1
4.594747583E0,1.901318550E0,7.517467141E-1,-6.326254010E-1
4.604775583E0,1.396134138E0,8.792389035E-1,-2.651600242E-1
4.614802583E0,9.442734122E-1,1.046153069E0,2.788522243E-1
4.624829583E0,5.628810525E-1,1.168245673E0,9.539521337E-1
4.634856583E0,2.551342845E-1,1.188275099E0,1.701276183E0
4.644884583E0,-1.795263775E-2,1.112829328E0,2.380562067E0
4.654911583E0,-3.124102354E-1,9.855823517E-1,2.856793642E0
4.664938583E0,-6.692013741E-1,8.070046306E-1,3.167408228E0
4.674965583E0,-1.049168110E0,6.366232038E-1,3.313288212E0
4.684993583E0,-1.401593566E0,6.277567744E-1,3.274302244E0
4.695020583E0,-1.730678320E0,6.855652928E-1,3.190175295E0
4.705047583E0,-2.045136690E0,5.047640800E-1,3.357709169E0
4.715074583E0,-2.287685871E0,-1.756251156E-1,3.898324966E0
4.725102583E0,-2.346202612E0,-1.280262828E0,4.544477463E0
4.735129583E0,-2.129122019E0,-2.567271233E0,4.792126656E0
4.745156583E0,-1.717646956E0,-3.602672100E0,4.466471195E0
4.755183583E0,-1.367136836E0,-3.860585690E0,3.811896801E0
4.765211583E0,-1.261301756E0,-3.339900732E0,3.060861111E0
4.775238583E0,-1.383240461E0,-2.446453094E0,2.425455809E0
4.785265583E0,-1.630150318E0,-1.629427910E0,1.951724887E0
4.795292583E0,-1.914036274E0,-1.061679840E0,1.584766388E0
4.805320583E0,-2.193157196E0,-7.609940171E-1,1.277866125E0
4.815347583E0,-2.463123798E0,-6.445928216E-1,9.880525470E-1
4.825374583E0,-2.759592533E0,-6.515814662E-1,6.933167577E-1
4.835401583E0,-3.084796190E0,-7.381398082E-1,4.152282774E-1
4.845429583E0,-3.390499115E0,-8.517244458E-1,1.981550604E-1
4.855456583E0,-3.620537043E0,-9.305266738E-1,6.503441185E-2
4.865483583E0,-3.743144274E0,-9.280038476E-1,7.923456840E-3
4.875510583E0,-3.768322945E0,-8.060508966E-1,1.842299476E-3
4.885538583E0,-3.703240395E0,-6.264257431E-1,-4.745562095E-3
4.895565583E0,-3.543650389E0,-4.429321587E-1,-3.396670893E-2
4.905592583E0,-3.306556940E0,-2.629698515E-1,-1.022483036E-1
4.915619583E0,-3.017147303E0,-8.368149400E-2,-2.281438112E-1
4.925647583E0,-2.704949141E0,1.192263439E-1,-4.113117754E-1
4.935674583E0,-2.394201279E0,3.609487414E-1,-6.556608677E-1
4.945701583E0,-2.116069078E0,6.277016401E-1,-9.318224192E-1
4.955728583E0,-1.907616973E0,8.765305281E-1,-1.187216163E0
4.965756583E0,-1.761510134E0,1.063897729E0,-1.389090657E0
4.975783583E0,-1.629036903E0,1.185467839E0,-1.530693054E0
4.985810583E0,-1.461003184E0,1.283456445E0,-1.648729920E0
4.995837583E0,-1.249605298E0,1.348710179E0,-1.742223501E0
5.005865583E0,-1.007169008E0,1.415807724E0,-1.751914740E0
5.015892583E0,-7.533628941E-1,1.541450620E0,-1.634604454E0
5.025919583E0,-5.360957980E-1,1.731492996E0,-1.411671519E0
5.035946583E0,-3.389611542E-1,1.890835762E0,-1.175286770E0
5.045974583E0,-1.035483778E-1,1.984757185E0,-1.012666702E0
5.056001583E0,1.899228096E-1,1.988273501E0,-9.443450570E-1
5.066028583E0,5.508578420E-1,1.721024990E0,-9.517388344E-1
5.076055583E0,1.034106612E0,1.267294884E0,-9.989494681E-1
5.086083583E0,1.657484174E0,8.353759646E-1,-1.019821763E0
5.096110583E0,2.341552496E0,6.340596080E-1,-1.038144469E0
5.106137583E0,2.867300749E0,6.739787459E-1,-1.126337528E0
5.116165583E0,3.036234140E0,9.435009360E-1,-1.313030124E0
5.126192583E0,2.907437801E0,1.405292988E0,-1.533439159E0
5.136219583E0,2.607798576E0,1.880582333E0,-1.720291138E0
5.146246583E0,2.277055264E0,2.292212486E0,-1.867847562E0
5.156273583E0,2.020079374E0,2.589788198E0,-1.964116335E0
5.166301583E0,1.899820805E0,2.755408287E0,-2.000021458E0
5.176328583E0,1.919142962E0,2.763646841E0,-1.980422139E0
5.186355583E0,2.055365801E0,2.584713221E0,-1.920030713E0
5.196383583E0,2.289227009E0,2.223802805E0,-1.823083043E0
5.206410583E0,2.622138023E0,1.780542850E0,-1.671119452E0
5.216437583E0,3.036162138E0,1.348072886E0,-1.510572433E0
5.226464583E0,3.472145081E0,9.470275044E-1,-1.350355029E0
5.236491583E0,3.842932701E0,6.121991873E-1,-1.182299972E0
5.246519583E0,4.076570511E0,4.018712342E-1,-1.009996653E0
5.256546583E0,4.101870060E0,3.055270314E-1,-8.638219833E-1
5.266573583E0,3.913491726E0,3.044439256E-1,-7.712355852E-1
5.276601583E0,3.539540291E0,3.670877516E-1,-7.684829831E-1
5.286628583E0,3.051261902E0,4.125069082E-1,-8.538979888E-1
5.296655583E0,2.524872303E0,3.585633934E-1,-9.587081075E-1
5.306682583E0,2.034923553E0,1.223383546E-1,-9.432729483E-1
5.316710583E0,1.626131654E0,-3.038660586E-1,-7.033033967E-1
5.326737583E0,1.341003180E0,-8.171397448E-1,-1.651944071E-1
5.336764583E0,1.164126992E0,-1.331784487E0,6.351566315E-1
5.346791583E0,1.084363699E0,-1.701431751E0,1.550305009E0
5.356819583E0,1.065868616E0,-1.856770635E0,2.386911154E0
5.366846583E0,1.034437776E0,-1.841514230E0,3.099441528E0
5.376873583E0,9.237447977E-1,-1.613802075E0,3.661468983E0
5.386900583E0,7.347216606E-1,-1.055751801E0,4.062897682E0
5.396928583E0,4.402517974E-1,-3.890850544E-1,4.309536457E0
5.406955583E0,1.863130741E-2,4.649471026E-3,4.559106827E0
5.416982583E0,-4.705487490E-1,9.792378172E-3,4.980876446E0
5.427009583E0,-9.651579261E-1,-3.646222353E-1,5.306027412E0
5.437037583E0,-1.410480857E0,-1.231984615E0,5.212838173E0
5.447064583E0,-1.684086323E0,-2.168127298E0,4.775651455E0
5.457091583E0,-1.825730324E0,-2.752523899E0,4.199595451E0
5.467118583E0,-1.964031816E0,-2.714134693E0,3.710377693E0
5.477146583E0,-2.085297346E0,-2.199914932E0,3.385982513E0
5.487173583E0,-2.151286125E0,-1.500495791E0,3.109356403E0
5.497200583E0,-2.201178312E0,-8.410211205E-1,2.765877247E0
5.507227083E0,-2.264722109E0,-2.902530432E-1,2.352196217E0
5.517255083E0,-2.338444471E0,1.158540994E-1,1.951180339E0
5.527282083E0,-2.409528494E0,2.980470955E-1,1.625319362E0
5.537309083E0,-2.446670771E0,2.317346036E-1,1.396124363E0
5.547336083E0,-2.446962595E0,-2.539839223E-2,1.255522609E0
5.557364083E0,-2.397751570E0,-3.786586225E-1,1.171225786E0
5.567391083E0,-2.302305222E0,-6.839138865E-1,1.101814747E0
5.577418083E0,-2.175506115E0,-8.733373284E-1,1.012499571E0
5.587445083E0,-2.030750990E0,-9.226852059E-1,9.036630392E-1
5.597472083E0,-1.889419556E0,-8.375317454E-1,7.790777683E-1
5.607500083E0,-1.763731837E0,-6.761077046E-1,6.181637049E-1
5.617527083E0,-1.660482407E0,-5.207337737E-1,3.841245472E-1
5.627554083E0,-1.577671766E0,-3.959409595E-1,5.875577033E-2
5.637581083E0,-1.509206891E0,-2.847450972E-1,-3.082644641E-1
5.647609083E0,-1.464609027E0,-1.781275719E-1,-6.818851829E-1
5.657636083E0,-1.440793633E0,-9.970647842E-2,-1.036948085E0
5.667663083E0,-1.421648145E0,-5.228171125E-2,-1.332066536E0
5.677690083E0,-1.387665749E0,-2.860324085E-2,-1.513689637E0
5.687718083E0,-1.302293062E0,1.343582198E-2,-1.544384360E0
5.697745083E0,-1.151655793E0,1.422497183E-1,-1.471659780E0
5.707772083E0,-9.351969957E-1,3.815595210E-1,-1.406662345E0
5.717799083E0,-6.931343079E-1,7.546016574E-1,-1.434268475E0
5.727827083E0,-4.971142113E-1,1.202913761E0,-1.565744996E0
5.737854083E0,-3.431284726E-1,1.638270140E0,-1.731406331E0
5.747881083E0,-1.950532645E-1,1.929227471E0,-1.908905506E0
5.757908083E0,5.057526007E-2,1.971945643E0,-2.060019493E0
5.767936083E0,5.250663757E-1,1.688341975E0,-2.051551819E0
5.777963083E0,1.220217824E0,1.145300031E0,-1.849550962E0
5.787990083E0,2.067188740E0,6.142073870E-1,-1.594295025E0
5.798017083E0,2.996166229E0,3.721658289E-1,-1.498476386E0
5.808045083E0,3.864592314E0,3.693234324E-1,-1.641700625E0
5.818072083E0,4.560518742E0,4.793614745E-1,-1.916898847E0
5.828099083E0,5.035732746E0,5.808644295E-1,-2.165079117E0
5.838126083E0,5.290877819E0,6.045114398E-1,-2.324285746E0
5.848154083E0,5.348733425E0,5.610638261E-1,-2.429858208E0
5.858181083E0,5.243805408E0,4.928700626E-1,-2.560888052E0
5.868208083E0,4.984774590E0,4.372672439E-1,-2.767117977E0
5.878235083E0,4.618113995E0,4.386126399E-1,-2.978684425E0
5.888263083E0,4.189262390E0,4.880962968E-1,-3.117311239E0
5.898290083E0,3.730260849E0,6.088001728E-1,-3.130204439E0
5.908317083E0,3.261481285E0,7.714107037E-1,-2.998542309E0
5.918344083E0,2.801708221E0,9.494608045E-1,-2.799073458E0
5.928372083E0,2.345417500E0,1.139970064E0,-2.596256256E0
5.938399083E0,1.894260168E0,1.346684456E0,-2.406476974E0
5.948426083E0,1.452802062E0,1.565713167E0,-2.221750498E0
5.958453083E0,1.035047412E0,1.736341834E0,-2.021873951E0
5.968481083E0,6.715749502E-1,1.812578082E0,-1.807050586E0
5.978508083E0,3.757421374E-1,1.809342742E0,-1.603953242E0
5.988535083E0,1.375788450E-1,1.748350263E0,-1.423803210E0
5.998562083E0,-8.294948190E-2,1.686120033E0,-1.211919665E0
6.008590083E0,-3.037204742E-1,1.663030744E0,-8.641264439E-1
6.018617083E0,-5.350962281E-1,1.616383910E0,-3.417675793E-1
6.028644083E0,-7.236890197E-1,1.563735366E0,2.770706415E-1
6.038671083E0,-8.775755167E-1,1.494290352E0,9.619606733E-1
6.048699083E0,-1.092072606E0,1.395829558E0,1.657160282E0
6.058726083E0,-1.442169189E0,1.226889729E0,2.220599413E0
6.068753083E0,-1.922169805E0,9.643254876E-1,2.572694302E0
6.078780083E0,-2.518739939E0,7.478424311E-1,2.699595690E0
6.088808083E0,-3.175749063E0,6.349627376E-1,2.679978371E0
6.098835083E0,-3.790195227E0,6.251219511E-1,2.782540083E0
6.108862083E0,-4.201752663E0,6.084143519E-1,3.272785187E0
6.118889083E0,-4.366727352E0,2.699680626E-1,4.191727161E0
6.128917083E0,-4.261833668E0,-7.081920505E-1,5.369705200E0
6.138944083E0,-3.800732613E0,-2.068905830E0,6.342044830E0
6.148971083E0,-3.052611589E0,-3.263131618E0,6.550551891E0
6.158998083E0,-2.348935366E0,-3.855741739E0,5.986552238E0
6.169026083E0,-1.980558395E0,-3.646469116E0,5.009243488E0
6.179053083E0,-2.031430483E0,-2.811383724E0,3.971129417E0
6.189080083E0,-2.358245611E0,-1.806993008E0,3.219069242E0
6.199107083E0,-2.710024595E0,-9.631320238E-1,2.839084387E0
6.209135083E0,-2.947707176E0,-4.192375839E-1,2.667768717E0
6.219162083E0,-3.089145899E0,-2.132229358E-1,2.571026325E0
6.229189083E0,-3.177301884E0,-2.359828353E-1,2.439696312E0
6.239216083E0,-3.265309334E0,-3.419695497E-1,2.184037209E0
6.249244083E0,-3.382369757E0,-4.563717544E-1,1.839229465E0
6.259271083E0,-3.522484303E0,-5.352804661E-1,1.484255195E0
6.269298083E0,-3.632627010E0,-5.644756556E-1,1.171519756E0
6.279325083E0,-3.668200970E0,-5.494129062E-1,9.058507085E-1
6.289352083E0,-3.625438213E0,-4.955765009E-1,6.739200354E-1
6.299380083E0,-3.522949934E0,-4.413830936E-1,4.399252236E-1
6.309407083E0,-3.364935637E0,-4.599815309E-1,1.360934079E-1
6.319434083E0,-3.128313065E0,-5.211762786E-1,-2.347515821E-1
6.329461083E0,-2.798894882E0,-5.931063890E-1,-6.323404908E-1
6.339489083E0,-2.370569706E0,-6.198449135E-1,-1.011024356E0
6.349516083E0,-1.874455929E0,-5.808042884E-1,-1.347511053E0
6.359543083E0,-1.347500324E0,-4.650248885E-1,-1.629637957E0
6.369570083E0,-8.166264296E-1,-2.734666467E-1,-1.805782557E0
6.379598083E0,-3.180837333E-1,7.035118062E-3,-1.895752668E0
6.389625083E0,1.192496568E-1,3.488153815E-1,-1.972142816E0
6.399652083E0,4.692242146E-1,7.084761858E-1,-2.052098274E0
6.409679083E0,6.924165487E-1,1.099814653E0,-2.127301693E0
6.419707083E0,7.775815129E-1,1.512248635E0,-2.191758156E0
6.429734083E0,7.384616733E-1,2.003731012E0,-2.282863379E0
6.439761083E0,5.857307911E-1,2.546736479E0,-2.299263239E0
6.449788083E0,3.351430595E-1,3.124527216E0,-2.201232672E0
6.459816083E0,2.089836635E-2,3.671425343E0,-1.978488922E0
6.469843083E0,-2.301466465E-1,4.074240208E0,-1.510732412E0
6.479870083E0,-2.576966286E-1,4.030464172E0,-6.603046656E-1
6.489897083E0,-5.068108905E-3,3.315463066E0,4.193743467E-1
6.499925458E0,6.774169207E-1,2.225008488E0,1.178545594E0
6.509952458E0,1.834994793E0,1.328828692E0,1.160910606E0
6.519979458E0,3.232540369E0,9.925634265E-1,3.714740872E-1
6.530006458E0,4.577969074E0,1.093105197E0,-8.255528808E-1
6.540034458E0,5.631488323E0,1.362681389E0,-1.867061019E0
6.550061458E0,6.184967995E0,1.486574531E0,-2.630926609E0
6.560088458E0,6.149433136E0,1.296180844E0,-3.088185072E0
6.570115458E0,5.629061222E0,1.150143981E0,-3.315951347E0
6.580143458E0,4.804749966E0,1.273742318E0,-3.455219507E0
6.590170458E0,3.894828796E0,1.587140918E0,-3.502617359E0
6.600197458E0,3.093715191E0,1.878285050E0,-3.401000738E0
6.610224458E0,2.513324499E0,1.987290382E0,-3.156935692E0
6.620252458E0,2.192363262E0,1.895768881E0,-2.824586153E0
6.630279458E0,2.079775333E0,1.686664104E0,-2.520843983E0
6.640306458E0,2.107103348E0,1.396285653E0,-2.282159328E0
6.650333458E0,2.176814795E0,1.101088047E0,-2.088992357E0
6.660361458E0,2.198531151E0,8.349894285E-1,-1.937992454E0
6.670388458E0,2.116559267E0,6.158102155E-1,-1.861039877E0
6.680415458E0,1.940596104E0,4.165273905E-1,-1.867810488E0
6.690442458E0,1.697385550E0,2.401352972E-1,-1.965588689E0
6.700470458E0,1.429399610E0,8.840429038E-2,-2.107885122E0
6.710497458E0,1.149492860E0,-7.848083228E-2,-2.182512999E0
6.720524458E0,9.001780748E-1,-3.290077746E-1,-2.044245005E0
6.730551458E0,7.360285521E-1,-6.389677525E-1,-1.638738871E0
6.740579458E0,6.761669517E-1,-9.594663382E-1,-9.751051664E-1
6.750606458E0,6.547937393E-1,-1.253038764E0,-1.290535033E-1
6.760633458E0,5.998799801E-1,-1.507793903E0,8.006824255E-1
6.770660458E0,4.270291030E-1,-1.662617803E0,1.667700887E0
6.780688458E0,5.381891504E-2,-1.600940704E0,2.394858837E0
6.790715458E0,-5.445877910E-1,-1.305643201E0,2.906429291E0
6.800742458E0,-1.341422796E0,-7.730706334E-1,3.211291552E0
6.810769458E0,-2.336701393E0,2.787282690E-3,3.415771961E0
6.820797458E0,-3.406332493E0,7.983459234E-1,3.778856754E0
6.830824458E0,-4.269265652E0,1.369172096E0,4.549505711E0
6.840851458E0,-4.711058617E0,1.343851089E0,5.898141384E0
6.850878458E0,-4.723985195E0,6.299372911E-1,7.313218117E0
6.860906458E0,-4.462796688E0,-3.692249656E-1,7.846568584E0
6.870933458E0,-3.977061510E0,-1.174636722E0,7.219610214E0
6.880960458E0,-3.319129944E0,-1.372778058E0,5.842026711E0
6.890987458E0,-2.555369139E0,-1.035761476E0,4.243126392E0
6.901015458E0,-1.688209653E0,-4.464917779E-1,2.779586554E0
6.911042458E0,-9.861361384E-1,-3.299856782E-1,1.713783979E0
6.921069458E0,-5.118823051E-1,-5.547666550E-1,1.145400405E0
6.931096458E0,-2.082923502E-1,-7.825822234E-1,1.051672935E0
6.941124458E0,-4.577350616E-2,-7.684979439E-1,1.162610412E0
6.951151458E0,-1.002135724E-1,-5.152832270E-1,1.164360404E0
6.961178458E0,-4.079911113E-1,-1.404301673E-1,9.527302384E-1
6.971205458E0,-8.869427443E-1,1.707111895E-1,6.572605371E-1
6.981233458E0,-1.329337478E0,3.213525414E-1,4.303840995E-1
6.991260458E0,-1.559951425E0,2.587866187E-1,3.146617413E-1
7.001287458E0,-1.515493870E0,1.422059722E-4,2.181574851E-1
7.011314458E0,-1.256410718E0,-3.666749299E-1,8.696990460E-2
7.021342458E0,-8.807715774E-1,-7.109846473E-1,-8.401661366E-2
7.031369458E0,-4.952920675E-1,-9.388197064E-1,-2.824649811E-1
7.041396458E0,-1.785629392E-1,-1.006083369E0,-4.989576936E-1
7.051423458E0,2.271823213E-2,-9.420322180E-1,-7.136777043E-1
7.061451458E0,1.048105508E-1,-7.724289894E-1,-9.049882293E-1
7.071478458E0,1.017029062E-1,-5.505136847E-1,-1.071860433E0
7.081505458E0,3.660767153E-2,-3.404582441E-1,-1.221415162E0
7.091532458E0,-6.473545730E-2,-1.961551160E-1,-1.356993675E0
7.101560458E0,-2.045669854E-1,-1.092281714E-1,-1.505059600E0
7.111587458E0,-3.551144004E-1,-4.909772426E-2,-1.611623883E0
7.121614458E0,-4.753707945E-1,8.215185255E-2,-1.573916316E0
7.131641458E0,-5.293261409E-1,4.560535550E-1,-1.401191115E0
7.141668458E0,-5.567411780E-1,1.223988056E0,-1.145280957E0
7.151696458E0,-6.735042930E-1,2.329719782E0,-8.181307912E-1
7.161723458E0,-9.697367549E-1,3.624452353E0,-5.609639287E-1
7.171750458E0,-1.404734731E0,4.729747772E0,-4.921731353E-1
7.181778458E0,-1.732823610E0,5.371849060E0,-6.636175513E-1
7.191805458E0,-1.702597618E0,5.122321606E0,-9.895557165E-1
7.201832458E0,-1.151159763E0,4.049044609E0,-1.377115846E0
7.211859458E0,-8.607777953E-2,2.552744627E0,-1.653159380E0
7.221886458E0,1.283920884E0,1.238358617E0,-1.780623198E0
7.231914458E0,2.671962261E0,4.201599956E-1,-1.866041899E0
7.241941458E0,3.794284821E0,1.469509155E-1,-1.964873672E0
7.251968458E0,4.510302544E0,1.382013559E-1,-1.994464636E0
7.261996458E0,4.835779190E0,1.272701770E-1,-1.948173165E0
7.272023458E0,4.857234478E0,5.690493062E-2,-1.917384267E0
7.282050458E0,4.669981480E0,-2.722357959E-2,-1.984358549E0
7.292077458E0,4.391369820E0,-7.671203464E-2,-2.167117834E0
7.302104458E0,4.128184795E0,-5.184303597E-2,-2.400099754E0
7.312132458E0,3.897147179E0,4.218865559E-2,-2.551094532E0
7.322159458E0,3.634965181E0,2.046705782E-1,-2.539805889E0
7.332186458E0,3.299994946E0,4.233733714E-1,-2.356277943E0
7.342214458E0,2.927606344E0,6.842107177E-1,-2.058548212E0
7.352241458E0,2.615669489E0,9.138321877E-1,-1.752827048E0
7.362268458E0,2.413816452E0,1.041158199E0,-1.475820899E0
7.372295458E0,2.301451683E0,1.046711683E0,-1.235377073E0
7.382322458E0,2.208203793E0,9.832828045E-1,-1.100567222E0
7.392350458E0,2.082185030E0,9.107612371E-1,-1.008433104E0
7.402377458E0,1.913316607E0,9.222050905E-1,-8.800166249E-1
7.412404458E0,1.733583331E0,1.065758348E0,-7.064320445E-1
7.422432458E0,1.556144595E0,1.332735419E0,-4.692055285E-1
7.432459458E0,1.346451879E0,1.663348317E0,-1.343828291E-1
7.442486458E0,1.074844480E0,1.938615561E0,3.531621993E-1
7.452513458E0,7.562688589E-1,2.021587133E0,9.961950183E-1
7.462540458E0,3.586606383E-1,1.914633393E0,1.740792632E0
7.472568458E0,-1.503232121E-1,1.684119701E0,2.439870834E0
7.482595458E0,-8.026878238E-1,1.529816508E0,2.910338402E0
7.492622458E0,-1.588239312E0,1.531356096E0,3.128901720E0
7.502649333E0,-2.396436930E0,1.691682696E0,3.208639622E0
7.512677333E0,-3.044465780E0,1.913293362E0,3.266736984E0
7.522704333E0,-3.399411678E0,1.820133448E0,3.446861029E0
7.532731333E0,-3.490857363E0,1.006746769E0,3.898079157E0
7.542758333E0,-3.345898390E0,-5.153927803E-1,4.447261333E0
7.552786333E0,-2.853546858E0,-2.223153830E0,4.668370247E0
7.562813333E0,-2.035822392E0,-3.600173473E0,4.270888805E0
7.572840333E0,-1.131483674E0,-4.319177151E0,3.353837490E0
7.582867333E0,-4.291457534E-1,-4.198031902E0,2.304757118E0
7.592895333E0,-1.471391171E-1,-3.555883884E0,1.530471921E0
7.602922333E0,-2.544464469E-1,-2.902664900E0,1.138632059E0
7.612949333E0,-5.457397699E-1,-2.504741192E0,1.028361440E0
7.622976333E0,-8.617323637E-1,-2.397472858E0,1.041420817E0
7.633004333E0,-1.194387436E0,-2.393984556E0,1.020375490E0
7.643031333E0,-1.579145074E0,-2.294854403E0,9.550409317E-1
7.653058333E0,-2.031489611E0,-2.037557840E0,9.117558002E-1
7.663085333E0,-2.513237476E0,-1.694564223E0,9.338659644E-1
7.673113333E0,-2.925529480E0,-1.361699700E0,1.030816317E0
7.683140333E0,-3.213804007E0,-1.135001779E0,1.124542356E0
7.693167333E0,-3.331375360E0,-1.082146525E0,1.119277835E0
7.703194333E0,-3.261161327E0,-1.175742626E0,9.744307399E-1
7.713222333E0,-3.043747663E0,-1.295663476E0,6.965844631E-1
7.723249333E0,-2.726478100E0,-1.373419166E0,3.441458344E-1
7.733276333E0,-2.396618605E0,-1.349020362E0,-3.546699509E-2
7.743303333E0,-2.135033131E0,-1.192140818E0,-3.948227167E-1
7.753331333E0,-1.995995164E0,-9.073090553E-1,-7.138171792E-1
7.763358333E0,-1.971552253E0,-5.487736464E-1,-9.849818349E-1
7.773385333E0,-2.030100822E0,-1.693786681E-1,-1.220237970E0
7.783412333E0,-2.067205667E0,1.645269990E-1,-1.379528046E0
7.793440333E0,-2.018781185E0,3.877171874E-1,-1.429087043E0
7.803467333E0,-1.846650720E0,5.291093588E-1,-1.387204528E0
7.813494333E0,-1.563362002E0,6.384976506E-1,-1.254258990E0
7.823521333E0,-1.248644471E0,8.871274590E-1,-1.073071241E0
7.833549333E0,-9.549322724E-1,1.398489237E0,-9.613768458E-1
7.843576333E0,-7.496806383E-1,2.133773565E0,-9.726662040E-1
7.853603333E0,-6.669125557E-1,2.929759026E0,-1.048809171E0
7.863630333E0,-6.915096641E-1,3.427228212E0,-1.097697258E0
7.873658333E0,-5.660100579E-1,3.224771976E0,-1.002483368E0
7.883685333E0,-1.912009344E-2,2.470338583E0,-7.634963393E-1
7.893712333E0,9.467620850E-1,1.597428799E0,-5.310026407E-1
7.903739333E0,2.113931894E0,1.195050001E0,-4.933011532E-1
7.913767333E0,3.190400600E0,1.352175117E0,-7.250217199E-1
7.923794333E0,3.954294682E0,1.676935911E0,-1.104900002E0
7.933821333E0,4.329547882E0,1.841462851E0,-1.459437251E0
7.943848333E0,4.459769726E0,1.827317953E0,-1.724153519E0
7.953876333E0,4.426472664E0,1.681733012E0,-1.922767043E0
7.963903333E0,4.215564251E0,1.408980131E0,-2.034474850E0
7.973930333E0,3.828622103E0,1.147879839E0,-2.076447725E0
7.983957333E0,3.298826933E0,1.089972854E0,-2.093343735E0
7.993985333E0,2.741839170E0,1.204755425E0,-2.095592976E0
8.004012333E0,2.200482845E0,1.350888848E0,-2.121144772E0
8.014039333E0,1.767356634E0,1.542953610E0,-2.094165564E0
8.024066333E0,1.537449956E0,1.625512719E0,-1.989855409E0
8.034093333E0,1.540761828E0,1.603794456E0,-1.787951231E0
8.044121333E0,1.720906496E0,1.473477006E0,-1.539907575E0
8.054148333E0,2.000863314E0,1.297552586E0,-1.312575340E0
8.064175333E0,2.290108442E0,1.117674470E0,-1.148190856E0
8.074202333E0,2.512346506E0,9.473391771E-1,-1.071137905E0
8.084230333E0,2.591552258E0,7.819128036E-1,-1.088109493E0
8.094257333E0,2.498085499E0,6.510455608E-1,-1.142080545E0
8.104284333E0,2.262556076E0,5.911719799E-1,-1.170276403E0
8.114311333E0,1.906566620E0,5.652167797E-1,-1.145009398E0
8.124339333E0,1.474216461E0,5.005395412E-1,-1.012402296E0
8.134366333E0,1.039902806E0,3.451826870E-1,-6.978414059E-1
8.144393333E0,6.458712220E-1,1.223170012E-1,-1.631330401E-1
8.154420333E0,2.826973200E-1,-4.501765966E-2,5.423092842E-1
8.164448333E0,-9.338895231E-2,-9.723965824E-2,1.361554623E0
8.174475333E0,-5.001146197E-1,-2.766377479E-2,2.124286175E0
8.184502333E0,-1.002703667E0,2.275905162E-1,2.646844387E0
8.194529333E0,-1.604049087E0,5.126185417E-1,2.863028288E0
8.204557333E0,-2.236581564E0,4.759133756E-1,3.016496181E0
8.214584333E0,-2.797734499E0,-7.710614055E-2,3.440671206E0
8.224611333E0,-3.178947687E0,-1.100880146E0,4.098744392E0
8.234638333E0,-3.308479309E0,-2.108314276E0,4.512537479E0
8.244666333E0,-3.233440161E0,-2.602244854E0,4.238274097E0
8.254693333E0,-3.046170712E0,-2.411539078E0,3.247118473E0
8.264720333E0,-2.876295805E0,-1.713594437E0,1.931840181E0
8.274747333E0,-2.882744074E0,-1.202459812E0,7.895577550E-1
8.284775333E0,-3.019109249E0,-1.226591110E0,8.744044602E-2
8.294802333E0,-3.044052362E0,-1.627871990E0,-9.497170150E-2
8.304829333E0,-2.843142033E0,-1.986615062E0,1.803084277E-2
8.314856333E0,-2.545153618E0,-2.092414618E0,1.745506674E-1
8.324884333E0,-2.294503450E0,-2.035308361E0,1.891784072E-1
8.334911333E0,-2.133820057E0,-1.907886147E0,-2.689563204E-3
8.344938333E0,-2.029024839E0,-1.839341402E0,-2.655128539E-1
8.354965333E0,-1.906905413E0,-1.905945659E0,-4.386188686E-1
8.364993333E0,-1.715917349E0,-2.049559355E0,-4.579640329E-1
8.375020333E0,-1.432122111E0,-2.148891449E0,-3.415958881E-1
8.385047333E0,-1.091932535E0,-2.114247084E0,-1.438902169E-1
8.395074333E0,-7.516598105E-1,-1.895999908E0,7.875803858E-2
8.405101333E0,-5.181084275E-1,-1.533683181E0,2.513955534E-1
8.415129333E0,-4.497578740E-1,-1.141596079E0,3.378465474E-1
8.425156333E0,-5.053685904E-1,-7.658633590E-1,3.238954246E-1
8.435183333E0,-6.443040967E-1,-4.045490921E-1,1.791675240E-1
8.445210333E0,-8.067065477E-1,-1.051825359E-1,-8.404976875E-2
8.455238333E0,-9.250190854E-1,1.069161370E-1,-4.351521432E-1
8.465265333E0,-9.438536167E-1,1.865777075E-1,-7.730100155E-1
8.475292333E0,-8.266998529E-1,1.561716050E-1,-1.001461387E0
8.485319333E0,-5.732655525E-1,1.673869640E-1,-1.069685102E0
8.495347333E0,-2.083137333E-1,3.783596456E-1,-9.326717854E-1
8.505373958E0,1.559100598E-1,7.988803983E-1,-6.595648527E-1
8.515400958E0,3.629484773E-1,1.392210007E0,-3.988402784E-1
8.525427958E0,3.236252069E-1,1.970166206E0,-2.691556811E-1
8.535455958E0,1.085688025E-1,2.423294783E0,-3.322369158E-1
8.545482958E0,-1.516194046E-1,2.709655762E0,-6.021438837E-1
8.555509958E0,-2.279967368E-1,2.713091850E0,-9.213693142E-1
8.565536958E0,6.361715496E-2,2.299600124E0,-1.122330785E0
8.575564958E0,7.487396002E-1,1.734874010E0,-1.239540458E0
8.585591958E0,1.675614834E0,1.407282114E0,-1.238358617E0
8.595618958E0,2.716766357E0,1.523103595E0,-1.299788475E0
8.605645958E0,3.588278532E0,1.780348420E0,-1.441623330E0
8.615673958E0,3.975971222E0,1.768178344E0,-1.639356852E0
8.625700958E0,3.842020988E0,1.567239761E0,-1.822058797E0
8.635727958E0,3.294820070E0,1.369107604E0,-1.905739307E0
8.645754958E0,2.559647560E0,1.280251503E0,-1.905647397E0
8.655781958E0,1.833106399E0,1.401111841E0,-1.882891297E0
8.665809958E0,1.246668220E0,1.673853040E0,-1.860174060E0
8.675836958E0,8.566449881E-1,1.968392253E0,-1.832868457E0
8.685863958E0,6.602886319E-1,2.131991863E0,-1.754553556E0
8.695890958E0,6.628172994E-1,2.114320755E0,-1.618476868E0
8.705918958E0,8.577528596E-1,1.914338708E0,-1.435482740E0
8.715945958E0,1.213433743E0,1.639794707E0,-1.255317450E0
8.725972958E0,1.659513235E0,1.368602872E0,-1.126481652E0
8.735999958E0,2.119622707E0,1.149924278E0,-1.052058220E0
8.746027958E0,2.495707273E0,9.760391116E-1,-1.024153233E0
8.756054958E0,2.693014145E0,8.151618242E-1,-1.088816166E0
8.766081958E0,2.655677795E0,6.896684170E-1,-1.305533767E0
8.776108958E0,2.373135567E0,5.320436358E-1,-1.629292965E0
8.786136958E0,1.878361464E0,3.409650326E-1,-1.979995012E0
8.796163958E0,1.266778588E0,1.762780845E-1,-2.222587585E0
8.806190958E0,5.948468447E-1,2.436527610E-2,-2.287395477E0
8.816217958E0,-3.357771039E-2,-1.046651453E-1,-2.130298138E0
8.826245958E0,-5.608850718E-1,-2.336818427E-1,-1.702732563E0
8.836272958E0,-9.676754475E-1,-3.855457008E-1,-1.009019256E0
8.846299958E0,-1.252629161E0,-5.889773965E-1,-1.469734758E-1
8.856326958E0,-1.479144335E0,-8.035368323E-1,7.251875401E-1
8.866353958E0,-1.764968634E0,-9.075454473E-1,1.412708879E0
8.876381958E0,-2.175966263E0,-8.932797313E-1,1.814276338E0
8.886408958E0,-2.681348324E0,-7.463528514E-1,1.948968530E0
8.896435958E0,-3.167412519E0,-6.518402100E-1,2.042995691E0
8.906462958E0,-3.451400518E0,-8.475224972E-1,2.317707777E0
8.916490958E0,-3.439413786E0,-1.391578078E0,2.833859682E0
8.926517958E0,-3.177717924E0,-2.143527985E0,3.455838442E0
8.936544958E0,-2.726737976E0,-2.775601625E0,3.879474640E0
8.946571958E0,-2.206194878E0,-3.056241989E0,3.892192602E0
8.956599958E0,-1.758907914E0,-3.024936199E0,3.505996227E0
8.966626958E0,-1.505302787E0,-2.897284031E0,2.880175352E0
8.976653958E0,-1.469125271E0,-2.766882896E0,2.153966427E0
8.986680958E0,-1.548354626E0,-2.586954594E0,1.529184341E0
8.996708958E0,-1.631153703E0,-2.341609001E0,1.155851960E0
9.006735958E0,-1.682782054E0,-2.031902313E0,1.009959579E0
9.016762958E0,-1.703516126E0,-1.726170659E0,9.964256883E-1
9.026789958E0,-1.689633965E0,-1.517903090E0,1.028076649E0
9.036816958E0,-1.618978739E0,-1.478190899E0,1.038964510E0
9.046844958E0,-1.478925109E0,-1.551796556E0,1.011460781E0
9.056871958E0,-1.257498503E0,-1.633815527E0,9.594843388E-1
9.066898958E0,-9.838051796E-1,-1.672581553E0,8.803838491E-1
9.076925958E0,-7.166152596E-1,-1.660524130E0,7.419695258E-1
9.086953958E0,-4.926576912E-1,-1.598955274E0,5.302907228E-1
9.096980958E0,-3.377051353E-1,-1.494585991E0,2.842039466E-1
9.107007958E0,-2.378329784E-1,-1.342968464E0,6.998098642E-2
9.117034958E0,-1.680576354E-1,-1.156066179E0,-1.010059416E-1
9.127062958E0,-9.443467855E-2,-9.114605784E-1,-2.455976158E-1
9.137089958E0,2.343261149E-3,-6.000518203E-1,-3.574368060E-1
9.147116958E0,1.123908237E-1,-2.452849895E-1,-4.461549819E-1
9.157143958E0,2.319286764E-1,1.344096065E-1,-5.283912420E-1
9.167171958E0,3.539810479E-1,5.203630924E-1,-6.289082766E-1
9.177198958E0,4.909271896E-1,8.822038770E-1,-6.855587363E-1
9.187225958E0,6.303093433E-1,1.201334238E0,-6.322627664E-1
9.197252958E0,7.544768453E-1,1.509718657E0,-4.828831851E-1
9.207279958E0,8.240777254E-1,1.834792852E0,-3.222932220E-1
9.217307958E0,8.198142648E-1,2.194658756E0,-2.463891506E-1
9.227334958E0,7.545918226E-1,2.618337154E0,-3.388034701E-1
9.237361958E0,6.675653458E-1,2.916357279E0,-5.174368024E-1
9.247388958E0,6.752628088E-1,2.777755022E0,-6.448683143E-1
9.257416958E0,9.466636777E-1,2.118146658E0,-6.723630428E-1
9.267443958E0,1.548433900E0,1.463290334E0,-6.686295271E-1
9.277470958E0,2.385288000E0,1.168704033E0,-7.227427959E-1
9.287497958E0,3.234779358E0,1.232493877E0,-8.400998116E-1
9.297525958E0,3.914764166E0,1.616707563E0,-1.010207653E0
9.307552958E0,4.238643646E0,1.878088117E0,-1.197081566E0
9.317579958E0,4.074872494E0,1.776441097E0,-1.404775023E0
9.327606958E0,3.544929743E0,1.562562108E0,-1.662712574E0
9.337633958E0,2.799631357E0,1.451516271E0,-1.942775130E0
9.347661958E0,1.996811032E0,1.637394547E0,-2.144077778E0
9.357688958E0,1.274629951E0,1.971055865E0,-2.218203306E0
9.367715958E0,7.518553138E-1,2.304017544E0,-2.171524048E0
9.377742958E0,5.131670833E-1,2.522801638E0,-2.025127888E0
9.387770958E0,5.663248897E-1,2.561006308E0,-1.832108974E0
9.397797958E0,9.009255171E-1,2.421138048E0,-1.662670135E0
9.407824958E0,1.432846308E0,2.123611212E0,-1.542363644E0
9.417851958E0,2.071630239E0,1.768689990E0,-1.464658976E0
9.427879958E0,2.698747635E0,1.425381541E0,-1.411585093E0
9.437906958E0,3.165679693E0,1.127289891E0,-1.414706588E0
9.447933958E0,3.381700039E0,8.716573119E-1,-1.503416419E0
9.457960958E0,3.328514099E0,6.680858135E-1,-1.707057357E0
9.467988958E0,2.990770340E0,4.737837911E-1,-2.000612736E0
9.478015958E0,2.472707987E0,3.102537394E-1,-2.329141855E0
9.488042958E0,1.869860411E0,9.405897558E-2,-2.574283361E0
9.498069958E0,1.278726816E0,-1.876635253E-1,-2.644955873E0
9.508097958E0,7.391378880E-1,-4.504068792E-1,-2.455803871E0
9.518124958E0,2.556340992E-1,-6.325708032E-1,-2.021153688E0
9.528151958E0,-1.392531842E-1,-7.902825475E-1,-1.382844687E0
9.538178958E0,-4.263821542E-1,-9.125453830E-1,-5.659219027E-1
9.548205958E0,-6.452347040E-1,-9.299252629E-1,3.641980290E-1
9.558233958E0,-8.559865952E-1,-8.527910709E-1,1.294451594E0
9.568260958E0,-1.093180895E0,-7.429989576E-1,2.062026501E0
9.578287958E0,-1.368046284E0,-6.691383123E-1,2.567965031E0
9.588314958E0,-1.676359653E0,-8.103709817E-1,2.889495611E0
9.598342958E0,-1.982167482E0,-1.333020806E0,3.295853376E0
9.608369958E0,-2.181251049E0,-2.025284529E0,3.881944418E0
9.618396958E0,-2.249510527E0,-2.571337938E0,4.469259739E0
9.628423958E0,-2.232027531E0,-2.840835571E0,4.752196312E0
9.638451958E0,-2.203067064E0,-2.745830536E0,4.539393902E0
9.648478958E0,-2.258360147E0,-2.466121197E0,3.884596348E0
9.658505958E0,-2.379217148E0,-2.302217960E0,3.079114437E0
9.668532958E0,-2.413276196E0,-2.341511250E0,2.397837162E0
9.678559958E0,-2.315826416E0,-2.401386738E0,1.914858222E0
9.688587958E0,-2.163944244E0,-2.355619907E0,1.587978005E0
9.698614958E0,-2.051912546E0,-2.230002880E0,1.396477580E0
9.708641958E0,-2.038964510E0,-2.085390568E0,1.292495370E0
9.718668958E0,-2.100049019E0,-1.976579428E0,1.224437475E0
9.728696958E0,-2.170648098E0,-1.933413267E0,1.186144471E0
9.738723958E0,-2.187312126E0,-1.928624034E0,1.196512341E0
9.748750958E0,-2.116974592E0,-1.920950651E0,1.257802129E0
9.758777958E0,-1.976260662E0,-1.912561655E0,1.322221518E0
9.768805958E0,-1.794173598E0,-1.891231179E0,1.359653115E0
9.778832958E0,-1.622647643E0,-1.820324540E0,1.335514665E0
9.788859958E0,-1.490405798E0,-1.660342574E0,1.206568837E0
9.798886958E0,-1.413219929E0,-1.465835094E0,9.928622246E-1
9.808913958E0,-1.376902342E0,-1.302505851E0,7.186375260E-1
9.818941958E0,-1.357919097E0,-1.172356367E0,4.254871309E-1
9.828968958E0,-1.356851101E0,-1.081663609E0,1.216323599E-1
9.838995958E0,-1.370991945E0,-9.912652373E-1,-2.115866095E-1
9.849022958E0,-1.382358909E0,-8.346012831E-1,-5.401309133E-1
9.859050958E0,-1.361881852E0,-5.865065455E-1,-8.114106059E-1
9.869077958E0,-1.282641053E0,-1.745238900E-1,-9.862079620E-1
9.879104958E0,-1.112548113E0,3.638114631E-1,-9.682049751E-1
9.889131958E0,-8.539398313E-1,9.916629195E-1,-7.796511650E-1
9.899159958E0,-5.343445539E-1,1.665220499E0,-5.539101958E-1
9.909186958E0,-2.053063661E-1,2.258411884E0,-3.470295668E-1
9.919213958E0,6.407051533E-2,2.653883457E0,-2.181693166E-1
9.929240958E0,2.635660470E-1,2.791854143E0,-3.160505295E-1
9.939267958E0,5.161199570E-1,2.630850315E0,-5.849381685E-1
9.949295958E0,9.466311932E-1,2.209786415E0,-8.064882159E-1
9.959322958E0,1.508414507E0,1.807722688E0,-9.056321383E-1
9.969349958E0,2.096691847E0,1.697616100E0,-1.046131372E0
9.979376958E0,2.637336254E0,1.960092664E0,-1.350523472E0
9.989404958E0,2.999255180E0,2.393663645E0,-1.746331453E0
9.999431958E0,3.059237003E0,2.631639481E0,-2.123687029E0
1.000945896E1,2.856508493E0,2.629803181E0,-2.347285271E0
1.001948596E1,2.572623730E0,2.540070772E0,-2.416980505E0
1.002951296E1,2.332757950E0,2.564725399E0,-2.437535763E0
1.003954096E1,2.183225393E0,2.704319477E0,-2.445243835E0
1.004956796E1,2.143926859E0,2.846421003E0,-2.423654079E0
1.005959496E1,2.224472284E0,2.873399258E0,-2.342548132E0
1.006962196E1,2.383601427E0,2.720915794E0,-2.185374975E0
1.007964996E1,2.595962286E0,2.410901308E0,-1.943771839E0
1.008967696E1,2.813057661E0,2.028706551E0,-1.668349266E0
1.009970396E1,2.979393482E0,1.691206455E0,-1.427267194E0
1.010973096E1,3.058784008E0,1.470579982E0,-1.282504916E0
1.011975896E1,3.016238213E0,1.354666710E0,-1.228395581E0
1.012978596E1,2.838330746E0,1.295363545E0,-1.206472397E0
1.013981296E1,2.526166439E0,1.241413713E0,-1.184186459E0
1.014983996E1,2.147137403E0,1.110439777E0,-1.143877268E0
1.015986696E1,1.758644938E0,9.114305377E-1,-1.101703286E0
1.016989496E1,1.383678079E0,7.306229472E-1,-1.062102675E0
1.017992196E1,1.013011336E0,5.761992931E-1,-1.017730951E0
1.018994896E1,6.667779088E-1,4.600189030E-1,-9.284738302E-1
1.019997596E1,3.840027153E-1,3.345363438E-1,-7.220804691E-1
1.021000396E1,2.071509659E-1,1.994338930E-1,-3.676717281E-1
1.022003096E1,1.668762416E-1,9.783349186E-2,1.671626419E-1
1.023005796E1,2.118796706E-1,4.852901027E-2,8.534254432E-1
1.024008496E1,2.536063790E-1,5.179564655E-2,1.533313751E0
1.025011196E1,1.859242618E-1,6.649640948E-2,2.068952799E0
1.026013996E1,-8.032819629E-2,6.823891401E-2,2.477607965E0
1.027016696E1,-5.480661392E-1,9.409812093E-2,2.817013979E0
1.028019396E1,-1.149335742E0,2.068555504E-1,3.017281055E0
1.029022096E1,-1.737685561E0,2.222822607E-1,3.150876045E0
1.030024896E1,-2.120977402E0,-1.535819024E-1,3.645723343E0
1.031027596E1,-2.205314636E0,-8.215967417E-1,4.570434570E0
1.032030296E1,-2.141681433E0,-1.468033910E0,5.381171227E0
1.033032996E1,-2.137919426E0,-1.941872358E0,5.511013508E0
1.034035796E1,-2.322481632E0,-2.192786455E0,4.791797638E0
1.035038496E1,-2.667964458E0,-2.168536425E0,3.572851181E0
1.036041196E1,-3.112673521E0,-2.021955013E0,2.337945700E0
1.037043896E1,-3.560395002E0,-1.831842065E0,1.286192775E0
1.038046596E1,-3.882889986E0,-1.465721011E0,5.051006675E-1
1.039049396E1,-4.063126087E0,-9.971429110E-1,-1.066896832E-3
1.040052096E1,-4.171690941E0,-5.653909445E-1,-3.836768568E-1
1.041054796E1,-4.301744461E0,-3.603542745E-1,-7.740004063E-1
1.042057496E1,-4.440046310E0,-4.857292473E-1,-1.131110072E0
1.043060296E1,-4.465049744E0,-9.449772835E-1,-1.376121879E0
1.044062996E1,-4.262210369E0,-1.559095740E0,-1.473239064E0
1.045065696E1,-3.808415174E0,-2.076203585E0,-1.424813271E0
1.046068396E1,-3.170458317E0,-2.316376448E0,-1.257994533E0
1.047071096E1,-2.415270329E0,-2.201083899E0,-1.068160176E0
1.048073896E1,-1.686108470E0,-1.875993848E0,-9.330066442E-1
1.049076596E1,-1.124659300E0,-1.534194946E0,-8.514218926E-1
1.050079296E1,-7.792621851E-1,-1.273445368E0,-7.886453271E-1
1.051082037E1,-6.030696034E-1,-1.032453537E0,-7.484084964E-1
1.052084838E1,-5.250746608E-1,-7.947685719E-1,-7.276646495E-1
1.053087537E1,-4.634156525E-1,-5.576327443E-1,-7.194676995E-1
1.054090237E1,-3.503175974E-1,-3.447681367E-1,-7.192943692E-1
1.055092937E1,-1.576074362E-1,-1.682746261E-1,-7.068870068E-1
1.056095737E1,1.007263809E-1,1.542569418E-2,-6.429820657E-1
1.057098437E1,3.861921132E-1,2.538735569E-1,-5.478236079E-1
1.058101137E1,6.714270115E-1,5.638415217E-1,-3.987885714E-1
1.059103838E1,9.204191566E-1,9.598572254E-1,-2.134990245E-1
1.060106537E1,1.090618372E0,1.333711743E0,-8.396953344E-2
1.061109338E1,1.177049279E0,1.612193108E0,-6.925349683E-2
1.062112037E1,1.143228531E0,1.879445791E0,-1.326031685E-1
1.063114737E1,9.940584898E-1,2.211671352E0,-2.393955141E-1
1.064117437E1,7.307360172E-1,2.594613314E0,-2.666252851E-1
1.065120237E1,4.854225218E-1,2.768389702E0,-7.494906336E-2
1.066122937E1,5.520499945E-1,2.618280888E0,3.859120309E-1
1.067125638E1,9.482185841E-1,2.355990887E0,1.033336878E0
1.068128338E1,1.503202200E0,2.164854288E0,1.552642465E0
1.069131037E1,2.058591127E0,1.872984290E0,1.709923506E0
1.070133838E1,2.480009079E0,1.350674748E0,1.623863101E0
1.071136537E1,2.662719727E0,7.642348409E-1,1.416222453E0
1.072139237E1,2.502764940E0,3.410265744E-1,1.037548900E0
1.073141937E1,2.138507605E0,3.599005938E-1,6.428383589E-1
1.074144737E1,1.710803509E0,8.218587041E-1,3.311670423E-1
1.075147437E1,1.251817465E0,1.553820014E0,5.214187130E-2
1.076150138E1,7.919129133E-1,2.271587849E0,-2.101629823E-1
1.077152838E1,4.171196222E-1,2.758775711E0,-4.171095192E-1
1.078155537E1,1.900025904E-1,2.822457075E0,-5.515881777E-1
1.079158338E1,1.881041676E-1,2.506338358E0,-6.284419298E-1
1.080161037E1,4.435710907E-1,2.061089993E0,-6.687877774E-1
1.081163737E1,9.133520722E-1,1.630648255E0,-7.018758059E-1
1.082166437E1,1.545011401E0,1.300325990E0,-7.429018021E-1
1.083169237E1,2.260416269E0,1.081567287E0,-7.830174565E-1
1.084171937E1,2.960504532E0,9.882476926E-1,-7.600985765E-1
1.085174638E1,3.507580996E0,9.198239446E-1,-6.937091947E-1
1.086177337E1,3.797961712E0,8.436799049E-1,-6.488040686E-1
1.087180037E1,3.787186861E0,7.394958138E-1,-6.275771856E-1
1.088182838E1,3.521759510E0,6.178740263E-1,-6.352643967E-1
1.089185537E1,3.055765152E0,4.341212213E-1,-6.160988808E-1
1.090188237E1,2.473647356E0,2.401184291E-1,-4.903135598E-1
1.091190937E1,1.847046971E0,4.760468006E-2,-1.883584410E-1
1.092193737E1,1.220746636E0,-9.927291423E-2,2.621778250E-1
1.093196437E1,6.042775512E-1,-1.744218469E-1,7.547141910E-1
1.094199138E1,-2.117007598E-2,-1.361130774E-1,1.197198153E0
1.095201837E1,-6.320671439E-1,-1.742304489E-2,1.572475553E0
1.096204537E1,-1.216104984E0,1.171848327E-1,1.904017568E0
1.097207338E1,-1.798250079E0,2.050284147E-1,2.310384989E0
1.098210037E1,-2.376631260E0,1.780958772E-1,2.891906023E0
1.099212737E1,-2.948683500E0,-1.515320987E-1,3.857821703E0
1.100215438E1,-3.533236980E0,-8.521567583E-1,5.191737652E0
1.101218237E1,-4.121268749E0,-1.801924467E0,6.361737728E0
1.102220937E1,-4.683619499E0,-2.674829960E0,6.782143116E0
1.103223638E1,-5.278972149E0,-3.117334366E0,6.387279034E0
1.104226337E1,-5.918697357E0,-2.982437849E0,5.501696110E0
1.105229037E1,-6.447612762E0,-2.449326277E0,4.419839859E0
1.106231837E1,-6.696211338E0,-1.764698029E0,3.343961000E0
1.107234537E1,-6.596880913E0,-9.409393072E-1,2.402733326E0
1.108237237E1,-6.191144943E0,-3.502666950E-1,1.638684869E0
1.109239938E1,-5.576848984E0,-1.191270500E-1,1.197290063E0
1.110242737E1,-4.875427723E0,-2.142064124E-1,9.584144354E-1
1.111245438E1,-4.215087414E0,-4.569354653E-1,7.757982612E-1
1.112248138E1,-3.666061401E0,-6.752773523E-1,5.768343210E-1
1.113250837E1,-3.235764980E0,-8.436037898E-1,3.665237427E-1
1.114253537E1,-2.890700817E0,-9.717460275E-1,1.839161217E-1
1.115256337E1,-2.571101189E0,-1.069970012E0,8.768587373E-3
1.116259037E1,-2.236698389E0,-1.114936352E0,-1.737990975E-1
1.117261737E1,-1.873077631E0,-1.136765480E0,-3.921549022E-1
1.118264438E1,-1.468104005E0,-1.134875059E0,-6.942625642E-1
1.119267237E1,-1.032120824E0,-1.070570827E0,-1.058693647E0
1.120269938E1,-5.670314431E-1,-9.686614275E-1,-1.398471713E0
1.121272638E1,-9.405935556E-2,-8.408005834E-1,-1.670798302E0
1.122275337E1,3.692779243E-1,-6.941016912E-1,-1.853655696E0
1.123278037E1,7.960458994E-1,-5.394129157E-1,-1.952880740E0
1.124280837E1,1.172289610E0,-3.774892688E-1,-2.015419006E0
1.125283537E1,1.503252268E0,-1.768896729E-1,-2.058925390E0
1.126286237E1,1.766819000E0,9.627048671E-2,-2.056282759E0
1.127288938E1,1.935457945E0,4.295710325E-1,-1.968119383E0
1.128291737E1,1.999322653E0,7.290070653E-1,-1.793985724E0
1.129294438E1,2.014376163E0,9.896050692E-1,-1.609616876E0
1.130297138E1,2.034426212E0,1.223854542E0,-1.524490833E0
1.131299837E1,2.091841459E0,1.452462673E0,-1.527812362E0
1.132302537E1,2.206565142E0,1.730422854E0,-1.597263336E0
1.133305337E1,2.345546007E0,2.029709578E0,-1.643736601E0
1.134308037E1,2.511065722E0,2.184000492E0,-1.544243217E0
1.135310737E1,2.754905701E0,2.147709370E0,-1.295730233E0
1.136313438E1,3.206011772E0,2.096873760E0,-9.451974630E-1
1.137316237E1,3.853294849E0,2.219914436E0,-6.586421728E-1
1.138318938E1,4.512386799E0,2.347209930E0,-7.204394937E-1
1.139321637E1,4.929958820E0,2.321228266E0,-1.228194714E0
1.140324337E1,4.974857807E0,2.158521414E0,-1.900288463E0
1.141327037E1,4.748407364E0,2.110262632E0,-2.362589359E0
1.142329837E1,4.408828735E0,2.267760992E0,-2.523372650E0
1.143332537E1,4.018821239E0,2.599596500E0,-2.504075050E0
1.144335237E1,3.576269865E0,2.993068218E0,-2.439630032E0
1.145337938E1,3.110540390E0,3.340411186E0,-2.398574591E0
1.146340737E1,2.694705725E0,3.535538673E0,-2.361299515E0
1.147343438E1,2.388129473E0,3.511846542E0,-2.290558338E0
1.148346137E1,2.236170053E0,3.277485847E0,-2.155364275E0
1.149348837E1,2.250442743E0,2.877640009E0,-1.989337325E0
1.150351537E1,2.386724949E0,2.385753632E0,-1.818574905E0
1.151354346E1,2.580978632E0,1.890474677E0,-1.632804513E0
1.152357046E1,2.756683111E0,1.470145583E0,-1.433189750E0
1.153359746E1,2.828267336E0,1.166288018E0,-1.251175880E0
1.154362446E1,2.747581959E0,9.459415674E-1,-1.091948390E0
1.155365246E1,2.521265268E0,8.315196633E-1,-9.266853929E-1
1.156367946E1,2.161900997E0,7.837185860E-1,-7.757810354E-1
1.157370646E1,1.699552417E0,7.504699826E-1,-6.238887310E-1
1.158373346E1,1.172631621E0,6.585597992E-1,-4.433653057E-1
1.159376046E1,6.372792721E-1,4.855068326E-1,-1.996237636E-1
1.160378846E1,1.574964523E-1,2.472537756E-1,1.575846970E-1
1.161381546E1,-2.524904311E-1,-3.299907222E-2,6.580767035E-1
1.162384246E1,-6.158318520E-1,-2.617994845E-1,1.290414691E0
1.163386946E1,-9.613326192E-1,-3.535821140E-1,1.955465436E0
1.164389746E1,-1.336277008E0,-2.362288684E-1,2.586515188E0
1.165392446E1,-1.779682279E0,1.546772122E-1,3.062982321E0
1.166395146E1,-2.293300629E0,7.578163147E-1,3.332747221E0
1.167397846E1,-2.801907063E0,1.282522559E0,3.393838644E0
1.168400546E1,-3.281072140E0,1.282371283E0,3.354101896E0
1.169403346E1,-3.742179632E0,5.293852687E-1,3.382798910E0
1.170406046E1,-4.053959370E0,-8.863029480E-1,3.433947325E0
1.171408746E1,-4.074595451E0,-2.498547792E0,3.234416962E0
1.172411446E1,-3.796548367E0,-3.611953259E0,2.750415564E0
1.173414146E1,-3.332435608E0,-3.943507910E0,2.245737314E0
1.174416946E1,-2.797578335E0,-3.456290007E0,1.933379650E0
1.175419646E1,-2.295654297E0,-2.581212759E0,1.801975369E0
1.176422346E1,-1.904823184E0,-1.854791403E0,1.725125551E0
1.177425046E1,-1.642586470E0,-1.474863887E0,1.668859720E0
1.178427846E1,-1.506750345E0,-1.376861453E0,1.520553350E0
1.179430546E1,-1.488164067E0,-1.468518972E0,1.147329807E0
1.180433246E1,-1.624274969E0,-1.636058092E0,6.426985264E-1
1.181435946E1,-1.933543921E0,-1.771139741E0,1.952441186E-1
1.182438646E1,-2.365185976E0,-1.809327602E0,-9.349101037E-2
1.183441446E1,-2.790498495E0,-1.774450302E0,-2.124751508E-1
1.184444146E1,-3.124740601E0,-1.694900036E0,-2.518015206E-1
1.185446846E1,-3.305569410E0,-1.562616944E0,-2.887686789E-1
1.186449546E1,-3.318081617E0,-1.402947426E0,-3.560196161E-1
1.187452346E1,-3.166314840E0,-1.290158868E0,-4.359047115E-1
1.188455046E1,-2.838920355E0,-1.215348005E0,-5.058880448E-1
1.189457746E1,-2.359403610E0,-1.132020116E0,-5.639657378E-1
1.190460446E1,-1.787381053E0,-1.028504610E0,-6.219187975E-1
1.191463146E1,-1.175377607E0,-8.750492930E-1,-7.018114328E-1
1.192465946E1,-6.090167165E-1,-6.584230065E-1,-8.182603121E-1
1.193468646E1,-1.691160202E-1,-3.926138282E-1,-9.501214623E-1
1.194471346E1,1.172813848E-1,-1.230068430E-1,-1.086286783E0
1.195474046E1,2.697733045E-1,1.839124858E-1,-1.202245593E0
1.196476846E1,3.139396906E-1,5.828548074E-1,-1.186787844E0
1.197479546E1,3.046305180E-1,1.106680393E0,-9.340201616E-1
1.198482246E1,3.165758550E-1,1.847647786E0,-5.044581294E-1
1.199484946E1,4.270459116E-1,2.744384766E0,-1.028679758E-1
1.200487646E1,6.149483919E-1,3.613103628E0,1.075949818E-1
1.201490446E1,7.254818082E-1,4.214135647E0,1.361712664E-1
1.202493146E1,7.446358204E-1,4.283830643E0,3.770381212E-2
1.203495846E1,8.750633597E-1,3.724446535E0,-2.685017325E-2
1.204498546E1,1.276360989E0,2.801603317E0,-1.045992970E-1
1.205501246E1,2.016119957E0,2.060308456E0,-3.901186287E-1
1.206504046E1,3.085226774E0,1.817264438E0,-8.017783761E-1
1.207506746E1,4.286783218E0,1.949424744E0,-1.203791022E0
1.208509446E1,5.238127232E0,2.130892277E0,-1.520512223E0
1.209512146E1,5.675727367E0,1.938780069E0,-1.671636224E0
1.210514846E1,5.701405525E0,1.420322537E0,-1.669768095E0
1.211517646E1,5.511283398E0,8.742329478E-1,-1.586891055E0
1.212520346E1,5.151881218E0,4.935593903E-1,-1.540168762E0
1.213523046E1,4.616628170E0,3.821780384E-1,-1.628461242E0
1.214525746E1,3.916225195E0,5.325906873E-1,-1.857298136E0
1.215528546E1,3.130897760E0,8.237431049E-1,-2.131359816E0
1.216531246E1,2.377883911E0,1.105514288E0,-2.311105251E0
1.217533946E1,1.746237397E0,1.265548229E0,-2.322931051E0
1.218536646E1,1.322931767E0,1.269450545E0,-2.186098099E0
1.219539346E1,1.112942457E0,1.159108281E0,-1.988064885E0
1.220542146E1,1.083572865E0,9.793676138E-1,-1.757392049E0
1.221544846E1,1.159990430E0,7.755105495E-1,-1.530635715E0
1.222547546E1,1.275373578E0,5.786544681E-1,-1.357937694E0
1.223550246E1,1.376150250E0,4.174044728E-1,-1.253607750E0
1.224553046E1,1.417515039E0,3.092332482E-1,-1.199732184E0
1.225555746E1,1.387391329E0,2.720152438E-1,-1.148150086E0
1.226558446E1,1.264260292E0,3.087958992E-1,-1.074062228E0
1.227561146E1,1.061483860E0,4.075754881E-1,-9.905480742E-1
1.228563846E1,8.364817500E-1,5.014939904E-1,-8.059920669E-1
1.229566646E1,6.352318525E-1,5.038502812E-1,-3.775082529E-1
1.230569346E1,4.798654318E-1,4.014312625E-1,3.849758208E-1
1.231572046E1,3.776325285E-1,2.924876213E-1,1.347690344E0
1.232574746E1,3.448610008E-1,3.687288463E-1,2.312253475E0
1.233577546E1,3.285011947E-1,6.749708056E-1,3.092163324E0
1.234580246E1,2.231510729E-1,1.128224850E0,3.561803818E0
1.235582946E1,-1.117162630E-1,1.651620150E0,3.738487005E0
1.236585646E1,-6.799243093E-1,2.034338951E0,3.801930904E0
1.237588346E1,-1.402622700E0,1.978237152E0,4.138841152E0
1.238591146E1,-2.175134659E0,1.379087448E0,5.026610851E0
1.239593846E1,-2.640069962E0,2.564363182E-1,6.121335506E0
1.240596546E1,-2.527091980E0,-1.110377789E0,6.562256813E0
1.241599246E1,-1.906525373E0,-2.120225668E0,5.728966713E0
1.242601946E1,-1.092846274E0,-2.525187731E0,3.911013603E0
1.243604746E1,-5.047899485E-1,-2.584988356E0,2.127234459E0
1.244607446E1,-5.517859459E-1,-2.372983217E0,9.934099913E-1
1.245610146E1,-1.339950681E0,-1.994454622E0,5.686954260E-1
1.246612846E1,-2.587646008E0,-1.412864685E0,5.494567752E-1
1.247615646E1,-3.972042084E0,-7.927808762E-1,4.978241324E-1
1.248618346E1,-5.248802662E0,-3.115178645E-1,2.199925184E-1
1.249621046E1,-6.279018879E0,-4.112230986E-2,-1.262899339E-1
1.250623783E1,-6.989544868E0,-2.162158117E-2,-3.624004424E-1
1.251626483E1,-7.326665878E0,-2.201313525E-1,-4.834551215E-1
1.252629283E1,-7.252470970E0,-5.617978573E-1,-5.517132878E-1
1.253631983E1,-6.754111290E0,-9.662446380E-1,-5.970793962E-1
1.254634683E1,-5.886042118E0,-1.324883342E0,-5.471635461E-1
1.255637383E1,-4.712900639E0,-1.518975258E0,-4.325076640E-1
1.256640083E1,-3.365471601E0,-1.553240061E0,-3.377902210E-1
1.257642883E1,-1.999264359E0,-1.413503766E0,-2.524297535E-1
1.258645583E1,-7.942888737E-1,-1.207398057E0,-2.143337727E-1
1.259648283E1,1.145801172E-1,-1.006813169E0,-2.855884135E-1
1.260650983E1,7.045720220E-1,-8.421065211E-1,-4.821592569E-1
1.261653783E1,1.023622513E0,-6.664407253E-1,-7.683956623E-1
1.262656483E1,1.114793658E0,-4.565104246E-1,-1.069872737E0
1.263659183E1,1.020608425E0,-2.260270715E-1,-1.320026994E0
1.264661883E1,8.125748038E-1,4.811099917E-2,-1.459927320E0
1.265664583E1,5.668637156E-1,4.005288184E-1,-1.454033136E0
1.266667383E1,3.053074777E-1,8.339441419E-1,-1.332220078E0
1.267670083E1,6.136377901E-2,1.275945544E0,-1.189829707E0
1.268672783E1,-1.482136846E-1,1.718050838E0,-1.105873585E0
1.269675483E1,-2.597459555E-1,2.158169031E0,-1.136981249E0
1.270678183E1,-2.253514826E-1,2.489939690E0,-1.230726719E0
1.271680983E1,6.141143851E-3,2.631895065E0,-1.309890389E0
1.272683683E1,4.584396183E-1,2.513592243E0,-1.248434305E0
1.273686383E1,1.132670522E0,2.166485548E0,-1.080985665E0
1.274689083E1,2.027463675E0,1.791186094E0,-9.808464646E-1
1.275691783E1,3.065056801E0,1.525968194E0,-1.083178163E0
1.276694583E1,4.012908459E0,1.328611970E0,-1.357052922E0
1.277697283E1,4.564612865E0,1.157235146E0,-1.743633270E0
1.278699983E1,4.624336243E0,9.862849712E-1,-2.073596954E0
1.279702683E1,4.294243336E0,8.521209955E-1,-2.190731287E0
1.280705483E1,3.707805872E0,7.766630054E-1,-2.090802908E0
1.281708183E1,2.984111071E0,8.354767561E-1,-1.937346697E0
1.282710883E1,2.199556828E0,1.074985385E0,-1.866228580E0
1.283713583E1,1.439421296E0,1.434407353E0,-1.887821078E0
1.284716283E1,8.185201883E-1,1.777977705E0,-1.924378514E0
1.285719083E1,4.355942309E-1,1.962028384E0,-1.887227297E0
1.286721783E1,3.493948877E-1,1.961167336E0,-1.737035990E0
1.287724483E1,5.889915228E-1,1.835630894E0,-1.473112941E0
1.288727183E1,1.102105141E0,1.642300010E0,-1.152039647E0
1.289729883E1,1.765041113E0,1.455476880E0,-8.658131957E-1
1.290732683E1,2.417305470E0,1.300924420E0,-6.225965619E-1
1.291735383E1,2.924261808E0,1.153600693E0,-4.174749851E-1
1.292738083E1,3.215906382E0,9.846055508E-1,-2.676508725E-1
1.293740783E1,3.284685135E0,8.263818026E-1,-2.042656839E-1
1.294743583E1,3.150500298E0,6.810160875E-1,-2.233317792E-1
1.295746283E1,2.857511997E0,5.180513263E-1,-3.009489179E-1
1.296748983E1,2.459915876E0,3.397667706E-1,-3.822181821E-1
1.297751683E1,2.008153677E0,1.516766250E-1,-3.446338773E-1
1.298754383E1,1.578600645E0,-9.228782356E-2,-8.407633007E-2
1.299757183E1,1.217186809E0,-3.668832481E-1,4.308551550E-1
1.300759883E1,8.876827359E-1,-6.179695725E-1,1.160403609E0
1.301762583E1,4.993467331E-1,-7.101977468E-1,1.966577291E0
1.302765283E1,1.772735454E-2,-6.057128906E-1,2.691360950E0
1.303767983E1,-5.329660177E-1,-3.837052882E-1,3.260622740E0
1.304770783E1,-1.137577653E0,-8.685630560E-2,3.603496790E0
1.305773483E1,-1.732452393E0,2.100073695E-1,3.773968935E0
1.306776183E1,-2.258856058E0,2.709026933E-1,3.918189764E0
1.307778883E1,-2.703643322E0,-9.868526459E-2,4.083955288E0
1.308781683E1,-3.052444935E0,-1.060933590E0,4.459627151E0
1.309784383E1,-3.206501722E0,-2.306846380E0,4.754268646E0
1.310787083E1,-3.120297194E0,-3.402039528E0,4.616779327E0
1.311789783E1,-2.879660368E0,-4.026382446E0,4.166615486E0
1.312792483E1,-2.617825508E0,-4.023605347E0,3.593904018E0
1.313795283E1,-2.486701250E0,-3.485177040E0,3.010854006E0
1.314797983E1,-2.557415485E0,-2.576462984E0,2.438433647E0
1.315800683E1,-2.797823191E0,-1.603184462E0,1.940025568E0
1.316803383E1,-3.146868229E0,-8.744562268E-1,1.523657084E0
1.317806083E1,-3.492044210E0,-5.080878139E-1,1.151335478E0
1.318808883E1,-3.710441351E0,-4.214115441E-1,8.632000685E-1
1.319811583E1,-3.771402359E0,-5.002800822E-1,6.700075865E-1
1.320814283E1,-3.704034805E0,-6.235258579E-1,4.884734452E-1
1.321816983E1,-3.549525023E0,-7.048132420E-1,2.745139301E-1
1.322819683E1,-3.345850706E0,-7.286253572E-1,8.038519323E-2
1.323822483E1,-3.115399361E0,-7.421363592E-1,-5.387125164E-2
1.324825183E1,-2.850081444E0,-7.772607803E-1,-1.044207066E-1
1.325827883E1,-2.532756329E0,-8.418027759E-1,-7.114198059E-2
1.326830583E1,-2.159339428E0,-9.215370417E-1,-1.505261101E-2
1.327833383E1,-1.734798193E0,-9.956562519E-1,8.868366131E-4
1.328836083E1,-1.270585775E0,-9.954059124E-1,-4.533099383E-2
1.329838783E1,-7.941386700E-1,-8.796350956E-1,-1.512003243E-1
1.330841483E1,-3.534520566E-1,-6.802386642E-1,-2.852119207E-1
1.331844183E1,1.261006482E-2,-4.310350716E-1,-4.302932918E-1
1.332846983E1,2.934918106E-1,-2.041950077E-1,-5.799546838E-1
1.333849683E1,5.098195672E-1,-2.439022437E-2,-7.070312500E-1
1.334852383E1,6.877917051E-1,1.247627810E-1,-7.321235538E-1
1.335855083E1,8.516840935E-1,2.763980329E-1,-5.831407309E-1
1.336857783E1,9.960790873E-1,4.821756780E-1,-3.193878829E-1
1.337860583E1,1.128302097E0,7.979956269E-1,-3.596624359E-2
1.338863283E1,1.237267733E0,1.352398634E0,1.740349233E-1
1.339865983E1,1.266113520E0,2.122564554E0,2.055949122E-1
1.340868683E1,1.150008321E0,2.850596666E0,4.413491488E-2
1.341871383E1,9.273748994E-1,3.237550020E0,-2.389585972E-1
1.342874183E1,8.219083548E-1,2.998067856E0,-5.448759198E-1
1.343876883E1,1.074357390E0,2.201249838E0,-8.443617821E-1
1.344879583E1,1.719731331E0,1.252801776E0,-1.244070053E0
1.345882283E1,2.676497936E0,7.661516666E-1,-1.802669525E0
1.346884983E1,3.689604521E0,9.091665745E-1,-2.322365046E0
1.347887783E1,4.383278847E0,1.331593156E0,-2.598714113E0
1.348890483E1,4.561477184E0,1.605197787E0,-2.702548981E0
1.349893183E1,4.206558228E0,1.604829192E0,-2.700395823E0
1.350895833E1,3.463936806E0,1.509086490E0,-2.633638859E0
1.351898633E1,2.545465231E0,1.516315699E0,-2.634005785E0
1.352901333E1,1.611763239E0,1.704791069E0,-2.718692780E0
1.353904033E1,8.371476531E-1,2.002570152E0,-2.780163527E0
1.354906733E1,3.254915774E-1,2.274737358E0,-2.721969843E0
1.355909433E1,1.064485610E-1,2.428231239E0,-2.542067528E0
1.356912133E1,1.690059602E-1,2.448496342E0,-2.285789013E0
1.357914933E1,4.950795174E-1,2.326744080E0,-1.984785318E0
1.358917633E1,1.037248731E0,2.033441782E0,-1.698571682E0
1.359920333E1,1.698490858E0,1.663542628E0,-1.464954495E0
1.360923033E1,2.340845108E0,1.359536052E0,-1.297500253E0
1.361925833E1,2.814891577E0,1.170954704E0,-1.199572086E0
1.362928533E1,3.037057638E0,1.063388824E0,-1.117406368E0
1.363931233E1,3.012520075E0,9.789415002E-1,-1.050862670E0
1.364933933E1,2.768551350E0,8.934510946E-1,-1.011511803E0
1.365936633E1,2.330224514E0,7.874104977E-1,-1.011902332E0
1.366939433E1,1.775743604E0,6.314488649E-1,-9.853196740E-1
1.367942133E1,1.197038412E0,3.940832615E-1,-8.190523982E-1
1.368944833E1,6.931016445E-1,1.094778925E-1,-4.763613343E-1
1.369947533E1,3.036594987E-1,-1.681537330E-1,3.008300252E-2
1.370950233E1,2.045254596E-2,-3.516005278E-1,6.365242004E-1
1.371953033E1,-2.228736877E-1,-3.932746649E-1,1.249542952E0
1.372955733E1,-5.104431510E-1,-3.507722020E-1,1.797074199E0
1.373958433E1,-8.784248829E-1,-1.836232990E-1,2.198004007E0
1.374961133E1,-1.338369012E0,3.440010920E-2,2.425327778E0
1.375963833E1,-1.886172414E0,5.889329314E-2,2.625667334E0
1.376966633E1,-2.476392031E0,-4.127964973E-1,2.908329964E0
1.377969333E1,-3.036905050E0,-1.291710615E0,3.289719582E0
1.378972033E1,-3.339855671E0,-2.113813162E0,3.547123909E0
1.379974733E1,-3.353492022E0,-2.418795586E0,3.387671471E0
1.380977533E1,-3.154024601E0,-2.114047050E0,2.840483904E0
1.381980233E1,-2.768500328E0,-1.433304310E0,2.142968893E0
1.382982933E1,-2.324276209E0,-1.059272885E0,1.479729295E0
1.383985633E1,-1.868596435E0,-1.268893123E0,8.706938028E-1
1.384988333E1,-1.335472345E0,-1.755618930E0,3.572970331E-1
1.385991133E1,-7.054668069E-1,-2.206577301E0,2.751371078E-2
1.386993833E1,-1.695988774E-1,-2.393265963E0,-1.025409624E-1
1.387996533E1,2.883444540E-2,-2.422317743E0,-9.083593637E-2
1.388999233E1,-1.657283753E-1,-2.359922647E0,-3.082346916E-2
1.390001933E1,-6.617987156E-1,-2.235203028E0,3.249014169E-2
1.391004733E1,-1.292608619E0,-2.070837975E0,1.057579592E-1
1.392007433E1,-1.879039168E0,-1.901944876E0,1.817932427E-1
1.393010133E1,-2.279818296E0,-1.738026977E0,2.559697032E-1
1.394012833E1,-2.467606783E0,-1.603564978E0,3.089593649E-1
1.395015533E1,-2.475526333E0,-1.479897976E0,3.073556125E-1
1.396018333E1,-2.345874310E0,-1.308296442E0,2.275222391E-1
1.397021033E1,-2.146274567E0,-1.104589939E0,9.200889617E-2
1.398023733E1,-1.934820533E0,-9.208442569E-1,-6.554859132E-2
1.399026433E1,-1.723214388E0,-7.522640228E-1,-2.164827138E-1
1.400029133E1,-1.510181546E0,-5.921890140E-1,-3.552809060E-1
1.401031933E1,-1.284862995E0,-4.556996822E-1,-5.009185672E-1
1.402034633E1,-1.069547057E0,-3.287467659E-1,-6.794860959E-1
1.403037333E1,-8.820186853E-1,-1.917431206E-1,-8.742281199E-1
1.404040033E1,-7.342383265E-1,-6.226228550E-3,-1.032710552E0
1.405042733E1,-6.061146855E-1,2.675406039E-1,-1.119607568E0
1.406045533E1,-4.657293558E-1,6.258804202E-1,-1.058711290E0
1.407048233E1,-3.173550665E-1,1.074532032E0,-8.744176626E-1
1.408050933E1,-1.956260949E-1,1.608600616E0,-7.262457609E-1
1.409053633E1,-1.469328552E-1,2.131772757E0,-6.826143861E-1
1.410056333E1,-1.943355203E-1,2.588247776E0,-7.264329791E-1
1.411059133E1,-3.673070371E-1,2.937769651E0,-8.309490085E-1
1.412061833E1,-5.191112161E-1,3.018116474E0,-8.931503296E-1
1.413064533E1,-3.876153529E-1,2.757293701E0,-9.431270957E-1
1.414067233E1,1.728089154E-1,2.291877747E0,-1.120927453E0
1.415070033E1,1.166318178E0,1.930875659E0,-1.377026081E0
1.416072733E1,2.470879316E0,1.854617834E0,-1.614912510E0
1.417075433E1,3.816718817E0,1.962390304E0,-1.875467181E0
1.418078133E1,4.808303356E0,1.873208404E0,-2.147717714E0
1.419080833E1,5.235935688E0,1.422060847E0,-2.312868595E0
1.420083533E1,5.040798187E0,9.193084240E-1,-2.329604387E0
1.421086333E1,4.325950623E0,5.339029431E-1,-2.267126799E0
1.422089033E1,3.351036549E0,5.053008795E-1,-2.247871876E0
1.423091733E1,2.370591879E0,9.197305441E-1,-2.302518368E0
1.424094433E1,1.521900892E0,1.552696466E0,-2.318421841E0
1.425097233E1,9.341180325E-1,2.118007183E0,-2.228434324E0
1.426099933E1,6.919791698E-1,2.413364649E0,-2.009645462E0
1.427102633E1,8.116770387E-1,2.402882576E0,-1.705835223E0
1.428105333E1,1.255787969E0,2.202694178E0,-1.379093647E0
1.429108033E1,1.906696439E0,1.936527252E0,-1.120586276E0
1.430110833E1,2.590246439E0,1.703455925E0,-9.905790091E-1
1.431113533E1,3.120320559E0,1.515114546E0,-9.674968719E-1
1.432116233E1,3.380185127E0,1.301694989E0,-9.856657982E-1
1.433118933E1,3.375135422E0,1.105715036E0,-9.892661572E-1
1.434121633E1,3.113687515E0,9.701395631E-1,-9.515600801E-1
1.435124433E1,2.640876055E0,8.906029463E-1,-8.567856550E-1
1.436127133E1,2.042452812E0,9.072980285E-1,-7.044124603E-1
1.437129833E1,1.419706821E0,9.876104593E-1,-4.600980580E-1
1.438132533E1,8.688365221E-1,1.021188378E0,-1.095522493E-1
1.439135233E1,4.764228761E-1,1.029071569E0,3.698361814E-1
1.440138033E1,2.085647881E-1,9.595090747E-1,9.314504862E-1
1.441140733E1,-5.182525888E-2,8.542990088E-1,1.491125703E0
1.442143433E1,-4.171350598E-1,7.202786207E-1,2.017708302E0
1.443146133E1,-9.414736032E-1,5.244606137E-1,2.483018637E0
1.444148833E1,-1.651044250E0,3.997785151E-1,2.772986412E0
1.445151633E1,-2.429188013E0,1.967193931E-1,2.917499304E0
1.446154333E1,-3.069522142E0,-2.369504422E-1,3.007394791E0
1.447157033E1,-3.502254009E0,-9.756580591E-1,3.180447102E0
1.448159733E1,-3.644987583E0,-1.903101087E0,3.513634205E0
1.449162433E1,-3.465877771E0,-2.768098354E0,3.735057831E0
1.450165233E1,-3.072553635E0,-3.311250448E0,3.503236055E0
1.451167971E1,-2.643684626E0,-3.507857561E0,2.831804037E0
1.452170671E1,-2.269448996E0,-3.621438742E0,2.100440025E0
1.453173371E1,-1.915538311E0,-3.803584099E0,1.617770791E0
1.454176071E1,-1.529039383E0,-3.985554218E0,1.393966436E0
1.455178871E1,-1.148660898E0,-3.959652424E0,1.400394320E0
1.456181571E1,-9.309594631E-1,-3.659425259E0,1.583612561E0
1.457184271E1,-1.000175834E0,-3.258859634E0,1.774603248E0
1.458186971E1,-1.332785368E0,-2.843264580E0,1.797830105E0
1.459189671E1,-1.836534262E0,-2.476674080E0,1.623198867E0
1.460192471E1,-2.374899387E0,-2.182319403E0,1.356498718E0
1.461195171E1,-2.799859047E0,-1.976262212E0,1.119216084E0
1.462197871E1,-3.029348850E0,-1.851587176E0,9.472567439E-1
1.463200571E1,-3.044216871E0,-1.781082869E0,8.052926660E-1
1.464203271E1,-2.863347769E0,-1.731669784E0,6.740135550E-1
1.465206071E1,-2.525321960E0,-1.663123965E0,5.653496385E-1
1.466208771E1,-2.088772058E0,-1.537928343E0,4.943751097E-1
1.467211471E1,-1.605091453E0,-1.320214152E0,3.931638300E-1
1.468214171E1,-1.138031006E0,-1.037686706E0,2.611691058E-1
1.469216871E1,-7.632867098E-1,-7.613019943E-1,8.553280681E-2
1.470219671E1,-5.080075264E-1,-5.201671124E-1,-1.493896991E-1
1.471222371E1,-3.730041981E-1,-3.230335712E-1,-4.303787351E-1
1.472225071E1,-3.063361049E-1,-1.433918625E-1,-7.169262171E-1
1.473227771E1,-2.549016774E-1,8.916946501E-2,-9.876804352E-1
1.474230571E1,-2.002356201E-1,3.721854091E-1,-1.195757031E0
1.475233271E1,-8.976104110E-2,7.188789248E-1,-1.265695333E0
1.476235971E1,6.952515244E-2,1.112610698E0,-1.200263619E0
1.477238671E1,2.232539952E-1,1.549456120E0,-1.099324226E0
1.478241371E1,3.119359314E-1,1.954222560E0,-1.062249064E0
1.479244171E1,3.498651981E-1,2.297804356E0,-1.129722476E0
1.480246871E1,3.385163844E-1,2.538721323E0,-1.357729793E0
1.481249571E1,2.989439666E-1,2.626916647E0,-1.691459775E0
1.482252271E1,3.598194420E-1,2.554194450E0,-1.991431713E0
1.483254971E1,6.687341332E-1,2.406785250E0,-2.142547846E0
1.484257771E1,1.242809415E0,2.301163435E0,-2.121707439E0
1.485260471E1,2.078939438E0,2.313553333E0,-1.966736913E0
1.486263171E1,3.063232422E0,2.472376585E0,-1.845413089E0
1.487265871E1,3.930302620E0,2.602888107E0,-1.885677457E0
1.488268571E1,4.487963676E0,2.386795521E0,-1.983347416E0
1.489271371E1,4.778120518E0,1.937527061E0,-1.940313935E0
1.490274071E1,4.892079830E0,1.603241444E0,-1.723309278E0
1.491276771E1,4.784921646E0,1.463991404E0,-1.471878648E0
1.492279471E1,4.408538818E0,1.478891611E0,-1.317968011E0
1.493282171E1,3.753522635E0,1.685545921E0,-1.342390537E0
1.494284971E1,2.905939579E0,2.076091051E0,-1.559981585E0
1.495287671E1,2.009250641E0,2.559210300E0,-1.791986823E0
1.496290371E1,1.282752156E0,2.966689825E0,-1.872223258E0
1.497293071E1,8.798151016E-1,3.180375814E0,-1.768588662E0
1.498295771E1,7.785024047E-1,3.170335293E0,-1.563667059E0
1.499298571E1,9.007380605E-1,2.931370258E0,-1.355870008E0
1.500301271E1,1.155283213E0,2.564244032E0,-1.219295740E0
1.501303971E1,1.457589746E0,2.169564724E0,-1.156715155E0
1.502306671E1,1.720389247E0,1.872004986E0,-1.140074611E0
1.503309371E1,1.817688942E0,1.730588675E0,-1.149539113E0
1.504312171E1,1.662679911E0,1.633425355E0,-1.180216074E0
1.505314871E1,1.285178423E0,1.586949468E0,-1.198242545E0
1.506317571E1,7.596867681E-1,1.539948225E0,-1.146723390E0
1.507320271E1,1.672064364E-1,1.423135877E0,-9.772606492E-1
1.508322971E1,-3.404238820E-1,1.175329089E0,-6.598830819E-1
1.509325771E1,-6.806563139E-1,7.303425670E-1,-1.873136610E-1
1.510328471E1,-8.954645991E-1,1.882679164E-1,4.120641947E-1
1.511331171E1,-1.090579510E0,-2.742781639E-1,1.039458275E0
1.512333871E1,-1.385593057E0,-5.866054296E-1,1.607424021E0
1.513336671E1,-1.835684299E0,-6.820704341E-1,2.019376278E0
1.514339371E1,-2.363595724E0,-6.921766996E-1,2.245095015E0
1.515342071E1,-2.844978333E0,-7.497164011E-1,2.360892534E0
1.516344771E1,-3.144342899E0,-1.179284334E0,2.617710590E0
1.517347471E1,-3.154346704E0,-2.111454725E0,3.235750198E0
1.518350171E1,-2.838863850E0,-3.115434647E0,3.992775202E0
1.519352971E1,-2.337177038E0,-3.693520546E0,4.371580601E0
1.520355671E1,-1.882395029E0,-3.827184916E0,4.051360607E0
1.521358371E1,-1.647547841E0,-3.640973091E0,3.029353142E0
1.522361071E1,-1.684334278E0,-3.452471018E0,1.895303249E0
1.523363871E1,-1.840013146E0,-3.298275471E0,1.126868844E0
1.524366571E1,-1.933250666E0,-3.079503536E0,7.908337116E-1
1.525369271E1,-1.987419367E0,-2.766628504E0,8.264854550E-1
1.526371971E1,-2.091984034E0,-2.473160505E0,1.002056718E0
1.527374671E1,-2.262287140E0,-2.205202579E0,1.036800861E0
1.528377471E1,-2.489295721E0,-1.935657859E0,8.699576855E-1
1.529380171E1,-2.719207525E0,-1.703070641E0,6.084725261E-1
1.530382871E1,-2.881440639E0,-1.562894464E0,3.905700743E-1
1.531385571E1,-2.908223152E0,-1.518056393E0,2.871153355E-1
1.532388271E1,-2.775176048E0,-1.513945222E0,2.670200169E-1
1.533391071E1,-2.503588200E0,-1.502146125E0,2.771096826E-1
1.534393771E1,-2.142674446E0,-1.498746276E0,2.874725461E-1
1.535396471E1,-1.733483195E0,-1.427791715E0,3.126218319E-1
1.536399171E1,-1.328435302E0,-1.244643331E0,3.253882825E-1
1.537401871E1,-9.745824337E-1,-1.007355928E0,2.985569537E-1
1.538404671E1,-6.723070145E-1,-7.655833960E-1,2.192863822E-1
1.539407371E1,-4.101994932E-1,-4.996313453E-1,7.514066249E-2
1.540410071E1,-2.121603191E-1,-2.274708599E-1,-1.708588302E-1
1.541412771E1,-9.250210226E-2,-3.993567079E-4,-5.153909326E-1
1.542415471E1,-4.353735223E-2,1.811757088E-1,-8.850308657E-1
1.543418271E1,-6.586395949E-2,3.433938920E-1,-1.174895525E0
1.544420971E1,-1.199398488E-1,5.143535733E-1,-1.314650536E0
1.545423671E1,-1.457461417E-1,7.204130292E-1,-1.237816930E0
1.546426371E1,-9.503424168E-2,9.881604314E-1,-9.908376336E-1
1.547429071E1,6.669753231E-3,1.391283154E0,-7.558993697E-1
1.548431871E1,1.002007574E-1,1.880312204E0,-5.937964916E-1
1.549434571E1,1.927243024E-1,2.372521400E0,-5.875966549E-1
1.550437271E1,2.791991532E-1,2.735564947E0,-7.852895260E-1
1.551439971E1,4.304621816E-1,2.780885935E0,-1.070484519E0
1.552442671E1,8.038821816E-1,2.405658245E0,-1.260263681E0
1.553445471E1,1.412675023E0,1.918699622E0,-1.279619575E0
1.554448171E1,2.163387060E0,1.671645284E0,-1.240254521E0
1.555450871E1,2.878017902E0,1.695890427E0,-1.311550260E0
1.556453571E1,3.316625595E0,1.698191881E0,-1.510284066E0
1.557456271E1,3.408116817E0,1.609568477E0,-1.660777450E0
1.558459071E1,3.172709227E0,1.530886412E0,-1.736177802E0
1.559461771E1,2.679137230E0,1.591172695E0,-1.773405313E0
1.560464471E1,2.038925171E0,1.723077297E0,-1.818201542E0
1.561467171E1,1.379767656E0,1.993191838E0,-1.920357466E0
1.562469871E1,7.897063494E-1,2.363180161E0,-2.046322107E0
1.563472671E1,3.385623395E-1,2.668900490E0,-2.078689814E0
1.564475371E1,9.634412080E-2,2.766376495E0,-1.946481228E0
1.565478071E1,1.162632331E-1,2.631803989E0,-1.693662286E0
1.566480771E1,3.868704736E-1,2.353663445E0,-1.371961594E0
1.567483471E1,8.595570922E-1,2.093880892E0,-9.889806509E-1
1.568486271E1,1.461665988E0,1.944594383E0,-6.491190791E-1
1.569488971E1,2.089235544E0,1.919976592E0,-3.886414170E-1
1.570491671E1,2.628515482E0,1.934951067E0,-1.876319349E-1
1.571494371E1,2.990574360E0,1.898515821E0,-5.957249925E-2
1.572497071E1,3.137722731E0,1.754357576E0,-6.611385196E-2
1.573499871E1,3.083197832E0,1.511876225E0,-2.222150415E-1
1.574502571E1,2.850644350E0,1.194799304E0,-4.533362091E-1
1.575505271E1,2.471737385E0,8.047271371E-1,-6.539034247E-1
1.576507971E1,1.972980857E0,4.160105586E-1,-7.365974188E-1
1.577510671E1,1.405928612E0,5.555276945E-2,-6.767016053E-1
1.578513471E1,8.307124972E-1,-2.827458382E-1,-4.323701859E-1
1.579516171E1,2.890942395E-1,-5.933580399E-1,2.947920375E-2
1.580518871E1,-2.263734639E-1,-8.176760077E-1,6.759569049E-1
1.581521571E1,-7.566397190E-1,-9.267961383E-1,1.328850150E0
1.582524271E1,-1.323440671E0,-9.559510946E-1,1.833459020E0
1.583527071E1,-1.921167970E0,-8.866295218E-1,2.175413609E0
1.584529771E1,-2.500690222E0,-6.934826374E-1,2.391627789E0
1.585532471E1,-2.980401516E0,-5.087138414E-1,2.610612154E0
1.586535171E1,-3.301057100E0,-7.497373819E-1,3.042658567E0
1.587537871E1,-3.432039976E0,-1.465216637E0,3.767320156E0
1.588540671E1,-3.347049952E0,-2.295044184E0,4.588220119E0
1.589543371E1,-3.071160316E0,-2.830120325E0,5.083866596E0
1.590546071E1,-2.697836637E0,-2.876087427E0,4.846894741E0
1.591548771E1,-2.374218941E0,-2.574492693E0,4.021537781E0
1.592551471E1,-2.217658043E0,-2.287754774E0,3.126425743E0
1.593554271E1,-2.204406500E0,-2.183341742E0,2.449159622E0
1.594556971E1,-2.156175852E0,-2.226683378E0,2.056718588E0
1.595559671E1,-2.000310898E0,-2.238812208E0,1.870812058E0
1.596562371E1,-1.858391047E0,-2.099627018E0,1.716044426E0
1.597565071E1,-1.896221399E0,-1.774597764E0,1.461687684E0
1.598567871E1,-2.132641315E0,-1.468073964E0,1.115608215E0
1.599570571E1,-2.485634804E0,-1.275660872E0,7.647777200E-1
1.600573271E1,-2.830774784E0,-1.178484440E0,4.708223641E-1
1.601575971E1,-3.051821470E0,-1.137034416E0,3.159116209E-1
1.602578671E1,-3.070426702E0,-1.169648409E0,2.799094915E-1
1.603581471E1,-2.855199337E0,-1.274967074E0,2.673332393E-1
1.604584171E1,-2.439493895E0,-1.354347348E0,2.227689624E-1
1.605586871E1,-1.931986928E0,-1.366198421E0,1.645775586E-1
1.606589571E1,-1.425428510E0,-1.252950788E0,1.116837263E-1
1.607592271E1,-9.941814542E-1,-1.055106997E0,9.096365422E-3
1.608595071E1,-6.696772575E-1,-8.028951287E-1,-1.751511097E-1
1.609597771E1,-4.880225658E-1,-5.319416523E-1,-4.382993877E-1
1.610600471E1,-4.400108159E-1,-3.326820433E-1,-7.376331091E-1
1.611603171E1,-4.885407984E-1,-2.095806152E-1,-1.042813778E0
1.612605871E1,-5.789978504E-1,-8.725740016E-2,-1.293011427E0
1.613608571E1,-6.405097246E-1,8.543102443E-2,-1.422118306E0
1.614611371E1,-6.797776222E-1,3.560267985E-1,-1.407630324E0
1.615614071E1,-7.215011120E-1,7.511498928E-1,-1.314351201E0
1.616616771E1,-7.542746067E-1,1.270635605E0,-1.232821107E0
1.617619471E1,-7.813946009E-1,1.866016150E0,-1.264048815E0
1.618622171E1,-8.069123626E-1,2.407966137E0,-1.450102568E0
1.619624971E1,-7.940431833E-1,2.786535978E0,-1.714223623E0
1.620627671E1,-6.283415556E-1,2.934495687E0,-1.963467956E0
1.621630371E1,-2.142194957E-1,2.860900640E0,-2.134740353E0
1.622633071E1,5.078477859E-1,2.724494219E0,-2.125427246E0
1.623635771E1,1.493353367E0,2.729298353E0,-1.868403912E0
1.624638571E1,2.622006416E0,2.907805204E0,-1.539339781E0
1.625641271E1,3.707460165E0,3.148880482E0,-1.318918467E0
1.626643971E1,4.524255276E0,3.183338642E0,-1.224483967E0
1.627646671E1,4.971067905E0,2.921316147E0,-1.203565359E0
1.628649371E1,4.979079247E0,2.489757299E0,-1.295470834E0
1.629652171E1,4.517673969E0,2.095743418E0,-1.439633131E0
1.630654871E1,3.694841862E0,1.987994552E0,-1.576084256E0
1.631657571E1,2.707206964E0,2.269277096E0,-1.650311112E0
1.632660271E1,1.749515653E0,2.726925611E0,-1.601411462E0
1.633662971E1,1.015026331E0,3.127329826E0,-1.394338489E0
1.634665771E1,5.782935619E-1,3.353515387E0,-1.056238532E0
1.635668471E1,4.320537746E-1,3.338002920E0,-6.900942922E-1
1.636671171E1,5.741499662E-1,3.128732920E0,-4.025478363E-1
1.637673871E1,9.530751705E-1,2.852496386E0,-2.027319223E-1
1.638676571E1,1.466298342E0,2.633435488E0,-7.768813521E-2
1.639679371E1,1.968835235E0,2.436246395E0,-4.209499061E-2
1.640682071E1,2.344385862E0,2.194350243E0,-9.354921430E-2
1.641684771E1,2.532324553E0,1.909648776E0,-2.131967694E-1
1.642687471E1,2.541208267E0,1.639322996E0,-3.823977113E-1
1.643690171E1,2.391081572E0,1.406996846E0,-5.967108011E-1
1.644692871E1,2.070004940E0,1.276745915E0,-8.143357038E-1
1.645695671E1,1.594147325E0,1.192895293E0,-9.917384386E-1
1.646698371E1,1.069984436E0,1.042643428E0,-1.102671266E0
1.647701071E1,6.315498948E-1,7.691610456E-1,-1.035437107E0
1.648703771E1,2.940644920E-1,3.856283724E-1,-7.294990420E-1
1.649706471E1,7.033953071E-2,-4.922506958E-2,-2.109914124E-1
1.650709271E1,-7.922464609E-2,-4.716513753E-1,4.129456580E-1
1.651711933E1,-1.819776446E-1,-8.141106963E-1,9.965841174E-1
1.652714633E1,-2.985010743E-1,-1.009949446E0,1.404054642E0
1.653717333E1,-4.426047206E-1,-1.118352652E0,1.548035026E0
1.654720033E1,-6.237999201E-1,-1.305942416E0,1.538123488E0
1.655722833E1,-8.281565309E-1,-1.738150835E0,1.645000100E0
1.656725533E1,-1.022022843E0,-2.415203333E0,2.141668558E0
1.657728233E1,-1.148034334E0,-3.011875153E0,3.053710222E0
1.658730933E1,-1.168983102E0,-3.231815577E0,4.044493675E0
1.659733633E1,-1.141775489E0,-3.037128687E0,4.729897499E0
1.660736433E1,-1.182954192E0,-2.644599199E0,4.873789310E0
1.661739133E1,-1.336397290E0,-2.294024229E0,4.340731621E0
1.662741833E1,-1.574706912E0,-2.079729795E0,3.368745565E0
1.663744533E1,-1.737690449E0,-2.030565023E0,2.443998575E0
1.664747233E1,-1.647641778E0,-2.061576843E0,1.914896607E0
1.665750033E1,-1.352654099E0,-2.154102802E0,1.773192048E0
1.666752733E1,-1.051808000E0,-2.260236502E0,1.782602429E0
1.667755433E1,-9.252066612E-1,-2.288430691E0,1.797787547E0
1.668758133E1,-1.056793690E0,-2.240586042E0,1.782978773E0
1.669760833E1,-1.379848599E0,-2.074069262E0,1.815465569E0
1.670763633E1,-1.786895275E0,-1.824224710E0,1.905974627E0
1.671766333E1,-2.186975241E0,-1.527578712E0,1.985623837E0
1.672769033E1,-2.533519030E0,-1.246199846E0,1.977443933E0
1.673771733E1,-2.784727812E0,-1.019893289E0,1.843689561E0
1.674774433E1,-2.890330076E0,-8.529703617E-1,1.603730440E0
1.675777133E1,-2.850133657E0,-7.218201160E-1,1.299993992E0
1.676779933E1,-2.672749519E0,-6.031338573E-1,9.797008038E-1
1.677782633E1,-2.379640579E0,-4.576677084E-1,6.526473165E-1
1.678785333E1,-2.008617878E0,-2.988567948E-1,2.987034321E-1
1.679788033E1,-1.611222386E0,-1.275739819E-1,-7.657620311E-2
1.680790733E1,-1.236984372E0,5.278167501E-2,-4.372275770E-1
1.681793533E1,-9.393223524E-1,2.209445834E-1,-7.398293018E-1
1.682796233E1,-7.136648297E-1,4.137980938E-1,-9.626796842E-1
1.683798933E1,-5.157583952E-1,5.919083953E-1,-1.130433559E0
1.684801633E1,-2.653419375E-1,7.564512491E-1,-1.256562829E0
1.685804333E1,6.378509104E-2,9.263929129E-1,-1.299792647E0
1.686807133E1,4.618524313E-1,1.179729581E0,-1.282048821E0
1.687809833E1,8.765335083E-1,1.558082938E0,-1.242857456E0
1.688812533E1,1.222487330E0,2.041939020E0,-1.245130181E0
1.689815233E1,1.330387235E0,2.523645878E0,-1.340025544E0
1.690817933E1,1.194118381E0,2.754279852E0,-1.554360509E0
1.691820733E1,1.126816869E0,2.584574223E0,-1.665628433E0
1.692823433E1,1.446851015E0,2.227657080E0,-1.530058026E0
1.693826133E1,2.112291813E0,2.025224209E0,-1.271363258E0
1.694828833E1,2.895920753E0,2.092340708E0,-1.091823697E0
1.695831533E1,3.569822073E0,2.218032360E0,-1.132249713E0
1.696834233E1,3.932903767E0,2.127074718E0,-1.299616575E0
1.697837033E1,3.964903355E0,1.919085264E0,-1.435472965E0
1.698839733E1,3.722547293E0,1.780602455E0,-1.360688329E0
1.699842433E1,3.312333822E0,1.730714798E0,-1.082301736E0
1.700845133E1,2.866526127E0,1.803570628E0,-7.858682275E-1
1.701847833E1,2.470428944E0,1.919084072E0,-6.252053380E-1
1.702850633E1,2.135748148E0,1.992546797E0,-6.882401705E-1
1.703853333E1,1.841843605E0,2.036693335E0,-9.140557051E-1
1.704856033E1,1.571946263E0,2.050783873E0,-1.122805238E0
1.705858733E1,1.348259091E0,2.052536488E0,-1.222807765E0
1.706861433E1,1.191133738E0,2.035158873E0,-1.223571301E0
1.707864233E1,1.125143051E0,1.966742516E0,-1.181873918E0
1.708866933E1,1.141611338E0,1.831494689E0,-1.153455138E0
1.709869633E1,1.229917288E0,1.617375255E0,-1.113397479E0
1.710872333E1,1.374282956E0,1.339529753E0,-1.017742038E0
1.711875033E1,1.544718504E0,1.040410757E0,-8.671216965E-1
1.712877733E1,1.669371367E0,7.893699408E-1,-7.234051228E-1
1.713880533E1,1.692706466E0,5.853055120E-1,-6.184432507E-1
1.714883233E1,1.601806760E0,3.961412311E-1,-5.586979985E-1
1.715885933E1,1.387043118E0,1.799375862E-1,-4.883854985E-1
1.716888633E1,1.062860370E0,-6.723934412E-2,-3.151068985E-1
1.717891333E1,6.646405458E-1,-3.347200453E-1,3.142704722E-3
1.718894133E1,2.259135544E-1,-5.447487831E-1,4.440488219E-1
1.719896833E1,-2.477315068E-1,-6.640967727E-1,9.409600496E-1
1.720899533E1,-7.528883219E-1,-7.065286636E-1,1.370082736E0
1.721902233E1,-1.307159066E0,-6.428090334E-1,1.649950385E0
1.722904933E1,-1.913064480E0,-4.593290389E-1,1.853684545E0
1.723907733E1,-2.517670393E0,-1.868785918E-1,2.005998135E0
1.724910433E1,-3.089275599E0,4.926800355E-2,2.077122688E0
1.725913133E1,-3.617382288E0,6.560489535E-2,2.189541578E0
1.726915833E1,-4.159035683E0,-1.994253993E-1,2.565991640E0
1.727918533E1,-4.765010357E0,-5.497066975E-1,3.259501219E0
1.728921333E1,-5.368340015E0,-7.699556947E-1,3.993950129E0
1.729924033E1,-5.773268223E0,-8.267715573E-1,4.378173351E0
1.730926733E1,-5.870378017E0,-6.807204485E-1,4.056894779E0
1.731929433E1,-5.633107185E0,-3.807955384E-1,3.052212477E0
1.732932133E1,-5.124900341E0,-1.924835593E-1,1.769240141E0
1.733934833E1,-4.388413906E0,-2.734290063E-1,6.938996315E-1
1.734937633E1,-3.501226664E0,-7.184724212E-1,9.415653348E-2
1.735940333E1,-2.644589663E0,-1.289399028E0,-2.317435667E-2
1.736943033E1,-1.940737128E0,-1.560857773E0,6.296591461E-2
1.737945733E1,-1.426351547E0,-1.476575851E0,7.840532809E-2
1.738948433E1,-1.119091392E0,-1.241840124E0,-5.033563077E-2
1.739951233E1,-1.051595330E0,-1.135667324E0,-2.455413491E-1
1.740953933E1,-1.129186749E0,-1.221000791E0,-4.181644022E-1
1.741956633E1,-1.216577649E0,-1.440466285E0,-5.686569214E-1
1.742959333E1,-1.252826333E0,-1.710888982E0,-7.282163501E-1
1.743962033E1,-1.224772334E0,-1.995340228E0,-9.059607983E-1
1.744964833E1,-1.132813215E0,-2.182704449E0,-1.054155231E0
1.745967533E1,-9.324014783E-1,-2.164855003E0,-1.083991885E0
1.746970233E1,-6.055461168E-1,-1.941418529E0,-9.943495989E-1
1.747972933E1,-1.585489064E-1,-1.632221818E0,-8.579059839E-1
1.748975633E1,2.992186546E-1,-1.390852451E0,-7.385689020E-1
1.749978433E1,6.505521536E-1,-1.260793328E0,-6.715544462E-1
1.750981121E1,8.727851510E-1,-1.199341536E0,-6.990913153E-1
1.751983821E1,9.845790267E-1,-1.162730575E0,-8.405602574E-1
1.752986521E1,1.031697273E0,-1.093419313E0,-1.040188313E0
1.753989221E1,1.031270623E0,-9.387066960E-1,-1.242870331E0
1.754992021E1,1.024644017E0,-6.471973062E-1,-1.390269756E0
1.755994721E1,1.041243315E0,-1.775206327E-1,-1.486873507E0
1.756997421E1,1.058875322E0,4.374605119E-1,-1.523425937E0
1.758000121E1,1.055661321E0,1.108758211E0,-1.462893963E0
1.759002821E1,1.020029902E0,1.657277346E0,-1.298740268E0
1.760005521E1,9.898616672E-1,2.079093695E0,-1.120822191E0
1.761008321E1,9.578110576E-1,2.337732315E0,-9.911288619E-1
1.762011021E1,9.278148413E-1,2.367182970E0,-8.460587859E-1
1.763013721E1,9.412297010E-1,2.111239672E0,-5.050955415E-1
1.764016421E1,1.122458577E0,1.741310120E0,-3.357490525E-2
1.765019121E1,1.621080637E0,1.451456547E0,3.172040284E-1
1.766021921E1,2.424667597E0,1.232746243E0,3.568217456E-1
1.767024621E1,3.390355587E0,1.203055501E0,1.140277684E-1
1.768027321E1,4.426452637E0,1.262635708E0,-2.470382899E-1
1.769030021E1,5.337982178E0,1.233309031E0,-6.907253861E-1
1.770032721E1,5.929594517E0,1.004588485E0,-1.149221182E0
1.771035521E1,6.001164913E0,5.801155567E-1,-1.564380050E0
1.772038221E1,5.560311317E0,3.102902472E-1,-1.922093987E0
1.773040921E1,4.732468128E0,3.907549381E-1,-2.212819099E0
1.774043621E1,3.650918007E0,7.790177464E-1,-2.370259762E0
1.775046321E1,2.501197577E0,1.263250589E0,-2.327060223E0
1.776049121E1,1.486685634E0,1.640795469E0,-2.126654387E0
1.777051821E1,7.367288470E-1,1.875965834E0,-1.871179104E0
1.778054521E1,2.838295698E-1,2.013364077E0,-1.653087974E0
1.779057221E1,9.125705808E-2,2.086537123E0,-1.542458653E0
1.780059921E1,1.224016622E-1,2.092728376E0,-1.527655959E0
1.781062721E1,3.204208910E-1,2.016208410E0,-1.544627905E0
1.782065421E1,6.098057628E-1,1.832471251E0,-1.565604925E0
1.783068121E1,9.229409695E-1,1.571949482E0,-1.576278210E0
1.784070821E1,1.185350537E0,1.314091563E0,-1.595288873E0
1.785073521E1,1.337652564E0,1.043981671E0,-1.588812947E0
1.786076321E1,1.358296275E0,7.699917555E-1,-1.524123788E0
1.787079021E1,1.246204853E0,5.362918973E-1,-1.338110209E0
1.788081721E1,1.023603201E0,3.900393248E-1,-9.568532109E-1
1.789084421E1,7.351335287E-1,3.365842104E-1,-3.532323539E-1
1.790087121E1,4.253607094E-1,3.130234778E-1,3.403615952E-1
1.791089821E1,8.293587714E-2,2.707795501E-1,9.981180429E-1
1.792092621E1,-3.364826739E-1,1.617348194E-1,1.486098886E0
1.793095321E1,-8.470294476E-1,1.114341710E-2,1.685064673E0
1.794098021E1,-1.446581006E0,-1.348215044E-1,1.648640394E0
1.795100721E1,-2.141485691E0,-2.123019546E-1,1.625226259E0
1.796103421E1,-2.874911070E0,-3.700575233E-1,1.982916832E0
1.797106221E1,-3.504817009E0,-6.713176966E-1,2.948465109E0
1.798108921E1,-3.852064610E0,-1.066408753E0,4.259416580E0
1.799111621E1,-3.822900534E0,-1.356531978E0,5.311256409E0
1.800114321E1,-3.463539362E0,-1.634190440E0,5.524783134E0
1.801117021E1,-2.912691832E0,-1.832569957E0,4.589718819E0
1.802119821E1,-2.372584581E0,-1.878903627E0,2.988928318E0
1.803122521E1,-2.096833467E0,-2.122078896E0,1.533730984E0
1.804125221E1,-2.018393278E0,-2.463313103E0,7.698982358E-1
1.805127921E1,-1.950827718E0,-2.725330830E0,6.520963311E-1
1.806130621E1,-1.926817656E0,-2.766987324E0,8.042760491E-1
1.807133421E1,-2.048312187E0,-2.609599113E0,8.663555980E-1
1.808136121E1,-2.368320942E0,-2.325272799E0,6.669538021E-1
1.809138821E1,-2.825966120E0,-2.031221628E0,3.339976072E-1
1.810141521E1,-3.254072428E0,-1.867669821E0,7.737354934E-2
1.811144221E1,-3.482578754E0,-1.822477579E0,-5.550297722E-2
1.812147021E1,-3.439765215E0,-1.846122384E0,-1.151716337E-1
1.813149721E1,-3.143232584E0,-1.867624879E0,-1.525249779E-1
1.814152421E1,-2.655689240E0,-1.811378121E0,-1.845857203E-1
1.815155121E1,-2.049528122E0,-1.642251611E0,-2.538410127E-1
1.816157821E1,-1.408233643E0,-1.393418074E0,-4.059429169E-1
1.817160621E1,-7.979003787E-1,-1.108597040E0,-5.894254446E-1
1.818163321E1,-3.175018132E-1,-8.652967215E-1,-8.195859790E-1
1.819166021E1,1.783366315E-5,-6.648111939E-1,-1.089343786E0
1.820168721E1,1.752487719E-1,-4.882063568E-1,-1.390969872E0
1.821171421E1,2.473401278E-1,-2.757292688E-1,-1.699013948E0
1.822174121E1,2.592210174E-1,-1.636481099E-2,-1.967111707E0
1.823176921E1,2.462455630E-1,2.998439074E-1,-2.135188341E0
1.824179621E1,2.536946833E-1,6.582523584E-1,-2.166760206E0
1.825182321E1,3.355295360E-1,1.076505780E0,-2.077230930E0
1.826185021E1,4.641703367E-1,1.478203654E0,-1.898642421E0
1.827187721E1,5.787788033E-1,1.785218358E0,-1.725935936E0
1.828190521E1,6.298102736E-1,1.957979560E0,-1.637509346E0
1.829193221E1,6.213775277E-1,2.040243864E0,-1.653483152E0
1.830195921E1,5.935959220E-1,2.158725739E0,-1.698049903E0
1.831198621E1,6.202764511E-1,2.215831995E0,-1.615120053E0
1.832201321E1,8.255973458E-1,2.147845030E0,-1.217483044E0
1.833204121E1,1.276429534E0,2.019795656E0,-5.387151241E-1
1.834206821E1,1.943851948E0,1.942923903E0,1.001484543E-1
1.835209521E1,2.717767954E0,1.791103244E0,3.984576166E-1
1.836212221E1,3.426505089E0,1.553429246E0,2.888019681E-1
1.837214921E1,3.845262289E0,1.160600305E0,8.204887621E-3
1.838217721E1,3.794769526E0,8.223112226E-1,-2.558581829E-1
1.839220421E1,3.306931973E0,6.139088869E-1,-4.345446229E-1
1.840223121E1,2.602125168E0,6.451653242E-1,-5.336480141E-1
1.841225821E1,1.876130223E0,9.776685834E-1,-5.677126646E-1
1.842228521E1,1.232099056E0,1.444976449E0,-5.459564924E-1
1.843231221E1,7.408860326E-1,1.897573233E0,-4.722355306E-1
1.844234021E1,4.449489713E-1,2.154174328E0,-3.889797628E-1
1.845236721E1,3.837745488E-1,2.143981457E0,-3.375340402E-1
1.846239421E1,5.446702242E-1,1.915534973E0,-3.519555926E-1
1.847242121E1,8.760557771E-1,1.577062488E0,-4.577002525E-1
1.848244821E1,1.356413007E0,1.310394287E0,-5.741131306E-1
1.849247621E1,1.912364244E0,1.122948766E0,-7.434535623E-1
1.850250321E1,2.438420773E0,1.001420975E0,-9.295480847E-1
1.851253037E1,2.867587328E0,9.654039145E-1,-1.116353273E0
1.852255737E1,3.137741804E0,1.014729381E0,-1.296386003E0
1.853258438E1,3.172079325E0,1.034067035E0,-1.482049704E0
1.854261237E1,2.918959141E0,9.442301393E-1,-1.701504827E0
1.855263938E1,2.430597544E0,7.712413073E-1,-1.886546493E0
1.856266638E1,1.838376045E0,5.146782398E-1,-1.914919019E0
1.857269337E1,1.253343821E0,1.962388307E-1,-1.709532022E0
1.858272037E1,7.293542027E-1,-1.195398942E-1,-1.248113275E0
1.859274837E1,2.563886344E-1,-3.420693874E-1,-5.571429729E-1
1.860277537E1,-2.174122334E-1,-4.326357841E-1,2.787799239E-1
1.861280237E1,-7.704494596E-1,-3.688377738E-1,1.090801477E0
1.862282938E1,-1.442283392E0,-1.571971625E-1,1.753888130E0
1.863285637E1,-2.219266653E0,1.505485773E-1,2.182946920E0
1.864288438E1,-3.002060652E0,4.717375040E-1,2.378533602E0
1.865291138E1,-3.581752300E0,4.639649689E-1,2.568704128E0
1.866293837E1,-3.755677462E0,-2.186532915E-1,3.160173178E0
1.867296537E1,-3.416538477E0,-1.390792847E0,4.117373943E0
1.868299238E1,-2.644810200E0,-2.558766127E0,4.926472187E0
1.869301938E1,-1.666710734E0,-3.258530140E0,5.107851982E0
1.870304737E1,-6.477836967E-1,-3.125406504E0,4.466598988E0
1.871307438E1,2.100690603E-1,-2.548146725E0,3.391690969E0
1.872310137E1,6.401271820E-1,-2.235086679E0,2.344716787E0
1.873312837E1,4.508007169E-1,-2.439109802E0,1.571731925E0
1.874315537E1,-5.365179107E-2,-2.647160292E0,1.266446352E0
1.875318337E1,-5.744653344E-1,-2.583482981E0,1.376673698E0
1.876321037E1,-1.043043971E0,-2.286643028E0,1.595985293E0
1.877323738E1,-1.537899256E0,-1.887053847E0,1.662328720E0
1.878326438E1,-2.115130663E0,-1.464052200E0,1.534159303E0
1.879329137E1,-2.704643250E0,-1.077159882E0,1.324377179E0
1.880331938E1,-3.221424103E0,-8.117893934E-1,1.118672490E0
1.881334637E1,-3.583342552E0,-6.333708167E-1,9.511967897E-1
1.882337337E1,-3.723456383E0,-5.055705309E-1,8.452599645E-1
1.883340037E1,-3.614401817E0,-4.444181025E-1,7.708894610E-1
1.884342738E1,-3.246614218E0,-4.388166666E-1,7.015042901E-1
1.885345537E1,-2.669987679E0,-4.949538410E-1,6.071605682E-1
1.886348238E1,-1.949452758E0,-5.664615631E-1,4.483946264E-1
1.887350938E1,-1.166002870E0,-6.123236418E-1,2.155017257E-1
1.888353637E1,-4.025889039E-1,-6.184017658E-1,-4.744547978E-2
1.889356337E1,2.405742407E-1,-5.794042945E-1,-3.525949121E-1
1.890359038E1,6.808636785E-1,-5.314487219E-1,-6.937413812E-1
1.891361837E1,9.229132533E-1,-4.823001325E-1,-9.937819242E-1
1.892364537E1,1.011977077E0,-4.219656885E-1,-1.203402519E0
1.893367238E1,9.843459725E-1,-3.068363369E-1,-1.298525810E0
1.894369937E1,8.423669934E-1,-1.039556637E-1,-1.335180521E0
1.895372637E1,6.090008616E-1,2.246427387E-1,-1.347379446E0
1.896375437E1,2.679175735E-1,7.337062359E-1,-1.376123548E0
1.897378137E1,-1.164408848E-1,1.351496100E0,-1.425716877E0
1.898380837E1,-3.856672943E-1,1.936489463E0,-1.484879494E0
1.899383538E1,-3.788393736E-1,2.353668213E0,-1.541857004E0
1.900386238E1,-3.552246839E-2,2.499220848E0,-1.559711576E0
1.901389038E1,6.559607983E-1,2.345205069E0,-1.579305410E0
1.902391738E1,1.604565740E0,2.060704947E0,-1.608866692E0
1.903394437E1,2.623992443E0,1.768540740E0,-1.680851102E0
1.904397137E1,3.469516277E0,1.551126361E0,-1.815266132E0
1.905399837E1,3.896844625E0,1.371339560E0,-1.925744057E0
1.906402637E1,3.930652857E0,1.264941454E0,-1.900565147E0
1.907405337E1,3.695387363E0,1.227396846E0,-1.765738249E0
1.908408038E1,3.288313389E0,1.242297173E0,-1.675283432E0
1.909410738E1,2.692944765E0,1.358998060E0,-1.697285414E0
1.910413437E1,1.918638945E0,1.606575608E0,-1.756492019E0
1.911416137E1,1.109390259E0,1.956757903E0,-1.778949857E0
1.912418937E1,4.703294039E-1,2.264667749E0,-1.743911505E0
1.913421637E1,1.262983978E-1,2.450141191E0,-1.639417768E0
1.914424337E1,9.827900678E-2,2.488863707E0,-1.474466085E0
1.915427038E1,3.380258083E-1,2.409260273E0,-1.272935867E0
1.916429737E1,7.567330599E-1,2.295240164E0,-1.082404017E0
1.917432538E1,1.239105105E0,2.200589657E0,-9.259809852E-1
1.918435237E1,1.684293509E0,2.099609613E0,-8.213747144E-1
1.919437937E1,2.037102938E0,1.942678809E0,-7.850532532E-1
1.920440637E1,2.261399984E0,1.752281189E0,-8.100454211E-1
1.921443338E1,2.357932091E0,1.571689248E0,-8.969243169E-1
1.922446137E1,2.335194111E0,1.430825353E0,-1.042643428E0
1.923448838E1,2.223299503E0,1.304109335E0,-1.212049961E0
1.924451538E1,2.095903158E0,1.146360517E0,-1.331375003E0
1.925454237E1,1.993801594E0,9.305970669E-1,-1.304729223E0
1.926456937E1,1.958545923E0,6.820428967E-1,-1.059049249E0
1.927459637E1,1.993255615E0,4.790640771E-1,-5.491524935E-1
1.928462437E1,2.035585403E0,3.657577634E-1,2.189625353E-1
1.929465137E1,1.953879833E0,2.817760408E-1,1.077779293E0
1.930467838E1,1.669777870E0,2.102637887E-1,1.806138635E0
1.931470537E1,1.137889624E0,2.364669293E-1,2.250719547E0
1.932473237E1,3.260320127E-1,2.571250498E-1,2.534207821E0
1.933476038E1,-6.574721932E-1,1.682193726E-1,2.841184855E0
1.934478737E1,-1.519564629E0,-1.734772325E-1,3.479522467E0
1.935481437E1,-2.024700642E0,-8.775715232E-1,4.669821739E0
1.936484137E1,-2.086410999E0,-1.880392313E0,5.968810081E0
1.937486838E1,-1.803359389E0,-2.650645256E0,6.622841835E0
1.938489637E1,-1.460760474E0,-2.764003038E0,6.136477470E0
1.939492338E1,-1.388863206E0,-2.359519958E0,4.872226238E0
1.940495037E1,-1.760158658E0,-1.815650702E0,3.517547369E0
1.941497737E1,-2.561502457E0,-1.440416694E0,2.483070374E0
1.942500437E1,-3.462240696E0,-1.202201486E0,1.989612699E0
1.943503138E1,-4.163623333E0,-1.077682972E0,1.958814144E0
1.944505937E1,-4.626657963E0,-9.949254990E-1,2.037870884E0
1.945508638E1,-4.889729500E0,-9.139693975E-1,1.933076024E0
1.946511338E1,-5.046004772E0,-7.761766315E-1,1.590814829E0
1.947514037E1,-5.141029358E0,-6.388246417E-1,1.152372718E0
1.948516737E1,-5.180646420E0,-5.578416586E-1,7.785727978E-1
1.949519537E1,-5.127572536E0,-5.584438443E-1,5.503359437E-1
1.950522237E1,-4.933762550E0,-6.194507480E-1,4.436648786E-1
1.951524913E1,-4.573789597E0,-7.059583068E-1,3.994900286E-1
1.952527613E1,-4.065449238E0,-7.896734476E-1,3.782976568E-1
1.953530312E1,-3.434380770E0,-8.202203512E-1,3.462146223E-1
1.954533012E1,-2.722739935E0,-7.821049094E-1,2.767593861E-1
1.955535812E1,-1.998186707E0,-7.392953038E-1,1.295629144E-1
1.956538512E1,-1.303593040E0,-6.683260798E-1,-1.127991304E-1
1.957541212E1,-7.002064586E-1,-5.331694484E-1,-4.344504774E-1
1.958543913E1,-2.594756782E-1,-4.043667018E-1,-8.342684507E-1
1.959546612E1,8.577880450E-3,-3.155987561E-1,-1.257953167E0
1.960549413E1,1.219558418E-1,-2.314956039E-1,-1.637526393E0
1.961552113E1,1.344266087E-1,-1.197997481E-1,-1.924532533E0
1.962554812E1,1.038753539E-1,9.315700084E-2,-2.086909056E0
1.963557512E1,7.593587041E-2,3.968164027E-1,-2.063106298E0
1.964560212E1,7.340054214E-2,7.513909936E-1,-1.935628414E0
1.965562913E1,8.691115677E-2,1.128052473E0,-1.840424418E0
1.966565712E1,1.343194246E-1,1.532653928E0,-1.779292822E0
1.967568413E1,2.470698208E-1,1.873607039E0,-1.728472829E0
1.968571112E1,4.404794872E-1,2.055698395E0,-1.752796292E0
1.969573812E1,7.205441594E-1,2.045909166E0,-1.842643142E0
1.970576512E1,1.124226451E0,1.833814263E0,-1.824419141E0
1.971579312E1,1.689836264E0,1.519605517E0,-1.585940838E0
1.972582012E1,2.397181273E0,1.304238677E0,-1.319862008E0
1.973584713E1,3.172509432E0,1.425734758E0,-1.309967875E0
1.974587413E1,3.791959047E0,1.739339113E0,-1.582399368E0
1.975590112E1,4.011620522E0,1.816233516E0,-1.979180455E0
1.976592812E1,3.737058401E0,1.587256074E0,-2.331125975E0
1.977595612E1,3.061600447E0,1.336282015E0,-2.534671307E0
1.978598312E1,2.151928186E0,1.364625335E0,-2.604457140E0
1.979601012E1,1.186170936E0,1.753109932E0,-2.576521635E0
1.980603713E1,3.277028501E-1,2.308043957E0,-2.486410856E0
1.981606412E1,-2.725763023E-1,2.800723791E0,-2.341136456E0
1.982609213E1,-5.076586008E-1,3.091006994E0,-2.119943619E0
1.983611913E1,-3.780196607E-1,3.129248142E0,-1.795035839E0
1.984614612E1,7.665279508E-2,2.980896711E0,-1.417449474E0
1.985617312E1,7.751919031E-1,2.752339840E0,-1.043058395E0
1.986620012E1,1.586461425E0,2.494576931E0,-7.316446900E-1
1.987622713E1,2.367441177E0,2.189374924E0,-5.307658911E-1
1.988625512E1,2.959610224E0,1.806153417E0,-4.480316341E-1
1.989628213E1,3.283850431E0,1.431288481E0,-4.604376256E-1
1.990630912E1,3.350823879E0,1.166656852E0,-5.506886840E-1
1.991633612E1,3.182377100E0,1.047066808E0,-6.845077276E-1
1.992636312E1,2.801346302E0,1.015138149E0,-8.283426762E-1
1.993639112E1,2.270183086E0,1.033051372E0,-9.332028627E-1
1.994641812E1,1.650976777E0,9.690634012E-1,-9.102067351E-1
1.995644513E1,1.044660330E0,7.403100729E-1,-6.499718428E-1
1.996647213E1,5.235681534E-1,3.705139458E-1,-8.503308147E-2
1.997649912E1,7.859929651E-2,-3.237244487E-2,6.797630191E-1
1.998652612E1,-3.261356652E-1,-3.130853474E-1,1.495433807E0
1.999655412E1,-7.556004524E-1,-4.093331397E-1,2.169453621E0
2.000658112E1,-1.283724070E0,-3.467608392E-1,2.529921770E0
2.001660812E1,-1.994603276E0,-1.535015106E-1,2.622078657E0
2.002663513E1,-2.832029819E0,2.830131166E-2,2.557137966E0
2.003666212E1,-3.610749245E0,4.020122066E-2,2.474470615E0
2.004669013E1,-4.144107819E0,-3.310495615E-1,2.608205557E0
2.005671713E1,-4.320274353E0,-1.179585695E0,3.196952105E0
2.006674412E1,-4.113979816E0,-2.198937178E0,4.110572338E0
2.007677112E1,-3.627200603E0,-2.967884541E0,4.823306084E0
2.008679813E1,-3.033930302E0,-3.363878012E0,4.852606297E0
2.009682513E1,-2.508996010E0,-3.247652292E0,4.133290768E0
2.010685312E1,-2.235961914E0,-2.851863146E0,3.011098862E0
2.011688013E1,-2.315692663E0,-2.563099146E0,1.927344561E0
2.012690712E1,-2.574431419E0,-2.383724928E0,1.120616794E0
2.013693412E1,-2.751309633E0,-2.179767132E0,7.063149810E-1
2.014696112E1,-2.827255487E0,-1.910271764E0,5.463923812E-1
2.015698813E1,-2.855435848E0,-1.634767771E0,4.707334936E-1
2.016701612E1,-2.832925081E0,-1.370182753E0,3.317934275E-1
2.017704313E1,-2.786626577E0,-1.172283888E0,1.335825324E-1
2.018707013E1,-2.724939585E0,-1.082994461E0,-4.978942126E-2
2.019709712E1,-2.608428478E0,-1.113197803E0,-1.427863985E-1
2.020712412E1,-2.386047840E0,-1.219059229E0,-1.373588741E-1
2.021715212E1,-2.048992634E0,-1.316700935E0,-5.661191791E-2
2.022717912E1,-1.650998950E0,-1.313287258E0,3.701204062E-2
2.023720612E1,-1.257919312E0,-1.233222127E0,6.782747060E-2
2.024723313E1,-9.143152833E-1,-1.102303982E0,1.477277186E-2
2.025726012E1,-6.399317980E-1,-9.223039150E-1,-8.565763384E-2
2.026728712E1,-4.374426305E-1,-6.958702803E-1,-2.156356126E-1
2.027731513E1,-2.683037817E-1,-4.449638426E-1,-3.953843415E-1
2.028734212E1,-1.063447222E-1,-1.899928004E-1,-6.412436962E-1
2.029736912E1,6.052641943E-2,2.640086785E-2,-9.212676883E-1
2.030739613E1,2.432317883E-1,2.253067791E-1,-1.169135571E0
2.031742313E1,4.357649088E-1,4.195681214E-1,-1.349012494E0
2.032745012E1,6.475223899E-1,6.080735922E-1,-1.452972651E0
2.033747813E1,8.549034595E-1,8.143051267E-1,-1.431781530E0
2.034750512E1,1.013750315E0,1.049689174E0,-1.280418634E0
2.035753212E1,1.108883977E0,1.316103816E0,-1.094926357E0
2.036755912E1,1.172728419E0,1.584139228E0,-9.295462370E-1
2.037758613E1,1.260494351E0,1.907341123E0,-8.396924734E-1
2.038761312E1,1.365359306E0,2.250859976E0,-8.978947997E-1
2.039764113E1,1.477506399E0,2.444971800E0,-1.046304345E0
2.040766813E1,1.626121163E0,2.434264898E0,-1.171246886E0
2.041769512E1,1.946151614E0,2.251471758E0,-1.195722461E0
2.042772212E1,2.500373602E0,2.046306133E0,-1.221317887E0
2.043774912E1,3.195454597E0,1.931735158E0,-1.425870776E0
2.044777712E1,3.806513071E0,1.868770361E0,-1.815560222E0
2.045780412E1,4.053503036E0,1.798374653E0,-2.197575808E0
2.046783113E1,3.863026381E0,1.714670420E0,-2.352313280E0
2.047785812E1,3.373710871E0,1.715783834E0,-2.266350269E0
2.048788512E1,2.773876905E0,1.766227841E0,-2.064780951E0
2.049791212E1,2.194503307E0,1.898177862E0,-1.931413651E0
2.050794012E1,1.688039660E0,2.107319117E0,-1.891823292E0
2.051796750E1,1.256677628E0,2.315778017E0,-1.866218209E0
2.052799450E1,9.211987257E-1,2.428913355E0,-1.784194112E0
2.053802150E1,7.461344600E-1,2.386724234E0,-1.613023758E0
2.054804850E1,7.505390644E-1,2.274325132E0,-1.372407675E0
2.055807550E1,9.078317285E-1,2.175257921E0,-1.122586608E0
2.056810350E1,1.145325184E0,2.130422354E0,-8.912953734E-1
2.057813050E1,1.367799282E0,2.119760990E0,-6.958410144E-1
2.058815750E1,1.520769358E0,2.075472593E0,-5.596506596E-1
2.059818450E1,1.595863581E0,1.955009580E0,-5.307164788E-1
2.060821150E1,1.617070913E0,1.787703991E0,-6.109913588E-1
2.061823850E1,1.559831023E0,1.646464109E0,-7.502214313E-1
2.062826650E1,1.404048562E0,1.476994157E0,-8.941101432E-1
2.063829350E1,1.167014122E0,1.283247232E0,-9.511435628E-1
2.064832050E1,8.726260066E-1,1.064354062E0,-8.825093508E-1
2.065834750E1,5.694810152E-1,8.468599916E-1,-6.611887813E-1
2.066837450E1,2.841624320E-1,6.459090114E-1,-2.749052644E-1
2.067840250E1,1.501458883E-2,4.478580654E-1,2.318818420E-1
2.068842950E1,-2.721852362E-1,2.265578955E-1,7.830451131E-1
2.069845650E1,-6.433864832E-1,5.969542637E-2,1.281790853E0
2.070848350E1,-1.153260827E0,-1.739722863E-2,1.705027938E0
2.071851050E1,-1.769047260E0,-1.054714620E-2,1.964542985E0
2.072853750E1,-2.448488712E0,-5.430581048E-2,2.124249220E0
2.073856550E1,-3.070641279E0,-3.756074905E-1,2.321472168E0
2.074859250E1,-3.559162617E0,-1.148284793E0,2.796736717E0
2.075861950E1,-3.878542185E0,-2.076614857E0,3.552845240E0
2.076864650E1,-3.968578577E0,-2.723619223E0,4.217236042E0
2.077867350E1,-3.821734905E0,-2.896972418E0,4.465914249E0
2.078870050E1,-3.526091576E0,-2.703033924E0,4.245351315E0
2.079872850E1,-3.145489693E0,-2.292762280E0,3.630059242E0
2.080875550E1,-2.745130062E0,-1.830266237E0,2.742435455E0
2.081878250E1,-2.385504484E0,-1.596074343E0,1.758038640E0
2.082880950E1,-2.096345901E0,-1.657571197E0,9.393365383E-1
2.083883650E1,-1.826472878E0,-1.930428863E0,5.141099095E-1
2.084886350E1,-1.536198616E0,-2.198486805E0,4.379570782E-1
2.085889150E1,-1.265060663E0,-2.275752783E0,4.330843389E-1
2.086891850E1,-1.101207018E0,-2.098036766E0,3.076225519E-1
2.087894550E1,-1.123227596E0,-1.801659465E0,5.828716233E-2
2.088897250E1,-1.323883772E0,-1.544760823E0,-1.999385357E-1
2.089899950E1,-1.590109944E0,-1.411507130E0,-3.870076537E-1
2.090902750E1,-1.782844424E0,-1.401702166E0,-5.155856013E-1
2.091905450E1,-1.851962566E0,-1.418573141E0,-5.866081715E-1
2.092908150E1,-1.818912745E0,-1.439792395E0,-5.994113088E-1
2.093910850E1,-1.704959154E0,-1.456236959E0,-6.055468917E-1
2.094913550E1,-1.544047713E0,-1.412443757E0,-6.482725143E-1
2.095916250E1,-1.347718120E0,-1.246204495E0,-7.097139955E-1
2.096919050E1,-1.127261639E0,-9.937562943E-1,-7.353802323E-1
2.097921750E1,-8.937999010E-1,-7.287729383E-1,-7.336653471E-1
2.098924450E1,-6.595029831E-1,-5.015048981E-1,-7.371154428E-1
2.099927150E1,-4.424659014E-1,-3.118775189E-1,-7.790067196E-1
2.100929850E1,-2.443088442E-1,-1.445844024E-1,-8.638278842E-1
2.101932550E1,-5.779929459E-2,4.332878813E-2,-9.461041689E-1
2.102935350E1,1.237119138E-1,2.465170622E-1,-9.623404145E-1
2.103938050E1,3.091215789E-1,4.629104435E-1,-8.762064576E-1
2.104940750E1,4.605417252E-1,7.530863285E-1,-7.430443764E-1
2.105943450E1,5.331590772E-1,1.136836290E0,-6.558611393E-1
2.106946150E1,5.276649594E-1,1.622766018E0,-6.331536770E-1
2.107948850E1,4.654833376E-1,2.176416874E0,-6.563616991E-1
2.108951650E1,4.387564063E-1,2.539993763E0,-5.991436839E-1
2.109954350E1,5.993894935E-1,2.560528755E0,-3.423328400E-1
2.110957050E1,1.021878362E0,2.269138336E0,1.100173071E-1
2.111959750E1,1.676496387E0,1.903082371E0,3.893726468E-1
2.112962450E1,2.485149145E0,1.696346402E0,1.751740575E-1
2.113965150E1,3.238552332E0,1.614791632E0,-4.736014903E-1
2.114967950E1,3.718952179E0,1.607284427E0,-1.162106156E0
2.115970650E1,3.833746672E0,1.536087632E0,-1.569022775E0
2.116973350E1,3.665558577E0,1.386635542E0,-1.695493340E0
2.117976050E1,3.345500469E0,1.274604678E0,-1.679153562E0
2.118978750E1,2.882827044E0,1.363149643E0,-1.641427994E0
2.119981450E1,2.290408134E0,1.651766777E0,-1.646516442E0
2.120984250E1,1.633746624E0,2.015582800E0,-1.693784356E0
2.121986950E1,1.049974799E0,2.282775640E0,-1.708334446E0
2.122989650E1,6.829741001E-1,2.341263294E0,-1.620911717E0
2.123992350E1,6.269245744E-1,2.178886175E0,-1.457507968E0
2.124995050E1,8.742496967E-1,1.855093002E0,-1.276612759E0
2.125997750E1,1.356823564E0,1.527116418E0,-1.135278702E0
2.127000550E1,1.947378755E0,1.273660660E0,-1.031695366E0
2.128003250E1,2.451615334E0,1.056911469E0,-9.070796371E-1
2.129005950E1,2.758309603E0,8.898501396E-1,-7.619831562E-1
2.130008650E1,2.844132662E0,8.333604932E-1,-6.162661910E-1
2.131011350E1,2.708539724E0,8.475369811E-1,-5.242521167E-1
2.132014050E1,2.380121469E0,8.520690203E-1,-5.111068487E-1
2.133016850E1,1.903230906E0,7.645990849E-1,-5.442877412E-1
2.134019550E1,1.366196871E0,5.389512181E-1,-5.005716681E-1
2.135022250E1,8.361210823E-1,1.626114100E-1,-2.353708893E-1
2.136024950E1,3.464529812E-1,-2.748094797E-1,2.648096681E-1
2.137027650E1,-1.048391089E-1,-6.296256185E-1,8.989586830E-1
2.138030350E1,-5.297495127E-1,-7.819685936E-1,1.471282244E0
2.139033150E1,-9.364520311E-1,-7.707276344E-1,1.854869008E0
2.140035850E1,-1.313821673E0,-6.680085659E-1,2.075696707E0
2.141038550E1,-1.648042798E0,-5.690942407E-1,2.244083881E0
2.142041250E1,-1.900263190E0,-6.606250405E-1,2.435132027E0
2.143043950E1,-2.098548174E0,-1.036763191E0,2.890940189E0
2.144046650E1,-2.255219698E0,-1.757906914E0,3.757092953E0
2.145049450E1,-2.267863512E0,-2.600719213E0,4.740029812E0
2.146052150E1,-2.047255278E0,-3.251489878E0,5.346895695E0
2.147054850E1,-1.643369198E0,-3.495306969E0,5.154044628E0
2.148057550E1,-1.233177781E0,-3.337436438E0,4.408697128E0
2.149060250E1,-1.014389038E0,-3.196831465E0,3.708980799E0
2.150062950E1,-9.926894903E-1,-3.261326551E0,3.361917019E0
2.151065750E1,-9.774940610E-1,-3.342229605E0,3.340700626E0
2.152068483E1,-8.511297703E-1,-3.332048893E0,3.586613894E0
2.153071183E1,-5.970743299E-1,-3.307410479E0,4.004096985E0
2.154073883E1,-2.222823799E-1,-3.344170809E0,4.344211578E0
2.155076583E1,2.260544002E-1,-3.399232626E0,4.210601807E0
2.156079283E1,5.614154935E-1,-3.269362211E0,3.486400366E0
2.157082083E1,5.512848496E-1,-3.043498278E0,2.460994244E0
2.158084783E1,1.241428107E-1,-2.779713631E0,1.572987318E0
2.159087483E1,-6.100033522E-1,-2.527164698E0,1.028914452E0
2.160090183E1,-1.454807878E0,-2.231805086E0,8.059029579E-1
2.161092883E1,-2.235552788E0,-1.872951508E0,7.903450131E-1
2.162095583E1,-2.882776260E0,-1.425549865E0,8.707016706E-1
2.163098383E1,-3.391811371E0,-9.359165430E-1,9.362007976E-1
2.164101083E1,-3.723212719E0,-4.241977632E-1,9.367441535E-1
2.165103783E1,-3.844988585E0,5.912493542E-2,7.968488932E-1
2.166106483E1,-3.764966011E0,4.513065219E-1,4.769302309E-1
2.167109183E1,-3.528257132E0,7.744311094E-1,9.336134419E-3
2.168111883E1,-3.167751312E0,1.017394304E0,-5.547945499E-1
2.169114683E1,-2.746001959E0,1.119899631E0,-1.135091901E0
2.170117383E1,-2.315368652E0,1.074309468E0,-1.658546925E0
2.171120083E1,-1.844364762E0,9.677118659E-1,-2.056863546E0
2.172122783E1,-1.286958337E0,9.313958287E-1,-2.263486624E0
2.173125483E1,-6.258941293E-1,1.088438272E0,-2.282647133E0
2.174128183E1,5.017231032E-2,1.516956687E0,-2.200164795E0
2.175130983E1,6.039788127E-1,2.044860840E0,-2.064155817E0
2.176133683E1,9.442420602E-1,2.460526466E0,-1.936701417E0
2.177136383E1,1.130002141E0,2.643950701E0,-1.902379155E0
2.178139083E1,1.298554540E0,2.605759859E0,-1.987357855E0
2.179141783E1,1.612999797E0,2.332410097E0,-2.085930347E0
2.180144483E1,2.136093616E0,1.888607979E0,-2.112478733E0
2.181147283E1,2.862070322E0,1.445450068E0,-2.050591230E0
2.182149983E1,3.694579601E0,1.227305770E0,-2.082340479E0
2.183152683E1,4.457682133E0,1.243109822E0,-2.321421623E0
2.184155383E1,4.933235168E0,1.337383986E0,-2.655690908E0
2.185158083E1,5.016687870E0,1.439499617E0,-2.851773500E0
2.186160783E1,4.708240509E0,1.490113020E0,-2.823611736E0
2.187163483E1,4.119366169E0,1.546061993E0,-2.684925556E0
2.188166283E1,3.369407177E0,1.733029127E0,-2.584703922E0
2.189168983E1,2.539170504E0,2.050724983E0,-2.543909073E0
2.190171683E1,1.711431146E0,2.451052427E0,-2.466035366E0
2.191174383E1,9.732268453E-1,2.839191675E0,-2.297100067E0
2.192177083E1,4.128843248E-1,3.145136595E0,-2.040091991E0
2.193179783E1,6.056355685E-2,3.302234888E0,-1.722921371E0
2.194182583E1,-5.713403970E-2,3.301597834E0,-1.404405355E0
2.195185283E1,5.325584859E-2,3.212632418E0,-1.116272330E0
2.196187983E1,3.446622789E-1,3.046481371E0,-8.555824757E-1
2.197190683E1,7.564229369E-1,2.812356472E0,-6.403104067E-1
2.198193383E1,1.205391645E0,2.505646467E0,-5.144854784E-1
2.199196083E1,1.613707304E0,2.115984201E0,-5.294215679E-1
2.200198883E1,1.899173498E0,1.661200166E0,-6.875652075E-1
2.201201583E1,1.987758517E0,1.213232040E0,-9.215071201E-1
2.202204283E1,1.864466548E0,8.308830261E-1,-1.152679086E0
2.203206983E1,1.574582338E0,5.350692272E-1,-1.306026340E0
2.204209683E1,1.181466699E0,4.137879610E-1,-1.312166691E0
2.205212383E1,7.583105564E-1,4.166942537E-1,-1.154158592E0
2.206215183E1,3.747630417E-1,4.109241068E-1,-7.942149639E-1
2.207217883E1,8.029625565E-2,2.878618240E-1,-2.616029382E-1
2.208220583E1,-1.344677061E-1,1.062172726E-1,3.428630829E-1
2.209223283E1,-3.391393721E-1,-8.735884726E-2,8.852190375E-1
2.210225983E1,-6.098926067E-1,-2.616137266E-1,1.251351237E0
2.211228683E1,-9.951673150E-1,-3.411961794E-1,1.417727351E0
2.212231483E1,-1.517269731E0,-2.614608407E-1,1.520979404E0
2.213234183E1,-2.137890339E0,-5.905551836E-2,1.824395776E0
2.214236883E1,-2.733615160E0,-1.879656920E-3,2.607738018E0
2.215239583E1,-3.100219965E0,-3.091660738E-1,3.912302017E0
2.216242283E1,-3.076078415E0,-7.826644182E-1,5.180032253E0
2.217244983E1,-2.721853018E0,-1.270699859E0,5.593687057E0
2.218247683E1,-2.253485680E0,-1.627089620E0,4.790581703E0
2.219250483E1,-2.050906420E0,-1.759528637E0,3.310749054E0
2.220253183E1,-2.264427423E0,-1.875425100E0,2.074787140E0
2.221255883E1,-2.632625818E0,-1.913457751E0,1.477466345E0
2.222258583E1,-2.914327145E0,-1.868216395E0,1.452277899E0
2.223261283E1,-3.114127398E0,-1.547384620E0,1.712131023E0
2.224263983E1,-3.331866980E0,-9.801755548E-1,1.916525006E0
2.225266783E1,-3.646002531E0,-3.107311726E-1,1.902677417E0
2.226269483E1,-4.115850925E0,1.766274869E-1,1.661298513E0
2.227272183E1,-4.693514347E0,3.089077473E-1,1.249745250E0
2.228274883E1,-5.204463005E0,1.632427275E-1,7.855585814E-1
2.229277583E1,-5.484209061E0,-1.036720499E-1,4.146694839E-1
2.230280283E1,-5.446729660E0,-3.690404594E-1,1.883935928E-1
2.231283083E1,-5.085454941E0,-5.891778469E-1,6.115121767E-2
2.232285783E1,-4.432238579E0,-7.717826962E-1,-4.697516561E-2
2.233288483E1,-3.570231915E0,-8.556259274E-1,-1.928524822E-1
2.234291183E1,-2.612855434E0,-8.143668771E-1,-3.758088350E-1
2.235293883E1,-1.679683208E0,-6.723567247E-1,-6.118447781E-1
2.236296583E1,-8.819292784E-1,-4.825715423E-1,-9.080547690E-1
2.237299383E1,-2.875204980E-1,-3.192758262E-1,-1.207957029E0
2.238302083E1,1.022643968E-1,-1.940821409E-1,-1.462119460E0
2.239304783E1,3.534617126E-1,-1.155961156E-1,-1.628255963E0
2.240307483E1,5.426087976E-1,-2.986167558E-2,-1.723806262E0
2.241310183E1,7.174500823E-1,1.101564169E-1,-1.810848236E0
2.242312883E1,9.102277756E-1,3.642050326E-1,-1.923625350E0
2.243315583E1,1.106058359E0,6.779224873E-1,-1.998787999E0
2.244318383E1,1.363127470E0,1.065926790E0,-2.015040159E0
2.245321083E1,1.567150354E0,1.363042355E0,-2.009957790E0
2.246323783E1,1.775956392E0,1.709598422E0,-1.995365381E0
2.247326483E1,1.910378933E0,2.067468405E0,-2.040942907E0
2.248329183E1,1.894808412E0,2.516605139E0,-2.135970354E0
2.249331883E1,1.689467192E0,2.996999025E0,-2.167505741E0
2.250334683E1,1.373986959E0,3.349899292E0,-1.958598137E0
2.251337383E1,1.260234356E0,3.412622452E0,-1.447917581E0
2.252340083E1,1.521927238E0,3.368139744E0,-7.651358843E-1
2.253342783E1,2.021763563E0,3.170554399E0,-2.805068791E-1
2.254345483E1,2.522151232E0,2.676721096E0,-2.145754099E-1
2.255348183E1,2.898146391E0,1.855860710E0,-4.371759892E-1
2.256350883E1,2.985703707E0,1.016382337E0,-8.265963197E-1
2.257353683E1,2.683050394E0,5.189837813E-1,-1.301370859E0
2.258356383E1,2.076847315E0,4.845861793E-1,-1.649720311E0
2.259359083E1,1.369219184E0,9.003397226E-1,-1.759866357E0
2.260361783E1,7.150619030E-1,1.503789067E0,-1.649019003E0
2.261364483E1,2.533419430E-1,1.983413458E0,-1.366554022E0
2.262367183E1,1.040216908E-1,2.168790102E0,-9.859303236E-1
2.263369983E1,3.192506731E-1,2.056123972E0,-6.108230352E-1
2.264372683E1,8.565351367E-1,1.700630188E0,-3.364441097E-1
2.265375383E1,1.595581770E0,1.176120639E0,-2.616324723E-1
2.266378083E1,2.381294727E0,6.213417053E-1,-3.334572911E-1
2.267380783E1,3.033692360E0,1.590933353E-1,-4.056904912E-1
2.268383483E1,3.515429258E0,-8.559053391E-2,-4.001758993E-1
2.269386283E1,3.835340023E0,-1.035088152E-1,-3.219665885E-1
2.270388983E1,3.972018242E0,-8.408962749E-3,-1.998913437E-1
2.271391683E1,3.857393026E0,5.153186619E-2,-5.345103890E-2
2.272394383E1,3.496954679E0,2.999508195E-2,6.930495054E-2
2.273397083E1,2.930453539E0,-1.190785542E-1,1.885224283E-1
2.274399783E1,2.247372627E0,-3.824830055E-1,3.896314204E-1
2.275402483E1,1.553321362E0,-6.720956564E-1,7.650849223E-1
2.276405283E1,8.989179134E-1,-8.940494657E-1,1.240756989E0
2.277407983E1,3.095046878E-1,-9.315888286E-1,1.731914163E0
2.278410683E1,-2.668001950E-1,-7.842762470E-1,2.164401770E0
2.279413383E1,-8.838303685E-1,-5.864824653E-1,2.485164165E0
2.280416083E1,-1.539168954E0,-4.550071359E-1,2.663298130E0
2.281418783E1,-2.211868286E0,-4.985570014E-1,2.738049984E0
2.282421583E1,-2.822304010E0,-7.899495363E-1,2.881611347E0
2.283424283E1,-3.357376337E0,-1.271342516E0,3.307340145E0
2.284426983E1,-3.709234715E0,-1.571014285E0,3.968142271E0
2.285429683E1,-3.816447258E0,-1.576368570E0,4.521846294E0
2.286432383E1,-3.765879393E0,-1.458164930E0,4.478889942E0
2.287435083E1,-3.643455982E0,-1.301026702E0,3.727058411E0
2.288437883E1,-3.545189381E0,-1.340212226E0,2.595473528E0
2.289440583E1,-3.421473265E0,-1.658808112E0,1.524261832E0
2.290443283E1,-3.136629105E0,-2.049463749E0,8.223115802E-1
2.291445983E1,-2.713293791E0,-2.271910906E0,4.943217039E-1
2.292448683E1,-2.332076311E0,-2.166020870E0,3.500250280E-1
2.293451383E1,-2.165322781E0,-1.807334185E0,2.232404500E-1
2.294454083E1,-2.205972910E0,-1.338815928E0,5.674741417E-2
2.295456883E1,-2.362535954E0,-9.019032717E-1,-1.248013452E-1
2.296459583E1,-2.533650875E0,-6.083016396E-1,-2.451952398E-1
2.297462283E1,-2.603593588E0,-4.606161118E-1,-2.513402402E-1
2.298464983E1,-2.515038967E0,-4.550405443E-1,-1.845716387E-1
2.299467683E1,-2.265617132E0,-5.482423306E-1,-1.403551847E-1
2.300470383E1,-1.906578183E0,-6.769717336E-1,-1.571744233E-1
2.301473083E1,-1.477288008E0,-7.591422200E-1,-2.373278439E-1
2.302475883E1,-1.016688943E0,-7.756213546E-1,-3.545850813E-1
2.303478583E1,-5.435773134E-1,-7.093821168E-1,-4.633390009E-1
2.304481283E1,-1.008222699E-1,-5.835042596E-1,-5.416310430E-1
2.305483983E1,2.613830864E-1,-4.369537532E-1,-5.980852246E-1
2.306486683E1,5.017669201E-1,-2.852422595E-1,-6.968200207E-1
2.307489383E1,6.097815633E-1,-1.272819191E-1,-8.639418483E-1
2.308492183E1,6.457753778E-1,4.742307216E-2,-1.052258134E0
2.309494883E1,6.645328403E-1,2.444959283E-1,-1.209366322E0
2.310497583E1,7.145947814E-1,4.712820053E-1,-1.301656008E0
2.311500283E1,8.389636278E-1,7.292336822E-1,-1.348310351E0
2.312502983E1,1.050511479E0,1.011878252E0,-1.353364468E0
2.313505683E1,1.303830266E0,1.298664212E0,-1.324924588E0
2.314508383E1,1.531565785E0,1.541340351E0,-1.387246490E0
2.315511183E1,1.710503578E0,1.758893490E0,-1.647071958E0
2.316513883E1,1.824622750E0,1.936956406E0,-1.939362168E0
2.317516583E1,1.961397886E0,1.933178782E0,-2.042261124E0
2.318519283E1,2.239993572E0,1.761155009E0,-1.867053270E0
2.319521983E1,2.739074230E0,1.582240582E0,-1.522428751E0
2.320524683E1,3.408228397E0,1.525753975E0,-1.197501540E0
2.321527483E1,4.096878529E0,1.478334546E0,-1.091409922E0
2.322530183E1,4.632035732E0,1.322209358E0,-1.219027281E0
2.323532883E1,4.930500507E0,1.133156538E0,-1.425787210E0
2.324535583E1,4.952974319E0,1.010546088E0,-1.548141241E0
2.325538283E1,4.683376312E0,9.776928425E-1,-1.537595391E0
2.326540983E1,4.183711052E0,1.066283584E0,-1.464109182E0
2.327543683E1,3.568759680E0,1.288833857E0,-1.418354511E0
2.328546483E1,2.924839020E0,1.634163737E0,-1.418575406E0
2.329549183E1,2.316717625E0,2.008545399E0,-1.415238976E0
2.330551883E1,1.816925406E0,2.279264688E0,-1.360314369E0
2.331554583E1,1.481684566E0,2.372849941E0,-1.230014205E0
2.332557283E1,1.332930803E0,2.311443806E0,-1.030078411E0
2.333559983E1,1.373521090E0,2.195368290E0,-8.101726174E-1
2.334562683E1,1.558032990E0,2.102175474E0,-6.008365750E-1
2.335565483E1,1.785829663E0,2.029909134E0,-4.229755104E-1
2.336568183E1,1.961536527E0,1.949615002E0,-3.140051067E-1
2.337570883E1,2.035496712E0,1.810163140E0,-2.769568264E-1
2.338573583E1,2.001820564E0,1.616915941E0,-3.370716870E-1
2.339576283E1,1.859647870E0,1.404067755E0,-4.723224342E-1
2.340578983E1,1.612002850E0,1.189596772E0,-6.410046816E-1
2.341581783E1,1.270181775E0,9.806001186E-1,-7.873440385E-1
2.342584483E1,8.362840414E-1,7.627432346E-1,-8.167378902E-1
2.343587183E1,3.364047408E-1,5.742591023E-1,-6.865652800E-1
2.344589883E1,-1.842208952E-1,3.887792230E-1,-4.078755379E-1
2.345592583E1,-6.699178219E-1,2.225391269E-1,-3.042679094E-2
2.346595283E1,-1.102879524E0,6.663376093E-2,3.270651698E-1
2.347597983E1,-1.519188881E0,-7.516252249E-2,6.108172536E-1
2.348600783E1,-1.963938713E0,-1.892565191E-1,8.233707547E-1
2.349603483E1,-2.419301987E0,-2.726699412E-1,1.051772475E0
2.350606183E1,-2.856845856E0,-4.368066490E-1,1.545189977E0
2.351608846E1,-3.201903582E0,-7.952225804E-1,2.625137568E0
2.352611546E1,-3.303870678E0,-1.382962465E0,4.078980446E0
2.353614246E1,-3.080102682E0,-1.860421658E0,5.214302063E0
2.354617046E1,-2.560131788E0,-1.912645102E0,5.465053082E0
2.355619746E1,-1.910287499E0,-1.506080985E0,4.730379105E0
2.356622446E1,-1.428873777E0,-1.015490532E0,3.462471008E0
2.357625146E1,-1.350397587E0,-9.346281290E-1,2.271695852E0
2.358627846E1,-1.558775783E0,-1.160435557E0,1.605402231E0
2.359630546E1,-1.868620992E0,-1.374028563E0,1.539631248E0
2.360633246E1,-2.194897890E0,-1.335588336E0,1.701976418E0
2.361636046E1,-2.539227724E0,-1.086200356E0,1.772308350E0
2.362638746E1,-2.907388687E0,-7.922505736E-1,1.621426344E0
2.363641446E1,-3.324930906E0,-5.776367784E-1,1.341573358E0
2.364644146E1,-3.771785259E0,-4.945906103E-1,1.131751895E0
2.365646846E1,-4.156772137E0,-5.214775801E-1,1.060343504E0
2.366649546E1,-4.383802414E0,-6.516993642E-1,1.044517875E0
2.367652246E1,-4.324085236E0,-8.342830539E-1,1.014404893E0
2.368655046E1,-3.941834688E0,-1.012891054E0,9.121698141E-1
2.369657746E1,-3.299145937E0,-1.138201356E0,6.990546584E-1
2.370660446E1,-2.527546644E0,-1.207455516E0,4.076555073E-1
2.371663146E1,-1.733046412E0,-1.193510652E0,7.720810175E-2
2.372665846E1,-1.021921992E0,-1.136061072E0,-2.703571320E-1
2.373668546E1,-4.833968282E-1,-1.016803980E0,-5.965618491E-1
2.374671346E1,-1.395048201E-1,-8.608090878E-1,-9.040887952E-1
2.375674046E1,3.930114582E-2,-6.824814677E-1,-1.179366708E0
2.376676746E1,1.045794860E-1,-4.752969444E-1,-1.435934663E0
2.377679446E1,8.905299008E-2,-2.351392061E-1,-1.689591169E0
2.378682146E1,2.160750143E-2,6.261745840E-2,-1.892194748E0
2.379684846E1,-9.675216675E-2,3.962023556E-1,-1.948345661E0
2.380687546E1,-2.383636236E-1,7.698926926E-1,-1.878943324E0
2.381690346E1,-3.627542853E-1,1.245203257E0,-1.761741042E0
2.382693046E1,-4.141086936E-1,1.765117168E0,-1.677311778E0
2.383695746E1,-3.649501801E-1,2.242667198E0,-1.683387041E0
2.384698446E1,-2.353815585E-1,2.569958210E0,-1.809940219E0
2.385701146E1,-1.131276600E-2,2.674987078E0,-1.960380435E0
2.386703846E1,3.797778785E-1,2.477947474E0,-1.974454522E0
2.387706546E1,1.029093623E0,1.991367221E0,-1.738242269E0
2.388709346E1,1.887465358E0,1.245855451E0,-1.314292789E0
2.389712046E1,2.851832628E0,7.086557746E-1,-1.017548919E0
2.390714746E1,3.775575161E0,7.244091630E-1,-1.186975718E0
2.391717446E1,4.462632656E0,1.140901446E0,-1.694208741E0
2.392720146E1,4.781437874E0,1.425788999E0,-2.229834080E0
2.393722846E1,4.651743412E0,1.292220712E0,-2.686195850E0
2.394725546E1,4.101937294E0,1.008448601E0,-2.931334734E0
2.395728346E1,3.314744949E0,9.033238292E-1,-2.896763325E0
2.396731046E1,2.473283529E0,1.098717570E0,-2.742212534E0
2.397733746E1,1.704435229E0,1.497195244E0,-2.600847244E0
2.398736446E1,1.090046048E0,1.870251060E0,-2.477564335E0
2.399739146E1,6.777788401E-1,2.107328176E0,-2.352670908E0
2.400741846E1,4.758330584E-1,2.133593082E0,-2.205833912E0
2.401744546E1,4.891685843E-1,1.974300623E0,-2.063168287E0
2.402747346E1,6.993166208E-1,1.695799470E0,-1.894125104E0
2.403750046E1,1.039772987E0,1.391547799E0,-1.688091159E0
2.404752746E1,1.424983144E0,1.170408130E0,-1.475043058E0
2.405755446E1,1.777904391E0,1.090600371E0,-1.275476336E0
2.406758146E1,2.005740166E0,1.113192916E0,-1.087863803E0
2.407760846E1,2.082694769E0,1.199362993E0,-9.215468168E-1
2.408763546E1,2.016709566E0,1.288077474E0,-7.822587490E-1
2.409766346E1,1.846891284E0,1.330002069E0,-6.556621790E-1
2.410769046E1,1.592434883E0,1.254726768E0,-5.347781181E-1
2.411771746E1,1.276033163E0,1.070926547E0,-3.439330459E-1
2.412774446E1,9.087201953E-1,8.397976756E-1,-8.051522309E-5
2.413777146E1,5.315643549E-1,5.393153429E-1,5.149782896E-1
2.414779846E1,1.911808103E-1,3.006405532E-1,1.189955473E0
2.415782646E1,-1.810460091E-1,2.630710602E-1,1.920410275E0
2.416785346E1,-6.630915999E-1,4.245944619E-1,2.605795622E0
2.417788046E1,-1.284194231E0,8.133363724E-1,3.182516575E0
2.418790746E1,-2.011021852E0,1.308488488E0,3.644206762E0
2.419793446E1,-2.736369133E0,1.709106684E0,4.027057171E0
2.420796146E1,-3.377835751E0,1.852192998E0,4.496784687E0
2.421798846E1,-4.029352188E0,1.487862706E0,5.217056751E0
2.422801646E1,-4.584037781E0,4.675843716E-1,5.819423676E0
2.423804346E1,-4.816888809E0,-8.601207137E-1,5.695912361E0
2.424807046E1,-4.674854279E0,-2.022073746E0,4.767027855E0
2.425809746E1,-4.256256580E0,-2.674237728E0,3.550580978E0
2.426812446E1,-3.724236727E0,-2.746238947E0,2.588790417E0
2.427815146E1,-3.245395899E0,-2.508238077E0,2.060492754E0
2.428817846E1,-2.897239208E0,-2.304654121E0,1.870314717E0
2.429820646E1,-2.673649073E0,-2.304618835E0,1.803173780E0
2.430823346E1,-2.505441904E0,-2.299006462E0,1.731016636E0
2.431826046E1,-2.379400015E0,-2.211488008E0,1.619037986E0
2.432828746E1,-2.315027952E0,-2.033416748E0,1.395819783E0
2.433831446E1,-2.362775326E0,-1.845343709E0,1.053520203E0
2.434834146E1,-2.536766291E0,-1.790674925E0,7.062372565E-1
2.435836846E1,-2.726269722E0,-1.876673698E0,4.457952678E-1
2.436839646E1,-2.765177488E0,-1.988399625E0,2.808934450E-1
2.437842346E1,-2.606014252E0,-2.071262360E0,1.325378269E-1
2.438845046E1,-2.285125017E0,-2.071272850E0,-5.760149285E-2
2.439847746E1,-1.875695348E0,-1.967069507E0,-2.577395737E-1
2.440850446E1,-1.475668550E0,-1.802919626E0,-4.137130380E-1
2.441853146E1,-1.134446740E0,-1.614330292E0,-4.976287186E-1
2.442855846E1,-8.470848799E-1,-1.392587900E0,-5.663949251E-1
2.443858646E1,-5.899077058E-1,-1.129110694E0,-6.968227029E-1
2.444861346E1,-3.778902292E-1,-8.670991063E-1,-9.011586308E-1
2.445864046E1,-2.444863617E-1,-6.405692697E-1,-1.162008882E0
2.446866746E1,-2.128647864E-1,-4.811771512E-1,-1.430820823E0
2.447869446E1,-2.412466258E-1,-3.093419969E-1,-1.665542722E0
2.448872146E1,-2.981276214E-1,-6.067758799E-2,-1.869121432E0
2.449874846E1,-3.198180199E-1,2.906271815E-1,-2.024984837E0
2.450877646E1,-3.208373189E-1,6.796187162E-1,-2.065890551E0
2.451880396E1,-3.384639919E-1,1.079396725E0,-2.022774220E0
2.452883096E1,-3.907177448E-1,1.470312953E0,-1.956482649E0
2.453885796E1,-4.987060130E-1,1.853157282E0,-1.926815510E0
2.454888496E1,-6.194481254E-1,2.118465662E0,-1.866645813E0
2.455891196E1,-6.493168473E-1,2.132254124E0,-1.724497437E0
2.456893896E1,-4.470904768E-1,1.887215495E0,-1.480440259E0
2.457896696E1,4.258362204E-2,1.481167912E0,-1.136527896E0
2.458899396E1,8.676264882E-1,1.229813218E0,-9.450099468E-1
2.459902096E1,1.936387897E0,1.350269794E0,-1.086398602E0
2.460904796E1,2.950998545E0,1.677315354E0,-1.437043786E0
2.461907496E1,3.461749554E0,1.761198282E0,-1.726136327E0
2.462910196E1,3.372354984E0,1.591494918E0,-1.913845658E0
2.463912896E1,2.843029261E0,1.524298787E0,-1.902575970E0
2.464915696E1,2.092686415E0,1.690468431E0,-1.746335864E0
2.465918396E1,1.311734438E0,2.074265957E0,-1.568167925E0
2.466921096E1,6.745661497E-1,2.514386892E0,-1.405152082E0
2.467923796E1,2.975653112E-1,2.863524437E0,-1.262841821E0
2.468926496E1,2.400022894E-1,3.009192467E0,-1.137448668E0
2.469929196E1,4.988889992E-1,2.905181408E0,-9.901138544E-1
2.470931896E1,1.029222846E0,2.587215424E0,-8.345152140E-1
2.471934696E1,1.748253703E0,2.181210041E0,-6.650803685E-1
2.472937396E1,2.546602011E0,1.844850063E0,-4.475584328E-1
2.473940096E1,3.287457705E0,1.600643754E0,-2.070595473E-1
2.474942796E1,3.861595392E0,1.398051620E0,5.517270882E-3
2.475945496E1,4.233805656E0,1.244510531E0,1.294551939E-1
2.476948196E1,4.386197567E0,1.147439837E0,1.631651074E-1
2.477950996E1,4.297760010E0,1.110080719E0,8.785863966E-2
2.478953696E1,3.981494188E0,1.083823919E0,-8.293963969E-2
2.479956396E1,3.482296705E0,1.017738342E0,-2.910784781E-1
2.480959096E1,2.868573666E0,9.150924683E-1,-4.804138243E-1
2.481961796E1,2.211622477E0,6.819255352E-1,-5.811592937E-1
2.482964496E1,1.608324647E0,3.902354538E-1,-4.997908175E-1
2.483967196E1,1.093440175E0,8.672031015E-2,-1.756124794E-1
2.484969996E1,6.909526587E-1,-2.006080598E-1,3.633946478E-1
2.485972696E1,3.626485765E-1,-4.643566310E-1,1.024910212E0
2.486975396E1,2.936076373E-2,-6.274814010E-1,1.669149876E0
2.487978096E1,-3.681394756E-1,-6.359484196E-1,2.172131300E0
2.488980796E1,-8.274099827E-1,-5.843797326E-1,2.562167168E0
2.489983496E1,-1.320726991E0,-5.037669539E-1,2.823321819E0
2.490986196E1,-1.890077233E0,-5.062887669E-1,2.923059940E0
2.491988996E1,-2.598750591E0,-8.228214383E-1,3.162693977E0
2.492991696E1,-3.305371761E0,-1.508195162E0,3.777770758E0
2.493994396E1,-3.656666517E0,-2.249423265E0,4.542878151E0
2.494997096E1,-3.529155970E0,-2.706849337E0,4.909531116E0
2.495999796E1,-3.102940798E0,-2.661516190E0,4.611905575E0
2.497002496E1,-2.626519918E0,-2.248931646E0,3.789210558E0
2.498005196E1,-2.274774313E0,-1.871108294E0,2.744483709E0
2.499007996E1,-2.136447668E0,-1.780845404E0,1.855304480E0
2.500010696E1,-2.074767590E0,-1.799245715E0,1.352728248E0
2.501013396E1,-1.983375430E0,-1.780511618E0,1.165380836E0
2.502016096E1,-1.942206979E0,-1.633674145E0,1.067758679E0
2.503018796E1,-2.063388824E0,-1.402829647E0,9.139595032E-1
2.504021496E1,-2.360976219E0,-1.139501333E0,6.987715960E-1
2.505024296E1,-2.758399725E0,-9.526973963E-1,5.277588964E-1
2.506026996E1,-3.143231392E0,-8.489547372E-1,4.591713250E-1
2.507029696E1,-3.388985395E0,-7.981608510E-1,4.744352102E-1
2.508032396E1,-3.425856829E0,-7.836790681E-1,5.000423193E-1
2.509035096E1,-3.237149715E0,-7.751811147E-1,4.661683738E-1
2.510037796E1,-2.835329056E0,-7.579514980E-1,3.689259887E-1
2.511040496E1,-2.299581289E0,-7.392407656E-1,2.231376767E-1
2.512043296E1,-1.711373210E0,-7.079225779E-1,5.303465948E-2
2.513045996E1,-1.127238512E0,-6.521144509E-1,-1.690064669E-1
2.514048696E1,-6.040008664E-1,-5.964133739E-1,-4.218925238E-1
2.515051396E1,-1.944892406E-1,-5.208004117E-1,-6.912886500E-1
2.516054096E1,5.198924243E-2,-4.165576696E-1,-9.854531884E-1
2.517056796E1,1.348487139E-1,-2.738811374E-1,-1.266653419E0
2.518059496E1,7.420186698E-2,-9.722805023E-2,-1.515005469E0
2.519062296E1,-8.597394824E-2,1.042162925E-1,-1.688073993E0
2.520064996E1,-2.369030118E-1,3.449575305E-1,-1.744167089E0
2.521067696E1,-3.058182895E-1,6.366171837E-1,-1.729473591E0
2.522070396E1,-2.980192304E-1,1.026796341E0,-1.671715736E0
2.523073096E1,-2.430515885E-1,1.462230802E0,-1.610928893E0
2.524075796E1,-1.481932551E-1,1.783391833E0,-1.621028423E0
2.525078496E1,-1.297149458E-3,1.931502938E0,-1.798975110E0
2.526081296E1,1.945916712E-1,1.892521977E0,-2.058177710E0
2.527083996E1,4.856890142E-1,1.732820511E0,-2.175485849E0
2.528086696E1,9.304888844E-1,1.532564640E0,-2.020731688E0
2.529089396E1,1.503118038E0,1.404855847E0,-1.774537325E0
2.530092096E1,2.169453859E0,1.496212482E0,-1.697882175E0
2.531094796E1,2.870722532E0,1.809284687E0,-1.839250922E0
2.532097496E1,3.491937160E0,2.120435715E0,-2.079318285E0
2.533100296E1,3.903178930E0,2.192352772E0,-2.250843287E0
2.534102996E1,4.059502125E0,1.984292865E0,-2.281862736E0
2.535105696E1,4.014173031E0,1.719421387E0,-2.210162163E0
2.536108396E1,3.809755802E0,1.564863801E0,-2.118620634E0
2.537111096E1,3.489402056E0,1.571930647E0,-2.049072504E0
2.538113796E1,3.092050076E0,1.677172065E0,-1.996837258E0
2.539116496E1,2.660700083E0,1.801200390E0,-1.939755201E0
2.540119296E1,2.255119085E0,1.852294922E0,-1.850189686E0
2.541121996E1,1.916059256E0,1.813755512E0,-1.719215035E0
2.542124696E1,1.686540604E0,1.714221478E0,-1.541713715E0
2.543127396E1,1.579143524E0,1.607084394E0,-1.317215085E0
2.544130096E1,1.556995034E0,1.530533433E0,-1.051205516E0
2.545132796E1,1.575498462E0,1.503214121E0,-7.909430861E-1
2.546135596E1,1.619450212E0,1.480041385E0,-5.672503114E-1
2.547138296E1,1.688595414E0,1.436910272E0,-4.326609969E-1
2.548140996E1,1.783079505E0,1.399502635E0,-4.046773016E-1
2.549143696E1,1.876037836E0,1.360430479E0,-4.671970308E-1
2.550146396E1,1.948315024E0,1.322163224E0,-6.043673754E-1
2.551149096E1,1.954429984E0,1.263581276E0,-7.619640827E-1
2.552151696E1,1.866030931E0,1.191278219E0,-8.564069867E-1
2.553154496E1,1.703177333E0,1.109347343E0,-7.966243625E-1
2.554157196E1,1.511894464E0,9.367031455E-1,-5.240730047E-1
2.555159896E1,1.300284624E0,6.713247299E-1,-4.105291888E-2
2.556162596E1,1.084265590E0,3.752203286E-1,5.607221127E-1
2.557165296E1,8.424233198E-1,1.641334295E-1,1.123999357E0
2.558167996E1,5.287271738E-1,4.141176492E-2,1.546008945E0
2.559170696E1,7.626409084E-2,-1.276119240E-2,1.792592406E0
2.560173496E1,-5.493252277E-1,-5.594625603E-3,1.933267713E0
2.561176196E1,-1.315318823E0,-2.960286289E-2,2.242979527E0
2.562178896E1,-2.103626728E0,-1.862396002E-1,3.048758507E0
2.563181596E1,-2.663738251E0,-5.765646100E-1,4.299465179E0
2.564184296E1,-2.798067093E0,-9.881899953E-1,5.321948051E0
2.565186996E1,-2.553219795E0,-1.291140079E0,5.577243328E0
2.566189696E1,-2.124726772E0,-1.495133877E0,4.957931042E0
2.567192496E1,-1.766066790E0,-1.620002627E0,3.790416718E0
2.568195196E1,-1.721411109E0,-1.849439025E0,2.682681799E0
2.569197896E1,-1.973676682E0,-2.061170816E0,2.075377703E0
2.570200596E1,-2.317667723E0,-2.149631500E0,1.930030823E0
2.571203296E1,-2.665772915E0,-2.012636662E0,1.913202882E0
2.572205996E1,-3.056466103E0,-1.717561245E0,1.823697686E0
2.573208696E1,-3.511387348E0,-1.411471128E0,1.598923922E0
2.574211496E1,-3.995762348E0,-1.115219712E0,1.363174319E0
2.575214196E1,-4.452924252E0,-9.230126143E-1,1.229525924E0
2.576216896E1,-4.759007931E0,-8.160773516E-1,1.210292101E0
2.577219596E1,-4.833096504E0,-7.753882408E-1,1.222609639E0
2.578222296E1,-4.633040428E0,-8.032028079E-1,1.200956225E0
2.579224996E1,-4.175851345E0,-9.063654542E-1,1.138665080E0
2.580227696E1,-3.535536051E0,-1.011912465E0,1.010436058E0
2.581230496E1,-2.743959427E0,-1.003375292E0,7.461992502E-1
2.582233196E1,-1.935204029E0,-9.142730832E-1,3.595801294E-1
2.583235896E1,-1.263617754E0,-7.981020808E-1,-7.066680491E-2
2.584238596E1,-8.188939691E-1,-6.399787664E-1,-4.528540969E-1
2.585241296E1,-6.032840610E-1,-5.118731856E-1,-7.608156204E-1
2.586243996E1,-5.663638711E-1,-3.991692960E-1,-9.974601269E-1
2.587246696E1,-6.456925273E-1,-2.919712067E-1,-1.176578283E0
2.588249496E1,-7.829179764E-1,-1.480006874E-1,-1.321143985E0
2.589252196E1,-9.357995391E-1,6.274997443E-2,-1.453424931E0
2.590254896E1,-1.069404721E0,3.753398359E-1,-1.575549006E0
2.591257596E1,-1.160490274E0,7.953989506E-1,-1.659130692E0
2.592260296E1,-1.198982596E0,1.249399424E0,-1.655978799E0
2.593262996E1,-1.130884409E0,1.706193686E0,-1.616213560E0
2.594265696E1,-9.287846684E-1,2.137542009E0,-1.594355106E0
2.595268496E1,-6.456148624E-1,2.535690784E0,-1.595641136E0
2.596271196E1,-3.258717656E-1,2.782212019E0,-1.615398645E0
2.597273896E1,6.696192920E-2,2.697128534E0,-1.581567883E0
2.598276596E1,6.639736295E-1,2.228039742E0,-1.430939436E0
2.599279296E1,1.559115171E0,1.578834414E0,-1.063928962E0
2.600281996E1,2.738264084E0,1.272642255E0,-6.148473024E-1
2.601284696E1,4.035115719E0,1.508947968E0,-4.272627532E-1
2.602287496E1,5.217587471E0,1.928883910E0,-6.103649139E-1
2.603290196E1,6.085789204E0,2.023085594E0,-9.960818291E-1
2.604292896E1,6.418753624E0,1.623135924E0,-1.407054067E0
2.605295596E1,6.019073009E0,9.031198025E-1,-1.696841002E0
2.606298296E1,4.954984665E0,5.185114145E-1,-1.805352569E0
2.607300996E1,3.602851391E0,7.853335142E-1,-1.840264797E0
2.608303696E1,2.239518166E0,1.509944797E0,-1.866339326E0
2.609306396E1,1.077735305E0,2.277549744E0,-1.838630915E0
2.610309196E1,2.887389362E-1,2.793776512E0,-1.721387625E0
2.611311896E1,-1.030438840E-1,2.988119841E0,-1.526583314E0
2.612314596E1,-1.086178795E-1,2.888330221E0,-1.256445885E0
2.613317296E1,2.372280806E-1,2.583761215E0,-9.794746041E-1
2.614319996E1,8.276687264E-1,2.185529709E0,-7.364928722E-1
2.615322696E1,1.587415099E0,1.858706951E0,-5.498269796E-1
2.616325396E1,2.332146168E0,1.600950003E0,-4.925359786E-1
2.617328196E1,2.894583464E0,1.393326402E0,-5.388644338E-1
2.618330896E1,3.220343113E0,1.210090518E0,-6.161366105E-1
2.619333596E1,3.319291592E0,1.058588266E0,-7.208824754E-1
2.620336296E1,3.196223021E0,9.231887460E-1,-8.340013027E-1
2.621338996E1,2.865861893E0,7.656510472E-1,-8.986920118E-1
2.622341696E1,2.362389326E0,6.331609488E-1,-8.771606088E-1
2.623344396E1,1.725015521E0,4.923925698E-1,-6.920723319E-1
2.624347196E1,1.046618700E0,3.157160878E-1,-3.173248470E-1
2.625349896E1,3.989269733E-1,8.332633972E-2,1.950713098E-1
2.626352596E1,-2.155247629E-1,-1.549852937E-1,7.312311530E-1
2.627355296E1,-8.641005158E-1,-2.819149196E-1,1.206341386E0
2.628357996E1,-1.596108317E0,-2.558092773E-1,1.577180743E0
2.629360696E1,-2.383588791E0,-5.903151259E-2,1.844218254E0
2.630363396E1,-3.097827911E0,1.135842055E-1,2.000905275E0
2.631366196E1,-3.645699501E0,1.065336689E-1,2.063915491E0
2.632368896E1,-4.029842377E0,-2.912179530E-1,2.299111128E0
2.633371596E1,-4.231201172E0,-1.146797538E0,3.007785797E0
2.634374296E1,-4.168562412E0,-2.275568008E0,4.152169228E0
2.635376996E1,-3.804051638E0,-3.165286064E0,5.140055656E0
2.636379696E1,-3.292294025E0,-3.329161882E0,5.372622013E0
2.637382396E1,-2.822868824E0,-2.649069309E0,4.630458832E0
2.638385096E1,-2.510575771E0,-1.679147720E0,3.262237549E0
2.639387896E1,-2.427427053E0,-1.245056391E0,1.949779868E0
2.640390596E1,-2.437775850E0,-1.417142034E0,1.197403312E0
2.641393296E1,-2.429252148E0,-1.774757147E0,9.968677163E-1
2.642395996E1,-2.433466434E0,-1.930416226E0,9.911128879E-1
2.643398696E1,-2.524905682E0,-1.769909382E0,8.825443983E-1
2.644401396E1,-2.710262299E0,-1.418302059E0,6.209160089E-1
2.645404096E1,-2.941035986E0,-1.098080039E0,3.278017938E-1
2.646406896E1,-3.121246576E0,-9.386104941E-1,1.322243214E-1
2.647409596E1,-3.141638041E0,-9.267624617E-1,6.682638079E-2
2.648412296E1,-2.937200546E0,-9.834936261E-1,9.682316333E-2
2.649414996E1,-2.518024206E0,-1.050422788E0,1.468317360E-1
2.650417696E1,-1.924563050E0,-1.089912176E0,1.638850272E-1
2.651420396E1,-1.233937263E0,-1.106848001E0,1.338463873E-1
2.652423183E1,-5.350878239E-1,-1.094969511E0,4.766969383E-2
2.653425883E1,9.469036758E-2,-9.827712178E-1,-1.014001369E-1
2.654428683E1,5.454087853E-1,-8.224409223E-1,-2.907801867E-1
2.655431383E1,7.819268107E-1,-6.306242347E-1,-4.852265120E-1
2.656434083E1,8.509495258E-1,-3.714318573E-1,-6.890494227E-1
2.657436783E1,7.976398468E-1,-7.784409821E-2,-9.287971854E-1
2.658439483E1,6.542275548E-1,2.349670827E-1,-1.201250792E0
2.659442183E1,4.483628273E-1,5.400242209E-1,-1.475720525E0
2.660444883E1,2.367562950E-1,8.396666050E-1,-1.686615944E0
2.661447683E1,7.942911983E-2,1.130641580E0,-1.799870729E0
2.662450383E1,3.169329464E-2,1.433460593E0,-1.761835933E0
2.663453083E1,1.179007441E-1,1.762524009E0,-1.626390576E0
2.664455783E1,2.892035246E-1,2.043888569E0,-1.489409328E0
2.665458483E1,4.910778999E-1,2.284939289E0,-1.456913829E0
2.666461183E1,7.098917365E-1,2.454137802E0,-1.539412379E0
2.667463883E1,9.759654403E-1,2.420336485E0,-1.623552442E0
2.668466683E1,1.363031864E0,2.016115189E0,-1.568006635E0
2.669469383E1,1.939661860E0,1.272723079E0,-1.417714715E0
2.670472083E1,2.746645451E0,6.660531163E-1,-1.285935640E0
2.671474783E1,3.683619261E0,5.604080558E-1,-1.328764558E0
2.672477483E1,4.504287720E0,7.788897753E-1,-1.607669353E0
2.673480183E1,4.962079525E0,9.347510338E-1,-1.999396563E0
2.674482883E1,4.868366241E0,8.017274141E-1,-2.385447025E0
2.675485583E1,4.173316479E0,6.253615618E-1,-2.633694172E0
2.676488383E1,3.068471193E0,6.131581664E-1,-2.648420572E0
2.677491083E1,1.885518312E0,9.315853715E-1,-2.547417402E0
2.678493783E1,8.905503154E-1,1.521113396E0,-2.458459377E0
2.679496483E1,1.727486849E-1,2.190060139E0,-2.345587492E0
2.680499183E1,-2.577989697E-1,2.708340168E0,-2.162343502E0
2.681501883E1,-3.959923983E-1,2.950838089E0,-1.905681610E0
2.682504583E1,-2.327731103E-1,2.851724148E0,-1.596963167E0
2.683507283E1,2.239243835E-1,2.517428160E0,-1.277202249E0
2.684510083E1,9.056332111E-1,2.116518497E0,-9.853478074E-1
2.685512783E1,1.664924741E0,1.738355398E0,-7.138911486E-1
2.686515483E1,2.314851046E0,1.405646443E0,-4.817934632E-1
2.687518183E1,2.716976166E0,1.153201938E0,-3.187386990E-1
2.688520883E1,2.848192453E0,9.816712141E-1,-2.078180462E-1
2.689523583E1,2.744932413E0,8.864543438E-1,-1.486906409E-1
2.690526283E1,2.425328493E0,8.250184059E-1,-1.356954724E-1
2.691529083E1,1.935581446E0,7.668808103E-1,-1.662182957E-1
2.692531783E1,1.316731811E0,6.952433586E-1,-1.221799999E-1
2.693534483E1,6.343088150E-1,5.356932878E-1,8.796588331E-2
2.694537183E1,-1.178254653E-2,2.913053632E-1,4.973954558E-1
2.695539883E1,-5.791751742E-1,2.128267288E-2,1.048918009E0
2.696542583E1,-1.059054852E0,-2.522552013E-1,1.602724314E0
2.697545283E1,-1.491394758E0,-4.619978964E-1,2.078908205E0
2.698548083E1,-1.931985140E0,-5.624378920E-1,2.437145233E0
2.699550783E1,-2.351830006E0,-5.903330445E-1,2.671593189E0
2.700553483E1,-2.665917635E0,-6.626167893E-1,2.788750172E0
2.701556183E1,-2.856165171E0,-1.022191286E0,3.066667557E0
2.702558883E1,-3.000996828E0,-1.766341090E0,3.782374859E0
2.703561583E1,-3.082335472E0,-2.597859859E0,4.727509975E0
2.704564283E1,-3.008841515E0,-3.056426764E0,5.389614105E0
2.705566983E1,-2.826126337E0,-3.013273954E0,5.293832779E0
2.706569783E1,-2.642515182E0,-2.588156223E0,4.428375244E0
2.707572483E1,-2.565967083E0,-2.111395597E0,3.208736658E0
2.708575183E1,-2.656152010E0,-1.922581911E0,2.107143164E0
2.709577883E1,-2.722737551E0,-1.980802059E0,1.475507975E0
2.710580583E1,-2.583158731E0,-2.080055237E0,1.281176567E0
2.711583283E1,-2.335126638E0,-2.038757324E0,1.236396194E0
2.712585983E1,-2.143895626E0,-1.877042174E0,1.139104247E0
2.713588683E1,-2.119037390E0,-1.664118648E0,9.039469957E-1
2.714591483E1,-2.251541853E0,-1.484223962E0,6.269364357E-1
2.715594183E1,-2.441891670E0,-1.377314568E0,4.353846014E-1
2.716596883E1,-2.556761265E0,-1.309232831E0,3.724690080E-1
2.717599583E1,-2.520325184E0,-1.241145968E0,4.017898142E-1
2.718602283E1,-2.319624186E0,-1.166175246E0,4.643136561E-1
2.719604983E1,-1.955558062E0,-1.069295645E0,5.197452307E-1
2.720607683E1,-1.455672383E0,-9.982985854E-1,5.250808597E-1
2.721610383E1,-8.848518133E-1,-9.696477056E-1,4.350942373E-1
2.722613183E1,-3.463872969E-1,-9.446787238E-1,2.480394095E-1
2.723615883E1,8.393105865E-2,-8.928927183E-1,-2.832026780E-2
2.724618583E1,3.713015914E-1,-7.931219339E-1,-3.661633134E-1
2.725621283E1,5.074450374E-1,-6.532564163E-1,-7.035425305E-1
2.726623983E1,5.204119682E-1,-4.933666289E-1,-9.981241226E-1
2.727626683E1,4.695590436E-1,-2.760853469E-1,-1.251057625E0
2.728629383E1,4.216863215E-1,-2.012538956E-3,-1.476336837E0
2.729632083E1,3.808570206E-1,3.164166808E-1,-1.659825444E0
2.730634883E1,3.717998862E-1,6.577063799E-1,-1.750355363E0
2.731637583E1,4.533328116E-1,9.859149456E-1,-1.719100475E0
2.732640283E1,6.298199892E-1,1.274523020E0,-1.646368980E0
2.733642983E1,8.361486197E-1,1.566455722E0,-1.605320096E0
2.734645683E1,9.699367881E-1,1.863572955E0,-1.618675351E0
2.735648383E1,9.750591516E-1,2.230905771E0,-1.700727224E0
2.736651083E1,8.861595988E-1,2.550830841E0,-1.769410133E0
2.737653783E1,8.969433904E-1,2.638839483E0,-1.740888953E0
2.738656583E1,1.221193910E0,2.357392788E0,-1.498835325E0
2.739659283E1,1.902183056E0,1.794481874E0,-1.141641498E0
2.740661983E1,2.865634680E0,1.322702646E0,-9.885888100E-1
2.741664683E1,3.965289593E0,1.189311028E0,-1.259508729E0
2.742667383E1,4.893861771E0,1.206701994E0,-1.753391266E0
2.743670083E1,5.342794418E0,1.132246256E0,-2.148516178E0
2.744672783E1,5.157640457E0,9.297997355E-1,-2.327301979E0
2.745675483E1,4.398597240E0,8.053619266E-1,-2.318617821E0
2.746678283E1,3.255697250E0,9.225050807E-1,-2.250972986E0
2.747680983E1,1.960143685E0,1.400924921E0,-2.327022076E0
2.748683683E1,7.386035919E-1,2.124850273E0,-2.543408394E0
2.749686383E1,-1.918049157E-1,2.783500195E0,-2.728586197E0
2.750689083E1,-7.165374160E-1,3.167486191E0,-2.750057459E0
2.751691783E1,-7.942071557E-1,3.162566185E0,-2.534237623E0
2.752694438E1,-4.506870508E-1,2.838222742E0,-2.120970249E0
2.753697137E1,2.200079560E-1,2.373625994E0,-1.621526480E0
2.754699938E1,1.037777185E0,1.956381559E0,-1.184828758E0
2.755702637E1,1.793460608E0,1.693039656E0,-8.891566992E-1
2.756705337E1,2.289268970E0,1.531434774E0,-7.536627650E-1
2.757708037E1,2.503324747E0,1.427111268E0,-7.303746343E-1
2.758710738E1,2.479753256E0,1.339879155E0,-7.738091946E-1
2.759713437E1,2.260148048E0,1.239323258E0,-8.486385942E-1
2.760716137E1,1.883420587E0,1.122005463E0,-9.701370597E-1
2.761718837E1,1.422080398E0,9.448057413E-1,-1.084694862E0
2.762721637E1,9.352828264E-1,6.764264703E-1,-1.068495393E0
2.763724337E1,4.781746566E-1,3.301536739E-1,-8.362247944E-1
2.764727038E1,9.092040360E-2,1.770390198E-2,-3.705867827E-1
2.765729738E1,-2.193330675E-1,-2.637476623E-1,2.562125027E-1
2.766732437E1,-4.430969357E-1,-4.636709094E-1,9.053977132E-1
2.767735137E1,-6.425194740E-1,-6.334333420E-1,1.427278996E0
2.768737837E1,-8.774502277E-1,-7.746182084E-1,1.762278914E0
2.769740538E1,-1.194066763E0,-9.236645103E-1,1.931016326E0
2.770743337E1,-1.623610616E0,-1.054822206E0,2.010492325E0
2.771746038E1,-2.149540901E0,-1.064350843E0,2.143623829E0
2.772748737E1,-2.694511414E0,-1.188000083E0,2.670447588E0
2.773751437E1,-3.101391792E0,-1.570937753E0,3.746809006E0
2.774754137E1,-3.243226290E0,-1.974094510E0,4.989557266E0
2.775756838E1,-3.117307186E0,-2.149241924E0,5.705251694E0
2.776759538E1,-2.782927275E0,-2.240003824E0,5.354823112E0
2.777762237E1,-2.360692978E0,-2.157953024E0,4.079124928E0
2.778765038E1,-1.992187142E0,-2.124624729E0,2.496260881E0
2.779767737E1,-1.799854398E0,-2.364601135E0,1.209366679E0
2.780770437E1,-1.747668386E0,-2.653814554E0,4.605560899E-1
2.781773137E1,-1.768776059E0,-2.708440065E0,1.680976152E-1
2.782775838E1,-1.944796920E0,-2.461880207E0,7.775787264E-2
2.783778537E1,-2.347260475E0,-2.117252827E0,-7.093998604E-3
2.784781237E1,-2.918036461E0,-1.846321106E0,-1.618620008E-1
2.785783937E1,-3.501370907E0,-1.706272483E0,-3.368532658E-1
2.786786638E1,-3.918982267E0,-1.641623735E0,-4.351529181E-1
2.787789437E1,-4.071628571E0,-1.622764468E0,-4.323514700E-1
2.788792138E1,-3.878140688E0,-1.596113920E0,-3.541820943E-1
2.789794838E1,-3.324432135E0,-1.515414596E0,-2.163328081E-1
2.790797537E1,-2.494260311E0,-1.395777225E0,-3.224046156E-2
2.791800237E1,-1.537570357E0,-1.264416337E0,1.533341855E-1
2.792802937E1,-5.967181921E-1,-1.098307252E0,2.927487791E-1
2.793805638E1,2.035762370E-1,-9.071372747E-1,2.992433906E-1
2.794808437E1,7.324829698E-1,-7.052187920E-1,1.450516880E-1
2.795811138E1,9.658512473E-1,-5.024035573E-1,-1.353615075E-1
2.796813837E1,9.513183832E-1,-2.868092060E-1,-4.902335703E-1
2.797816537E1,7.641817927E-1,-4.579393566E-2,-8.424454331E-1
2.798819237E1,4.800238013E-1,2.504835427E-1,-1.098052144E0
2.799821938E1,1.779204160E-1,6.302006245E-1,-1.217760801E0
2.800824638E1,-7.958249748E-2,1.042846441E0,-1.189798951E0
2.801827337E1,-2.467299253E-1,1.453270674E0,-1.019311428E0
2.802830037E1,-3.129121363E-1,1.780417323E0,-8.323870897E-1
2.803832837E1,-3.087364435E-1,2.023486614E0,-7.280787826E-1
2.804835537E1,-2.689967453E-1,2.235825062E0,-7.302647233E-1
2.805838237E1,-1.982955635E-1,2.432065964E0,-8.664588332E-1
2.806840938E1,-7.873054594E-2,2.532755852E0,-1.083899021E0
2.807843637E1,2.249684781E-1,2.378708363E0,-1.116759300E0
2.808846337E1,8.098130226E-1,1.937110901E0,-9.336581826E-1
2.809849037E1,1.651890039E0,1.484929681E0,-8.399554491E-1
2.810851738E1,2.719507456E0,1.287882686E0,-9.934132099E-1
2.811854537E1,3.821674347E0,1.298028231E0,-1.343537688E0
2.812857238E1,4.609005928E0,1.206539035E0,-1.753957987E0
2.813859938E1,4.838160038E0,9.457535744E-1,-2.082381487E0
2.814862637E1,4.409563541E0,6.668886542E-1,-2.224600554E0
2.815865337E1,3.407269716E0,5.687387586E-1,-2.212317228E0
2.816868037E1,2.108994246E0,8.181619048E-1,-2.134155273E0
2.817870738E1,8.084484339E-1,1.408040166E0,-2.076640368E0
2.818873437E1,-2.102263868E-1,2.093814850E0,-1.996950626E0
2.819876137E1,-8.247907758E-1,2.593727350E0,-1.815475345E0
2.820878937E1,-1.007413864E0,2.785351038E0,-1.518090844E0
2.821881637E1,-7.591141462E-1,2.696915150E0,-1.131340504E0
2.822884337E1,-1.551757902E-1,2.467247963E0,-7.155310512E-1
2.823887038E1,6.602644324E-1,2.252844810E0,-3.001692891E-1
2.824889738E1,1.511614203E0,2.152500391E0,3.916643932E-2
2.825892437E1,2.185781717E0,2.068577051E0,2.351752967E-1
2.826895137E1,2.578831911E0,1.915836573E0,2.568067908E-1
2.827897837E1,2.713667393E0,1.702506423E0,1.600325704E-1
2.828900637E1,2.638346195E0,1.480160475E0,2.009011060E-2
2.829903337E1,2.385107517E0,1.295786619E0,-6.634411961E-2
2.830906038E1,2.003612280E0,1.190209627E0,-6.364686787E-2
2.831908737E1,1.551481247E0,1.175226688E0,2.302864380E-2
2.832911437E1,1.089017749E0,1.096026659E0,2.175888121E-1
2.833914137E1,7.293722630E-1,9.422844648E-1,5.568662286E-1
2.834916838E1,4.951307178E-1,6.626583934E-1,1.031368017E0
2.835919538E1,3.173695207E-1,3.061486781E-1,1.590855837E0
2.836922338E1,1.282909364E-1,-5.787136406E-2,2.116131783E0
2.837925038E1,-1.113767773E-1,-3.790642023E-1,2.505170107E0
2.838927737E1,-4.046928287E-1,-6.268162131E-1,2.637630939E0
2.839930437E1,-8.698664904E-1,-7.330726981E-1,2.567591667E0
2.840933137E1,-1.580955505E0,-7.540621161E-1,2.428800106E0
2.841935838E1,-2.434709787E0,-8.611232042E-1,2.494525433E0
2.842938537E1,-3.187124729E0,-1.138460517E0,2.997964382E0
2.843941237E1,-3.558305264E0,-1.549202681E0,3.762727499E0
2.844944037E1,-3.492433786E0,-1.875360489E0,4.353786469E0
2.845946737E1,-3.115370989E0,-1.958358645E0,4.457661152E0
2.846949437E1,-2.561723471E0,-1.881054878E0,4.000003815E0
2.847952138E1,-1.974174500E0,-1.897719026E0,3.133637428E0
2.848954838E1,-1.482898474E0,-2.184932947E0,2.215741634E0
2.849957537E1,-1.065089345E0,-2.578198671E0,1.541038632E0
2.850960237E1,-6.826317906E-1,-2.809518337E0,1.230303645E0
2.851962950E1,-4.481061995E-1,-2.772463560E0,1.182302952E0
2.852965650E1,-5.148072243E-1,-2.578330278E0,1.173192024E0
2.853968450E1,-9.295120835E-1,-2.329084396E0,1.058879256E0
2.854971150E1,-1.607183576E0,-2.075232029E0,8.797320127E-1
2.855973850E1,-2.356283903E0,-1.809482336E0,7.233953476E-1
2.856976550E1,-2.978680611E0,-1.510658145E0,6.345392466E-1
2.857979250E1,-3.391722918E0,-1.179743648E0,5.863295197E-1
2.858981950E1,-3.586110592E0,-9.167205095E-1,5.256009102E-1
2.859984650E1,-3.524535894E0,-7.361426950E-1,4.402291775E-1
2.860987350E1,-3.216096878E0,-6.646599770E-1,3.290850818E-1
2.861990150E1,-2.692931414E0,-6.898373365E-1,1.810816973E-1
2.862992850E1,-2.028316498E0,-7.564075589E-1,-1.698931679E-2
2.863995550E1,-1.338447928E0,-7.877878547E-1,-2.464140505E-1
2.864998250E1,-7.200326920E-1,-7.261668444E-1,-4.742224514E-1
2.866000950E1,-2.336984277E-1,-5.698360205E-1,-7.076175213E-1
2.867003650E1,7.223113626E-2,-3.464207649E-1,-9.445174336E-1
2.868006350E1,2.105292231E-1,-6.450770050E-2,-1.169082642E0
2.869009050E1,2.514348328E-1,2.227192819E-1,-1.372744203E0
2.870011850E1,2.547544837E-1,5.252153277E-1,-1.500413179E0
2.871014550E1,2.451694906E-1,8.240909576E-1,-1.515821695E0
2.872017250E1,2.563354373E-1,1.113616347E0,-1.437932491E0
2.873019950E1,2.876808643E-1,1.462444901E0,-1.356421590E0
2.874022650E1,2.920886874E-1,1.877665401E0,-1.352088690E0
2.875025350E1,3.031852543E-1,2.292547941E0,-1.472218513E0
2.876028050E1,3.745011091E-1,2.553998232E0,-1.714166641E0
2.877030750E1,6.075317264E-1,2.570625067E0,-2.011154175E0
2.878033550E1,1.121840358E0,2.156675577E0,-2.128774405E0
2.879036250E1,1.948031425E0,1.504984975E0,-2.111495495E0
2.880038950E1,3.003765345E0,1.110270500E0,-2.155968904E0
2.881041650E1,4.062244892E0,1.141716480E0,-2.307957411E0
2.882044350E1,4.817556381E0,1.382903814E0,-2.539418697E0
2.883047050E1,5.050850391E0,1.544830680E0,-2.745940685E0
2.884049750E1,4.733540058E0,1.557875276E0,-2.772544384E0
2.885052450E1,3.993122339E0,1.509704590E0,-2.639685392E0
2.886055150E1,3.078483582E0,1.466514468E0,-2.460761786E0
2.887057950E1,2.207838058E0,1.548102736E0,-2.389542103E0
2.888060650E1,1.487886548E0,1.773533344E0,-2.429397583E0
2.889063350E1,9.308778048E-1,2.061794519E0,-2.449769497E0
2.890066050E1,5.585142374E-1,2.317739964E0,-2.351280451E0
2.891068750E1,4.011919796E-1,2.449106216E0,-2.125953913E0
2.892071450E1,4.743261039E-1,2.381581545E0,-1.799734831E0
2.893074150E1,7.421120405E-1,2.178481579E0,-1.464566708E0
2.894076850E1,1.118616462E0,1.957906485E0,-1.198365927E0
2.895079650E1,1.489777684E0,1.795678854E0,-9.829263687E-1
2.896082350E1,1.750131726E0,1.694051504E0,-7.789296508E-1
2.897085050E1,1.856017947E0,1.643291712E0,-5.995955467E-1
2.898087750E1,1.829694629E0,1.622044444E0,-4.572424293E-1
2.899090450E1,1.706565261E0,1.565188885E0,-3.711570799E-1
2.900093150E1,1.510786176E0,1.458507299E0,-4.020568430E-1
2.901095850E1,1.252092004E0,1.318529129E0,-5.170143247E-1
2.902098650E1,9.116293788E-1,1.082589626E0,-5.699577332E-1
2.903101350E1,5.404776931E-1,8.146573305E-1,-4.425912201E-1
2.904104050E1,1.883399040E-1,5.019972920E-1,-8.356176317E-2
2.905106750E1,-1.460047960E-1,1.927262396E-1,4.769204557E-1
2.906109450E1,-5.159808397E-1,-6.930041313E-2,1.184638262E0
2.907112150E1,-9.356294870E-1,-2.297481447E-1,1.889954686E0
2.908114850E1,-1.365153670E0,-2.834613323E-1,2.389839172E0
2.909117550E1,-1.794394016E0,-3.232822716E-1,2.530230284E0
2.910120250E1,-2.200668812E0,-5.048732758E-1,2.397216320E0
2.911123050E1,-2.530341864E0,-9.216316342E-1,2.326546431E0
2.912125750E1,-2.706306934E0,-1.487792134E0,2.666837454E0
2.913128450E1,-2.708197117E0,-2.015458822E0,3.514426708E0
2.914131150E1,-2.589440346E0,-2.310615540E0,4.390096664E0
2.915133850E1,-2.427537441E0,-2.265705824E0,4.845318317E0
2.916136550E1,-2.260541201E0,-2.122391224E0,4.764744759E0
2.917139250E1,-2.108286381E0,-2.029117823E0,4.185146809E0
2.918141950E1,-2.031829357E0,-2.131649017E0,3.292752266E0
2.919144750E1,-1.972952485E0,-2.283869982E0,2.448233128E0
2.920147450E1,-1.849052668E0,-2.351929665E0,1.909096599E0
2.921150150E1,-1.686296701E0,-2.296706915E0,1.704300404E0
2.922152850E1,-1.605296850E0,-2.195252419E0,1.660210609E0
2.923155550E1,-1.666767716E0,-2.053570509E0,1.558889866E0
2.924158250E1,-1.889407635E0,-1.869025826E0,1.288216352E0
2.925160950E1,-2.245371103E0,-1.708586097E0,9.386712909E-1
2.926163650E1,-2.615661144E0,-1.574122667E0,6.292366982E-1
2.927166350E1,-2.879712582E0,-1.461395860E0,4.386829734E-1
2.928169150E1,-2.965672255E0,-1.350510478E0,3.428548276E-1
2.929171850E1,-2.874555588E0,-1.252651095E0,3.156983256E-1
2.930174550E1,-2.632838249E0,-1.177552342E0,3.146475255E-1
2.931177250E1,-2.277675867E0,-1.158828259E0,3.261547685E-1
2.932179950E1,-1.851823688E0,-1.165473223E0,3.071261346E-1
2.933182650E1,-1.408105612E0,-1.175785542E0,2.217934132E-1
2.934185350E1,-9.836332798E-1,-1.158876896E0,8.364550024E-2
2.935188050E1,-6.361826062E-1,-1.041032076E0,-1.251513958E-1
2.936190850E1,-3.828394711E-1,-8.556071520E-1,-3.862079084E-1
2.937193550E1,-2.121334821E-1,-6.260724664E-1,-6.676875353E-1
2.938196250E1,-9.919521213E-2,-3.420419395E-1,-8.996858001E-1
2.939198950E1,-2.492071502E-2,-2.297286503E-2,-1.039239407E0
2.940201650E1,5.156660452E-2,3.075769246E-1,-1.066638231E0
2.941204350E1,1.555292159E-1,6.441954374E-1,-9.961350560E-1
2.942207050E1,2.670153975E-1,1.029208660E0,-9.497939348E-1
2.943209750E1,3.322897255E-1,1.434266210E0,-9.350791574E-1
2.944212550E1,3.310571015E-1,1.803562999E0,-9.569823742E-1
2.945215250E1,3.158408701E-1,2.145627975E0,-1.022716403E0
2.946217950E1,3.791544437E-1,2.417265177E0,-1.028203130E0
2.947220650E1,6.473017931E-1,2.534120560E0,-1.060256720E0
2.948223350E1,1.140847087E0,2.456845760E0,-1.089412093E0
2.949226050E1,1.900689721E0,2.184114695E0,-9.774910808E-1
2.950228750E1,2.944086313E0,1.857681632E0,-7.953111529E-1
2.951231450E1,4.156373024E0,1.611710191E0,-8.968742490E-1
2.952234146E1,5.179252148E0,1.378743052E0,-1.385562301E0
2.953236946E1,5.604129791E0,1.083786368E0,-1.972201943E0
2.954239646E1,5.291043758E0,7.652959824E-1,-2.310989380E0
2.955242346E1,4.338471889E0,5.952526331E-1,-2.340975523E0
2.956245046E1,3.039130926E0,7.195177674E-1,-2.208277702E0
2.957247746E1,1.663266778E0,1.197217226E0,-2.094941854E0
2.958250446E1,4.385627806E-1,1.847508907E0,-2.055069923E0
2.959253146E1,-4.187833369E-1,2.425610781E0,-2.001854658E0
2.960255846E1,-8.046571612E-1,2.718847752E0,-1.841761827E0
2.961258646E1,-6.762283444E-1,2.683715343E0,-1.554178834E0
2.962261346E1,-5.949266627E-2,2.429746151E0,-1.193901777E0
2.963264046E1,8.989832997E-1,2.103053093E0,-8.099556565E-1
2.964266746E1,1.941219449E0,1.822502851E0,-4.667050540E-1
2.965269446E1,2.800353289E0,1.610004425E0,-2.305053174E-1
2.966272146E1,3.281658173E0,1.428084254E0,-9.039545804E-2
2.967274846E1,3.410179138E0,1.275648355E0,-5.832780525E-2
2.968277546E1,3.260054827E0,1.139968634E0,-1.919730753E-1
2.969280246E1,2.868412018E0,1.041196465E0,-4.317646623E-1
2.970283046E1,2.306446314E0,9.933093786E-1,-7.083778977E-1
2.971285746E1,1.641135335E0,9.692381024E-1,-8.739692569E-1
2.972288446E1,9.876229763E-1,9.150555730E-1,-8.186507821E-1
2.973291146E1,4.234392345E-1,7.883519530E-1,-5.204358697E-1
2.974293846E1,-2.162571624E-2,5.944803953E-1,2.044854127E-2
2.975296546E1,-3.852494657E-1,3.347218037E-1,7.048860192E-1
2.976299246E1,-7.418944836E-1,7.528880984E-2,1.322185278E0
2.977301946E1,-1.137689352E0,-1.311218888E-1,1.680446029E0
2.978304746E1,-1.636294365E0,-2.415944338E-1,1.815023303E0
2.979307446E1,-2.184626818E0,-3.626260161E-1,1.896396518E0
2.980310146E1,-2.676983118E0,-5.219127536E-1,2.041572809E0
2.981312846E1,-3.024918318E0,-8.638125658E-1,2.593315363E0
2.982315546E1,-3.189728975E0,-1.397285461E0,3.627119303E0
2.983318246E1,-3.068970680E0,-1.967783332E0,4.726537228E0
2.984320946E1,-2.739201546E0,-2.309328318E0,5.270260811E0
2.985323646E1,-2.330244541E0,-2.422445774E0,4.871469498E0
2.986326346E1,-2.030729771E0,-2.377648592E0,3.837092400E0
2.987329146E1,-1.967107415E0,-2.381317854E0,2.752772331E0
2.988331846E1,-2.039939165E0,-2.429648876E0,2.016091108E0
2.989334546E1,-2.046463728E0,-2.408972263E0,1.742169142E0
2.990337246E1,-2.031805992E0,-2.228415966E0,1.728703976E0
2.991339946E1,-2.174718142E0,-1.875721216E0,1.679879189E0
2.992342646E1,-2.516987562E0,-1.407023072E0,1.483148575E0
2.993345346E1,-2.967820168E0,-9.288668036E-1,1.225485682E0
2.994348046E1,-3.383048773E0,-5.993232727E-1,1.015062094E0
2.995350746E1,-3.640248775E0,-4.453310370E-1,9.189919829E-1
2.996353546E1,-3.675431252E0,-4.316027164E-1,9.097260833E-1
2.997356246E1,-3.480955839E0,-5.018427968E-1,9.028152227E-1
2.998358946E1,-3.059386730E0,-6.302071214E-1,8.398178816E-1
2.999361646E1,-2.441475153E0,-7.852611542E-1,7.071107030E-1
3.000364346E1,-1.731673717E0,-9.312726259E-1,4.691727161E-1
3.001367046E1,-1.038370013E0,-1.056869388E0,1.153712347E-1
3.002369746E1,-4.567528069E-1,-1.120676398E0,-2.851202786E-1
3.003372446E1,-4.400917888E-2,-1.115337014E0,-6.498993039E-1
3.004375146E1,1.784664989E-1,-1.044191003E0,-9.707499743E-1
3.005377946E1,2.459030598E-1,-9.028257132E-1,-1.291629791E0
3.006380646E1,1.948467940E-1,-6.959422231E-1,-1.592776656E0
3.007383346E1,6.835331023E-2,-4.017944932E-1,-1.871100783E0
3.008386046E1,-1.028093770E-1,-2.426669933E-3,-2.061484575E0
3.009388746E1,-2.426799387E-1,4.099949598E-1,-2.095290661E0
3.010391446E1,-3.025757670E-1,8.711651564E-1,-1.984089732E0
3.011394146E1,-2.771936953E-1,1.321281791E0,-1.781748652E0
3.012396846E1,-1.279658675E-1,1.726833344E0,-1.570587754E0
3.013399546E1,1.829624474E-1,2.024332285E0,-1.430001855E0
3.014402346E1,6.574394703E-1,2.163894415E0,-1.498929977E0
3.015405046E1,1.255109549E0,2.035260201E0,-1.757385254E0
3.016407746E1,1.920233965E0,1.694573760E0,-2.036265135E0
3.017410446E1,2.611455202E0,1.265238881E0,-2.172998905E0
3.018413146E1,3.332755566E0,9.839151502E-1,-2.190201521E0
3.019415846E1,3.950749636E0,9.914146066E-1,-2.221854687E0
3.020418546E1,4.283074856E0,1.127054930E0,-2.260761499E0
3.021421246E1,4.256179333E0,1.275724053E0,-2.300660133E0
3.022423946E1,3.869781494E0,1.429237485E0,-2.303440809E0
3.023426746E1,3.174678087E0,1.568512201E0,-2.263503313E0
3.024429446E1,2.278325081E0,1.721136928E0,-2.233484507E0
3.025432146E1,1.376754165E0,2.007355452E0,-2.244472265E0
3.026434846E1,6.564568877E-1,2.422532320E0,-2.239006281E0
3.027437546E1,1.719895601E-1,2.858366728E0,-2.138312578E0
3.028440246E1,-5.092127621E-2,3.153560400E0,-1.898508787E0
3.029442946E1,1.652354375E-2,3.198024273E0,-1.526793599E0
3.030445646E1,3.733100295E-1,3.022530317E0,-1.075084925E0
3.031448346E1,9.450206757E-1,2.752945662E0,-6.340097785E-1
3.032451146E1,1.604451418E0,2.509883642E0,-2.587970495E-1
3.033453846E1,2.190732718E0,2.330940247E0,3.881360218E-2
3.034456546E1,2.623340845E0,2.181737900E0,2.335867882E-1
3.035459246E1,2.894415617E0,2.027634382E0,3.149487674E-1
3.036461946E1,3.052341461E0,1.886406064E0,2.857628465E-1
3.037464646E1,3.098497868E0,1.789714098E0,1.695544869E-1
3.038467346E1,3.007444859E0,1.723987460E0,1.350005530E-2
3.039470046E1,2.749148846E0,1.635763764E0,-1.146240905E-1
3.040472746E1,2.332175255E0,1.525991321E0,-1.665269881E-1
3.041475546E1,1.795210481E0,1.396747112E0,-1.319578290E-1
3.042478246E1,1.188049793E0,1.203880191E0,-6.379068363E-3
3.043480946E1,5.507116914E-1,9.679909348E-1,2.439540774E-1
3.044483646E1,-9.422215074E-2,7.224597335E-1,6.146051884E-1
3.045486346E1,-7.154343128E-1,4.758726060E-1,1.076206207E0
3.046489046E1,-1.291366100E0,2.024355680E-1,1.577778220E0
3.047491746E1,-1.777987123E0,-7.237654924E-2,1.937158465E0
3.048494446E1,-2.203867197E0,-4.038143158E-1,2.160315514E0
3.049497146E1,-2.711706877E0,-9.438639879E-1,2.460732698E0
3.050499946E1,-3.341126442E0,-1.711539149E0,2.962451935E0
3.051502646E1,-3.898478031E0,-2.500248671E0,3.666785002E0
3.052505358E1,-4.116359234E0,-3.006357908E0,4.215662956E0
3.053508058E1,-3.998623371E0,-3.186610460E0,4.264461040E0
3.054510758E1,-3.628000736E0,-2.991099119E0,3.892884016E0
3.055513458E1,-3.106171608E0,-2.576218605E0,3.268619776E0
3.056516158E1,-2.564558029E0,-2.273685694E0,2.612350941E0
3.057518858E1,-2.103880405E0,-2.235291243E0,2.110111475E0
3.058521558E1,-1.786728501E0,-2.314278841E0,1.792264938E0
3.059524358E1,-1.678324580E0,-2.318796396E0,1.554206848E0
3.060527058E1,-1.813044548E0,-2.155023098E0,1.300495386E0
3.061529758E1,-2.151691914E0,-1.870928288E0,1.009699702E0
3.062532458E1,-2.592687368E0,-1.571103930E0,7.512016892E-1
3.063535158E1,-2.998228073E0,-1.278413534E0,5.938368440E-1
3.064537858E1,-3.265065908E0,-1.033863068E0,5.168066025E-1
3.065540558E1,-3.343065739E0,-8.953714371E-1,4.676355720E-1
3.066543258E1,-3.215691090E0,-8.424187303E-1,4.045504332E-1
3.067545958E1,-2.923583984E0,-8.731905222E-1,3.188379109E-1
3.068548758E1,-2.500381708E0,-9.787510037E-1,2.086686045E-1
3.069551458E1,-1.987086773E0,-1.107222199E0,5.278740451E-2
3.070554158E1,-1.453374267E0,-1.179479480E0,-1.253772676E-1
3.071556858E1,-9.867902994E-1,-1.131501794E0,-3.072139025E-1
3.072559558E1,-6.461358666E-1,-9.824841619E-1,-5.018987656E-1
3.073562258E1,-4.359762967E-1,-7.368320823E-1,-7.328784466E-1
3.074564958E1,-3.546570539E-1,-4.541374147E-1,-9.815035462E-1
3.075567658E1,-3.475160599E-1,-1.858934313E-1,-1.262412429E0
3.076570358E1,-3.622435927E-1,7.364483923E-2,-1.573825717E0
3.077573058E1,-3.790910244E-1,3.882821500E-1,-1.824808121E0
3.078575858E1,-4.121260941E-1,7.844244838E-1,-1.902546525E0
3.079578558E1,-4.516402185E-1,1.265977502E0,-1.846577525E0
3.080581258E1,-4.566798210E-1,1.802017808E0,-1.764498353E0
3.081583958E1,-3.910100162E-1,2.313799858E0,-1.738871217E0
3.082586658E1,-2.125333399E-1,2.671871662E0,-1.813565731E0
3.083589358E1,1.050342247E-1,2.770123959E0,-1.906776905E0
3.084592058E1,5.954656005E-1,2.556746006E0,-1.803873658E0
3.085594758E1,1.322445154E0,2.086544275E0,-1.429694414E0
3.086597458E1,2.279333830E0,1.715074658E0,-9.974914193E-1
3.087600258E1,3.361331224E0,1.726671100E0,-8.007938266E-1
3.088602958E1,4.308079243E0,1.931589603E0,-9.651164412E-1
3.089605658E1,4.809633255E0,1.946229815E0,-1.444412947E0
3.090608358E1,4.719384670E0,1.665626287E0,-1.968716025E0
3.091611058E1,4.056396008E0,1.429521680E0,-2.282851934E0
3.092613758E1,3.014383078E0,1.397587061E0,-2.252863169E0
3.093616458E1,1.897139549E0,1.678871989E0,-2.066357613E0
3.094619158E1,9.549369812E-1,2.172409534E0,-1.912770391E0
3.095621858E1,3.166078627E-1,2.662139177E0,-1.795575142E0
3.096624558E1,-6.286036223E-3,2.924616814E0,-1.657223344E0
3.097627358E1,1.511406153E-2,2.892192125E0,-1.469071031E0
3.098630058E1,3.479202390E-1,2.621917725E0,-1.221992493E0
3.099632758E1,9.033041000E-1,2.230319500E0,-9.340494871E-1
3.100635458E1,1.552722812E0,1.870679975E0,-6.539050341E-1
3.101638158E1,2.161781073E0,1.615157962E0,-4.035077393E-1
3.102640858E1,2.654986858E0,1.502554893E0,-2.204708904E-1
3.103643558E1,3.011023760E0,1.498609185E0,-1.325796545E-1
3.104646258E1,3.223542452E0,1.510474086E0,-1.504393667E-1
3.105648958E1,3.282441854E0,1.467514038E0,-2.451671958E-1
3.106651758E1,3.185779095E0,1.352752328E0,-3.589689732E-1
3.107654458E1,2.931448936E0,1.163714290E0,-4.500432312E-1
3.108657158E1,2.544064760E0,9.647151828E-1,-4.854580760E-1
3.109659858E1,2.028472900E0,6.931825280E-1,-4.007573128E-1
3.110662558E1,1.467216730E0,3.587139249E-1,-1.334333867E-1
3.111665258E1,9.679345489E-1,2.731418423E-2,3.809694648E-1
3.112667958E1,5.594005585E-1,-2.628731728E-1,1.068044543E0
3.113670658E1,2.167928666E-1,-4.515991509E-1,1.787304759E0
3.114673358E1,-1.013362482E-1,-4.721514583E-1,2.343799114E0
3.115676158E1,-4.860168099E-1,-3.996210694E-1,2.645072222E0
3.116678858E1,-9.461184740E-1,-3.829091191E-1,2.684427261E0
3.117681558E1,-1.440865636E0,-5.614586473E-1,2.567007303E0
3.118684258E1,-1.945026040E0,-9.904108644E-1,2.493606806E0
3.119686958E1,-2.414312601E0,-1.674685001E0,2.795577049E0
3.120689658E1,-2.787487745E0,-2.339722395E0,3.602110624E0
3.121692358E1,-2.949072361E0,-2.595003605E0,4.470406055E0
3.122695058E1,-2.932735205E0,-2.352846861E0,4.939371109E0
3.123697758E1,-2.808328152E0,-1.901534200E0,4.845890999E0
3.124700458E1,-2.629660130E0,-1.640824914E0,4.243362427E0
3.125703258E1,-2.531114817E0,-1.721935153E0,3.380800962E0
3.126705958E1,-2.553116322E0,-2.030235052E0,2.576234579E0
3.127708658E1,-2.663498878E0,-2.226576090E0,1.986054778E0
3.128711358E1,-2.802470207E0,-2.135005474E0,1.666707873E0
3.129714058E1,-2.974228621E0,-1.792821765E0,1.525251985E0
3.130716758E1,-3.169729948E0,-1.374406934E0,1.409234524E0
3.131719458E1,-3.371643543E0,-1.054809690E0,1.213546991E0
3.132722158E1,-3.558070421E0,-8.571583629E-1,9.775962830E-1
3.133724858E1,-3.685363293E0,-7.462112904E-1,7.772285342E-1
3.134727658E1,-3.691598892E0,-6.800678372E-1,6.339858770E-1
3.135730358E1,-3.558037758E0,-6.491453052E-1,5.207986236E-1
3.136733058E1,-3.275388956E0,-6.589899659E-1,4.217377007E-1
3.137735758E1,-2.880808353E0,-7.108358741E-1,3.333146274E-1
3.138738458E1,-2.403837204E0,-7.435737252E-1,2.658049464E-1
3.139741158E1,-1.887380123E0,-7.521962523E-1,2.250833511E-1
3.140743858E1,-1.364858866E0,-7.491827607E-1,1.427085847E-1
3.141746558E1,-8.743192554E-1,-6.973730922E-1,-5.482527241E-2
3.142749258E1,-4.599868357E-1,-5.869567394E-1,-3.597689569E-1
3.143751958E1,-1.567379832E-1,-4.324180782E-1,-7.129661441E-1
3.144754758E1,2.382393926E-2,-2.435643673E-1,-1.073762178E0
3.145757458E1,9.337585419E-2,-3.239646181E-2,-1.415060759E0
3.146760158E1,9.950990975E-2,1.752546430E-1,-1.681766748E0
3.147762858E1,9.445629269E-2,3.992080986E-1,-1.834263802E0
3.148765558E1,1.442394555E-1,6.407736540E-1,-1.862052441E0
3.149768258E1,2.959128618E-1,9.031685591E-1,-1.741151929E0
3.150770958E1,5.699771643E-1,1.160565138E0,-1.562824130E0
3.151773658E1,8.910869956E-1,1.407177567E0,-1.472267866E0
3.152776321E1,1.183701158E0,1.608393669E0,-1.509536982E0
3.153779021E1,1.420132518E0,1.718248010E0,-1.677485228E0
3.154781821E1,1.608361363E0,1.711077452E0,-1.831659436E0
3.155784521E1,1.836891532E0,1.591695428E0,-1.647297382E0
3.156787221E1,2.251941204E0,1.430412412E0,-1.086693406E0
3.157789921E1,2.948859215E0,1.375946522E0,-4.638338387E-1
3.158792621E1,3.840815544E0,1.373136401E0,1.237952337E-2
3.159795321E1,4.750922680E0,1.173735499E0,2.810298800E-1
3.160798021E1,5.489126682E0,8.230156302E-1,4.940437973E-1
3.161800721E1,5.876152515E0,3.926693499E-1,6.415627003E-1
3.162803421E1,5.921639919E0,-1.729756966E-2,6.134499907E-1
3.163806121E1,5.703840256E0,-3.074457645E-1,2.759406865E-1
3.164808921E1,5.249888420E0,-3.422256112E-1,-3.462798893E-1
3.165811621E1,4.554152012E0,-1.284517944E-1,-9.634711742E-1
3.166814321E1,3.721229076E0,2.462518662E-1,-1.341300011E0
3.167817021E1,2.863643885E0,6.799167395E-1,-1.452618837E0
3.168819721E1,2.040646791E0,1.062827468E0,-1.368483424E0
3.169822421E1,1.298996329E0,1.354204416E0,-1.222172618E0
3.170825121E1,6.875973940E-1,1.566635013E0,-1.107002258E0
3.171827821E1,2.460953593E-1,1.710647225E0,-1.038826585E0
3.172830521E1,3.974471707E-3,1.802276611E0,-1.004030824E0
3.173833221E1,-4.554035142E-2,1.852916956E0,-1.022004008E0
3.174836021E1,3.656436503E-2,1.822613358E0,-1.065815449E0
3.175838721E1,1.967742741E-1,1.663926244E0,-1.115694404E0
3.176841421E1,3.774748147E-1,1.356670976E0,-1.174984574E0
3.177844121E1,5.458739400E-1,9.538332820E-1,-1.231975675E0
3.178846821E1,6.671507955E-1,5.588911772E-1,-1.219888806E0
3.179849521E1,6.976043582E-1,2.213767767E-1,-1.090049505E0
3.180852221E1,6.152055860E-1,-6.311585009E-2,-8.028353453E-1
3.181854921E1,4.178302288E-1,-2.996333241E-1,-3.302667439E-1
3.182857621E1,6.942484528E-2,-4.895578027E-1,3.011135161E-1
3.183860321E1,-4.247651696E-1,-5.606229305E-1,1.016769052E0
3.184863121E1,-9.932879806E-1,-4.774182141E-1,1.684805393E0
3.185865821E1,-1.584542990E0,-2.039336860E-1,2.152426720E0
3.186868521E1,-2.186304808E0,2.666566670E-1,2.254404306E0
3.187871221E1,-2.816595793E0,7.396577597E-1,2.177586555E0
3.188873921E1,-3.456602573E0,7.884090543E-1,2.297694921E0
3.189876621E1,-4.049752235E0,2.145433873E-1,2.976490021E0
3.190879321E1,-4.366316795E0,-7.136724591E-1,4.162983894E0
3.191882021E1,-4.169576168E0,-1.584696889E0,5.208165169E0
3.192884721E1,-3.560786724E0,-2.030546904E0,5.459883690E0
3.193887421E1,-2.702038765E0,-1.925091863E0,4.840858936E0
3.194890221E1,-1.798567057E0,-1.547770381E0,3.800219536E0
3.195892921E1,-1.151199460E0,-1.513723731E0,2.824676991E0
3.196895621E1,-8.805996776E-1,-1.746306658E0,2.134382725E0
3.197898321E1,-9.250659347E-1,-1.901135087E0,1.738909960E0
3.198901021E1,-1.201775789E0,-1.775321603E0,1.483920455E0
3.199903721E1,-1.647905350E0,-1.415536284E0,1.270989299E0
3.200906421E1,-2.169867039E0,-9.414802790E-1,1.050748706E0
3.201909121E1,-2.677440405E0,-5.049839020E-1,8.376589417E-1
3.202911821E1,-3.063545942E0,-2.294344157E-1,6.605603099E-1
3.203914521E1,-3.253047943E0,-9.006268531E-2,5.010606647E-1
3.204917321E1,-3.227436543E0,-6.346108019E-2,3.456891477E-1
3.205920021E1,-3.015402317E0,-1.080096364E-1,1.692078710E-1
3.206922721E1,-2.657922983E0,-1.702972502E-1,-1.342985686E-2
3.207925421E1,-2.192983150E0,-2.169521004E-1,-2.175031006E-1
3.208928121E1,-1.694418788E0,-2.316825688E-1,-4.379813969E-1
3.209930821E1,-1.236620426E0,-2.119938433E-1,-6.574910879E-1
3.210933521E1,-8.600049019E-1,-1.525205523E-1,-8.609110117E-1
3.211936221E1,-5.876876116E-1,-8.116035908E-2,-1.027520180E0
3.212938921E1,-3.989448845E-1,1.159897260E-2,-1.171744585E0
3.213941621E1,-2.560761571E-1,1.114741713E-1,-1.321114659E0
3.214944321E1,-1.208466887E-1,2.165347934E-1,-1.523823857E0
3.215947121E1,5.602981523E-2,3.123958111E-1,-1.788158774E0
3.216949821E1,2.854042649E-1,3.910313249E-1,-2.019571066E0
3.217952521E1,5.672942996E-1,4.202163815E-1,-2.111529589E0
3.218955221E1,8.911502361E-1,4.831513166E-1,-2.133796692E0
3.219957921E1,1.223216414E0,6.489416361E-1,-2.166653633E0
3.220960621E1,1.533759236E0,9.365901947E-1,-2.225422382E0
3.221963321E1,1.763154864E0,1.298671961E0,-2.332858562E0
3.222966021E1,1.847613692E0,1.669540167E0,-2.547811985E0
3.223968721E1,1.790923834E0,1.896749020E0,-2.809011698E0
3.224971421E1,1.742483616E0,1.817239642E0,-3.008263588E0
3.225974221E1,1.890317321E0,1.478340387E0,-3.078821421E0
3.226976921E1,2.335483313E0,1.087459326E0,-3.039613485E0
3.227979621E1,2.911411285E0,8.046571612E-1,-2.968157291E0
3.228982321E1,3.338374138E0,7.326865196E-1,-2.908084631E0
3.229985021E1,3.453149557E0,8.014922142E-1,-2.808708191E0
3.230987721E1,3.221020937E0,8.226115108E-1,-2.563410044E0
3.231990421E1,2.687107563E0,8.576619029E-1,-2.215937853E0
3.232993121E1,2.007708073E0,9.659923315E-1,-1.878424525E0
3.233995821E1,1.370803714E0,1.219066978E0,-1.661957741E0
3.234998521E1,8.822068572E-1,1.609194875E0,-1.556624770E0
3.236001221E1,5.678201318E-1,2.003397226E0,-1.497902036E0
3.237004021E1,4.279422760E-1,2.253887653E0,-1.395030618E0
3.238006721E1,4.731512964E-1,2.301939487E0,-1.174674273E0
3.239009421E1,6.878956556E-1,2.194774151E0,-8.785611391E-1
3.240012121E1,1.001442909E0,1.990077496E0,-5.761224627E-1
3.241014821E1,1.360024929E0,1.727697253E0,-3.396683037E-1
3.242017521E1,1.712767005E0,1.476101518E0,-2.110064626E-1
3.243020221E1,2.022648335E0,1.296034336E0,-1.688060910E-1
3.244022921E1,2.241801500E0,1.247279882E0,-1.587081850E-1
3.245025621E1,2.359266758E0,1.325425982E0,-1.568676531E-1
3.246028321E1,2.382073641E0,1.473214626E0,-1.281523854E-1
3.247031021E1,2.311531544E0,1.587615371E0,-7.012871653E-2
3.248033821E1,2.135154486E0,1.572658539E0,-7.256545126E-3
3.249036521E1,1.872859836E0,1.379294991E0,9.456771612E-2
3.250039221E1,1.530907035E0,1.034491777E0,2.735225558E-1
3.251041921E1,1.156544089E0,6.781755686E-1,5.570737720E-1
3.252044621E1,8.134056926E-1,3.185516298E-1,9.828162789E-1
3.253047350E1,5.138389468E-1,-2.103002975E-3,1.543782353E0
3.254050050E1,2.418249846E-1,-2.922336161E-1,2.139786005E0
3.255052750E1,-1.548777148E-2,-5.350118279E-1,2.590262890E0
3.256055450E1,-3.073806167E-1,-6.748203635E-1,2.857200146E0
3.257058150E1,-7.442533970E-1,-6.862878799E-1,2.966218710E0
3.258060850E1,-1.384568930E0,-7.050863504E-1,3.022099257E0
3.259063650E1,-2.185024023E0,-9.348881245E-1,3.252798796E0
3.260066350E1,-3.008399248E0,-1.465430260E0,3.930383682E0
3.261069050E1,-3.498707533E0,-2.013089180E0,4.910716534E0
3.262071750E1,-3.452158213E0,-2.234561443E0,5.561421871E0
3.263074450E1,-3.062148333E0,-2.081668615E0,5.438199520E0
3.264077150E1,-2.596398115E0,-1.799354196E0,4.727159500E0
3.265079850E1,-2.254005909E0,-1.616856337E0,3.858174324E0
3.266082550E1,-2.126771212E0,-1.660646915E0,3.124813318E0
3.267085250E1,-2.136246920E0,-1.781634927E0,2.572043180E0
3.268087950E1,-2.197497606E0,-1.759693384E0,2.164021730E0
3.269090650E1,-2.323230982E0,-1.498093009E0,1.825684190E0
3.270093450E1,-2.542558908E0,-1.065493345E0,1.516101003E0
3.271096150E1,-2.904812574E0,-6.478877664E-1,1.224868059E0
3.272098850E1,-3.390684366E0,-3.410710990E-1,9.493637681E-1
3.273101550E1,-3.892836332E0,-1.164440438E-1,7.138044834E-1
3.274104250E1,-4.283785820E0,6.568661332E-2,5.260271430E-1
3.275106950E1,-4.475665092E0,1.967675835E-1,3.860372305E-1
3.276109650E1,-4.410295010E0,2.426956594E-1,2.808735371E-1
3.277112350E1,-4.085794449E0,2.148569971E-1,1.720391810E-1
3.278115050E1,-3.542485714E0,1.113995984E-1,2.164328098E-2
3.279117750E1,-2.844078064E0,-4.471135512E-2,-1.887020171E-1
3.280120550E1,-2.094338179E0,-1.942049712E-1,-4.570631683E-1
3.281123250E1,-1.371629834E0,-2.541866302E-1,-7.389689088E-1
3.282125950E1,-7.781622410E-1,-2.934477627E-1,-1.027328610E0
3.283128650E1,-3.644016981E-1,-3.088650703E-1,-1.311333537E0
3.284131350E1,-1.131862476E-1,-2.719672322E-1,-1.579679728E0
3.285134050E1,2.578189969E-2,-1.597339958E-1,-1.864288807E0
3.286136750E1,8.659172058E-2,6.081861630E-2,-2.174530983E0
3.287139450E1,7.493320853E-2,4.483977854E-1,-2.440022707E0
3.288142150E1,1.532760682E-3,9.419445992E-1,-2.639929056E0
3.289144850E1,-1.269822121E-1,1.409795880E0,-2.766300201E0
3.290147550E1,-3.210044205E-1,1.776233792E0,-2.803659201E0
3.291150350E1,-5.221208334E-1,2.027837753E0,-2.785372496E0
3.292153050E1,-6.406427026E-1,2.226357698E0,-2.733623743E0
3.293155750E1,-6.116817594E-1,2.375116825E0,-2.615519285E0
3.294158450E1,-3.971455097E-1,2.394805431E0,-2.426783323E0
3.295161150E1,-8.640508167E-3,2.269686699E0,-2.140783310E0
3.296163850E1,6.110184789E-1,2.019408941E0,-1.777070880E0
3.297166550E1,1.464338541E0,1.799471498E0,-1.390503407E0
3.298169250E1,2.469444990E0,1.701858401E0,-1.172598004E0
3.299171950E1,3.469612837E0,1.620079160E0,-1.238491058E0
3.300174650E1,4.255828857E0,1.527436852E0,-1.470516562E0
3.301177350E1,4.668031693E0,1.393529415E0,-1.700262666E0
3.302180050E1,4.716347218E0,1.265116572E0,-1.887139559E0
3.303182850E1,4.476949692E0,1.162523270E0,-2.025485992E0
3.304185550E1,4.020611286E0,1.179794669E0,-2.154793739E0
3.305188250E1,3.372758150E0,1.361511469E0,-2.297672272E0
3.306190950E1,2.591572762E0,1.621028304E0,-2.401729822E0
3.307193650E1,1.824752808E0,1.822602749E0,-2.373220444E0
3.308196350E1,1.189418435E0,1.914431453E0,-2.197543621E0
3.309199050E1,7.667927742E-1,1.897006631E0,-1.902256608E0
3.310201750E1,5.917101502E-1,1.821296453E0,-1.571803927E0
3.311204450E1,6.455005407E-1,1.760380507E0,-1.264486670E0
3.312207150E1,8.667983413E-1,1.731338263E0,-9.915984273E-1
3.313209850E1,1.147821784E0,1.719234109E0,-7.630028725E-1
3.314212650E1,1.410676837E0,1.656110287E0,-5.533116460E-1
3.315215350E1,1.602581024E0,1.515380621E0,-3.548516929E-1
3.316218050E1,1.695416451E0,1.319607377E0,-1.909415871E-1
3.317220750E1,1.681126237E0,1.136248708E0,-1.048359945E-1
3.318223450E1,1.554955482E0,9.554773569E-1,-7.515080273E-2
3.319226150E1,1.322167754E0,7.679665089E-1,-1.175296400E-2
3.320228850E1,1.000214696E0,5.636810064E-1,1.835787147E-1
3.321231550E1,6.469942331E-1,3.629775047E-1,5.250719190E-1
3.322234250E1,3.090925813E-1,1.792111546E-1,1.009209275E0
3.323236950E1,2.079906408E-3,1.724602841E-2,1.591951728E0
3.324239650E1,-2.727457881E-1,-1.208631098E-1,2.123989820E0
3.325242450E1,-5.640958548E-1,-2.185305506E-1,2.510287523E0
3.326245150E1,-9.153335094E-1,-2.206144780E-1,2.687505007E0
3.327247850E1,-1.344781041E0,-1.817134917E-1,2.712109566E0
3.328250550E1,-1.799696922E0,-1.940663010E-1,2.706837177E0
3.329253250E1,-2.226679802E0,-3.940095305E-1,2.898593426E0
3.330255950E1,-2.539373398E0,-9.237002730E-1,3.529326916E0
3.331258650E1,-2.604874134E0,-1.627706170E0,4.468954086E0
3.332261350E1,-2.377185822E0,-2.154074430E0,5.157569408E0
3.333264050E1,-2.024621487E0,-2.292313576E0,5.205073833E0
3.334266750E1,-1.728569031E0,-2.137865305E0,4.634443283E0
3.335269450E1,-1.627846956E0,-1.931876302E0,3.677916288E0
3.336272150E1,-1.792610049E0,-1.976500511E0,2.600675106E0
3.337274950E1,-2.051507950E0,-2.175460577E0,1.717344642E0
3.338277650E1,-2.208457470E0,-2.257565260E0,1.219128132E0
3.339280350E1,-2.294548750E0,-2.077264309E0,1.042376876E0
3.340283050E1,-2.402903795E0,-1.732378125E0,9.952785969E-1
3.341285750E1,-2.620234489E0,-1.320486903E0,8.798065782E-1
3.342288450E1,-2.990193367E0,-9.305500388E-1,6.979550123E-1
3.343291150E1,-3.420030117E0,-6.614664793E-1,5.943935513E-1
3.344293850E1,-3.750580788E0,-5.305098295E-1,5.918601155E-1
3.345296550E1,-3.868791342E0,-4.710359573E-1,6.449452639E-1
3.346299250E1,-3.721221447E0,-4.587851465E-1,6.854056120E-1
3.347301950E1,-3.334200144E0,-4.560987949E-1,6.868055463E-1
3.348304750E1,-2.772239447E0,-4.394519031E-1,6.214616895E-1
3.349307450E1,-2.094489574E0,-4.158167243E-1,4.361074567E-1
3.350310150E1,-1.416947246E0,-3.742804527E-1,1.446377933E-1
3.351312850E1,-8.460351825E-1,-3.229175806E-1,-1.946779341E-1
3.352315550E1,-4.364561737E-1,-2.546847463E-1,-5.229839087E-1
3.353318213E1,-1.918067187E-1,-1.434342712E-1,-8.584513068E-1
3.354320912E1,-8.287039399E-2,2.811644413E-2,-1.203300118E0
3.355323612E1,-6.278484315E-2,2.087189704E-1,-1.535921454E0
3.356326313E1,-8.060991764E-2,3.820843697E-1,-1.813937783E0
3.357329013E1,-1.076732278E-1,5.610601902E-1,-1.969867349E0
3.358331712E1,-9.259467572E-2,7.164649963E-1,-1.976697564E0
3.359334412E1,3.092580289E-2,8.847396374E-1,-1.895199895E0
3.360337212E1,2.395122945E-1,1.128087044E0,-1.797725320E0
3.361339912E1,4.490668476E-1,1.378615260E0,-1.773829103E0
3.362342612E1,6.194439530E-1,1.584388852E0,-1.866750956E0
3.363345313E1,7.718277574E-1,1.701699972E0,-2.080617189E0
3.364348012E1,9.473569989E-1,1.651713967E0,-2.314191103E0
3.365350712E1,1.254597187E0,1.347182751E0,-2.411554813E0
3.366353412E1,1.836060762E0,9.555600882E-1,-2.319282770E0
3.367356113E1,2.708020449E0,7.041854262E-1,-2.154117823E0
3.368358813E1,3.715278387E0,6.294845939E-1,-2.199315310E0
3.369361512E1,4.520061016E0,5.912729502E-1,-2.567637920E0
3.370364212E1,4.768756866E0,5.112843513E-1,-2.980116606E0
3.371366912E1,4.389014244E0,3.783680201E-1,-3.164076805E0
3.372369613E1,3.526325703E0,2.651826143E-1,-3.065740347E0
3.373372412E1,2.478425980E0,3.436574340E-1,-2.821965456E0
3.374375113E1,1.452606201E0,7.099717259E-1,-2.567855358E0
3.375377812E1,5.460903645E-1,1.286881089E0,-2.311511755E0
3.376380512E1,-1.502000242E-1,1.918325663E0,-2.051513195E0
3.377383212E1,-5.324242115E-1,2.435489178E0,-1.747254729E0
3.378385913E1,-5.550970435E-1,2.679454803E0,-1.406801581E0
3.379388613E1,-2.126238495E-1,2.605666399E0,-1.067935109E0
3.380391312E1,4.278027117E-1,2.357736349E0,-7.523220181E-1
3.381394012E1,1.227647901E0,2.104706764E0,-5.148036480E-1
3.382396713E1,1.972944617E0,1.926161289E0,-3.705138862E-1
3.383399413E1,2.506381750E0,1.836099029E0,-3.292640150E-1
3.384402112E1,2.779115200E0,1.778740644E0,-3.995962143E-1
3.385404913E1,2.829839230E0,1.755261183E0,-5.587692857E-1
3.386407612E1,2.698640108E0,1.716159344E0,-7.715950012E-1
3.387410312E1,2.430319548E0,1.642916203E0,-9.482514858E-1
3.388413012E1,2.074015856E0,1.535219073E0,-1.014456272E0
3.389415713E1,1.711091995E0,1.392439127E0,-9.772914648E-1
3.390418413E1,1.394212246E0,1.215806365E0,-8.104130030E-1
3.391421112E1,1.143764496E0,1.010768414E0,-5.206634998E-1
3.392423812E1,9.401349425E-1,7.598620653E-1,-1.311777532E-1
3.393426513E1,7.546011806E-1,4.404323995E-1,3.162910342E-1
3.394429213E1,5.321500301E-1,1.075036898E-1,7.896745801E-1
3.395431912E1,1.897628605E-1,-1.993037462E-1,1.166011572E0
3.396434612E1,-3.352194130E-1,-4.154427052E-1,1.401957989E0
3.397437412E1,-1.051780701E0,-4.892928004E-1,1.416030288E0
3.398440112E1,-1.898707747E0,-5.492554903E-1,1.301331639E0
3.399442812E1,-2.712138653E0,-7.612197995E-1,1.251996279E0
3.400445513E1,-3.267234325E0,-1.156139493E0,1.562097907E0
3.401448212E1,-3.528496027E0,-1.672572494E0,2.413804770E0
3.402450912E1,-3.556926012E0,-2.149441481E0,3.541879654E0
3.403453612E1,-3.422982693E0,-2.469256639E0,4.203108788E0
3.404456313E1,-3.308137894E0,-2.381974459E0,4.015025139E0
3.405459013E1,-3.425420761E0,-2.003492832E0,3.101285934E0
3.406461712E1,-3.760669708E0,-1.726023793E0,1.880818486E0
3.407464412E1,-3.957049370E0,-1.697251081E0,8.361663818E-1
3.408467112E1,-3.767305613E0,-1.852700353E0,2.654845417E-1
3.409469912E1,-3.303754330E0,-1.943221569E0,1.910487711E-1
3.410472612E1,-2.759377480E0,-1.942612767E0,3.515774310E-1
3.411475313E1,-2.269143581E0,-1.913717151E0,4.402484596E-1
3.412478012E1,-1.941672087E0,-1.910748482E0,3.858043849E-1
3.413480712E1,-1.812492490E0,-1.959509492E0,2.860986590E-1
3.414483412E1,-1.833718896E0,-2.018304586E0,2.408582121E-1
3.415486113E1,-1.902353525E0,-1.993413091E0,2.399691045E-1
3.416488813E1,-1.957947254E0,-1.840454102E0,2.591222823E-1
3.417491512E1,-1.970711350E0,-1.643332839E0,2.894436717E-1
3.418494212E1,-1.903371215E0,-1.467276096E0,3.053627312E-1
3.419496913E1,-1.710979581E0,-1.343552470E0,2.857165039E-1
3.420499613E1,-1.430222511E0,-1.217999101E0,2.218727767E-1
3.421502312E1,-1.133313894E0,-1.037710547E0,1.000935733E-1
3.422505113E1,-8.733726144E-1,-8.077514172E-1,-5.887157097E-2
3.423507812E1,-6.571914554E-1,-5.344482660E-1,-2.328699082E-1
3.424510512E1,-4.979221821E-1,-2.577272058E-1,-4.150120318E-1
3.425513212E1,-3.807266951E-1,6.667535286E-3,-5.971283913E-1
3.426515913E1,-2.697336078E-1,2.604822218E-1,-7.509949207E-1
3.427518612E1,-1.229412332E-1,4.850990772E-1,-8.357880116E-1
3.428521312E1,6.554638594E-2,7.561016083E-1,-8.334665298E-1
3.429524012E1,2.852029502E-1,1.101315737E0,-7.995986938E-1
3.430526713E1,5.013486147E-1,1.440106273E0,-7.482599020E-1
3.431529413E1,6.345407367E-1,1.768762708E0,-7.258833051E-1
3.432532112E1,6.833072305E-1,2.115849733E0,-7.964298725E-1
3.433534812E1,6.939017773E-1,2.402392387E0,-9.557942748E-1
3.434537512E1,7.045184970E-1,2.565849543E0,-1.244477749E0
3.435540312E1,7.811454535E-1,2.601063967E0,-1.539012790E0
3.436543012E1,1.018718123E0,2.479426861E0,-1.661337376E0
3.437545713E1,1.442007899E0,2.284467936E0,-1.632139206E0
3.438548412E1,2.003519058E0,2.157655716E0,-1.465015173E0
3.439551112E1,2.635179996E0,2.132220030E0,-1.291612148E0
3.440553812E1,3.208076954E0,2.160224199E0,-1.349280834E0
3.441556513E1,3.587288141E0,2.199790239E0,-1.653548598E0
3.442559213E1,3.650460482E0,2.084933043E0,-1.945824146E0
3.443561912E1,3.382836819E0,1.764071465E0,-2.038996220E0
3.444564612E1,2.876815796E0,1.516700625E0,-1.913717270E0
3.445567312E1,2.219465494E0,1.593230367E0,-1.701257706E0
3.446570013E1,1.515500307E0,1.964207649E0,-1.550490856E0
3.447572712E1,9.163721800E-1,2.412469625E0,-1.488033891E0
3.448575412E1,5.542587042E-1,2.658094168E0,-1.380454779E0
3.449578212E1,4.770154059E-1,2.596965790E0,-1.123086572E0
3.450580912E1,6.720517874E-1,2.333644390E0,-7.515663505E-1
3.451583612E1,1.059888840E0,2.028687239E0,-3.550360203E-1
3.452586296E1,1.521180511E0,1.791275859E0,-1.877143420E-2
3.453588996E1,1.969944239E0,1.641888022E0,1.892994046E-1
3.454591696E1,2.339908600E0,1.572662592E0,2.934836149E-1
3.455594396E1,2.581718683E0,1.528517842E0,3.604794741E-1
3.456597096E1,2.670885563E0,1.459149957E0,4.045657218E-1
3.457599796E1,2.602993250E0,1.344890952E0,3.959246576E-1
3.458602496E1,2.408969164E0,1.229783058E0,3.368461728E-1
3.459605196E1,2.107277155E0,1.159579396E0,2.697882950E-1
3.460607896E1,1.732182264E0,1.072137713E0,2.172425240E-1
3.461610596E1,1.308094621E0,9.472011328E-1,2.422297597E-1
3.462613396E1,8.654477596E-1,6.954184175E-1,4.053297341E-1
3.463616096E1,4.673023522E-1,3.950949907E-1,7.332813144E-1
3.464618796E1,9.383074939E-2,7.876232266E-2,1.203238726E0
3.465621496E1,-2.643076777E-1,-1.507880539E-1,1.740891337E0
3.466624196E1,-6.256479025E-1,-2.665544152E-1,2.228884220E0
3.467626896E1,-9.850097895E-1,-3.318254054E-1,2.584982634E0
3.468629596E1,-1.324787378E0,-4.906182587E-1,2.763989687E0
3.469632296E1,-1.681100249E0,-9.158981442E-1,3.010109186E0
3.470634996E1,-2.010985613E0,-1.670968056E0,3.564332962E0
3.471637696E1,-2.169047117E0,-2.454381466E0,4.215644360E0
3.472640396E1,-2.077410698E0,-2.886258602E0,4.571438313E0
3.473643096E1,-1.796859860E0,-2.961313009E0,4.338239193E0
3.474645796E1,-1.508620977E0,-2.776121378E0,3.602480412E0
3.475648596E1,-1.404752374E0,-2.640565395E0,2.771153927E0
3.476651296E1,-1.499603271E0,-2.574392080E0,2.128155947E0
3.477653996E1,-1.658223033E0,-2.464192390E0,1.788763046E0
3.478656696E1,-1.829951286E0,-2.268266201E0,1.700653195E0
3.479659396E1,-2.089856386E0,-1.972962976E0,1.658914566E0
3.480662096E1,-2.478847504E0,-1.613411427E0,1.520788670E0
3.481664796E1,-2.955905437E0,-1.248424888E0,1.283183336E0
3.482667496E1,-3.416232824E0,-9.402779937E-1,1.080379367E0
3.483670196E1,-3.733841896E0,-7.145972848E-1,1.004121065E0
3.484672896E1,-3.869134426E0,-5.865407586E-1,1.041219354E0
3.485675596E1,-3.798684120E0,-5.481179953E-1,1.098979592E0
3.486678296E1,-3.512650013E0,-5.722821951E-1,1.124588013E0
3.487680996E1,-3.006948709E0,-6.713583469E-1,1.108138919E0
3.488683696E1,-2.341648340E0,-7.697877288E-1,1.001039624E0
3.489686496E1,-1.611770034E0,-8.523865938E-1,7.420630455E-1
3.490689196E1,-9.138271213E-1,-8.662118316E-1,3.422373831E-1
3.491691896E1,-3.792855442E-1,-8.211115003E-1,-1.116552204E-1
3.492694596E1,-5.648964643E-2,-7.377484441E-1,-5.071740150E-1
3.493697296E1,9.764372557E-2,-5.881712437E-1,-8.126226068E-1
3.494699996E1,1.090164855E-1,-3.657712042E-1,-1.039811850E0
3.495702696E1,2.587196231E-2,-1.116782427E-1,-1.204988360E0
3.496705396E1,-9.191219509E-2,1.713963300E-1,-1.297711611E0
3.497708096E1,-1.899683177E-1,4.888478816E-1,-1.317030191E0
3.498710796E1,-2.420320511E-1,8.506500721E-1,-1.251197100E0
3.499713496E1,-2.009633482E-1,1.190189719E0,-1.166480064E0
3.500716196E1,-5.094189197E-2,1.516341805E0,-1.182065964E0
3.501718896E1,1.710870713E-1,1.821855068E0,-1.363602281E0
3.502721596E1,3.834563494E-1,2.112715244E0,-1.697890520E0
3.503724396E1,4.942219853E-1,2.310009480E0,-2.010582685E0
3.504727096E1,5.662255883E-1,2.321851492E0,-2.165743589E0
3.505729796E1,7.479812503E-1,2.195574284E0,-2.164762735E0
3.506732496E1,1.115648746E0,2.012878180E0,-2.012600183E0
3.507735196E1,1.701508522E0,1.892922997E0,-1.769638419E0
3.508737896E1,2.416103601E0,1.868119597E0,-1.597350597E0
3.509740596E1,3.098549128E0,1.941870809E0,-1.614573956E0
3.510743296E1,3.563303232E0,2.017010927E0,-1.693657279E0
3.511745996E1,3.694020987E0,1.927972674E0,-1.694477081E0
3.512748696E1,3.520201921E0,1.744208097E0,-1.597445607E0
3.513751396E1,3.163149357E0,1.605855703E0,-1.497099400E0
3.514754096E1,2.744115114E0,1.655696273E0,-1.463990927E0
3.515756796E1,2.313488960E0,1.876862168E0,-1.453855515E0
3.516759496E1,1.906601906E0,2.133553267E0,-1.383997321E0
3.517762196E1,1.584632754E0,2.291175365E0,-1.211676240E0
3.518764996E1,1.404947162E0,2.309435129E0,-9.414306879E-1
3.519767696E1,1.382245779E0,2.211337566E0,-6.431999207E-1
3.520770396E1,1.492876410E0,2.028513670E0,-3.888118565E-1
3.521773096E1,1.705520749E0,1.773824573E0,-2.244684696E-1
3.522775796E1,1.958011389E0,1.500315785E0,-1.850992292E-1
3.523778496E1,2.163851976E0,1.271437049E0,-2.715500891E-1
3.524781196E1,2.270227671E0,1.136009455E0,-4.255167544E-1
3.525783896E1,2.245766640E0,1.111582994E0,-5.643171072E-1
3.526786596E1,2.099426031E0,1.151460648E0,-6.633376479E-1
3.527789296E1,1.860570312E0,1.221099734E0,-7.403508425E-1
3.528791996E1,1.565369606E0,1.246887684E0,-7.619538903E-1
3.529794696E1,1.252360702E0,1.166254520E0,-7.325761318E-1
3.530797396E1,9.417367578E-1,1.005691767E0,-6.352834105E-1
3.531800096E1,6.663994789E-1,8.021805882E-1,-4.525195956E-1
3.532802796E1,4.598908126E-1,5.692163706E-1,-1.553803086E-1
3.533805596E1,2.860436141E-1,3.541680872E-1,2.781208754E-1
3.534808296E1,8.098661155E-2,2.044291943E-1,7.610315681E-1
3.535810996E1,-1.591092199E-1,1.190043911E-1,1.174414039E0
3.536813696E1,-4.514915645E-1,1.065349430E-1,1.406927109E0
3.537816396E1,-8.715568781E-1,1.774162352E-1,1.457213998E0
3.538819096E1,-1.471041560E0,2.101416886E-1,1.496890903E0
3.539821796E1,-2.177102089E0,-5.534184724E-2,1.801566601E0
3.540824496E1,-2.822481632E0,-7.544977665E-1,2.613323689E0
3.541827196E1,-3.102532864E0,-1.629559994E0,3.622436285E0
3.542829896E1,-2.909050226E0,-2.223782778E0,4.236631870E0
3.543832596E1,-2.461374998E0,-2.353083611E0,4.096075058E0
3.544835296E1,-1.971537709E0,-2.108639479E0,3.327631235E0
3.545837996E1,-1.628959298E0,-1.834674001E0,2.321859837E0
3.546840696E1,-1.547438860E0,-1.913778424E0,1.467000008E0
3.547843496E1,-1.539203167E0,-2.242436647E0,9.915323853E-1
3.548846196E1,-1.498453856E0,-2.427248240E0,8.886129260E-1
3.549848896E1,-1.558311343E0,-2.352758646E0,9.810057878E-1
3.550851596E1,-1.792613387E0,-2.182287931E0,1.054012299E0
3.551854296E1,-2.167169571E0,-2.000812769E0,1.002627730E0
3.552857071E1,-2.588287830E0,-1.831667304E0,9.374184012E-1
3.553859771E1,-2.955796957E0,-1.703104138E0,9.432796836E-1
3.554862471E1,-3.181811094E0,-1.610103011E0,9.876575470E-1
3.555865171E1,-3.218660116E0,-1.537750244E0,1.004418015E0
3.556867871E1,-3.071685791E0,-1.468277216E0,9.619219899E-1
3.557870571E1,-2.774299622E0,-1.409519196E0,8.663535118E-1
3.558873271E1,-2.387877464E0,-1.359880567E0,7.285610437E-1
3.559875971E1,-1.967227101E0,-1.303720474E0,5.901368856E-1
3.560878671E1,-1.571794629E0,-1.191320777E0,4.616250396E-1
3.561881371E1,-1.237269998E0,-1.036754251E0,3.175324798E-1
3.562884171E1,-9.743712544E-1,-8.417133689E-1,1.423920840E-1
3.563886871E1,-8.096075058E-1,-5.970066190E-1,-9.631316364E-2
3.564889571E1,-7.519042492E-1,-3.314697146E-1,-3.749170899E-1
3.565892271E1,-7.489233613E-1,-8.743913472E-2,-6.583907008E-1
3.566894971E1,-7.248084545E-1,1.100166738E-1,-8.950495720E-1
3.567897671E1,-5.871375799E-1,2.729240656E-1,-1.039050579E0
3.568900371E1,-3.502512276E-1,4.191673398E-1,-1.017561316E0
3.569903071E1,-8.105154335E-2,6.175317764E-1,-9.021756649E-1
3.570905771E1,1.590995342E-1,1.037223577E0,-7.824319005E-1
3.571908471E1,3.585843742E-1,1.640009999E0,-7.446347475E-1
3.572911171E1,5.413504839E-1,2.170218468E0,-8.569537997E-1
3.573913871E1,7.210660577E-1,2.483639002E0,-1.097451329E0
3.574916571E1,9.680891633E-1,2.496167421E0,-1.275344133E0
3.575919271E1,1.374061823E0,2.227901936E0,-1.299184322E0
3.576921971E1,1.985485554E0,1.825037479E0,-1.115038753E0
3.577924671E1,2.802968979E0,1.505263686E0,-8.608604670E-1
3.578927471E1,3.758031607E0,1.474057555E0,-8.432652354E-1
3.579930171E1,4.664638519E0,1.666374803E0,-1.142434716E0
3.580932871E1,5.182847500E0,1.716952920E0,-1.525310993E0
3.581935571E1,5.125466824E0,1.494379759E0,-1.732842565E0
3.582938271E1,4.547241211E0,1.209863067E0,-1.645537257E0
3.583940971E1,3.701663494E0,1.140072107E0,-1.398601532E0
3.584943671E1,2.823301315E0,1.434275746E0,-1.192160964E0
3.585946371E1,2.041797638E0,1.985721827E0,-1.057672858E0
3.586949071E1,1.448746324E0,2.533246040E0,-9.190484285E-1
3.587951771E1,1.098906517E0,2.845436335E0,-7.615588903E-1
3.588954471E1,9.955793619E-1,2.838493109E0,-6.051191688E-1
3.589957171E1,1.085900187E0,2.568585634E0,-4.613851309E-1
3.590959871E1,1.313435912E0,2.174958944E0,-3.568542004E-1
3.591962571E1,1.613568306E0,1.771198392E0,-2.996248007E-1
3.592965271E1,1.910574913E0,1.433652878E0,-3.002993762E-1
3.593968071E1,2.134964228E0,1.221369386E0,-3.553555310E-1
3.594970771E1,2.210686207E0,1.111616850E0,-4.412978590E-1
3.595973471E1,2.116471291E0,1.026772499E0,-5.048026443E-1
3.596976171E1,1.884183288E0,9.246616960E-1,-5.601558685E-1
3.597978871E1,1.566751242E0,8.381845355E-1,-6.263714433E-1
3.598981571E1,1.213192105E0,7.700456977E-1,-7.155620456E-1
3.599984271E1,8.197754622E-1,6.314614415E-1,-8.009697795E-1
3.600986971E1,4.401591718E-1,4.108771384E-1,-8.312640190E-1
3.601989671E1,1.215759888E-1,1.619099826E-1,-7.593112588E-1
3.602992371E1,-1.078753173E-1,-4.640673846E-2,-5.610916615E-1
3.603995071E1,-2.812315226E-1,-1.784152687E-1,-1.924125105E-1
3.604997771E1,-4.910657108E-1,-2.761319876E-1,3.286109567E-1
3.606000471E1,-7.555217147E-1,-3.835268915E-1,9.041270614E-1
3.607003171E1,-1.025713444E0,-4.747148454E-1,1.396865964E0
3.608005871E1,-1.287886620E0,-5.583978891E-1,1.686352968E0
3.609008571E1,-1.540493846E0,-6.558988690E-1,1.640730381E0
3.610011371E1,-1.861574054E0,-8.736665845E-1,1.355013847E0
3.611014071E1,-2.334193468E0,-1.214972258E0,1.054461241E0
3.612016771E1,-3.045567274E0,-1.673964143E0,1.213614464E0
3.613019471E1,-3.714233160E0,-2.225533485E0,2.133518934E0
3.614022171E1,-3.901021242E0,-2.644510984E0,3.390398979E0
3.615024871E1,-3.554288387E0,-2.744181395E0,4.452445030E0
3.616027571E1,-2.927153826E0,-2.628863335E0,4.896799088E0
3.617030271E1,-2.130072832E0,-2.291687489E0,4.430127144E0
3.618032971E1,-1.296257257E0,-1.956168652E0,3.191232443E0
3.619035671E1,-7.575714588E-1,-1.958238244E0,1.794393897E0
3.620038371E1,-6.972356439E-1,-2.153403044E0,8.757857084E-1
3.621041071E1,-1.034666181E0,-2.114818811E0,6.402049065E-1
3.622043771E1,-1.635730267E0,-1.854058266E0,8.208968639E-1
3.623046471E1,-2.320251226E0,-1.494903564E0,9.784633517E-1
3.624049171E1,-2.943243265E0,-1.126414180E0,8.904832602E-1
3.625051871E1,-3.404561520E0,-8.389582038E-1,6.337881088E-1
3.626054671E1,-3.648799658E0,-7.264806032E-1,3.425566554E-1
3.627057371E1,-3.650675297E0,-7.826644778E-1,8.611635864E-2
3.628060071E1,-3.394324303E0,-9.275108576E-1,-9.501820803E-2
3.629062771E1,-2.928774118E0,-1.073602915E0,-1.775863320E-1
3.630065471E1,-2.338118553E0,-1.150434256E0,-2.224470377E-1
3.631068171E1,-1.707803965E0,-1.163842797E0,-2.709946036E-1
3.632070871E1,-1.128874779E0,-1.084117413E0,-3.179176748E-1
3.633073571E1,-6.782586575E-1,-9.133446217E-1,-3.548455834E-1
3.634076271E1,-3.819886446E-1,-7.163629532E-1,-4.072524011E-1
3.635078971E1,-1.931316108E-1,-4.831691384E-1,-5.008785129E-1
3.636081671E1,-7.276219130E-2,-2.505456507E-1,-6.529421806E-1
3.637084371E1,9.659716859E-3,-3.796946257E-2,-8.937566280E-1
3.638087071E1,9.284114093E-2,1.957241297E-1,-1.211279988E0
3.639089771E1,2.138993889E-1,4.755957425E-1,-1.548756123E0
3.640092471E1,3.574501574E-1,7.931338549E-1,-1.825344086E0
3.641095171E1,4.911078215E-1,1.192099452E0,-1.936439633E0
3.642097871E1,5.337519646E-1,1.659324288E0,-1.896958709E0
3.643100571E1,4.892920852E-1,2.107142210E0,-1.870599508E0
3.644103371E1,4.000898898E-1,2.508595705E0,-1.942343831E0
3.645106071E1,3.177153766E-1,2.742504358E0,-1.983305335E0
3.646108771E1,4.054155648E-1,2.721762419E0,-1.884778142E0
3.647111471E1,7.444301248E-1,2.476106882E0,-1.615463614E0
3.648114171E1,1.299257398E0,2.102213383E0,-1.218666077E0
3.649116871E1,2.051465750E0,1.872027516E0,-8.521574140E-1
3.650119571E1,2.879807711E0,1.872849822E0,-7.693073750E-1
3.651122271E1,3.610138178E0,1.948417187E0,-1.034046292E0
3.652124971E1,4.031370163E0,1.871873140E0,-1.435847759E0
3.653127633E1,3.984436274E0,1.562484741E0,-1.804448247E0
3.654130333E1,3.462908268E0,1.219958544E0,-2.050305367E0
3.655133033E1,2.620515823E0,1.092522502E0,-2.115090609E0
3.656135733E1,1.666597843E0,1.352397680E0,-2.089720249E0
3.657138433E1,7.586423159E-1,1.914665461E0,-2.065523624E0
3.658141133E1,4.188769311E-2,2.494896650E0,-2.013515949E0
3.659143833E1,-3.639873862E-1,2.828306675E0,-1.889854789E0
3.660146533E1,-3.760388494E-1,2.833937168E0,-1.679740906E0
3.661149333E1,-1.596275484E-3,2.559245825E0,-1.388013363E0
3.662152033E1,6.782103181E-1,2.138951302E0,-1.092621326E0
3.663154733E1,1.510371685E0,1.741144776E0,-8.866226673E-1
3.664157433E1,2.309414864E0,1.426879287E0,-7.932595015E-1
3.665160133E1,2.894366264E0,1.185537457E0,-7.593505383E-1
3.666162833E1,3.182087660E0,1.000867963E0,-7.649418712E-1
3.667165533E1,3.192984581E0,8.857174516E-1,-7.812612057E-1
3.668168233E1,2.977903843E0,8.230697513E-1,-7.564401031E-1
3.669170933E1,2.605155945E0,7.836432457E-1,-6.906203628E-1
3.670173633E1,2.156878710E0,7.546797395E-1,-5.593596101E-1
3.671176333E1,1.685691476E0,7.301440239E-1,-3.411341310E-1
3.672179033E1,1.225290418E0,6.775058508E-1,-2.695222199E-2
3.673181733E1,7.906655073E-1,5.507327318E-1,3.842233419E-1
3.674184433E1,3.564200699E-1,3.613266945E-1,8.541372418E-1
3.675187133E1,-1.196894944E-1,1.481228024E-1,1.338703990E0
3.676189833E1,-6.444496512E-1,-2.864730358E-2,1.732723594E0
3.677192533E1,-1.189959049E0,-9.978060424E-2,1.951063871E0
3.678195333E1,-1.720897079E0,-1.296651363E-1,1.981071115E0
3.679198033E1,-2.206736803E0,-2.076691240E-1,1.853515863E0
3.680200733E1,-2.672865629E0,-6.053604484E-1,1.885482788E0
3.681203433E1,-3.077726841E0,-1.336777210E0,2.404703856E0
3.682206133E1,-3.237424374E0,-2.218471050E0,3.296977282E0
3.683208833E1,-3.047376156E0,-2.976697683E0,4.040678978E0
3.684211533E1,-2.596804380E0,-3.344318390E0,4.328772545E0
3.685214233E1,-2.022265434E0,-3.304350853E0,4.172519684E0
3.686216933E1,-1.436294794E0,-3.112435102E0,3.649313688E0
3.687219633E1,-9.465655684E-1,-2.942175150E0,2.888812780E0
3.688222333E1,-6.886991262E-1,-2.859487295E0,2.081983805E0
3.689225033E1,-7.318564653E-1,-2.785240412E0,1.431122661E0
3.690227733E1,-1.048256636E0,-2.626413345E0,1.050198793E0
3.691230433E1,-1.579480767E0,-2.422639608E0,8.433432579E-1
3.692233133E1,-2.211282969E0,-2.230742455E0,6.751137376E-1
3.693235833E1,-2.813153028E0,-2.042847395E0,5.471741557E-1
3.694238533E1,-3.259864092E0,-1.869071364E0,4.768118858E-1
3.695241233E1,-3.484224796E0,-1.715829849E0,4.439546168E-1
3.696244033E1,-3.485749006E0,-1.576020479E0,4.640657604E-1
3.697246733E1,-3.257553816E0,-1.482272625E0,5.125509501E-1
3.698249433E1,-2.806023598E0,-1.480263829E0,5.615880489E-1
3.699252133E1,-2.162395477E0,-1.536607027E0,5.793774128E-1
3.700254833E1,-1.423494697E0,-1.574563503E0,5.141162872E-1
3.701257533E1,-7.413020730E-1,-1.545326591E0,3.726526499E-1
3.702260233E1,-2.125171423E-1,-1.457161427E0,2.164798975E-1
3.703262933E1,1.281536222E-1,-1.333410501E0,4.987253994E-2
3.704265633E1,3.004505038E-1,-1.171921253E0,-1.231644005E-1
3.705268333E1,3.504156768E-1,-9.294770956E-1,-3.342662454E-1
3.706271033E1,2.621107697E-1,-5.964603424E-1,-5.968301892E-1
3.707273733E1,4.661655053E-2,-1.857774407E-1,-8.348853588E-1
3.708276433E1,-2.178153694E-1,2.682956755E-1,-1.018853664E0
3.709279133E1,-4.556165040E-1,7.345102429E-1,-1.121797085E0
3.710281833E1,-6.173452139E-1,1.176310778E0,-1.154399753E0
3.711284533E1,-6.814275384E-1,1.585799456E0,-1.176571369E0
3.712287233E1,-6.117485762E-1,1.954797387E0,-1.272289276E0
3.713289933E1,-4.212702215E-1,2.278678656E0,-1.445052981E0
3.714292733E1,-1.396133900E-1,2.459326029E0,-1.652358174E0
3.715295433E1,2.534265518E-1,2.400679588E0,-1.859275937E0
3.716298133E1,8.795557618E-1,2.041705608E0,-1.895427465E0
3.717300833E1,1.796636343E0,1.519677162E0,-1.727269650E0
3.718303533E1,2.951301098E0,1.218248844E0,-1.564808488E0
3.719306233E1,4.145867348E0,1.227467895E0,-1.644841790E0
3.720308933E1,5.086351395E0,1.304158449E0,-2.058730364E0
3.721311633E1,5.466766834E0,1.311736941E0,-2.589665651E0
3.722314333E1,5.155910969E0,1.224527478E0,-2.918326855E0
3.723317033E1,4.234883785E0,1.145128369E0,-2.913018227E0
3.724319733E1,3.040266514E0,1.291826367E0,-2.696739912E0
3.725322433E1,1.900018334E0,1.700142503E0,-2.482356548E0
3.726325133E1,1.024499297E0,2.239456654E0,-2.338725328E0
3.727327833E1,4.297566116E-1,2.702855825E0,-2.161150932E0
3.728330533E1,1.087062731E-1,2.936137438E0,-1.865113139E0
3.729333233E1,9.056589007E-2,2.893138170E0,-1.451450467E0
3.730335933E1,3.736580312E-1,2.672854900E0,-9.643452168E-1
3.731338633E1,8.796709180E-1,2.440646172E0,-4.871544242E-1
3.732341333E1,1.483096957E0,2.315632105E0,-7.632243633E-2
3.733344133E1,2.038470507E0,2.272476435E0,2.418379635E-1
3.734346833E1,2.457251310E0,2.223908424E0,4.289779961E-1
3.735349533E1,2.691389799E0,2.160726547E0,4.535983801E-1
3.736352233E1,2.732025146E0,2.079063416E0,3.475094140E-1
3.737354933E1,2.615538836E0,1.970404744E0,1.403258741E-1
3.738357633E1,2.355192661E0,1.900534868E0,-1.132785454E-1
3.739360333E1,1.949975491E0,1.814484715E0,-3.776985109E-1
3.740363033E1,1.438667893E0,1.698590994E0,-5.834708810E-1
3.741365733E1,8.770710826E-1,1.555620193E0,-6.460378170E-1
3.742368433E1,3.546349406E-1,1.394095421E0,-5.116457343E-1
3.743371133E1,-7.796946913E-2,1.174209356E0,-1.556881964E-1
3.744373833E1,-4.052850008E-1,8.604514003E-1,3.830470145E-1
3.745376533E1,-6.286784410E-1,5.313789845E-1,9.832170010E-1
3.746379233E1,-8.263210058E-1,3.169890642E-1,1.485001206E0
3.747381933E1,-1.081603408E0,1.766823083E-1,1.765082121E0
3.748384633E1,-1.410672307E0,1.532156952E-2,1.800260782E0
3.749387333E1,-1.809913993E0,-3.044907749E-1,1.673893809E0
3.750390033E1,-2.236126900E0,-8.571417332E-1,1.636209607E0
3.751392733E1,-2.610486746E0,-1.613148451E0,1.946128130E0
3.752395533E1,-2.835013866E0,-2.340825319E0,2.524816036E0
3.753398246E1,-2.886268854E0,-2.808281660E0,3.000695467E0
3.754400946E1,-2.830152988E0,-2.856941938E0,3.174776554E0
3.755403646E1,-2.742530107E0,-2.572211742E0,3.095592022E0
3.756406346E1,-2.617197275E0,-2.253691912E0,2.924701452E0
3.757409046E1,-2.464071274E0,-2.183145285E0,2.652185202E0
3.758411746E1,-2.265575647E0,-2.326711893E0,2.276653051E0
3.759414446E1,-1.987997890E0,-2.464673281E0,1.929764032E0
3.760417146E1,-1.686447620E0,-2.544662952E0,1.715499640E0
3.761419846E1,-1.440579534E0,-2.529832840E0,1.563716769E0
3.762422546E1,-1.354930520E0,-2.400444984E0,1.374374986E0
3.763425246E1,-1.489894152E0,-2.202071905E0,1.150040746E0
3.764427946E1,-1.789527059E0,-1.958430052E0,9.705922604E-1
3.765430646E1,-2.133868456E0,-1.719644904E0,8.491265774E-1
3.766433346E1,-2.406260252E0,-1.482239127E0,7.524555922E-1
3.767436046E1,-2.571090937E0,-1.225776196E0,6.748238802E-1
3.768438746E1,-2.635972500E0,-9.774892926E-1,6.175963879E-1
3.769441446E1,-2.604343414E0,-7.856165171E-1,5.545854568E-1
3.770444146E1,-2.486452579E0,-6.829270124E-1,4.731357098E-1
3.771446946E1,-2.260921240E0,-6.567974091E-1,3.625817895E-1
3.772449646E1,-1.914853930E0,-6.801404953E-1,1.913485229E-1
3.773452346E1,-1.464427710E0,-6.986207962E-1,-5.890499055E-2
3.774455046E1,-9.636454582E-1,-6.416086555E-1,-3.638063073E-1
3.775457746E1,-5.078598261E-1,-5.122975111E-1,-6.966002584E-1
3.776460446E1,-1.468024552E-1,-3.323296905E-1,-1.017761469E0
3.777463146E1,1.165689975E-1,-1.230670288E-1,-1.294363499E0
3.778465846E1,2.963640690E-1,1.613823920E-1,-1.486510634E0
3.779468546E1,4.082530439E-1,5.534644723E-1,-1.549278975E0
3.780471246E1,4.603737593E-1,1.040973425E0,-1.479874015E0
3.781473946E1,4.579303265E-1,1.483014226E0,-1.376401663E0
3.782476646E1,4.317486286E-1,1.819074750E0,-1.372598052E0
3.783479346E1,4.136162400E-1,2.056420803E0,-1.489858627E0
3.784482046E1,3.814413846E-1,2.224627733E0,-1.703166008E0
3.785484746E1,3.683884144E-1,2.311999559E0,-1.971594334E0
3.786487446E1,4.716596901E-1,2.365527630E0,-2.148733854E0
3.787490146E1,7.782475948E-1,2.326061964E0,-2.067346811E0
3.788492846E1,1.314153075E0,2.218762398E0,-1.812324882E0
3.789495546E1,1.990969181E0,2.152234077E0,-1.670854568E0
3.790498246E1,2.532333612E0,2.129057884E0,-1.761003613E0
3.791501046E1,2.735290051E0,2.039773464E0,-1.918315649E0
3.792503746E1,2.649109602E0,1.860556006E0,-1.929054379E0
3.793506446E1,2.458634853E0,1.646162152E0,-1.753987432E0
3.794509146E1,2.315979719E0,1.462798595E0,-1.476578236E0
3.795511846E1,2.265670061E0,1.389201641E0,-1.190354705E0
3.796514546E1,2.229106665E0,1.435757995E0,-9.565015435E-1
3.797517246E1,2.136308193E0,1.571452260E0,-8.185002208E-1
3.798519946E1,1.968691111E0,1.738771677E0,-7.584885359E-1
3.799522646E1,1.743916154E0,1.840630174E0,-6.806637645E-1
3.800525346E1,1.519399762E0,1.812961340E0,-5.355402827E-1
3.801528046E1,1.371870518E0,1.710706592E0,-3.612693548E-1
3.802530746E1,1.323747873E0,1.587742925E0,-2.030058354E-1
3.803533446E1,1.367874265E0,1.473742127E0,-8.351939172E-2
3.804536146E1,1.471184611E0,1.395650506E0,-3.735470772E-2
3.805538846E1,1.574092865E0,1.331880808E0,-7.243999094E-2
3.806541546E1,1.610561967E0,1.246711612E0,-1.747007221E-1
3.807544246E1,1.558004498E0,1.130178809E0,-3.239799440E-1
3.808546946E1,1.397891760E0,9.947617650E-1,-5.054395199E-1
3.809549646E1,1.143113017E0,8.428473473E-1,-6.494289041E-1
3.810552446E1,8.055467606E-1,6.869433522E-1,-6.947141886E-1
3.811555146E1,4.123440683E-1,5.531021953E-1,-6.095306277E-1
3.812557846E1,-1.323493570E-2,4.281389713E-1,-3.324771523E-1
3.813560546E1,-4.367020428E-1,2.830318511E-1,1.431162655E-1
3.814563246E1,-8.224424124E-1,1.274842322E-1,7.433240414E-1
3.815565946E1,-1.147700667E0,-5.726282950E-3,1.391086817E0
3.816568646E1,-1.414518237E0,-1.452179551E-1,1.950593233E0
3.817571346E1,-1.584982634E0,-1.626121253E-1,2.276536465E0
3.818574046E1,-1.659156680E0,-2.149312794E-1,2.412323236E0
3.819576746E1,-1.649677515E0,-5.182512403E-1,2.554706573E0
3.820579446E1,-1.582373023E0,-1.108293414E0,2.828141928E0
3.821582146E1,-1.389477611E0,-1.851708174E0,3.368802309E0
3.822584846E1,-9.589842558E-1,-2.499761820E0,3.940200090E0
3.823587546E1,-3.280342817E-1,-2.774758577E0,4.143172264E0
3.824590246E1,3.203317225E-1,-2.703553677E0,3.931106091E0
3.825592946E1,8.165467978E-1,-2.554906130E0,3.475890875E0
3.826595646E1,1.147691369E0,-2.585579395E0,2.954056025E0
3.827598346E1,1.421242476E0,-2.809453249E0,2.509587049E0
3.828601046E1,1.628489375E0,-3.005568743E0,2.167112589E0
3.829603746E1,1.572463632E0,-3.062141895E0,1.912914872E0
3.830606546E1,1.124994993E0,-2.917616129E0,1.746348739E0
3.831609246E1,2.567231655E-1,-2.592921972E0,1.647915125E0
3.832611946E1,-9.290341139E-1,-2.171617985E0,1.563041210E0
3.833614646E1,-2.151691675E0,-1.732793808E0,1.487396479E0
3.834617346E1,-3.199929237E0,-1.244913816E0,1.459684849E0
3.835620046E1,-4.028405190E0,-7.418336272E-1,1.417909980E0
3.836622746E1,-4.624294758E0,-2.745329738E-1,1.328473926E0
3.837625446E1,-4.950981617E0,8.163285255E-2,1.191475391E0
3.838628146E1,-4.977911949E0,2.114679515E-1,9.837651849E-1
3.839630846E1,-4.697467804E0,7.073692977E-2,6.715423465E-1
3.840633546E1,-4.128792763E0,-2.368432283E-1,2.930246890E-1
3.841636246E1,-3.383213043E0,-5.213927031E-1,-7.425771654E-2
3.842638946E1,-2.621221781E0,-6.667796373E-1,-4.222811759E-1
3.843641646E1,-1.975831151E0,-6.794131398E-1,-7.383283973E-1
3.844644346E1,-1.546122789E0,-5.117874146E-1,-1.027349710E0
3.845647046E1,-1.355311871E0,-2.094302177E-1,-1.259960532E0
3.846649746E1,-1.323364258E0,1.946539432E-1,-1.422419310E0
3.847652446E1,-1.383074164E0,6.113119125E-1,-1.525010228E0
3.848655146E1,-1.409678102E0,9.129093289E-1,-1.553682208E0
3.849657846E1,-1.276940465E0,1.090806246E0,-1.525309205E0
3.850660546E1,-9.446444511E-1,1.208955169E0,-1.484952569E0
3.851663346E1,-4.806128740E-1,1.382433176E0,-1.549640536E0
3.852666046E1,1.826188527E-2,1.636266112E0,-1.716595531E0
3.853668783E1,4.859584868E-1,1.834338188E0,-2.022788763E0
3.854671483E1,9.077117443E-1,1.847789407E0,-2.424294710E0
3.855674183E1,1.391995430E0,1.645666122E0,-2.777187109E0
3.856676883E1,2.050557613E0,1.255804062E0,-2.865630150E0
3.857679583E1,2.879431963E0,8.143622279E-1,-2.698299170E0
3.858682283E1,3.796526909E0,5.899243355E-1,-2.501943350E0
3.859684983E1,4.570092201E0,7.357316017E-1,-2.480386257E0
3.860687683E1,4.995305061E0,1.090238333E0,-2.560998440E0
3.861690383E1,5.051819324E0,1.404330015E0,-2.587664127E0
3.862693083E1,4.830091953E0,1.603049874E0,-2.536490679E0
3.863695783E1,4.534728050E0,1.738232255E0,-2.389559031E0
3.864698483E1,4.323296547E0,1.824054360E0,-2.184710979E0
3.865701183E1,4.195508957E0,1.919446349E0,-1.971473575E0
3.866703883E1,4.053334713E0,2.021274328E0,-1.737770200E0
3.867706583E1,3.814943790E0,2.094689131E0,-1.490474105E0
3.868709283E1,3.457273245E0,2.104515553E0,-1.234232426E0
3.869711983E1,3.016658545E0,2.053747892E0,-9.505351782E-1
3.870714683E1,2.550270796E0,1.979817390E0,-6.678152680E-1
3.871717383E1,2.127167225E0,1.955996752E0,-4.086089730E-1
3.872720083E1,1.761975527E0,2.019202471E0,-1.879916191E-1
3.873722883E1,1.430379152E0,2.152673960E0,-7.872446440E-3
3.874725583E1,1.099544048E0,2.300966501E0,1.181204170E-1
3.875728283E1,7.813809514E-1,2.359318256E0,2.004211396E-1
3.876730983E1,5.228465199E-1,2.265023232E0,2.236977369E-1
3.877733683E1,2.926130295E-1,2.006275177E0,1.738838404E-1
3.878736383E1,3.099951334E-2,1.641921043E0,2.474026941E-2
3.879739083E1,-2.671570778E-1,1.200904727E0,-1.291350424E-1
3.880741783E1,-6.006466150E-1,7.282127738E-1,-1.589591354E-1
3.881744483E1,-9.142093658E-1,2.229325473E-1,1.757844817E-3
3.882747183E1,-1.141610146E0,-2.395944893E-1,3.461529613E-1
3.883749883E1,-1.253529191E0,-6.208808422E-1,7.578464746E-1
3.884752583E1,-1.287140608E0,-9.232006073E-1,1.093920469E0
3.885755283E1,-1.347698927E0,-1.070330977E0,1.321275592E0
3.886757983E1,-1.544608831E0,-1.065124273E0,1.497587681E0
3.887760683E1,-1.888980627E0,-1.002444386E0,1.628151894E0
3.888763383E1,-2.364662647E0,-9.492389560E-1,1.758217216E0
3.889766083E1,-2.880871296E0,-9.641920328E-1,1.949406862E0
3.890768783E1,-3.299708843E0,-1.149910212E0,2.445920944E0
3.891771483E1,-3.447339296E0,-1.458228111E0,3.164583921E0
3.892774183E1,-3.313207626E0,-1.626407743E0,3.707086802E0
3.893776883E1,-3.023240566E0,-1.563935757E0,3.802297831E0
3.894779583E1,-2.701538563E0,-1.430894017E0,3.479116440E0
3.895782383E1,-2.427877665E0,-1.455114961E0,2.889270782E0
3.896785083E1,-2.252066612E0,-1.684144139E0,2.239383221E0
3.897787783E1,-2.148717642E0,-2.074533463E0,1.765791178E0
3.898790483E1,-2.031848192E0,-2.414028168E0,1.558617711E0
3.899793183E1,-1.920346856E0,-2.561334610E0,1.510697842E0
3.900795883E1,-1.907094836E0,-2.462429523E0,1.464972854E0
3.901798583E1,-2.069849491E0,-2.188347340E0,1.368661284E0
3.902801283E1,-2.401996851E0,-1.856717110E0,1.226764917E0
3.903803983E1,-2.814257860E0,-1.597008228E0,1.083327770E0
3.904806683E1,-3.180720091E0,-1.425285339E0,9.777320027E-1
3.905809383E1,-3.413721561E0,-1.303822279E0,9.134142995E-1
3.906812083E1,-3.457787514E0,-1.235981822E0,8.611541390E-1
3.907814783E1,-3.290508747E0,-1.190789938E0,7.754139304E-1
3.908817483E1,-2.929417133E0,-1.148861647E0,6.629222035E-1
3.909820183E1,-2.421024084E0,-1.077382088E0,5.197240710E-1
3.910822883E1,-1.871876001E0,-9.879472852E-1,3.325648010E-1
3.911825583E1,-1.374427319E0,-8.991711140E-1,1.081495211E-1
3.912828283E1,-9.802706838E-1,-8.288068175E-1,-1.611696333E-1
3.913830983E1,-6.999220848E-1,-7.626493573E-1,-4.713530838E-1
3.914833683E1,-5.139914751E-1,-6.734288335E-1,-8.069857955E-1
3.915836383E1,-4.139277339E-1,-5.510525703E-1,-1.137096643E0
3.916839083E1,-3.683938086E-1,-4.146408737E-1,-1.414926887E0
3.917841783E1,-3.264160156E-1,-2.258712202E-1,-1.572649956E0
3.918844583E1,-2.334933728E-1,6.642963737E-2,-1.626586676E0
3.919847283E1,-9.489928931E-2,5.127215981E-1,-1.592009187E0
3.920849983E1,5.552110448E-2,1.066082358E0,-1.493910193E0
3.921852683E1,1.733825058E-1,1.659641027E0,-1.430588245E0
3.922855383E1,2.493650168E-1,2.193948030E0,-1.516466737E0
3.923858083E1,3.422286510E-1,2.511244535E0,-1.772533059E0
3.924860783E1,5.047665834E-1,2.591413021E0,-2.075904846E0
3.925863483E1,7.909194827E-1,2.473251820E0,-2.257589340E0
3.926866183E1,1.280320883E0,2.181342840E0,-2.194952726E0
3.927868883E1,2.021831036E0,1.888532162E0,-1.930574179E0
3.928871583E1,2.892217398E0,1.749370098E0,-1.690946937E0
3.929874283E1,3.656516075E0,1.783499599E0,-1.601384640E0
3.930876983E1,4.108957291E0,1.815416932E0,-1.649901032E0
3.931879683E1,4.148394108E0,1.680053711E0,-1.710706592E0
3.932882383E1,3.791422367E0,1.444606662E0,-1.747020721E0
3.933885083E1,3.131142616E0,1.240187287E0,-1.768187165E0
3.934887783E1,2.313845873E0,1.302236319E0,-1.808788061E0
3.935890483E1,1.471226215E0,1.659525633E0,-1.847829938E0
3.936893183E1,7.403860092E-1,2.107377052E0,-1.799647093E0
3.937895883E1,2.299088985E-1,2.508518457E0,-1.638949871E0
3.938898583E1,-2.017018385E-2,2.746914387E0,-1.358237743E0
3.939901283E1,4.874714650E-3,2.777091742E0,-9.864825606E-1
3.940903983E1,2.874434292E-1,2.583683491E0,-5.873035789E-1
3.941906683E1,7.686204314E-1,2.228204489E0,-2.307989597E-1
3.942909383E1,1.342336774E0,1.865401864E0,2.492230013E-2
3.943912083E1,1.865651369E0,1.631714821E0,1.597182006E-1
3.944914883E1,2.253577709E0,1.517733216E0,1.847245544E-1
3.945917583E1,2.495631456E0,1.507953048E0,1.216819435E-1
3.946920283E1,2.605225325E0,1.536135674E0,-1.470347866E-2
3.947922983E1,2.580252409E0,1.504909873E0,-2.155052871E-1
3.948925683E1,2.399146795E0,1.346041322E0,-4.586763680E-1
3.949928383E1,2.060160160E0,9.867206812E-1,-6.582736373E-1
3.950931083E1,1.637519956E0,4.688421190E-1,-6.706492305E-1
3.951933783E1,1.200586557E0,-5.764646083E-2,-4.543241262E-1
3.952936483E1,8.229831457E-1,-4.961394370E-1,-4.274442047E-2
3.953939087E1,5.115248561E-1,-7.824295163E-1,4.907903373E-1
3.954941787E1,2.057874799E-1,-8.885840178E-1,1.000710249E0
3.955944487E1,-1.968539953E-1,-8.219541311E-1,1.396410942E0
3.956947188E1,-7.540601492E-1,-6.691605449E-1,1.692519784E0
3.957949887E1,-1.461041689E0,-4.973227084E-1,1.872819781E0
3.958952587E1,-2.250498056E0,-3.829112649E-1,1.924797893E0
3.959955287E1,-2.970022440E0,-4.434989691E-1,1.954649210E0
3.960957988E1,-3.472811937E0,-7.666531205E-1,2.261724234E0
3.961960687E1,-3.634104490E0,-1.272462368E0,2.997221947E0
3.962963387E1,-3.427849054E0,-1.695189595E0,3.909411907E0
3.963966087E1,-2.949554682E0,-1.902533650E0,4.514348030E0
3.964968788E1,-2.388366222E0,-1.881482244E0,4.484519482E0
3.965971488E1,-1.933266282E0,-1.800902486E0,3.876443863E0
3.966974187E1,-1.715751171E0,-1.853934407E0,2.942611456E0
3.967976887E1,-1.748042822E0,-2.069602728E0,1.990172744E0
3.968979587E1,-1.896405101E0,-2.180010080E0,1.306676030E0
3.969982387E1,-2.049686432E0,-2.030525923E0,9.641262293E-1
3.970985087E1,-2.200132847E0,-1.620385051E0,8.025214076E-1
3.971987788E1,-2.419401646E0,-1.136687160E0,6.890390515E-1
3.972990487E1,-2.722977638E0,-7.782157660E-1,5.416901708E-1
3.973993187E1,-3.061410904E0,-5.963546634E-1,4.020326436E-1
3.974995887E1,-3.345305681E0,-5.006331205E-1,3.345994949E-1
3.975998588E1,-3.474914074E0,-4.381071925E-1,3.432848752E-1
3.977001288E1,-3.382917881E0,-4.077240229E-1,3.624321818E-1
3.978003987E1,-3.065883398E0,-4.042067826E-1,3.543114066E-1
3.979006687E1,-2.557909727E0,-4.311861992E-1,3.263876140E-1
3.980009388E1,-1.934461117E0,-4.838372469E-1,2.891989946E-1
3.981012088E1,-1.284054875E0,-5.313377976E-1,2.549707294E-1
3.982014787E1,-6.821072102E-1,-5.328659415E-1,2.260690331E-1
3.983017487E1,-1.775847077E-1,-4.642513692E-1,1.674130559E-1
3.984020187E1,1.803121716E-1,-3.395163715E-1,3.955336288E-2
3.985022888E1,3.826656938E-1,-1.875526756E-1,-1.897111833E-1
3.986025587E1,4.363382459E-1,-1.293825731E-2,-5.243882537E-1
3.987028287E1,3.617076874E-1,1.788644195E-1,-8.666208982E-1
3.988030987E1,2.019361258E-1,3.644689023E-1,-1.162118316E0
3.989033688E1,2.951415023E-3,5.921529531E-1,-1.364696980E0
3.990036388E1,-1.738611758E-1,8.568890095E-1,-1.374366283E0
3.991039087E1,-2.618529797E-1,1.205098510E0,-1.285035372E0
3.992041787E1,-2.034061998E-1,1.628059864E0,-1.166968226E0
3.993044488E1,-1.770953275E-2,2.097536087E0,-1.110820174E0
3.994047188E1,2.562543750E-1,2.491230011E0,-1.278578281E0
3.995049887E1,5.437895656E-1,2.680348873E0,-1.661406636E0
3.996052587E1,8.353843689E-1,2.597468376E0,-2.080142498E0
3.997055287E1,1.206075311E0,2.276621342E0,-2.364212990E0
3.998058087E1,1.735049963E0,1.902179122E0,-2.463947535E0
3.999060787E1,2.406285763E0,1.744366527E0,-2.404578447E0
4.000063488E1,3.084529161E0,1.819042087E0,-2.255739689E0
4.001066187E1,3.610944033E0,2.022335291E0,-2.096994877E0
4.002068887E1,3.918461084E0,2.235892057E0,-1.974282026E0
4.003071587E1,4.013015270E0,2.299031019E0,-1.857721210E0
4.004074288E1,3.967631102E0,2.191896200E0,-1.746895671E0
4.005076988E1,3.860262632E0,2.010515451E0,-1.626968503E0
4.006079687E1,3.725372314E0,1.899677992E0,-1.510261655E0
4.007082387E1,3.584409237E0,1.885270476E0,-1.435988665E0
4.008085087E1,3.416255236E0,1.960893035E0,-1.417659402E0
4.009087788E1,3.201790094E0,2.124106884E0,-1.430187702E0
4.010090487E1,2.927725554E0,2.295423508E0,-1.408271551E0
4.011093187E1,2.603097677E0,2.352090359E0,-1.326136589E0
4.012095887E1,2.276717663E0,2.224549055E0,-1.146605968E0
4.013098588E1,2.024630547E0,1.981814861E0,-8.954568505E-1
4.014101287E1,1.889192462E0,1.771740675E0,-6.253702044E-1
4.015103987E1,1.837011337E0,1.637060761E0,-3.942969739E-1
4.016106687E1,1.821902156E0,1.566407919E0,-2.391864806E-1
4.017109388E1,1.807697415E0,1.518959403E0,-1.699367464E-1
4.018112088E1,1.763249516E0,1.426467180E0,-1.678115427E-1
4.019114787E1,1.669158816E0,1.235797405E0,-2.401704043E-1
4.020117487E1,1.517635703E0,9.770679474E-1,-3.725673258E-1
4.021120187E1,1.302131891E0,6.760401726E-1,-4.773921072E-1
4.022122888E1,1.026109576E0,3.972609937E-1,-4.848902524E-1
4.023125587E1,6.915867925E-1,1.689493060E-1,-3.527072072E-1
4.024128287E1,3.023495674E-1,-4.855052382E-2,-3.072039224E-2
4.025130987E1,-1.549235880E-1,-2.187460214E-1,4.515315592E-1
4.026133787E1,-6.709070802E-1,-3.008406460E-1,9.855477810E-1
4.027136487E1,-1.209181309E0,-3.539233804E-1,1.419105411E0
4.028139188E1,-1.721058249E0,-3.728297055E-1,1.683354855E0
4.029141888E1,-2.179028273E0,-2.870365977E-1,1.792286634E0
4.030144587E1,-2.574242592E0,-1.833117902E-1,1.859369874E0
4.031147287E1,-2.888883829E0,-2.133611441E-1,2.035954952E0
4.032149988E1,-3.108635426E0,-5.810853839E-1,2.563353539E0
4.033152688E1,-3.191338539E0,-1.246134520E0,3.428566694E0
4.034155387E1,-3.027643204E0,-1.838930130E0,4.212286949E0
4.035158087E1,-2.632525682E0,-2.086358070E0,4.598508835E0
4.036160787E1,-2.050041676E0,-2.031579018E0,4.454769611E0
4.037163488E1,-1.376661181E0,-1.815091372E0,3.782330036E0
4.038166187E1,-7.965989113E-1,-1.674597859E0,2.790001392E0
4.039168887E1,-4.835744202E-1,-1.790401816E0,1.903882623E0
4.040171587E1,-4.554663301E-1,-1.923976183E0,1.457778931E0
4.041174288E1,-7.219100595E-1,-1.921156287E0,1.430325985E0
4.042176987E1,-1.231032729E0,-1.775349498E0,1.588527560E0
4.043179687E1,-1.868380070E0,-1.560654402E0,1.658938766E0
4.044182387E1,-2.487874031E0,-1.309307933E0,1.548019409E0
4.045185088E1,-2.969763041E0,-1.050406694E0,1.360564470E0
4.046187788E1,-3.261476994E0,-8.665532470E-1,1.238210797E0
4.047190487E1,-3.349330664E0,-8.319522142E-1,1.181082726E0
4.048193187E1,-3.246631861E0,-8.758357763E-1,1.120247364E0
4.049195887E1,-2.997594118E0,-9.198892713E-1,1.008473635E0
4.050198588E1,-2.660644531E0,-9.468646646E-1,8.241773844E-1
4.051201287E1,-2.286367416E0,-9.585446119E-1,5.290069580E-1
4.052203987E1,-1.934208035E0,-9.275526404E-1,1.528980136E-1
4.053206700E1,-1.631612420E0,-8.435608745E-1,-2.476274073E-1
4.054209400E1,-1.391102910E0,-7.192745805E-1,-6.131529212E-1
4.055212100E1,-1.210770965E0,-5.555007458E-1,-8.942610621E-1
4.056214800E1,-1.055787802E0,-3.585687578E-1,-1.105416417E0
4.057217500E1,-8.866301775E-1,-1.197521016E-1,-1.280395746E0
4.058220300E1,-6.924498081E-1,1.580728590E-1,-1.402450562E0
4.059223000E1,-4.963465631E-1,4.492843151E-1,-1.461854696E0
4.060225700E1,-3.040367663E-1,7.269361019E-1,-1.476311445E0
4.061228400E1,-1.247554198E-1,9.993959665E-1,-1.448802233E0
4.062231100E1,6.085358188E-2,1.249818444E0,-1.440618515E0
4.063233800E1,2.343719751E-1,1.534845948E0,-1.502552152E0
4.064236500E1,3.404113054E-1,1.890123010E0,-1.661502123E0
4.065239200E1,3.485136926E-1,2.221415043E0,-1.896052361E0
4.066241900E1,2.793692648E-1,2.429053307E0,-2.160729647E0
4.067244600E1,2.932091951E-1,2.473410845E0,-2.367910862E0
4.068247300E1,5.680258274E-1,2.368743896E0,-2.427420855E0
4.069250000E1,1.157848358E0,2.169778824E0,-2.285972834E0
4.070252700E1,1.967821360E0,1.979052901E0,-1.996800661E0
4.071255400E1,2.866948843E0,1.813960195E0,-1.705737948E0
4.072258100E1,3.640778065E0,1.602228522E0,-1.546308637E0
4.073260800E1,4.064340591E0,1.305401921E0,-1.457585216E0
4.074263500E1,4.066156864E0,9.386360049E-1,-1.292527556E0
4.075266200E1,3.702696323E0,5.949329138E-1,-1.101720929E0
4.076268900E1,3.108586788E0,4.526833892E-1,-9.791753888E-1
4.077271600E1,2.417228222E0,6.551426649E-1,-9.466748238E-1
4.078274300E1,1.731145501E0,1.147825003E0,-9.330428839E-1
4.079277000E1,1.132905960E0,1.654261351E0,-8.768630624E-1
4.080279700E1,7.101126909E-1,1.983431816E0,-7.842942476E-1
4.081282400E1,4.971358180E-1,2.044928312E0,-6.437823176E-1
4.082285100E1,5.142642260E-1,1.878324270E0,-4.935976267E-1
4.083287800E1,7.111308575E-1,1.583619952E0,-3.729854226E-1
4.084290500E1,1.025660276E0,1.217392325E0,-3.022015393E-1
4.085293200E1,1.367982149E0,8.868368268E-1,-2.988633215E-1
4.086295900E1,1.654125214E0,7.229730487E-1,-3.654484749E-1
4.087298600E1,1.811134219E0,7.174861431E-1,-4.580056667E-1
4.088301300E1,1.819761753E0,7.777518630E-1,-5.609626770E-1
4.089304000E1,1.703593731E0,8.359655738E-1,-6.587312818E-1
4.090306700E1,1.497973680E0,8.417826891E-1,-7.519491315E-1
4.091309500E1,1.226222277E0,7.794445753E-1,-8.348761201E-1
4.092312200E1,9.342257977E-1,6.288936734E-1,-8.553241491E-1
4.093314900E1,6.606698632E-1,3.888444006E-1,-7.144718170E-1
4.094317600E1,4.459999502E-1,1.099874526E-1,-3.721086085E-1
4.095320300E1,2.445174158E-1,-1.494135857E-1,1.860861331E-1
4.096323000E1,-4.802401643E-3,-3.475112319E-1,8.773924708E-1
4.097325700E1,-2.919512093E-1,-4.699007571E-1,1.489455223E0
4.098328400E1,-6.113957763E-1,-5.196930766E-1,1.820749283E0
4.099331100E1,-1.000158072E0,-6.137859821E-1,1.842905402E0
4.100333800E1,-1.521613598E0,-7.696000338E-1,1.630931139E0
4.101336500E1,-2.216902256E0,-9.657824636E-1,1.524950266E0
4.102339200E1,-3.023720026E0,-1.316267490E0,1.879081130E0
4.103341900E1,-3.661604881E0,-1.702037334E0,2.635487080E0
4.104344600E1,-3.869506121E0,-1.907317281E0,3.364820957E0
4.105347300E1,-3.663911819E0,-1.849477768E0,3.620235443E0
4.106350000E1,-3.218971968E0,-1.656668186E0,3.297694445E0
4.107352700E1,-2.731239319E0,-1.503163099E0,2.608071089E0
4.108355400E1,-2.324993610E0,-1.590007663E0,1.912761927E0
4.109358100E1,-1.988306999E0,-1.795483589E0,1.466400504E0
4.110360800E1,-1.663482308E0,-1.945906401E0,1.322904944E0
4.111363500E1,-1.395322323E0,-1.952295780E0,1.338829756E0
4.112366200E1,-1.266800523E0,-1.788538575E0,1.329631448E0
4.113368900E1,-1.333953500E0,-1.586332560E0,1.269810081E0
4.114371600E1,-1.594600797E0,-1.439416885E0,1.198397756E0
4.115374300E1,-1.955161214E0,-1.343007326E0,1.166438818E0
4.116377000E1,-2.265858889E0,-1.252065420E0,1.183501005E0
4.117379700E1,-2.420088053E0,-1.144079685E0,1.227110028E0
4.118382400E1,-2.404551983E0,-1.013606071E0,1.236401081E0
4.119385100E1,-2.227506876E0,-8.811036944E-1,1.186432481E0
4.120387800E1,-1.925126910E0,-7.936074138E-1,1.072683811E0
4.121390500E1,-1.548816562E0,-7.449553609E-1,8.606886864E-1
4.122393200E1,-1.198442817E0,-6.841154695E-1,5.693327188E-1
4.123395900E1,-9.346480966E-1,-6.006210446E-1,2.541890740E-1
4.124398600E1,-7.893553376E-1,-4.912684262E-1,-3.528320044E-2
4.125401300E1,-7.481752038E-1,-3.548139632E-1,-2.885806859E-1
4.126404100E1,-7.719106674E-1,-1.819388568E-1,-5.304593444E-1
4.127406800E1,-8.053248525E-1,8.453805000E-3,-7.790684700E-1
4.128409500E1,-7.995119691E-1,1.747889817E-1,-1.023154974E0
4.129412200E1,-6.884638071E-1,2.945888340E-1,-1.263780236E0
4.130414900E1,-4.829596281E-1,4.304595888E-1,-1.429499269E0
4.131417600E1,-2.300434858E-1,5.497925878E-1,-1.475363016E0
4.132420300E1,5.541514605E-2,6.517884135E-1,-1.406523228E0
4.133423000E1,3.542612195E-1,7.557845116E-1,-1.355475307E0
4.134425700E1,6.590336561E-1,8.565044403E-1,-1.376114607E0
4.135428400E1,9.692720771E-1,9.503623247E-1,-1.402668476E0
4.136431100E1,1.292569399E0,1.064799070E0,-1.475605369E0
4.137433800E1,1.699640274E0,1.181816936E0,-1.510650039E0
4.138436500E1,2.233196735E0,1.251959205E0,-1.407326818E0
4.139439200E1,2.911705256E0,1.319834352E0,-1.212804437E0
4.140441900E1,3.692361832E0,1.319046617E0,-1.103574991E0
4.141444600E1,4.388514996E0,1.210666180E0,-1.120392084E0
4.142447300E1,4.843123436E0,9.978566766E-1,-1.132417083E0
4.143450000E1,5.005672455E0,7.972215414E-1,-1.060173988E0
4.144452700E1,4.883222580E0,6.693966985E-1,-8.648449183E-1
4.145455400E1,4.615083218E0,6.480492949E-1,-6.602313519E-1
4.146458100E1,4.314417839E0,7.800177336E-1,-5.592437983E-1
4.147460800E1,3.969233990E0,9.944796562E-1,-5.764116645E-1
4.148463500E1,3.573153734E0,1.214846730E0,-6.633161902E-1
4.149466200E1,3.120342731E0,1.404401660E0,-7.234460115E-1
4.150468900E1,2.669550419E0,1.514850378E0,-7.035929561E-1
4.151471600E1,2.274212360E0,1.592997909E0,-6.172075272E-1
4.152474300E1,1.932267189E0,1.682478786E0,-5.213249326E-1
4.153477063E1,1.603001833E0,1.797249794E0,-4.162159562E-1
4.154479762E1,1.286915183E0,1.896214962E0,-3.306390047E-1
4.155482462E1,1.022732615E0,1.939873815E0,-2.981237769E-1
4.156485162E1,8.123914003E-1,1.894470096E0,-3.256494105E-1
4.157487863E1,6.486855149E-1,1.750876665E0,-4.215252995E-1
4.158490563E1,5.282446146E-1,1.513273358E0,-5.744381547E-1
4.159493262E1,4.557507336E-1,1.216449499E0,-7.447806001E-1
4.160495962E1,4.063938260E-1,9.385990500E-1,-8.672423363E-1
4.161498662E1,3.232697845E-1,6.611671448E-1,-9.018725753E-1
4.162501363E1,1.948944926E-1,4.062706530E-1,-8.167834878E-1
4.163504062E1,3.705093265E-2,1.509292722E-1,-5.591269135E-1
4.164506762E1,-1.559092104E-1,-1.367605627E-1,-1.308344156E-1
4.165509462E1,-4.048607051E-1,-4.226774871E-1,3.843821585E-1
4.166512163E1,-7.085151076E-1,-6.314235330E-1,8.363581896E-1
4.167514962E1,-1.122031331E0,-7.356610298E-1,1.096073627E0
4.168517663E1,-1.681780815E0,-7.321265340E-1,1.143042445E0
4.169520363E1,-2.413655281E0,-6.653313041E-1,1.106322408E0
4.170523062E1,-3.215957642E0,-5.743151307E-1,1.216704488E0
4.171525762E1,-3.923168182E0,-6.556774378E-1,1.731073141E0
4.172528463E1,-4.356290340E0,-9.973831177E-1,2.606835842E0
4.173531163E1,-4.399382114E0,-1.388944864E0,3.359831810E0
4.174533862E1,-4.130596638E0,-1.572133541E0,3.449146271E0
4.175536562E1,-3.788795710E0,-1.449192882E0,2.894472122E0
4.176539262E1,-3.583623886E0,-1.198756099E0,2.125001669E0
4.177541963E1,-3.520036936E0,-1.086104512E0,1.397759199E0
4.178544662E1,-3.375528812E0,-1.207935691E0,8.804219961E-1
4.179547362E1,-2.980369568E0,-1.396355629E0,6.063807011E-1
4.180550062E1,-2.436000824E0,-1.495047092E0,4.513282478E-1
4.181552763E1,-1.974495888E0,-1.469450355E0,3.325549066E-1
4.182555463E1,-1.755204320E0,-1.404360771E0,2.139872611E-1
4.183558162E1,-1.825486660E0,-1.331821918E0,5.561923608E-2
4.184560862E1,-2.141985893E0,-1.256787896E0,-8.272852004E-2
4.185563563E1,-2.540455103E0,-1.154848099E0,-1.674513668E-1
4.186566263E1,-2.832377195E0,-1.056456327E0,-2.052986175E-1
4.187568962E1,-2.913216591E0,-9.445340037E-1,-2.358966470E-1
4.188571662E1,-2.751323938E0,-8.681516051E-1,-2.904368341E-1
4.189574362E1,-2.383670568E0,-8.475424647E-1,-3.448919952E-1
4.190577063E1,-1.894151688E0,-8.637728095E-1,-3.984654546E-1
4.191579762E1,-1.376221418E0,-8.653365374E-1,-4.705744982E-1
4.192582462E1,-9.374798536E-1,-8.161658049E-1,-5.773388147E-1
4.193585162E1,-6.771481633E-1,-6.859042645E-1,-7.064009905E-1
4.194587863E1,-6.220862269E-1,-4.896207452E-1,-8.555648923E-1
4.195590563E1,-7.259139419E-1,-2.405570447E-1,-1.016459227E0
4.196593262E1,-8.980284333E-1,2.483121864E-2,-1.130455494E0
4.197595962E1,-1.063434124E0,2.937159836E-1,-1.181146979E0
4.198598663E1,-1.173259139E0,5.337256789E-1,-1.190410495E0
4.199601363E1,-1.163632512E0,7.458887100E-1,-1.176705122E0
4.200604062E1,-9.921649694E-1,9.336159825E-1,-1.119605303E0
4.201606762E1,-6.631206274E-1,1.069374681E0,-1.027939200E0
4.202609462E1,-2.215008587E-1,1.155235291E0,-9.388945699E-1
4.203612163E1,2.971673310E-1,1.259511352E0,-9.557815194E-1
4.204614862E1,8.487119675E-1,1.446332812E0,-1.136057258E0
4.205617562E1,1.394206047E0,1.680482507E0,-1.321021795E0
4.206620262E1,1.922044516E0,1.771969318E0,-1.282670617E0
4.207622963E1,2.485425711E0,1.673986435E0,-9.661276937E-1
4.208625662E1,3.126746178E0,1.554890871E0,-5.146942139E-1
4.209628362E1,3.834357977E0,1.460603356E0,-1.906446964E-1
4.210631062E1,4.497498512E0,1.269808173E0,-1.700403541E-1
4.211633763E1,4.940133095E0,9.614601731E-1,-3.777323067E-1
4.212636463E1,5.041930199E0,7.189029455E-1,-5.684516430E-1
4.213639162E1,4.798121452E0,6.846672893E-1,-4.743124545E-1
4.214641963E1,4.306343079E0,7.735279202E-1,-1.057059318E-1
4.215644662E1,3.739251375E0,9.865110517E-1,2.882754207E-1
4.216647362E1,3.221538067E0,1.354523420E0,5.434345007E-1
4.217650062E1,2.759445906E0,1.715328693E0,6.271029115E-1
4.218652763E1,2.358816624E0,2.020032644E0,5.374814272E-1
4.219655462E1,2.005762577E0,2.184258699E0,3.666496873E-1
4.220658162E1,1.726287365E0,2.152774334E0,2.054567784E-1
4.221660862E1,1.553485274E0,1.941672444E0,9.194399416E-2
4.222663563E1,1.488486528E0,1.667358875E0,4.027866572E-2
4.223666263E1,1.515879631E0,1.413514972E0,6.941937655E-2
4.224668962E1,1.640137911E0,1.269901872E0,1.666418016E-1
4.225671662E1,1.849617004E0,1.232890487E0,2.749242187E-1
4.226674362E1,2.075908899E0,1.269268155E0,3.447435200E-1
4.227677063E1,2.209179401E0,1.303092837E0,3.584105074E-1
4.228679762E1,2.207892656E0,1.270618439E0,3.051747084E-1
4.229682462E1,2.063318014E0,1.123056054E0,1.760552078E-1
4.230685162E1,1.798066735E0,8.327435255E-1,-7.753178477E-2
4.231687863E1,1.408951521E0,4.185881317E-1,-4.045588076E-1
4.232690562E1,9.073280692E-1,-2.424762212E-2,-6.491988897E-1
4.233693262E1,3.702018857E-1,-4.385478199E-1,-7.034298778E-1
4.234695962E1,-1.038730219E-1,-7.200210690E-1,-5.235269666E-1
4.235698663E1,-5.340549946E-1,-8.273504376E-1,-1.723824888E-1
4.236701363E1,-9.491399527E-1,-7.933248281E-1,2.204933763E-1
4.237704062E1,-1.339078307E0,-7.340314984E-1,4.809892476E-1
4.238706762E1,-1.738715172E0,-7.517907619E-1,6.002839208E-1
4.239709463E1,-2.173564196E0,-8.468229175E-1,7.201453447E-1
4.240712163E1,-2.644259691E0,-9.836332202E-1,9.552082419E-1
4.241714862E1,-3.162890196E0,-1.129379630E0,1.485755563E0
4.242717562E1,-3.726791382E0,-1.149087548E0,2.383367777E0
4.243720262E1,-4.197858334E0,-9.817218781E-1,3.337751389E0
4.244722963E1,-4.411606312E0,-7.160502672E-1,3.753093481E0
4.245725662E1,-4.397001743E0,-5.136927366E-1,3.406868935E0
4.246728362E1,-4.255674839E0,-4.546062648E-1,2.549019575E0
4.247731062E1,-4.104775429E0,-4.190923572E-1,1.503593564E0
4.248733763E1,-4.032664776E0,-3.912780285E-1,5.821834207E-1
4.249736463E1,-4.006213188E0,-3.358009756E-1,2.297523245E-2
4.250739162E1,-4.039376259E0,-2.728630304E-1,-2.215559483E-1
4.251741862E1,-4.124798775E0,-2.303874344E-1,-3.611647189E-1
4.252744563E1,-4.208320141E0,-1.612736136E-1,-5.305156708E-1
4.253747212E1,-4.264046192E0,-1.381620020E-1,-7.642376423E-1
4.254749912E1,-4.255668163E0,-2.705786228E-1,-1.002176404E0
4.255752612E1,-4.096666336E0,-6.000235677E-1,-1.151644349E0
4.256755313E1,-3.751492739E0,-1.006309509E0,-1.186202049E0
4.257758012E1,-3.230226994E0,-1.374761343E0,-1.128934145E0
4.258760712E1,-2.597642183E0,-1.694210649E0,-1.013939142E0
4.259763412E1,-1.920956492E0,-1.934000015E0,-8.799462318E-1
4.260766113E1,-1.289059043E0,-2.105111837E0,-7.655935884E-1
4.261768812E1,-7.821902037E-1,-2.200673103E0,-7.149439454E-1
4.262771512E1,-4.198637307E-1,-2.203329563E0,-7.413308024E-1
4.263774212E1,-1.970840544E-1,-2.073701382E0,-8.227080703E-1
4.264776913E1,-1.161457971E-1,-1.840127110E0,-9.178342819E-1
4.265779613E1,-1.548118442E-1,-1.557818174E0,-9.806382060E-1
4.266782312E1,-2.743345201E-1,-1.226924062E0,-9.772592187E-1
4.267785012E1,-3.859482706E-1,-8.599616885E-1,-9.123958945E-1
4.268787812E1,-4.139008224E-1,-4.805531204E-1,-7.953355908E-1
4.269790512E1,-3.258136809E-1,-5.651183054E-2,-6.267354488E-1
4.270793212E1,-1.500082761E-1,3.572999835E-1,-4.895153046E-1
4.271795913E1,6.103352457E-2,7.667996287E-1,-4.371090233E-1
4.272798612E1,2.321810275E-1,1.163410902E0,-4.842123389E-1
4.273801312E1,2.532035112E-1,1.550258636E0,-5.438078642E-1
4.274804012E1,1.025623158E-1,1.903049231E0,-5.530943274E-1
4.275806713E1,-1.205574647E-1,2.353432655E0,-5.277303457E-1
4.276809413E1,-2.874572575E-1,2.854443073E0,-4.059287608E-1
4.277812112E1,-3.883679807E-1,3.177290678E0,8.855632041E-4
4.278814812E1,-3.437799811E-1,3.159278870E0,7.049753070E-1
4.279817513E1,2.461864613E-2,2.912551880E0,1.274434447E0
4.280820213E1,7.798911333E-1,2.625319242E0,1.153046966E0
4.281822912E1,1.830868244E0,2.331283331E0,3.182725310E-1
4.282825612E1,2.913226128E0,1.993134618E0,-6.872939467E-1
4.283828312E1,3.740089893E0,1.666666865E0,-1.390305996E0
4.284831013E1,4.097896099E0,1.356620312E0,-1.663642526E0
4.285833712E1,4.016009331E0,1.168760180E0,-1.640782833E0
4.286836412E1,3.638700485E0,1.261053324E0,-1.601282358E0
4.287839112E1,3.085494280E0,1.589563966E0,-1.667326570E0
4.288841813E1,2.434308529E0,1.897874713E0,-1.747943997E0
4.289844512E1,1.821866989E0,2.024765015E0,-1.719490528E0
4.290847212E1,1.394190192E0,1.915315747E0,-1.551598191E0
4.291849912E1,1.216990113E0,1.645740032E0,-1.311558127E0
4.292852613E1,1.287967682E0,1.335529447E0,-1.062571168E0
4.293855313E1,1.568385839E0,1.082569480E0,-8.717321754E-1
4.294858012E1,1.980456710E0,9.146664739E-1,-7.784832120E-1
4.295860712E1,2.427587748E0,7.596969008E-1,-7.545171380E-1
4.296863412E1,2.832234144E0,5.867612958E-1,-7.670774460E-1
4.297866113E1,3.109696627E0,3.753996193E-1,-7.847648263E-1
4.298868812E1,3.216954231E0,1.257178783E-1,-8.153661489E-1
4.299871512E1,3.130301476E0,-8.679890633E-2,-8.169062138E-1
4.300874212E1,2.833587170E0,-2.726931274E-1,-7.124400139E-1
4.301876913E1,2.373325825E0,-3.814772069E-1,-4.629626572E-1
4.302879612E1,1.833760142E0,-4.278463125E-1,-4.173608124E-2
4.303882312E1,1.309756517E0,-4.243702590E-1,5.735500455E-1
4.304885012E1,8.330805898E-1,-4.033882916E-1,1.304639935E0
4.305887713E1,3.732656837E-1,-3.530138135E-1,1.977655888E0
4.306890413E1,-1.525704116E-1,-2.281970233E-1,2.451199055E0
4.307893112E1,-8.194991350E-1,-9.387610108E-2,2.730444193E0
4.308895812E1,-1.634124398E0,9.649437666E-2,2.824473619E0
4.309898512E1,-2.447381020E0,1.598003209E-1,2.791749477E0
4.310901213E1,-3.132048607E0,-5.627392977E-2,2.732095957E0
4.311903912E1,-3.639775038E0,-7.350620031E-1,2.864816904E0
4.312906612E1,-3.883448839E0,-1.636186719E0,3.292337656E0
4.313909312E1,-3.780458927E0,-2.323990345E0,3.761849642E0
4.314912013E1,-3.381700039E0,-2.547534227E0,3.914012909E0
4.315914712E1,-2.831243515E0,-2.390059948E0,3.638355017E0
4.316917412E1,-2.333016157E0,-2.051253557E0,3.032778502E0
4.317920112E1,-2.039663076E0,-1.901488066E0,2.252481222E0
4.318922813E1,-1.887712359E0,-2.048755407E0,1.542980552E0
4.319925513E1,-1.644415259E0,-2.282725096E0,1.133932590E0
4.320928212E1,-1.309311867E0,-2.375683784E0,1.033718348E0
4.321930912E1,-1.032589674E0,-2.272071123E0,1.067813993E0
4.322933612E1,-9.226205945E-1,-2.042686701E0,1.024925828E0
4.323936313E1,-1.054747820E0,-1.739319205E0,8.492737412E-1
4.324939012E1,-1.423576355E0,-1.435273886E0,6.570209861E-1
4.325941712E1,-1.906426191E0,-1.214882135E0,5.672648549E-1
4.326944412E1,-2.299741030E0,-1.095258236E0,5.689061284E-1
4.327947113E1,-2.454870701E0,-1.009301186E0,6.008916497E-1
4.328949812E1,-2.351376295E0,-9.215614796E-1,6.318234801E-1
4.329952512E1,-2.018061161E0,-8.315237761E-1,6.246718764E-1
4.330955212E1,-1.547261953E0,-7.076337934E-1,5.280441642E-1
4.331957913E1,-1.047327638E0,-5.601489544E-1,3.274371028E-1
4.332960613E1,-6.067939401E-1,-4.264540076E-1,5.233230442E-2
4.333963312E1,-2.732825279E-1,-2.987964153E-1,-2.531657219E-1
4.334966012E1,-6.676850468E-2,-1.573460996E-1,-5.424507856E-1
4.335968713E1,2.558605559E-2,2.353260294E-2,-7.862283587E-1
4.336971413E1,1.827381365E-2,2.263083458E-1,-9.751218557E-1
4.337974112E1,-6.697728485E-2,4.662668407E-1,-1.125050664E0
4.338976812E1,-1.930033863E-1,7.705221176E-1,-1.195414662E0
4.339979512E1,-3.112276495E-1,1.169130206E0,-1.166568160E0
4.340982213E1,-3.757922351E-1,1.574431300E0,-1.077759743E0
4.341984912E1,-3.379014730E-1,1.903682113E0,-1.001919150E0
4.342987612E1,-1.665627360E-1,2.084348679E0,-1.029192090E0
4.343990312E1,1.159026399E-1,2.143176317E0,-1.300159097E0
4.344993013E1,4.327831268E-1,2.132231712E0,-1.742696881E0
4.345995713E1,7.569779158E-1,2.161587954E0,-2.190718889E0
4.346998513E1,1.126214027E0,2.170498610E0,-2.470907450E0
4.348001112E1,1.618054390E0,2.066292763E0,-2.543188095E0
4.349003912E1,2.266832829E0,1.897982359E0,-2.440715551E0
4.350006612E1,3.018420458E0,1.781948209E0,-2.235746145E0
4.351009312E1,3.741549969E0,1.598537922E0,-2.090178728E0
4.352012013E1,4.302095890E0,1.259574294E0,-2.132137775E0
4.353014712E1,4.617664337E0,8.860677481E-1,-2.257944822E0
4.354017488E1,4.639477730E0,6.099598408E-1,-2.312128305E0
4.355020187E1,4.351245880E0,4.840008318E-1,-2.261467457E0
4.356022887E1,3.803462267E0,5.146773458E-1,-2.163421631E0
4.357025587E1,3.092310667E0,7.388178110E-1,-2.097372055E0
4.358028288E1,2.309303284E0,1.094884753E0,-2.088060379E0
4.359030987E1,1.548851967E0,1.480449796E0,-2.065099478E0
4.360033687E1,9.160296321E-1,1.763582706E0,-1.947191954E0
4.361036387E1,4.616802633E-1,1.866899014E0,-1.737477899E0
4.362039088E1,2.061967254E-1,1.825310946E0,-1.473505259E0
4.363041787E1,1.480732411E-1,1.735370398E0,-1.219837785E0
4.364044487E1,2.400160581E-1,1.686329603E0,-1.009843946E0
4.365047187E1,4.265361428E-1,1.685813785E0,-8.476534486E-1
4.366049888E1,6.646099687E-1,1.714280486E0,-7.125689387E-1
4.367052588E1,9.182094336E-1,1.741772532E0,-5.813126564E-1
4.368055287E1,1.155983329E0,1.725018501E0,-4.473812878E-1
4.369057987E1,1.343753457E0,1.656628728E0,-3.132977784E-1
4.370060687E1,1.439243317E0,1.536922693E0,-2.197898179E-1
4.371063388E1,1.426587939E0,1.401512146E0,-1.913270056E-1
4.372066087E1,1.326191068E0,1.257341266E0,-1.770177484E-1
4.373068787E1,1.154825687E0,1.069106817E0,-1.059744656E-1
4.374071487E1,9.549915791E-1,7.799357772E-1,7.713926584E-2
4.375074188E1,7.486442924E-1,4.574054182E-1,3.694930971E-1
4.376076887E1,5.531485677E-1,1.938803494E-1,7.648993731E-1
4.377079587E1,3.682596684E-1,3.318665549E-3,1.274607420E0
4.378082287E1,1.653747112E-1,-7.693579793E-2,1.759989500E0
4.379084988E1,-1.199268177E-1,-9.647300839E-2,2.039212942E0
4.380087688E1,-5.573785305E-1,-1.891541779E-1,2.019258738E0
4.381090387E1,-1.210460544E0,-4.325591028E-1,1.850590348E0
4.382093087E1,-2.025959730E0,-8.587694764E-1,1.957457900E0
4.383095787E1,-2.807755947E0,-1.358898878E0,2.610344410E0
4.384098488E1,-3.292369366E0,-1.674361587E0,3.598015070E0
4.385101187E1,-3.385218143E0,-1.664603949E0,4.467089176E0
4.386103887E1,-3.225866556E0,-1.582273245E0,4.718903065E0
4.387106587E1,-2.996598959E0,-1.529047251E0,4.102526188E0
4.388109288E1,-2.909621716E0,-1.657425046E0,2.895159483E0
4.389111987E1,-2.953328133E0,-2.041232586E0,1.747994184E0
4.390114687E1,-2.894780397E0,-2.461099386E0,1.134063840E0
4.391117387E1,-2.669759750E0,-2.746935129E0,1.043269753E0
4.392120088E1,-2.349289179E0,-2.779856205E0,1.211743355E0
4.393122788E1,-2.154291868E0,-2.613401413E0,1.360226631E0
4.394125487E1,-2.213261366E0,-2.355509043E0,1.332363248E0
4.395128187E1,-2.455093622E0,-2.092132568E0,1.189184308E0
4.396130888E1,-2.737014771E0,-1.934631467E0,1.076784253E0
4.397133588E1,-2.941963434E0,-1.878168464E0,1.072913885E0
4.398136287E1,-3.015051126E0,-1.831498623E0,1.128055811E0
4.399138987E1,-2.959919691E0,-1.734373689E0,1.195920944E0
4.400141687E1,-2.739469767E0,-1.573545337E0,1.235895634E0
4.401144388E1,-2.382737398E0,-1.382275820E0,1.186486244E0
4.402147087E1,-1.930503607E0,-1.186474681E0,9.731324315E-1
4.403149787E1,-1.428497434E0,-9.828779101E-1,5.571544170E-1
4.404152487E1,-9.669291973E-1,-7.666192055E-1,5.417315662E-2
4.405155188E1,-6.422927976E-1,-5.831367373E-1,-3.757670522E-1
4.406157888E1,-4.645337164E-1,-4.632626772E-1,-6.752242446E-1
4.407160587E1,-3.784888387E-1,-3.412560821E-1,-8.575213552E-1
4.408163287E1,-3.466542065E-1,-1.885360181E-1,-9.447221756E-1
4.409165988E1,-3.333541155E-1,7.007648703E-3,-9.987872839E-1
4.410168688E1,-3.129646778E-1,2.820932567E-1,-1.025129437E0
4.411171387E1,-2.452740520E-1,5.732641816E-1,-1.001489878E0
4.412174087E1,-8.531528711E-2,8.268845081E-1,-9.523259401E-1
4.413176787E1,1.979749948E-1,1.076590419E0,-9.611255527E-1
4.414179488E1,5.159710050E-1,1.427694917E0,-1.128227711E0
4.415182187E1,7.073073983E-1,1.791691780E0,-1.411220312E0
4.416184887E1,6.887286305E-1,2.006291628E0,-1.686713099E0
4.417187587E1,5.980330706E-1,2.124424458E0,-1.929110885E0
4.418190288E1,7.314818501E-1,2.149246454E0,-2.076962948E0
4.419192987E1,1.203800678E0,1.952612519E0,-2.107081175E0
4.420195687E1,1.839910507E0,1.686464071E0,-2.069869041E0
4.421198387E1,2.655000687E0,1.805200815E0,-2.128965616E0
4.422201088E1,3.433936357E0,2.086628914E0,-2.177116871E0
4.423203788E1,3.908686638E0,2.178748131E0,-2.216399193E0
4.424206487E1,3.972949266E0,1.964897513E0,-2.263361692E0
4.425209187E1,3.680140257E0,1.697047710E0,-2.271966696E0
4.426211887E1,3.109104395E0,1.566023827E0,-2.177461624E0
4.427214588E1,2.373841524E0,1.643926024E0,-2.001466990E0
4.428217287E1,1.650182843E0,1.984043717E0,-1.844953895E0
4.429219987E1,1.125373363E0,2.437397242E0,-1.720161080E0
4.430222687E1,8.733074665E-1,2.783481121E0,-1.563052177E0
4.431225388E1,8.606274128E-1,2.892918110E0,-1.338563681E0
4.432228087E1,1.061727166E0,2.737897158E0,-1.038066506E0
4.433230787E1,1.427552462E0,2.407191753E0,-6.976777911E-1
4.434233487E1,1.885608196E0,2.044516802E0,-3.840306103E-1
4.435236188E1,2.337375641E0,1.777694702E0,-1.478875875E-1
4.436238888E1,2.663759232E0,1.604215264E0,-1.706243725E-3
4.437241587E1,2.810511589E0,1.449917555E0,5.703803152E-2
4.438244287E1,2.789696217E0,1.273872852E0,4.731933773E-2
4.439246987E1,2.622009754E0,1.051627517E0,-1.160842832E-2
4.440249688E1,2.294583321E0,7.927059531E-1,-1.089938954E-1
4.441252387E1,1.842413306E0,5.273986459E-1,-2.281876802E-1
4.442255087E1,1.310286164E0,2.898361683E-1,-2.946852744E-1
4.443257787E1,7.841131687E-1,4.009664059E-2,-2.253237516E-1
4.444260488E1,3.521004021E-1,-2.350005805E-1,2.950695716E-2
4.445263187E1,5.718832463E-2,-4.959070385E-1,4.373120070E-1
4.446265887E1,-1.248857304E-1,-7.355847955E-1,9.516577721E-1
4.447268587E1,-2.554930151E-1,-8.895533085E-1,1.505671501E0
4.448271288E1,-4.074310064E-1,-9.534265399E-1,2.014244080E0
4.449273988E1,-6.471632123E-1,-9.619268179E-1,2.402272463E0
4.450276687E1,-9.703236222E-1,-1.002652645E0,2.546161652E0
4.451279387E1,-1.389006376E0,-1.124968886E0,2.452162981E0
4.452282087E1,-1.878070474E0,-1.407251835E0,2.380133867E0
4.453284788E1,-2.323775053E0,-1.922553778E0,2.758559227E0
4.454287508E1,-2.566586733E0,-2.486106634E0,3.527455568E0
4.455290208E1,-2.486769676E0,-2.814424038E0,4.268250465E0
4.456292908E1,-2.138746738E0,-2.821011066E0,4.593802452E0
4.457295608E1,-1.641760588E0,-2.614172697E0,4.339606762E0
4.458298308E1,-1.216975689E0,-2.383753061E0,3.632308722E0
4.459301008E1,-1.065933466E0,-2.419063091E0,2.792370081E0
4.460303708E1,-1.133219242E0,-2.639683247E0,2.097130060E0
4.461306408E1,-1.303374767E0,-2.763249636E0,1.701577187E0
4.462309108E1,-1.574210405E0,-2.629526615E0,1.563407063E0
4.463311808E1,-2.012941599E0,-2.262168884E0,1.512130260E0
4.464314508E1,-2.605606079E0,-1.805655718E0,1.408227444E0
4.465317208E1,-3.237368107E0,-1.366039991E0,1.218996763E0
4.466319908E1,-3.755476713E0,-1.018298626E0,1.025781035E0
4.467322608E1,-4.061511993E0,-7.924195528E-1,8.837069869E-1
4.468325308E1,-4.112886429E0,-6.845206618E-1,7.739601135E-1
4.469328008E1,-3.895011902E0,-6.750653386E-1,6.667721868E-1
4.470330708E1,-3.431629896E0,-7.120038271E-1,5.463108420E-1
4.471333408E1,-2.786036491E0,-7.533765435E-1,4.097623229E-1
4.472336108E1,-2.049131393E0,-7.965673804E-1,2.333910912E-1
4.473338808E1,-1.331118464E0,-7.948541641E-1,-2.664208971E-2
4.474341508E1,-7.296788096E-1,-7.520781755E-1,-3.284116089E-1
4.475344208E1,-3.373014331E-1,-6.768092513E-1,-6.032191515E-1
4.476346908E1,-1.520623565E-1,-5.679005980E-1,-8.322708011E-1
4.477349608E1,-1.339762956E-1,-3.770217001E-1,-1.050777316E0
4.478352308E1,-2.207636237E-1,-1.016797572E-1,-1.237417221E0
4.479355008E1,-2.980341613E-1,2.127277255E-1,-1.333379984E0
4.480357708E1,-2.653037012E-1,4.904752970E-1,-1.320604801E0
4.481360408E1,-9.645716101E-2,8.194555640E-1,-1.345215797E0
4.482363108E1,1.161921397E-1,1.223007202E0,-1.390482783E0
4.483365808E1,3.213551641E-1,1.611715317E0,-1.454712152E0
4.484368508E1,4.777241051E-1,1.949021101E0,-1.573516250E0
4.485371208E1,5.585747361E-1,2.205559254E0,-1.762904048E0
4.486373908E1,5.783780217E-1,2.419042110E0,-2.035305023E0
4.487376608E1,5.546857715E-1,2.608047247E0,-2.315294266E0
4.488379308E1,5.734612942E-1,2.711570740E0,-2.507799864E0
4.489382008E1,7.731738687E-1,2.660560846E0,-2.572239876E0
4.490384708E1,1.226274610E0,2.506767750E0,-2.542353392E0
4.491387408E1,1.881481528E0,2.344391346E0,-2.518990993E0
4.492390108E1,2.564491510E0,2.154875517E0,-2.600448847E0
4.493392808E1,3.061475992E0,1.957651734E0,-2.754893064E0
4.494395508E1,3.257979870E0,1.769519567E0,-2.812111616E0
4.495398208E1,3.141111135E0,1.549181581E0,-2.675888538E0
4.496400908E1,2.776902914E0,1.391671896E0,-2.407015800E0
4.497403608E1,2.252144098E0,1.360850573E0,-2.123692751E0
4.498406308E1,1.686990023E0,1.519225478E0,-1.926317453E0
4.499409008E1,1.191187739E0,1.796687245E0,-1.812676311E0
4.500411708E1,8.194215298E-1,2.039931059E0,-1.703969121E0
4.501414408E1,5.903002024E-1,2.153604746E0,-1.539017200E0
4.502417108E1,5.135765076E-1,2.099398136E0,-1.304202437E0
4.503419808E1,6.086625457E-1,1.898679376E0,-1.006864190E0
4.504422508E1,8.707520962E-1,1.621631384E0,-6.758678555E-1
4.505425208E1,1.254644632E0,1.419239879E0,-3.802886307E-1
4.506427908E1,1.667315364E0,1.360659003E0,-1.597421914E-1
4.507430608E1,2.016952753E0,1.362761021E0,-1.503799111E-2
4.508433308E1,2.213221550E0,1.326695800E0,4.496732727E-2
4.509436008E1,2.244100332E0,1.202178478E0,8.026885800E-3
4.510438708E1,2.164466143E0,9.500395656E-1,-1.363523155E-1
4.511441408E1,2.016849518E0,6.152123213E-1,-3.835107088E-1
4.512444108E1,1.774035573E0,2.607925236E-1,-6.243579984E-1
4.513446808E1,1.433913350E0,-8.131662011E-2,-7.437190413E-1
4.514449508E1,1.049872398E0,-3.598219156E-1,-6.520850658E-1
4.515452208E1,6.183106303E-1,-6.171637177E-1,-3.109903336E-1
4.516454908E1,1.780461818E-1,-8.037366867E-1,2.586717308E-1
4.517457608E1,-2.367230356E-1,-9.253067970E-1,1.019590020E0
4.518460408E1,-6.101922393E-1,-9.606776834E-1,1.863196969E0
4.519463008E1,-9.709440470E-1,-8.933809400E-1,2.633905411E0
4.520465808E1,-1.365789175E0,-7.710751891E-1,3.120365381E0
4.521468508E1,-1.825911760E0,-7.831771374E-1,3.283320904E0
4.522471208E1,-2.317897797E0,-1.017260551E0,3.336114168E0
4.523473908E1,-2.733020782E0,-1.479104638E0,3.662362814E0
4.524476608E1,-2.921541929E0,-1.956600428E0,4.217041016E0
4.525479308E1,-2.849307299E0,-2.215768337E0,4.677631378E0
4.526482008E1,-2.616593838E0,-2.287481785E0,4.704656124E0
4.527484708E1,-2.328934431E0,-2.197278738E0,4.174910545E0
4.528487408E1,-2.139266491E0,-2.048044920E0,3.331646919E0
4.529490108E1,-2.134381056E0,-2.013223648E0,2.507520914E0
4.530492808E1,-2.161729574E0,-2.017312288E0,1.958467722E0
4.531495508E1,-2.117639065E0,-2.006597281E0,1.646401644E0
4.532498208E1,-2.089107513E0,-1.912700295E0,1.423253775E0
4.533500908E1,-2.183119297E0,-1.767505288E0,1.220222831E0
4.534503608E1,-2.384267807E0,-1.591984630E0,1.017749667E0
4.535506308E1,-2.632117271E0,-1.428292632E0,8.252063394E-1
4.536509008E1,-2.842578888E0,-1.297958851E0,6.777288914E-1
4.537511708E1,-2.942348719E0,-1.197633624E0,5.998165607E-1
4.538514408E1,-2.886273861E0,-1.093631506E0,5.870473385E-1
4.539517108E1,-2.657700062E0,-9.696435332E-1,6.001724601E-1
4.540519808E1,-2.264168262E0,-8.212139606E-1,6.370011568E-1
4.541522508E1,-1.740777016E0,-6.589267850E-1,6.983457804E-1
4.542525208E1,-1.153294563E0,-4.852699041E-1,7.565931678E-1
4.543527908E1,-5.820074677E-1,-3.313527703E-1,7.548733354E-1
4.544530608E1,-8.654938638E-2,-2.193985879E-1,6.478230953E-1
4.545533308E1,2.694135308E-1,-1.429970264E-1,3.783591390E-1
4.546536008E1,4.476045370E-1,-5.877653137E-2,-2.195345797E-2
4.547538708E1,4.441807866E-1,1.290937327E-2,-4.268604815E-1
4.548541408E1,3.255651593E-1,1.094918698E-1,-7.407845855E-1
4.549544108E1,1.758249551E-1,2.715758383E-1,-9.034214020E-1
4.550546808E1,9.772617370E-2,5.642492175E-1,-9.449686408E-1
4.551549508E1,1.175022721E-1,9.288010597E-1,-9.390132427E-1
4.552552208E1,2.488949150E-1,1.299721718E0,-9.489284754E-1
4.553554863E1,4.395905435E-1,1.639376283E0,-9.867219329E-1
4.554557563E1,6.516525745E-1,1.865388751E0,-1.130851746E0
4.555560262E1,8.784945607E-1,1.994835734E0,-1.411786199E0
4.556562962E1,1.076522350E0,2.102447033E0,-1.791938066E0
4.557565662E1,1.250318408E0,2.154668808E0,-2.136727571E0
4.558568363E1,1.469006300E0,2.120769739E0,-2.353398323E0
4.559571062E1,1.821858048E0,1.981239319E0,-2.355107069E0
4.560573762E1,2.332577467E0,1.821261525E0,-2.195509195E0
4.561576462E1,2.941920280E0,1.730910897E0,-2.043004751E0
4.562579163E1,3.464447737E0,1.597242594E0,-2.019637108E0
4.563581862E1,3.702755928E0,1.376577139E0,-2.101343632E0
4.564584562E1,3.602940083E0,1.094595075E0,-2.157914877E0
4.565587262E1,3.223320961E0,8.985505104E-1,-2.154013872E0
4.566589963E1,2.675792456E0,9.235526919E-1,-2.121281147E0
4.567592663E1,2.079076767E0,1.171923518E0,-2.073529482E0
4.568595362E1,1.574229121E0,1.497663260E0,-1.982265592E0
4.569598062E1,1.248181462E0,1.755045533E0,-1.844555616E0
4.570600762E1,1.097333312E0,1.860928535E0,-1.659188747E0
4.571603463E1,1.095094919E0,1.795844316E0,-1.430185914E0
4.572606162E1,1.188676357E0,1.608847260E0,-1.168044329E0
4.573608862E1,1.338259697E0,1.410438299E0,-9.227972627E-1
4.574611562E1,1.515875459E0,1.288098693E0,-7.225955129E-1
4.575614263E1,1.678499222E0,1.272014022E0,-5.835143328E-1
4.576616962E1,1.799694180E0,1.304309487E0,-4.810124338E-1
4.577619662E1,1.875874162E0,1.284831405E0,-3.903387189E-1
4.578622362E1,1.899324536E0,1.166252971E0,-3.180889189E-1
4.579625063E1,1.875450373E0,1.001175523E0,-2.844518721E-1
4.580627763E1,1.794780374E0,8.231419325E-1,-2.911699712E-1
4.581630462E1,1.632544875E0,6.253766418E-1,-3.181571364E-1
4.582633162E1,1.385565996E0,4.165050387E-1,-3.279649615E-1
4.583635862E1,1.064278960E0,2.016476095E-1,-2.621145546E-1
4.584638563E1,6.886883974E-1,3.322904184E-2,-6.878695637E-2
4.585641262E1,2.880339324E-1,-5.903138220E-2,2.437861413E-1
4.586643962E1,-1.464033723E-1,-9.542980045E-2,6.681408882E-1
4.587646662E1,-6.215400696E-1,-8.904354274E-2,1.222713590E0
4.588649363E1,-1.123261452E0,-9.141941369E-2,1.793128133E0
4.589652062E1,-1.613370895E0,-1.186821908E-1,2.240938663E0
4.590654762E1,-2.073338270E0,-1.938155293E-1,2.455849409E0
4.591657462E1,-2.527768373E0,-3.820682764E-1,2.517602921E0
4.592660163E1,-2.921059132E0,-7.809970379E-1,2.690747023E0
4.593662863E1,-3.150722504E0,-1.381044269E0,3.259074688E0
4.594665562E1,-3.176059723E0,-1.873794317E0,4.029349327E0
4.595668262E1,-3.045358419E0,-2.071345806E0,4.552243710E0
4.596670962E1,-2.821968317E0,-1.926195621E0,4.480575085E0
4.597673663E1,-2.610447407E0,-1.606948614E0,3.833663464E0
4.598676362E1,-2.545576334E0,-1.493904591E0,2.905502796E0
4.599679062E1,-2.604456663E0,-1.664569259E0,1.981848121E0
4.600681762E1,-2.623839378E0,-1.927757740E0,1.315621614E0
4.601684463E1,-2.529799938E0,-2.144603729E0,1.003098607E0
4.602687162E1,-2.441233158E0,-2.177086353E0,8.916889429E-1
4.603689862E1,-2.481099129E0,-2.038148403E0,8.351977468E-1
4.604692562E1,-2.694530010E0,-1.816642880E0,7.219983935E-1
4.605695263E1,-3.028774738E0,-1.611311674E0,6.027396321E-1
4.606697963E1,-3.358618259E0,-1.468751788E0,5.506063104E-1
4.607700662E1,-3.566568851E0,-1.403536320E0,5.632835031E-1
4.608703362E1,-3.594448566E0,-1.391557097E0,5.944143534E-1
4.609706063E1,-3.392462969E0,-1.383894086E0,6.336395144E-1
4.610708763E1,-2.965934515E0,-1.343399882E0,6.647256017E-1
4.611711462E1,-2.354118586E0,-1.242534518E0,6.550140977E-1
4.612714162E1,-1.649023652E0,-1.073587537E0,5.711177588E-1
4.613716862E1,-9.620052576E-1,-8.581135273E-1,3.927115500E-1
4.614719563E1,-4.110935330E-1,-6.433317065E-1,1.086094752E-1
4.615722262E1,-7.751076669E-2,-4.826879799E-1,-2.394997627E-1
4.616724962E1,6.420911103E-2,-3.604865968E-1,-5.909348130E-1
4.617727662E1,8.010338992E-2,-2.636162341E-1,-9.121413231E-1
4.618730363E1,3.846899793E-2,-1.371215135E-1,-1.177337170E0
4.619733063E1,-7.090763655E-3,6.884258240E-2,-1.331663013E0
4.620735762E1,-2.648635302E-3,3.313994408E-1,-1.381476402E0
4.621738462E1,6.249894202E-2,6.519401670E-1,-1.355425358E0
4.622741163E1,1.513947695E-1,1.058063745E0,-1.332175016E0
4.623743863E1,2.223757356E-1,1.475826025E0,-1.310423970E0
4.624746562E1,2.729887068E-1,1.797602415E0,-1.315286636E0
4.625749262E1,3.632890582E-1,1.967911363E0,-1.374610186E0
4.626751962E1,5.471390486E-1,2.036426783E0,-1.547980547E0
4.627754663E1,7.768214941E-1,2.084873199E0,-1.757021427E0
4.628757362E1,1.064262152E0,2.095429897E0,-1.847102046E0
4.629760062E1,1.466060996E0,1.987005830E0,-1.745725393E0
4.630762762E1,2.087725639E0,1.743160248E0,-1.536893368E0
4.631765463E1,2.906791449E0,1.591032386E0,-1.368611932E0
4.632768162E1,3.781791687E0,1.541716218E0,-1.350136638E0
4.633770862E1,4.512517452E0,1.399654746E0,-1.531248569E0
4.634773562E1,4.909563065E0,1.166798592E0,-1.786288738E0
4.635776263E1,4.894966125E0,9.300206900E-1,-1.955295086E0
4.636778963E1,4.483296871E0,8.077011108E-1,-2.033418417E0
4.637781662E1,3.746562004E0,8.905384541E-1,-2.100918055E0
4.638784362E1,2.803864479E0,1.176686645E0,-2.202633858E0
4.639787062E1,1.818818212E0,1.567592144E0,-2.297399044E0
4.640789763E1,9.744609594E-1,1.923131585E0,-2.304223299E0
4.641792462E1,3.813965321E-1,2.139428377E0,-2.158992529E0
4.642795162E1,6.423094869E-2,2.172277927E0,-1.897895813E0
4.643797862E1,1.418988593E-2,2.051011086E0,-1.598852158E0
4.644800563E1,2.344324887E-1,1.858858824E0,-1.319072604E0
4.645803262E1,6.380990148E-1,1.693768620E0,-1.045300245E0
4.646805962E1,1.089189768E0,1.624111056E0,-7.789412141E-1
4.647808662E1,1.466999888E0,1.638188481E0,-5.413078666E-1
4.648811363E1,1.710745454E0,1.677718878E0,-3.271784186E-1
4.649814063E1,1.806237578E0,1.653684616E0,-1.672369540E-1
4.650816762E1,1.777173162E0,1.535226345E0,-1.506630778E-1
4.651819462E1,1.639743686E0,1.324532747E0,-2.947131991E-1
4.652822162E1,1.394661903E0,1.052945733E0,-4.522265196E-1
4.653824888E1,1.058494806E0,7.071932554E-1,-4.617094994E-1
4.654827588E1,6.987124085E-1,3.114312589E-1,-2.591356039E-1
4.655830287E1,3.747642040E-1,-2.868158184E-2,1.946489215E-1
4.656832987E1,5.990891904E-2,-2.580957413E-1,8.382855654E-1
4.657835688E1,-3.046067059E-1,-3.523492813E-1,1.542390704E0
4.658838388E1,-7.575010061E-1,-4.111660123E-1,2.129447222E0
4.659841087E1,-1.298473120E0,-4.317064285E-1,2.460677385E0
4.660843787E1,-1.912733316E0,-4.441677928E-1,2.505779505E0
4.661846487E1,-2.564813852E0,-5.762416720E-1,2.453406096E0
4.662849188E1,-3.134340525E0,-9.854820371E-1,2.587196589E0
4.663851887E1,-3.469477415E0,-1.658702731E0,3.175190926E0
4.664854587E1,-3.436224699E0,-2.248837471E0,4.098255157E0
4.665857287E1,-3.142160416E0,-2.496908665E0,4.873795033E0
4.666859988E1,-2.835117102E0,-2.516686440E0,5.018907070E0
4.667862688E1,-2.560104609E0,-2.400167704E0,4.425212860E0
4.668865387E1,-2.378784895E0,-2.252421618E0,3.364517450E0
4.669868087E1,-2.308805704E0,-2.169831276E0,2.273430109E0
4.670870788E1,-2.232867002E0,-2.100817919E0,1.450255394E0
4.671873488E1,-2.136535883E0,-2.011048079E0,9.643176198E-1
4.672876187E1,-2.099307299E0,-1.838713884E0,7.194247246E-1
4.673878887E1,-2.201496601E0,-1.637459874E0,5.854253769E-1
4.674881587E1,-2.407486677E0,-1.473251462E0,4.885105491E-1
4.675884288E1,-2.660183430E0,-1.349792600E0,3.977899551E-1
4.676886987E1,-2.880869627E0,-1.222114444E0,3.164112866E-1
4.677889687E1,-2.971422911E0,-1.070846915E0,2.678250968E-1
4.678892387E1,-2.852985859E0,-9.184412956E-1,2.410034090E-1
4.679895088E1,-2.488378763E0,-8.121225834E-1,2.382220179E-1
4.680897787E1,-1.910008550E0,-7.363834977E-1,2.401760072E-1
4.681900487E1,-1.220363021E0,-6.867704391E-1,2.039841712E-1
4.682903187E1,-5.648075938E-1,-6.731287837E-1,7.873189449E-2
4.683905888E1,-7.455953211E-2,-6.912832856E-1,-1.227511540E-1
4.684908588E1,2.269848436E-1,-6.975677013E-1,-3.798633814E-1
4.685911287E1,3.630875647E-1,-6.336350441E-1,-6.683772206E-1
4.686913987E1,3.677474558E-1,-4.674202204E-1,-9.573175311E-1
4.687916687E1,2.533063591E-1,-2.460452318E-1,-1.198125720E0
4.688919388E1,7.641985267E-2,1.823056117E-2,-1.383135915E0
4.689922087E1,-1.133293137E-1,3.021054268E-1,-1.542276859E0
4.690924787E1,-2.544512749E-1,5.866894722E-1,-1.611302972E0
4.691927487E1,-2.935659289E-1,8.681094050E-1,-1.531287193E0
4.692930188E1,-1.947252005E-1,1.134541512E0,-1.357471824E0
4.693932887E1,2.832652070E-2,1.382749796E0,-1.231179595E0
4.694935587E1,3.458361626E-1,1.622391701E0,-1.314944386E0
4.695938287E1,6.939914823E-1,1.781754971E0,-1.652336001E0
4.696940988E1,9.791037440E-1,1.880696416E0,-2.129201651E0
4.697943688E1,1.227491975E0,1.879239678E0,-2.557276726E0
4.698946387E1,1.564727664E0,1.737565279E0,-2.728211880E0
4.699949087E1,2.080557108E0,1.583662868E0,-2.654633045E0
4.700951787E1,2.765762568E0,1.536630869E0,-2.453777313E0
4.701954488E1,3.491626740E0,1.639713883E0,-2.305952311E0
4.702957187E1,4.032392979E0,1.724447727E0,-2.258950949E0
4.703959887E1,4.223648071E0,1.693722010E0,-2.266769648E0
4.704962587E1,4.042984009E0,1.610402584E0,-2.227091551E0
4.705965288E1,3.504482031E0,1.519133091E0,-2.082837343E0
4.706967987E1,2.738116980E0,1.519308805E0,-1.881806493E0
4.707970687E1,1.937298179E0,1.743865252E0,-1.735276461E0
4.708973387E1,1.246610880E0,2.159790039E0,-1.652576804E0
4.709976088E1,7.583455443E-1,2.572105646E0,-1.551594019E0
4.710978788E1,4.628281593E-1,2.812293530E0,-1.360757709E0
4.711981487E1,3.657279909E-1,2.813119650E0,-1.053592205E0
4.712984187E1,4.899862409E-1,2.568238258E0,-6.761421561E-1
4.713986887E1,8.210361004E-1,2.233072758E0,-2.642728090E-1
4.714989588E1,1.265040874E0,1.984795928E0,1.323408037E-1
4.715992287E1,1.687931657E0,1.891808987E0,4.335485995E-1
4.716994987E1,1.994363546E0,1.879049063E0,6.066743731E-1
4.717997687E1,2.136984110E0,1.856149673E0,6.421979666E-1
4.719000388E1,2.136605978E0,1.777457237E0,5.329314470E-1
4.720003087E1,2.023196936E0,1.623689532E0,2.939513326E-1
4.721005787E1,1.815300345E0,1.385341525E0,4.793844186E-3
4.722008487E1,1.514445186E0,1.100040555E0,-2.589640319E-1
4.723011188E1,1.158048511E0,8.124911189E-1,-3.898513317E-1
4.724013787E1,7.988317013E-1,5.288186669E-1,-3.256348073E-1
4.725016587E1,4.749889672E-1,2.433288991E-1,-1.352501195E-2
4.726019287E1,2.070568353E-1,-7.353641093E-2,5.134235024E-1
4.727021887E1,-1.322040148E-2,-3.919996023E-1,1.155189395E0
4.728024587E1,-2.676739693E-1,-6.347142458E-1,1.783233881E0
4.729027287E1,-6.169909835E-1,-7.547330856E-1,2.287837267E0
4.730029988E1,-1.058113694E0,-7.358161211E-1,2.626261234E0
4.731032687E1,-1.546315670E0,-6.830286980E-1,2.736586094E0
4.732035387E1,-2.029055357E0,-7.671443820E-1,2.741212368E0
4.733038087E1,-2.436691761E0,-1.166032910E0,2.956347942E0
4.734040788E1,-2.703588486E0,-1.794644713E0,3.556507826E0
4.735043487E1,-2.726049423E0,-2.362557173E0,4.254999161E0
4.736046187E1,-2.510083437E0,-2.705488682E0,4.598020077E0
4.737048887E1,-2.139899492E0,-2.856216431E0,4.408585072E0
4.738051588E1,-1.709248662E0,-2.936152935E0,3.805838823E0
4.739054288E1,-1.345198989E0,-3.089451551E0,3.079514742E0
4.740056987E1,-1.153971791E0,-3.313807964E0,2.438152552E0
4.741059687E1,-1.159384370E0,-3.411686420E0,1.983336687E0
4.742062388E1,-1.358389378E0,-3.299086571E0,1.713643432E0
4.743065088E1,-1.737523675E0,-2.987442017E0,1.555817008E0
4.744067787E1,-2.248306513E0,-2.556729317E0,1.426343441E0
4.745070487E1,-2.831854343E0,-2.068142414E0,1.236474395E0
4.746073187E1,-3.406720638E0,-1.577469587E0,1.002232313E0
4.747075888E1,-3.885815620E0,-1.160589457E0,7.951261997E-1
4.748078587E1,-4.199950218E0,-8.839349747E-1,6.457915306E-1
4.749081287E1,-4.318675041E0,-7.220309973E-1,5.387274027E-1
4.750083987E1,-4.227626801E0,-6.522691846E-1,4.609032869E-1
4.751086688E1,-3.929585934E0,-6.697177291E-1,3.908750117E-1
4.752089388E1,-3.437147617E0,-7.584108710E-1,2.891899347E-1
4.753092087E1,-2.789796829E0,-8.115707040E-1,1.196242198E-1
4.754094762E1,-2.079005718E0,-7.805065513E-1,-9.617837518E-2
4.755097463E1,-1.395566702E0,-6.784632802E-1,-3.540818095E-1
4.756100162E1,-8.273867965E-1,-5.588218570E-1,-6.402426958E-1
4.757102862E1,-4.241712987E-1,-4.516466856E-1,-9.574611187E-1
4.758105562E1,-2.000934631E-1,-3.450051844E-1,-1.272448182E0
4.759108263E1,-1.057889536E-1,-2.004622221E-1,-1.538745880E0
4.760110963E1,-7.566460222E-2,1.406580023E-2,-1.747259378E0
4.761113662E1,-6.659227610E-2,2.910389900E-1,-1.917850018E0
4.762116362E1,-5.596439913E-2,6.326586604E-1,-1.988657117E0
4.763119063E1,-7.363446057E-2,1.047296166E0,-1.881677985E0
4.764121763E1,-1.135142297E-1,1.478988647E0,-1.694837332E0
4.765124462E1,-1.434994489E-1,1.922221422E0,-1.523865104E0
4.766127162E1,-1.310747415E-1,2.338918209E0,-1.417977929E0
4.767129862E1,-1.803301461E-2,2.579340696E0,-1.456027150E0
4.768132563E1,2.596774399E-1,2.475123167E0,-1.557831287E0
4.769135262E1,7.269876599E-1,2.092837334E0,-1.664705873E0
4.770137962E1,1.360269547E0,1.591320872E0,-1.791243672E0
4.771140662E1,2.059177876E0,1.207389116E0,-1.923253298E0
4.772143363E1,2.685161114E0,1.070229888E0,-2.085225582E0
4.773146063E1,3.078399658E0,1.150825620E0,-2.168069363E0
4.774148762E1,3.186456680E0,1.313981295E0,-2.092137337E0
4.775151462E1,2.992744446E0,1.396473408E0,-1.875788927E0
4.776154163E1,2.541308641E0,1.370425820E0,-1.630822778E0
4.777156863E1,1.928498864E0,1.407597184E0,-1.500598073E0
4.778159562E1,1.290458202E0,1.621191502E0,-1.498609185E0
4.779162262E1,7.585753798E-1,1.946426153E0,-1.531036377E0
4.780164962E1,4.001530707E-1,2.229264021E0,-1.479901791E0
4.781167663E1,2.397962958E-1,2.374480724E0,-1.292264700E0
4.782170362E1,2.975048721E-1,2.366867065E0,-9.656350017E-1
4.783173062E1,5.422880054E-1,2.260948896E0,-5.820649862E-1
4.784175762E1,8.935914636E-1,2.114615679E0,-2.256722301E-1
4.785178463E1,1.254295230E0,2.021346092E0,4.713022709E-2
4.786181162E1,1.556366920E0,2.054896593E0,1.869951785E-1
4.787183862E1,1.770143151E0,2.167215109E0,1.919683367E-1
4.788186562E1,1.902580857E0,2.264788389E0,1.080902144E-1
4.789189263E1,1.980939627E0,2.268094540E0,-4.415700678E-3
4.790191963E1,2.013097286E0,2.144813299E0,-1.082440913E-1
4.791194662E1,2.000508785E0,1.915341377E0,-2.217754275E-1
4.792197362E1,1.917334914E0,1.621912599E0,-3.808915913E-1
4.793200062E1,1.743398309E0,1.286085129E0,-5.020206571E-1
4.794202763E1,1.492586255E0,9.282073379E-1,-4.976797104E-1
4.795205462E1,1.201169014E0,5.699871778E-1,-3.161819875E-1
4.796208162E1,9.069577456E-1,1.949485987E-1,6.560318917E-2
4.797210762E1,6.046508551E-1,-1.297245622E-1,5.983747244E-1
4.798213462E1,2.369556576E-1,-3.389195800E-1,1.178487897E0
4.799216162E1,-2.044824958E-1,-4.866996408E-1,1.690085530E0
4.800218863E1,-6.802394390E-1,-5.666109920E-1,1.984308958E0
4.801221562E1,-1.215438247E0,-5.886381865E-1,2.115172386E0
4.802224262E1,-1.764194846E0,-6.973050237E-1,2.213911533E0
4.803226962E1,-2.224800825E0,-1.195476890E0,2.540076494E0
4.804229663E1,-2.506797552E0,-1.948346853E0,3.221498251E0
4.805232363E1,-2.508570910E0,-2.540954113E0,4.035086155E0
4.806235062E1,-2.295933962E0,-2.784235716E0,4.604675293E0
4.807237762E1,-2.031692028E0,-2.709388733E0,4.637527466E0
4.808240462E1,-1.839946985E0,-2.478734493E0,4.118077278E0
4.809243163E1,-1.834265351E0,-2.421035051E0,3.218543053E0
4.810245862E1,-1.998678207E0,-2.553520679E0,2.239872456E0
4.811248562E1,-2.172003269E0,-2.717709780E0,1.526962757E0
4.812251262E1,-2.194230556E0,-2.772682667E0,1.190507054E0
4.813253963E1,-2.130749702E0,-2.676227331E0,1.112740755E0
4.814256662E1,-2.155679464E0,-2.505314112E0,1.108772635E0
4.815259362E1,-2.385922432E0,-2.291919947E0,1.006930113E0
4.816262062E1,-2.769042730E0,-2.039711475E0,8.145184517E-1
4.817264763E1,-3.176917791E0,-1.773412108E0,6.365582943E-1
4.818267463E1,-3.507530451E0,-1.494682670E0,5.351959467E-1
4.819270162E1,-3.715256214E0,-1.221275210E0,5.063499212E-1
4.820272862E1,-3.752744913E0,-9.915093780E-1,5.273715854E-1
4.821275562E1,-3.580358267E0,-8.412702084E-1,5.653318167E-1
4.822278263E1,-3.182381868E0,-7.638396025E-1,5.727902651E-1
4.823280962E1,-2.609413385E0,-6.834814548E-1,5.025060773E-1
4.824283662E1,-1.958066344E0,-5.680861473E-1,3.690734208E-1
4.825286362E1,-1.305026293E0,-4.688614607E-1,1.624702811E-1
4.826289063E1,-7.251245975E-1,-3.728542328E-1,-9.027463198E-2
4.827291762E1,-2.844727635E-1,-2.510912120E-1,-3.578781188E-1
4.828294462E1,-8.474730887E-3,-8.457042277E-2,-6.081771851E-1
4.829297162E1,1.398485452E-1,1.539579481E-1,-8.385333419E-1
4.830299863E1,2.073338479E-1,4.605250657E-1,-1.036378264E0
4.831302563E1,2.374025136E-1,7.519819140E-1,-1.129400373E0
4.832305262E1,2.919824123E-1,1.005785942E0,-1.080856323E0
4.833307962E1,4.180727303E-1,1.257823467E0,-9.595105648E-1
4.834310662E1,6.120834947E-1,1.529236913E0,-8.901868463E-1
4.835313363E1,8.430199027E-1,1.825156689E0,-9.971178174E-1
4.836316062E1,1.037906766E0,2.068874121E0,-1.281344175E0
4.837318762E1,1.128019810E0,2.213190794E0,-1.661870718E0
4.838321462E1,1.127779126E0,2.256447315E0,-2.066244841E0
4.839324163E1,1.178333282E0,2.181937933E0,-2.371039152E0
4.840326862E1,1.446280599E0,1.967166185E0,-2.475738525E0
4.841329562E1,2.001719952E0,1.764687657E0,-2.445277452E0
4.842332262E1,2.721291065E0,1.616546631E0,-2.391647339E0
4.843334862E1,3.360827208E0,1.545734167E0,-2.425098181E0
4.844337562E1,3.709639549E0,1.424733996E0,-2.542549849E0
4.845340263E1,3.738290310E0,1.220445395E0,-2.635948896E0
4.846342963E1,3.495447874E0,1.027271390E0,-2.651118994E0
4.847345662E1,3.026355743E0,9.204957485E-1,-2.595463991E0
4.848348362E1,2.349782705E0,9.864028692E-1,-2.527688026E0
4.849351062E1,1.550375938E0,1.286318779E0,-2.485408306E0
4.850353763E1,7.578637004E-1,1.710775495E0,-2.420350313E0
4.851356462E1,8.666654676E-2,2.102478743E0,-2.280812025E0
4.852359162E1,-3.754163980E-1,2.339902163E0,-2.023422241E0
4.853361862E1,-5.744598508E-1,2.395509958E0,-1.628147483E0
4.854364550E1,-5.164623260E-1,2.309867620E0,-1.168764234E0
4.855367250E1,-2.209428102E-1,2.189170599E0,-7.382302284E-1
4.856369950E1,2.527635098E-1,2.139257908E0,-3.704865575E-1
4.857372650E1,8.102281094E-1,2.161476851E0,-1.122738123E-1
4.858375350E1,1.324238658E0,2.132055759E0,1.197223924E-2
4.859378050E1,1.681744695E0,1.968704581E0,-1.875737123E-2
4.860380750E1,1.846776247E0,1.686970830E0,-1.635228097E-1
4.861383450E1,1.863287449E0,1.354824662E0,-3.750543594E-1
4.862386150E1,1.766641617E0,1.060774684E0,-5.846903920E-1
4.863388850E1,1.573303103E0,8.360780478E-1,-7.107754946E-1
4.864391550E1,1.322245240E0,6.882520914E-1,-6.796774864E-1
4.865394250E1,1.076089859E0,5.691623092E-1,-4.030625522E-1
4.866396950E1,8.847666383E-1,4.380943179E-1,1.127249151E-1
4.867399650E1,7.276244760E-1,2.643889785E-1,7.793227434E-1
4.868402350E1,5.039243102E-1,4.500494152E-2,1.485248208E0
4.869405050E1,1.168462858E-1,-1.838130951E-1,2.132580996E0
4.870407750E1,-4.192840159E-1,-3.593300581E-1,2.589697838E0
4.871410450E1,-1.029293537E0,-4.292070568E-1,2.741835117E0
4.872413150E1,-1.666952252E0,-5.215676427E-1,2.728966236E0
4.873415850E1,-2.245187044E0,-8.342227340E-1,2.865248442E0
4.874418550E1,-2.678584576E0,-1.358800769E0,3.490427732E0
4.875421250E1,-2.812273264E0,-1.831101179E0,4.398415565E0
4.876423950E1,-2.630056858E0,-2.134056330E0,5.142214298E0
4.877426650E1,-2.304535151E0,-2.280591726E0,5.345933914E0
4.878429350E1,-2.030680180E0,-2.345354557E0,4.843775272E0
4.879432050E1,-1.975817561E0,-2.281331539E0,3.833710909E0
4.880434750E1,-2.072755098E0,-2.085749626E0,2.718946695E0
4.881437450E1,-2.129570723E0,-1.901992679E0,1.876417994E0
4.882440150E1,-2.080548763E0,-1.808414459E0,1.426002622E0
4.883442850E1,-2.083386660E0,-1.745259762E0,1.236900687E0
4.884445550E1,-2.263714790E0,-1.665750980E0,1.135570049E0
4.885448250E1,-2.605282068E0,-1.547767520E0,1.038239360E0
4.886450850E1,-3.034527302E0,-1.412962079E0,9.723336101E-1
4.887453550E1,-3.398869753E0,-1.276307106E0,9.959337711E-1
4.888456250E1,-3.568429708E0,-1.163550496E0,1.105307698E0
4.889458950E1,-3.534043074E0,-1.092241645E0,1.254351377E0
4.890461650E1,-3.294650793E0,-1.038136840E0,1.370177031E0
4.891464350E1,-2.859354496E0,-1.000306726E0,1.376414061E0
4.892467050E1,-2.289224625E0,-9.492821097E-1,1.225702286E0
4.893469750E1,-1.675588846E0,-9.081256390E-1,9.233170152E-1
4.894472450E1,-1.103701472E0,-8.714999557E-1,5.334584117E-1
4.895475150E1,-6.360805631E-1,-7.914736271E-1,1.073754206E-1
4.896477850E1,-3.198009431E-1,-6.472243071E-1,-3.033165038E-1
4.897480550E1,-1.387855858E-1,-4.391028881E-1,-6.187143922E-1
4.898483250E1,-5.057130754E-2,-1.877231300E-1,-8.507433534E-1
4.899485950E1,-1.601948962E-2,7.291135937E-2,-1.052805543E0
4.900488650E1,2.619454265E-2,3.428421617E-1,-1.231027961E0
4.901491350E1,1.085907668E-1,6.350333691E-1,-1.352656960E0
4.902494050E1,2.301685959E-1,9.262968898E-1,-1.426274419E0
4.903496750E1,3.481503725E-1,1.191036582E0,-1.468642592E0
4.904499450E1,4.622665644E-1,1.470954537E0,-1.536731362E0
4.905502150E1,5.919303298E-1,1.767345786E0,-1.691007853E0
4.906504850E1,7.341591120E-1,2.003105164E0,-1.916830659E0
4.907507550E1,8.842692971E-1,2.097862482E0,-2.082476377E0
4.908510250E1,1.072093487E0,2.130717039E0,-2.171759367E0
4.909512950E1,1.345114350E0,2.073357344E0,-2.213520765E0
4.910515650E1,1.785603046E0,1.924710155E0,-2.154792547E0
4.911518350E1,2.449042320E0,1.737000585E0,-2.091143131E0
4.912521050E1,3.200716972E0,1.581771016E0,-2.163366318E0
4.913523750E1,3.745116234E0,1.332635999E0,-2.407741785E0
4.914526450E1,3.894820690E0,1.007241607E0,-2.657124043E0
4.915529150E1,3.596616507E0,7.566064000E-1,-2.690716267E0
4.916531850E1,2.939133167E0,7.294570804E-1,-2.463269472E0
4.917534550E1,2.081810474E0,9.162234068E-1,-2.133171558E0
4.918537250E1,1.247564316E0,1.346931577E0,-1.903620839E0
4.919539950E1,6.047119498E-1,1.862454772E0,-1.786341667E0
4.920542650E1,2.337951809E-1,2.228634596E0,-1.669687033E0
4.921545250E1,1.150782257E-1,2.258258820E0,-1.450972080E0
4.922547950E1,2.271871865E-1,2.022300005E0,-1.120771050E0
4.923550650E1,5.041896105E-1,1.659212708E0,-7.397132516E-1
4.924553350E1,8.776417375E-1,1.327233911E0,-3.576880693E-1
4.925556050E1,1.252742887E0,1.154405713E0,-4.913292453E-2
4.926558750E1,1.560230494E0,1.119537711E0,1.396308541E-1
4.927561450E1,1.767978311E0,1.122017026E0,2.209785283E-1
4.928564150E1,1.882854819E0,1.118898630E0,2.016634196E-1
4.929566850E1,1.928942323E0,1.109471917E0,1.244165823E-1
4.930569550E1,1.899859071E0,1.061615467E0,6.995412987E-3
4.931572250E1,1.782074928E0,9.808119535E-1,-1.016247571E-1
4.932574950E1,1.560124755E0,8.298637271E-1,-2.039828151E-1
4.933577650E1,1.280862093E0,6.877002120E-1,-2.651055157E-1
4.934580350E1,9.689324498E-1,5.472940803E-1,-2.628450394E-1
4.935583050E1,6.948639750E-1,4.030922353E-1,-1.515333503E-1
4.936585750E1,5.087830424E-1,2.227506787E-1,1.225940734E-1
4.937588450E1,4.292349815E-1,1.631526090E-2,5.436042547E-1
4.938591150E1,4.237366021E-1,-1.688215733E-1,1.105647087E0
4.939593850E1,3.990355134E-1,-3.912583590E-1,1.743299246E0
4.940596550E1,2.564253807E-1,-5.598931909E-1,2.210017920E0
4.941599250E1,-9.886826575E-2,-6.256309748E-1,2.421152830E0
4.942601950E1,-7.531792521E-1,-7.172682285E-1,2.527865410E0
4.943604650E1,-1.715218544E0,-9.670618176E-1,2.860907555E0
4.944607350E1,-2.657826900E0,-1.237313867E0,3.623505354E0
4.945610050E1,-3.179629087E0,-1.297642112E0,4.534748077E0
4.946612750E1,-3.253509045E0,-1.227840900E0,5.140395641E0
4.947615450E1,-2.995865822E0,-1.290903687E0,5.061196327E0
4.948618150E1,-2.543712854E0,-1.354955316E0,4.245880127E0
4.949620850E1,-2.032151937E0,-1.457743168E0,3.068284988E0
4.950623550E1,-1.504887819E0,-1.656915545E0,2.018252134E0
4.951626250E1,-9.414659142E-1,-1.931247115E0,1.394772410E0
4.952628950E1,-4.647808373E-1,-2.056969881E0,1.184909821E0
4.953631650E1,-3.234574795E-1,-1.910401344E0,1.170676470E0
4.954634333E1,-6.421906948E-1,-1.575210094E0,1.150986910E0
4.955636933E1,-1.302398920E0,-1.175680161E0,1.082342863E0
4.956639633E1,-2.050337791E0,-7.796353102E-1,1.063922286E0
4.957642333E1,-2.665170431E0,-4.521431327E-1,1.109094024E0
4.958645033E1,-3.013605595E0,-2.273680866E-1,1.173098564E0
4.959647733E1,-3.078753710E0,-1.170230359E-1,1.177852511E0
4.960650433E1,-2.860233784E0,-1.383139342E-1,1.032410026E0
4.961653133E1,-2.390642643E0,-2.610463202E-1,7.024806738E-1
4.962655833E1,-1.780768633E0,-4.046796560E-1,2.359771430E-1
4.963658533E1,-1.186811924E0,-4.807883203E-1,-2.756649852E-1
4.964661233E1,-7.664783001E-1,-4.671167135E-1,-7.287227511E-1
4.965663933E1,-5.650435090E-1,-4.047423899E-1,-1.079831362E0
4.966666633E1,-4.986155033E-1,-2.905417979E-1,-1.312933564E0
4.967669333E1,-4.698882699E-1,-1.451126486E-1,-1.446238160E0
4.968672033E1,-3.948044479E-1,-2.287115902E-2,-1.508250952E0
4.969674733E1,-2.385803759E-1,8.061648160E-2,-1.563209176E0
4.970677433E1,-2.251358703E-2,1.975106150E-1,-1.605126500E0
4.971680133E1,1.838631630E-1,3.871720135E-1,-1.550436735E0
4.972682833E1,3.204766810E-1,6.076908112E-1,-1.443379879E0
4.973685533E1,4.216123521E-1,8.336970806E-1,-1.328311563E0
4.974688233E1,5.067948699E-1,1.105668068E0,-1.218205333E0
4.975690933E1,5.702515841E-1,1.406600356E0,-1.228576899E0
4.976693633E1,6.055008769E-1,1.704465032E0,-1.428818583E0
4.977696333E1,5.936729908E-1,1.917649746E0,-1.630823612E0
4.978699033E1,6.517879963E-1,1.910669565E0,-1.713847876E0
4.979701733E1,9.657121301E-1,1.661502600E0,-1.735543370E0
4.980704433E1,1.628527880E0,1.289123178E0,-1.734315157E0
4.981707133E1,2.553447008E0,1.051392436E0,-1.703629971E0
4.982709833E1,3.497851372E0,9.607331753E-1,-1.701134324E0
4.983712533E1,4.153261185E0,8.060162663E-1,-1.777506113E0
4.984715233E1,4.344491482E0,5.031519532E-1,-1.907309413E0
4.985717833E1,4.090181828E0,1.712437719E-1,-1.996776819E0
4.986720533E1,3.465055704E0,-4.284162819E-2,-1.989021659E0
4.987723233E1,2.576386690E0,-1.892074011E-2,-1.918793559E0
4.988725933E1,1.598923087E0,3.406118751E-1,-1.886848330E0
4.989728633E1,7.121219635E-1,9.019119143E-1,-1.923937678E0
4.990731333E1,5.075250939E-2,1.442933083E0,-1.985251665E0
4.991734033E1,-3.403466642E-1,1.833979964E0,-1.991569281E0
4.992736733E1,-4.470195770E-1,2.004104137E0,-1.885388494E0
4.993739433E1,-2.784840763E-1,1.936444640E0,-1.669585228E0
4.994742133E1,9.737557173E-2,1.716028690E0,-1.387944221E0
4.995744833E1,5.726070404E-1,1.479223967E0,-1.122135401E0
4.996747533E1,1.034823418E0,1.297755361E0,-9.024250507E-1
4.997750233E1,1.379353881E0,1.178869009E0,-7.225000262E-1
4.998752933E1,1.563740492E0,1.133087635E0,-5.840896964E-1
4.999755633E1,1.581577182E0,1.162395716E0,-4.945854843E-1
5.000758333E1,1.440392613E0,1.243402600E0,-4.258261025E-1
5.001761033E1,1.178569913E0,1.338878989E0,-3.556631505E-1
5.002763733E1,8.489291668E-1,1.417702436E0,-2.265970558E-1
5.003766433E1,5.324435830E-1,1.454342365E0,2.866105549E-2
5.004769133E1,3.025571108E-1,1.375312567E0,4.319973290E-1
5.005771833E1,1.907405555E-1,1.177933455E0,9.628462791E-1
5.006774533E1,1.490653902E-1,9.008507133E-1,1.626426458E0
5.007777233E1,7.048560679E-2,6.034348011E-1,2.383544683E0
5.008779933E1,-1.131364182E-1,3.885928392E-1,3.099403620E0
5.009782633E1,-4.238503575E-1,2.931503654E-1,3.565074444E0
5.010785333E1,-9.000855684E-1,2.574882507E-1,3.579622746E0
5.011788033E1,-1.559324622E0,1.665274948E-1,3.249546766E0
5.012790733E1,-2.291352987E0,-1.253546923E-1,2.748241186E0
5.013793433E1,-2.925142765E0,-6.689983010E-1,2.525802851E0
5.014796133E1,-3.320209265E0,-1.463043213E0,2.873468876E0
5.015798833E1,-3.409740448E0,-2.190351248E0,3.428385019E0
5.016801533E1,-3.240216494E0,-2.606491089E0,3.760442257E0
5.017804133E1,-2.933749199E0,-2.547199249E0,3.542389870E0
5.018806833E1,-2.694788218E0,-2.235963106E0,2.822223902E0
5.019809533E1,-2.629510880E0,-1.945988297E0,1.921374202E0
5.020812233E1,-2.679393291E0,-1.926044703E0,1.267643213E0
5.021814933E1,-2.608066559E0,-2.174761057E0,1.041030049E0
5.022817633E1,-2.382880449E0,-2.461917162E0,1.085430026E0
5.023820333E1,-2.144446135E0,-2.545819759E0,1.169650674E0
5.024823033E1,-2.032229900E0,-2.390649080E0,1.138174772E0
5.025825733E1,-2.094386339E0,-2.123836040E0,1.003576756E0
5.026828433E1,-2.291743994E0,-1.930313706E0,8.451501131E-1
5.027831133E1,-2.516638517E0,-1.824794531E0,7.392705083E-1
5.028833833E1,-2.678776264E0,-1.742330909E0,7.000945807E-1
5.029836533E1,-2.745733261E0,-1.625666261E0,6.965281963E-1
5.030839233E1,-2.690896511E0,-1.494497538E0,6.997705698E-1
5.031841933E1,-2.509763241E0,-1.338963032E0,6.864305735E-1
5.032844633E1,-2.247273445E0,-1.159688115E0,6.115131974E-1
5.033847333E1,-1.951416135E0,-9.596167207E-1,4.573673606E-1
5.034850033E1,-1.666746616E0,-7.304205298E-1,1.974495202E-1
5.035852733E1,-1.430501938E0,-5.138345361E-1,-1.094527468E-1
5.036855433E1,-1.263026118E0,-3.528771102E-1,-3.864119351E-1
5.037858133E1,-1.169162035E0,-2.849178314E-1,-6.106912494E-1
5.038860833E1,-1.081817985E0,-2.500948608E-1,-7.914093733E-1
5.039863533E1,-9.413145185E-1,-2.484010756E-1,-9.138892293E-1
5.040866233E1,-7.060269117E-1,-2.117605060E-1,-9.382600784E-1
5.041868933E1,-3.537482023E-1,-3.016009182E-2,-8.869531751E-1
5.042871633E1,2.172316425E-2,2.523962259E-1,-7.707853317E-1
5.043874233E1,3.279138207E-1,6.443024278E-1,-6.144334078E-1
5.044876933E1,5.254690051E-1,1.037696362E0,-5.224350691E-1
5.045879633E1,6.332070231E-1,1.392722726E0,-5.687476993E-1
5.046882333E1,6.974526048E-1,1.632230639E0,-7.221886516E-1
5.047885033E1,7.791789174E-1,1.804224253E0,-9.521550536E-1
5.048887733E1,9.513333440E-1,1.925063372E0,-1.101502657E0
5.049890433E1,1.274237871E0,1.943196416E0,-1.137763858E0
5.050893133E1,1.768078804E0,1.967355490E0,-1.246593237E0
5.051895833E1,2.393898726E0,2.026193380E0,-1.488277435E0
5.052898533E1,3.004135132E0,2.020539045E0,-1.859267235E0
5.053901233E1,3.388254881E0,1.858817577E0,-2.289093494E0
5.054903983E1,3.443853617E0,1.653392434E0,-2.597512960E0
5.055906683E1,3.259147882E0,1.470613718E0,-2.646039486E0
5.056909383E1,2.950626135E0,1.378894448E0,-2.524047852E0
5.057912083E1,2.550468445E0,1.479051352E0,-2.366342306E0
5.058914783E1,2.061001301E0,1.701677561E0,-2.277634859E0
5.059917483E1,1.563705921E0,1.953885794E0,-2.287942648E0
5.060920183E1,1.163793087E0,2.131291151E0,-2.304023504E0
5.061922883E1,9.076656699E-1,2.193048954E0,-2.244553089E0
5.062925583E1,8.268459439E-1,2.139959574E0,-2.092978001E0
5.063928283E1,9.000601768E-1,2.025477171E0,-1.868109226E0
5.064930983E1,1.089967847E0,1.886276722E0,-1.640866518E0
5.065933683E1,1.358741283E0,1.698673844E0,-1.433004022E0
5.066936383E1,1.662741899E0,1.493326783E0,-1.245991230E0
5.067939083E1,1.952271342E0,1.309934616E0,-1.095752001E0
5.068941683E1,2.151130199E0,1.157281995E0,-1.004705429E0
5.069944383E1,2.184604883E0,1.020889401E0,-9.573591948E-1
5.070947083E1,2.047038555E0,9.258320928E-1,-9.347201586E-1
5.071949783E1,1.765384912E0,9.004980326E-1,-9.255522490E-1
5.072952483E1,1.396902204E0,8.481424451E-1,-8.798726201E-1
5.073955183E1,1.035314918E0,7.110125422E-1,-7.251006365E-1
5.074957883E1,7.435016632E-1,4.803923965E-1,-3.894485533E-1
5.075960583E1,5.235218406E-1,1.771559268E-1,1.467482895E-1
5.076963283E1,3.354944289E-1,-1.332474798E-1,8.422751427E-1
5.077965983E1,1.167768389E-1,-3.700907826E-1,1.558861136E0
5.078968683E1,-2.278537750E-1,-4.716560245E-1,2.118638992E0
5.079971383E1,-6.964225769E-1,-4.790266156E-1,2.427611351E0
5.080974083E1,-1.269032359E0,-4.265711308E-1,2.487597227E0
5.081976783E1,-1.853193998E0,-4.623017609E-1,2.456406355E0
5.082979483E1,-2.322087765E0,-8.149769306E-1,2.614148378E0
5.083982183E1,-2.553075075E0,-1.478574395E0,3.094906807E0
5.084984883E1,-2.552662611E0,-2.165502310E0,3.710040808E0
5.085987583E1,-2.421421766E0,-2.590635777E0,4.082380772E0
5.086990283E1,-2.268067360E0,-2.619217396E0,4.062397480E0
5.087992983E1,-2.178492546E0,-2.418068886E0,3.634914875E0
5.088995683E1,-2.169785976E0,-2.127876997E0,2.892654896E0
5.089998383E1,-2.239613295E0,-1.991154552E0,2.030586004E0
5.091001083E1,-2.222983122E0,-2.099028587E0,1.380074859E0
5.092003783E1,-2.064908743E0,-2.277337790E0,1.115975022E0
5.093006383E1,-1.900733709E0,-2.267199278E0,1.079477191E0
5.094009083E1,-1.832303166E0,-2.089568138E0,1.062211990E0
5.095011783E1,-1.928503513E0,-1.819854379E0,9.363121390E-1
5.096014483E1,-2.163873434E0,-1.585454822E0,7.382879853E-1
5.097017183E1,-2.427917004E0,-1.450983644E0,5.603941679E-1
5.098019883E1,-2.644210577E0,-1.385186672E0,4.344402850E-1
5.099022583E1,-2.771364450E0,-1.319963217E0,3.568512201E-1
5.100025283E1,-2.749424458E0,-1.200557351E0,3.135645390E-1
5.101027983E1,-2.530397177E0,-1.097128510E0,3.017933667E-1
5.102030683E1,-2.115982056E0,-1.056282997E0,3.052662909E-1
5.103033383E1,-1.555795908E0,-1.032381892E0,2.935220003E-1
5.104036083E1,-9.620193839E-1,-9.840459824E-1,2.037497461E-1
5.105038783E1,-4.464124739E-1,-8.846240044E-1,-6.666610483E-3
5.106041483E1,-1.137771085E-1,-7.465851903E-1,-2.940442860E-1
5.107044183E1,1.061674953E-2,-5.772696733E-1,-5.931659937E-1
5.108046883E1,-1.344186440E-2,-3.574548066E-1,-8.330624104E-1
5.109049583E1,-1.132182628E-1,-7.712860405E-2,-9.418397546E-1
5.110052283E1,-2.065258175E-1,2.321473211E-1,-9.297572970E-1
5.111054983E1,-2.041843683E-1,5.324935913E-1,-8.956605792E-1
5.112057683E1,-1.025469825E-1,7.966621518E-1,-9.239699841E-1
5.113060383E1,4.254523292E-2,1.003331780E0,-1.085733891E0
5.114063083E1,2.056867480E-1,1.188141108E0,-1.370515347E0
5.115065683E1,3.551446795E-1,1.397778749E0,-1.737424374E0
5.116068383E1,4.805766344E-1,1.578387022E0,-2.048368454E0
5.117071083E1,5.979834199E-1,1.752696514E0,-2.307501554E0
5.118073783E1,7.550180554E-1,1.881637335E0,-2.517142534E0
5.119076483E1,1.069713950E0,1.866884947E0,-2.554012299E0
5.120079183E1,1.573903322E0,1.743749976E0,-2.425856352E0
5.121081883E1,2.225958824E0,1.686732411E0,-2.265900612E0
5.122084583E1,2.906643629E0,1.728077531E0,-2.262091160E0
5.123087283E1,3.390432596E0,1.749295712E0,-2.420686960E0
5.124089983E1,3.533767700E0,1.661714911E0,-2.620196104E0
5.125092683E1,3.359268427E0,1.486593127E0,-2.767860889E0
5.126095383E1,2.950993061E0,1.337148190E0,-2.786240339E0
5.127098083E1,2.425537586E0,1.335898876E0,-2.657979012E0
5.128100783E1,1.881536722E0,1.470380545E0,-2.435511112E0
5.129103483E1,1.402607679E0,1.692250371E0,-2.195445299E0
5.130106183E1,1.038021684E0,1.887974739E0,-1.940656424E0
5.131108883E1,8.165242672E-1,1.985907793E0,-1.649581432E0
5.132111583E1,7.620736957E-1,1.984462023E0,-1.324639440E0
5.133114283E1,8.625494242E-1,1.929210782E0,-9.941688776E-1
5.134116983E1,1.081434965E0,1.881702781E0,-6.867697239E-1
5.135119683E1,1.355860353E0,1.860741854E0,-4.463685155E-1
5.136122283E1,1.608457804E0,1.838354230E0,-2.858915329E-1
5.137124983E1,1.772061348E0,1.761765718E0,-1.893386394E-1
5.138127683E1,1.830765367E0,1.600611210E0,-1.255737394E-1
5.139130383E1,1.800952077E0,1.378068089E0,-5.068511516E-2
5.140133083E1,1.707752943E0,1.127598524E0,6.658721715E-2
5.141135783E1,1.559267044E0,9.383692741E-1,2.069840133E-1
5.142138483E1,1.351687551E0,8.591720462E-1,3.385410011E-1
5.143141183E1,1.082793236E0,8.044372201E-1,4.555994570E-1
5.144143883E1,7.954124808E-1,7.214462757E-1,5.624189973E-1
5.145146583E1,5.394054651E-1,6.058413982E-1,7.633702159E-1
5.146149283E1,3.099538982E-1,4.369346499E-1,1.140081286E0
5.147151983E1,9.593082964E-2,1.947347671E-1,1.664302707E0
5.148154683E1,-1.414399147E-1,-5.578205734E-2,2.215611219E0
5.149157383E1,-4.594346583E-1,-1.734362543E-1,2.655915976E0
5.150160083E1,-8.810083866E-1,-1.197826937E-1,2.862128019E0
5.151162783E1,-1.406520009E0,-8.966713399E-2,2.868027210E0
5.152165483E1,-1.948806524E0,-3.237162530E-1,2.903254986E0
5.153168183E1,-2.404232502E0,-8.984408379E-1,3.299737215E0
5.154170825E1,-2.642838717E0,-1.597537756E0,4.019083500E0
5.155173525E1,-2.611769915E0,-2.116450787E0,4.546223640E0
5.156176225E1,-2.391679287E0,-2.266715765E0,4.514325619E0
5.157178925E1,-2.088296175E0,-2.134567738E0,3.934761286E0
5.158181525E1,-1.829173803E0,-1.991288185E0,3.014294624E0
5.159184225E1,-1.750957251E0,-2.064921618E0,2.082126617E0
5.160186925E1,-1.778289199E0,-2.289929867E0,1.419230819E0
5.161189625E1,-1.786125541E0,-2.420404196E0,1.183605790E0
5.162192325E1,-1.853998661E0,-2.330642700E0,1.222282648E0
5.163195025E1,-2.048229933E0,-2.082366228E0,1.329650879E0
5.164197725E1,-2.359305859E0,-1.790537119E0,1.347832918E0
5.165200425E1,-2.712154865E0,-1.538849473E0,1.259897709E0
5.166203125E1,-3.018316746E0,-1.372680187E0,1.158871412E0
5.167205825E1,-3.212559700E0,-1.294321418E0,1.102327466E0
5.168208525E1,-3.240625620E0,-1.247407794E0,1.076341748E0
5.169211225E1,-3.105901957E0,-1.203393221E0,1.018961191E0
5.170213925E1,-2.839866877E0,-1.131489396E0,8.859439492E-1
5.171216625E1,-2.497448206E0,-1.028672814E0,7.032034397E-1
5.172219325E1,-2.115267992E0,-9.065541029E-1,4.935602248E-1
5.173222025E1,-1.732427359E0,-7.804811001E-1,2.821654379E-1
5.174224725E1,-1.386242032E0,-6.790168285E-1,7.798713446E-2
5.175227425E1,-1.106155753E0,-5.787578821E-1,-1.298539490E-1
5.176230125E1,-8.787697554E-1,-4.546797276E-1,-3.595268726E-1
5.177232725E1,-7.086480856E-1,-3.184247017E-1,-5.928592086E-1
5.178235425E1,-5.688844323E-1,-1.799173057E-1,-8.221411109E-1
5.179238125E1,-4.207533002E-1,-3.037655354E-2,-1.031209946E0
5.180240825E1,-2.316909730E-1,1.381317526E-1,-1.212092876E0
5.181243525E1,-3.236536309E-2,3.563690186E-1,-1.364241958E0
5.182246225E1,1.433324516E-1,6.053079963E-1,-1.495824695E0
5.183248925E1,2.731809914E-1,9.151209593E-1,-1.661851048E0
5.184251625E1,3.009187281E-1,1.248764515E0,-1.836970448E0
5.185254325E1,2.495514154E-1,1.561968446E0,-1.984735727E0
5.186257025E1,1.835463047E-1,1.853238702E0,-2.094053745E0
5.187259725E1,1.723059118E-1,2.113761902E0,-2.224362373E0
5.188262425E1,2.839117944E-1,2.303849936E0,-2.366816521E0
5.189265125E1,5.890112519E-1,2.372766018E0,-2.462668657E0
5.190267825E1,1.072733045E0,2.283707857E0,-2.493434906E0
5.191270525E1,1.729302645E0,2.179145098E0,-2.563042879E0
5.192273225E1,2.474172831E0,2.046832800E0,-2.632522345E0
5.193275925E1,3.113368273E0,1.899023056E0,-2.646344662E0
5.194278625E1,3.456687689E0,1.748178244E0,-2.557871342E0
5.195281325E1,3.459989786E0,1.569867134E0,-2.335930586E0
5.196283925E1,3.141876221E0,1.413219333E0,-2.028705597E0
5.197286625E1,2.576398134E0,1.382464051E0,-1.728082895E0
5.198289325E1,1.868553042E0,1.553756595E0,-1.557914853E0
5.199292025E1,1.167189360E0,1.838646650E0,-1.527857900E0
5.200294725E1,6.139718890E-1,2.088488817E0,-1.514927387E0
5.201297425E1,3.003976941E-1,2.201537132E0,-1.420822978E0
5.202300125E1,2.451508194E-1,2.203624010E0,-1.191995502E0
5.203302825E1,4.183697402E-1,2.133851290E0,-8.956292868E-1
5.204305525E1,7.425203323E-1,2.061277866E0,-5.940167904E-1
5.205308225E1,1.122000933E0,2.006252527E0,-3.076782525E-1
5.206310925E1,1.478640914E0,1.951951504E0,-7.857412845E-2
5.207313625E1,1.764909148E0,1.845993638E0,2.898615412E-2
5.208316325E1,1.948611736E0,1.667192340E0,-1.944514737E-2
5.209319025E1,1.993302464E0,1.438732266E0,-1.916568577E-1
5.210321725E1,1.889368296E0,1.211425900E0,-4.018893242E-1
5.211324425E1,1.665266037E0,1.025284767E0,-5.645219088E-1
5.212327125E1,1.355330825E0,8.619759679E-1,-6.309825182E-1
5.213329825E1,1.005998373E0,7.224084735E-1,-5.734369159E-1
5.214332525E1,6.661493182E-1,5.215902925E-1,-3.740166128E-1
5.215335225E1,4.077409506E-1,2.421208322E-1,7.622072473E-3
5.216337825E1,2.260570377E-1,-9.520719945E-2,5.586615801E-1
5.217340525E1,5.718865246E-2,-4.254871011E-1,1.214279413E0
5.218343225E1,-1.565086097E-1,-6.283013821E-1,1.819197655E0
5.219345925E1,-4.481082261E-1,-7.210505009E-1,2.258284330E0
5.220348625E1,-8.345570564E-1,-7.787362337E-1,2.452598333E0
5.221351325E1,-1.312861085E0,-8.947217464E-1,2.401108265E0
5.222354025E1,-1.873261571E0,-1.133772016E0,2.310302258E0
5.223356725E1,-2.418006897E0,-1.613707423E0,2.596801758E0
5.224359425E1,-2.791554689E0,-2.195836782E0,3.269195318E0
5.225362125E1,-2.958677053E0,-2.524856806E0,3.956324100E0
5.226364825E1,-2.998643875E0,-2.465441465E0,4.418608189E0
5.227367525E1,-2.930643797E0,-2.174890995E0,4.445339203E0
5.228370225E1,-2.781531572E0,-1.913979650E0,3.928662062E0
5.229372925E1,-2.619145870E0,-1.897439837E0,3.037112474E0
5.230375625E1,-2.415598869E0,-2.127998114E0,2.157213688E0
5.231378325E1,-2.112950325E0,-2.397578001E0,1.618283510E0
5.232381025E1,-1.776114941E0,-2.561822891E0,1.409477472E0
5.233383725E1,-1.594100714E0,-2.481197119E0,1.325119138E0
5.234386325E1,-1.679947257E0,-2.175586462E0,1.189113617E0
5.235389025E1,-1.995497227E0,-1.798628569E0,9.974153638E-1
5.236391725E1,-2.404293776E0,-1.515315056E0,8.367071152E-1
5.237394425E1,-2.754841805E0,-1.323725462E0,7.400662899E-1
5.238397125E1,-2.942745686E0,-1.166162848E0,7.111801505E-1
5.239399825E1,-2.936846256E0,-1.028832674E0,6.965426207E-1
5.240402525E1,-2.746532440E0,-8.994328380E-1,6.728716493E-1
5.241405225E1,-2.389856100E0,-7.949618697E-1,6.356510520E-1
5.242407925E1,-1.895048261E0,-7.294595838E-1,5.761685967E-1
5.243410625E1,-1.342289805E0,-6.809844375E-1,4.886550605E-1
5.244413325E1,-8.066927195E-1,-6.099116206E-1,3.658875823E-1
5.245416025E1,-3.387489319E-1,-5.091349483E-1,1.521494687E-1
5.246418725E1,9.002239443E-3,-3.900339603E-1,-1.370560080E-1
5.247421425E1,2.088932544E-1,-2.977703512E-1,-4.426670372E-1
5.248424125E1,2.799973488E-1,-2.433619052E-1,-6.845332980E-1
5.249426825E1,2.963582277E-1,-2.015942186E-1,-8.182306290E-1
5.250429525E1,3.452996910E-1,-1.314221621E-1,-8.675526977E-1
5.251432125E1,4.992487729E-1,-4.913136363E-4,-8.908820152E-1
5.252434825E1,7.774891853E-1,2.423104048E-1,-8.866015077E-1
5.253437525E1,1.100696564E0,5.811057687E-1,-8.969643712E-1
5.254440246E1,1.342004538E0,9.236564040E-1,-9.362369180E-1
5.255442946E1,1.448516607E0,1.171091318E0,-9.740530252E-1
5.256445646E1,1.473220229E0,1.321394324E0,-1.040581584E0
5.257448346E1,1.501317859E0,1.438226938E0,-1.150949359E0
5.258451046E1,1.626428485E0,1.527359366E0,-1.203329802E0
5.259453746E1,1.950890422E0,1.559086680E0,-1.069595933E0
5.260456446E1,2.549408674E0,1.532160044E0,-7.954646349E-1
5.261459146E1,3.429214716E0,1.557967067E0,-6.774306297E-1
5.262461846E1,4.429062843E0,1.576552510E0,-9.433837533E-1
5.263464546E1,5.200946331E0,1.282433271E0,-1.450187922E0
5.264467246E1,5.483555794E0,7.727815509E-1,-1.968557000E0
5.265469946E1,5.204417229E0,4.248254299E-1,-2.247048378E0
5.266472646E1,4.487576485E0,4.192721844E-1,-2.260648489E0
5.267475346E1,3.594963074E0,6.679858565E-1,-2.119660854E0
5.268477946E1,2.665596485E0,1.002177835E0,-1.990947127E0
5.269480646E1,1.781304717E0,1.336924672E0,-1.973187327E0
5.270483346E1,1.044586897E0,1.576656461E0,-2.009011507E0
5.271486046E1,5.209452510E-1,1.708741426E0,-2.017991304E0
5.272488746E1,2.424518615E-1,1.724050164E0,-1.940126419E0
5.273491446E1,2.262515724E-1,1.716225743E0,-1.799767256E0
5.274494146E1,4.172537625E-1,1.707592249E0,-1.641401768E0
5.275496846E1,7.118366361E-1,1.672955632E0,-1.489426970E0
5.276499546E1,9.729740024E-1,1.604295850E0,-1.343403220E0
5.277502246E1,1.104751825E0,1.540303826E0,-1.195801973E0
5.278504946E1,1.099339724E0,1.472959042E0,-1.031912684E0
5.279507646E1,9.972209334E-1,1.402995348E0,-8.648590446E-1
5.280510346E1,8.386068344E-1,1.346228600E0,-7.396926880E-1
5.281513046E1,6.557393074E-1,1.301802874E0,-7.151942849E-1
5.282515746E1,4.420678020E-1,1.175918102E0,-7.942093611E-1
5.283518446E1,1.968188733E-1,9.129339457E-1,-8.370801210E-1
5.284521146E1,-3.477850929E-2,5.789282918E-1,-7.450320125E-1
5.285523746E1,-2.262818962E-1,2.193695754E-1,-4.560811818E-1
5.286526446E1,-3.815615475E-1,-7.294233888E-2,2.610329352E-2
5.287529146E1,-5.393956900E-1,-2.327636927E-1,6.248633862E-1
5.288531846E1,-7.840567827E-1,-2.015481889E-1,1.163954854E0
5.289534546E1,-1.180604935E0,-1.037385389E-1,1.573155403E0
5.290537246E1,-1.697421432E0,-3.742156550E-2,1.849587798E0
5.291539946E1,-2.223453999E0,-1.735698134E-1,2.119137764E0
5.292542646E1,-2.632888794E0,-6.059590578E-1,2.533082485E0
5.293545346E1,-2.900010347E0,-1.252946854E0,3.225064516E0
5.294548046E1,-2.955865860E0,-1.775480747E0,3.856338263E0
5.295550746E1,-2.880823612E0,-1.970532775E0,4.087036133E0
5.296553446E1,-2.808916092E0,-1.883918405E0,3.807919502E0
5.297556146E1,-2.828818560E0,-1.703261256E0,3.182554483E0
5.298558846E1,-2.899099112E0,-1.646076083E0,2.429922104E0
5.299561546E1,-2.940104723E0,-1.715625882E0,1.725887418E0
5.300564246E1,-2.820937872E0,-1.806236267E0,1.319236875E0
5.301566946E1,-2.589165211E0,-1.786513329E0,1.210961819E0
5.302569546E1,-2.420726299E0,-1.648111582E0,1.193362236E0
5.303572246E1,-2.448192835E0,-1.458113432E0,1.096519113E0
5.304574946E1,-2.650825500E0,-1.269255400E0,9.399346709E-1
5.305577646E1,-2.925871849E0,-1.140975475E0,8.227097988E-1
5.306580346E1,-3.127769470E0,-1.116317987E0,7.828724980E-1
5.307583046E1,-3.163960695E0,-1.150480747E0,7.813169360E-1
5.308585746E1,-3.001732111E0,-1.209485769E0,7.781845927E-1
5.309588446E1,-2.663328171E0,-1.247430801E0,7.324320078E-1
5.310591146E1,-2.184709311E0,-1.238220692E0,6.558901072E-1
5.311593846E1,-1.638074160E0,-1.165208459E0,5.590586662E-1
5.312596546E1,-1.126620412E0,-1.041763902E0,4.216451645E-1
5.313599246E1,-7.261178493E-1,-8.924993873E-1,2.058508247E-1
5.314601946E1,-4.832215905E-1,-7.534430623E-1,-5.731679127E-2
5.315604646E1,-3.657746017E-1,-6.342543960E-1,-3.243303895E-1
5.316607346E1,-3.054667413E-1,-4.931279123E-1,-5.603176355E-1
5.317609946E1,-2.751186788E-1,-2.924843132E-1,-7.747058272E-1
5.318612646E1,-2.558768094E-1,-3.620447591E-2,-9.352216125E-1
5.319615346E1,-2.121024132E-1,2.593952119E-1,-1.019072890E0
5.320618046E1,-1.015763134E-1,5.541024208E-1,-1.010253072E0
5.321620746E1,7.045856863E-2,8.408558965E-1,-9.689463377E-1
5.322623446E1,3.001368940E-1,1.105071545E0,-9.275270700E-1
5.323626146E1,5.559782386E-1,1.341387987E0,-9.230667949E-1
5.324628846E1,7.782735229E-1,1.598307967E0,-1.093623519E0
5.325631546E1,9.255377650E-1,1.825262547E0,-1.385522842E0
5.326634246E1,9.579827189E-1,1.988769054E0,-1.719380975E0
5.327636946E1,9.062183499E-1,2.126616955E0,-2.028664589E0
5.328639646E1,8.984917998E-1,2.195348740E0,-2.235714912E0
5.329642346E1,1.118447661E0,2.085222721E0,-2.233337641E0
5.330645046E1,1.656378269E0,1.881120324E0,-2.030614376E0
5.331647746E1,2.462063789E0,1.811026454E0,-1.751631260E0
5.332650346E1,3.322243690E0,1.734459877E0,-1.610787392E0
5.333653046E1,3.945935488E0,1.594789624E0,-1.650812507E0
5.334655746E1,4.154352665E0,1.269805193E0,-1.711840630E0
5.335658446E1,3.939108372E0,9.128522873E-1,-1.747062445E0
5.336661146E1,3.337432623E0,7.092282772E-1,-1.765940189E0
5.337663846E1,2.455826759E0,8.407777548E-1,-1.760764360E0
5.338666546E1,1.496618629E0,1.333388686E0,-1.777054787E0
5.339669246E1,6.936981082E-1,1.916449785E0,-1.777789712E0
5.340671946E1,1.676732600E-1,2.337215185E0,-1.703971505E0
5.341674646E1,-4.286587983E-2,2.445849419E0,-1.508128762E0
5.342677346E1,5.550662428E-2,2.310117960E0,-1.213886261E0
5.343680046E1,4.348715246E-1,2.017564058E0,-9.079649448E-1
5.344682746E1,1.009256482E0,1.701356173E0,-6.499148607E-1
5.345685446E1,1.624755025E0,1.496848345E0,-5.028950572E-1
5.346688146E1,2.146768808E0,1.397584677E0,-4.659311771E-1
5.347690846E1,2.462357044E0,1.332682848E0,-4.841663837E-1
5.348693446E1,2.555004597E0,1.287799358E0,-5.220904946E-1
5.349696146E1,2.454574585E0,1.254790545E0,-5.977857709E-1
5.350698846E1,2.185266018E0,1.234122753E0,-6.999667287E-1
5.351701546E1,1.805782080E0,1.163949609E0,-7.828978300E-1
5.352704246E1,1.379356861E0,1.000372291E0,-8.197990656E-1
5.353706946E1,9.591737986E-1,7.772955894E-1,-7.663880587E-1
5.354709621E1,5.935975313E-1,5.022445917E-1,-5.467942357E-1
5.355712321E1,3.360296488E-1,2.042392939E-1,-1.186312139E-1
5.356715021E1,1.553972960E-1,-1.177332327E-1,4.945238233E-1
5.357717721E1,-6.042048335E-2,-3.622441888E-1,1.167051673E0
5.358720421E1,-4.019697011E-1,-5.108419061E-1,1.759351611E0
5.359723121E1,-8.814007640E-1,-5.112792253E-1,2.107643127E0
5.360725821E1,-1.460955977E0,-4.624838829E-1,2.186626911E0
5.361728521E1,-2.076773643E0,-6.420832276E-1,2.158041716E0
5.362731221E1,-2.621613264E0,-1.165323973E0,2.204675436E0
5.363733921E1,-3.020590782E0,-1.898882389E0,2.549218416E0
5.364736521E1,-3.188587666E0,-2.446373224E0,3.104678631E0
5.365739221E1,-3.156864643E0,-2.608815193E0,3.564255953E0
5.366741921E1,-2.998765707E0,-2.438223600E0,3.678076744E0
5.367744621E1,-2.801533222E0,-2.174351931E0,3.368133783E0
5.368747321E1,-2.634113550E0,-2.018613815E0,2.785396338E0
5.369750021E1,-2.499973059E0,-2.032975435E0,2.127653837E0
5.370752721E1,-2.331315041E0,-2.091424465E0,1.611368656E0
5.371755421E1,-2.131798744E0,-2.120006084E0,1.317421436E0
5.372758121E1,-2.020494461E0,-2.048442841E0,1.151820660E0
5.373760821E1,-2.084702015E0,-1.910071492E0,1.032797575E0
5.374763521E1,-2.300456285E0,-1.754810452E0,9.510937929E-1
5.375766221E1,-2.560474396E0,-1.653249741E0,9.012213349E-1
5.376768921E1,-2.735240698E0,-1.571653605E0,8.784258366E-1
5.377771621E1,-2.764532566E0,-1.502932906E0,8.833692074E-1
5.378774221E1,-2.614574671E0,-1.469528079E0,8.958435059E-1
5.379776921E1,-2.272473097E0,-1.458046913E0,8.711695671E-1
5.380779621E1,-1.776575327E0,-1.429585457E0,7.793604732E-1
5.381782321E1,-1.223816991E0,-1.363681316E0,6.016024351E-1
5.382785021E1,-7.289241552E-1,-1.275866985E0,3.588836491E-1
5.383787721E1,-3.582706749E-1,-1.156595469E0,1.038284674E-1
5.384790421E1,-1.398791075E-1,-1.018609166E0,-1.220942587E-1
5.385793121E1,-5.898798257E-2,-8.331713676E-1,-3.125653863E-1
5.386795821E1,-9.372320026E-2,-5.786025524E-1,-4.904928207E-1
5.387798521E1,-2.048800737E-1,-2.473953515E-1,-6.798395514E-1
5.388801221E1,-3.288411796E-1,1.320311576E-1,-8.754638433E-1
5.389803921E1,-3.859510720E-1,4.479425251E-1,-1.022353649E0
5.390806621E1,-2.874712050E-1,6.973695755E-1,-1.089771152E0
5.391809321E1,-5.492719263E-2,9.739694595E-1,-1.124156356E0
5.392812021E1,2.245482355E-1,1.310676455E0,-1.122660756E0
5.393814721E1,4.735716283E-1,1.644961238E0,-1.126730084E0
5.394817321E1,6.844242811E-1,1.915257812E0,-1.229039192E0
5.395820021E1,8.659735322E-1,2.116106749E0,-1.469872355E0
5.396822721E1,1.016532183E0,2.213566065E0,-1.808812141E0
5.397825421E1,1.128261805E0,2.216081142E0,-2.095016241E0
5.398828121E1,1.234825253E0,2.212832451E0,-2.219264507E0
5.399830821E1,1.439111233E0,2.237737894E0,-2.060452223E0
5.400833521E1,1.850179315E0,2.340880871E0,-1.631737590E0
5.401836221E1,2.432388306E0,2.486415863E0,-1.137239456E0
5.402838921E1,3.016718864E0,2.537435770E0,-7.665123343E-1
5.403841621E1,3.444313765E0,2.374507427E0,-6.847661138E-1
5.404844321E1,3.605665445E0,2.040894508E0,-8.474688530E-1
5.405847021E1,3.480545521E0,1.675726295E0,-9.981728792E-1
5.406849721E1,3.135735273E0,1.386454225E0,-1.012553573E0
5.407852421E1,2.626190901E0,1.351519942E0,-9.801716208E-1
5.408855121E1,2.007391453E0,1.587328434E0,-9.836895466E-1
5.409857721E1,1.376624942E0,1.962760687E0,-1.031203747E0
5.410860421E1,8.421252966E-1,2.255967379E0,-1.057320595E0
5.411863121E1,4.865941107E-1,2.370132208E0,-9.868506193E-1
5.412865821E1,3.631950617E-1,2.310872793E0,-8.158873320E-1
5.413868521E1,4.641070366E-1,2.165505648E0,-6.160780787E-1
5.414871221E1,7.515434623E-1,1.993724942E0,-4.468551576E-1
5.415873921E1,1.149182916E0,1.813663721E0,-3.505249023E-1
5.416876621E1,1.559842229E0,1.613807440E0,-3.071822822E-1
5.417879321E1,1.897666812E0,1.395511866E0,-3.162178695E-1
5.418882021E1,2.103795528E0,1.174397707E0,-3.671714664E-1
5.419884721E1,2.144311666E0,9.456868172E-1,-4.677185714E-1
5.420887421E1,1.999820232E0,7.477622032E-1,-6.385880709E-1
5.421890121E1,1.681490421E0,5.969913602E-1,-8.150253892E-1
5.422892821E1,1.242138743E0,4.248965681E-1,-8.668946624E-1
5.423895521E1,7.448275685E-1,2.074308544E-1,-7.333827019E-1
5.424898221E1,2.360083610E-1,-6.739769876E-2,-3.935358822E-1
5.425900821E1,-2.211304158E-1,-3.953358829E-1,1.697184294E-1
5.426903521E1,-6.151365638E-1,-7.011290193E-1,8.113262057E-1
5.427906221E1,-9.889554381E-1,-8.934393525E-1,1.406259894E0
5.428908921E1,-1.371183753E0,-9.589003325E-1,1.842571020E0
5.429911621E1,-1.757487059E0,-9.026303887E-1,2.071372986E0
5.430914321E1,-2.160322428E0,-8.484532833E-1,2.236291170E0
5.431917021E1,-2.542999983E0,-1.004207969E0,2.487988949E0
5.432919721E1,-2.931913853E0,-1.433887243E0,2.985506773E0
5.433922421E1,-3.311067104E0,-1.884934545E0,3.591307878E0
5.434925121E1,-3.570741177E0,-2.087691784E0,3.884762764E0
5.435927821E1,-3.667094231E0,-1.992429376E0,3.631269932E0
5.436930521E1,-3.605461836E0,-1.785226583E0,3.035347700E0
5.437933221E1,-3.440184116E0,-1.667179823E0,2.293311357E0
5.438935921E1,-3.230314016E0,-1.769555688E0,1.496708989E0
5.439938621E1,-2.961157560E0,-1.965202451E0,8.063275218E-1
5.440941321E1,-2.639557838E0,-2.118262529E0,3.804497719E-1
5.441943921E1,-2.372826338E0,-2.165612698E0,1.577354819E-1
5.442946621E1,-2.252352715E0,-2.089232206E0,4.110583290E-2
5.443949321E1,-2.308045387E0,-1.956202626E0,-6.295292079E-2
5.444952021E1,-2.479076862E0,-1.862656593E0,-2.002399862E-1
5.445954721E1,-2.650820971E0,-1.841372132E0,-3.371866643E-1
5.446957421E1,-2.717667580E0,-1.879594088E0,-4.228491485E-1
5.447960121E1,-2.581848383E0,-2.000801563E0,-4.671928883E-1
5.448962821E1,-2.212308645E0,-2.161111355E0,-4.891057611E-1
5.449965521E1,-1.660673380E0,-2.266958714E0,-4.715158641E-1
5.450968221E1,-1.020433187E0,-2.286641836E0,-4.058665633E-1
5.451970921E1,-4.121935964E-1,-2.215401888E0,-3.213953674E-1
5.452973621E1,6.347697228E-2,-2.061394453E0,-2.351550609E-1
5.453976321E1,3.433597684E-1,-1.821929097E0,-1.770099998E-1
5.454979033E1,4.303830564E-1,-1.516644120E0,-1.974574327E-1
5.455981733E1,3.659204543E-1,-1.210473776E0,-3.385452926E-1
5.456984333E1,1.991788447E-1,-9.399403930E-1,-5.727647543E-1
5.457987033E1,-2.879359573E-2,-6.877012253E-1,-8.017875552E-1
5.458989733E1,-2.571491301E-1,-3.937946558E-1,-9.558522701E-1
5.459992433E1,-4.365183711E-1,-5.081651732E-2,-9.958345294E-1
5.460995133E1,-5.210480690E-1,3.209394813E-1,-9.586018920E-1
5.461997833E1,-4.658252299E-1,6.953458190E-1,-9.192052484E-1
5.463000533E1,-3.366310596E-1,1.100174189E0,-9.163456559E-1
5.464003233E1,-1.525080949E-1,1.488020778E0,-1.057728767E0
5.465005933E1,5.464553833E-2,1.789014459E0,-1.431131363E0
5.466008633E1,2.648871839E-1,1.978598833E0,-1.925700307E0
5.467011333E1,4.784428477E-1,2.070321321E0,-2.333045483E0
5.468014033E1,7.460066676E-1,2.084678173E0,-2.550829411E0
5.469016733E1,1.146040559E0,1.992935300E0,-2.527124882E0
5.470019433E1,1.730171442E0,1.948893070E0,-2.344817162E0
5.471022133E1,2.397875786E0,2.050732851E0,-2.240928650E0
5.472024833E1,2.939370871E0,2.159827948E0,-2.267495871E0
5.473027433E1,3.212758303E0,2.092312574E0,-2.273410559E0
5.474030133E1,3.233771563E0,1.922355294E0,-2.163061142E0
5.475032833E1,3.058570385E0,1.800346255E0,-1.950760245E0
5.476035533E1,2.732140064E0,1.750483632E0,-1.669523478E0
5.477038233E1,2.294746161E0,1.785244346E0,-1.437219024E0
5.478040933E1,1.830917954E0,1.909226179E0,-1.376040101E0
5.479043633E1,1.416513681E0,2.058310032E0,-1.409764171E0
5.480046333E1,1.126673818E0,2.133616924E0,-1.343542576E0
5.481049033E1,9.876993299E-1,2.078236103E0,-1.120645165E0
5.482051733E1,1.020097971E0,1.964312315E0,-7.975590229E-1
5.483054433E1,1.196251988E0,1.869687796E0,-4.673534036E-1
5.484057133E1,1.453500867E0,1.816364408E0,-2.037851363E-1
5.485059833E1,1.712185264E0,1.765839934E0,-1.986597292E-2
5.486062533E1,1.901767969E0,1.682853818E0,1.201081723E-1
5.487065233E1,2.003745317E0,1.577261686E0,2.419272661E-1
5.488067833E1,1.995729923E0,1.471396327E0,3.424874246E-1
5.489070533E1,1.889107585E0,1.363027811E0,4.176003933E-1
5.490073233E1,1.690870762E0,1.267438650E0,4.547919929E-1
5.491075933E1,1.395306110E0,1.212198257E0,4.637290537E-1
5.492078633E1,1.013312340E0,1.093352079E0,4.685653448E-1
5.493081333E1,6.164327860E-1,9.211835265E-1,5.241692066E-1
5.494084033E1,2.672250271E-1,6.923926473E-1,6.988257170E-1
5.495086733E1,-4.806363024E-3,3.962894082E-1,1.019265532E0
5.496089433E1,-2.353197336E-1,9.235853702E-2,1.410629034E0
5.497092133E1,-4.943718016E-1,-1.355681270E-1,1.792757630E0
5.498094833E1,-8.562107086E-1,-2.150805295E-1,2.130081892E0
5.499097533E1,-1.354224205E0,-2.100361586E-1,2.405709505E0
5.500100233E1,-1.919091344E0,-2.801156342E-1,2.516016722E0
5.501102933E1,-2.507818460E0,-4.609145522E-1,2.429432631E0
5.502105533E1,-3.087326050E0,-8.596659899E-1,2.417662621E0
5.503108233E1,-3.562218904E0,-1.442150593E0,2.700372458E0
5.504110933E1,-3.795571327E0,-1.994273901E0,3.140338659E0
5.505113633E1,-3.786444902E0,-2.373628378E0,3.466829062E0
5.506116333E1,-3.608405352E0,-2.474367380E0,3.464572906E0
5.507119033E1,-3.386994600E0,-2.327246904E0,3.115635633E0
5.508121733E1,-3.214036703E0,-2.146411896E0,2.562896252E0
5.509124433E1,-3.073843002E0,-2.134815216E0,1.951779485E0
5.510127133E1,-2.852545500E0,-2.279265881E0,1.440786004E0
5.511129833E1,-2.466040611E0,-2.453017950E0,1.153796196E0
5.512132533E1,-2.016914845E0,-2.514461756E0,1.076748013E0
5.513135233E1,-1.654987812E0,-2.434986115E0,1.051883340E0
5.514137933E1,-1.478769898E0,-2.274175644E0,9.537758231E-1
5.515140633E1,-1.504170179E0,-2.112934351E0,7.930417061E-1
5.516143333E1,-1.692105770E0,-1.995714068E0,6.462349892E-1
5.517145933E1,-1.913294077E0,-1.903602719E0,5.574073195E-1
5.518148633E1,-2.038722277E0,-1.749549747E0,5.192905664E-1
5.519151333E1,-2.039606333E0,-1.526353478E0,5.110358596E-1
5.520154033E1,-1.923055768E0,-1.291653037E0,5.116993785E-1
5.521156733E1,-1.685088873E0,-1.066594243E0,4.957804382E-1
5.522159433E1,-1.315045595E0,-8.576929569E-1,4.526465535E-1
5.523162133E1,-8.489980102E-1,-6.571339369E-1,3.359330595E-1
5.524164833E1,-3.703568876E-1,-4.768339396E-1,1.395691633E-1
5.525167533E1,4.900403693E-2,-3.421044648E-1,-1.328354925E-1
5.526170233E1,3.497292697E-1,-2.289677709E-1,-4.295329154E-1
5.527172933E1,5.059564114E-1,-8.530914038E-2,-7.009122968E-1
5.528175633E1,5.458657146E-1,9.641352296E-2,-9.317023158E-1
5.529178333E1,5.298100710E-1,2.906556427E-1,-1.123733997E0
5.530180933E1,5.010804534E-1,4.948255420E-1,-1.245878220E0
5.531183633E1,4.971278906E-1,6.892442107E-1,-1.277730942E0
5.532186333E1,5.527045727E-1,9.317335486E-1,-1.267375588E0
5.533189033E1,6.392831206E-1,1.271627426E0,-1.284202218E0
5.534191733E1,7.112209797E-1,1.661098480E0,-1.390642881E0
5.535194433E1,8.067895770E-1,1.951919436E0,-1.604572654E0
5.536197133E1,9.431176186E-1,2.134539366E0,-1.857559562E0
5.537199833E1,1.074839473E0,2.250074148E0,-2.099422455E0
5.538202533E1,1.233296037E0,2.301442385E0,-2.277980328E0
5.539205233E1,1.535106301E0,2.306012630E0,-2.325799704E0
5.540207933E1,2.063046694E0,2.342851639E0,-2.248362303E0
5.541210633E1,2.747186184E0,2.400325537E0,-2.162559271E0
5.542213333E1,3.428735018E0,2.356938839E0,-2.187214613E0
5.543216033E1,3.896819115E0,2.161423445E0,-2.349781752E0
5.544218633E1,3.968600988E0,1.800759554E0,-2.545821428E0
5.545221333E1,3.636245489E0,1.453378797E0,-2.722390890E0
5.546224033E1,2.990473032E0,1.289452434E0,-2.819225073E0
5.547226733E1,2.162454128E0,1.371848702E0,-2.801517010E0
5.548229433E1,1.317529440E0,1.668903828E0,-2.721147776E0
5.549232133E1,5.677528977E-1,2.017200470E0,-2.623762846E0
5.550234833E1,3.696763515E-2,2.239519119E0,-2.511209011E0
5.551237533E1,-2.423011959E-1,2.328171253E0,-2.323369980E0
5.552240233E1,-2.798501551E-1,2.273975611E0,-2.063712597E0
5.553242933E1,-9.455017000E-2,2.142838001E0,-1.793835759E0
5.554245633E1,2.543742657E-1,2.004277468E0,-1.539177656E0
5.555248337E1,6.683083177E-1,1.882697940E0,-1.317996144E0
5.556251037E1,1.018608809E0,1.781260729E0,-1.134794116E0
5.557253637E1,1.234342337E0,1.700445652E0,-9.773203135E-1
5.558256337E1,1.287209511E0,1.660924077E0,-8.214609623E-1
5.559259038E1,1.208926797E0,1.695487142E0,-6.811625361E-1
5.560261737E1,1.022776604E0,1.752027869E0,-6.063231826E-1
5.561264437E1,7.640442252E-1,1.748238444E0,-6.133952737E-1
5.562267137E1,5.069447756E-1,1.623011708E0,-6.817955971E-1
5.563269838E1,3.064301014E-1,1.378498197E0,-7.538740635E-1
5.564272538E1,1.867002398E-1,9.848054647E-1,-7.523379922E-1
5.565275237E1,1.161343381E-1,4.712513089E-1,-5.796622634E-1
5.566277937E1,7.124729455E-2,-9.976477921E-2,-2.243699431E-1
5.567280637E1,1.378776226E-2,-6.529402137E-1,2.838469744E-1
5.568283338E1,-9.434030205E-2,-1.095173478E0,8.493353724E-1
5.569286037E1,-2.875849009E-1,-1.333400011E0,1.334173203E0
5.570288737E1,-5.856125951E-1,-1.331590414E0,1.642710209E0
5.571291337E1,-1.010575652E0,-1.172454119E0,1.747372150E0
5.572294037E1,-1.552784801E0,-1.128540158E0,1.783933401E0
5.573296737E1,-2.098828793E0,-1.409060001E0,1.884073973E0
5.574299438E1,-2.519477844E0,-2.055036783E0,2.330828428E0
5.575302137E1,-2.772707701E0,-2.866038322E0,3.298253775E0
5.576304837E1,-2.849328279E0,-3.436978579E0,4.397778988E0
5.577307537E1,-2.794004440E0,-3.464646339E0,5.133098602E0
5.578310238E1,-2.640949011E0,-3.028184175E0,5.215791702E0
5.579312938E1,-2.406235933E0,-2.459643602E0,4.596468925E0
5.580315637E1,-2.149070740E0,-2.143068790E0,3.473920107E0
5.581318337E1,-1.903926849E0,-2.225583076E0,2.303629637E0
5.582321037E1,-1.659531474E0,-2.466670990E0,1.598099589E0
5.583323738E1,-1.415903807E0,-2.660128593E0,1.476952910E0
5.584326337E1,-1.211043596E0,-2.706477404E0,1.603682637E0
5.585329038E1,-1.091548562E0,-2.608540535E0,1.667278767E0
5.586331737E1,-1.134208679E0,-2.378464699E0,1.564874887E0
5.587334437E1,-1.387464881E0,-2.096292019E0,1.400706410E0
5.588337137E1,-1.784867644E0,-1.834329605E0,1.292089701E0
5.589339838E1,-2.173576355E0,-1.619907141E0,1.227842569E0
5.590342537E1,-2.427114487E0,-1.465067387E0,1.177096844E0
5.591345237E1,-2.527970076E0,-1.377936602E0,1.075546026E0
5.592347937E1,-2.475797415E0,-1.330768347E0,9.215097427E-1
5.593350638E1,-2.300006390E0,-1.324389338E0,7.394101620E-1
5.594353338E1,-2.023643255E0,-1.276237488E0,5.462521315E-1
5.595356037E1,-1.684668660E0,-1.166490197E0,3.671090305E-1
5.596358638E1,-1.335336685E0,-9.982014298E-1,1.901449114E-1
5.597361337E1,-1.016056776E0,-7.955134511E-1,-1.333594136E-2
5.598364037E1,-7.391775250E-1,-5.735411048E-1,-2.393347174E-1
5.599366737E1,-4.841124713E-1,-3.203275800E-1,-4.816648960E-1
5.600369438E1,-2.514592409E-1,-5.439176783E-2,-7.331138849E-1
5.601372137E1,-3.301010653E-2,2.115544528E-1,-9.661780000E-1
5.602374837E1,1.957572997E-1,5.236614943E-1,-1.144317389E0
5.603377537E1,4.318562448E-1,8.091626763E-1,-1.231628895E0
5.604380238E1,6.307610869E-1,1.095867634E0,-1.212997913E0
5.605382937E1,7.343757749E-1,1.421009660E0,-1.106832981E0
5.606385637E1,7.162220478E-1,1.778947115E0,-9.849910736E-1
5.607388337E1,6.157053113E-1,2.155306339E0,-8.815339208E-1
5.608391038E1,5.423112512E-1,2.441032648E0,-8.298430443E-1
5.609393637E1,6.546422839E-1,2.506776333E0,-8.483985066E-1
5.610396338E1,1.022609949E0,2.339956284E0,-7.870759964E-1
5.611399038E1,1.680904984E0,2.002598286E0,-6.981549263E-1
5.612401737E1,2.649025440E0,1.711850762E0,-8.870718479E-1
5.613404437E1,3.817544460E0,1.691615820E0,-1.480811477E0
5.614407137E1,4.871833801E0,1.664098501E0,-2.213979959E0
5.615409838E1,5.478136063E0,1.386547089E0,-2.775532007E0
5.616412537E1,5.554171085E0,1.014626980E0,-3.045823097E0
5.617415237E1,5.131408215E0,7.119733095E-1,-2.994641066E0
5.618417937E1,4.303445339E0,5.998312831E-1,-2.781150579E0
5.619420638E1,3.212673903E0,7.265126109E-1,-2.594518661E0
5.620423237E1,2.054061890E0,1.091775298E0,-2.491436243E0
5.621425938E1,1.022691727E0,1.564737916E0,-2.394879580E0
5.622428637E1,2.151802629E-1,2.020043373E0,-2.218089104E0
5.623431337E1,-3.294788003E-1,2.322175264E0,-1.952748775E0
5.624434037E1,-5.635983348E-1,2.482361317E0,-1.636182547E0
5.625436738E1,-4.633084834E-1,2.509296179E0,-1.303696990E0
5.626439438E1,-7.871817797E-2,2.395255804E0,-9.647951126E-1
5.627442137E1,4.924656451E-1,2.179613590E0,-6.215843558E-1
5.628444837E1,1.124285460E0,1.975393414E0,-3.098821342E-1
5.629447537E1,1.695466280E0,1.817783117E0,-8.087841421E-2
5.630450238E1,2.106473684E0,1.675960302E0,3.616325557E-2
5.631452937E1,2.327016115E0,1.552587152E0,3.757106140E-2
5.632455538E1,2.349774837E0,1.432479143E0,-5.335325375E-2
5.633458237E1,2.166740417E0,1.304728627E0,-1.785454452E-1
5.634460937E1,1.805427074E0,1.158154368E0,-2.946451604E-1
5.635463637E1,1.324754953E0,9.974093437E-1,-2.871330380E-1
5.636466338E1,8.165272474E-1,8.200138211E-1,-8.605369925E-2
5.637469037E1,3.386996984E-1,6.367335916E-1,3.251682520E-1
5.638471737E1,-6.663981080E-2,4.790310264E-1,8.757557869E-1
5.639474437E1,-4.421966374E-1,3.292269409E-1,1.426664233E0
5.640477138E1,-8.474775553E-1,1.721579731E-1,1.821868300E0
5.641479838E1,-1.314895988E0,4.300621152E-2,2.032890081E0
5.642482537E1,-1.823926687E0,-1.101124957E-1,2.152073383E0
5.643485237E1,-2.308385134E0,-4.020636976E-1,2.384570360E0
5.644487937E1,-2.719306469E0,-9.211494923E-1,2.978632689E0
5.645490537E1,-2.954159498E0,-1.563997984E0,3.820760250E0
5.646493237E1,-2.948089600E0,-1.998792052E0,4.421958447E0
5.647495938E1,-2.765471458E0,-2.098783731E0,4.478507996E0
5.648498637E1,-2.492915869E0,-2.023010015E0,3.966274023E0
5.649501337E1,-2.239708424E0,-1.927519560E0,3.105427742E0
5.650504037E1,-2.154842854E0,-2.017538071E0,2.230870962E0
5.651506738E1,-2.181347609E0,-2.187120914E0,1.601156592E0
5.652509437E1,-2.192517281E0,-2.277286053E0,1.291879177E0
5.653512137E1,-2.232745171E0,-2.209362984E0,1.128994823E0
5.654514837E1,-2.426011562E0,-1.998813629E0,9.771190286E-1
5.655517583E1,-2.825267792E0,-1.754885435E0,8.236604929E-1
5.656520183E1,-3.340250015E0,-1.618709564E0,7.158097029E-1
5.657522883E1,-3.784093618E0,-1.594572186E0,7.036521435E-1
5.658525583E1,-4.031850338E0,-1.633636236E0,7.895777225E-1
5.659528283E1,-4.022009850E0,-1.703159928E0,9.244918823E-1
5.660530983E1,-3.754068851E0,-1.767886162E0,1.015330553E0
5.661533683E1,-3.271345854E0,-1.768169999E0,1.009100199E0
5.662536383E1,-2.623511553E0,-1.770624161E0,8.830783367E-1
5.663539083E1,-1.902050138E0,-1.753537774E0,6.717804670E-1
5.664541783E1,-1.220925689E0,-1.677422047E0,4.191934764E-1
5.665544483E1,-6.986092925E-1,-1.581126928E0,1.365296543E-1
5.666547183E1,-3.943178356E-1,-1.502076626E0,-1.144168302E-1
5.667549883E1,-2.736293674E-1,-1.369460583E0,-3.313074112E-1
5.668552483E1,-3.004617691E-1,-1.123150945E0,-5.073311925E-1
5.669555183E1,-4.137057662E-1,-7.619412541E-1,-6.434886456E-1
5.670557883E1,-5.451481938E-1,-3.641704917E-1,-7.394351363E-1
5.671560583E1,-6.271724701E-1,-1.214509364E-3,-7.952786088E-1
5.672563283E1,-6.138768792E-1,2.584937811E-1,-8.163173199E-1
5.673565983E1,-4.946098924E-1,4.523842037E-1,-8.086255193E-1
5.674568683E1,-2.975812554E-1,6.729573011E-1,-7.979792356E-1
5.675571383E1,-5.719208345E-2,9.653701782E-1,-8.371473551E-1
5.676574083E1,1.762172133E-1,1.293494582E0,-8.825180531E-1
5.677576783E1,3.735870719E-1,1.550935984E0,-9.151670933E-1
5.678579483E1,5.881238580E-1,1.710896611E0,-9.715171456E-1
5.679582083E1,8.917797804E-1,1.750463724E0,-9.893125296E-1
5.680584783E1,1.314323902E0,1.713423371E0,-9.359507561E-1
5.681587483E1,1.883784056E0,1.734079719E0,-9.228578806E-1
5.682590183E1,2.521802425E0,1.974403620E0,-1.135036230E0
5.683592883E1,3.111024380E0,2.341405630E0,-1.658033848E0
5.684595583E1,3.440253258E0,2.442463636E0,-2.253674984E0
5.685598283E1,3.402081728E0,2.358917475E0,-2.630798340E0
5.686600983E1,3.028428078E0,2.257281780E0,-2.621130705E0
5.687603683E1,2.488100767E0,2.211470366E0,-2.216187000E0
5.688606383E1,1.952268720E0,2.270651579E0,-1.577632427E0
5.689609083E1,1.529301405E0,2.444073200E0,-8.921592236E-1
5.690611683E1,1.252242804E0,2.658973455E0,-3.061050773E-1
5.691614383E1,1.152825713E0,2.769041777E0,6.869674474E-2
5.692617083E1,1.255926490E0,2.657973766E0,1.548683792E-1
5.693619783E1,1.554368973E0,2.331029654E0,-1.342601236E-2
5.694622483E1,1.978542328E0,1.869314671E0,-3.061401844E-1
5.695625183E1,2.409452200E0,1.377552986E0,-5.916818380E-1
5.696627883E1,2.774549007E0,9.447075129E-1,-7.893949151E-1
5.697630583E1,3.011351824E0,6.404303312E-1,-8.863782883E-1
5.698633283E1,3.119580746E0,4.881604016E-1,-8.711442351E-1
5.699635983E1,3.085929155E0,4.920563996E-1,-7.812274694E-1
5.700638683E1,2.899401426E0,5.756889582E-1,-6.459514499E-1
5.701641383E1,2.597033024E0,6.891941428E-1,-5.232924819E-1
5.702643983E1,2.210791349E0,7.551473379E-1,-4.578221142E-1
5.703646683E1,1.749169588E0,7.280232906E-1,-4.423965216E-1
5.704649383E1,1.232091904E0,6.025154591E-1,-4.111666977E-1
5.705652083E1,6.876106858E-1,3.957797885E-1,-3.142596781E-1
5.706654783E1,1.756499261E-1,1.705043316E-1,-1.315388680E-1
5.707657483E1,-2.930901051E-1,-8.597872406E-2,1.703475416E-1
5.708660183E1,-7.135931253E-1,-3.298917711E-1,6.055501103E-1
5.709662883E1,-1.089323997E0,-4.864809513E-1,1.123396993E0
5.710665583E1,-1.407155752E0,-4.878111482E-1,1.589594364E0
5.711668283E1,-1.671639204E0,-3.608799279E-1,1.965178847E0
5.712670883E1,-1.906090856E0,-3.310410678E-1,2.272397041E0
5.713673583E1,-2.104511023E0,-6.239701509E-1,2.567592144E0
5.714676283E1,-2.274408817E0,-1.317869544E0,3.034290075E0
5.715678983E1,-2.294750214E0,-2.013194084E0,3.487411022E0
5.716681683E1,-2.144146681E0,-2.365367889E0,3.757602930E0
5.717684383E1,-1.889811039E0,-2.323759556E0,3.715652227E0
5.718687083E1,-1.652050614E0,-2.055965900E0,3.319396257E0
5.719689783E1,-1.502806664E0,-1.793942571E0,2.613884449E0
5.720692483E1,-1.493755341E0,-1.766825199E0,1.834494472E0
5.721695183E1,-1.509524822E0,-1.919835806E0,1.250574231E0
5.722697883E1,-1.489324927E0,-2.006231070E0,9.276987314E-1
5.723700483E1,-1.562260866E0,-1.957135916E0,7.324689627E-1
5.724703183E1,-1.848285675E0,-1.805327773E0,5.459014773E-1
5.725705883E1,-2.360081911E0,-1.593581676E0,3.678893149E-1
5.726708583E1,-3.006637573E0,-1.371834397E0,2.679494023E-1
5.727711283E1,-3.611828089E0,-1.210715532E0,2.414672077E-1
5.728713983E1,-4.004516125E0,-1.122114658E0,2.512295544E-1
5.729716683E1,-4.161558151E0,-1.109154940E0,2.624189854E-1
5.730719383E1,-4.078336716E0,-1.110681772E0,2.202195972E-1
5.731722083E1,-3.759703875E0,-1.102462411E0,1.076456010E-1
5.732724783E1,-3.249416590E0,-1.063004851E0,-3.250298649E-2
5.733727483E1,-2.591711521E0,-9.992673397E-1,-1.923075616E-1
5.734730083E1,-1.876196027E0,-8.993505836E-1,-3.616931140E-1
5.735732783E1,-1.209597349E0,-8.170922995E-1,-5.429543853E-1
5.736735483E1,-6.686139703E-1,-7.509074211E-1,-7.092019320E-1
5.737738183E1,-2.988069952E-1,-6.838957071E-1,-8.663682938E-1
5.738740883E1,-8.723509312E-2,-5.690172911E-1,-9.656953812E-1
5.739743583E1,1.021797024E-2,-4.079861641E-1,-1.015879989E0
5.740746283E1,4.216604680E-2,-1.665599644E-1,-1.054937959E0
5.741748983E1,3.547710180E-2,1.449749321E-1,-1.109022617E0
5.742751683E1,-8.924717084E-3,5.147947669E-1,-1.190972567E0
5.743754383E1,-7.418281585E-2,9.218105674E-1,-1.289003491E0
5.744757083E1,-1.581978202E-1,1.309012175E0,-1.365853548E0
5.745759683E1,-2.296649367E-1,1.691675663E0,-1.456959963E0
5.746762383E1,-2.275304049E-1,2.014094114E0,-1.580234408E0
5.747765083E1,-1.153435782E-1,2.254729033E0,-1.815365314E0
5.748767783E1,8.851075172E-2,2.380011559E0,-2.088710785E0
5.749770483E1,4.292455614E-1,2.358782768E0,-2.261811256E0
5.750773183E1,9.699564576E-1,2.245082378E0,-2.262082577E0
5.751775883E1,1.706818223E0,2.176640987E0,-2.140796661E0
5.752778583E1,2.533484936E0,2.197161674E0,-2.069215298E0
5.753781283E1,3.264003038E0,2.163565636E0,-2.058137417E0
5.754783958E1,3.660243511E0,1.969810128E0,-2.037837505E0
5.755786558E1,3.688531160E0,1.719327211E0,-1.936855435E0
5.756789258E1,3.392866850E0,1.493907452E0,-1.740331531E0
5.757791958E1,2.845639706E0,1.378927469E0,-1.488330245E0
5.758794658E1,2.176496506E0,1.440432429E0,-1.238351583E0
5.759797358E1,1.522781253E0,1.657129288E0,-1.040426373E0
5.760800058E1,1.016590714E0,1.908415794E0,-8.899324536E-1
5.761802758E1,7.126409411E-1,2.094962597E0,-7.405043244E-1
5.762805458E1,5.756602287E-1,2.141598463E0,-5.566162467E-1
5.763808158E1,5.803839564E-1,2.080911875E0,-3.487142622E-1
5.764810858E1,7.033418417E-1,1.968728065E0,-1.164416075E-1
5.765813458E1,8.670619726E-1,1.864725471E0,1.398081481E-1
5.766816158E1,9.995321035E-1,1.797185779E0,4.069032371E-1
5.767818858E1,1.056782961E0,1.732390165E0,6.153124571E-1
5.768821558E1,1.050724268E0,1.653976321E0,7.325309515E-1
5.769824258E1,1.027269006E0,1.590196133E0,7.703468800E-1
5.770826958E1,1.033070683E0,1.566081762E0,7.479824424E-1
5.771829658E1,1.094051003E0,1.543178558E0,6.336379051E-1
5.772832358E1,1.179557920E0,1.446836114E0,4.149052799E-1
5.773835058E1,1.255479693E0,1.294575334E0,1.612065583E-1
5.774837758E1,1.307146788E0,1.063165545E0,-5.014270172E-2
5.775840458E1,1.318213820E0,7.580240965E-1,-1.333845854E-1
5.776843058E1,1.270207405E0,4.146767259E-1,-2.968847565E-2
5.777845758E1,1.138518453E0,7.871709764E-2,2.728551328E-1
5.778848458E1,9.241177440E-1,-2.237495482E-1,7.649401426E-1
5.779851158E1,6.420913935E-1,-4.615893066E-1,1.347265720E0
5.780853858E1,3.238207698E-1,-5.483788252E-1,1.778863668E0
5.781856558E1,-3.694567457E-2,-5.767428875E-1,1.976026893E0
5.782859258E1,-4.956463873E-1,-6.974363327E-1,1.913053513E0
5.783861958E1,-1.075384498E0,-1.037728548E0,1.823972940E0
5.784864658E1,-1.724107862E0,-1.549807191E0,2.119246006E0
5.785867358E1,-2.257171392E0,-2.132016659E0,2.889245987E0
5.786869958E1,-2.468123913E0,-2.576123714E0,3.739755630E0
5.787872658E1,-2.356323004E0,-2.815384865E0,4.221255779E0
5.788875358E1,-2.023209095E0,-2.828343391E0,4.081305981E0
5.789878058E1,-1.631028414E0,-2.576398611E0,3.379130602E0
5.790880758E1,-1.344350576E0,-2.305361986E0,2.436313152E0
5.791883458E1,-1.216869593E0,-2.179478884E0,1.609626889E0
5.792886158E1,-1.219104528E0,-2.103109360E0,1.116943240E0
5.793888858E1,-1.352597237E0,-1.983429551E0,9.166451097E-1
5.794891558E1,-1.658997655E0,-1.820921540E0,8.069180846E-1
5.795894258E1,-2.126447439E0,-1.645643353E0,7.241418362E-1
5.796896858E1,-2.686242104E0,-1.496178985E0,6.767186522E-1
5.797899558E1,-3.247467756E0,-1.379337788E0,6.704952717E-1
5.798902258E1,-3.663798094E0,-1.259997725E0,6.745941639E-1
5.799904958E1,-3.882299662E0,-1.158942819E0,6.574118733E-1
5.800907658E1,-3.875966549E0,-1.091020346E0,6.115143895E-1
5.801910358E1,-3.636916637E0,-1.063353896E0,5.289834142E-1
5.802913058E1,-3.184629679E0,-1.067193627E0,4.012550116E-1
5.803915758E1,-2.551589012E0,-1.081310511E0,2.321842611E-1
5.804918458E1,-1.834093094E0,-1.084813833E0,1.756676100E-2
5.805921158E1,-1.134199739E0,-1.031352043E0,-2.187020183E-1
5.806923758E1,-5.722652674E-1,-9.254520535E-1,-4.489195049E-1
5.807926458E1,-2.001842558E-1,-8.081033230E-1,-6.551398635E-1
5.808929158E1,6.705797277E-3,-6.533371806E-1,-8.742269278E-1
5.809931858E1,6.594505161E-2,-4.592560232E-1,-1.099096298E0
5.810934558E1,3.875950724E-2,-2.123921514E-1,-1.342497468E0
5.811937258E1,-1.925710030E-2,6.378995627E-2,-1.540909171E0
5.812939958E1,-6.258327514E-2,3.369325399E-1,-1.649613023E0
5.813942658E1,-3.961814940E-2,6.285951138E-1,-1.672169566E0
5.814945358E1,5.728096887E-2,9.709399343E-1,-1.679209709E0
5.815948058E1,1.774774343E-1,1.322852969E0,-1.694454551E0
5.816950658E1,3.132443130E-1,1.619710684E0,-1.707839370E0
5.817953358E1,4.482789338E-1,1.876843333E0,-1.829779267E0
5.818956058E1,6.044749618E-1,2.053341389E0,-2.019336939E0
5.819958758E1,8.666321039E-1,2.044306993E0,-2.160475016E0
5.820961458E1,1.278164506E0,1.912949443E0,-2.250698328E0
5.821964158E1,1.791104555E0,1.830102444E0,-2.221857071E0
5.822966858E1,2.332098007E0,1.906521559E0,-2.110470057E0
5.823969558E1,2.813555956E0,1.977651238E0,-1.979501367E0
5.824972258E1,3.100580454E0,1.899407029E0,-1.858618021E0
5.825974958E1,3.124687672E0,1.706158757E0,-1.734955072E0
5.826977558E1,2.894575834E0,1.528887272E0,-1.584883571E0
5.827980258E1,2.456905365E0,1.465372443E0,-1.400735140E0
5.828982958E1,1.921885729E0,1.598887086E0,-1.205464721E0
5.829985658E1,1.419668674E0,1.898228526E0,-1.027449846E0
5.830988358E1,1.070273995E0,2.271034479E0,-9.012160301E-1
5.831991058E1,8.918668032E-1,2.544623852E0,-8.169196844E-1
5.832993758E1,8.825470805E-1,2.579075336E0,-7.148154378E-1
5.833996458E1,1.041567802E0,2.351528168E0,-5.826228261E-1
5.834999158E1,1.336501718E0,1.917987466E0,-4.893573523E-1
5.836001758E1,1.673336625E0,1.441761136E0,-4.650705755E-1
5.837004458E1,1.946204424E0,1.082484961E0,-4.814013243E-1
5.838007158E1,2.043887138E0,9.658507109E-1,-4.496293664E-1
5.839009858E1,1.933208823E0,1.010248542E0,-3.009504080E-1
5.840012558E1,1.665869117E0,1.142921925E0,-4.343170673E-2
5.841015258E1,1.332513571E0,1.286303639E0,2.439571917E-1
5.842017958E1,1.021417856E0,1.404173493E0,5.201950669E-1
5.843020658E1,7.814322114E-1,1.424651384E0,7.726435661E-1
5.844023358E1,5.979696512E-1,1.306736708E0,1.020179629E0
5.845026058E1,4.300751686E-1,1.097509742E0,1.305624604E0
5.846028658E1,2.595908046E-1,8.411794305E-1,1.685385942E0
5.847031358E1,8.848752081E-2,5.792806745E-1,2.099462271E0
5.848034058E1,-7.003727555E-2,3.332880735E-1,2.489782333E0
5.849036758E1,-2.287209183E-1,1.135357544E-1,2.796698570E0
5.850039458E1,-3.784968257E-1,-5.566705391E-2,2.945908546E0
5.851042158E1,-5.563414097E-1,-1.597199589E-1,2.801902294E0
5.852044858E1,-8.165751100E-1,-2.804661393E-1,2.391823053E0
5.853047558E1,-1.181360245E0,-4.743778408E-1,1.920367599E0
5.854050258E1,-1.671959639E0,-9.100601673E-1,1.966179013E0
5.855052996E1,-2.164251328E0,-1.466302633E0,2.629145384E0
5.856055596E1,-2.525052547E0,-1.925478578E0,3.325420618E0
5.857058296E1,-2.732555389E0,-2.115321636E0,3.547520876E0
5.858060996E1,-2.825324297E0,-2.076626539E0,3.248347044E0
5.859063696E1,-2.837066412E0,-1.811220407E0,2.614872932E0
5.860066396E1,-2.770419836E0,-1.469850183E0,1.852749825E0
5.861069096E1,-2.612617254E0,-1.253071547E0,1.214519501E0
5.862071796E1,-2.403592825E0,-1.237647057E0,8.810980916E-1
5.863074496E1,-2.247796297E0,-1.286648273E0,7.685499191E-1
5.864077196E1,-2.224603653E0,-1.307590604E0,6.776095033E-1
5.865079796E1,-2.363607407E0,-1.280624986E0,5.191317201E-1
5.866082496E1,-2.610953331E0,-1.220895529E0,3.531138599E-1
5.867085196E1,-2.873869658E0,-1.142642021E0,2.377156317E-1
5.868087896E1,-3.044999838E0,-1.023976922E0,1.293529570E-1
5.869090596E1,-3.081338882E0,-9.194478393E-1,3.900494194E-3
5.870093296E1,-2.978247404E0,-8.801110387E-1,-1.498505771E-1
5.871095996E1,-2.717995644E0,-8.732845783E-1,-3.075515330E-1
5.872098696E1,-2.280075550E0,-8.537876606E-1,-4.866741896E-1
5.873101396E1,-1.727458119E0,-8.126785755E-1,-6.882584095E-1
5.874103996E1,-1.148281217E0,-7.795996666E-1,-9.159659743E-1
5.875106696E1,-6.616276503E-1,-7.458382845E-1,-1.157803297E0
5.876109396E1,-3.044267297E-1,-6.700404882E-1,-1.386125207E0
5.877112096E1,-8.215850592E-2,-5.722084641E-1,-1.566710949E0
5.878114796E1,5.371223763E-2,-4.704456329E-1,-1.727790475E0
5.879117496E1,1.432916522E-1,-3.506047130E-1,-1.879236341E0
5.880120196E1,2.045148611E-1,-1.910949498E-1,-2.002982140E0
5.881122896E1,2.268281430E-1,2.459845692E-2,-2.108054638E0
5.882125596E1,2.277197242E-1,2.376530766E-1,-2.201213360E0
5.883128296E1,2.360884398E-1,4.461924434E-1,-2.261400223E0
5.884130896E1,2.623020709E-1,6.105073094E-1,-2.292525768E0
5.885133596E1,3.331727684E-1,7.513333559E-1,-2.319197416E0
5.886136296E1,4.447163343E-1,9.698688388E-1,-2.338917971E0
5.887138996E1,5.422125459E-1,1.330731153E0,-2.368730307E0
5.888141696E1,6.066858768E-1,1.680083752E0,-2.431248188E0
5.889144396E1,6.939094663E-1,1.856548309E0,-2.409909010E0
5.890147096E1,9.491910934E-1,1.854279757E0,-2.208615065E0
5.891149796E1,1.446667194E0,1.725380540E0,-1.879775763E0
5.892152496E1,2.154518366E0,1.629812717E0,-1.520516634E0
5.893155096E1,2.870000839E0,1.540406108E0,-1.254368544E0
5.894157796E1,3.329532146E0,1.432704449E0,-1.141706586E0
5.895160496E1,3.369093657E0,1.211930990E0,-1.147412419E0
5.896163196E1,2.980286121E0,1.022064090E0,-1.159542203E0
5.897165896E1,2.231762171E0,9.006210566E-1,-1.106574893E0
5.898168596E1,1.321199775E0,9.609769583E-1,-1.056377649E0
5.899171296E1,4.845608473E-1,1.275855303E0,-1.058431506E0
5.900173996E1,-8.744554222E-2,1.650561571E0,-1.074018955E0
5.901176696E1,-3.628981709E-1,1.947087049E0,-1.049935222E0
5.902179296E1,-3.254390657E-1,2.044334412E0,-9.211335182E-1
5.903181996E1,6.556717213E-3,1.884272456E0,-7.112711072E-1
5.904184696E1,5.566347837E-1,1.558539510E0,-5.051959753E-1
5.905187396E1,1.180922389E0,1.300040007E0,-3.396573961E-1
5.906190096E1,1.726322174E0,1.139085770E0,-2.328768075E-1
5.907192796E1,2.092686892E0,1.098393202E0,-1.608164608E-1
5.908195496E1,2.274204731E0,1.146854043E0,-8.484634757E-2
5.909198196E1,2.290815353E0,1.203185320E0,-4.278651625E-2
5.910200896E1,2.178170919E0,1.231398344E0,-3.300375864E-2
5.911203496E1,1.986677527E0,1.243539929E0,-5.437589437E-2
5.912206196E1,1.748144269E0,1.201536775E0,-1.174265370E-1
5.913208896E1,1.483683348E0,1.099032164E0,-1.847323477E-1
5.914211596E1,1.196670651E0,9.425954223E-1,-1.753116250E-1
5.915214296E1,9.126141667E-1,7.441339493E-1,-1.259860303E-2
5.916216996E1,6.494857073E-1,5.334209204E-1,3.590537608E-1
5.917219696E1,3.878096640E-1,2.817953229E-1,9.146898389E-1
5.918222396E1,7.177581638E-2,4.716211557E-2,1.549411297E0
5.919225096E1,-3.026361465E-1,-9.145381302E-2,2.127691269E0
5.920227696E1,-6.984847784E-1,-1.618646383E-1,2.538741350E0
5.921230396E1,-1.099073768E0,-2.992541790E-1,2.649792433E0
5.922233096E1,-1.551712751E0,-5.861243010E-1,2.468917847E0
5.923235796E1,-2.083249092E0,-1.022745132E0,2.264658451E0
5.924238496E1,-2.621999979E0,-1.575421691E0,2.476469040E0
5.925241196E1,-3.012515545E0,-2.047166824E0,3.102145672E0
5.926243896E1,-3.222124338E0,-2.228612185E0,3.713837385E0
5.927246596E1,-3.336578369E0,-2.126957655E0,4.029191971E0
5.928249296E1,-3.439244747E0,-1.956801414E0,3.889836550E0
5.929251896E1,-3.538289309E0,-1.797964096E0,3.273280382E0
5.930254596E1,-3.600278139E0,-1.779309273E0,2.411232948E0
5.931257296E1,-3.481664181E0,-1.896919489E0,1.663132191E0
5.932259996E1,-3.104616642E0,-2.034221888E0,1.278412819E0
5.933262696E1,-2.636694431E0,-2.059837818E0,1.157881856E0
5.934265396E1,-2.275598049E0,-1.989452481E0,1.107553005E0
5.935268096E1,-2.135438442E0,-1.892435431E0,1.005077481E0
5.936270796E1,-2.191653728E0,-1.831250787E0,8.553956151E-1
5.937273496E1,-2.295744181E0,-1.797575951E0,6.831836700E-1
5.938276096E1,-2.326671839E0,-1.760371566E0,5.273557305E-1
5.939278796E1,-2.235870361E0,-1.690963984E0,3.957904875E-1
5.940281496E1,-2.019776344E0,-1.590959191E0,2.390695810E-1
5.941284196E1,-1.709996462E0,-1.471368313E0,4.640745744E-2
5.942286896E1,-1.346614361E0,-1.363335729E0,-1.618958861E-1
5.943289596E1,-9.828366041E-1,-1.263492823E0,-3.598896563E-1
5.944292296E1,-6.676694751E-1,-1.149052858E0,-5.322129726E-1
5.945294996E1,-4.296063781E-1,-1.027382374E0,-7.000858784E-1
5.946297696E1,-2.906349003E-1,-9.058092833E-1,-8.804718852E-1
5.947300296E1,-2.175260484E-1,-7.328761220E-1,-1.070292473E0
5.948302996E1,-1.858663559E-1,-4.995210469E-1,-1.258149385E0
5.949305696E1,-1.718139201E-1,-2.419965863E-1,-1.417185545E0
5.950308396E1,-1.804820150E-1,4.757671151E-3,-1.528960705E0
5.951311096E1,-1.866245866E-1,3.071292341E-1,-1.546986818E0
5.952313796E1,-1.563806385E-1,6.757901907E-1,-1.486052155E0
5.953316496E1,-5.306703970E-2,1.028907776E0,-1.421099782E0
5.954319196E1,1.114514396E-1,1.338535190E0,-1.440958858E0
5.955321750E1,2.849689126E-1,1.658619165E0,-1.514225721E0
5.956324450E1,4.538764358E-1,1.969952106E0,-1.633382678E0
5.957327150E1,5.874739289E-1,2.237224340E0,-1.810468197E0
5.958329850E1,7.154207230E-1,2.381552219E0,-2.033638716E0
5.959332550E1,9.200146198E-1,2.352026463E0,-2.179812193E0
5.960335250E1,1.316427588E0,2.157788754E0,-2.209198952E0
5.961337950E1,1.918236017E0,1.951742291E0,-2.126786947E0
5.962340650E1,2.641060829E0,1.880758762E0,-2.072697163E0
5.963343350E1,3.266603470E0,1.851400852E0,-2.160640955E0
5.964345950E1,3.516728401E0,1.719816804E0,-2.349275351E0
5.965348650E1,3.364920855E0,1.556231141E0,-2.439472437E0
5.966351350E1,2.986336708E0,1.468400717E0,-2.342255592E0
5.967354050E1,2.517988920E0,1.539581418E0,-2.122845650E0
5.968356750E1,2.009665012E0,1.688297033E0,-1.855600834E0
5.969359450E1,1.544201374E0,1.871491075E0,-1.608785510E0
5.970362150E1,1.185984373E0,2.026139498E0,-1.399630547E0
5.971364850E1,9.340226650E-1,2.104033709E0,-1.206546307E0
5.972367550E1,7.916349173E-1,2.111867189E0,-9.886797071E-1
5.973370150E1,7.484450936E-1,2.093337536E0,-7.119117379E-1
5.974372850E1,7.940087318E-1,2.098308325E0,-4.364409745E-1
5.975375550E1,9.293708205E-1,2.148681164E0,-2.197310477E-1
5.976378250E1,1.148755431E0,2.187624454E0,-6.372790039E-2
5.977380950E1,1.418729901E0,2.127497435E0,4.203554243E-2
5.978383650E1,1.679419875E0,1.959135532E0,1.076983809E-1
5.979386350E1,1.887055397E0,1.723369598E0,1.591253579E-1
5.980389050E1,2.019847870E0,1.479864955E0,2.205408067E-1
5.981391650E1,2.054136515E0,1.271136284E0,2.463508248E-1
5.982394350E1,1.970023990E0,1.118809342E0,1.891718805E-1
5.983397050E1,1.754650474E0,1.001419902E0,1.431753486E-1
5.984399750E1,1.416065454E0,7.996575236E-1,2.351558357E-1
5.985402450E1,1.052652359E0,5.430222750E-1,5.528454185E-1
5.986405150E1,6.995676756E-1,2.848172486E-1,1.057612419E0
5.987407850E1,3.316589296E-1,4.027408361E-2,1.648127317E0
5.988410550E1,-9.012161195E-2,-1.076586545E-1,2.174231529E0
5.989413250E1,-5.726522803E-1,-1.267095804E-1,2.532946348E0
5.990415850E1,-1.097053647E0,-1.239823997E-1,2.684298038E0
5.991418550E1,-1.647688746E0,-2.655059695E-1,2.648190737E0
5.992421250E1,-2.180592775E0,-6.592258215E-1,2.582990646E0
5.993423950E1,-2.591928244E0,-1.310492158E0,2.836792707E0
5.994426650E1,-2.790500164E0,-1.948689699E0,3.399649143E0
5.995429350E1,-2.822745800E0,-2.269140005E0,3.865883350E0
5.996432050E1,-2.807781935E0,-2.212726593E0,3.982070923E0
5.997434750E1,-2.795738459E0,-2.050516605E0,3.653577089E0
5.998437350E1,-2.837395430E0,-1.925481081E0,2.962151051E0
5.999440050E1,-2.927082539E0,-1.972869158E0,2.111298561E0
6.000442750E1,-2.924445629E0,-2.141943693E0,1.442299604E0
6.001445450E1,-2.749972105E0,-2.307778835E0,1.186054468E0
6.002448150E1,-2.489346981E0,-2.389624119E0,1.174675345E0
6.003450850E1,-2.322628975E0,-2.357624531E0,1.129474282E0
6.004453550E1,-2.382319689E0,-2.187162876E0,9.581810236E-1
6.005456250E1,-2.656018496E0,-1.989231825E0,7.382262945E-1
6.006458950E1,-2.960718393E0,-1.859023571E0,5.740343928E-1
6.007461550E1,-3.139356852E0,-1.774900436E0,5.065181851E-1
6.008464250E1,-3.180453062E0,-1.699278474E0,4.794197977E-1
6.009466950E1,-3.084978104E0,-1.563200593E0,4.288093448E-1
6.010469650E1,-2.812733173E0,-1.405564666E0,3.544864655E-1
6.011472350E1,-2.365933418E0,-1.267867804E0,2.366855145E-1
6.012475050E1,-1.788626790E0,-1.168622494E0,7.474337518E-2
6.013477750E1,-1.186855197E0,-1.060082197E0,-1.185517833E-1
6.014480450E1,-6.597661972E-1,-9.112282395E-1,-3.328450322E-1
6.015483050E1,-2.888602316E-1,-7.444384694E-1,-5.671453476E-1
6.016485750E1,-8.247964084E-2,-5.829931498E-1,-7.868822813E-1
6.017488450E1,8.535217494E-3,-4.090703726E-1,-9.864553213E-1
6.018491150E1,4.136425629E-2,-2.067026049E-1,-1.182529569E0
6.019493850E1,5.720553547E-2,1.089602243E-2,-1.385796666E0
6.020496550E1,7.009777427E-2,2.571997046E-1,-1.555783033E0
6.021499250E1,7.552210242E-2,4.777794778E-1,-1.709987998E0
6.022501950E1,8.516914397E-2,6.706865430E-1,-1.852625251E0
6.023504550E1,7.132576406E-2,8.683229685E-1,-1.906728625E0
6.024507250E1,3.776007146E-2,1.166241884E0,-1.848493457E0
6.025509950E1,2.984779887E-3,1.641695261E0,-1.730193973E0
6.026512650E1,-1.614735648E-2,2.267122746E0,-1.596955657E0
6.027515350E1,-2.000068501E-2,2.844559431E0,-1.463886261E0
6.028518050E1,1.558582205E-2,3.195819378E0,-1.301171303E0
6.029520750E1,2.560644746E-1,3.086457968E0,-1.020454884E0
6.030523450E1,8.745727539E-1,2.595623732E0,-6.338855624E-1
6.031526050E1,1.856864214E0,2.133917570E0,-3.466393650E-1
6.032528750E1,3.007636070E0,1.919371963E0,-3.614755571E-1
6.033531450E1,3.973478317E0,1.908743382E0,-6.421541572E-1
6.034534150E1,4.499989510E0,1.868257642E0,-9.620169997E-1
6.035536850E1,4.515662193E0,1.644525170E0,-1.228112102E0
6.036539550E1,4.045060158E0,1.429256797E0,-1.476363540E0
6.037542250E1,3.256378889E0,1.412273049E0,-1.684783101E0
6.038544950E1,2.344642162E0,1.714596391E0,-1.828636765E0
6.039547650E1,1.493652105E0,2.130992651E0,-1.871575117E0
6.040550250E1,8.670108318E-1,2.447309017E0,-1.777516842E0
6.041552950E1,5.502349734E-1,2.569437981E0,-1.554067492E0
6.042555650E1,5.350011587E-1,2.529310703E0,-1.277382016E0
6.043558350E1,7.581453323E-1,2.391148806E0,-1.025875807E0
6.044561050E1,1.134410501E0,2.177928686E0,-8.435916901E-1
6.045563750E1,1.560767889E0,1.927930117E0,-7.632862329E-1
6.046566450E1,1.921387076E0,1.658052087E0,-7.734661698E-1
6.047569150E1,2.157476664E0,1.407248616E0,-8.408098221E-1
6.048571750E1,2.237021685E0,1.175251722E0,-8.855853677E-1
6.049574450E1,2.137835979E0,1.025367141E0,-8.752746582E-1
6.050577150E1,1.884929419E0,9.967874289E-1,-8.174281716E-1
6.051579850E1,1.509466052E0,1.036390543E0,-7.551839948E-1
6.052582550E1,1.076235056E0,1.029438853E0,-6.702057123E-1
6.053585250E1,6.617068648E-1,8.762742877E-1,-5.421779752E-1
6.054587950E1,3.087105155E-1,6.033868790E-1,-3.604163527E-1
6.055590683E1,5.770437419E-2,2.436047047E-1,-6.888675690E-2
6.056593283E1,-7.902921736E-2,-1.882767379E-1,3.592247963E-1
6.057595983E1,-1.625653952E-1,-5.852179527E-1,8.650655746E-1
6.058598683E1,-2.817759514E-1,-8.129754066E-1,1.333246350E0
6.059601383E1,-5.186724067E-1,-8.826037645E-1,1.657250285E0
6.060604083E1,-9.056199193E-1,-8.716379404E-1,1.845380425E0
6.061606783E1,-1.359544277E0,-8.712136745E-1,1.949048281E0
6.062609483E1,-1.711481094E0,-1.088539124E0,2.043587923E0
6.063612183E1,-1.834891200E0,-1.638757586E0,2.433024168E0
6.064614783E1,-1.696754694E0,-2.280946732E0,3.173913717E0
6.065617483E1,-1.383401036E0,-2.563970566E0,3.984421492E0
6.066620183E1,-1.080724597E0,-2.364917994E0,4.540099621E0
6.067622883E1,-9.120694399E-1,-2.083526134E0,4.462049961E0
6.068625583E1,-8.967307806E-1,-1.996912479E0,3.690987587E0
6.069628283E1,-1.074180007E0,-2.252328873E0,2.629446507E0
6.070630983E1,-1.274647713E0,-2.683574915E0,1.806614399E0
6.071633683E1,-1.273076534E0,-3.040102005E0,1.430132151E0
6.072636383E1,-1.116279244E0,-3.168457747E0,1.407387495E0
6.073638983E1,-1.039702892E0,-3.058977842E0,1.506077409E0
6.074641683E1,-1.205041766E0,-2.836354256E0,1.477339983E0
6.075644383E1,-1.604047179E0,-2.597011805E0,1.294889808E0
6.076647083E1,-2.126121283E0,-2.377182484E0,1.112905383E0
6.077649783E1,-2.626508713E0,-2.188770771E0,1.059935927E0
6.078652483E1,-2.966843367E0,-2.047527313E0,1.135507107E0
6.079655183E1,-3.091475010E0,-1.958633542E0,1.227734685E0
6.080657883E1,-2.984179258E0,-1.871140957E0,1.270891428E0
6.081660483E1,-2.673300982E0,-1.781014800E0,1.247450829E0
6.082663183E1,-2.229125977E0,-1.679222941E0,1.123057842E0
6.083665883E1,-1.749504328E0,-1.590089321E0,8.859507442E-1
6.084668583E1,-1.345619798E0,-1.491736412E0,5.511155725E-1
6.085671283E1,-1.095342040E0,-1.383060217E0,2.150049061E-1
6.086673983E1,-9.765892029E-1,-1.225281358E0,-8.318075538E-2
6.087676683E1,-9.375078678E-1,-9.870911241E-1,-3.482297063E-1
6.088679383E1,-9.512612224E-1,-6.683093309E-1,-5.562182665E-1
6.089681983E1,-1.003714085E0,-3.282979727E-1,-7.137588859E-1
6.090684683E1,-1.083620906E0,-2.219877951E-2,-8.114671707E-1
6.091687383E1,-1.144599080E0,2.832911015E-1,-8.714005351E-1
6.092690083E1,-1.104174852E0,6.410886049E-1,-8.777766824E-1
6.093692783E1,-9.172974229E-1,1.057055593E0,-8.899965882E-1
6.094695483E1,-6.702533364E-1,1.507788658E0,-9.774869680E-1
6.095698183E1,-4.822692573E-1,1.881756425E0,-1.093483806E0
6.096700883E1,-3.361262977E-1,2.144574404E0,-1.151451111E0
6.097703483E1,-1.801971793E-1,2.303267002E0,-1.130910635E0
6.098706183E1,5.215671659E-2,2.396156311E0,-9.695994258E-1
6.099708883E1,3.956000805E-1,2.470968008E0,-7.335743904E-1
6.100711583E1,8.634940982E-1,2.627832413E0,-4.887421727E-1
6.101714283E1,1.387278557E0,2.796715498E0,-3.532621264E-1
6.102716983E1,1.852291584E0,2.742023230E0,-4.461877644E-1
6.103719683E1,2.163391590E0,2.437905073E0,-7.167678475E-1
6.104722383E1,2.305777788E0,2.090062141E0,-9.396739602E-1
6.105724983E1,2.316088915E0,1.856992006E0,-9.052168727E-1
6.106727683E1,2.228674412E0,1.756734490E0,-6.788896322E-1
6.107730383E1,2.041388988E0,1.777322054E0,-4.446555674E-1
6.108733083E1,1.768422127E0,1.919777870E0,-3.678756058E-1
6.109735783E1,1.511916518E0,2.046329975E0,-4.488905370E-1
6.110738483E1,1.363895655E0,2.087899446E0,-5.665562153E-1
6.111741183E1,1.356946349E0,2.031243563E0,-6.473498940E-1
6.112743883E1,1.516856909E0,1.879560709E0,-6.546522379E-1
6.113746483E1,1.820801973E0,1.684380531E0,-6.332473755E-1
6.114749183E1,2.198209286E0,1.466157317E0,-6.363608241E-1
6.115751883E1,2.571322203E0,1.278542876E0,-7.045124173E-1
6.116754583E1,2.856243134E0,1.141055822E0,-7.956598997E-1
6.117757283E1,2.991804838E0,1.019701719E0,-8.821098208E-1
6.118759983E1,2.937847376E0,8.968529701E-1,-9.290802479E-1
6.119762683E1,2.720406294E0,7.776330709E-1,-9.384686947E-1
6.120765383E1,2.376942873E0,6.824518442E-1,-8.939570785E-1
6.121767983E1,1.964063764E0,6.455574632E-1,-7.844726443E-1
6.122770683E1,1.573492050E0,6.346457005E-1,-5.736372471E-1
6.123773383E1,1.242379904E0,5.749506950E-1,-2.137315571E-1
6.124776083E1,9.832449555E-1,4.071620703E-1,3.017404079E-1
6.125778783E1,7.728493810E-1,1.847026348E-1,9.424207807E-1
6.126781483E1,5.517749786E-1,-4.517985508E-2,1.535379171E0
6.127784183E1,2.970106006E-1,-2.263155580E-1,1.926328778E0
6.128786883E1,-4.566545039E-2,-4.001914561E-1,2.134608984E0
6.129789483E1,-5.105162263E-1,-5.725345016E-1,2.197873831E0
6.130792183E1,-1.046789765E0,-6.686618328E-1,2.170742989E0
6.131794883E1,-1.562716603E0,-8.349131346E-1,2.313656092E0
6.132797583E1,-1.987024903E0,-1.276582599E0,2.927859783E0
6.133800283E1,-2.262531281E0,-1.688811064E0,3.955821276E0
6.134802983E1,-2.324341297E0,-1.680556297E0,4.794707298E0
6.135805683E1,-2.263086319E0,-1.264079690E0,4.870570183E0
6.136808383E1,-2.244961739E0,-9.292473197E-1,4.254816532E0
6.137810983E1,-2.362943172E0,-9.527563453E-1,3.333561420E0
6.138813683E1,-2.587462187E0,-1.349714160E0,2.397536755E0
6.139816383E1,-2.805701256E0,-1.807229757E0,1.698802710E0
6.140819083E1,-2.877449274E0,-2.035982132E0,1.361940265E0
6.141821783E1,-2.831427097E0,-1.995667577E0,1.269108295E0
6.142824483E1,-2.834753275E0,-1.802972913E0,1.255360246E0
6.143827183E1,-2.974107265E0,-1.548753977E0,1.228516340E0
6.144829883E1,-3.247867584E0,-1.321528912E0,1.161756158E0
6.145832483E1,-3.528552771E0,-1.149539590E0,1.084994912E0
6.146835183E1,-3.700561285E0,-9.797107577E-1,9.903275371E-1
6.147837883E1,-3.687620401E0,-8.436563015E-1,8.476297855E-1
6.148840583E1,-3.466894388E0,-8.220035434E-1,6.305596232E-1
6.149843283E1,-3.028819561E0,-9.598210454E-1,3.524864614E-1
6.150845983E1,-2.401737452E0,-1.174900651E0,6.207676604E-2
6.151848683E1,-1.699515104E0,-1.326024175E0,-2.100743353E-1
6.152851383E1,-1.057019114E0,-1.303528905E0,-4.432867467E-1
6.153853983E1,-5.962136984E-1,-1.162735820E0,-6.352692246E-1
6.154856683E1,-3.458403945E-1,-9.575084448E-1,-8.131303787E-1
6.155859321E1,-2.644211650E-1,-6.608054042E-1,-1.018985033E0
6.156862021E1,-3.023539484E-1,-3.332207501E-1,-1.236628890E0
6.157864721E1,-3.931845129E-1,-5.882593244E-2,-1.453328729E0
6.158867421E1,-4.858819544E-1,1.606287211E-1,-1.674129486E0
6.159870121E1,-5.354340672E-1,3.474239111E-1,-1.896039009E0
6.160872821E1,-4.928580821E-1,4.962176681E-1,-2.117204905E0
6.161875421E1,-3.709207475E-1,6.525276303E-1,-2.242242575E0
6.162878121E1,-2.150873393E-1,9.065252542E-1,-2.249305487E0
6.163880821E1,-1.056476682E-1,1.346575856E0,-2.196326494E0
6.164883521E1,-7.661931217E-2,1.870761395E0,-2.115469217E0
6.165886221E1,-7.412605733E-2,2.282382727E0,-2.074634314E0
6.166888921E1,2.391872555E-2,2.441264153E0,-2.096839905E0
6.167891621E1,3.534204662E-1,2.385229111E0,-2.239692450E0
6.168894321E1,9.319115877E-1,2.243970633E0,-2.424872398E0
6.169896921E1,1.695626259E0,2.111180067E0,-2.554811239E0
6.170899621E1,2.511636734E0,1.980208158E0,-2.694396734E0
6.171902321E1,3.114875317E0,1.829830289E0,-2.969000816E0
6.172905021E1,3.302393913E0,1.695231915E0,-3.188688755E0
6.173907721E1,3.075785398E0,1.539197922E0,-3.190848112E0
6.174910421E1,2.542987347E0,1.478847742E0,-2.929259062E0
6.175913121E1,1.814130783E0,1.649651170E0,-2.531186819E0
6.176915721E1,1.069348454E0,1.996001363E0,-2.137990952E0
6.177918421E1,5.149899125E-1,2.351855516E0,-1.828505158E0
6.178921121E1,2.712067962E-1,2.556540966E0,-1.574109435E0
6.179923821E1,3.170826733E-1,2.548935175E0,-1.268095136E0
6.180926521E1,5.987553596E-1,2.366788149E0,-9.035738111E-1
6.181929221E1,1.056428909E0,2.129923820E0,-5.078648329E-1
6.182931921E1,1.580353141E0,1.999950886E0,-1.225449815E-1
6.183934621E1,2.024587870E0,2.003292561E0,2.340935618E-1
6.184937221E1,2.311244488E0,2.073877811E0,5.112856030E-1
6.185939921E1,2.469232798E0,2.179163456E0,6.892929077E-1
6.186942621E1,2.543660402E0,2.262116909E0,7.770582438E-1
6.187945321E1,2.541468620E0,2.252840757E0,7.560488582E-1
6.188948021E1,2.436342955E0,2.132863045E0,6.333692670E-1
6.189950721E1,2.222962141E0,1.890886068E0,4.545334578E-1
6.190953421E1,1.933724165E0,1.529744506E0,2.677278519E-1
6.191956121E1,1.650455594E0,1.164960861E0,1.137278974E-1
6.192958721E1,1.392776847E0,8.390329480E-1,1.302820072E-2
6.193961421E1,1.129880548E0,5.279349685E-1,1.227532513E-2
6.194964121E1,8.693697453E-1,1.884580106E-1,1.661566049E-1
6.195966821E1,6.213071942E-1,-1.901031435E-1,4.944572449E-1
6.196969521E1,3.520661294E-1,-5.592791438E-1,9.661093950E-1
6.197972221E1,-5.699746311E-3,-7.583608031E-1,1.526474357E0
6.198974921E1,-4.864923358E-1,-7.594648004E-1,2.084636688E0
6.199977621E1,-1.038205266E0,-7.107470632E-1,2.472808838E0
6.200980221E1,-1.647477269E0,-7.974690199E-1,2.695456982E0
6.201982921E1,-2.301756620E0,-1.196968436E0,2.861940384E0
6.202985621E1,-2.929287195E0,-1.860605001E0,3.189840317E0
6.203988321E1,-3.323277950E0,-2.332421780E0,3.634495497E0
6.204991021E1,-3.470602036E0,-2.321278572E0,3.908961535E0
6.205993721E1,-3.491575480E0,-1.927934408E0,3.835212708E0
6.206996421E1,-3.487230062E0,-1.539069533E0,3.375248432E0
6.207999121E1,-3.527332544E0,-1.417425394E0,2.646360636E0
6.209001721E1,-3.535527229E0,-1.615552664E0,1.835771203E0
6.210004421E1,-3.333220482E0,-1.952088118E0,1.205247641E0
6.211007121E1,-2.920470953E0,-2.202149153E0,8.595092893E-1
6.212009821E1,-2.473952293E0,-2.248952150E0,7.613385320E-1
6.213012521E1,-2.184226036E0,-2.169286728E0,7.887141705E-1
6.214015221E1,-2.134445190E0,-2.034190893E0,8.252809644E-1
6.215017921E1,-2.270186663E0,-1.886607766E0,8.504700065E-1
6.216020521E1,-2.471438169E0,-1.777529240E0,8.815112710E-1
6.217023221E1,-2.613240719E0,-1.686178684E0,9.340746999E-1
6.218025921E1,-2.626131535E0,-1.592152119E0,9.947891831E-1
6.219028621E1,-2.501429796E0,-1.470253110E0,1.018644691E0
6.220031321E1,-2.272299528E0,-1.310501099E0,1.029319167E0
6.221034021E1,-1.985298038E0,-1.153033257E0,1.021825671E0
6.222036721E1,-1.683469176E0,-1.035036802E0,9.694639444E-1
6.223039421E1,-1.398525119E0,-9.100378752E-1,8.540645242E-1
6.224042021E1,-1.162348509E0,-7.634063363E-1,6.576496959E-1
6.225044721E1,-1.006607413E0,-5.974236131E-1,4.142944813E-1
6.226047421E1,-9.299802780E-1,-4.473811090E-1,1.643576175E-1
6.227050121E1,-9.170023203E-1,-3.236376345E-1,-6.064388156E-2
6.228052821E1,-9.307809472E-1,-2.351136208E-1,-2.559137940E-1
6.229055521E1,-9.145538211E-1,-1.381662637E-1,-3.659345210E-1
6.230058221E1,-8.160858154E-1,1.838606969E-2,-3.995257914E-1
6.231060921E1,-6.324702501E-1,2.540907860E-1,-4.139597118E-1
6.232063521E1,-3.984316885E-1,6.013475060E-1,-4.407292604E-1
6.233066221E1,-1.799846739E-1,1.019225836E0,-4.086391926E-1
6.234068921E1,1.496645063E-2,1.448513031E0,-3.336030543E-1
6.235071621E1,2.059320062E-1,1.831283450E0,-3.327961564E-1
6.236074321E1,4.146716297E-1,2.039119482E0,-3.936400712E-1
6.237077021E1,7.056246400E-1,2.085792780E0,-5.634660125E-1
6.238079721E1,1.123146772E0,2.104224682E0,-8.077721596E-1
6.239082321E1,1.681155086E0,2.160194874E0,-1.045451760E0
6.240085021E1,2.376971006E0,2.250496387E0,-1.269649744E0
6.241087721E1,3.157312155E0,2.250629425E0,-1.568334341E0
6.242090421E1,3.877990007E0,2.152518034E0,-1.959833741E0
6.243093121E1,4.391455650E0,1.921390533E0,-2.361826897E0
6.244095821E1,4.663956165E0,1.529627085E0,-2.727723598E0
6.245098521E1,4.705842495E0,1.114480615E0,-3.030173063E0
6.246101121E1,4.444615364E0,8.308912516E-1,-3.172342062E0
6.247103821E1,3.880120516E0,7.485184669E-1,-3.159502745E0
6.248106521E1,3.114290476E0,8.765757680E-1,-3.068089247E0
6.249109221E1,2.305999994E0,1.138654590E0,-2.927704096E0
6.250111921E1,1.593003273E0,1.443772793E0,-2.730496645E0
6.251114621E1,1.066563845E0,1.721967816E0,-2.463205576E0
6.252117321E1,7.683106065E-1,1.936759472E0,-2.123826981E0
6.253120021E1,7.174871564E-1,2.045305252E0,-1.755603790E0
6.254122621E1,8.844577670E-1,2.059722424E0,-1.392703533E0
6.255125321E1,1.188480139E0,2.001959085E0,-1.032377243E0
6.256128000E1,1.559024334E0,1.902985811E0,-6.916354299E-1
6.257130700E1,1.923030019E0,1.787935853E0,-4.126658738E-1
6.258133400E1,2.192549944E0,1.654670477E0,-2.199113369E-1
6.259136100E1,2.282303095E0,1.495407104E0,-1.606418639E-1
6.260138800E1,2.166205168E0,1.322551727E0,-2.177099437E-1
6.261141400E1,1.876600385E0,1.129794717E0,-3.100450933E-1
6.262144100E1,1.469869852E0,8.764207959E-1,-3.385923207E-1
6.263146800E1,1.053482056E0,5.668650866E-1,-2.121261954E-1
6.264149500E1,6.998304725E-1,2.488133609E-1,8.469030261E-2
6.265152200E1,4.232369959E-1,-2.169869468E-2,5.562036633E-1
6.266154900E1,1.836933643E-1,-2.415157408E-1,1.152451634E0
6.267157600E1,-9.925298393E-2,-4.006635249E-1,1.706278563E0
6.268160300E1,-4.688028097E-1,-5.722078681E-1,2.078730822E0
6.269162900E1,-9.876790047E-1,-7.134923935E-1,2.311753273E0
6.270165600E1,-1.636482000E0,-8.221755028E-1,2.510574102E0
6.271168300E1,-2.227695227E0,-1.058586955E0,2.915746450E0
6.272171000E1,-2.589003563E0,-1.469229102E0,3.740015030E0
6.273173700E1,-2.652231455E0,-1.775982738E0,4.637155056E0
6.274176400E1,-2.560741186E0,-1.746541023E0,5.150113583E0
6.275179100E1,-2.505589485E0,-1.633320093E0,4.923418045E0
6.276181700E1,-2.673023462E0,-1.630054832E0,3.969272614E0
6.277184400E1,-3.106478214E0,-1.762957335E0,2.663635969E0
6.278187100E1,-3.548349142E0,-1.918352246E0,1.516899943E0
6.279189800E1,-3.688946962E0,-1.967346072E0,8.867153525E-1
6.280192500E1,-3.542231560E0,-1.918842196E0,7.118548751E-1
6.281195200E1,-3.270188093E0,-1.814076424E0,7.476034164E-1
6.282197900E1,-3.042268276E0,-1.693584323E0,7.790893912E-1
6.283200500E1,-2.950116158E0,-1.588238716E0,7.355588078E-1
6.284203200E1,-2.963464975E0,-1.500079036E0,6.901106834E-1
6.285205900E1,-2.972654819E0,-1.431771040E0,7.214017510E-1
6.286208600E1,-2.870383739E0,-1.366468549E0,8.314395547E-1
6.287211300E1,-2.601498127E0,-1.291253686E0,9.530200958E-1
6.288214000E1,-2.174642563E0,-1.210343122E0,1.014044285E0
6.289216700E1,-1.675603032E0,-1.137625456E0,9.565559626E-1
6.290219300E1,-1.189942598E0,-1.042726040E0,7.825726271E-1
6.291222000E1,-7.939337492E-1,-9.424811602E-1,5.092695355E-1
6.292224700E1,-5.268426538E-1,-8.401877880E-1,1.609397978E-1
6.293227400E1,-3.635939360E-1,-7.416340709E-1,-1.683985889E-1
6.294230100E1,-2.611269355E-1,-6.055718660E-1,-4.519978166E-1
6.295232800E1,-1.886739284E-1,-4.308206439E-1,-6.937977672E-1
6.296235500E1,-1.221657544E-1,-2.419825643E-1,-9.197819233E-1
6.297238200E1,-5.603222176E-2,-7.476051152E-2,-1.136873126E0
6.298240800E1,4.623236507E-2,9.071393311E-2,-1.326028943E0
6.299243500E1,1.919519752E-1,2.553359270E-1,-1.480243802E0
6.300246200E1,3.606909215E-1,4.543134868E-1,-1.623310447E0
6.301248900E1,5.404728055E-1,7.438108921E-1,-1.702345729E0
6.302251600E1,7.080364823E-1,1.092060685E0,-1.727211952E0
6.303254300E1,8.476868272E-1,1.456631303E0,-1.738506556E0
6.304256900E1,9.438237548E-1,1.769875765E0,-1.778000712E0
6.305259600E1,1.023287892E0,1.939892888E0,-1.934627652E0
6.306262300E1,1.144328594E0,1.915616870E0,-2.213876009E0
6.307265000E1,1.405799389E0,1.841196299E0,-2.519353867E0
6.308267700E1,1.856452823E0,1.794143081E0,-2.694141865E0
6.309270400E1,2.447615623E0,1.758961201E0,-2.728613853E0
6.310273100E1,3.001684189E0,1.725306034E0,-2.759664297E0
6.311275800E1,3.247994900E0,1.663080692E0,-2.855204344E0
6.312278400E1,3.178639174E0,1.536246061E0,-2.850088358E0
6.313281100E1,2.885213375E0,1.395034671E0,-2.638509750E0
6.314283800E1,2.454697132E0,1.375617027E0,-2.280180454E0
6.315286500E1,1.976838827E0,1.512493849E0,-1.914661288E0
6.316289200E1,1.536405802E0,1.741388321E0,-1.663514376E0
6.317291900E1,1.222262025E0,1.934566140E0,-1.518391371E0
6.318294600E1,1.064333916E0,2.002321243E0,-1.411610842E0
6.319297200E1,1.051024318E0,1.989096522E0,-1.273669720E0
6.320299900E1,1.157099366E0,1.930749655E0,-1.083638310E0
6.321302600E1,1.345827103E0,1.863270879E0,-8.582846522E-1
6.322305300E1,1.558306098E0,1.847485781E0,-6.623153687E-1
6.323308000E1,1.750419974E0,1.884349823E0,-4.947222173E-1
6.324310700E1,1.909859419E0,1.933159471E0,-3.226066530E-1
6.325313400E1,2.032327414E0,1.962312579E0,-1.219109818E-1
6.326316000E1,2.103134871E0,1.975870252E0,7.346064597E-2
6.327318700E1,2.126096010E0,1.977810621E0,2.234611064E-1
6.328321400E1,2.082971096E0,1.940614939E0,2.900236547E-1
6.329324100E1,1.964227796E0,1.833604336E0,2.202796340E-1
6.330326800E1,1.750493169E0,1.639728308E0,4.922691360E-2
6.331329500E1,1.463543534E0,1.330850720E0,-9.530556202E-2
6.332332200E1,1.121363521E0,9.179648161E-1,-6.504513323E-2
6.333334800E1,7.733013034E-1,4.758288860E-1,1.797599643E-1
6.334337500E1,4.356867671E-1,7.879897207E-2,5.914292932E-1
6.335340200E1,6.850594282E-2,-2.021602988E-1,1.083048224E0
6.336342900E1,-3.645190001E-1,-3.354235590E-1,1.558176875E0
6.337345600E1,-8.479820490E-1,-4.188499749E-1,1.975852132E0
6.338348300E1,-1.322558045E0,-4.876231849E-1,2.229572296E0
6.339351000E1,-1.753128409E0,-6.685649753E-1,2.320947886E0
6.340353600E1,-2.134462118E0,-1.128680587E0,2.444070816E0
6.341356300E1,-2.405234814E0,-1.844983578E0,2.900417566E0
6.342359000E1,-2.379590988E0,-2.404502630E0,3.424296141E0
6.343361700E1,-2.103921890E0,-2.602936506E0,3.712209225E0
6.344364400E1,-1.734458208E0,-2.493856192E0,3.665703535E0
6.345367100E1,-1.442409992E0,-2.254829645E0,3.197609663E0
6.346369800E1,-1.389675975E0,-2.128362656E0,2.395630121E0
6.347372400E1,-1.607160807E0,-2.241944790E0,1.540157318E0
6.348375100E1,-1.895857930E0,-2.396986008E0,9.504863620E-1
6.349377800E1,-2.121747017E0,-2.347637415E0,6.966085434E-1
6.350380500E1,-2.373608589E0,-2.066988230E0,6.179236174E-1
6.351383200E1,-2.707192898E0,-1.711049795E0,5.572035909E-1
6.352385900E1,-3.078169584E0,-1.408934474E0,4.605526626E-1
6.353388500E1,-3.405779600E0,-1.236124873E0,3.415814340E-1
6.354391200E1,-3.617120266E0,-1.143225908E0,2.569179535E-1
6.355394000E1,-3.681831360E0,-1.121111751E0,2.077058703E-1
6.356396700E1,-3.573529482E0,-1.145876408E0,1.535081416E-1
6.357399400E1,-3.295303345E0,-1.215752602E0,9.598389268E-2
6.358402100E1,-2.865895033E0,-1.342602134E0,5.055329576E-2
6.359404800E1,-2.314139366E0,-1.474210858E0,2.388594486E-2
6.360407400E1,-1.722580671E0,-1.534469128E0,-5.810431205E-3
6.361410100E1,-1.176628232E0,-1.492317557E0,-7.558104396E-2
6.362412800E1,-7.703655362E-1,-1.362991333E0,-2.162420154E-1
6.363415500E1,-5.416335464E-1,-1.161820054E0,-4.020535350E-1
6.364418200E1,-4.654168189E-1,-9.341230989E-1,-6.010432839E-1
6.365420900E1,-4.871873558E-1,-7.158870101E-1,-7.934671044E-1
6.366423600E1,-5.504280925E-1,-5.140228868E-1,-9.414717555E-1
6.367426200E1,-6.149200201E-1,-3.505093157E-1,-1.006766438E0
6.368428900E1,-6.617040038E-1,-1.351240575E-1,-1.025368333E0
6.369431600E1,-7.228437066E-1,1.969820261E-1,-9.973347187E-1
6.370434300E1,-7.744304538E-1,6.190371513E-1,-9.867750406E-1
6.371437000E1,-7.792955041E-1,1.096233964E0,-1.050491929E0
6.372439700E1,-7.283297777E-1,1.569082975E0,-1.204236984E0
6.373442400E1,-6.131599545E-1,1.932625294E0,-1.424415708E0
6.374445000E1,-3.730136156E-1,2.031733990E0,-1.703731537E0
6.375447700E1,8.088928461E-2,1.867429018E0,-2.007392883E0
6.376450400E1,7.398730516E-1,1.643427014E0,-2.277005434E0
6.377453100E1,1.501352429E0,1.527069092E0,-2.540956974E0
6.378455800E1,2.211542368E0,1.628887415E0,-2.814327478E0
6.379458500E1,2.689262867E0,1.769397616E0,-3.016759157E0
6.380461200E1,2.842839479E0,1.823969841E0,-3.100725412E0
6.381463800E1,2.725526333E0,1.763507605E0,-3.055707693E0
6.382466500E1,2.435661554E0,1.687131643E0,-2.814878941E0
6.383469200E1,2.040931702E0,1.700857878E0,-2.376883745E0
6.384471900E1,1.581556439E0,1.856514573E0,-1.894742489E0
6.385474600E1,1.121545672E0,2.140335083E0,-1.517358780E0
6.386477300E1,7.504611015E-1,2.433040142E0,-1.319566846E0
6.387479900E1,5.575985312E-1,2.619171143E0,-1.240599275E0
6.388482600E1,5.428976417E-1,2.650757074E0,-1.183212399E0
6.389485300E1,7.116473913E-1,2.546307325E0,-1.104469299E0
6.390488000E1,1.067724824E0,2.355743647E0,-9.855474234E-1
6.391490700E1,1.538313031E0,2.156990051E0,-8.283722401E-1
6.392493400E1,1.989541411E0,1.970014691E0,-6.291542649E-1
6.393496100E1,2.327299595E0,1.778515339E0,-4.838402569E-1
6.394498700E1,2.487885952E0,1.620150447E0,-4.369462430E-1
6.395501400E1,2.461489439E0,1.513856888E0,-4.408597648E-1
6.396504100E1,2.260339022E0,1.423511028E0,-4.593263865E-1
6.397506800E1,1.915727496E0,1.298497319E0,-4.901967645E-1
6.398509500E1,1.483283758E0,1.111202002E0,-4.804421365E-1
6.399512200E1,1.035943985E0,8.524413705E-1,-3.585617840E-1
6.400514900E1,6.520966887E-1,5.655235648E-1,-6.848414242E-2
6.401517500E1,3.662759364E-1,3.158548772E-1,3.718784451E-1
6.402520200E1,1.843567193E-1,1.290184259E-1,8.999036551E-1
6.403522900E1,4.816450179E-2,-1.782684401E-2,1.420103788E0
6.404525600E1,-1.411716044E-1,-1.836616248E-1,1.865626097E0
6.405528300E1,-4.437002838E-1,-3.995757103E-1,2.240358114E0
6.406531000E1,-8.845019341E-1,-6.165400147E-1,2.483179808E0
6.407533600E1,-1.428826571E0,-8.386913538E-1,2.535955667E0
6.408536300E1,-1.963944912E0,-1.164988041E0,2.515224934E0
6.409539000E1,-2.372200966E0,-1.713680029E0,2.751021385E0
6.410541700E1,-2.516284704E0,-2.339135647E0,3.402590036E0
6.411544400E1,-2.415903091E0,-2.707727194E0,4.198746681E0
6.412547100E1,-2.247091532E0,-2.608529091E0,4.711581230E0
6.413549800E1,-2.207008362E0,-2.255616903E0,4.575089931E0
6.414552400E1,-2.378755093E0,-2.038431883E0,3.762995005E0
6.415555100E1,-2.657778263E0,-2.114716291E0,2.607113361E0
6.416557800E1,-2.752149105E0,-2.362403393E0,1.599769115E0
6.417560500E1,-2.534029722E0,-2.581245661E0,1.079925537E0
6.418563200E1,-2.112648726E0,-2.683710337E0,9.403094053E-1
6.419565900E1,-1.732141256E0,-2.647296429E0,9.668605328E-1
6.420568500E1,-1.577532530E0,-2.568694592E0,1.011207700E0
6.421571200E1,-1.663824797E0,-2.484322071E0,1.005776286E0
6.422573900E1,-1.865024328E0,-2.361870766E0,9.736611247E-1
6.423576600E1,-2.066634893E0,-2.178902864E0,1.003786683E0
6.424579300E1,-2.195130348E0,-1.916821480E0,1.098292708E0
6.425582000E1,-2.239624977E0,-1.606316209E0,1.185170174E0
6.426584700E1,-2.188442707E0,-1.283194065E0,1.191953063E0
6.427587300E1,-2.032497644E0,-1.037159085E0,1.070619822E0
6.428590000E1,-1.775648713E0,-9.232823849E-1,8.169897199E-1
6.429592700E1,-1.457615376E0,-9.209693074E-1,5.044898391E-1
6.430595400E1,-1.114428759E0,-9.275896549E-1,1.852641702E-1
6.431598100E1,-7.967303991E-1,-8.501031399E-1,-9.422297776E-2
6.432600800E1,-5.285921693E-1,-6.705908775E-1,-2.952548862E-1
6.433603400E1,-3.015686572E-1,-4.484583139E-1,-4.368177056E-1
6.434606100E1,-1.146448180E-1,-1.934697032E-1,-5.655311942E-1
6.435608800E1,3.250338882E-2,9.210155904E-2,-6.773828864E-1
6.436611500E1,1.344417334E-1,3.604573905E-1,-7.927798033E-1
6.437614200E1,2.113361508E-1,6.075489521E-1,-8.996981382E-1
6.438616900E1,3.152257800E-1,8.684367537E-1,-9.851136804E-1
6.439619600E1,4.498747885E-1,1.181203008E0,-1.103199720E0
6.440622200E1,5.737357736E-1,1.539601207E0,-1.322339296E0
6.441624900E1,6.483890414E-1,1.869732857E0,-1.605915904E0
6.442627600E1,6.604372263E-1,2.120837688E0,-1.913597584E0
6.443630300E1,6.932544708E-1,2.239878654E0,-2.213956118E0
6.444633000E1,9.051145315E-1,2.291091681E0,-2.395762444E0
6.445635700E1,1.375937700E0,2.322680235E0,-2.324942827E0
6.446638300E1,2.043451309E0,2.363610506E0,-2.094959259E0
6.447641000E1,2.749657631E0,2.401374817E0,-2.063534021E0
6.448643700E1,3.240839720E0,2.305554628E0,-2.362393618E0
6.449646400E1,3.392025471E0,2.084362268E0,-2.794950008E0
6.450649100E1,3.234349966E0,1.790572882E0,-3.057747841E0
6.451651800E1,2.859117508E0,1.559459448E0,-3.065939188E0
6.452654500E1,2.323720694E0,1.505265713E0,-2.808865309E0
6.453657100E1,1.658838272E0,1.694460034E0,-2.462676525E0
6.454659800E1,9.784967899E-1,2.049592018E0,-2.198716879E0
6.455662446E1,4.510807991E-1,2.388484001E0,-2.007398605E0
6.456665146E1,1.761640310E-1,2.593335629E0,-1.816357970E0
6.457667846E1,1.690347642E-1,2.634750366E0,-1.529363871E0
6.458670546E1,4.106537700E-1,2.544776201E0,-1.140085697E0
6.459673146E1,8.320238590E-1,2.415401220E0,-7.002678514E-1
6.460675846E1,1.312488556E0,2.319381475E0,-3.050312996E-1
6.461678546E1,1.741176963E0,2.287670135E0,-5.512411520E-2
6.462681246E1,2.018023968E0,2.227298260E0,2.214274835E-3
6.463683946E1,2.133612871E0,2.116901636E0,-5.738659948E-2
6.464686646E1,2.117257357E0,1.958687067E0,-1.217437536E-1
6.465689246E1,2.014299154E0,1.774820685E0,-1.416307092E-1
6.466691946E1,1.828469992E0,1.593026400E0,-1.092322767E-1
6.467694646E1,1.583870530E0,1.410339236E0,-3.293995559E-2
6.468697346E1,1.298357606E0,1.177775502E0,1.076832041E-1
6.469700046E1,9.960546494E-1,8.650964499E-1,2.971538901E-1
6.470702746E1,6.947219968E-1,4.770791829E-1,6.070110798E-1
6.471705446E1,3.967033029E-1,8.111803234E-2,1.041392326E0
6.472708046E1,7.337476313E-2,-2.776691318E-1,1.574720383E0
6.473710746E1,-3.218001127E-1,-5.378064513E-1,2.097694397E0
6.474713446E1,-7.827688456E-1,-6.950051188E-1,2.502080917E0
6.475716146E1,-1.292117953E0,-7.657910585E-1,2.715238333E0
6.476718846E1,-1.864332199E0,-8.552804589E-1,2.831199169E0
6.477721546E1,-2.427794456E0,-1.161961436E0,3.004886150E0
6.478724146E1,-2.848914623E0,-1.738533854E0,3.471070528E0
6.479726846E1,-2.988911390E0,-2.298762083E0,4.092199326E0
6.480729546E1,-2.922120333E0,-2.566111803E0,4.468798637E0
6.481732246E1,-2.808828354E0,-2.508208513E0,4.391007900E0
6.482734946E1,-2.734242201E0,-2.273241758E0,3.803416729E0
6.483737646E1,-2.798768759E0,-2.094293833E0,2.794442892E0
6.484740246E1,-2.941711903E0,-2.151351452E0,1.726303220E0
6.485742946E1,-2.964442492E0,-2.298595905E0,1.009324312E0
6.486745646E1,-2.847852468E0,-2.370236635E0,7.584303021E-1
6.487748346E1,-2.713378429E0,-2.265611172E0,7.543931603E-1
6.488751046E1,-2.658029079E0,-2.032381296E0,7.717412710E-1
6.489753746E1,-2.694946051E0,-1.760923028E0,6.964035034E-1
6.490756446E1,-2.756452799E0,-1.528729677E0,5.334966183E-1
6.491759046E1,-2.789865732E0,-1.369832993E0,3.831804395E-1
6.492761746E1,-2.743020535E0,-1.268348694E0,3.165593147E-1
6.493764446E1,-2.585109949E0,-1.192183495E0,3.066861629E-1
6.494767146E1,-2.286212683E0,-1.105642438E0,3.216834962E-1
6.495769846E1,-1.849917054E0,-1.017663479E0,3.288624883E-1
6.496772546E1,-1.311389685E0,-9.794273973E-1,2.802286446E-1
6.497775146E1,-7.624232173E-1,-9.666703343E-1,1.639230400E-1
6.498777846E1,-3.278840184E-1,-9.117724299E-1,-1.416573115E-2
6.499780546E1,-1.138297021E-1,-8.228011727E-1,-2.243902832E-1
6.500783246E1,-7.577552646E-2,-7.393816710E-1,-4.238924682E-1
6.501785946E1,-1.280694753E-1,-6.084128618E-1,-6.261849999E-1
6.502788646E1,-2.522819638E-1,-3.973081112E-1,-7.945708036E-1
6.503791246E1,-4.127168953E-1,-1.209176481E-1,-9.174556732E-1
6.504793946E1,-5.339224339E-1,2.013227046E-1,-9.781306982E-1
6.505796646E1,-5.414299369E-1,4.459803998E-1,-9.811693430E-1
6.506799346E1,-3.864776194E-1,6.422082186E-1,-9.380794168E-1
6.507802046E1,-1.139342338E-1,8.401368856E-1,-9.028955102E-1
6.508804746E1,1.777293235E-1,1.064484715E0,-9.637942910E-1
6.509807446E1,4.646357894E-1,1.328708410E0,-1.103979826E0
6.510810046E1,7.271158695E-1,1.576910257E0,-1.321398735E0
6.511812746E1,8.814690113E-1,1.754173875E0,-1.655987978E0
6.512815446E1,9.381985664E-1,1.840040326E0,-1.986394167E0
6.513818146E1,1.067630410E0,1.783036828E0,-2.145391703E0
6.514820846E1,1.396966815E0,1.631057382E0,-2.134804726E0
6.515823546E1,1.923993468E0,1.495675445E0,-2.045829296E0
6.516826146E1,2.582104206E0,1.512032866E0,-1.995098710E0
6.517828846E1,3.124111891E0,1.540044665E0,-2.097953320E0
6.518831546E1,3.371963263E0,1.468969703E0,-2.488380671E0
6.519834246E1,3.277149200E0,1.295097828E0,-2.971800566E0
6.520836946E1,2.917186975E0,1.130769610E0,-3.246223450E0
6.521839646E1,2.421882153E0,1.150421143E0,-3.172231913E0
6.522842246E1,1.867089868E0,1.378696322E0,-2.896713257E0
6.523844946E1,1.294286013E0,1.779115319E0,-2.641920090E0
6.524847646E1,8.019066453E-1,2.184006929E0,-2.423046589E0
6.525850346E1,4.681626260E-1,2.406180143E0,-2.199058056E0
6.526853046E1,3.263213336E-1,2.414054394E0,-1.907985330E0
6.527855746E1,3.824185431E-1,2.304006815E0,-1.559536219E0
6.528858346E1,6.078814864E-1,2.204909801E0,-1.186329842E0
6.529861046E1,9.525218010E-1,2.139026880E0,-8.263351321E-1
6.530863746E1,1.353399754E0,2.116099834E0,-4.964880049E-1
6.531866446E1,1.744663715E0,2.085393667E0,-1.707949936E-1
6.532869146E1,2.047074556E0,2.008821011E0,1.447864026E-1
6.533871846E1,2.222522736E0,1.880797863E0,4.206561744E-1
6.534874446E1,2.249684334E0,1.695051908E0,5.995736718E-1
6.535877146E1,2.121593952E0,1.456225038E0,6.387438178E-1
6.536879846E1,1.829962373E0,1.194120169E0,5.958061814E-1
6.537882546E1,1.414003253E0,8.907583356E-1,6.158230305E-1
6.538885246E1,9.630437493E-1,5.619149208E-1,8.089448214E-1
6.539887946E1,5.569259524E-1,2.952776551E-1,1.192582369E0
6.540890546E1,2.144745886E-1,1.069852486E-1,1.673590302E0
6.541893246E1,-9.185245633E-2,4.735268652E-3,2.200736523E0
6.542895946E1,-4.078554213E-1,-5.786126852E-2,2.726056099E0
6.543898646E1,-7.511908412E-1,-1.053903922E-1,3.162565947E0
6.544901346E1,-1.140012026E0,-1.098967269E-1,3.362391233E0
6.545904046E1,-1.565016031E0,-2.924321890E-1,3.345811844E0
6.546906646E1,-1.968209386E0,-8.302955031E-1,3.281527758E0
6.547909346E1,-2.261306524E0,-1.659920573E0,3.335519791E0
6.548912046E1,-2.475869894E0,-2.503710508E0,3.562213659E0
6.549914746E1,-2.644027233E0,-3.124278784E0,3.864221811E0
6.550917446E1,-2.781037807E0,-3.245514870E0,3.973426819E0
6.551920146E1,-2.949177980E0,-2.845202208E0,3.756989956E0
6.552922746E1,-3.166910887E0,-2.265687466E0,3.341028214E0
6.553925446E1,-3.335349560E0,-1.886143327E0,2.761230707E0
6.554928146E1,-3.330683947E0,-1.766387343E0,2.122274876E0
6.555930846E1,-3.143007755E0,-1.807541013E0,1.555936217E0
6.556933546E1,-2.886260271E0,-1.841992736E0,1.152841210E0
6.557936246E1,-2.671684027E0,-1.825111985E0,9.056704044E-1
6.558938946E1,-2.587341309E0,-1.743424296E0,7.587445974E-1
6.559941546E1,-2.649831533E0,-1.621946335E0,6.543725133E-1
6.560944246E1,-2.776610136E0,-1.482721090E0,5.974921584E-1
6.561946946E1,-2.869750261E0,-1.349099994E0,5.916753411E-1
6.562949646E1,-2.852830887E0,-1.217798114E0,6.125390530E-1
6.563952346E1,-2.681469202E0,-1.096600056E0,6.389144659E-1
6.564954946E1,-2.344557524E0,-9.897350669E-1,6.499796510E-1
6.565957646E1,-1.867958546E0,-9.098269343E-1,6.396027803E-1
6.566960346E1,-1.309753895E0,-8.404273987E-1,6.372035742E-1
6.567963046E1,-7.389917970E-1,-7.662143111E-1,6.179822683E-1
6.568965746E1,-2.645824552E-1,-6.669747829E-1,5.156511068E-1
6.569968446E1,2.849991247E-2,-5.419539213E-1,2.969492972E-1
6.570971146E1,1.316768974E-1,-4.012527466E-1,-1.931408537E-3
6.571973746E1,8.383318782E-2,-2.400549799E-1,-3.318437040E-1
6.572976446E1,-4.742896184E-2,-4.446124658E-2,-6.185835600E-1
6.573979146E1,-1.740232557E-1,1.877906173E-1,-8.495118022E-1
6.574981846E1,-2.316527218E-1,4.309995174E-1,-1.036695719E0
6.575984546E1,-1.878816336E-1,6.539931893E-1,-1.080649376E0
6.576987246E1,-1.206692029E-2,8.536418080E-1,-1.019362569E0
6.577989846E1,2.557270825E-1,1.127497435E0,-9.213967323E-1
6.578992546E1,5.090179443E-1,1.483199358E0,-8.683183193E-1
6.579995246E1,6.938264966E-1,1.865626335E0,-9.625195265E-1
6.580997946E1,8.053823113E-1,2.158950090E0,-1.135917902E0
6.582000646E1,9.099465013E-1,2.286027193E0,-1.294803381E0
6.583003246E1,1.143365026E0,2.260514736E0,-1.417069554E0
6.584005946E1,1.598224401E0,2.101447582E0,-1.527592540E0
6.585008646E1,2.301506758E0,1.869257808E0,-1.672308683E0
6.586011346E1,3.121609688E0,1.646559596E0,-1.928052425E0
6.587014046E1,3.763036728E0,1.484704971E0,-2.363050222E0
6.588016746E1,3.975288630E0,1.421674490E0,-2.873140812E0
6.589019346E1,3.746014595E0,1.419739962E0,-3.145758390E0
6.590022046E1,3.221153259E0,1.469938397E0,-3.083906651E0
6.591024746E1,2.568315983E0,1.634615779E0,-2.834340334E0
6.592027446E1,1.846984029E0,1.912434101E0,-2.572758675E0
6.593030146E1,1.177428007E0,2.246163368E0,-2.394889116E0
6.594032846E1,7.207726836E-1,2.499087811E0,-2.283556700E0
6.595035446E1,5.101022720E-1,2.608853579E0,-2.096075773E0
6.596038146E1,5.312543511E-1,2.550119400E0,-1.788674235E0
6.597040846E1,7.768869996E-1,2.401688814E0,-1.428501964E0
6.598043546E1,1.197264910E0,2.255880833E0,-1.039500713E0
6.599046246E1,1.683822632E0,2.158702612E0,-6.374965906E-1
6.600048946E1,2.150224209E0,2.080320835E0,-2.819764316E-1
6.601051546E1,2.507795572E0,2.028620720E0,-2.376537398E-2
6.602054246E1,2.709416151E0,1.989815712E0,1.204650626E-1
6.603056946E1,2.743548870E0,1.920207858E0,1.491395831E-1
6.604059646E1,2.606341362E0,1.807933211E0,3.205289692E-2
6.605062346E1,2.308360100E0,1.587451100E0,-1.964985281E-1
6.606065046E1,1.859692812E0,1.245150566E0,-4.535790384E-1
6.607067646E1,1.319789052E0,8.142164350E-1,-5.901046395E-1
6.608070346E1,7.681882381E-1,3.625303209E-1,-5.047792792E-1
6.609073046E1,2.671970427E-1,-5.094835162E-2,-1.631601602E-1
6.610075746E1,-1.625483185E-1,-3.788524270E-1,4.027056992E-1
6.611078446E1,-5.361093879E-1,-6.025128961E-1,1.076798558E0
6.612081146E1,-9.200360179E-1,-7.267929912E-1,1.711204648E0
6.613083746E1,-1.343114138E0,-8.157165051E-1,2.187313557E0
6.614086446E1,-1.826267958E0,-9.037550688E-1,2.468952656E0
6.615089146E1,-2.305711508E0,-1.064969540E0,2.609529495E0
6.616091846E1,-2.698063135E0,-1.468765736E0,2.946224928E0
6.617094546E1,-2.962864876E0,-2.043896437E0,3.674100876E0
6.618097246E1,-3.012005568E0,-2.404171944E0,4.446333885E0
6.619099846E1,-2.916782141E0,-2.363884687E0,4.839077473E0
6.620102546E1,-2.885909796E0,-2.026790142E0,4.623562813E0
6.621105246E1,-3.027940989E0,-1.578870654E0,3.898378611E0
6.622107946E1,-3.319438696E0,-1.321477056E0,2.992826700E0
6.623110646E1,-3.533261776E0,-1.324032903E0,2.186591148E0
6.624113346E1,-3.466511965E0,-1.446548939E0,1.670216680E0
6.625115946E1,-3.165458918E0,-1.545676947E0,1.397385359E0
6.626118646E1,-2.813655376E0,-1.578680873E0,1.241062760E0
6.627121346E1,-2.526262283E0,-1.575061321E0,1.139257312E0
6.628124046E1,-2.373740911E0,-1.557215214E0,1.052310944E0
6.629126746E1,-2.357035160E0,-1.530840397E0,9.908097386E-1
6.630129346E1,-2.403364182E0,-1.483051062E0,9.810110331E-1
6.631132046E1,-2.406919956E0,-1.403329372E0,1.011296034E0
6.632134746E1,-2.299741507E0,-1.292602777E0,1.048237085E0
6.633137446E1,-2.079784393E0,-1.201505065E0,1.039583445E0
6.634140146E1,-1.767454147E0,-1.152225614E0,9.557561278E-1
6.635142846E1,-1.399345160E0,-1.128116012E0,7.979244590E-1
6.636145446E1,-1.019320250E0,-1.080332398E0,5.837997794E-1
6.637148146E1,-6.698719859E-1,-9.987695813E-1,3.211655021E-1
6.638150846E1,-3.802447021E-1,-8.613018394E-1,2.476212010E-2
6.639153546E1,-1.687329710E-1,-7.041766644E-1,-2.578136325E-1
6.640156246E1,-1.789152808E-2,-5.280345082E-1,-4.909507334E-1
6.641158946E1,8.089710027E-2,-3.291389942E-1,-6.952293515E-1
6.642161546E1,1.574226171E-1,-1.182212830E-1,-9.242421389E-1
6.643164246E1,2.384447753E-1,1.022357270E-1,-1.185370564E0
6.644166946E1,3.528054357E-1,3.172551990E-1,-1.389956594E0
6.645169646E1,5.210447907E-1,4.885920584E-1,-1.526723504E0
6.646172346E1,7.540908456E-1,6.200573444E-1,-1.642626882E0
6.647175046E1,1.023107290E0,7.538910508E-1,-1.761889338E0
6.648177646E1,1.265053749E0,8.884742260E-1,-1.953775406E0
6.649180346E1,1.430310369E0,1.029079318E0,-2.200732231E0
6.650183046E1,1.486804247E0,1.178275585E0,-2.453429222E0
6.651185746E1,1.478910804E0,1.262992024E0,-2.655842304E0
6.652188446E1,1.582818151E0,1.168214560E0,-2.716993809E0
6.653191046E1,1.926990747E0,1.056515694E0,-2.722467184E0
6.654193746E1,2.437414408E0,1.054350495E0,-2.804808617E0
6.655196446E1,2.878349543E0,1.142098188E0,-2.988594770E0
6.656199146E1,3.033670425E0,1.234316111E0,-3.183283806E0
6.657201846E1,2.889090300E0,1.247684360E0,-3.206514597E0
6.658204546E1,2.542450666E0,1.203875065E0,-2.998649836E0
6.659207146E1,2.051039934E0,1.242079139E0,-2.663208246E0
6.660209846E1,1.422812104E0,1.422139168E0,-2.360906839E0
6.661212546E1,7.794941664E-1,1.814940333E0,-2.198279142E0
6.662215246E1,2.745882571E-1,2.260808229E0,-2.131129026E0
6.663217946E1,-4.742458463E-3,2.592797279E0,-2.060911655E0
6.664220646E1,-5.545889214E-2,2.705778837E0,-1.902350545E0
6.665223246E1,1.152265593E-1,2.611701727E0,-1.635156989E0
6.666225946E1,4.370684028E-1,2.400532007E0,-1.283555984E0
6.667228646E1,8.091336489E-1,2.175263882E0,-9.251770973E-1
6.668231346E1,1.130393267E0,2.025254011E0,-6.238155365E-1
6.669234046E1,1.356694579E0,1.956402779E0,-4.366235435E-1
6.670236746E1,1.501698852E0,1.920864820E0,-3.669798672E-1
6.671239346E1,1.598830104E0,1.906930089E0,-3.606386185E-1
6.672242046E1,1.653125763E0,1.915578127E0,-3.582284153E-1
6.673244746E1,1.615749359E0,1.811601639E0,-3.487041295E-1
6.674247446E1,1.513434529E0,1.607241392E0,-3.457380235E-1
6.675250146E1,1.374348044E0,1.318861604E0,-3.160658777E-1
6.676252746E1,1.205990434E0,9.128561020E-1,-2.090564966E-1
6.677255446E1,1.019888997E0,4.458657205E-1,3.488319740E-2
6.678258146E1,8.104192019E-1,-1.696170308E-2,4.413615465E-1
6.679260846E1,5.550417900E-1,-3.874100745E-1,9.580901265E-1
6.680263546E1,2.470433563E-1,-6.468002200E-1,1.562931418E0
6.681266246E1,-1.230036765E-1,-7.733590007E-1,2.153833866E0
6.682268846E1,-5.949708819E-1,-7.207267284E-1,2.655340672E0
6.683271546E1,-1.195972562E0,-4.943404496E-1,2.955362082E0
6.684274246E1,-1.905802846E0,-2.951041758E-1,3.086598396E0
6.685276946E1,-2.573656082E0,-5.691269636E-1,3.261906385E0
6.686279646E1,-3.044320583E0,-1.384383202E0,3.651380301E0
6.687282346E1,-3.133840799E0,-2.182522774E0,4.204675198E0
6.688284946E1,-2.932324886E0,-2.577505589E0,4.564620018E0
6.689287646E1,-2.688559771E0,-2.541607618E0,4.454232216E0
6.690290346E1,-2.566171408E0,-2.259616852E0,3.989390373E0
6.691293046E1,-2.680592299E0,-1.974928141E0,3.300157547E0
6.692295746E1,-3.008987188E0,-1.905300021E0,2.467307568E0
6.693298346E1,-3.295476675E0,-1.950559139E0,1.688004017E0
6.694301046E1,-3.375755548E0,-1.927384257E0,1.122556329E0
6.695303746E1,-3.366430044E0,-1.816382051E0,7.753860950E-1
6.696306446E1,-3.421730995E0,-1.676538348E0,5.785265565E-1
6.697309146E1,-3.576843977E0,-1.567505836E0,4.441482425E-1
6.698311846E1,-3.785068035E0,-1.522069335E0,3.391149342E-1
6.699314446E1,-3.951463461E0,-1.544449687E0,2.804782689E-1
6.700317146E1,-3.987902641E0,-1.614435196E0,2.879550457E-1
6.701319846E1,-3.840205431E0,-1.699068546E0,3.194605112E-1
6.702322546E1,-3.506479263E0,-1.777799964E0,3.438288867E-1
6.703325246E1,-3.018908739E0,-1.853138208E0,3.655104637E-1
6.704327846E1,-2.420105934E0,-1.898324132E0,4.066459835E-1
6.705330546E1,-1.801073670E0,-1.885893226E0,4.767246842E-1
6.706333246E1,-1.243634939E0,-1.773674607E0,5.436990261E-1
6.707335946E1,-7.863853574E-1,-1.556691647E0,5.486516953E-1
6.708338646E1,-4.211969972E-1,-1.262764335E0,4.404683411E-1
6.709341346E1,-1.222414523E-1,-9.093806148E-1,2.036515176E-1
6.710343946E1,1.256767213E-1,-5.403707027E-1,-1.249037981E-1
6.711346646E1,2.771762609E-1,-2.083272338E-1,-4.897738993E-1
6.712349346E1,3.341840208E-1,3.896491602E-2,-8.090489507E-1
6.713352046E1,3.591309190E-1,2.294549793E-1,-9.346407056E-1
6.714354746E1,4.078724384E-1,4.232551157E-1,-9.061887264E-1
6.715357446E1,5.232307315E-1,7.295758724E-1,-8.612393737E-1
6.716360046E1,6.998412609E-1,1.159476876E0,-9.022724628E-1
6.717362746E1,8.852188587E-1,1.577063203E0,-1.119757414E0
6.718365446E1,1.056381226E0,1.892020464E0,-1.571353436E0
6.719368146E1,1.209749699E0,2.014712811E0,-2.165482044E0
6.720370846E1,1.443799615E0,1.880358577E0,-2.687058449E0
6.721373446E1,1.844724417E0,1.587177277E0,-2.982006073E0
6.722376146E1,2.405724049E0,1.380929828E0,-3.028633356E0
6.723378846E1,3.017945290E0,1.445863247E0,-2.994703293E0
6.724381546E1,3.495849133E0,1.700899720E0,-3.164761782E0
6.725384246E1,3.720623970E0,1.934597731E0,-3.493353367E0
6.726386946E1,3.690022230E0,2.005246401E0,-3.773259401E0
6.727389546E1,3.480403900E0,1.898359299E0,-3.887767792E0
6.728392246E1,3.127550602E0,1.703372002E0,-3.859226465E0
6.729394946E1,2.600208282E0,1.591600180E0,-3.743865967E0
6.730397646E1,1.913729191E0,1.699525952E0,-3.594244719E0
6.731400346E1,1.208870411E0,1.940234661E0,-3.402586222E0
6.732402946E1,5.971509218E-1,2.219570398E0,-3.134935617E0
6.733405646E1,1.766481847E-1,2.454797029E0,-2.779494047E0
6.734408346E1,-1.215688069E-3,2.589745522E0,-2.329436302E0
6.735411046E1,7.839844376E-2,2.599538565E0,-1.817415953E0
6.736413746E1,3.876456320E-1,2.496254683E0,-1.286249042E0
6.737416446E1,8.481979966E-1,2.304613590E0,-7.914531827E-1
6.738419046E1,1.341598392E0,2.092043400E0,-3.341009617E-1
6.739421746E1,1.773369312E0,1.943653584E0,6.668292731E-2
6.740424446E1,2.071496248E0,1.860668778E0,3.964245617E-1
6.741427146E1,2.199560165E0,1.825530529E0,6.797835827E-1
6.742429846E1,2.169903278E0,1.806020856E0,9.582028985E-1
6.743432446E1,1.989494324E0,1.781577110E0,1.201529860E0
6.744435146E1,1.646857142E0,1.680803657E0,1.362370849E0
6.745437846E1,1.207719207E0,1.517458677E0,1.482339621E0
6.746440546E1,7.575399280E-1,1.307318091E0,1.618937969E0
6.747443246E1,3.359756172E-1,1.112551212E0,1.871156335E0
6.748445946E1,-5.076805502E-2,9.376037717E-1,2.330898523E0
6.749448546E1,-3.665478528E-1,8.845312595E-1,2.981323481E0
6.750451246E1,-6.313855052E-1,9.752195477E-1,3.650929451E0
6.751453946E1,-8.695749044E-1,1.037357211E0,4.034893036E0
6.752456646E1,-1.125971437E0,7.876344323E-1,3.919942617E0
6.753459346E1,-1.485897064E0,1.243188083E-1,3.341675997E0
6.754461946E1,-1.921475649E0,-8.192927837E-1,2.656777143E0
6.755464646E1,-2.370463133E0,-1.827336550E0,2.235679388E0
6.756467333E1,-2.682070017E0,-2.530611753E0,2.235459566E0
6.757470033E1,-2.817993879E0,-2.726796389E0,2.406659842E0
6.758472733E1,-2.843108416E0,-2.479293823E0,2.482087851E0
6.759475433E1,-2.843317509E0,-2.092093229E0,2.408705950E0
6.760478033E1,-2.827351093E0,-1.841280222E0,2.098854303E0
6.761480733E1,-2.716836691E0,-1.807459354E0,1.589607120E0
6.762483433E1,-2.480217218E0,-1.955708146E0,1.006958604E0
6.763486133E1,-2.192816496E0,-2.147850513E0,5.404818654E-1
6.764488833E1,-1.950706363E0,-2.303450346E0,2.625483274E-1
6.765491433E1,-1.826586485E0,-2.395181656E0,1.852039993E-1
6.766494133E1,-1.860856175E0,-2.417357445E0,2.374203503E-1
6.767496833E1,-2.015866518E0,-2.369640112E0,3.511042893E-1
6.768499533E1,-2.207135439E0,-2.262214899E0,4.796676338E-1
6.769502233E1,-2.356507778E0,-2.050591707E0,5.938719511E-1
6.770504833E1,-2.430136919E0,-1.757590771E0,6.757861972E-1
6.771507533E1,-2.404217720E0,-1.469181299E0,7.472523451E-1
6.772510233E1,-2.245616436E0,-1.276815653E0,8.239558935E-1
6.773512933E1,-1.931925535E0,-1.173401952E0,8.845249414E-1
6.774515633E1,-1.462654591E0,-1.067778707E0,8.855764270E-1
6.775518333E1,-8.798304796E-1,-9.243698716E-1,7.815318108E-1
6.776520933E1,-3.025612831E-1,-7.859290242E-1,4.998523593E-1
6.777523633E1,1.222635135E-1,-6.587191224E-1,1.023052633E-1
6.778526333E1,3.448607624E-1,-5.695030093E-1,-3.138356209E-1
6.779529033E1,4.184641242E-1,-4.274023473E-1,-6.881929636E-1
6.780531733E1,3.949862719E-1,-1.903096735E-1,-9.975920916E-1
6.781534333E1,3.123989999E-1,9.663873911E-2,-1.230969667E0
6.782537033E1,2.422815710E-1,3.607892096E-1,-1.355065227E0
6.783539733E1,2.271380424E-1,5.832682848E-1,-1.422333717E0
6.784542433E1,2.591197491E-1,7.985506058E-1,-1.425819755E0
6.785545133E1,2.716158330E-1,1.046407819E0,-1.428109050E0
6.786547833E1,2.766340077E-1,1.355400205E0,-1.497086406E0
6.787550433E1,3.078614473E-1,1.692237854E0,-1.611998439E0
6.788553133E1,3.463757038E-1,1.988999367E0,-1.768560886E0
6.789555833E1,4.051679373E-1,2.178961277E0,-1.960699081E0
6.790558533E1,5.895529985E-1,2.161315918E0,-2.151287079E0
6.791561233E1,1.019267321E0,1.910319805E0,-2.256764412E0
6.792563833E1,1.771998286E0,1.618661046E0,-2.174878359E0
6.793566533E1,2.689909697E0,1.494226694E0,-2.029801130E0
6.794569233E1,3.433622122E0,1.516404510E0,-2.044212818E0
6.795571933E1,3.699372530E0,1.522243023E0,-2.230383158E0
6.796574633E1,3.481422424E0,1.440380812E0,-2.374550581E0
6.797577233E1,2.912933588E0,1.312776685E0,-2.379813671E0
6.798579933E1,2.118960619E0,1.282923222E0,-2.257633686E0
6.799582633E1,1.236428738E0,1.490207195E0,-2.116892338E0
6.800585333E1,4.417896271E-1,1.955855727E0,-2.048945904E0
6.801588033E1,-9.930506349E-2,2.421544313E0,-2.009595156E0
6.802590733E1,-3.554652035E-1,2.734642982E0,-1.918689013E0
6.803593333E1,-3.171194494E-1,2.814582109E0,-1.753572822E0
6.804596033E1,8.341733366E-3,2.638947487E0,-1.523695707E0
6.805598733E1,5.608488917E-1,2.335200787E0,-1.234308362E0
6.806601433E1,1.230618238E0,2.103223085E0,-9.134838581E-1
6.807604133E1,1.830994129E0,2.042459965E0,-6.069005132E-1
6.808606733E1,2.253221273E0,2.086018324E0,-3.281051815E-1
6.809609433E1,2.477741241E0,2.165108919E0,-9.843016416E-2
6.810612133E1,2.520119429E0,2.211008787E0,6.765124202E-2
6.811614833E1,2.412626505E0,2.177635670E0,1.500643641E-1
6.812617533E1,2.208975792E0,2.046971083E0,1.201689094E-1
6.813620133E1,1.931959271E0,1.806304693E0,1.560361683E-2
6.814622833E1,1.608653426E0,1.378934622E0,-9.525699168E-2
6.815625533E1,1.268107295E0,8.313649893E-1,-9.887196869E-2
6.816628233E1,9.345394969E-1,3.019725084E-1,6.611086428E-2
6.817630933E1,6.055613756E-1,-1.266416907E-1,4.758853316E-1
6.818633633E1,2.465974540E-1,-4.221636653E-1,1.132381916E0
6.819636233E1,-2.043713331E-1,-5.462675095E-1,1.898907304E0
6.820638933E1,-7.402523160E-1,-5.768803358E-1,2.509746552E0
6.821641633E1,-1.296602488E0,-6.242632866E-1,2.804310799E0
6.822644333E1,-1.849899888E0,-8.453747630E-1,2.875066996E0
6.823647033E1,-2.394214392E0,-1.332014441E0,2.871115923E0
6.824649633E1,-2.909536362E0,-1.973921418E0,3.082387209E0
6.825652333E1,-3.221589327E0,-2.354049206E0,3.409533262E0
6.826655033E1,-3.337104321E0,-2.269391775E0,3.577412128E0
6.827657733E1,-3.333858252E0,-1.839216590E0,3.443349361E0
6.828660433E1,-3.296403646E0,-1.434037566E0,3.024144411E0
6.829663033E1,-3.283593655E0,-1.341121912E0,2.389231443E0
6.830665733E1,-3.184762001E0,-1.477977872E0,1.713256598E0
6.831668433E1,-2.903104544E0,-1.689760685E0,1.172368884E0
6.832671133E1,-2.555643559E0,-1.866037607E0,8.487076163E-1
6.833673833E1,-2.337787390E0,-1.911193132E0,6.804845333E-1
6.834676433E1,-2.323701143E0,-1.854247808E0,5.637311935E-1
6.835679133E1,-2.467964411E0,-1.740638137E0,4.752186835E-1
6.836681833E1,-2.672991514E0,-1.625651240E0,4.204939008E-1
6.837684533E1,-2.822631598E0,-1.519244909E0,4.092889130E-1
6.838687233E1,-2.859193325E0,-1.422023535E0,4.251936078E-1
6.839689933E1,-2.752751112E0,-1.341709852E0,4.545573592E-1
6.840692533E1,-2.450246096E0,-1.309104323E0,4.995170236E-1
6.841695233E1,-1.955375433E0,-1.339716792E0,5.773808956E-1
6.842697933E1,-1.333947897E0,-1.361673236E0,6.461910605E-1
6.843700633E1,-7.173853517E-1,-1.298801064E0,6.620445848E-1
6.844703333E1,-2.289783806E-1,-1.124788880E0,5.372435451E-1
6.845705933E1,7.158358395E-2,-8.880282640E-1,2.618940175E-1
6.846708633E1,1.751585603E-1,-6.719716191E-1,-7.989455014E-2
6.847711333E1,1.208761558E-1,-4.927887917E-1,-4.049120545E-1
6.848714033E1,-2.537131775E-3,-2.931384742E-1,-6.611523628E-1
6.849716733E1,-1.035383195E-1,-2.072638646E-2,-8.186131120E-1
6.850719333E1,-1.399558336E-1,2.948358655E-1,-8.519044518E-1
6.851722033E1,-5.422282219E-2,6.071876287E-1,-8.229079247E-1
6.852724733E1,2.047018260E-1,8.992822170E-1,-8.245496750E-1
6.853727433E1,5.625542402E-1,1.169565439E0,-8.820207119E-1
6.854730133E1,9.722692370E-1,1.378733873E0,-1.064183831E0
6.855732700E1,1.358735085E0,1.489338636E0,-1.428211570E0
6.856735400E1,1.660246253E0,1.563186288E0,-1.896571517E0
6.857738100E1,1.831844568E0,1.632316828E0,-2.381382704E0
6.858740800E1,1.955097437E0,1.649612069E0,-2.746778965E0
6.859743500E1,2.163011312E0,1.633881569E0,-2.882954836E0
6.860746200E1,2.477186441E0,1.693543911E0,-2.743574619E0
6.861748800E1,2.846245766E0,1.800239801E0,-2.433667898E0
6.862751500E1,3.108963728E0,1.858844757E0,-2.188693762E0
6.863754200E1,3.145297527E0,1.787490726E0,-2.078989506E0
6.864756900E1,2.877864361E0,1.544472933E0,-2.017914772E0
6.865759600E1,2.324282408E0,1.265656233E0,-1.905218840E0
6.866762200E1,1.550712347E0,1.072507739E0,-1.713684320E0
6.867764900E1,6.923650503E-1,1.134753585E0,-1.588784933E0
6.868767600E1,-7.707049698E-2,1.503274679E0,-1.586586237E0
6.869770300E1,-6.197124720E-1,2.042038679E0,-1.632488012E0
6.870773000E1,-8.753294349E-1,2.489411831E0,-1.633694530E0
6.871775600E1,-7.732698917E-1,2.657835960E0,-1.511500955E0
6.872778300E1,-3.441482186E-1,2.515400648E0,-1.263789296E0
6.873781000E1,2.988605797E-1,2.207719326E0,-9.244070053E-1
6.874783700E1,9.812532663E-1,1.925455570E0,-5.539954305E-1
6.875786400E1,1.542835355E0,1.814168692E0,-2.273766100E-1
6.876789000E1,1.901470542E0,1.821078539E0,-2.493391559E-2
6.877791700E1,2.086908340E0,1.819106460E0,4.246722907E-2
6.878794400E1,2.144213676E0,1.759076476E0,1.216056757E-2
6.879797100E1,2.105179787E0,1.611148000E0,-7.713628560E-2
6.880799800E1,1.978161812E0,1.424267530E0,-1.630061120E-1
6.881802400E1,1.727284312E0,1.130748034E0,-2.256801426E-1
6.882805100E1,1.430541515E0,7.700408697E-1,-1.787227243E-1
6.883807800E1,1.141700864E0,4.097964168E-1,4.827233404E-2
6.884810500E1,8.601891398E-1,9.713174403E-2,5.024870634E-1
6.885813200E1,5.591829419E-1,-1.781062037E-1,1.132568479E0
6.886815800E1,2.097761929E-1,-4.101399779E-1,1.773547053E0
6.887818500E1,-1.927012056E-1,-5.911300182E-1,2.230625868E0
6.888821200E1,-6.414273381E-1,-7.248654366E-1,2.490864754E0
6.889823900E1,-1.075760722E0,-9.053284526E-1,2.648469210E0
6.890826600E1,-1.459276199E0,-1.139452934E0,2.783665657E0
6.891829300E1,-1.767184734E0,-1.517134428E0,2.967911720E0
6.892831900E1,-2.034314632E0,-2.085927248E0,3.327802420E0
6.893834600E1,-2.256125927E0,-2.629416227E0,3.794127226E0
6.894837300E1,-2.386231184E0,-2.919531822E0,4.071732998E0
6.895840000E1,-2.482284546E0,-2.929225206E0,3.908074141E0
6.896842700E1,-2.600618124E0,-2.729050875E0,3.322281837E0
6.897845300E1,-2.825340986E0,-2.442607880E0,2.500911236E0
6.898848000E1,-3.116331100E0,-2.254287720E0,1.719478846E0
6.899850700E1,-3.243093491E0,-2.154061794E0,1.200493455E0
6.900853400E1,-3.149283409E0,-2.104127407E0,9.681018591E-1
6.901856100E1,-2.977916241E0,-2.049879313E0,8.694021702E-1
6.902858700E1,-2.899924278E0,-1.986150384E0,8.182420135E-1
6.903861400E1,-2.994856358E0,-1.907513142E0,7.568950057E-1
6.904864100E1,-3.182863474E0,-1.807422280E0,6.817338467E-1
6.905866800E1,-3.312078238E0,-1.694925308E0,6.284916401E-1
6.906869500E1,-3.287632465E0,-1.634521961E0,6.381777525E-1
6.907872100E1,-3.075583458E0,-1.601355672E0,6.873932481E-1
6.908874800E1,-2.705835104E0,-1.564287424E0,7.395865321E-1
6.909877500E1,-2.215851068E0,-1.494598150E0,7.372986078E-1
6.910880200E1,-1.653347135E0,-1.373721242E0,6.841642261E-1
6.911882900E1,-1.076160431E0,-1.177813768E0,6.052467823E-1
6.912885500E1,-5.593997240E-1,-9.622350931E-1,4.885062575E-1
6.913888200E1,-1.674095839E-1,-7.682805061E-1,3.166348934E-1
6.914890900E1,1.110741273E-1,-6.098952293E-1,7.852121443E-2
6.915893600E1,3.060228527E-1,-4.490736127E-1,-2.129077017E-1
6.916896300E1,4.215399027E-1,-2.830767334E-1,-5.052069426E-1
6.917898900E1,4.577801824E-1,-1.167793572E-1,-7.554279566E-1
6.918901600E1,4.748379290E-1,8.896415681E-2,-9.516299963E-1
6.919904300E1,4.906818867E-1,2.988015413E-1,-1.077577591E0
6.920907000E1,5.555277467E-1,5.141927600E-1,-1.115511060E0
6.921909700E1,7.172625661E-1,8.187656999E-1,-1.132015944E0
6.922912300E1,9.212465882E-1,1.211056590E0,-1.230974436E0
6.923915000E1,1.053184390E0,1.639540553E0,-1.403787136E0
6.924917700E1,1.068387866E0,1.990394950E0,-1.665350437E0
6.925920400E1,9.774560928E-1,2.183640480E0,-1.995884657E0
6.926923100E1,9.382176399E-1,2.124363422E0,-2.316765070E0
6.927925700E1,1.200326443E0,1.842023015E0,-2.536157846E0
6.928928400E1,1.809750080E0,1.482904077E0,-2.530088186E0
6.929931100E1,2.626099348E0,1.277512789E0,-2.403907061E0
6.930933800E1,3.379591227E0,1.313911676E0,-2.397489309E0
6.931936500E1,3.773351669E0,1.368128657E0,-2.573119164E0
6.932939100E1,3.691328287E0,1.399378181E0,-2.827372551E0
6.933941800E1,3.192610264E0,1.342572689E0,-2.956768990E0
6.934944500E1,2.439360380E0,1.278033972E0,-2.812933922E0
6.935947200E1,1.599227548E0,1.352535844E0,-2.447011709E0
6.936949900E1,8.211669326E-1,1.697767138E0,-2.111291647E0
6.937952500E1,2.292330414E-1,2.177096605E0,-1.926901937E0
6.938955200E1,-1.077954620E-1,2.577747822E0,-1.771514177E0
6.939957900E1,-1.639508754E-1,2.721628666E0,-1.544964910E0
6.940960600E1,7.322291285E-2,2.605372667E0,-1.218194366E0
6.941963300E1,5.434489846E-1,2.341557503E0,-8.078969121E-1
6.942965900E1,1.131784916E0,2.092444658E0,-3.861182630E-1
6.943968600E1,1.690805078E0,1.934920669E0,-4.668906704E-2
6.944971300E1,2.080346584E0,1.815038443E0,1.560538560E-1
6.945974000E1,2.269622803E0,1.707195878E0,2.100851387E-1
6.946976700E1,2.284817219E0,1.631932855E0,1.580718905E-1
6.947979300E1,2.165216208E0,1.529340386E0,8.960948139E-2
6.948982000E1,1.945613980E0,1.398197770E0,5.296537653E-2
6.949984700E1,1.637476563E0,1.206536412E0,7.639028132E-2
6.950987400E1,1.241219878E0,9.797458053E-1,1.632411927E-1
6.951990100E1,7.761805058E-1,7.092482448E-1,3.142964840E-1
6.952992700E1,3.253409266E-1,4.434523880E-1,5.750161409E-1
6.953995400E1,-4.038939252E-2,1.874243319E-1,9.493671060E-1
6.954998100E1,-3.485901356E-1,-5.758455768E-2,1.412143946E0
6.956000858E1,-6.825087070E-1,-2.634801865E-1,1.922468901E0
6.957003558E1,-1.054424405E0,-4.022771716E-1,2.421717882E0
6.958006158E1,-1.442171693E0,-4.791583717E-1,2.812644958E0
6.959008858E1,-1.864691257E0,-5.486005545E-1,2.983775616E0
6.960011558E1,-2.311778784E0,-7.307192683E-1,2.897617102E0
6.961014258E1,-2.775903463E0,-1.196900845E0,2.820093393E0
6.962016958E1,-3.192948818E0,-1.857952595E0,3.014963627E0
6.963019558E1,-3.369196177E0,-2.372256756E0,3.316131115E0
6.964022258E1,-3.323022366E0,-2.531835079E0,3.428778172E0
6.965024958E1,-3.159818411E0,-2.410894632E0,3.234174252E0
6.966027658E1,-2.989761591E0,-2.248883724E0,2.850308657E0
6.967030358E1,-2.883843422E0,-2.219800234E0,2.393395424E0
6.968032958E1,-2.778781176E0,-2.242047548E0,1.936639667E0
6.969035658E1,-2.577677727E0,-2.277663708E0,1.623902202E0
6.970038358E1,-2.290459633E0,-2.326269150E0,1.486239433E0
6.971041058E1,-2.062532663E0,-2.279767275E0,1.439347148E0
6.972043758E1,-2.036612749E0,-2.130203962E0,1.397933125E0
6.973046358E1,-2.210645914E0,-1.894782901E0,1.341780066E0
6.974049058E1,-2.471293926E0,-1.625260592E0,1.269905925E0
6.975051758E1,-2.659482241E0,-1.385146976E0,1.230089426E0
6.976054458E1,-2.711104631E0,-1.185072780E0,1.217844248E0
6.977057158E1,-2.605287552E0,-1.035511494E0,1.180335760E0
6.978059758E1,-2.319496155E0,-9.124888182E-1,1.093955040E0
6.979062458E1,-1.869954824E0,-8.469678164E-1,9.114028811E-1
6.980065158E1,-1.340682745E0,-8.378691673E-1,5.905849338E-1
6.981067858E1,-8.378323913E-1,-8.343307972E-1,1.943465620E-1
6.982070558E1,-4.365927875E-1,-8.398554921E-1,-2.092802674E-1
6.983073158E1,-1.510486901E-1,-8.284497857E-1,-5.366752744E-1
6.984075858E1,3.986854106E-2,-7.773091197E-1,-7.760369778E-1
6.985078558E1,1.980350018E-1,-6.388145685E-1,-9.778378010E-1
6.986081258E1,3.405215740E-1,-4.008646011E-1,-1.139315009E0
6.987083958E1,4.588564634E-1,-9.997383505E-2,-1.285827041E0
6.988086558E1,5.598560572E-1,2.068087459E-1,-1.417298436E0
6.989089258E1,6.724710464E-1,4.813844562E-1,-1.509303451E0
6.990091958E1,8.293440342E-1,7.124605179E-1,-1.546393037E0
6.991094658E1,1.048354506E0,9.015586972E-1,-1.593746543E0
6.992097358E1,1.298122287E0,1.132452607E0,-1.738648534E0
6.993099958E1,1.533616424E0,1.414982080E0,-1.956407428E0
6.994102658E1,1.691424727E0,1.662062168E0,-2.197073698E0
6.995105358E1,1.744365811E0,1.818115234E0,-2.448930740E0
6.996108058E1,1.783697486E0,1.883587718E0,-2.676956177E0
6.997110758E1,1.957891464E0,1.805220008E0,-2.820144653E0
6.998113358E1,2.317593336E0,1.650445580E0,-2.954304695E0
6.999116058E1,2.813968658E0,1.587114811E0,-3.175563335E0
7.000118758E1,3.404781342E0,1.724194884E0,-3.492308378E0
7.001121458E1,3.992385149E0,1.978954911E0,-3.750555038E0
7.002124058E1,4.500689030E0,2.097178221E0,-3.770688057E0
7.003126758E1,4.843978882E0,1.915031314E0,-3.509826899E0
7.004129458E1,4.840686798E0,1.528592706E0,-3.045511961E0
7.005132158E1,4.354277611E0,1.151849031E0,-2.590363503E0
7.006134858E1,3.421088457E0,1.046945214E0,-2.334852219E0
7.007137458E1,2.261817932E0,1.328384042E0,-2.298900604E0
7.008140158E1,1.194804907E0,1.830390692E0,-2.300233603E0
7.009142858E1,4.394729733E-1,2.242176294E0,-2.156806469E0
7.010145558E1,6.523011625E-2,2.416208982E0,-1.834525347E0
7.011148258E1,5.704079941E-2,2.402535200E0,-1.426921964E0
7.012150858E1,3.321733177E-1,2.302455902E0,-1.052638888E0
7.013153558E1,7.735163569E-1,2.123381138E0,-8.014867306E-1
7.014156258E1,1.241209745E0,1.862995625E0,-6.869226098E-1
7.015158958E1,1.547644377E0,1.563099504E0,-6.503886580E-1
7.016161658E1,1.601140022E0,1.320426702E0,-6.083618402E-1
7.017164258E1,1.441160440E0,1.239185572E0,-5.380279422E-1
7.018166958E1,1.134492040E0,1.363859892E0,-4.470354617E-1
7.019169658E1,7.053763866E-1,1.600674868E0,-2.938965559E-1
7.020172358E1,1.931115240E-1,1.653983355E0,-1.401860863E-1
7.021175058E1,-3.026921153E-1,1.568135142E0,1.749652997E-2
7.022177658E1,-7.282375693E-1,1.334732533E0,2.187449485E-1
7.023180358E1,-1.029373288E0,9.755455852E-1,4.807270169E-1
7.024183058E1,-1.162752390E0,5.168030858E-1,8.721123338E-1
7.025185758E1,-1.154970407E0,4.714129865E-2,1.350002766E0
7.026188458E1,-1.127964616E0,-2.921901643E-1,1.777577162E0
7.027191058E1,-1.177944660E0,-4.568960071E-1,2.121694326E0
7.028193758E1,-1.339717388E0,-4.346386194E-1,2.370476484E0
7.029196458E1,-1.571115971E0,-3.958363235E-1,2.528067112E0
7.030199158E1,-1.806225419E0,-6.391006708E-1,2.621632338E0
7.031201858E1,-1.973800421E0,-1.333497763E0,2.770567417E0
7.032204458E1,-1.961624861E0,-2.197419405E0,3.132373571E0
7.033207158E1,-1.759785533E0,-2.776182890E0,3.540088892E0
7.034209858E1,-1.492364168E0,-2.921927691E0,3.775051355E0
7.035212558E1,-1.251921892E0,-2.835498095E0,3.732814312E0
7.036215158E1,-1.106970549E0,-2.689728022E0,3.425843716E0
7.037217858E1,-1.105774641E0,-2.610965014E0,2.952399015E0
7.038220558E1,-1.223080277E0,-2.677440405E0,2.439824820E0
7.039223258E1,-1.442157149E0,-2.729457140E0,2.124644041E0
7.040225958E1,-1.792253017E0,-2.650600195E0,2.032555342E0
7.041228558E1,-2.277508974E0,-2.415080786E0,1.956095099E0
7.042231258E1,-2.804993629E0,-2.108033419E0,1.812540889E0
7.043233958E1,-3.269091368E0,-1.826614380E0,1.607569933E0
7.044236658E1,-3.578039408E0,-1.661582828E0,1.439680576E0
7.045239358E1,-3.675782681E0,-1.614225268E0,1.369447231E0
7.046241958E1,-3.574251175E0,-1.592378259E0,1.370873332E0
7.047244658E1,-3.303449631E0,-1.517207026E0,1.387949824E0
7.048247358E1,-2.914865971E0,-1.392014980E0,1.370022416E0
7.049250058E1,-2.427145481E0,-1.289624810E0,1.280340791E0
7.050252758E1,-1.882596731E0,-1.238770962E0,1.111114025E0
7.051255358E1,-1.335110307E0,-1.195975423E0,8.387361169E-1
7.052258058E1,-8.639952540E-1,-1.118858218E0,4.719644785E-1
7.053260758E1,-5.104158521E-1,-9.923492670E-1,9.301076084E-2
7.054263458E1,-2.883465886E-1,-8.536433578E-1,-2.202131897E-1
7.055266158E1,-1.656416804E-1,-6.993644238E-1,-4.400466681E-1
7.056268771E1,-1.062454730E-1,-4.735046923E-1,-6.294291019E-1
7.057271471E1,-1.037081555E-1,-1.793413907E-1,-7.973383665E-1
7.058274171E1,-1.161608323E-1,1.653102785E-1,-9.427112341E-1
7.059276871E1,-1.197467819E-1,5.132557154E-1,-1.023624420E0
7.060279471E1,-9.368119389E-2,7.880463004E-1,-1.049924374E0
7.061282171E1,-1.433936879E-2,9.882514477E-1,-1.072176099E0
7.062284871E1,1.301637590E-1,1.232108235E0,-1.176561713E0
7.063287571E1,2.999967635E-1,1.554505587E0,-1.348537326E0
7.064290271E1,4.365625978E-1,1.921345711E0,-1.534092188E0
7.065292871E1,4.398978949E-1,2.303964615E0,-1.743852139E0
7.066295571E1,3.662633598E-1,2.472801924E0,-1.967468977E0
7.067298271E1,5.005327463E-1,2.287422895E0,-2.214698792E0
7.068300971E1,1.011348367E0,1.994109511E0,-2.529134989E0
7.069303671E1,1.735233426E0,1.870161891E0,-2.861391306E0
7.070306271E1,2.390746355E0,1.886162400E0,-3.189255476E0
7.071308971E1,2.726743698E0,1.891139269E0,-3.526851654E0
7.072311671E1,2.700549364E0,1.803205609E0,-3.723717213E0
7.073314371E1,2.418519735E0,1.678591371E0,-3.642704725E0
7.074317071E1,1.971255422E0,1.614985228E0,-3.337789059E0
7.075319671E1,1.404719353E0,1.610869765E0,-2.971651316E0
7.076322371E1,7.841807008E-1,1.731696606E0,-2.728933334E0
7.077325071E1,2.210647315E-1,1.973233938E0,-2.619919062E0
7.078327771E1,-2.166351080E-1,2.211179733E0,-2.486411333E0
7.079330371E1,-4.745222926E-1,2.345346212E0,-2.239480734E0
7.080333071E1,-5.050283074E-1,2.344563961E0,-1.871067882E0
7.081335771E1,-2.997909486E-1,2.252050877E0,-1.449097157E0
7.082338471E1,1.171513945E-1,2.138650894E0,-9.926353693E-1
7.083341171E1,6.822600961E-1,2.053175688E0,-5.745621920E-1
7.084343771E1,1.276033401E0,1.953042626E0,-1.855100691E-1
7.085346471E1,1.766485810E0,1.822715402E0,1.971143633E-1
7.086349171E1,2.110904455E0,1.701610088E0,5.494369864E-1
7.087351871E1,2.303975105E0,1.565313935E0,8.207971454E-1
7.088354571E1,2.338250160E0,1.386142492E0,9.392468333E-1
7.089357171E1,2.205854416E0,1.212341428E0,9.421796799E-1
7.090359871E1,1.917111754E0,9.449385405E-1,8.932430148E-1
7.091362571E1,1.517821431E0,5.760923624E-1,8.729751706E-1
7.092365271E1,1.091755033E0,1.551051885E-1,1.005673289E0
7.093367971E1,7.046806812E-1,-2.324065119E-1,1.329909444E0
7.094370571E1,4.030851424E-1,-5.306403637E-1,1.814732552E0
7.095373271E1,1.172483563E-1,-7.149327397E-1,2.329310656E0
7.096375971E1,-2.832117081E-1,-7.598000765E-1,2.767665625E0
7.097378671E1,-8.192310929E-1,-7.285962701E-1,3.067325115E0
7.098381271E1,-1.436208248E0,-7.064135075E-1,3.164041996E0
7.099383971E1,-2.056701422E0,-8.321189284E-1,3.172438860E0
7.100386671E1,-2.589071989E0,-1.329913259E0,3.320268631E0
7.101389371E1,-2.914879560E0,-2.111683846E0,3.715078115E0
7.102392071E1,-2.997156382E0,-2.714114904E0,4.112308025E0
7.103394671E1,-2.968865395E0,-2.862138271E0,4.166516304E0
7.104397371E1,-2.931582451E0,-2.625444412E0,3.795132160E0
7.105400071E1,-2.908418179E0,-2.216347933E0,3.218283892E0
7.106402771E1,-2.898670197E0,-1.932096720E0,2.561413050E0
7.107405471E1,-2.818777323E0,-1.853823066E0,1.923658490E0
7.108408071E1,-2.595071316E0,-1.895673037E0,1.456388831E0
7.109410771E1,-2.307545900E0,-1.922420144E0,1.222856879E0
7.110413471E1,-2.094287157E0,-1.866456270E0,1.115651250E0
7.111416171E1,-2.042063475E0,-1.788746357E0,1.044516563E0
7.112418771E1,-2.152986050E0,-1.695889831E0,9.854552746E-1
7.113421471E1,-2.369305372E0,-1.593359113E0,9.548027515E-1
7.114424171E1,-2.552897453E0,-1.492769122E0,9.687606692E-1
7.115426871E1,-2.612442255E0,-1.391304970E0,1.011504531E0
7.116429571E1,-2.518850803E0,-1.307892323E0,1.048099279E0
7.117432171E1,-2.262927532E0,-1.207115054E0,1.045721889E0
7.118434871E1,-1.860994816E0,-1.062488675E0,9.850648642E-1
7.119437571E1,-1.367883801E0,-8.882405162E-1,8.725220561E-1
7.120440271E1,-8.820851445E-1,-7.238121629E-1,6.705532670E-1
7.121442971E1,-4.854153693E-1,-5.720326304E-1,3.762321472E-1
7.122445571E1,-2.404223979E-1,-4.264695942E-1,3.003904782E-2
7.123448271E1,-1.354166418E-1,-2.929202616E-1,-3.172250390E-1
7.124450971E1,-9.183881432E-2,-1.448692828E-1,-6.262289286E-1
7.125453671E1,-5.372285098E-2,-5.989223719E-4,-8.871968985E-1
7.126456271E1,1.393131679E-3,1.239123866E-1,-1.091169834E0
7.127458971E1,9.331263602E-2,2.837038040E-1,-1.289505601E0
7.128461671E1,2.335182130E-1,4.761504829E-1,-1.466361642E0
7.129464371E1,4.265817404E-1,6.964380145E-1,-1.548384666E0
7.130467071E1,6.537480354E-1,9.807592034E-1,-1.551815033E0
7.131469671E1,8.552197218E-1,1.328929067E0,-1.544229388E0
7.132472371E1,9.667012691E-1,1.715982318E0,-1.580871105E0
7.133475071E1,9.620147347E-1,2.076530457E0,-1.745605707E0
7.134477771E1,8.603001237E-1,2.319044590E0,-2.078383207E0
7.135480471E1,7.372080088E-1,2.373289347E0,-2.545042038E0
7.136483071E1,7.183648348E-1,2.291495085E0,-2.971473932E0
7.137485771E1,9.046561718E-1,2.243896008E0,-3.224905968E0
7.138488471E1,1.274608850E0,2.320108652E0,-3.269869566E0
7.139491171E1,1.753267646E0,2.398207426E0,-3.226782560E0
7.140493771E1,2.211176395E0,2.355559111E0,-3.264332294E0
7.141496471E1,2.517695189E0,2.129066229E0,-3.328967571E0
7.142499171E1,2.551166058E0,1.687729359E0,-3.219296217E0
7.143501871E1,2.223927975E0,1.239440799E0,-2.940890074E0
7.144504571E1,1.538018227E0,1.053222775E0,-2.634044647E0
7.145507171E1,6.130071878E-1,1.309625745E0,-2.455410957E0
7.146509871E1,-2.790537179E-1,1.841746092E0,-2.388525486E0
7.147512571E1,-9.193938971E-1,2.342605591E0,-2.292756319E0
7.148515271E1,-1.200104713E0,2.663042307E0,-2.052719116E0
7.149517871E1,-1.069240570E0,2.709602833E0,-1.642272949E0
7.150520571E1,-5.489089489E-1,2.527570486E0,-1.119230747E0
7.151523271E1,2.642023563E-1,2.264742136E0,-5.837901831E-1
7.152525971E1,1.185962319E0,2.033569574E0,-1.020044163E-1
7.153528671E1,2.016666889E0,1.882096052E0,3.297055662E-1
7.154531271E1,2.628509283E0,1.789203882E0,6.592980623E-1
7.155533971E1,3.027417421E0,1.755257010E0,8.004705310E-1
7.156536637E1,3.227936745E0,1.733224988E0,7.350622416E-1
7.157539337E1,3.220676184E0,1.669253469E0,4.987918735E-1
7.158542037E1,3.005590200E0,1.511867642E0,1.729088426E-1
7.159544637E1,2.632194042E0,1.251199484E0,-1.310569793E-1
7.160547337E1,2.165123463E0,8.490259051E-1,-2.749888301E-1
7.161550038E1,1.703282237E0,3.947208822E-1,-1.618740261E-1
7.162552737E1,1.293964148E0,5.809068214E-3,2.139504552E-1
7.163555338E1,9.412310719E-1,-2.922317982E-1,8.376213312E-1
7.164558037E1,5.376149416E-1,-4.347346127E-1,1.560438514E0
7.165560737E1,-2.790800296E-3,-3.806799054E-1,2.202278137E0
7.166563437E1,-7.024559379E-1,-1.949789971E-1,2.686932325E0
7.167566138E1,-1.530932784E0,-3.706095368E-2,2.957442045E0
7.168568737E1,-2.385175705E0,-3.592059016E-2,2.969232798E0
7.169571438E1,-3.125548124E0,-4.574325085E-1,2.980157852E0
7.170574138E1,-3.609491110E0,-1.355649710E0,3.244282722E0
7.171576837E1,-3.764475822E0,-2.139945745E0,3.650366783E0
7.172579438E1,-3.684313297E0,-2.418911934E0,3.946165562E0
7.173582137E1,-3.512675047E0,-2.248576880E0,3.920976162E0
7.174584837E1,-3.371932507E0,-1.909361243E0,3.565298319E0
7.175587537E1,-3.329411745E0,-1.696408510E0,2.919406176E0
7.176590238E1,-3.346715450E0,-1.699302316E0,2.092643976E0
7.177592837E1,-3.203059912E0,-1.786206841E0,1.354503870E0
7.178595538E1,-2.828670025E0,-1.914519787E0,9.001412988E-1
7.179598237E1,-2.356662035E0,-1.999788284E0,7.062102556E-1
7.180600937E1,-1.981901526E0,-2.011455297E0,6.809338927E-1
7.181603637E1,-1.834404945E0,-2.012989759E0,6.852849126E-1
7.182606237E1,-1.906500697E0,-1.996700168E0,6.844990253E-1
7.183608937E1,-2.085062027E0,-1.961662054E0,6.948209405E-1
7.184611638E1,-2.232587337E0,-1.938508749E0,7.231510878E-1
7.185614338E1,-2.270814180E0,-1.902044415E0,7.582487464E-1
7.186616938E1,-2.181175947E0,-1.833284855E0,7.773262858E-1
7.187619638E1,-1.946149111E0,-1.713542819E0,7.637634277E-1
7.188622337E1,-1.585161686E0,-1.567849994E0,7.246639729E-1
7.189625037E1,-1.139522195E0,-1.410628319E0,6.618875861E-1
7.190627738E1,-6.798068285E-1,-1.261609554E0,5.374580622E-1
7.191630337E1,-2.702546120E-1,-1.112174034E0,3.206167519E-1
7.192633037E1,2.394159511E-2,-9.755769968E-1,2.598697878E-2
7.193635738E1,1.980822384E-1,-8.404719830E-1,-3.108911514E-1
7.194638437E1,2.791893482E-1,-6.853260398E-1,-6.212725043E-1
7.195641038E1,2.859149277E-1,-5.059601665E-1,-8.777315021E-1
7.196643737E1,2.599980831E-1,-2.685489953E-1,-1.098196745E0
7.197646437E1,2.228255421E-1,-2.287786454E-2,-1.234850645E0
7.198649137E1,2.305865139E-1,2.280212045E-1,-1.233368874E0
7.199651838E1,3.210490644E-1,5.242840648E-1,-1.133831024E0
7.200654437E1,4.921992421E-1,8.883179426E-1,-1.064719319E0
7.201657138E1,7.007111311E-1,1.251949430E0,-1.084751964E0
7.202659837E1,9.184256196E-1,1.594085693E0,-1.278715849E0
7.203662537E1,1.103200793E0,1.831081867E0,-1.599529386E0
7.204665137E1,1.257218242E0,1.848276377E0,-1.996075034E0
7.205667837E1,1.497080922E0,1.644211531E0,-2.371252775E0
7.206670537E1,1.915247798E0,1.382733583E0,-2.585153103E0
7.207673238E1,2.486182690E0,1.289357662E0,-2.621511459E0
7.208675938E1,3.025263548E0,1.383282781E0,-2.597143650E0
7.209678538E1,3.341479540E0,1.485078216E0,-2.613096714E0
7.210681238E1,3.373383999E0,1.470285654E0,-2.633723259E0
7.211683937E1,3.124412537E0,1.378817081E0,-2.569246531E0
7.212686637E1,2.612695694E0,1.331285834E0,-2.323533058E0
7.213689237E1,1.901676893E0,1.422970295E0,-1.955766082E0
7.214691937E1,1.164629340E0,1.716963530E0,-1.632714510E0
7.215694637E1,5.968537331E-1,2.146983147E0,-1.420321465E0
7.216697338E1,2.712849379E-1,2.550713062E0,-1.284563422E0
7.217700037E1,2.102395892E-1,2.819177866E0,-1.139884949E0
7.218702638E1,4.146326780E-1,2.879464865E0,-9.321734905E-1
7.219705337E1,8.232138753E-1,2.743200779E0,-6.360828280E-1
7.220708037E1,1.344276547E0,2.520914316E0,-2.477937192E-1
7.221710737E1,1.843796253E0,2.348968983E0,1.549717188E-1
7.222713337E1,2.199279785E0,2.259892702E0,4.687594771E-1
7.223716037E1,2.391770601E0,2.229914665E0,6.196331978E-1
7.224718738E1,2.455324173E0,2.240371227E0,5.784881711E-1
7.225721438E1,2.418993711E0,2.222740173E0,3.839806616E-1
7.226724137E1,2.332343340E0,2.029459476E0,1.511681974E-1
7.227726738E1,2.194841385E0,1.622888207E0,-5.584480986E-2
7.228729437E1,2.004483223E0,1.124096513E0,-1.934026778E-1
7.229732137E1,1.754440188E0,6.137349606E-1,-2.311271131E-1
7.230734837E1,1.460413575E0,1.789904386E-1,-1.357057989E-1
7.231737437E1,1.123437643E0,-1.533818692E-1,8.369673789E-2
7.232740137E1,7.453928590E-1,-3.714353740E-1,4.427856505E-1
7.233742838E1,3.350471556E-1,-4.822442830E-1,9.105755687E-1
7.234745537E1,-1.053621620E-1,-4.594540298E-1,1.460651636E0
7.235748237E1,-5.533620715E-1,-3.828089833E-1,2.024932384E0
7.236750837E1,-9.747636318E-1,-3.095355630E-1,2.438622713E0
7.237753537E1,-1.394961715E0,-3.661500812E-1,2.682057619E0
7.238756237E1,-1.854060769E0,-6.423102617E-1,2.786934376E0
7.239758938E1,-2.362239361E0,-1.138543606E0,3.055316925E0
7.240761537E1,-2.753896475E0,-1.722598076E0,3.527897596E0
7.241764238E1,-2.892155170E0,-2.068301916E0,3.914126396E0
7.242766937E1,-2.827934980E0,-2.018412113E0,3.984694242E0
7.243769637E1,-2.643419027E0,-1.715563178E0,3.701682568E0
7.244772337E1,-2.477351904E0,-1.513355732E0,3.157722235E0
7.245774937E1,-2.449916601E0,-1.590821981E0,2.433791161E0
7.246777637E1,-2.499896288E0,-1.846913695E0,1.727029800E0
7.247780338E1,-2.548088074E0,-2.039511919E0,1.263961673E0
7.248783038E1,-2.640954018E0,-2.023852348E0,1.133172512E0
7.249785638E1,-2.898671627E0,-1.843617439E0,1.183067918E0
7.250788338E1,-3.310953140E0,-1.596269131E0,1.255354643E0
7.251791037E1,-3.759653568E0,-1.386306882E0,1.286320448E0
7.252793737E1,-4.129825592E0,-1.231296778E0,1.269595265E0
7.253796337E1,-4.339823246E0,-1.110302806E0,1.217218995E0
7.254799037E1,-4.346352100E0,-1.060461164E0,1.118678570E0
7.255801737E1,-4.127709866E0,-1.058522224E0,1.000685453E0
7.256804471E1,-3.665567160E0,-1.049165249E0,8.422046900E-1
7.257807171E1,-3.005126476E0,-1.030942082E0,6.265532970E-1
7.258809771E1,-2.252443075E0,-9.873698950E-1,3.711508214E-1
7.259812471E1,-1.541369438E0,-9.622929096E-1,8.300302923E-2
7.260815171E1,-9.608882666E-1,-9.460710287E-1,-2.384255975E-1
7.261817871E1,-5.456635356E-1,-8.857284188E-1,-5.805336833E-1
7.262820471E1,-2.893241942E-1,-7.264199853E-1,-8.907895684E-1
7.263823171E1,-1.447748393E-1,-4.955060780E-1,-1.183843613E0
7.264825871E1,-7.026837766E-2,-2.018129379E-1,-1.480558038E0
7.265828571E1,-9.063458070E-3,1.319478750E-1,-1.759709120E0
7.266831271E1,3.355297819E-2,4.674398601E-1,-2.009073734E0
7.267833871E1,8.337844908E-2,7.235375047E-1,-2.173301697E0
7.268836571E1,2.068511099E-1,9.399230480E-1,-2.274652004E0
7.269839271E1,4.290051758E-1,1.152792454E0,-2.297891140E0
7.270841971E1,6.823477149E-1,1.485106111E0,-2.304158688E0
7.271844571E1,8.552874923E-1,1.990169048E0,-2.374399424E0
7.272847271E1,8.992110491E-1,2.487378597E0,-2.549593687E0
7.273849971E1,8.661073446E-1,2.841147184E0,-2.813048840E0
7.274852671E1,9.372094870E-1,2.844840288E0,-3.028770685E0
7.275855271E1,1.308213353E0,2.481859922E0,-3.130899429E0
7.276857971E1,1.982425928E0,1.993912697E0,-3.086528063E0
7.277860671E1,2.822726965E0,1.672387958E0,-2.935087681E0
7.278863371E1,3.568691492E0,1.684346676E0,-2.850790501E0
7.279866071E1,3.960527658E0,1.800982833E0,-2.844390631E0
7.280868671E1,3.953623533E0,1.838433266E0,-2.806423187E0
7.281871371E1,3.600484610E0,1.750342250E0,-2.669576645E0
7.282874071E1,2.954809666E0,1.635811448E0,-2.475904942E0
7.283876771E1,2.091694832E0,1.642673373E0,-2.274431944E0
7.284879371E1,1.185558081E0,1.899634361E0,-2.110406876E0
7.285882071E1,4.400553405E-1,2.313153267E0,-1.953563213E0
7.286884771E1,-2.807483450E-2,2.659736633E0,-1.729336739E0
7.287887471E1,-1.948822290E-1,2.780612707E0,-1.398157835E0
7.288890171E1,-7.105535269E-2,2.734678984E0,-1.018220067E0
7.289892771E1,3.315689564E-1,2.616160393E0,-6.255274415E-1
7.290895471E1,9.156318903E-1,2.454645872E0,-2.351855338E-1
7.291898171E1,1.566771626E0,2.240323782E0,1.288731396E-1
7.292900871E1,2.152205467E0,2.039377928E0,4.838629365E-1
7.293903471E1,2.567573547E0,1.876686811E0,7.847711444E-1
7.294906171E1,2.765891552E0,1.799471617E0,9.559362531E-1
7.295908871E1,2.743741989E0,1.791446328E0,1.003694534E0
7.296911571E1,2.521907091E0,1.755040884E0,9.645489454E-1
7.297914171E1,2.134317875E0,1.624320507E0,9.456984997E-1
7.298916871E1,1.631270409E0,1.402575612E0,1.024202347E0
7.299919571E1,1.052764416E0,1.059474707E0,1.242491603E0
7.300922271E1,4.855569005E-1,6.964322329E-1,1.591319680E0
7.301924971E1,-7.206013892E-3,3.823245466E-1,2.052669525E0
7.302927571E1,-3.969109058E-1,1.926523596E-1,2.565743685E0
7.303930271E1,-7.378565073E-1,1.591102630E-1,3.068166018E0
7.304932971E1,-1.082590222E0,2.345714718E-1,3.411354065E0
7.305935671E1,-1.490913749E0,2.954959869E-1,3.536653042E0
7.306938271E1,-1.996770501E0,1.883503795E-1,3.541577578E0
7.307940971E1,-2.526664972E0,-2.627357841E-1,3.768090248E0
7.308943671E1,-2.954541206E0,-8.547897339E-1,4.230383873E0
7.309946371E1,-3.155302048E0,-1.296437383E0,4.754524708E0
7.310948971E1,-3.138423204E0,-1.486049414E0,5.079081059E0
7.311951671E1,-2.973883867E0,-1.642861605E0,4.944333076E0
7.312954371E1,-2.708774805E0,-1.820769310E0,4.297551155E0
7.313957071E1,-2.469270468E0,-1.995109081E0,3.279532433E0
7.314959771E1,-2.336675167E0,-2.043282032E0,2.185905457E0
7.315962371E1,-2.356933832E0,-2.028757095E0,1.346366763E0
7.316965071E1,-2.491304398E0,-1.986279726E0,8.700512648E-1
7.317967771E1,-2.766341448E0,-1.844767809E0,6.028099060E-1
7.318970471E1,-3.220352650E0,-1.648240566E0,4.235948920E-1
7.319973071E1,-3.754262686E0,-1.460590720E0,2.324786633E-1
7.320975771E1,-4.214690208E0,-1.319787264E0,2.762032300E-2
7.321978471E1,-4.496362209E0,-1.247612953E0,-1.027409956E-1
7.322981171E1,-4.544398308E0,-1.246770620E0,-1.302120388E-1
7.323983871E1,-4.334481716E0,-1.328552723E0,-1.110584661E-1
7.324986471E1,-3.876356363E0,-1.460132957E0,-1.125479713E-1
7.325989171E1,-3.213855028E0,-1.600319982E0,-1.578834802E-1
7.326991871E1,-2.392322063E0,-1.719038844E0,-2.876324058E-1
7.327994571E1,-1.520565033E0,-1.815106392E0,-5.349119306E-1
7.328997171E1,-7.653524280E-1,-1.889241099E0,-8.956261873E-1
7.329999871E1,-2.912934124E-1,-1.974660516E0,-1.370901704E0
7.331002571E1,-1.166046783E-1,-2.051707506E0,-1.902543306E0
7.332005271E1,-1.591146141E-1,-2.022358418E0,-2.389457464E0
7.333007871E1,-3.577563167E-1,-1.850628376E0,-2.677411556E0
7.334010571E1,-6.147797108E-1,-1.561393261E0,-2.737467051E0
7.335013271E1,-8.050248027E-1,-1.114929199E0,-2.609679461E0
7.336015971E1,-8.506541848E-1,-5.570623875E-1,-2.415222168E0
7.337018571E1,-7.046679258E-1,-2.333188243E-2,-2.234474182E0
7.338021271E1,-3.731977046E-1,4.555544853E-1,-2.123449087E0
7.339023971E1,-7.495904807E-3,8.294585943E-1,-2.107034445E0
7.340026671E1,2.929722071E-1,1.058525324E0,-2.280385017E0
7.341029371E1,5.188426375E-1,1.195059776E0,-2.599921703E0
7.342031971E1,6.940567493E-1,1.322729349E0,-2.981245756E0
7.343034671E1,8.910438418E-1,1.428941011E0,-3.240208626E0
7.344037371E1,1.241794586E0,1.521093845E0,-3.235164404E0
7.345040071E1,1.784548402E0,1.722402692E0,-2.992247820E0
7.346042671E1,2.416698933E0,2.022548199E0,-2.646392345E0
7.347045371E1,2.926811457E0,2.218232155E0,-2.371773720E0
7.348048071E1,3.169721127E0,2.230645895E0,-2.241278887E0
7.349050771E1,3.149628162E0,2.171226740E0,-2.132871389E0
7.350053371E1,2.896247149E0,2.115556002E0,-1.879533768E0
7.351056071E1,2.458281279E0,2.065149307E0,-1.471476793E0
7.352058771E1,1.950830579E0,2.195590019E0,-1.043802023E0
7.353061471E1,1.480197549E0,2.581538677E0,-7.398227453E-1
7.354064071E1,1.133410096E0,3.035455227E0,-5.847788453E-1
7.355066771E1,9.901769757E-1,3.384106874E0,-5.012719631E-1
7.356069471E1,1.054785967E0,3.572074652E0,-3.673023283E-1
7.357072121E1,1.293056369E0,3.612945080E0,-1.254651845E-1
7.358074821E1,1.643627644E0,3.568808317E0,2.215153575E-1
7.359077421E1,1.999559164E0,3.496725559E0,6.296584010E-1
7.360080121E1,2.298161030E0,3.349084139E0,1.015817285E0
7.361082821E1,2.504182577E0,3.137941360E0,1.250626922E0
7.362085521E1,2.578536987E0,2.915878057E0,1.322330832E0
7.363088121E1,2.529960632E0,2.712447643E0,1.289142489E0
7.364090821E1,2.345053434E0,2.538476944E0,1.170306087E0
7.365093521E1,2.007780790E0,2.369720697E0,9.567844868E-1
7.366096221E1,1.527803779E0,2.186407328E0,6.773752570E-1
7.367098821E1,9.632502794E-1,1.997890472E0,4.235190153E-1
7.368101521E1,3.964422345E-1,1.783385158E0,3.398978412E-1
7.369104221E1,-6.142170727E-2,1.528164506E0,5.084240437E-1
7.370106921E1,-3.545730710E-1,1.204046845E0,9.435180426E-1
7.371109621E1,-4.743189216E-1,7.891101837E-1,1.560680747E0
7.372112221E1,-4.618858695E-1,4.120478332E-1,2.126030684E0
7.373114921E1,-4.504649043E-1,1.107122228E-1,2.484552383E0
7.374117621E1,-5.628550053E-1,-1.815579981E-1,2.527306318E0
7.375120321E1,-7.935382724E-1,-5.308329463E-1,2.261295795E0
7.376122921E1,-1.110828876E0,-9.385304451E-1,1.930606365E0
7.377125621E1,-1.490895152E0,-1.372169733E0,1.775284648E0
7.378128321E1,-2.000569105E0,-1.747775078E0,1.951865077E0
7.379131021E1,-2.609126091E0,-1.941634297E0,2.386539459E0
7.380133621E1,-3.126132011E0,-2.027149916E0,2.840761900E0
7.381136321E1,-3.397305727E0,-1.867712498E0,3.082483292E0
7.382139021E1,-3.458767891E0,-1.552515388E0,3.142544270E0
7.383141721E1,-3.358359098E0,-1.308845997E0,3.003745794E0
7.384144321E1,-3.120021582E0,-1.253325582E0,2.652003050E0
7.385147021E1,-2.773986101E0,-1.369909763E0,2.199650049E0
7.386149721E1,-2.369425774E0,-1.629432917E0,1.823703051E0
7.387152421E1,-2.027482748E0,-1.932686329E0,1.567436934E0
7.388155021E1,-1.844534159E0,-2.115377188E0,1.376009583E0
7.389157721E1,-1.894801378E0,-2.103838444E0,1.175403833E0
7.390160421E1,-2.178398371E0,-1.939905047E0,9.708116055E-1
7.391163121E1,-2.631182671E0,-1.728117228E0,8.255731463E-1
7.392165821E1,-3.113469124E0,-1.506232738E0,7.514524460E-1
7.393168421E1,-3.492777348E0,-1.347673416E0,7.085664868E-1
7.394171121E1,-3.676455259E0,-1.245257020E0,6.213589311E-1
7.395173821E1,-3.656265974E0,-1.216969013E0,4.249747694E-1
7.396176521E1,-3.414785862E0,-1.284795880E0,1.243010014E-1
7.397179121E1,-2.976154804E0,-1.439259171E0,-2.608543932E-1
7.398181821E1,-2.404590368E0,-1.575798154E0,-6.794983745E-1
7.399184521E1,-1.808855534E0,-1.650132895E0,-1.051339388E0
7.400187221E1,-1.279015422E0,-1.667670608E0,-1.326026917E0
7.401189821E1,-8.861472011E-1,-1.660022020E0,-1.556375980E0
7.402192521E1,-6.508387327E-1,-1.624830723E0,-1.869772315E0
7.403195221E1,-5.833827257E-1,-1.541609883E0,-2.264819384E0
7.404197921E1,-6.528711319E-1,-1.443569660E0,-2.635792971E0
7.405200521E1,-7.685359716E-1,-1.373150706E0,-2.934102535E0
7.406203221E1,-8.594604135E-1,-1.285612702E0,-3.148234844E0
7.407205921E1,-8.950149417E-1,-1.067980766E0,-3.248274803E0
7.408208621E1,-8.751630783E-1,-7.128248215E-1,-3.229134798E0
7.409211321E1,-8.206473589E-1,-2.961589098E-1,-3.094887495E0
7.410213921E1,-7.223851085E-1,1.397099346E-1,-2.911175489E0
7.411216621E1,-5.529319048E-1,5.175824165E-1,-2.710829735E0
7.412219321E1,-2.472891808E-1,7.351058722E-1,-2.524382353E0
7.413222021E1,2.415049970E-1,7.645761371E-1,-2.352159739E0
7.414224621E1,8.630024791E-1,7.050516009E-1,-2.202338696E0
7.415227321E1,1.462268949E0,7.510739565E-1,-2.076891184E0
7.416230021E1,1.865340829E0,9.127699137E-1,-1.968020797E0
7.417232721E1,1.926549077E0,1.132948875E0,-1.908467174E0
7.418235321E1,1.695396423E0,1.434649467E0,-1.798680902E0
7.419238021E1,1.294299841E0,1.766298771E0,-1.620509863E0
7.420240721E1,8.879423738E-1,2.171447039E0,-1.451523185E0
7.421243421E1,6.271232963E-1,2.656735897E0,-1.301056504E0
7.422246021E1,5.821282268E-1,3.132094145E0,-1.141862392E0
7.423248721E1,7.687239647E-1,3.477108240E0,-9.693582654E-1
7.424251421E1,1.162968755E0,3.670943260E0,-8.046143651E-1
7.425254121E1,1.694725037E0,3.686873198E0,-6.106626987E-1
7.426256721E1,2.274694204E0,3.591348886E0,-3.568628132E-1
7.427259421E1,2.791779041E0,3.511965752E0,-8.349466324E-2
7.428262121E1,3.187033176E0,3.491580009E0,1.274748743E-1
7.429264821E1,3.432626247E0,3.492082596E0,2.676018775E-1
7.430267421E1,3.559679747E0,3.498300552E0,3.254208565E-1
7.431270121E1,3.606961250E0,3.434353828E0,3.180620074E-1
7.432272821E1,3.563923836E0,3.204015017E0,2.495661229E-1
7.433275521E1,3.419986963E0,2.856436014E0,1.255469620E-1
7.434278221E1,3.152713537E0,2.452196360E0,-3.730271757E-2
7.435280821E1,2.794165134E0,2.082738638E0,-2.498360127E-1
7.436283521E1,2.365098000E0,1.780956984E0,-4.163773656E-1
7.437286221E1,1.912135363E0,1.496401310E0,-4.392611086E-1
7.438288921E1,1.476250410E0,1.152276754E0,-2.163024992E-1
7.439291521E1,1.131320119E0,8.097717762E-1,2.127117068E-1
7.440294221E1,9.422731400E-1,5.349010229E-1,7.771494985E-1
7.441296921E1,8.054769039E-1,2.958599627E-1,1.392432928E0
7.442299621E1,6.470630169E-1,1.658720151E-2,1.894458890E0
7.443302221E1,4.265042841E-1,-3.207894862E-1,2.142210722E0
7.444304921E1,9.312636405E-2,-7.993532419E-1,2.218422413E0
7.445307621E1,-4.646101296E-1,-1.400481701E0,2.330948353E0
7.446310321E1,-1.204159141E0,-1.968663692E0,2.738485813E0
7.447312921E1,-1.849794149E0,-2.264762402E0,3.347938061E0
7.448315621E1,-2.211163759E0,-2.028951406E0,3.951448917E0
7.449318321E1,-2.289836407E0,-1.481797099E0,4.377134800E0
7.450321021E1,-2.132387400E0,-1.025444865E0,4.495052338E0
7.451323621E1,-1.828744292E0,-8.811308146E-1,4.264207363E0
7.452326321E1,-1.441765070E0,-1.094382763E0,3.755415201E0
7.453329021E1,-1.056045055E0,-1.421720624E0,2.959451914E0
7.454331721E1,-8.603541851E-1,-1.655490041E0,2.167227507E0
7.455334321E1,-9.738410711E-1,-1.741714716E0,1.632962704E0
7.456337096E1,-1.396416903E0,-1.664934635E0,1.359437227E0
7.457339796E1,-2.106708050E0,-1.460580468E0,1.285894394E0
7.458342496E1,-2.991585255E0,-1.148819208E0,1.332528949E0
7.459345096E1,-3.812542439E0,-8.691111803E-1,1.404788256E0
7.460347796E1,-4.377817631E0,-5.979059935E-1,1.430203438E0
7.461350496E1,-4.643489838E0,-4.246961176E-1,1.334822059E0
7.462353196E1,-4.571969986E0,-3.674419522E-1,1.052480459E0
7.463355896E1,-4.170132160E0,-3.947968781E-1,6.298884153E-1
7.464358496E1,-3.510474443E0,-4.474416077E-1,1.413513124E-1
7.465361196E1,-2.757445812E0,-5.026869774E-1,-3.532211185E-1
7.466363896E1,-2.082459688E0,-5.746047497E-1,-7.894490361E-1
7.467366596E1,-1.568249822E0,-6.484893560E-1,-1.125273347E0
7.468369196E1,-1.214992762E0,-7.154209614E-1,-1.378501654E0
7.469371896E1,-9.878291488E-1,-7.205419540E-1,-1.631354928E0
7.470374596E1,-8.384620547E-1,-6.339376569E-1,-1.950764298E0
7.471377296E1,-7.886471152E-1,-4.502224028E-1,-2.311367989E0
7.472379896E1,-8.381898403E-1,-2.434875667E-1,-2.631081581E0
7.473382596E1,-9.324865341E-1,-6.758112926E-3,-2.851694584E0
7.474385296E1,-9.829922915E-1,2.799819708E-1,-3.031172752E0
7.475387996E1,-9.353232980E-1,6.465858221E-1,-3.160079002E0
7.476390596E1,-8.075385094E-1,1.076182485E0,-3.183748960E0
7.477393296E1,-6.701390743E-1,1.490455031E0,-3.158902645E0
7.478395996E1,-5.569636822E-1,1.863761544E0,-3.166490316E0
7.479398696E1,-4.603859782E-1,2.097146749E0,-3.167922735E0
7.480401296E1,-3.153716922E-1,2.162328243E0,-3.213167429E0
7.481403996E1,-6.129040569E-2,2.044354439E0,-3.281226635E0
7.482406696E1,3.326880634E-1,1.843507648E0,-3.253510237E0
7.483409396E1,8.729406595E-1,1.839716196E0,-3.084649801E0
7.484411996E1,1.455241799E0,2.015747309E0,-2.853153944E0
7.485414696E1,1.943012238E0,2.237091541E0,-2.531942368E0
7.486417396E1,2.268932343E0,2.443987131E0,-2.052312613E0
7.487420096E1,2.448765755E0,2.607758760E0,-1.423517346E0
7.488422696E1,2.499315977E0,2.677016735E0,-8.018605113E-1
7.489425396E1,2.406583786E0,2.586230040E0,-3.165486157E-1
7.490428096E1,2.198243141E0,2.488565207E0,1.691615582E-2
7.491430796E1,1.957949042E0,2.517870903E0,2.291860729E-1
7.492433396E1,1.768688321E0,2.673122644E0,3.830461204E-1
7.493436096E1,1.664953113E0,2.897206783E0,5.338952541E-1
7.494438796E1,1.658016920E0,3.072468281E0,7.145563960E-1
7.495441496E1,1.753526568E0,3.162086487E0,9.462993145E-1
7.496444096E1,1.950227141E0,3.173076868E0,1.217568278E0
7.497446796E1,2.227022886E0,3.100747347E0,1.506714821E0
7.498449496E1,2.542350769E0,2.935286999E0,1.712988019E0
7.499452196E1,2.846594095E0,2.724670172E0,1.709499002E0
7.500454796E1,3.043390274E0,2.496674538E0,1.533282876E0
7.501457496E1,3.094891548E0,2.239678860E0,1.283407211E0
7.502460196E1,3.044225216E0,1.962543249E0,1.039418459E0
7.503462896E1,2.915173054E0,1.652497292E0,8.323820233E-1
7.504465496E1,2.699403524E0,1.323841333E0,6.548450589E-1
7.505468196E1,2.402870417E0,1.021762729E0,5.156240463E-1
7.506470896E1,2.035292864E0,7.556636333E-1,4.778048992E-1
7.507473596E1,1.588539481E0,5.446065068E-1,5.783099532E-1
7.508476196E1,1.064138412E0,2.993667126E-1,7.973359227E-1
7.509478896E1,4.944072068E-1,6.009143777E-3,1.062190890E0
7.510481596E1,-1.034229249E-1,-3.142739534E-1,1.335572362E0
7.511484296E1,-7.194312215E-1,-5.340456963E-1,1.652941108E0
7.512486996E1,-1.318456650E0,-6.595402360E-1,2.009078026E0
7.513489596E1,-1.842201114E0,-8.254237175E-1,2.400064468E0
7.514492296E1,-2.309211493E0,-1.201389432E0,2.811564207E0
7.515494996E1,-2.834558487E0,-1.697044969E0,3.200954437E0
7.516497696E1,-3.345314980E0,-2.087445021E0,3.519213676E0
7.517500296E1,-3.668183327E0,-2.182139635E0,3.608581543E0
7.518502996E1,-3.758126974E0,-2.019180298E0,3.477352142E0
7.519505696E1,-3.664558649E0,-1.741824508E0,3.221985579E0
7.520508396E1,-3.463383198E0,-1.554698706E0,2.866855860E0
7.521510996E1,-3.170143843E0,-1.539488316E0,2.413070440E0
7.522513696E1,-2.799079657E0,-1.653361201E0,1.908788919E0
7.523516396E1,-2.452327967E0,-1.780784965E0,1.439008951E0
7.524519096E1,-2.269363165E0,-1.831320882E0,1.097979665E0
7.525521696E1,-2.276107788E0,-1.780175447E0,9.018580914E-1
7.526524396E1,-2.446384907E0,-1.698449254E0,8.511862755E-1
7.527527096E1,-2.668849468E0,-1.620797873E0,8.876646161E-1
7.528529796E1,-2.826332569E0,-1.529098034E0,9.450150728E-1
7.529532396E1,-2.872184277E0,-1.410897136E0,9.636260271E-1
7.530535096E1,-2.821545362E0,-1.274137974E0,9.167255163E-1
7.531537796E1,-2.650586128E0,-1.174703240E0,7.859429717E-1
7.532540496E1,-2.333947659E0,-1.124417782E0,6.186160445E-1
7.533543096E1,-1.860971093E0,-1.084033608E0,4.205306768E-1
7.534545796E1,-1.276756763E0,-1.029774308E0,1.888870299E-1
7.535548496E1,-6.747234464E-1,-9.402338266E-1,-8.726838976E-2
7.536551096E1,-1.848051101E-1,-8.343042135E-1,-3.882684410E-1
7.537553796E1,1.346655637E-1,-7.246213555E-1,-6.642484069E-1
7.538556496E1,3.038221002E-1,-5.767966509E-1,-9.265633821E-1
7.539559196E1,3.464185596E-1,-3.711780310E-1,-1.187751532E0
7.540561896E1,3.024398983E-1,-1.845304966E-1,-1.413279653E0
7.541564496E1,2.507492602E-1,-3.105331957E-2,-1.580461144E0
7.542567196E1,2.641356587E-1,1.646370888E-1,-1.735918880E0
7.543569896E1,3.470925689E-1,4.583823979E-1,-1.881829739E0
7.544572596E1,4.803277552E-1,8.063884377E-1,-1.961737752E0
7.545575196E1,6.323931217E-1,1.147527933E0,-2.022191286E0
7.546577896E1,7.834078670E-1,1.454935193E0,-2.159077168E0
7.547580596E1,9.057702422E-1,1.649290562E0,-2.429425716E0
7.548583296E1,1.012746930E0,1.656561255E0,-2.907353878E0
7.549585896E1,1.211228609E0,1.418463469E0,-3.402482986E0
7.550588596E1,1.595191360E0,1.015789628E0,-3.768603325E0
7.551591296E1,2.079251289E0,7.405610085E-1,-3.990569592E0
7.552593996E1,2.540642738E0,8.140797615E-1,-4.091761589E0
7.553596596E1,2.805311680E0,1.085775256E0,-4.128141880E0
7.554599296E1,2.762058020E0,1.352353811E0,-4.088353634E0
7.555601996E1,2.412657499E0,1.562077522E0,-3.853858948E0
7.556604696E1,1.857071400E0,1.715287447E0,-3.417388916E0
7.557607296E1,1.248351932E0,1.904291749E0,-2.911454201E0
7.558609996E1,7.597494721E-1,2.148406744E0,-2.463095903E0
7.559612696E1,5.013890266E-1,2.406895161E0,-2.071293354E0
7.560615396E1,4.808670282E-1,2.544320107E0,-1.676828980E0
7.561617996E1,6.933627725E-1,2.604765654E0,-1.244583249E0
7.562620696E1,1.113736033E0,2.652232409E0,-7.613107562E-1
7.563623396E1,1.676534891E0,2.663433075E0,-2.404805869E-1
7.564626096E1,2.303810358E0,2.585441351E0,2.787338793E-1
7.565628696E1,2.919190645E0,2.445485353E0,7.418661118E-1
7.566631396E1,3.451046705E0,2.311636686E0,1.114409804E0
7.567634096E1,3.835313559E0,2.241960764E0,1.362271786E0
7.568636796E1,4.065680504E0,2.226656675E0,1.502524257E0
7.569639396E1,4.131094456E0,2.239564180E0,1.502786040E0
7.570642096E1,4.018271923E0,2.193741322E0,1.354065180E0
7.571644796E1,3.732346296E0,2.059142828E0,1.124370694E0
7.572647496E1,3.291388750E0,1.812251568E0,8.996398449E-1
7.573650096E1,2.710539818E0,1.480269670E0,7.748743296E-1
7.574652796E1,2.010195017E0,1.097714186E0,7.630004883E-1
7.575655496E1,1.205481768E0,7.709951997E-1,9.366700053E-1
7.576658196E1,3.700451553E-1,5.474036336E-1,1.295507550E0
7.577660796E1,-3.791638315E-1,3.919040561E-1,1.765451908E0
7.578663496E1,-9.952943921E-1,2.593864202E-1,2.212712526E0
7.579666196E1,-1.524122715E0,1.927019656E-1,2.571319580E0
7.580668896E1,-1.950934291E0,1.727954000E-1,2.898936272E0
7.581671496E1,-2.227123976E0,5.686720461E-2,3.237880945E0
7.582674196E1,-2.477014780E0,-2.665457726E-1,3.471065521E0
7.583676896E1,-2.884488344E0,-8.154975772E-1,3.704730988E0
7.584679596E1,-3.319951296E0,-1.336778998E0,3.936816931E0
7.585682196E1,-3.600439548E0,-1.679065824E0,4.038625240E0
7.586684896E1,-3.616450787E0,-1.729689717E0,4.011601448E0
7.587687596E1,-3.368779659E0,-1.534718633E0,3.863943338E0
7.588690296E1,-2.997759104E0,-1.220104456E0,3.536261797E0
7.589692896E1,-2.739427805E0,-1.052174926E0,3.019856215E0
7.590695596E1,-2.732897520E0,-1.138868928E0,2.447397470E0
7.591698296E1,-2.928081751E0,-1.340617418E0,1.987962723E0
7.592700996E1,-3.255746603E0,-1.397736430E0,1.712286353E0
7.593703596E1,-3.693963289E0,-1.264953375E0,1.569886923E0
7.594706296E1,-4.154195309E0,-1.008202434E0,1.494299173E0
7.595708996E1,-4.540043831E0,-7.339626551E-1,1.420604467E0
7.596711696E1,-4.853463173E0,-5.195387602E-1,1.329759359E0
7.597714296E1,-5.042322636E0,-3.727511764E-1,1.226336598E0
7.598716996E1,-5.058633327E0,-3.289063871E-1,1.088730693E0
7.599719696E1,-4.850871563E0,-3.728576005E-1,8.869522214E-1
7.600722396E1,-4.422716141E0,-5.422635078E-1,6.148176193E-1
7.601724996E1,-3.775333881E0,-7.636217475E-1,2.982273996E-1
7.602727696E1,-2.967130184E0,-9.453843236E-1,-4.629903287E-2
7.603730396E1,-2.090821028E0,-1.038564563E0,-3.917339444E-1
7.604733096E1,-1.253186464E0,-1.035528541E0,-7.039595246E-1
7.605735696E1,-5.883775949E-1,-9.715873003E-1,-9.740551710E-1
7.606738396E1,-1.608159989E-1,-8.742660284E-1,-1.208527803E0
7.607741096E1,2.288352326E-2,-7.371534705E-1,-1.426981330E0
7.608743796E1,1.875120588E-2,-5.560434461E-1,-1.656299591E0
7.609746396E1,-7.562749088E-2,-3.297480345E-1,-1.840720534E0
7.610749096E1,-1.646493971E-1,-3.425050527E-2,-1.928741097E0
7.611751796E1,-1.774573326E-1,2.960730791E-1,-1.977453232E0
7.612754496E1,-1.523797810E-1,7.440921664E-1,-2.032701492E0
7.613757096E1,-1.471472085E-1,1.296360135E0,-2.071183920E0
7.614759796E1,-1.766003519E-1,1.797141910E0,-2.157270432E0
7.615762496E1,-1.612629443E-1,2.069486380E0,-2.369009733E0
7.616765196E1,2.496742178E-3,2.011954546E0,-2.678590775E0
7.617767796E1,3.882361948E-1,1.753966689E0,-3.007611752E0
7.618770496E1,9.829086065E-1,1.437797546E0,-3.253311396E0
7.619773196E1,1.689293742E0,1.282799244E0,-3.419825792E0
7.620775896E1,2.371706009E0,1.391537070E0,-3.590988398E0
7.621778496E1,2.856823921E0,1.628453970E0,-3.677206039E0
7.622781196E1,3.096112013E0,1.809862852E0,-3.597687721E0
7.623783896E1,3.124949932E0,1.897425771E0,-3.355322599E0
7.624786596E1,3.011391878E0,1.921617627E0,-3.033333540E0
7.625789196E1,2.792241335E0,1.900935531E0,-2.659298182E0
7.626791896E1,2.496526957E0,1.824489474E0,-2.220750570E0
7.627794596E1,2.225514174E0,1.808286786E0,-1.773263574E0
7.628797296E1,2.053304672E0,1.898597121E0,-1.372750640E0
7.629799896E1,1.978721738E0,2.061716795E0,-1.043065190E0
7.630802596E1,1.986576676E0,2.195588112E0,-7.462838292E-1
7.631805296E1,2.071844578E0,2.233615160E0,-4.398881495E-1
7.632807996E1,2.222622871E0,2.157231808E0,-1.783269048E-1
7.633810596E1,2.377641916E0,2.025448084E0,-2.838667668E-2
7.634813296E1,2.495499849E0,1.887930036E0,-2.003047848E-3
7.635815996E1,2.546112061E0,1.787440538E0,-4.999933392E-2
7.636818696E1,2.535803556E0,1.710928082E0,-1.114591062E-1
7.637821296E1,2.488030434E0,1.672009706E0,-1.608000249E-1
7.638823996E1,2.411501169E0,1.684277415E0,-1.546680927E-1
7.639826696E1,2.318673849E0,1.761315823E0,-5.940841511E-2
7.640829396E1,2.228142262E0,1.851434469E0,1.165598333E-1
7.641831996E1,2.110668898E0,1.905989885E0,3.149917126E-1
7.642834696E1,1.909200668E0,1.877317429E0,5.003118515E-1
7.643837396E1,1.576338410E0,1.702197909E0,6.453462839E-1
7.644840096E1,1.111256957E0,1.378961802E0,8.468716741E-1
7.645842696E1,5.150945783E-1,9.095594883E-1,1.195127130E0
7.646845396E1,-1.676178426E-1,4.198908210E-1,1.635944486E0
7.647848096E1,-8.816797733E-1,1.270064861E-1,2.037402630E0
7.648850796E1,-1.582174659E0,1.566613168E-1,2.359121084E0
7.649853396E1,-2.251632452E0,3.486374021E-1,2.593978167E0
7.650856096E1,-2.888839722E0,3.848669827E-1,2.800379038E0
7.651858796E1,-3.453033686E0,2.543532848E-2,3.107553720E0
7.652861496E1,-3.822851181E0,-7.058892250E-1,3.600763083E0
7.653864096E1,-3.851792097E0,-1.525589466E0,3.951856375E0
7.654866796E1,-3.559875727E0,-2.200097561E0,3.911024094E0
7.655869496E1,-3.028444290E0,-2.573801041E0,3.524835587E0
7.656872096E1,-2.446187735E0,-2.580160379E0,2.870148420E0
7.657874696E1,-2.047052145E0,-2.396188498E0,2.105820656E0
7.658877396E1,-1.937108636E0,-2.309155226E0,1.417496324E0
7.659880096E1,-2.016030788E0,-2.262942791E0,9.801391959E-1
7.660882796E1,-2.226925850E0,-2.179451466E0,7.847508192E-1
7.661885396E1,-2.634846449E0,-2.019365072E0,7.183073759E-1
7.662888096E1,-3.211940765E0,-1.801905751E0,6.727651358E-1
7.663890796E1,-3.789311171E0,-1.575877666E0,6.037767529E-1
7.664893496E1,-4.165932178E0,-1.387441635E0,5.041110516E-1
7.665896096E1,-4.283467770E0,-1.266553044E0,3.874995112E-1
7.666898796E1,-4.158204556E0,-1.211127758E0,2.469799370E-1
7.667901496E1,-3.829477787E0,-1.218931079E0,7.554107159E-2
7.668904196E1,-3.330660820E0,-1.299955487E0,-1.222996786E-1
7.669906796E1,-2.700454712E0,-1.459524632E0,-3.466790020E-1
7.670909496E1,-2.009343863E0,-1.607823491E0,-5.753185153E-1
7.671912196E1,-1.347840548E0,-1.661120057E0,-7.724755406E-1
7.672914896E1,-8.277242780E-1,-1.572144151E0,-9.302372932E-1
7.673917496E1,-4.679514468E-1,-1.384621382E0,-1.062406540E0
7.674920196E1,-2.232260853E-1,-1.108401656E0,-1.191179872E0
7.675922896E1,-8.317763358E-2,-7.639194727E-1,-1.292237282E0
7.676925496E1,-4.378338158E-2,-4.141523540E-1,-1.379594326E0
7.677928196E1,-4.557249323E-2,-9.982424974E-2,-1.490246058E0
7.678930896E1,-4.685929045E-2,1.775357276E-1,-1.604176641E0
7.679933596E1,-9.720176458E-3,4.232181907E-1,-1.652825952E0
7.680936196E1,9.787187725E-2,6.510587931E-1,-1.632097244E0
7.681938896E1,2.834087312E-1,9.422820807E-1,-1.582764268E0
7.682941596E1,5.310439467E-1,1.335542560E0,-1.603382230E0
7.683944296E1,7.211323977E-1,1.810155630E0,-1.812233448E0
7.684946896E1,7.211900353E-1,2.219709396E0,-2.181246281E0
7.685949596E1,5.525320172E-1,2.448238850E0,-2.545570850E0
7.686952296E1,4.533259869E-1,2.410956144E0,-2.783554554E0
7.687954996E1,6.545879841E-1,2.174636364E0,-2.911862373E0
7.688957596E1,1.174936056E0,2.005067348E0,-2.978060961E0
7.689960296E1,1.873103142E0,2.072767019E0,-3.061938047E0
7.690962996E1,2.527814627E0,2.218133211E0,-3.169656038E0
7.691965696E1,2.938229561E0,2.314337730E0,-3.226797819E0
7.692968296E1,3.105348110E0,2.397445202E0,-3.103324175E0
7.693970996E1,3.098459721E0,2.399322271E0,-2.717339277E0
7.694973696E1,2.944072485E0,2.276867867E0,-2.173668861E0
7.695976396E1,2.683147430E0,2.171628237E0,-1.580773473E0
7.696978996E1,2.422135830E0,2.230307817E0,-1.026167631E0
7.697981696E1,2.246095657E0,2.416990995E0,-5.521614552E-1
7.698984396E1,2.178961039E0,2.606741190E0,-1.651507765E-1
7.699987096E1,2.209581852E0,2.704032183E0,1.641714573E-1
7.700989696E1,2.311630964E0,2.663438559E0,4.757020772E-1
7.701992396E1,2.460876226E0,2.522165298E0,7.915375233E-1
7.702995096E1,2.629612446E0,2.350597858E0,1.073150158E0
7.703997696E1,2.759088993E0,2.222569704E0,1.281208634E0
7.705000396E1,2.809235573E0,2.178535938E0,1.412329912E0
7.706003096E1,2.763586283E0,2.243796825E0,1.509591222E0
7.707005796E1,2.636973858E0,2.358736992E0,1.591752648E0
7.708008396E1,2.455052376E0,2.442672491E0,1.605162978E0
7.709011096E1,2.222603559E0,2.458080053E0,1.443544865E0
7.710013796E1,1.919991612E0,2.413902521E0,1.120916843E0
7.711016496E1,1.489894867E0,2.231958151E0,7.588151097E-1
7.712019096E1,9.478885531E-1,1.858094692E0,5.098788142E-1
7.713021796E1,3.672839999E-1,1.323012233E0,4.862755239E-1
7.714024496E1,-1.536255181E-1,7.061629295E-1,7.518762946E-1
7.715027196E1,-5.640667081E-1,1.756426692E-1,1.255768538E0
7.716029796E1,-8.525608182E-1,-2.040878832E-1,1.811140656E0
7.717032496E1,-1.032043815E0,-3.961044550E-1,2.212016344E0
7.718035196E1,-1.225232482E0,-4.721345007E-1,2.368181467E0
7.719037896E1,-1.542193770E0,-6.030039191E-1,2.235587358E0
7.720040496E1,-2.036361933E0,-9.499640465E-1,2.038736820E0
7.721043196E1,-2.698628426E0,-1.511627674E0,2.053396702E0
7.722045896E1,-3.374529123E0,-2.029394150E0,2.310567141E0
7.723048596E1,-3.837138653E0,-2.288995028E0,2.599206924E0
7.724051196E1,-3.994213581E0,-2.245569944E0,2.729358196E0
7.725053896E1,-3.920964718E0,-1.969734311E0,2.658418894E0
7.726056596E1,-3.695767403E0,-1.602259278E0,2.448029518E0
7.727059296E1,-3.414914131E0,-1.436920166E0,2.136522770E0
7.728061896E1,-3.098653555E0,-1.560319304E0,1.777258277E0
7.729064596E1,-2.778543472E0,-1.860378146E0,1.456501245E0
7.730067296E1,-2.578881264E0,-2.167088747E0,1.224506617E0
7.731069896E1,-2.574725389E0,-2.333405972E0,1.055723548E0
7.732072596E1,-2.741133451E0,-2.261694670E0,9.084454775E-1
7.733075296E1,-3.014151096E0,-1.985482574E0,7.654313445E-1
7.734077996E1,-3.327124119E0,-1.636816263E0,6.473568678E-1
7.735080596E1,-3.586053848E0,-1.341442347E0,5.209528804E-1
7.736083296E1,-3.714277983E0,-1.142551422E0,3.400379419E-1
7.737085996E1,-3.665290117E0,-1.046413422E0,1.119724289E-1
7.738088696E1,-3.432089806E0,-1.079869390E0,-1.303869337E-1
7.739091296E1,-2.980488539E0,-1.192916989E0,-3.495720029E-1
7.740093996E1,-2.331229210E0,-1.287981391E0,-5.443729162E-1
7.741096696E1,-1.574481845E0,-1.287526250E0,-7.289230824E-1
7.742099396E1,-8.663229942E-1,-1.181988120E0,-9.117757082E-1
7.743101996E1,-3.394156992E-1,-1.025369406E0,-1.090798140E0
7.744104696E1,-3.893947601E-2,-8.661840558E-1,-1.290801287E0
7.745107396E1,1.181701198E-1,-7.050884962E-1,-1.489965200E0
7.746110096E1,1.903092861E-1,-5.175431371E-1,-1.667693734E0
7.747112696E1,2.273875624E-1,-2.803854644E-1,-1.809747577E0
7.748115396E1,2.391504794E-1,3.657756746E-2,-1.930459619E0
7.749118096E1,2.478052080E-1,4.008822441E-1,-2.063720226E0
7.750120696E1,2.801069617E-1,8.312243223E-1,-2.139961958E0
7.751123396E1,3.450793028E-1,1.303688765E0,-2.187820196E0
7.752126096E1,3.814066648E-1,1.808341742E0,-2.297134399E0
7.753128796E1,3.415336013E-1,2.227097511E0,-2.524861336E0
7.754131396E1,2.601878941E-1,2.406324625E0,-2.849201679E0
7.755134096E1,2.261720598E-1,2.335453987E0,-3.155971766E0
7.756136796E1,3.974239826E-1,2.068266869E0,-3.262295961E0
7.757139508E1,8.804817796E-1,1.762795925E0,-3.136201620E0
7.758142108E1,1.613575935E0,1.606162667E0,-2.882582664E0
7.759144808E1,2.413263083E0,1.604829550E0,-2.723699808E0
7.760147508E1,3.009165049E0,1.642809510E0,-2.729366064E0
7.761150208E1,3.234645605E0,1.610788107E0,-2.735793114E0
7.762152808E1,3.082561255E0,1.411333323E0,-2.624794722E0
7.763155508E1,2.606200218E0,1.244065642E0,-2.412140369E0
7.764158208E1,1.964910388E0,1.304372668E0,-2.073751926E0
7.765160808E1,1.336078286E0,1.566613555E0,-1.693128586E0
7.766163508E1,8.692938089E-1,1.926254869E0,-1.343362570E0
7.767166208E1,6.229017377E-1,2.254063606E0,-1.017186522E0
7.768168908E1,6.027916670E-1,2.481502533E0,-6.660178304E-1
7.769171508E1,7.970242500E-1,2.595204353E0,-2.784687877E-1
7.770174208E1,1.169708133E0,2.640053511E0,1.265053153E-1
7.771176908E1,1.668746948E0,2.621144056E0,5.104826689E-1
7.772179608E1,2.215208530E0,2.523379803E0,7.977368236E-1
7.773182208E1,2.703607798E0,2.386823416E0,9.463487267E-1
7.774184908E1,3.031679392E0,2.244755745E0,9.873009324E-1
7.775187608E1,3.165781260E0,2.098929405E0,9.934075475E-1
7.776190308E1,3.114775658E0,1.967835784E0,9.994617105E-1
7.777192908E1,2.914938688E0,1.871037006E0,1.000057220E0
7.778195608E1,2.625382900E0,1.795923591E0,9.723829031E-1
7.779198308E1,2.279088736E0,1.681648135E0,9.373998642E-1
7.780201008E1,1.875756979E0,1.499657631E0,9.549482465E-1
7.781203608E1,1.414984703E0,1.219292998E0,1.084050059E0
7.782206308E1,9.356226325E-1,8.665180206E-1,1.296594024E0
7.783209008E1,4.645950198E-1,4.653141201E-1,1.590740323E0
7.784211608E1,2.590451017E-2,1.168594509E-1,1.939061284E0
7.785214308E1,-3.766836524E-1,-7.886498421E-2,2.311298132E0
7.786217008E1,-7.438440919E-1,-6.561736017E-2,2.613710403E0
7.787219708E1,-1.129380822E0,4.212579131E-2,2.796055317E0
7.788222308E1,-1.615474224E0,6.562712789E-2,2.743192434E0
7.789225008E1,-2.242106199E0,-1.141804606E-1,2.493955374E0
7.790227708E1,-2.931149483E0,-5.843908787E-1,2.395934582E0
7.791230408E1,-3.466984510E0,-1.226994157E0,2.606936216E0
7.792233008E1,-3.673159599E0,-1.743947744E0,2.876444340E0
7.793235708E1,-3.613981247E0,-1.953592896E0,2.901325941E0
7.794238408E1,-3.428144217E0,-1.822410941E0,2.653150320E0
7.795241108E1,-3.213331699E0,-1.618819118E0,2.268332481E0
7.796243708E1,-2.983129025E0,-1.483124852E0,1.862175822E0
7.797246408E1,-2.710796833E0,-1.487936497E0,1.527957439E0
7.798249108E1,-2.385357618E0,-1.617251277E0,1.348713636E0
7.799251708E1,-2.110603094E0,-1.827162504E0,1.282182336E0
7.800254408E1,-1.963138700E0,-2.051112175E0,1.265398622E0
7.801257108E1,-1.972506881E0,-2.176002979E0,1.228867412E0
7.802259808E1,-2.160189390E0,-2.122579098E0,1.154765725E0
7.803262408E1,-2.450729609E0,-1.943536162E0,1.082998633E0
7.804265108E1,-2.712477446E0,-1.692511082E0,1.048266292E0
7.805267808E1,-2.902758837E0,-1.413782001E0,1.006197214E0
7.806270508E1,-2.971482038E0,-1.169637799E0,9.126798511E-1
7.807273108E1,-2.872284174E0,-1.026288152E0,7.621287107E-1
7.808275808E1,-2.564755678E0,-9.785845876E-1,5.788432956E-1
7.809278508E1,-2.081373453E0,-9.962037206E-1,3.715202212E-1
7.810281108E1,-1.497721314E0,-1.027611732E0,1.389657855E-1
7.811283808E1,-9.093194604E-1,-1.037064791E0,-1.292450875E-1
7.812286508E1,-4.042512476E-1,-9.864930511E-1,-3.782250881E-1
7.813289208E1,-4.176410288E-2,-8.648269176E-1,-6.081928611E-1
7.814291808E1,1.715345830E-1,-6.702526212E-1,-8.345557451E-1
7.815294508E1,2.603317201E-1,-4.167543650E-1,-1.071657896E0
7.816297208E1,2.503611147E-1,-1.041008458E-1,-1.294488072E0
7.817299908E1,2.211790979E-1,2.441532165E-1,-1.467145443E0
7.818302508E1,2.688345015E-1,5.833384395E-1,-1.612660050E0
7.819305208E1,4.009888172E-1,9.274867773E-1,-1.746921897E0
7.820307908E1,5.628120303E-1,1.310104132E0,-1.839467287E0
7.821310508E1,6.891235113E-1,1.673253536E0,-2.027815104E0
7.822313208E1,7.321732044E-1,1.956514359E0,-2.311482191E0
7.823315908E1,7.131919265E-1,2.048892736E0,-2.657029629E0
7.824318608E1,7.659848332E-1,1.906539083E0,-3.039853096E0
7.825321208E1,1.065237522E0,1.563285470E0,-3.323734999E0
7.826323908E1,1.618730783E0,1.249137998E0,-3.497566938E0
7.827326608E1,2.261059999E0,1.171466351E0,-3.634874105E0
7.828329308E1,2.738077879E0,1.229937077E0,-3.782326937E0
7.829331908E1,2.890002251E0,1.302703738E0,-3.872799873E0
7.830334608E1,2.721289873E0,1.344300270E0,-3.843609095E0
7.831337308E1,2.345424891E0,1.365880489E0,-3.611989260E0
7.832340008E1,1.886644006E0,1.431709290E0,-3.172533989E0
7.833342608E1,1.451869845E0,1.624493599E0,-2.659930706E0
7.834345308E1,1.137810230E0,2.006051302E0,-2.220543861E0
7.835348008E1,9.777908921E-1,2.468229532E0,-1.885511398E0
7.836350608E1,9.846445322E-1,2.809055805E0,-1.555254579E0
7.837353308E1,1.156227946E0,2.960158825E0,-1.148102522E0
7.838356008E1,1.448079944E0,2.959694386E0,-6.690772176E-1
7.839358708E1,1.803279638E0,2.864173412E0,-1.735607535E-1
7.840361308E1,2.171432018E0,2.752144814E0,2.812134027E-1
7.841364008E1,2.495579958E0,2.672868729E0,6.235060692E-1
7.842366708E1,2.736481905E0,2.622645855E0,7.966235280E-1
7.843369308E1,2.908118010E0,2.582061291E0,8.164741993E-1
7.844372008E1,3.007180452E0,2.546563864E0,7.284689546E-1
7.845374708E1,3.034545183E0,2.499225378E0,5.870820284E-1
7.846377408E1,2.957150936E0,2.395076036E0,4.453099370E-1
7.847380008E1,2.773935318E0,2.220166922E0,3.122188449E-1
7.848382708E1,2.519056082E0,1.982305527E0,1.840150803E-1
7.849385408E1,2.196980715E0,1.687876701E0,5.751960725E-2
7.850388108E1,1.775435328E0,1.372289896E0,4.544323683E-2
7.851390708E1,1.254373074E0,9.818451405E-1,2.486083508E-1
7.852393408E1,7.181887627E-1,5.714232326E-1,6.968212724E-1
7.853396108E1,1.953440458E-1,2.643515766E-1,1.363099456E0
7.854398808E1,-2.891983986E-1,1.563715488E-1,2.115592718E0
7.855401408E1,-6.941242218E-1,2.335796952E-1,2.720400572E0
7.856404108E1,-1.060992479E0,3.055233955E-1,3.091887236E0
7.857406871E1,-1.483978868E0,1.198852658E-1,3.108565092E0
7.858409471E1,-2.029964685E0,-3.771548569E-1,2.882402658E0
7.859412171E1,-2.682710648E0,-1.087760687E0,2.806303740E0
7.860414871E1,-3.211566925E0,-1.771275520E0,3.104944468E0
7.861417571E1,-3.402326107E0,-2.128099203E0,3.553015471E0
7.862420171E1,-3.288706779E0,-2.050761938E0,3.745073795E0
7.863422871E1,-3.061152697E0,-1.727010012E0,3.538210869E0
7.864425571E1,-2.893701553E0,-1.479660392E0,3.007653236E0
7.865428271E1,-2.851667166E0,-1.568974972E0,2.374486208E0
7.866430871E1,-2.863744259E0,-1.865205884E0,1.868111491E0
7.867433571E1,-2.914085865E0,-2.113955498E0,1.552863836E0
7.868436271E1,-3.082295895E0,-2.192062616E0,1.320305109E0
7.869438871E1,-3.389522552E0,-2.069754124E0,1.147181749E0
7.870441571E1,-3.758744478E0,-1.824165583E0,1.027566433E0
7.871444271E1,-4.141508579E0,-1.606509447E0,9.264307022E-1
7.872446971E1,-4.452958584E0,-1.471315145E0,8.493282199E-1
7.873449571E1,-4.585418701E0,-1.383325815E0,7.736523747E-1
7.874452271E1,-4.479653835E0,-1.386031628E0,6.106653214E-1
7.875454971E1,-4.129119396E0,-1.463861465E0,3.807602823E-1
7.876457671E1,-3.556291342E0,-1.554659605E0,1.509089768E-1
7.877460271E1,-2.816440344E0,-1.605865955E0,-6.088273972E-2
7.878462971E1,-2.033376217E0,-1.588544607E0,-2.821741104E-1
7.879465671E1,-1.332401395E0,-1.506358147E0,-5.271586180E-1
7.880468271E1,-8.010315895E-1,-1.384762168E0,-7.605649829E-1
7.881470971E1,-4.585497081E-1,-1.210679650E0,-9.607273936E-1
7.882473671E1,-3.084624708E-1,-9.949519038E-1,-1.153966069E0
7.883476371E1,-3.069515824E-1,-7.331531048E-1,-1.397193670E0
7.884478971E1,-4.113283455E-1,-4.568402469E-1,-1.689799905E0
7.885481671E1,-5.509636998E-1,-1.674926728E-1,-1.983882189E0
7.886484371E1,-6.570070386E-1,8.695746213E-2,-2.230361223E0
7.887486971E1,-6.673243046E-1,3.106586933E-1,-2.352615833E0
7.888489671E1,-5.343207121E-1,5.567518473E-1,-2.376604557E0
7.889492371E1,-2.802539170E-1,8.845922947E-1,-2.321834087E0
7.890495071E1,4.388980195E-2,1.208396316E0,-2.228669882E0
7.891497671E1,3.552351594E-1,1.440172315E0,-2.182567596E0
7.892500371E1,6.306025386E-1,1.487113357E0,-2.207128048E0
7.893503071E1,9.955786467E-1,1.201676846E0,-2.195074081E0
7.894505771E1,1.493950009E0,6.124518514E-1,-2.253034830E0
7.895508371E1,2.051682234E0,1.276313812E-1,-2.487377882E0
7.896511071E1,2.557379007E0,1.298596412E-1,-2.813217878E0
7.897513771E1,2.919319868E0,4.942796528E-1,-3.174482107E0
7.898516371E1,3.064279556E0,8.226575255E-1,-3.469560862E0
7.899519071E1,2.976680517E0,8.943872452E-1,-3.541616440E0
7.900521771E1,2.671005249E0,7.896783948E-1,-3.330292702E0
7.901524471E1,2.216991425E0,6.813704967E-1,-2.921118498E0
7.902527071E1,1.718536377E0,7.419456840E-1,-2.436022520E0
7.903529771E1,1.262434363E0,1.003903866E0,-1.977429628E0
7.904532471E1,8.974468112E-1,1.388410568E0,-1.598790884E0
7.905535071E1,6.409663558E-1,1.809579253E0,-1.258410811E0
7.906537771E1,5.312100649E-1,2.184906483E0,-9.281762242E-1
7.907540471E1,6.038135886E-1,2.451733351E0,-6.152523160E-1
7.908543171E1,8.582013845E-1,2.599147558E0,-3.380100429E-1
7.909545771E1,1.267629862E0,2.651875257E0,-1.143299341E-1
7.910548471E1,1.759266496E0,2.602350235E0,6.565954536E-2
7.911551171E1,2.247632980E0,2.475386858E0,2.000362426E-1
7.912553871E1,2.624260187E0,2.326916456E0,3.063211441E-1
7.913556471E1,2.836362600E0,2.203583002E0,4.036669433E-1
7.914559171E1,2.857829094E0,2.117812157E0,4.891240299E-1
7.915561871E1,2.709606409E0,2.057499647E0,5.665766001E-1
7.916564471E1,2.408679008E0,2.028321028E0,6.217525005E-1
7.917567171E1,1.998744488E0,2.010826111E0,6.809062362E-1
7.918569871E1,1.534910798E0,1.969220877E0,7.917043567E-1
7.919572571E1,1.049963117E0,1.843304753E0,9.814599752E-1
7.920575171E1,5.727310181E-1,1.594762802E0,1.298831582E0
7.921577871E1,1.294755638E-1,1.269858241E0,1.821688890E0
7.922580571E1,-2.798674703E-1,9.922570586E-1,2.486380816E0
7.923583171E1,-6.588206291E-1,8.776761889E-1,3.148726940E0
7.924585871E1,-1.003699780E0,9.247590303E-1,3.623080015E0
7.925588571E1,-1.403666735E0,1.022273779E0,3.725554943E0
7.926591271E1,-1.982250214E0,9.334445000E-1,3.421931744E0
7.927593871E1,-2.747030258E0,4.471204579E-1,3.011879921E0
7.928596571E1,-3.535823345E0,-4.326198995E-1,2.905180454E0
7.929599271E1,-3.953159094E0,-1.300481677E0,3.115546703E0
7.930601971E1,-3.922773123E0,-1.737006783E0,3.306725025E0
7.931604571E1,-3.637373209E0,-1.675836802E0,3.227527142E0
7.932607271E1,-3.302714109E0,-1.325241685E0,2.839301348E0
7.933609971E1,-3.007003784E0,-1.107376456E0,2.253656626E0
7.934612571E1,-2.752418041E0,-1.295159221E0,1.645668387E0
7.935615271E1,-2.464004278E0,-1.700361729E0,1.163922548E0
7.936617971E1,-2.151524305E0,-2.036838055E0,9.197585583E-1
7.937620671E1,-1.902820706E0,-2.213531494E0,8.480538130E-1
7.938623271E1,-1.824145794E0,-2.257508516E0,8.231148720E-1
7.939625971E1,-1.983941078E0,-2.190161705E0,7.270585895E-1
7.940628671E1,-2.350594521E0,-2.063750267E0,5.673983693E-1
7.941631271E1,-2.773417950E0,-1.903484106E0,4.217348397E-1
7.942633971E1,-3.100617170E0,-1.727089405E0,3.146627247E-1
7.943636671E1,-3.273675919E0,-1.530928850E0,2.362817079E-1
7.944639371E1,-3.265960455E0,-1.342328787E0,1.658877134E-1
7.945641971E1,-3.068894863E0,-1.153575659E0,6.788623333E-2
7.946644671E1,-2.705214262E0,-9.847411513E-1,-5.112617090E-2
7.947647371E1,-2.221070290E0,-8.755224347E-1,-1.978067607E-1
7.948649971E1,-1.689217448E0,-8.283527493E-1,-3.774780035E-1
7.949652671E1,-1.171547174E0,-7.974342704E-1,-6.066183448E-1
7.950655371E1,-7.006568909E-1,-7.535765171E-1,-8.504507542E-1
7.951658071E1,-3.150330782E-1,-6.343175173E-1,-1.101735711E0
7.952660671E1,-4.318397865E-2,-4.073999524E-1,-1.373554230E0
7.953663371E1,9.783639014E-2,-1.323666275E-1,-1.675817728E0
7.954666071E1,1.561473608E-1,1.566169709E-1,-1.940389991E0
7.955668771E1,2.069663703E-1,4.471649826E-1,-2.124758482E0
7.956671383E1,2.932440341E-1,7.327315211E-1,-2.201455116E0
7.957674083E1,4.102829993E-1,1.051147819E0,-2.182279587E0
7.958676783E1,5.673791170E-1,1.379001141E0,-2.115805387E0
7.959679383E1,7.527214885E-1,1.699740291E0,-2.188366890E0
7.960682083E1,9.055203795E-1,1.883683681E0,-2.490530014E0
7.961684783E1,1.048209190E0,1.804992914E0,-2.906333923E0
7.962687483E1,1.255608797E0,1.513751149E0,-3.298706293E0
7.963690083E1,1.609921575E0,1.230198026E0,-3.541426182E0
7.964692783E1,2.062945843E0,1.195526242E0,-3.582908154E0
7.965695483E1,2.463730574E0,1.278445244E0,-3.496349573E0
7.966698083E1,2.659021854E0,1.402859330E0,-3.378289223E0
7.967700783E1,2.612386703E0,1.568484068E0,-3.187422276E0
7.968703483E1,2.333187819E0,1.672837853E0,-2.819852352E0
7.969706183E1,1.916140914E0,1.725562096E0,-2.308616638E0
7.970708783E1,1.509159565E0,1.800280213E0,-1.766963840E0
7.971711483E1,1.216262460E0,1.983115315E0,-1.293856025E0
7.972714183E1,1.067831993E0,2.269755363E0,-8.995583057E-1
7.973716783E1,1.068695307E0,2.545524359E0,-5.391739011E-1
7.974719483E1,1.224902391E0,2.728514433E0,-1.779514849E-1
7.975722183E1,1.521413088E0,2.773545027E0,2.054417282E-1
7.976724883E1,1.903487682E0,2.725407362E0,6.119799018E-1
7.977727483E1,2.289752007E0,2.652969599E0,9.915401936E-1
7.978730183E1,2.622465372E0,2.613541842E0,1.270159245E0
7.979732883E1,2.877830982E0,2.628150702E0,1.431724906E0
7.980735583E1,3.051931620E0,2.694036961E0,1.492139578E0
7.981738183E1,3.160974026E0,2.807327986E0,1.442815661E0
7.982740883E1,3.235224485E0,2.914691210E0,1.323259234E0
7.983743583E1,3.284260750E0,2.932745934E0,1.153347611E0
7.984746183E1,3.290786743E0,2.772618532E0,9.339844584E-1
7.985748883E1,3.223910332E0,2.439249992E0,6.917651892E-1
7.986751583E1,3.049484491E0,1.985397577E0,4.276193082E-1
7.987754283E1,2.694208860E0,1.491254807E0,2.146496177E-1
7.988756883E1,2.116052866E0,1.011543632E0,1.817001998E-1
7.989759583E1,1.358386993E0,5.495177507E-1,3.640148342E-1
7.990762283E1,5.809889436E-1,2.166993469E-1,7.780572772E-1
7.991764883E1,-5.145371705E-2,1.563240141E-1,1.350165725E0
7.992767583E1,-4.731093347E-1,2.894215882E-1,1.862983227E0
7.993770283E1,-8.315433264E-1,3.465872407E-1,2.164629221E0
7.994772983E1,-1.263218641E0,1.614751816E-1,2.242644072E0
7.995775583E1,-1.803188324E0,-2.659741342E-1,2.264092207E0
7.996778283E1,-2.453681469E0,-8.304593563E-1,2.383824348E0
7.997780983E1,-3.079338551E0,-1.323220134E0,2.697157621E0
7.998783683E1,-3.486655235E0,-1.632087231E0,3.033483505E0
7.999786283E1,-3.576497555E0,-1.690809011E0,3.168385267E0
8.000788983E1,-3.461616516E0,-1.568097115E0,3.102248669E0
8.001791683E1,-3.271294832E0,-1.439754128E0,2.887286663E0
8.002794283E1,-3.070724010E0,-1.449951887E0,2.509528637E0
8.003796983E1,-2.880567074E0,-1.628782988E0,2.039274693E0
8.004799683E1,-2.789834261E0,-1.915995240E0,1.561904430E0
8.005802383E1,-2.871372223E0,-2.143486023E0,1.212432027E0
8.006804983E1,-3.114865780E0,-2.196964264E0,1.044447780E0
8.007807683E1,-3.478228331E0,-2.083765268E0,1.008394361E0
8.008810383E1,-3.903575659E0,-1.878246069E0,1.013576269E0
8.009812983E1,-4.279149055E0,-1.659547329E0,1.039294481E0
8.010815683E1,-4.539330006E0,-1.472266674E0,1.008131504E0
8.011818383E1,-4.618917942E0,-1.354289174E0,8.960202932E-1
8.012821083E1,-4.478868008E0,-1.295073271E0,6.874349117E-1
8.013823683E1,-4.106307983E0,-1.287987232E0,4.225056767E-1
8.014826383E1,-3.529328823E0,-1.334886789E0,1.679791510E-1
8.015829083E1,-2.811625719E0,-1.394525290E0,-5.317522958E-2
8.016831683E1,-2.051067829E0,-1.402551174E0,-2.724905610E-1
8.017834383E1,-1.369800568E0,-1.352486730E0,-5.227315426E-1
8.018837083E1,-8.500898480E-1,-1.251910090E0,-7.999783158E-1
8.019839783E1,-5.089709163E-1,-1.117228627E0,-1.081270576E0
8.020842383E1,-3.364756107E-1,-8.817935586E-1,-1.367503166E0
8.021845083E1,-3.082516789E-1,-5.448905826E-1,-1.685111046E0
8.022847783E1,-3.963890076E-1,-1.708070189E-1,-2.006870031E0
8.023850383E1,-5.252947807E-1,2.389293164E-1,-2.308219194E0
8.024853083E1,-6.544823050E-1,6.488004923E-1,-2.513204336E0
8.025855783E1,-7.351095676E-1,1.044663429E0,-2.590639114E0
8.026858483E1,-7.376850843E-1,1.493843794E0,-2.611981392E0
8.027861083E1,-6.480416059E-1,1.977041602E0,-2.661021471E0
8.028863783E1,-5.014569759E-1,2.349395990E0,-2.818944931E0
8.029866483E1,-3.038905263E-1,2.528991222E0,-3.052947044E0
8.030869083E1,-5.852516042E-4,2.546971560E0,-3.309755325E0
8.031871783E1,4.505518973E-1,2.481218100E0,-3.509041071E0
8.032874483E1,1.065918088E0,2.489076853E0,-3.617029905E0
8.033877183E1,1.855361819E0,2.710903406E0,-3.724509716E0
8.034879783E1,2.791018486E0,3.086415052E0,-3.876969576E0
8.035882483E1,3.695114136E0,3.353891373E0,-3.988672495E0
8.036885183E1,4.367833614E0,3.214628935E0,-3.924846649E0
8.037887783E1,4.739283562E0,2.788080454E0,-3.691239119E0
8.038890483E1,4.784192562E0,2.376742363E0,-3.376905441E0
8.039893183E1,4.484388828E0,2.089203596E0,-3.012298107E0
8.040895883E1,3.905671597E0,1.942302108E0,-2.608208418E0
8.041898483E1,3.168941021E0,2.034078836E0,-2.233360291E0
8.042901183E1,2.423034668E0,2.370748997E0,-1.916746259E0
8.043903883E1,1.777971268E0,2.784650564E0,-1.615478873E0
8.044906483E1,1.331388474E0,3.074655056E0,-1.233889103E0
8.045909183E1,1.113156199E0,3.176512241E0,-7.714414597E-1
8.046911883E1,1.117185593E0,3.124299049E0,-2.417089045E-1
8.047914583E1,1.294138789E0,2.956290960E0,2.910079360E-1
8.048917183E1,1.553132534E0,2.693600893E0,7.163823843E-1
8.049919883E1,1.815600395E0,2.425947666E0,9.634037018E-1
8.050922583E1,2.014219761E0,2.240714550E0,1.021987319E0
8.051925183E1,2.113010645E0,2.159099817E0,9.554008842E-1
8.052927883E1,2.094527960E0,2.180267096E0,8.528825045E-1
8.053930583E1,1.946992159E0,2.202040434E0,7.676077485E-1
8.054933283E1,1.680478215E0,2.201070309E0,7.209872603E-1
8.055935883E1,1.265559912E0,1.991587520E0,6.571183205E-1
8.056938613E1,7.312956452E-1,1.635022998E0,5.724287033E-1
8.057941313E1,7.391937822E-2,1.237665772E0,5.839068890E-1
8.058943913E1,-6.752459407E-1,9.295667410E-1,8.038898706E-1
8.059946613E1,-1.475126266E0,7.905965447E-1,1.342829585E0
8.060949312E1,-2.235782862E0,8.412887454E-1,2.086845398E0
8.061952012E1,-2.827110767E0,9.818630815E-1,2.735080004E0
8.062954612E1,-3.275967360E0,9.932896495E-1,3.016280890E0
8.063957312E1,-3.661449194E0,6.840165257E-1,2.816389561E0
8.064960012E1,-4.031080723E0,1.373454370E-2,2.381883383E0
8.065962612E1,-4.398327827E0,-9.987677336E-1,2.166268826E0
8.066965312E1,-4.668765068E0,-2.031162500E0,2.252551794E0
8.067968013E1,-4.728254795E0,-2.750842094E0,2.446557283E0
8.068970712E1,-4.512462616E0,-3.012027025E0,2.463421345E0
8.069973313E1,-4.038265228E0,-2.882673025E0,2.249062777E0
8.070976012E1,-3.451249123E0,-2.711625099E0,1.903219938E0
8.071978712E1,-2.867245674E0,-2.716145277E0,1.531425714E0
8.072981312E1,-2.353766441E0,-2.873868227E0,1.208672404E0
8.073984012E1,-1.951079249E0,-3.102503777E0,1.003506541E0
8.074986712E1,-1.719496012E0,-3.242811680E0,8.956573009E-1
8.075989413E1,-1.724631667E0,-3.199444532E0,8.230047226E-1
8.076992012E1,-1.958294034E0,-3.003532887E0,7.373821735E-1
8.077994713E1,-2.306393385E0,-2.760715961E0,6.561431885E-1
8.078997413E1,-2.610441208E0,-2.558812380E0,6.256302595E-1
8.080000013E1,-2.792332649E0,-2.428750038E0,6.054203510E-1
8.081002713E1,-2.827468634E0,-2.354187012E0,5.614193678E-1
8.082005412E1,-2.677867413E0,-2.314903259E0,4.776886702E-1
8.083008013E1,-2.328299761E0,-2.269099236E0,3.604624569E-1
8.084010712E1,-1.817554951E0,-2.181328297E0,2.474511862E-1
8.085013412E1,-1.202224970E0,-2.040749073E0,1.414376646E-1
8.086016112E1,-5.659027696E-1,-1.831021667E0,-5.475884303E-3
8.087018712E1,8.494316600E-3,-1.569500089E0,-2.526899576E-1
8.088021412E1,4.467447996E-1,-1.302963257E0,-5.851948857E-1
8.089024113E1,7.197358608E-1,-1.074999332E0,-9.352804422E-1
8.090026712E1,8.268342018E-1,-8.969481587E-1,-1.281964540E0
8.091029413E1,7.886583209E-1,-7.062951326E-1,-1.612053275E0
8.092032112E1,6.274132729E-1,-4.470508397E-1,-1.886886358E0
8.093034812E1,3.619477451E-1,-8.137643337E-2,-2.080192089E0
8.094037412E1,3.643807024E-2,3.699176013E-1,-2.208858490E0
8.095040112E1,-2.528280914E-1,8.665297627E-1,-2.336913586E0
8.096042812E1,-4.318878353E-1,1.327530861E0,-2.403528690E0
8.097045412E1,-4.430185258E-1,1.659380913E0,-2.451473951E0
8.098048112E1,-2.757745683E-1,1.895534515E0,-2.636090517E0
8.099050813E1,1.953964867E-2,1.998802304E0,-2.957633972E0
8.100053412E1,3.850480020E-1,1.908565998E0,-3.267817259E0
8.101056113E1,8.022257686E-1,1.631590366E0,-3.465146065E0
8.102058813E1,1.304699659E0,1.345420241E0,-3.512607574E0
8.103061512E1,1.866743088E0,1.319128871E0,-3.461222410E0
8.104064113E1,2.313650131E0,1.526936173E0,-3.324465036E0
8.105066812E1,2.531478405E0,1.825023770E0,-3.143846750E0
8.106069512E1,2.528377533E0,2.078989029E0,-2.876985550E0
8.107072112E1,2.338714838E0,2.231479168E0,-2.513889551E0
8.108074812E1,2.026712418E0,2.259571075E0,-2.079752922E0
8.109077512E1,1.723271728E0,2.249710798E0,-1.615876555E0
8.110080213E1,1.515727758E0,2.284362316E0,-1.175287604E0
8.111082812E1,1.421900034E0,2.410004139E0,-7.626278400E-1
8.112085513E1,1.427259922E0,2.594422102E0,-3.682262897E-1
8.113088212E1,1.519464970E0,2.820990086E0,4.718792811E-2
8.114090813E1,1.672559142E0,3.023822784E0,5.187332630E-1
8.115093512E1,1.873559952E0,3.186042070E0,9.873188138E-1
8.116096212E1,2.110637426E0,3.244795799E0,1.373125553E0
8.117098812E1,2.371505260E0,3.182623625E0,1.642290235E0
8.118101512E1,2.618422985E0,3.043408871E0,1.772957444E0
8.119104212E1,2.807883024E0,2.852690220E0,1.783575535E0
8.120106913E1,2.925921917E0,2.625917435E0,1.721249342E0
8.121109512E1,2.941801310E0,2.408770323E0,1.613656521E0
8.122112213E1,2.851263285E0,2.220518827E0,1.513988495E0
8.123114913E1,2.660936832E0,2.045914412E0,1.452657580E0
8.124117513E1,2.335131645E0,1.885364532E0,1.388347983E0
8.125120213E1,1.863326311E0,1.701700091E0,1.283957720E0
8.126122912E1,1.267927766E0,1.489550114E0,1.164121985E0
8.127125612E1,6.035797000E-1,1.214780927E0,1.158848166E0
8.128128212E1,-5.004196241E-2,9.139468074E-1,1.378812075E0
8.129130912E1,-6.279864907E-1,7.028018236E-1,1.843160510E0
8.130133612E1,-1.090476036E0,6.293047071E-1,2.429971218E0
8.131136212E1,-1.465152144E0,5.553021431E-1,2.879472971E0
8.132138912E1,-1.860982656E0,4.200781286E-1,2.917096138E0
8.133141613E1,-2.389823914E0,1.802399755E-1,2.627331257E0
8.134144312E1,-3.028153419E0,-1.806624830E-1,2.310758829E0
8.135146913E1,-3.678332806E0,-7.399822474E-1,2.293069601E0
8.136149612E1,-4.137177467E0,-1.300900102E0,2.539578199E0
8.137152312E1,-4.254854679E0,-1.716569185E0,2.790832043E0
8.138154912E1,-4.047389030E0,-1.933991790E0,2.909661531E0
8.139157612E1,-3.632686853E0,-1.955784440E0,2.865332603E0
8.140160312E1,-3.122294188E0,-1.893203139E0,2.646605492E0
8.141162912E1,-2.608378887E0,-1.862259865E0,2.344140291E0
8.142165612E1,-2.143342495E0,-1.929928660E0,2.026416063E0
8.143168313E1,-1.776667595E0,-2.124766827E0,1.678737760E0
8.144171013E1,-1.592988014E0,-2.317172050E0,1.355829000E0
8.145173613E1,-1.650129914E0,-2.409360886E0,1.108054876E0
8.146176313E1,-1.958933234E0,-2.376790524E0,9.417762756E-1
8.147179012E1,-2.421743155E0,-2.197519779E0,8.560842872E-1
8.148181613E1,-2.905501604E0,-1.916604280E0,8.015829325E-1
8.149184312E1,-3.313743114E0,-1.609975100E0,7.386324406E-1
8.150187012E1,-3.590689182E0,-1.341006517E0,6.591712832E-1
8.151189712E1,-3.703518867E0,-1.157409787E0,5.386190414E-1
8.152192312E1,-3.616312027E0,-1.069096208E0,3.575780094E-1
8.153195012E1,-3.317766428E0,-1.056920767E0,1.409229189E-1
8.154197713E1,-2.829462767E0,-1.091915727E0,-1.006785706E-1
8.155200312E1,-2.195069075E0,-1.144414544E0,-3.676343560E-1
8.156203013E1,-1.492535233E0,-1.255007148E0,-6.801738739E-1
8.157205687E1,-8.219734430E-1,-1.361089945E0,-1.008510828E0
8.158208288E1,-2.982215285E-1,-1.365572929E0,-1.299829602E0
8.159210987E1,1.031767344E-3,-1.246235967E0,-1.537408829E0
8.160213687E1,1.307025403E-1,-1.004031420E0,-1.773541451E0
8.161216388E1,1.543253064E-1,-6.704717875E-1,-2.011115789E0
8.162218987E1,1.095511615E-1,-2.965973616E-1,-2.213379383E0
8.163221688E1,6.829454005E-2,3.737182915E-2,-2.358151436E0
8.164224388E1,7.494702190E-2,3.467402756E-1,-2.478785038E0
8.165226987E1,1.373861730E-1,6.787456274E-1,-2.609664440E0
8.166229688E1,2.285560519E-1,1.009973884E0,-2.756933212E0
8.167232387E1,2.826302052E-1,1.312649250E0,-2.931770086E0
8.168234988E1,2.336009592E-1,1.587457657E0,-3.196414232E0
8.169237687E1,1.197705269E-1,1.795127273E0,-3.527173758E0
8.170240387E1,9.022964537E-2,1.833809853E0,-3.790428638E0
8.171243087E1,2.415855974E-1,1.719251037E0,-3.949167967E0
8.172245687E1,5.985519886E-1,1.688114524E0,-3.986292362E0
8.173248387E1,1.131745100E0,1.779601574E0,-3.860274553E0
8.174251088E1,1.632790923E0,1.861245751E0,-3.678481817E0
8.175253687E1,1.847524524E0,1.864741921E0,-3.506668568E0
8.176256388E1,1.743641615E0,1.857109785E0,-3.250872135E0
8.177259087E1,1.397068262E0,1.895784736E0,-2.872883320E0
8.178261688E1,9.458084106E-1,2.054508209E0,-2.435071945E0
8.179264388E1,5.712558627E-1,2.341752768E0,-2.016798019E0
8.180267087E1,3.916558921E-1,2.617238045E0,-1.651345849E0
8.181269787E1,4.476144910E-1,2.771030188E0,-1.324148536E0
8.182272387E1,7.414318323E-1,2.794361830E0,-1.015845656E0
8.183275087E1,1.204301715E0,2.735859871E0,-6.657652259E-1
8.184277788E1,1.723695397E0,2.648361444E0,-2.824645638E-1
8.185280387E1,2.198081255E0,2.586946726E0,1.021435708E-1
8.186283088E1,2.552170992E0,2.584350586E0,4.764711559E-1
8.187285788E1,2.776890039E0,2.649677753E0,8.043252230E-1
8.188288487E1,2.884854794E0,2.771010876E0,1.053673863E0
8.189291088E1,2.904191256E0,2.924181461E0,1.231328368E0
8.190293787E1,2.869619131E0,3.082183361E0,1.322231054E0
8.191296487E1,2.787461042E0,3.184042215E0,1.328707099E0
8.192299087E1,2.661757946E0,3.126927853E0,1.226006746E0
8.193301787E1,2.468101501E0,2.916937828E0,9.637637138E-1
8.194304487E1,2.167676449E0,2.581187963E0,6.226059198E-1
8.195307087E1,1.737607002E0,2.111232281E0,3.298422098E-1
8.196309787E1,1.214502096E0,1.572367311E0,2.175663114E-1
8.197312488E1,6.789513826E-1,1.113333702E0,3.172945380E-1
8.198315187E1,1.615591347E-1,8.425548673E-1,6.122157574E-1
8.199317788E1,-3.248539269E-1,8.234395385E-1,1.018891931E0
8.200320487E1,-8.029679060E-1,9.032623172E-1,1.452115178E0
8.201323187E1,-1.245004773E0,8.779258132E-1,1.787644982E0
8.202325788E1,-1.660478115E0,5.297072530E-1,1.981596112E0
8.203328487E1,-2.102802038E0,-1.168195754E-1,2.005771875E0
8.204331187E1,-2.674288034E0,-8.951587677E-1,1.960790753E0
8.205333787E1,-3.432020664E0,-1.544990778E0,2.051246643E0
8.206336487E1,-4.241713047E0,-1.926822186E0,2.298066616E0
8.207339188E1,-4.873504162E0,-1.950364470E0,2.495002031E0
8.208341888E1,-5.253863811E0,-1.734666586E0,2.503975391E0
8.209344487E1,-5.370592594E0,-1.479199409E0,2.316623926E0
8.210347188E1,-5.167328358E0,-1.480102301E0,1.966227651E0
8.211349887E1,-4.629920483E0,-1.775049567E0,1.522860050E0
8.212352488E1,-3.826447248E0,-2.176481247E0,1.089183450E0
8.213355187E1,-2.943349838E0,-2.490200758E0,7.401497960E-1
8.214357887E1,-2.254472017E0,-2.626719236E0,5.552598238E-1
8.215360487E1,-1.937289596E0,-2.671361446E0,5.480181575E-1
8.216363187E1,-1.945659399E0,-2.676182985E0,6.382177472E-1
8.217365887E1,-2.146798849E0,-2.642480373E0,7.556136250E-1
8.218368487E1,-2.369560003E0,-2.552311182E0,8.417448997E-1
8.219371187E1,-2.472413063E0,-2.416912794E0,8.121817112E-1
8.220373888E1,-2.440416098E0,-2.280969858E0,6.836939454E-1
8.221376587E1,-2.304713726E0,-2.175541878E0,5.095844865E-1
8.222379188E1,-2.047214031E0,-2.073762417E0,3.145814538E-1
8.223381888E1,-1.689413667E0,-1.944793820E0,1.319972575E-1
8.224384587E1,-1.264966846E0,-1.798313975E0,-1.865538955E-2
8.225387188E1,-7.969857454E-1,-1.615259409E0,-1.200469881E-1
8.226389887E1,-3.159876764E-1,-1.392220140E0,-2.191233635E-1
8.227392587E1,1.093646809E-1,-1.161910176E0,-3.783998489E-1
8.228395187E1,4.056227207E-1,-9.249308705E-1,-6.019613147E-1
8.229397887E1,5.397698879E-1,-6.739892364E-1,-9.099057913E-1
8.230400588E1,5.603235960E-1,-4.430883527E-1,-1.272126555E0
8.231403288E1,5.228878260E-1,-2.369778007E-1,-1.630447984E0
8.232405887E1,4.933698475E-1,-6.605939940E-3,-1.903788567E0
8.233408588E1,5.288042426E-1,2.474574894E-1,-2.050144911E0
8.234411287E1,6.685003638E-1,5.448556542E-1,-2.085762978E0
8.235413888E1,8.704127073E-1,8.738961220E-1,-2.068870783E0
8.236416587E1,1.092860222E0,1.215613246E0,-2.115436316E0
8.237419287E1,1.236698627E0,1.558297157E0,-2.361804008E0
8.238421887E1,1.236137509E0,1.814119101E0,-2.857990980E0
8.239424587E1,1.164546371E0,1.911036372E0,-3.373375177E0
8.240427287E1,1.214048028E0,1.745259881E0,-3.683336496E0
8.241429887E1,1.429924607E0,1.423784971E0,-3.848682880E0
8.242432587E1,1.668888450E0,1.282226682E0,-3.954914331E0
8.243435288E1,1.836191177E0,1.559279919E0,-3.979858637E0
8.244437987E1,1.741926670E0,1.996886134E0,-3.922245026E0
8.245440588E1,1.424161673E0,2.320933580E0,-3.758803368E0
8.246443288E1,1.041944981E0,2.494163990E0,-3.459591866E0
8.247445987E1,7.105097175E-1,2.532560110E0,-3.071265936E0
8.248448588E1,5.445957184E-1,2.505139351E0,-2.665772200E0
8.249451287E1,6.175455451E-1,2.532130003E0,-2.313721180E0
8.250453987E1,8.659940362E-1,2.612816095E0,-2.051522493E0
8.251456587E1,1.223298907E0,2.686915874E0,-1.799342632E0
8.252459287E1,1.603720427E0,2.663698673E0,-1.472282529E0
8.253461988E1,1.925156713E0,2.569563389E0,-1.077581048E0
8.254464688E1,2.145232439E0,2.482403278E0,-6.713027954E-1
8.255467287E1,2.283322573E0,2.453764677E0,-2.865878940E-1
8.256469988E1,2.357545853E0,2.433980703E0,8.252693713E-2
8.257472633E1,2.365027189E0,2.410607100E0,4.275290668E-1
8.258475233E1,2.301740408E0,2.387638330E0,7.546200156E-1
8.259477933E1,2.169471264E0,2.366648197E0,1.092754722E0
8.260480633E1,1.999120712E0,2.363769054E0,1.437820792E0
8.261483233E1,1.840270877E0,2.350460052E0,1.753775001E0
8.262485933E1,1.716491461E0,2.318315506E0,1.986132503E0
8.263488633E1,1.614911079E0,2.272117376E0,2.083219290E0
8.264491333E1,1.496653914E0,2.111817598E0,2.057105303E0
8.265493933E1,1.318340898E0,1.756092548E0,1.990688682E0
8.266496633E1,1.034604311E0,1.235820174E0,2.011655807E0
8.267499333E1,6.283149123E-1,6.909290552E-1,2.200338602E0
8.268501933E1,1.404962391E-1,1.333009303E-1,2.534237146E0
8.269504633E1,-3.064279854E-1,-1.444089711E-1,2.919161797E0
8.270507333E1,-6.561976075E-1,-1.327298582E-1,3.270799160E0
8.271509933E1,-9.028846025E-1,-4.649110511E-2,3.653753042E0
8.272512633E1,-1.075041294E0,-8.799059689E-2,4.024243355E0
8.273515333E1,-1.263131022E0,-3.820941150E-1,4.262563705E0
8.274517933E1,-1.611586332E0,-8.529787064E-1,4.341477871E0
8.275520633E1,-2.117272139E0,-1.347298384E0,4.297910213E0
8.276523333E1,-2.586921453E0,-1.714714050E0,4.200143337E0
8.277526033E1,-2.829442739E0,-1.802916408E0,4.003683567E0
8.278528633E1,-2.903516531E0,-1.704924583E0,3.712131977E0
8.279531333E1,-2.909263849E0,-1.555237651E0,3.320169687E0
8.280534033E1,-2.924931049E0,-1.485323071E0,2.817136049E0
8.281536633E1,-2.955324888E0,-1.518458128E0,2.302348375E0
8.282539333E1,-3.010930538E0,-1.586303830E0,1.858470321E0
8.283542033E1,-3.163757801E0,-1.653833628E0,1.511485457E0
8.284544633E1,-3.425045013E0,-1.700599909E0,1.308751583E0
8.285547333E1,-3.725502968E0,-1.705927372E0,1.220508218E0
8.286550033E1,-4.001582146E0,-1.660746932E0,1.174020648E0
8.287552633E1,-4.199150085E0,-1.603868127E0,1.139361978E0
8.288555333E1,-4.279423714E0,-1.549804807E0,1.054775715E0
8.289558033E1,-4.236649990E0,-1.522330523E0,9.062744379E-1
8.290560733E1,-4.051402569E0,-1.555102348E0,6.913473010E-1
8.291563333E1,-3.690184593E0,-1.624167919E0,4.347658157E-1
8.292566033E1,-3.122659683E0,-1.685888529E0,1.979536712E-1
8.293568733E1,-2.363927841E0,-1.685131431E0,2.159488387E-2
8.294571333E1,-1.501073480E0,-1.629587173E0,-1.499564797E-1
8.295574033E1,-6.696904302E-1,-1.496709824E0,-3.427027762E-1
8.296576733E1,-2.382628387E-3,-1.309599161E0,-5.384044051E-1
8.297579333E1,4.168782830E-1,-1.085531473E0,-7.673228383E-1
8.298582033E1,5.629662871E-1,-8.717183471E-1,-1.096319675E0
8.299584733E1,4.972924292E-1,-6.313606501E-1,-1.499789357E0
8.300587333E1,3.219501972E-1,-3.446958065E-1,-1.839812398E0
8.301590033E1,1.640681475E-1,-5.642382056E-2,-2.068252325E0
8.302592733E1,1.193464473E-1,2.544298172E-1,-2.213103294E0
8.303595333E1,1.883843541E-1,6.356824040E-1,-2.320809364E0
8.304598033E1,3.015016615E-1,1.052953005E0,-2.405249596E0
8.305600733E1,3.832521737E-1,1.426202774E0,-2.570600986E0
8.306603433E1,3.872488737E-1,1.703104973E0,-2.841805935E0
8.307606033E1,3.502647579E-1,1.773639321E0,-3.147869825E0
8.308608733E1,4.080510736E-1,1.634965420E0,-3.443041325E0
8.309611433E1,6.877498627E-1,1.354457021E0,-3.608124495E0
8.310614033E1,1.130944967E0,1.098639250E0,-3.608794451E0
8.311616733E1,1.605581045E0,1.041314602E0,-3.435838461E0
8.312619433E1,2.056414604E0,1.287578225E0,-3.134675503E0
8.313622033E1,2.349089384E0,1.578367352E0,-2.787735462E0
8.314624733E1,2.372651577E0,1.711636066E0,-2.472624540E0
8.315627433E1,2.084918261E0,1.679013133E0,-2.175398588E0
8.316630033E1,1.547669053E0,1.597550750E0,-1.902227044E0
8.317632733E1,8.777980208E-1,1.600282907E0,-1.705519319E0
8.318635433E1,2.116779983E-1,1.789861679E0,-1.633310914E0
8.319638033E1,-3.214098811E-1,2.141763687E0,-1.633557796E0
8.320640733E1,-6.079695821E-1,2.503425598E0,-1.584991336E0
8.321643433E1,-6.247216463E-1,2.741347551E0,-1.431278944E0
8.322646133E1,-3.551313579E-1,2.814214230E0,-1.130303979E0
8.323648733E1,1.368090808E-1,2.728174686E0,-7.298049927E-1
8.324651433E1,7.339236736E-1,2.566766500E0,-3.196871281E-1
8.325654133E1,1.320373058E0,2.455523014E0,6.460725516E-2
8.326656733E1,1.835590363E0,2.432178974E0,4.191628993E-1
8.327659433E1,2.274126530E0,2.475125551E0,7.322790027E-1
8.328662133E1,2.648013592E0,2.577083349E0,9.930583239E-1
8.329664733E1,2.956947327E0,2.698252439E0,1.196414351E0
8.330667433E1,3.170150042E0,2.776976347E0,1.334022403E0
8.331670133E1,3.274347305E0,2.750967264E0,1.372199893E0
8.332672833E1,3.262777805E0,2.656305790E0,1.268791914E0
8.333675433E1,3.057100058E0,2.379359245E0,1.032249689E0
8.334678133E1,2.640107393E0,1.936388254E0,7.818982005E-1
8.335680833E1,2.050687790E0,1.389173031E0,6.620091200E-1
8.336683433E1,1.363010049E0,8.053701520E-1,7.323499918E-1
8.337686133E1,6.930234432E-1,3.354721367E-1,1.024889350E0
8.338688833E1,1.052620932E-1,5.583734810E-2,1.559844375E0
8.339691433E1,-3.476148248E-1,-2.761599608E-2,2.141067028E0
8.340694133E1,-6.854244471E-1,2.108391002E-2,2.582963705E0
8.341696833E1,-9.866692424E-1,2.691090852E-2,2.841781616E0
8.342699433E1,-1.297635436E0,-1.840772331E-1,2.881567955E0
8.343702133E1,-1.667365789E0,-7.310423255E-1,2.865515232E0
8.344704833E1,-2.037709236E0,-1.506600618E0,2.993654966E0
8.345707433E1,-2.256150484E0,-2.214884043E0,3.272317648E0
8.346710133E1,-2.273518324E0,-2.640221596E0,3.532671452E0
8.347712833E1,-2.178786755E0,-2.735306263E0,3.585547209E0
8.348715433E1,-2.099851131E0,-2.571799517E0,3.439949274E0
8.349718133E1,-2.080844164E0,-2.290017843E0,3.107052565E0
8.350720833E1,-2.091724396E0,-2.043420315E0,2.654362202E0
8.351723533E1,-2.100668192E0,-1.954567909E0,2.164384842E0
8.352726133E1,-2.109492302E0,-1.938057065E0,1.778121710E0
8.353728833E1,-2.171316624E0,-1.887212515E0,1.545075417E0
8.354731533E1,-2.333037853E0,-1.782336831E0,1.410884023E0
8.355734133E1,-2.589708805E0,-1.637176156E0,1.328811049E0
8.356736833E1,-2.881340265E0,-1.475181699E0,1.253350258E0
8.357739596E1,-3.122941494E0,-1.316233039E0,1.145824552E0
8.358742196E1,-3.261761665E0,-1.144853354E0,9.814459682E-1
8.359744896E1,-3.299800634E0,-9.664537907E-1,7.648116350E-1
8.360747596E1,-3.242873192E0,-8.061003685E-1,5.341808796E-1
8.361750196E1,-3.071379423E0,-7.075154781E-1,3.340741992E-1
8.362752896E1,-2.755571842E0,-6.875172257E-1,1.479824632E-1
8.363755596E1,-2.286978722E0,-7.367364168E-1,-3.413726389E-2
8.364758196E1,-1.718245387E0,-8.218705654E-1,-2.420963049E-1
8.365760896E1,-1.138327718E0,-8.823762536E-1,-5.046539307E-1
8.366763596E1,-6.338696480E-1,-8.698328137E-1,-7.913772464E-1
8.367766296E1,-2.529044449E-1,-7.646323442E-1,-1.089280128E0
8.368768896E1,-3.667036537E-3,-5.705232024E-1,-1.415044785E0
8.369771596E1,1.227785200E-1,-3.013041914E-1,-1.743270874E0
8.370774296E1,1.402591020E-1,-3.051098436E-2,-1.995631456E0
8.371776896E1,1.129521281E-1,2.262734026E-1,-2.172551632E0
8.372779596E1,1.010344774E-1,4.746304452E-1,-2.286677837E0
8.373782296E1,1.599143147E-1,7.360074520E-1,-2.332195282E0
8.374784896E1,3.306061029E-1,1.030871391E0,-2.356238127E0
8.375787596E1,5.496146083E-1,1.338266134E0,-2.450335741E0
8.376790296E1,7.387123108E-1,1.574322462E0,-2.609973192E0
8.377792896E1,8.486548066E-1,1.631443262E0,-2.881591558E0
8.378795596E1,9.246525764E-1,1.459332824E0,-3.167169333E0
8.379798296E1,1.036941051E0,1.147567749E0,-3.346040249E0
8.380800896E1,1.285026312E0,1.043384314E0,-3.463664532E0
8.381803596E1,1.657901883E0,1.219045162E0,-3.475253820E0
8.382806296E1,1.991198659E0,1.473271728E0,-3.368269444E0
8.383808896E1,2.128315210E0,1.644043207E0,-3.161180019E0
8.384811596E1,2.069819212E0,1.658859015E0,-2.826871395E0
8.385814296E1,1.872802258E0,1.628640175E0,-2.424067736E0
8.386816996E1,1.569096088E0,1.657078505E0,-1.981062412E0
8.387819596E1,1.257995963E0,1.788570046E0,-1.550881743E0
8.388822296E1,1.065566540E0,2.043791056E0,-1.173821211E0
8.389824996E1,1.020863891E0,2.372969627E0,-8.295269608E-1
8.390827596E1,1.138935089E0,2.627769470E0,-4.595991969E-1
8.391830296E1,1.396448374E0,2.751467705E0,-2.695325948E-2
8.392832996E1,1.740047216E0,2.759945869E0,4.548798501E-1
8.393835596E1,2.117499113E0,2.753311157E0,9.161990285E-1
8.394838296E1,2.488390446E0,2.784549713E0,1.306284904E0
8.395840996E1,2.805110931E0,2.860042572E0,1.568174005E0
8.396843596E1,3.027047157E0,2.945065737E0,1.682931542E0
8.397846296E1,3.133378267E0,3.030278206E0,1.723864675E0
8.398848996E1,3.169753075E0,3.067523718E0,1.744409919E0
8.399851596E1,3.138051271E0,2.997846127E0,1.764355659E0
8.400854296E1,2.974681854E0,2.799679279E0,1.811203718E0
8.401856996E1,2.636156559E0,2.556551695E0,1.877489805E0
8.402859596E1,2.108656406E0,2.261161804E0,1.996009231E0
8.403862296E1,1.440009594E0,1.891947389E0,2.165605307E0
8.404864996E1,7.093968391E-1,1.525672793E0,2.328137636E0
8.405867696E1,-9.070178494E-3,1.191635132E0,2.492055416E0
8.406870296E1,-6.852932572E-1,8.744766116E-1,2.754423618E0
8.407872996E1,-1.263098836E0,6.117118001E-1,3.113566637E0
8.408875696E1,-1.648382545E0,4.099943042E-1,3.392429590E0
8.409878296E1,-1.918729544E0,1.254507303E-1,3.518659830E0
8.410880996E1,-2.212435246E0,-3.050254881E-1,3.358302355E0
8.411883696E1,-2.616880178E0,-8.857094049E-1,2.962564230E0
8.412886296E1,-3.164749146E0,-1.596450686E0,2.768156052E0
8.413888996E1,-3.727024794E0,-2.333225727E0,2.943447590E0
8.414891696E1,-4.083614349E0,-2.866755009E0,3.325560093E0
8.415894296E1,-4.068437576E0,-3.021990299E0,3.518679619E0
8.416896996E1,-3.710340500E0,-2.817026377E0,3.291192532E0
8.417899696E1,-3.182976961E0,-2.342990160E0,2.829634428E0
8.418902296E1,-2.708906889E0,-1.836520672E0,2.332912922E0
8.419904996E1,-2.433260679E0,-1.549085379E0,1.911377668E0
8.420907696E1,-2.389970779E0,-1.517408967E0,1.592767715E0
8.421910296E1,-2.529464483E0,-1.577399850E0,1.351245403E0
8.422912996E1,-2.760081053E0,-1.643163562E0,1.195075750E0
8.423915696E1,-3.003082275E0,-1.638431668E0,1.073854804E0
8.424918396E1,-3.254739523E0,-1.491171479E0,9.022038579E-1
8.425920996E1,-3.547482014E0,-1.223756790E0,6.954466701E-1
8.426923696E1,-3.844765425E0,-9.046695828E-1,5.036024451E-1
8.427926396E1,-4.047964573E0,-5.980545282E-1,3.558567166E-1
8.428928996E1,-4.089124680E0,-3.718679547E-1,2.195855081E-1
8.429931696E1,-3.953674793E0,-2.418721169E-1,7.751917839E-2
8.430934396E1,-3.640990973E0,-2.564556301E-1,-1.234191358E-1
8.431936996E1,-3.170136452E0,-4.144212902E-1,-3.953300118E-1
8.432939696E1,-2.605169773E0,-6.718546152E-1,-7.304196954E-1
8.433942396E1,-2.027489901E0,-9.414163232E-1,-1.105303049E0
8.434944996E1,-1.512617946E0,-1.116812587E0,-1.476213098E0
8.435947696E1,-1.106347442E0,-1.105298877E0,-1.834642529E0
8.436950396E1,-8.297649026E-1,-9.324091077E-1,-2.174447298E0
8.437952996E1,-6.734163165E-1,-6.800024509E-1,-2.486103773E0
8.438955696E1,-6.402453780E-1,-3.444322944E-1,-2.776073933E0
8.439958396E1,-6.729196906E-1,3.715101257E-2,-3.005122662E0
8.440960996E1,-6.849104166E-1,3.872617483E-1,-3.165057421E0
8.441963696E1,-6.032552123E-1,6.382185817E-1,-3.292512655E0
8.442966396E1,-4.276934266E-1,8.434341550E-1,-3.393382788E0
8.443968996E1,-1.729167998E-1,1.041240215E0,-3.452313185E0
8.444971696E1,1.370244473E-1,1.232599854E0,-3.462692738E0
8.445974396E1,4.074245095E-1,1.441608191E0,-3.500945330E0
8.446976996E1,6.020104885E-1,1.616736650E0,-3.585468054E0
8.447979696E1,8.129799962E-1,1.756371260E0,-3.667021513E0
8.448982396E1,1.115120888E0,1.729133725E0,-3.679283857E0
8.449984996E1,1.508596063E0,1.633899570E0,-3.684379339E0
8.450987696E1,1.897311449E0,1.669075608E0,-3.737293720E0
8.451990396E1,2.160177231E0,1.841154456E0,-3.734513998E0
8.452993096E1,2.264133215E0,2.082478523E0,-3.580404520E0
8.453995696E1,2.293143988E0,2.316017389E0,-3.220130444E0
8.454998396E1,2.318302155E0,2.501313210E0,-2.739712000E0
8.456001096E1,2.311769009E0,2.610702753E0,-2.177908897E0
8.457003696E1,2.287824154E0,2.668762207E0,-1.558712721E0
8.458006362E1,2.291345119E0,2.743295431E0,-9.769057631E-1
8.459009063E1,2.350194931E0,2.881400585E0,-4.865390956E-1
8.460011662E1,2.462877274E0,3.071258783E0,-6.091668829E-2
8.461014363E1,2.640025139E0,3.269110203E0,4.093202055E-1
8.462017062E1,2.873043060E0,3.441070080E0,9.119551182E-1
8.463019663E1,3.141862154E0,3.525830269E0,1.368938088E0
8.464022362E1,3.432411432E0,3.518732071E0,1.719480872E0
8.465025062E1,3.700415850E0,3.425171614E0,1.900845170E0
8.466027662E1,3.895651340E0,3.266356230E0,1.910317302E0
8.467030362E1,3.993226767E0,3.045381308E0,1.777204156E0
8.468033062E1,3.988078356E0,2.776244640E0,1.560600400E0
8.469035662E1,3.876677513E0,2.505559683E0,1.330521345E0
8.470038362E1,3.658568859E0,2.234264135E0,1.146981239E0
8.471041063E1,3.325047255E0,1.965735912E0,9.983710647E-1
8.472043662E1,2.831208944E0,1.703874946E0,8.950800896E-1
8.473046363E1,2.184417009E0,1.380575776E0,8.255879283E-1
8.474049063E1,1.473633647E0,9.956956506E-1,7.806348205E-1
8.475051663E1,7.451522350E-1,5.380012989E-1,7.536753416E-1
8.476054363E1,4.527724162E-2,-4.017146677E-2,7.009096146E-1
8.477057062E1,-5.883584023E-1,-7.854343057E-1,6.493923068E-1
8.478059663E1,-1.122603536E0,-1.510444522E0,6.745085716E-1
8.479062362E1,-1.530447364E0,-2.009927034E0,9.404287338E-1
8.480065062E1,-1.733417511E0,-2.347662210E0,1.414461255E0
8.481067762E1,-1.757089376E0,-2.571083069E0,1.922319055E0
8.482070362E1,-1.723072052E0,-2.766455650E0,2.497960329E0
8.483073062E1,-1.658251286E0,-3.060795546E0,3.132807493E0
8.484075763E1,-1.499510646E0,-3.352210999E0,3.638872862E0
8.485078362E1,-1.262983441E0,-3.362625122E0,3.831236124E0
8.486081063E1,-1.072123408E0,-3.015188217E0,3.751526117E0
8.487083762E1,-1.047932863E0,-2.473004103E0,3.630087852E0
8.488086363E1,-1.170310736E0,-1.914812446E0,3.555482864E0
8.489089062E1,-1.338789701E0,-1.508311749E0,3.444787025E0
8.490091762E1,-1.517164230E0,-1.272292018E0,3.204792976E0
8.491094363E1,-1.738582611E0,-1.201472282E0,2.881753922E0
8.492097062E1,-2.043718815E0,-1.260007262E0,2.565323114E0
8.493099762E1,-2.439090729E0,-1.319899321E0,2.319242239E0
8.494102362E1,-2.883545876E0,-1.251400948E0,2.136873245E0
8.495105062E1,-3.306578875E0,-1.017688870E0,1.980560184E0
8.496107763E1,-3.659061432E0,-7.028352618E-1,1.836681247E0
8.497110362E1,-3.917787075E0,-3.850181699E-1,1.701720357E0
8.498113062E1,-4.047224522E0,-1.247335970E-1,1.529394984E0
8.499115763E1,-4.027861118E0,4.761020839E-2,1.281854153E0
8.500118362E1,-3.868909121E0,1.508995891E-1,9.794772267E-1
8.501121063E1,-3.602076054E0,2.186897099E-1,6.713257432E-1
8.502123762E1,-3.249338865E0,2.809626758E-1,3.707022965E-1
8.503126363E1,-2.840714693E0,2.831950188E-1,3.804095089E-2
8.504129062E1,-2.413667917E0,2.211950123E-1,-3.456198871E-1
8.505131762E1,-2.024544001E0,2.227868736E-1,-7.598283291E-1
8.506134362E1,-1.737501144E0,3.473559618E-1,-1.185965776E0
8.507137062E1,-1.609835982E0,5.619372129E-1,-1.606948733E0
8.508139762E1,-1.606142998E0,8.437430859E-1,-1.965871453E0
8.509142362E1,-1.646986842E0,1.146322846E0,-2.273694277E0
8.510145062E1,-1.648962855E0,1.414380074E0,-2.506355524E0
8.511147763E1,-1.532794476E0,1.604885340E0,-2.653515339E0
8.512150362E1,-1.262084484E0,1.718979120E0,-2.792729855E0
8.513153063E1,-8.594169021E-1,1.790956974E0,-2.958788872E0
8.514155763E1,-4.131235182E-1,1.820534348E0,-3.187681675E0
8.515158363E1,-4.718865827E-2,1.817518473E0,-3.437971115E0
8.516161063E1,1.868621856E-1,1.794246674E0,-3.696269989E0
8.517163762E1,3.364254534E-1,1.794761181E0,-3.926726341E0
8.518166363E1,4.422746599E-1,1.785450697E0,-4.072921753E0
8.519169062E1,5.475623012E-1,1.850503325E0,-4.103490353E0
8.520171762E1,7.072039247E-1,2.068124056E0,-4.043515682E0
8.521174462E1,9.107763171E-1,2.317199230E0,-3.919422150E0
8.522177062E1,1.152426481E0,2.458632708E0,-3.704923868E0
8.523179762E1,1.375810862E0,2.469774961E0,-3.347136021E0
8.524182463E1,1.525170565E0,2.379562378E0,-2.795665026E0
8.525185062E1,1.544947386E0,2.278678894E0,-2.093527317E0
8.526187763E1,1.427567601E0,2.312007904E0,-1.378848791E0
8.527190462E1,1.231946826E0,2.525546551E0,-7.405528426E-1
8.528193063E1,1.086232424E0,2.790651083E0,-2.032312900E-1
8.529195762E1,1.088434339E0,3.000926018E0,1.990294307E-1
8.530198462E1,1.254188895E0,3.136345387E0,4.996981621E-1
8.531201062E1,1.552801013E0,3.186110258E0,7.512601018E-1
8.532203762E1,1.921455026E0,3.150141001E0,9.642837048E-1
8.533206462E1,2.280700207E0,3.021125078E0,1.146063328E0
8.534209062E1,2.583071709E0,2.824238062E0,1.286800981E0
8.535211762E1,2.815202236E0,2.639342546E0,1.366332293E0
8.536214463E1,2.983012199E0,2.518501282E0,1.398950934E0
8.537217062E1,3.093477249E0,2.475463867E0,1.407473087E0
8.538219763E1,3.134994984E0,2.458150625E0,1.387495399E0
8.539222463E1,3.097765923E0,2.421133995E0,1.342238903E0
8.540225063E1,2.977081776E0,2.329457998E0,1.264171600E0
8.541227763E1,2.792992592E0,2.105937004E0,1.139434218E0
8.542230462E1,2.552327871E0,1.712446451E0,9.346849322E-1
8.543233063E1,2.238761425E0,1.178926706E0,6.961734295E-1
8.544235762E1,1.849643111E0,5.648958087E-1,5.632225871E-1
8.545238462E1,1.393729687E0,-2.819515392E-2,6.352238059E-1
8.546241062E1,8.811897039E-1,-4.739271104E-1,9.693437219E-1
8.547243762E1,3.476328254E-1,-7.089607716E-1,1.536982059E0
8.548246462E1,-1.610421240E-1,-7.001557946E-1,2.124281883E0
8.549249062E1,-6.342280507E-1,-5.118262172E-1,2.543092728E0
8.550251762E1,-1.163691044E0,-3.692477643E-1,2.789898157E0
8.551254463E1,-1.762525678E0,-4.928157330E-1,2.996396780E0
8.552257062E1,-2.369634628E0,-9.605482817E-1,3.344701290E0
8.553259763E1,-2.823316813E0,-1.575477839E0,3.735988140E0
8.554262462E1,-3.073340893E0,-2.027383804E0,3.929011822E0
8.555265063E1,-3.193697214E0,-2.149415255E0,3.742775679E0
8.556267762E1,-3.298852205E0,-1.978630066E0,3.217409372E0
8.557270400E1,-3.468080997E0,-1.718015075E0,2.565171957E0
8.558273000E1,-3.604951382E0,-1.555516243E0,2.025326967E0
8.559275700E1,-3.572106361E0,-1.503756046E0,1.704872966E0
8.560278400E1,-3.375821352E0,-1.512587190E0,1.520299315E0
8.561281000E1,-3.120404482E0,-1.556794882E0,1.395547986E0
8.562283700E1,-2.918646812E0,-1.618312836E0,1.298168182E0
8.563286400E1,-2.849098921E0,-1.639991641E0,1.189977288E0
8.564289000E1,-2.964526176E0,-1.579889059E0,1.057742596E0
8.565291700E1,-3.213424921E0,-1.459824204E0,9.267538786E-1
8.566294400E1,-3.472123146E0,-1.294476509E0,7.968773246E-1
8.567297000E1,-3.642884254E0,-1.125391722E0,6.579900384E-1
8.568299700E1,-3.682192326E0,-9.797306061E-1,5.150136948E-1
8.569302400E1,-3.562705994E0,-8.862029910E-1,3.447251618E-1
8.570305000E1,-3.259762049E0,-8.604177237E-1,1.446975023E-1
8.571307700E1,-2.761081219E0,-8.780330420E-1,-7.687530667E-2
8.572310400E1,-2.111030340E0,-9.244785905E-1,-3.133267164E-1
8.573313000E1,-1.386280298E0,-9.358817339E-1,-5.637963414E-1
8.574315700E1,-6.939779520E-1,-8.843013644E-1,-8.188526034E-1
8.575318400E1,-1.083325446E-1,-7.579675317E-1,-1.079581857E0
8.576321000E1,3.218342662E-1,-5.465354323E-1,-1.368891358E0
8.577323700E1,6.002784371E-1,-3.039613068E-1,-1.688912511E0
8.578326400E1,7.606955171E-1,-7.421199232E-2,-1.980534315E0
8.579329000E1,8.857091665E-1,1.937728524E-1,-2.165935278E0
8.580331700E1,1.042385936E0,4.761022925E-1,-2.276829243E0
8.581334400E1,1.234955668E0,7.889364958E-1,-2.361213923E0
8.582337000E1,1.411905885E0,1.134266973E0,-2.459189653E0
8.583339700E1,1.573144794E0,1.433516741E0,-2.601335287E0
8.584342400E1,1.753551841E0,1.559514165E0,-2.862693787E0
8.585345000E1,1.988314509E0,1.440772414E0,-3.219525814E0
8.586347700E1,2.325280190E0,1.121045113E0,-3.529962301E0
8.587350400E1,2.727110147E0,7.355163693E-1,-3.786810160E0
8.588353000E1,3.030551910E0,4.482741654E-1,-3.983231783E0
8.589355700E1,3.099117756E0,3.011840284E-1,-4.065900326E0
8.590358400E1,2.886957884E0,2.808001935E-1,-4.066188812E0
8.591361000E1,2.430341005E0,3.672227561E-1,-3.981782198E0
8.592363700E1,1.792106271E0,4.753122032E-1,-3.683606386E0
8.593366400E1,1.023288131E0,5.074368119E-1,-3.219041109E0
8.594369000E1,2.398657799E-1,6.108979583E-1,-2.695970058E0
8.595371700E1,-4.414805770E-1,8.318267465E-1,-2.195137501E0
8.596374400E1,-9.345887899E-1,1.150435925E0,-1.774583459E0
8.597377000E1,-1.192068338E0,1.543894529E0,-1.444303274E0
8.598379700E1,-1.187355638E0,1.966072559E0,-1.175510645E0
8.599382400E1,-9.051048160E-1,2.311435223E0,-9.094344974E-1
8.600385000E1,-3.753446639E-1,2.478904724E0,-6.013500094E-1
8.601387700E1,2.917343974E-1,2.488884687E0,-2.541772127E-1
8.602390400E1,9.761217833E-1,2.411176682E0,9.385319054E-2
8.603393000E1,1.570701003E0,2.308064461E0,3.997398615E-1
8.604395700E1,1.999137878E0,2.200595140E0,6.153161526E-1
8.605398400E1,2.232872963E0,2.127827644E0,7.285152078E-1
8.606401100E1,2.302453279E0,2.104122400E0,7.755838633E-1
8.607403700E1,2.243214846E0,2.111248970E0,7.839167118E-1
8.608406400E1,2.091977596E0,2.127001762E0,7.627845407E-1
8.609409100E1,1.865999341E0,2.073410034E0,7.599413395E-1
8.610411700E1,1.601474762E0,1.881354690E0,8.107150197E-1
8.611414400E1,1.334879994E0,1.578991413E0,9.331783652E-1
8.612417000E1,1.055628657E0,1.222169280E0,1.191659927E0
8.613419700E1,7.562504411E-1,8.170579076E-1,1.595976710E0
8.614422400E1,4.395454228E-1,4.569122493E-1,2.108540773E0
8.615425100E1,9.043713659E-2,2.325583994E-1,2.591554880E0
8.616427700E1,-2.655188441E-1,1.262039989E-1,2.943564892E0
8.617430400E1,-6.406866908E-1,9.202518314E-2,3.106604815E0
8.618433100E1,-1.095707417E0,-1.039794758E-1,3.124082565E0
8.619435700E1,-1.638132453E0,-7.779941559E-1,3.202165127E0
8.620438400E1,-2.167333603E0,-1.786506057E0,3.399565935E0
8.621441100E1,-2.576210737E0,-2.708843470E0,3.587934256E0
8.622443700E1,-2.841522694E0,-3.118945837E0,3.596547127E0
8.623446400E1,-2.972417831E0,-2.930892706E0,3.418019295E0
8.624449100E1,-3.029514551E0,-2.449170589E0,3.084707975E0
8.625451700E1,-3.068050146E0,-2.037583351E0,2.643906116E0
8.626454400E1,-3.138598204E0,-1.883957028E0,2.188388109E0
8.627457100E1,-3.216564894E0,-1.988653779E0,1.803585649E0
8.628459700E1,-3.256163120E0,-2.164128304E0,1.537469268E0
8.629462400E1,-3.256157637E0,-2.241599798E0,1.390320539E0
8.630465000E1,-3.254241228E0,-2.258991241E0,1.318802714E0
8.631467700E1,-3.314389944E0,-2.198703289E0,1.244935274E0
8.632470400E1,-3.418487072E0,-2.050418615E0,1.159542918E0
8.633473000E1,-3.496320248E0,-1.857117057E0,1.072703958E0
8.634475700E1,-3.453174114E0,-1.640972853E0,9.736033082E-1
8.635478400E1,-3.248616219E0,-1.430910945E0,8.697687387E-1
8.636481000E1,-2.874986172E0,-1.242718935E0,7.693063021E-1
8.637483700E1,-2.343767405E0,-1.098853588E0,6.899486780E-1
8.638486400E1,-1.686217666E0,-1.010134339E0,6.467045546E-1
8.639489000E1,-9.773517251E-1,-9.193503857E-1,6.111605763E-1
8.640491700E1,-3.152688146E-1,-7.804018259E-1,5.115378499E-1
8.641494400E1,2.171956152E-1,-6.063867211E-1,2.810972333E-1
8.642497000E1,5.349243283E-1,-4.110068381E-1,-5.812504143E-2
8.643499700E1,6.533491015E-1,-2.341483235E-1,-4.451806247E-1
8.644502400E1,6.331005692E-1,-8.328930289E-2,-8.439902663E-1
8.645505100E1,5.197101831E-1,5.002242327E-2,-1.186071157E0
8.646507700E1,3.799259067E-1,2.348149121E-1,-1.469758749E0
8.647510400E1,2.660851479E-1,4.289127290E-1,-1.694653630E0
8.648513000E1,2.370849252E-1,6.570824981E-1,-1.842387199E0
8.649515700E1,3.373530507E-1,9.959872961E-1,-1.924523473E0
8.650518400E1,5.571498275E-1,1.381634116E0,-2.012626171E0
8.651521000E1,8.249682784E-1,1.703813910E0,-2.199288130E0
8.652523700E1,1.098662972E0,1.819498777E0,-2.561049700E0
8.653526400E1,1.386314154E0,1.626371741E0,-3.025807142E0
8.654529000E1,1.742000937E0,1.199038863E0,-3.417125225E0
8.655531700E1,2.174343586E0,8.951143026E-1,-3.681408405E0
8.656534400E1,2.562669039E0,9.300302267E-1,-3.750280619E0
8.657537100E1,2.777613878E0,1.082799911E0,-3.649178982E0
8.658539800E1,2.723296165E0,1.258791804E0,-3.493724108E0
8.659542500E1,2.376931667E0,1.426138878E0,-3.234204531E0
8.660545100E1,1.806975245E0,1.586264849E0,-2.855783463E0
8.661547800E1,1.152333736E0,1.793561935E0,-2.411442757E0
8.662550500E1,6.028660536E-1,2.098572493E0,-1.944106221E0
8.663553100E1,2.899472117E-1,2.454742670E0,-1.543760538E0
8.664555800E1,2.165781856E-1,2.750631332E0,-1.225600123E0
8.665558500E1,3.458056748E-1,2.917624474E0,-9.554904699E-1
8.666561100E1,6.582237482E-1,2.940104246E0,-7.042177320E-1
8.667563800E1,1.109321117E0,2.869467020E0,-4.415188134E-1
8.668566500E1,1.606429935E0,2.781802893E0,-1.379676908E-1
8.669569100E1,2.038191080E0,2.695200205E0,1.741346717E-1
8.670571800E1,2.354793549E0,2.562750578E0,4.110209644E-1
8.671574500E1,2.551237583E0,2.441774368E0,5.311488509E-1
8.672577100E1,2.641516924E0,2.391372442E0,5.711993575E-1
8.673579800E1,2.673931837E0,2.411727190E0,5.632115006E-1
8.674582500E1,2.665137768E0,2.438713789E0,5.299454331E-1
8.675585100E1,2.610815287E0,2.421782970E0,4.705800414E-1
8.676587800E1,2.475520849E0,2.276151657E0,3.760367632E-1
8.677590500E1,2.239338398E0,2.058207750E0,2.495915294E-1
8.678593100E1,1.854907632E0,1.778897762E0,1.385824531E-1
8.679595800E1,1.333188772E0,1.418420911E0,7.799611986E-2
8.680598500E1,7.311177850E-1,1.046277404E0,1.329147667E-1
8.681601100E1,1.146979034E-1,6.648586392E-1,3.682295978E-1
8.682603800E1,-4.566249847E-1,3.515920937E-1,8.100411296E-1
8.683606500E1,-9.347305894E-1,1.886872053E-1,1.415442228E0
8.684609100E1,-1.332907796E0,2.371420860E-1,2.014419317E0
8.685611800E1,-1.679513097E0,3.292117417E-1,2.449549675E0
8.686614500E1,-2.015284061E0,2.599405348E-1,2.647305489E0
8.687617100E1,-2.372643948E0,-6.311703473E-2,2.612514734E0
8.688619800E1,-2.792827368E0,-7.693378329E-1,2.617739439E0
8.689622500E1,-3.119481087E0,-1.611846805E0,2.817253113E0
8.690625100E1,-3.154637575E0,-2.191145658E0,3.001071453E0
8.691627800E1,-2.971955538E0,-2.325165987E0,2.988999128E0
8.692630500E1,-2.710125923E0,-2.101528168E0,2.775575161E0
8.693633100E1,-2.546776533E0,-1.717800260E0,2.470198631E0
8.694635800E1,-2.541186810E0,-1.515714526E0,2.125109673E0
8.695638500E1,-2.565205574E0,-1.536469817E0,1.790343642E0
8.696641100E1,-2.498980999E0,-1.617999554E0,1.514903784E0
8.697643800E1,-2.406496525E0,-1.671212792E0,1.298160076E0
8.698646500E1,-2.384953976E0,-1.687599778E0,1.174270153E0
8.699649100E1,-2.452389717E0,-1.683027864E0,1.103098154E0
8.700651800E1,-2.604293823E0,-1.617773414E0,1.023068547E0
8.701654500E1,-2.799483061E0,-1.509747505E0,9.132471085E-1
8.702657100E1,-2.951804161E0,-1.393892050E0,7.870950699E-1
8.703659800E1,-3.023501873E0,-1.288601398E0,6.545555592E-1
8.704662500E1,-2.990034103E0,-1.206169367E0,5.376017690E-1
8.705665100E1,-2.851301670E0,-1.159408808E0,4.462600052E-1
8.706667800E1,-2.598958731E0,-1.143534780E0,3.726848364E-1
8.707670500E1,-2.224513054E0,-1.141175747E0,2.864746153E-1
8.708673100E1,-1.768683076E0,-1.144122481E0,1.402854472E-1
8.709675800E1,-1.296300054E0,-1.136487842E0,-7.507334650E-2
8.710678400E1,-8.582067490E-1,-1.095988393E0,-3.214498162E-1
8.711681100E1,-5.068882704E-1,-1.021106362E0,-5.660220981E-1
8.712683800E1,-2.723093629E-1,-9.189972878E-1,-8.248670101E-1
8.713686400E1,-1.572612971E-1,-7.820112109E-1,-1.115094304E0
8.714689100E1,-1.311199665E-1,-6.133828163E-1,-1.403722882E0
8.715691800E1,-1.424036771E-1,-4.076313376E-1,-1.636908650E0
8.716694400E1,-1.320825964E-1,-1.274297833E-1,-1.763872385E0
8.717697100E1,-6.605684757E-2,1.786041260E-1,-1.763764024E0
8.718699800E1,7.682147622E-2,4.560221434E-1,-1.714292884E0
8.719702400E1,2.984377742E-1,7.122493386E-1,-1.735869288E0
8.720705100E1,5.303364992E-1,9.388875365E-1,-1.896523714E0
8.721707800E1,7.198065519E-1,1.022222400E0,-2.155010939E0
8.722710400E1,8.901337981E-1,9.793460369E-1,-2.466733217E0
8.723713100E1,1.113101602E0,8.835355043E-1,-2.705328465E0
8.724715800E1,1.419020772E0,7.936642170E-1,-2.784175158E0
8.725718400E1,1.781351686E0,8.014917970E-1,-2.783186913E0
8.726721100E1,2.152995110E0,1.039919853E0,-2.827924252E0
8.727723800E1,2.392680645E0,1.306169510E0,-2.917445183E0
8.728726400E1,2.417932034E0,1.479158878E0,-2.973877668E0
8.729729100E1,2.216310263E0,1.544788718E0,-2.850331306E0
8.730731800E1,1.860567331E0,1.554271698E0,-2.529391527E0
8.731734400E1,1.425222158E0,1.605695486E0,-2.129941940E0
8.732737100E1,9.748153090E-1,1.822125435E0,-1.806881785E0
8.733739800E1,6.096406579E-1,2.166569233E0,-1.612216353E0
8.734742400E1,3.988847435E-1,2.512076616E0,-1.513270855E0
8.735745100E1,3.645539284E-1,2.730886698E0,-1.403281331E0
8.736747800E1,5.222186446E-1,2.776146412E0,-1.221007347E0
8.737750400E1,8.546095490E-1,2.689733982E0,-9.483250976E-1
8.738753100E1,1.289644599E0,2.572645664E0,-6.368074417E-1
8.739755800E1,1.734785438E0,2.470746517E0,-3.475733101E-1
8.740758400E1,2.093406916E0,2.363916159E0,-1.292598844E-1
8.741761100E1,2.307964087E0,2.272333622E0,-2.022764087E-2
8.742763700E1,2.386449099E0,2.222231388E0,-1.751867309E-2
8.743766400E1,2.362596989E0,2.224987745E0,-8.864334971E-2
8.744769100E1,2.261645079E0,2.201582193E0,-1.786201149E-1
8.745771700E1,2.077726841E0,2.053356886E0,-2.561981380E-1
8.746774400E1,1.811038494E0,1.763528824E0,-3.142502606E-1
8.747777100E1,1.463258505E0,1.403856754E0,-2.942514718E-1
8.748779700E1,1.034843802E0,9.631740451E-1,-1.378829181E-1
8.749782400E1,6.132128835E-1,5.546578169E-1,1.912830621E-1
8.750785100E1,2.361045033E-1,2.244285047E-1,6.676917076E-1
8.751787700E1,-1.140925437E-1,1.440739259E-2,1.181961060E0
8.752790400E1,-4.554983377E-1,-8.928944170E-2,1.700172544E0
8.753793100E1,-7.596359849E-1,-1.216970980E-1,2.122657061E0
8.754795700E1,-1.044501543E0,-7.362703979E-2,2.396317959E0
8.755798400E1,-1.369470835E0,-1.287290305E-1,2.597124815E0
8.756801100E1,-1.745756388E0,-3.709102273E-1,2.704981565E0
8.757803633E1,-2.191340446E0,-8.595272303E-1,2.952342033E0
8.758806333E1,-2.605727196E0,-1.404470444E0,3.356648922E0
8.759809033E1,-2.931998491E0,-1.777864933E0,3.703239918E0
8.760811633E1,-3.147060871E0,-1.920794129E0,3.834830284E0
8.761814333E1,-3.227476358E0,-1.921554208E0,3.699872971E0
8.762817033E1,-3.183766365E0,-1.919312596E0,3.353724957E0
8.763819633E1,-3.087716579E0,-1.969018221E0,2.795553207E0
8.764822333E1,-2.973508596E0,-2.044104815E0,2.130490541E0
8.765825033E1,-2.824554443E0,-2.045405626E0,1.621071577E0
8.766827633E1,-2.679768324E0,-1.997180104E0,1.386577368E0
8.767830333E1,-2.606899738E0,-1.932045341E0,1.369093299E0
8.768833033E1,-2.635255814E0,-1.858358502E0,1.419228077E0
8.769835633E1,-2.766782761E0,-1.747786641E0,1.408351898E0
8.770838333E1,-2.949443102E0,-1.594761968E0,1.342402935E0
8.771841033E1,-3.081388474E0,-1.454821229E0,1.259461164E0
8.772843633E1,-3.086637259E0,-1.339570284E0,1.164580226E0
8.773846333E1,-2.918577909E0,-1.236728430E0,1.041721344E0
8.774849033E1,-2.576875448E0,-1.177748442E0,8.883993626E-1
8.775851633E1,-2.065551758E0,-1.151169658E0,7.149442434E-1
8.776854333E1,-1.417631745E0,-1.153230786E0,5.295341611E-1
8.777857033E1,-7.100505233E-1,-1.106930256E0,3.136078119E-1
8.778859633E1,-4.322557151E-2,-9.991239905E-1,4.989732802E-2
8.779862333E1,4.856657088E-1,-8.727924824E-1,-2.589923143E-1
8.780864933E1,8.493016958E-1,-7.657938600E-1,-5.907402039E-1
8.781867633E1,1.039327264E0,-6.250188351E-1,-9.399273992E-1
8.782870333E1,1.065153480E0,-4.497271776E-1,-1.270115495E0
8.783872933E1,9.983134270E-1,-2.427837700E-1,-1.526170254E0
8.784875633E1,8.939489126E-1,1.862200163E-2,-1.696251750E0
8.785878333E1,7.729138732E-1,3.310742974E-1,-1.743632436E0
8.786880933E1,6.987912059E-1,6.756250262E-1,-1.703651905E0
8.787883633E1,7.652749419E-1,1.027771235E0,-1.659666181E0
8.788886333E1,9.559546113E-1,1.381191373E0,-1.685092449E0
8.789888933E1,1.127935648E0,1.735818624E0,-1.871145487E0
8.790891633E1,1.200223923E0,1.981289625E0,-2.197112799E0
8.791894333E1,1.224400878E0,2.019376278E0,-2.599256039E0
8.792896933E1,1.359377861E0,1.806181312E0,-2.947400093E0
8.793899633E1,1.715821385E0,1.434130549E0,-3.107580900E0
8.794902333E1,2.267169714E0,1.181843162E0,-3.154041052E0
8.795904933E1,2.870980740E0,1.177427649E0,-3.186548710E0
8.796907633E1,3.291103601E0,1.314435601E0,-3.205635786E0
8.797910333E1,3.405024052E0,1.436348557E0,-3.176027060E0
8.798912933E1,3.241509199E0,1.467794418E0,-2.991105318E0
8.799915633E1,2.876108646E0,1.458485842E0,-2.678211451E0
8.800918333E1,2.355910540E0,1.484112740E0,-2.309754372E0
8.801920933E1,1.790606022E0,1.602826715E0,-1.995359540E0
8.802923633E1,1.310173631E0,1.847220421E0,-1.805109262E0
8.803926233E1,9.776741862E-1,2.129014015E0,-1.683966875E0
8.804928933E1,7.855566740E-1,2.331321001E0,-1.543872356E0
8.805931633E1,7.265266776E-1,2.416943073E0,-1.335649014E0
8.806934233E1,7.979324460E-1,2.386226177E0,-1.059810877E0
8.807936933E1,9.607800245E-1,2.270407200E0,-7.683238387E-1
8.808939633E1,1.190495253E0,2.119041204E0,-5.309578776E-1
8.809942233E1,1.432318926E0,1.973146081E0,-4.043467641E-1
8.810944933E1,1.627713203E0,1.887427926E0,-3.620999753E-1
8.811947633E1,1.742910147E0,1.852514386E0,-3.644741774E-1
8.812950233E1,1.764346123E0,1.835909367E0,-3.823117614E-1
8.813952933E1,1.734731674E0,1.827383637E0,-3.949172795E-1
8.814955633E1,1.680901647E0,1.901985645E0,-3.760975003E-1
8.815958233E1,1.543108702E0,1.890960693E0,-3.096479177E-1
8.816960933E1,1.344741821E0,1.743029356E0,-1.884104311E-1
8.817963633E1,1.102082968E0,1.498009920E0,-4.256446287E-2
8.818966233E1,8.119712472E-1,1.204256296E0,1.297385842E-1
8.819968933E1,4.797092974E-1,9.005619884E-1,4.525330663E-1
8.820971633E1,1.028840020E-1,5.784744620E-1,9.858630300E-1
8.821974233E1,-2.970598340E-1,3.631460667E-1,1.706711650E0
8.822976933E1,-6.827017665E-1,3.592900634E-1,2.385267735E0
8.823979633E1,-1.011336565E0,4.760527909E-1,2.836286545E0
8.824982233E1,-1.313079715E0,4.772645235E-1,2.951949358E0
8.825984933E1,-1.709638357E0,1.603249162E-1,2.874428272E0
8.826987633E1,-2.262002707E0,-5.390613675E-1,2.904351234E0
8.827990233E1,-2.817923069E0,-1.359425187E0,3.102197647E0
8.828992933E1,-3.186876297E0,-1.957831621E0,3.277851820E0
8.829995533E1,-3.309372663E0,-2.176183939E0,3.293964386E0
8.830998233E1,-3.247407913E0,-2.145372391E0,3.176717043E0
8.832000933E1,-3.060809612E0,-1.985290885E0,2.899228096E0
8.833003533E1,-2.815494537E0,-1.879782557E0,2.457662344E0
8.834006233E1,-2.549604893E0,-1.933233619E0,1.941379428E0
8.835008933E1,-2.315203428E0,-2.080541849E0,1.501954436E0
8.836011533E1,-2.166092634E0,-2.183145761E0,1.264428020E0
8.837014233E1,-2.134282112E0,-2.166039705E0,1.179805040E0
8.838016933E1,-2.241846800E0,-2.020042658E0,1.168103337E0
8.839019533E1,-2.455637693E0,-1.806813836E0,1.157857656E0
8.840022233E1,-2.676030874E0,-1.597556472E0,1.141500235E0
8.841024933E1,-2.829330206E0,-1.408757210E0,1.099982619E0
8.842027533E1,-2.865046740E0,-1.266733170E0,9.987854958E-1
8.843030233E1,-2.745726824E0,-1.166003823E0,8.432667851E-1
8.844032933E1,-2.463777781E0,-1.126023650E0,6.581634879E-1
8.845035533E1,-2.026113987E0,-1.124926686E0,4.992894232E-1
8.846038233E1,-1.480988145E0,-1.098109245E0,3.894672990E-1
8.847040933E1,-8.771139979E-1,-1.013868093E0,2.956811488E-1
8.848043533E1,-2.796424925E-1,-8.908085823E-1,1.522005647E-1
8.849046233E1,2.406757921E-1,-7.414867282E-1,-6.957551837E-2
8.850048833E1,6.085551977E-1,-5.648543239E-1,-3.523641527E-1
8.851051533E1,7.946715355E-1,-4.015383422E-1,-6.733530760E-1
8.852054233E1,8.197050095E-1,-2.474332899E-1,-1.032495499E0
8.853056833E1,7.302086949E-1,-2.410832234E-2,-1.383542180E0
8.854059533E1,5.835328102E-1,2.260796875E-1,-1.614082694E0
8.855062233E1,4.717050195E-1,4.886530042E-1,-1.673948169E0
8.856064833E1,4.400786459E-1,7.870817780E-1,-1.648433208E0
8.857067533E1,4.755940735E-1,1.192570567E0,-1.586978793E0
8.858070283E1,5.647242069E-1,1.623295665E0,-1.523894906E0
8.859072883E1,7.012740374E-1,1.957362056E0,-1.632298350E0
8.860075583E1,8.485503197E-1,2.098603725E0,-1.963853359E0
8.861078283E1,9.939823151E-1,2.015916348E0,-2.342159033E0
8.862080883E1,1.225676179E0,1.753746510E0,-2.587271690E0
8.863083583E1,1.619530082E0,1.444159269E0,-2.661263227E0
8.864086283E1,2.186249018E0,1.286482811E0,-2.565697432E0
8.865088883E1,2.865151405E0,1.299359441E0,-2.347518206E0
8.866091583E1,3.446844578E0,1.426944256E0,-2.175087214E0
8.867094183E1,3.677322388E0,1.521069407E0,-2.086008549E0
8.868096883E1,3.519736052E0,1.480264425E0,-1.972471476E0
8.869099583E1,3.074407339E0,1.332098961E0,-1.769087195E0
8.870102183E1,2.488503456E0,1.209972024E0,-1.519385695E0
8.871104883E1,1.896774650E0,1.282802582E0,-1.316266179E0
8.872107583E1,1.388361931E0,1.640554309E0,-1.207034945E0
8.873110183E1,1.019928455E0,2.147181034E0,-1.141674519E0
8.874112883E1,8.153434992E-1,2.556862593E0,-1.055236340E0
8.875115583E1,7.906203270E-1,2.724588633E0,-8.740077019E-1
8.876118183E1,9.448277354E-1,2.618244410E0,-5.857029557E-1
8.877120883E1,1.243869781E0,2.295647621E0,-2.771784067E-1
8.878123583E1,1.623010874E0,1.861041546E0,-7.188436389E-2
8.879126183E1,1.995318651E0,1.452939272E0,-3.389757127E-2
8.880128883E1,2.259202242E0,1.198434711E0,-1.245552152E-1
8.881131583E1,2.375683308E0,1.110255599E0,-2.525648475E-1
8.882134183E1,2.350938320E0,1.165610671E0,-3.396275938E-1
8.883136883E1,2.174412966E0,1.242678285E0,-3.478032351E-1
8.884139483E1,1.868151546E0,1.269284844E0,-3.096099794E-1
8.885142183E1,1.473993063E0,1.179180741E0,-2.540026307E-1
8.886144883E1,1.007818222E0,9.484205246E-1,-1.866734624E-1
8.887147483E1,4.874765873E-1,6.112496853E-1,-6.158237904E-2
8.888150183E1,-5.400148034E-2,2.163372189E-1,2.042937428E-1
8.889152883E1,-5.655241609E-1,-1.561351568E-1,6.212936044E-1
8.890155483E1,-1.015750289E0,-4.534694850E-1,1.113202929E0
8.891158183E1,-1.387108922E0,-6.588780284E-1,1.525051236E0
8.892160883E1,-1.694103003E0,-8.148552775E-1,1.799914241E0
8.893163483E1,-1.955630183E0,-9.679098129E-1,1.954263330E0
8.894166183E1,-2.195145130E0,-1.142992854E0,1.999462962E0
8.895168883E1,-2.451419592E0,-1.312734246E0,1.904825449E0
8.896171483E1,-2.769846201E0,-1.537144542E0,1.862058997E0
8.897174183E1,-3.084404707E0,-1.814985991E0,2.051356554E0
8.898176883E1,-3.280318022E0,-2.067128897E0,2.358436108E0
8.899179483E1,-3.306805372E0,-2.198595047E0,2.602130890E0
8.900182183E1,-3.203266144E0,-2.205978394E0,2.634681940E0
8.901184883E1,-3.086183071E0,-2.124485016E0,2.434096098E0
8.902187483E1,-3.000374556E0,-2.021218300E0,2.056465387E0
8.903190183E1,-2.909412622E0,-1.946448207E0,1.559562564E0
8.904192783E1,-2.737454414E0,-1.923026562E0,1.093806267E0
8.905195483E1,-2.484533310E0,-1.906668544E0,8.162962198E-1
8.906198183E1,-2.280690670E0,-1.894994140E0,7.194756269E-1
8.907200783E1,-2.196916103E0,-1.857584476E0,6.722370386E-1
8.908203483E1,-2.258307934E0,-1.763633966E0,6.126858592E-1
8.909206183E1,-2.413131714E0,-1.662213087E0,5.603339672E-1
8.910208783E1,-2.548021793E0,-1.581291556E0,5.301654935E-1
8.911211483E1,-2.587467194E0,-1.522400975E0,4.868838489E-1
8.912214183E1,-2.510662079E0,-1.495793819E0,4.154398739E-1
8.913216783E1,-2.307270765E0,-1.474292278E0,3.130501211E-1
8.914219483E1,-1.984384537E0,-1.403421998E0,2.056149542E-1
8.915222183E1,-1.546018362E0,-1.269271612E0,1.145968959E-1
8.916224783E1,-1.031414509E0,-1.085509896E0,3.926130384E-2
8.917227483E1,-5.127313733E-1,-9.085566401E-1,-5.102118850E-2
8.918230083E1,-6.135382131E-2,-7.621323466E-1,-1.798707843E-1
8.919232783E1,2.749597430E-1,-6.276296377E-1,-3.380912840E-1
8.920235483E1,4.857861400E-1,-4.595184624E-1,-5.454355478E-1
8.921238083E1,5.695726275E-1,-2.514446080E-1,-8.137093186E-1
8.922240783E1,5.422311425E-1,-1.748798043E-2,-1.099769711E0
8.923243483E1,4.605775476E-1,2.301460654E-1,-1.322556376E0
8.924246083E1,4.055081904E-1,5.000899434E-1,-1.433329582E0
8.925248783E1,4.480050504E-1,7.863997221E-1,-1.442587018E0
8.926251483E1,6.014997959E-1,1.078745842E0,-1.424713731E0
8.927254083E1,8.092377782E-1,1.364333391E0,-1.439700127E0
8.928256783E1,1.010145426E0,1.582101464E0,-1.582583427E0
8.929259483E1,1.156868815E0,1.749414086E0,-1.894534230E0
8.930262083E1,1.233453155E0,1.772822618E0,-2.341022015E0
8.931264783E1,1.323307991E0,1.631458044E0,-2.759539127E0
8.932267483E1,1.530903101E0,1.413602591E0,-2.921985865E0
8.933270083E1,1.872063875E0,1.331468344E0,-2.831421614E0
8.934272783E1,2.301538706E0,1.468683720E0,-2.670769691E0
8.935275383E1,2.692121029E0,1.750264764E0,-2.591383934E0
8.936278083E1,2.907773495E0,1.944097877E0,-2.608475208E0
8.937280783E1,2.913923502E0,1.996925831E0,-2.653217316E0
8.938283383E1,2.768541813E0,1.963451147E0,-2.626853704E0
8.939286083E1,2.537660360E0,1.895157576E0,-2.505732059E0
8.940288783E1,2.277677298E0,1.848570704E0,-2.310644627E0
8.941291383E1,2.033599377E0,1.902791619E0,-2.090850353E0
8.942294083E1,1.806421161E0,2.075488806E0,-1.879643917E0
8.943296783E1,1.572745085E0,2.293577671E0,-1.655917883E0
8.944299383E1,1.335601330E0,2.473029852E0,-1.403603554E0
8.945302083E1,1.136533022E0,2.584572077E0,-1.131692171E0
8.946304683E1,1.019613028E0,2.617079258E0,-8.557751179E-1
8.947307383E1,1.004347205E0,2.577345848E0,-6.077134013E-1
8.948310083E1,1.079884291E0,2.463461876E0,-4.224272072E-1
8.949312683E1,1.223403454E0,2.321995258E0,-3.043165505E-1
8.950315383E1,1.389949203E0,2.167037249E0,-2.385691851E-1
8.951318083E1,1.535489440E0,1.999511957E0,-1.883622110E-1
8.952320683E1,1.615130901E0,1.822692752E0,-1.209031716E-1
8.953323383E1,1.628993273E0,1.642958164E0,-5.181438476E-2
8.954326083E1,1.569027066E0,1.462612510E0,2.382634021E-2
8.955328683E1,1.417412519E0,1.283272624E0,9.690134227E-2
8.956331383E1,1.131475687E0,1.096347690E0,1.779170483E-1
8.957334083E1,7.321218848E-1,8.646767139E-1,3.371178806E-1
8.958336708E1,2.599265277E-1,6.242776513E-1,5.965372920E-1
8.959339408E1,-2.385546565E-1,3.954407275E-1,9.467485547E-1
8.960342008E1,-7.250843644E-1,2.167206556E-1,1.346516490E0
8.961344708E1,-1.159048080E0,9.434679896E-2,1.736903071E0
8.962347408E1,-1.522625089E0,3.767319769E-2,2.032719612E0
8.963350008E1,-1.814740777E0,-2.939052321E-2,2.244880199E0
8.964352708E1,-2.026155710E0,-2.003023475E-1,2.464920044E0
8.965355408E1,-2.208889961E0,-6.134041548E-1,2.866387606E0
8.966358008E1,-2.366436481E0,-1.174254656E0,3.401249647E0
8.967360708E1,-2.497453451E0,-1.664393783E0,3.826245785E0
8.968363408E1,-2.555949450E0,-1.923528552E0,3.941776991E0
8.969366008E1,-2.537487984E0,-1.898289800E0,3.720163584E0
8.970368708E1,-2.544874907E0,-1.790873051E0,3.286871433E0
8.971371408E1,-2.610403776E0,-1.658435822E0,2.789994001E0
8.972374008E1,-2.676112175E0,-1.572067261E0,2.321198940E0
8.973376708E1,-2.731215477E0,-1.566581964E0,1.968409061E0
8.974379408E1,-2.842985392E0,-1.621317267E0,1.767913103E0
8.975382008E1,-3.072570324E0,-1.728153467E0,1.686934948E0
8.976384708E1,-3.367497921E0,-1.831953526E0,1.657858372E0
8.977387308E1,-3.617595911E0,-1.809045076E0,1.595707655E0
8.978390008E1,-3.778418779E0,-1.681818485E0,1.509030819E0
8.979392708E1,-3.828692675E0,-1.532161355E0,1.407203794E0
8.980395308E1,-3.724040985E0,-1.400599599E0,1.284153700E0
8.981398008E1,-3.440192461E0,-1.270319581E0,1.142583609E0
8.982400708E1,-2.974339724E0,-1.164895058E0,9.798892736E-1
8.983403308E1,-2.342872143E0,-1.087483644E0,8.114089370E-1
8.984406008E1,-1.601274610E0,-1.028124571E0,6.449537277E-1
8.985408708E1,-8.338291049E-1,-9.442127943E-1,4.524178207E-1
8.986411308E1,-1.641872078E-1,-8.423808813E-1,2.113936096E-1
8.987414008E1,3.249689043E-1,-7.414087653E-1,-6.165922806E-2
8.988416608E1,6.264261007E-1,-6.543918252E-1,-3.546954095E-1
8.989419308E1,7.624704838E-1,-5.239576101E-1,-6.952875853E-1
8.990422008E1,7.577257752E-1,-3.455384374E-1,-1.044710517E0
8.991424608E1,6.673708558E-1,-1.042755097E-1,-1.364055872E0
8.992427308E1,5.381926298E-1,2.204922587E-1,-1.613545775E0
8.993430008E1,4.206044674E-1,5.750485063E-1,-1.751684189E0
8.994432608E1,3.888844550E-1,9.217386246E-1,-1.798228145E0
8.995435308E1,4.710003734E-1,1.285129309E0,-1.864949107E0
8.996438008E1,5.983374119E-1,1.641889095E0,-1.980129004E0
8.997440608E1,7.146957517E-1,1.898691535E0,-2.150537968E0
8.998443308E1,8.216373920E-1,1.986099482E0,-2.412353992E0
8.999445908E1,9.815727472E-1,1.880295753E0,-2.683787346E0
9.000448608E1,1.273693800E0,1.596372962E0,-2.876415014E0
9.001451308E1,1.725183964E0,1.272464633E0,-3.003176451E0
9.002453908E1,2.320936203E0,1.154235840E0,-3.056119204E0
9.003456608E1,2.956618309E0,1.309968472E0,-3.068305731E0
9.004459308E1,3.417656660E0,1.498130560E0,-2.978075504E0
9.005461908E1,3.526221991E0,1.577962279E0,-2.780402184E0
9.006464608E1,3.212746859E0,1.548183084E0,-2.503844261E0
9.007467308E1,2.590929031E0,1.480446577E0,-2.200385809E0
9.008469908E1,1.811657906E0,1.428862691E0,-1.917044997E0
9.009472608E1,1.013198614E0,1.508067608E0,-1.723695993E0
9.010475208E1,3.383235633E-1,1.789296508E0,-1.637904048E0
9.011477908E1,-9.214420617E-2,2.149743319E0,-1.583210707E0
9.012480608E1,-2.825053334E-1,2.424499750E0,-1.465590477E0
9.013483208E1,-2.274942994E-1,2.490436077E0,-1.230757713E0
9.014485908E1,8.011373878E-2,2.367974520E0,-9.020658135E-1
9.015488608E1,5.838770270E-1,2.067647219E0,-5.478051901E-1
9.016491208E1,1.177234769E0,1.700236559E0,-2.470552474E-1
9.017493908E1,1.700954437E0,1.364171743E0,-3.004570492E-2
9.018496608E1,2.061229944E0,1.099808693E0,8.206751198E-2
9.019499208E1,2.245521069E0,9.479182959E-1,1.245654300E-1
9.020501908E1,2.272271156E0,9.107285738E-1,1.092064530E-1
9.021504608E1,2.158145428E0,9.774562120E-1,4.145190492E-2
9.022507208E1,1.909655213E0,1.086854696E0,-7.552351058E-2
9.023509908E1,1.515223503E0,1.194016218E0,-2.361659110E-1
9.024512508E1,9.791216850E-1,1.168469071E0,-4.016306996E-1
9.025515208E1,3.647245467E-1,1.026539445E0,-4.716582596E-1
9.026517908E1,-2.525520027E-1,8.336794376E-1,-4.077784419E-1
9.027520508E1,-7.990089655E-1,6.273171902E-1,-2.448923141E-1
9.028523208E1,-1.250610352E0,3.925830126E-1,3.506706329E-3
9.029525908E1,-1.662165046E0,9.836255759E-2,3.577841222E-1
9.030528508E1,-2.076515436E0,-1.450538486E-1,7.338855267E-1
9.031531208E1,-2.481526852E0,-2.424898595E-1,1.010876656E0
9.032533908E1,-2.867373228E0,-2.291649431E-1,1.140730500E0
9.033536508E1,-3.174654722E0,-2.788334489E-1,1.222946286E0
9.034539208E1,-3.415966034E0,-5.711613894E-1,1.425642133E0
9.035541908E1,-3.609898329E0,-1.059017062E0,1.863611817E0
9.036544508E1,-3.705555916E0,-1.667533517E0,2.401416063E0
9.037547208E1,-3.661611319E0,-2.171632528E0,2.706300020E0
9.038549808E1,-3.505950451E0,-2.341239452E0,2.619373322E0
9.039552508E1,-3.325801611E0,-2.208901882E0,2.243391275E0
9.040555208E1,-3.146661520E0,-2.034911633E0,1.728993058E0
9.041557808E1,-2.881637812E0,-2.088007212E0,1.303912163E0
9.042560508E1,-2.454872608E0,-2.329091787E0,1.140252471E0
9.043563208E1,-1.990569949E0,-2.578705788E0,1.161406994E0
9.044565808E1,-1.648019433E0,-2.690802097E0,1.228218555E0
9.045568508E1,-1.517404437E0,-2.717086792E0,1.259285927E0
9.046571208E1,-1.567316651E0,-2.719278574E0,1.253096581E0
9.047573808E1,-1.721126437E0,-2.703572035E0,1.228780866E0
9.048576508E1,-1.883552194E0,-2.652262449E0,1.195939183E0
9.049579108E1,-1.948370576E0,-2.533040762E0,1.140779853E0
9.050581808E1,-1.887002826E0,-2.315632820E0,1.086541295E0
9.051584508E1,-1.698255539E0,-2.078674793E0,1.050527453E0
9.052587108E1,-1.374528050E0,-1.880713344E0,9.950209260E-1
9.053589808E1,-9.367069602E-1,-1.740305185E0,8.815695047E-1
9.054592508E1,-4.427308440E-1,-1.616644263E0,6.950970292E-1
9.055595108E1,2.129432745E-3,-1.460766077E0,4.529837072E-1
9.056597808E1,3.314412534E-1,-1.249454260E0,1.687436998E-1
9.057600508E1,5.275202394E-1,-9.788595438E-1,-1.394657940E-1
9.058603046E1,6.084216237E-1,-6.404944658E-1,-4.804837108E-1
9.059605746E1,6.000438333E-1,-2.699798048E-1,-8.322755694E-1
9.060608346E1,5.369697809E-1,1.560848057E-1,-1.178015471E0
9.061611046E1,4.689265788E-1,6.156803370E-1,-1.448384881E0
9.062613746E1,4.357568026E-1,1.017042160E0,-1.558146477E0
9.063616346E1,4.737198949E-1,1.298338056E0,-1.572422624E0
9.064619046E1,5.507660508E-1,1.552183509E0,-1.580751777E0
9.065621746E1,5.676435828E-1,1.908810258E0,-1.645007730E0
9.066624346E1,4.805765748E-1,2.380675793E0,-1.814519525E0
9.067627046E1,3.276022077E-1,2.832786322E0,-2.006198883E0
9.068629746E1,2.119848132E-1,3.077349424E0,-2.132917404E0
9.069632346E1,3.109050095E-1,3.015583515E0,-2.219598770E0
9.070635046E1,6.852329373E-1,2.707609177E0,-2.279865980E0
9.071637646E1,1.335357904E0,2.356514215E0,-2.295566320E0
9.072640346E1,2.218627930E0,2.088401079E0,-2.235676289E0
9.073643046E1,3.129713297E0,1.859993815E0,-2.104797363E0
9.074645646E1,3.783898354E0,1.686127305E0,-1.911780119E0
9.075648346E1,4.067913532E0,1.459665179E0,-1.646743417E0
9.076651046E1,4.017029285E0,1.205967903E0,-1.381745100E0
9.077653646E1,3.637539387E0,1.018889308E0,-1.177797794E0
9.078656346E1,2.965943336E0,9.591123462E-1,-1.093009949E0
9.079659046E1,2.185616016E0,1.149788857E0,-1.168903589E0
9.080661646E1,1.484647989E0,1.526381612E0,-1.294865847E0
9.081664346E1,9.914954901E-1,1.874653339E0,-1.290240407E0
9.082667046E1,7.219655514E-1,2.051445246E0,-1.115631580E0
9.083669646E1,6.682242751E-1,2.070822477E0,-8.259344697E-1
9.084672346E1,8.014679551E-1,1.983519435E0,-4.993839264E-1
9.085674946E1,1.081006646E0,1.841832876E0,-2.162619382E-1
9.086677646E1,1.447507262E0,1.645640373E0,-9.267405607E-3
9.087680346E1,1.815091133E0,1.453252316E0,1.238035634E-1
9.088682946E1,2.079920769E0,1.313564658E0,1.945054233E-1
9.089685646E1,2.204892397E0,1.234279394E0,2.080020607E-1
9.090688346E1,2.193289042E0,1.166104436E0,1.470925063E-1
9.091690946E1,2.048218012E0,1.094205022E0,3.178268671E-2
9.092693646E1,1.763754010E0,9.830097556E-1,-8.124953508E-2
9.093696346E1,1.347787380E0,8.002423644E-1,-1.473545134E-1
9.094698946E1,8.413994908E-1,5.618335605E-1,-1.105596349E-1
9.095701646E1,3.161144257E-1,3.163548410E-1,9.047094733E-2
9.096704246E1,-2.105497718E-1,1.257492751E-1,4.501101077E-1
9.097706946E1,-7.348084450E-1,1.031961292E-2,8.622038960E-1
9.098709646E1,-1.244283557E0,-8.935975283E-2,1.277689219E0
9.099712246E1,-1.732236743E0,-1.631578058E-1,1.620576501E0
9.100714946E1,-2.228779554E0,-1.912363470E-1,1.804877639E0
9.101717646E1,-2.735009193E0,-2.246627510E-1,1.879847527E0
9.102720246E1,-3.205330372E0,-4.606387913E-1,2.017418623E0
9.103722946E1,-3.576705933E0,-1.080496430E0,2.357155561E0
9.104725646E1,-3.747941732E0,-1.879460096E0,2.864097834E0
9.105728246E1,-3.699393988E0,-2.622319937E0,3.303286552E0
9.106730946E1,-3.464018583E0,-3.155389071E0,3.432926893E0
9.107733646E1,-3.106797218E0,-3.418331861E0,3.203940868E0
9.108736246E1,-2.734429121E0,-3.357769012E0,2.672044516E0
9.109738946E1,-2.465598106E0,-3.076936722E0,1.969821572E0
9.110741546E1,-2.389324427E0,-2.737320185E0,1.313782454E0
9.111744246E1,-2.436155081E0,-2.555599928E0,9.137291312E-1
9.112746946E1,-2.415609837E0,-2.514472961E0,8.054649830E-1
9.113749546E1,-2.335149050E0,-2.487337828E0,8.435521126E-1
9.114752246E1,-2.289970875E0,-2.441457748E0,9.208354354E-1
9.115754946E1,-2.313850641E0,-2.375050306E0,9.603996277E-1
9.116757546E1,-2.382758617E0,-2.291086435E0,9.628909826E-1
9.117760246E1,-2.407732964E0,-2.180415630E0,9.625628591E-1
9.118762946E1,-2.329522848E0,-2.012198210E0,9.556826353E-1
9.119765546E1,-2.174118757E0,-1.732828021E0,9.482942224E-1
9.120768246E1,-1.897631288E0,-1.358913779E0,9.585975409E-1
9.121770846E1,-1.522864342E0,-9.954916239E-1,9.419248104E-1
9.122773546E1,-1.117988110E0,-7.218333483E-1,8.368132114E-1
9.123776246E1,-7.429785132E-1,-5.748801231E-1,6.440796852E-1
9.124778846E1,-4.249443710E-1,-5.401850343E-1,3.921510875E-1
9.125781546E1,-2.023880035E-1,-5.183447003E-1,1.291961521E-1
9.126784246E1,-5.095827207E-2,-4.489568174E-1,-1.064725891E-1
9.127786846E1,5.272071809E-2,-2.932646871E-1,-3.162351549E-1
9.128789546E1,1.331615299E-1,-7.256112248E-2,-4.906885922E-1
9.129792146E1,2.249835879E-1,1.626892090E-1,-6.328366995E-1
9.130794846E1,3.350798786E-1,3.597621322E-1,-7.573562860E-1
9.131797546E1,4.749032855E-1,4.878316820E-1,-8.697621822E-1
9.132800146E1,6.322050095E-1,5.592145920E-1,-9.437567592E-1
9.133802846E1,7.839849591E-1,6.202849150E-1,-9.636007547E-1
9.134805546E1,8.830508590E-1,7.235207558E-1,-9.401761293E-1
9.135808146E1,9.221846461E-1,9.167642593E-1,-8.833138943E-1
9.136810846E1,9.385462999E-1,1.202312350E0,-8.337066770E-1
9.137813546E1,1.021005273E0,1.466919184E0,-8.663343787E-1
9.138816146E1,1.223093867E0,1.550263762E0,-1.002116084E0
9.139818846E1,1.569009900E0,1.413279295E0,-1.237082839E0
9.140821546E1,2.079771996E0,1.211889148E0,-1.520786405E0
9.141824146E1,2.674391985E0,1.059487343E0,-1.810368180E0
9.142826846E1,3.227833033E0,1.019723892E0,-2.079481602E0
9.143829446E1,3.588527441E0,1.133183956E0,-2.265153885E0
9.144832146E1,3.687535763E0,1.289075017E0,-2.293675423E0
9.145834846E1,3.557969570E0,1.408977389E0,-2.179620266E0
9.146837446E1,3.297666311E0,1.475190163E0,-2.052548647E0
9.147840146E1,2.957029343E0,1.525411248E0,-1.979006886E0
9.148842846E1,2.556724072E0,1.579186320E0,-2.001293659E0
9.149845446E1,2.103868723E0,1.679268360E0,-2.086162806E0
9.150848146E1,1.644787431E0,1.814345717E0,-2.127501965E0
9.151850746E1,1.238338232E0,1.957766294E0,-2.043622255E0
9.152853446E1,9.327947497E-1,2.049652338E0,-1.851106524E0
9.153856146E1,7.650483847E-1,2.064513206E0,-1.598954439E0
9.154858746E1,7.250100374E-1,2.033798695E0,-1.357208252E0
9.155861446E1,7.649092078E-1,1.988298893E0,-1.174234509E0
9.156864146E1,8.516919613E-1,1.935855627E0,-1.060985208E0
9.157866746E1,9.491796494E-1,1.877634883E0,-9.958402514E-1
9.158869388E1,1.024434686E0,1.829572201E0,-9.667488933E-1
9.159872088E1,1.068510294E0,1.787454844E0,-9.638396502E-1
9.160874688E1,1.081260204E0,1.733125091E0,-9.622684121E-1
9.161877388E1,1.085538507E0,1.638323784E0,-9.560976028E-1
9.162879987E1,1.074794292E0,1.477397680E0,-9.335073829E-1
9.163882688E1,1.035517693E0,1.271052241E0,-9.201859832E-1
9.164885387E1,9.460718036E-1,1.059728384E0,-8.766613603E-1
9.165887988E1,7.883239985E-1,7.954059243E-1,-7.375610471E-1
9.166890687E1,5.819389224E-1,5.002086759E-1,-4.389990866E-1
9.167893387E1,3.476494551E-1,1.546531469E-1,5.655871239E-3
9.168895987E1,5.779525265E-2,-2.204616368E-1,5.886652470E-1
9.169898687E1,-3.355280757E-1,-4.930465519E-1,1.247208238E0
9.170901387E1,-8.174877763E-1,-6.277045608E-1,1.856179118E0
9.171903987E1,-1.308143973E0,-6.083313823E-1,2.279412270E0
9.172906687E1,-1.791362166E0,-6.143478155E-1,2.662690401E0
9.173909287E1,-2.340818405E0,-9.137896299E-1,3.294240236E0
9.174911987E1,-2.866097689E0,-1.313190341E0,4.055277348E0
9.175914688E1,-3.163955927E0,-1.659574389E0,4.550093174E0
9.176917287E1,-3.162738085E0,-1.891312599E0,4.333779812E0
9.177919988E1,-2.954713583E0,-1.960238934E0,3.528392315E0
9.178922688E1,-2.715815544E0,-1.970533967E0,2.592225075E0
9.179925288E1,-2.562423706E0,-2.038034678E0,1.777340055E0
9.180927988E1,-2.431191921E0,-2.143111706E0,1.231504679E0
9.181930687E1,-2.300244808E0,-2.200739145E0,9.787006974E-1
9.182933288E1,-2.290860415E0,-2.146647453E0,8.319345117E-1
9.183935987E1,-2.481118202E0,-2.089926243E0,7.004033923E-1
9.184938588E1,-2.836112022E0,-2.050632238E0,6.047883630E-1
9.185941287E1,-3.301427364E0,-2.051633596E0,5.637693405E-1
9.186943987E1,-3.754325628E0,-2.005937815E0,5.788331628E-1
9.187946587E1,-4.085103989E0,-1.917415857E0,6.279828548E-1
9.188949287E1,-4.216339111E0,-1.803985119E0,6.554459333E-1
9.189951987E1,-4.108917236E0,-1.710530758E0,6.287631989E-1
9.190954587E1,-3.750745058E0,-1.632326603E0,5.478621721E-1
9.191957287E1,-3.138603687E0,-1.588950872E0,4.342778921E-1
9.192959988E1,-2.304081678E0,-1.533073425E0,3.079811335E-1
9.193962587E1,-1.373775125E0,-1.416987300E0,1.560624242E-1
9.194965288E1,-5.301477313E-1,-1.213288903E0,-2.488793060E-2
9.195967887E1,1.072614715E-1,-9.591584802E-1,-2.133766115E-1
9.196970588E1,5.066220760E-1,-7.195659876E-1,-3.958233893E-1
9.197973287E1,7.045652270E-1,-4.990586042E-1,-5.751420259E-1
9.198975888E1,7.392798066E-1,-2.252897620E-1,-7.580689192E-1
9.199978587E1,6.510700583E-1,1.218040138E-1,-9.473434687E-1
9.200981287E1,5.036660433E-1,5.371781588E-1,-1.087810874E0
9.201983887E1,3.765150607E-1,9.356788993E-1,-1.163551450E0
9.202986587E1,3.619097769E-1,1.280265450E0,-1.199611664E0
9.203989187E1,4.734427035E-1,1.561462760E0,-1.208866596E0
9.204991887E1,6.591318846E-1,1.843947172E0,-1.219337702E0
9.205994587E1,8.701652884E-1,2.137377977E0,-1.341422796E0
9.206997187E1,1.088484287E0,2.360082388E0,-1.600038409E0
9.207999887E1,1.293234825E0,2.405125141E0,-1.926671863E0
9.209002588E1,1.544577360E0,2.281957150E0,-2.199263811E0
9.210005187E1,1.884385586E0,2.038961887E0,-2.285007715E0
9.211007888E1,2.319934607E0,1.908903956E0,-2.082601070E0
9.212010588E1,2.821011066E0,2.041864872E0,-1.697241545E0
9.213013188E1,3.241173267E0,2.369340420E0,-1.384047985E0
9.214015888E1,3.449730158E0,2.652043581E0,-1.245619059E0
9.215018487E1,3.423596859E0,2.638124466E0,-1.172519803E0
9.216021188E1,3.192607880E0,2.407236099E0,-1.069571614E0
9.217023887E1,2.777854919E0,2.155927658E0,-8.945985436E-1
9.218026488E1,2.251057863E0,2.072394133E0,-7.172536254E-1
9.219029187E1,1.766124606E0,2.258931637E0,-6.436611414E-1
9.220031887E1,1.449188113E0,2.596709967E0,-6.429543495E-1
9.221034487E1,1.338205218E0,2.849428892E0,-6.431282759E-1
9.222037187E1,1.415313840E0,2.847488880E0,-5.650212169E-1
9.223039787E1,1.654326797E0,2.642525673E0,-3.798336685E-1
9.224042487E1,1.992613554E0,2.369824648E0,-1.156728268E-1
9.225045187E1,2.350795269E0,2.112007618E0,1.440738440E-1
9.226047787E1,2.642422199E0,1.875166178E0,3.159707785E-1
9.227050487E1,2.830820084E0,1.697733879E0,3.687425554E-1
9.228053188E1,2.910236597E0,1.620493889E0,3.414520621E-1
9.229055787E1,2.900094271E0,1.587163925E0,2.697565854E-1
9.230058488E1,2.808004379E0,1.561550140E0,1.628857851E-1
9.231061188E1,2.631899834E0,1.546279192E0,3.879744187E-2
9.232063788E1,2.344737291E0,1.461816311E0,-7.323162258E-2
9.233066488E1,1.968468785E0,1.220399261E0,-1.305144727E-1
9.234069088E1,1.563033342E0,8.358090520E-1,-7.035632432E-2
9.235071788E1,1.152168512E0,3.993539810E-1,1.191561520E-1
9.236074487E1,7.527740598E-1,2.256974578E-3,4.092103541E-1
9.237077088E1,3.680853546E-1,-3.549351394E-1,8.419889808E-1
9.238079787E1,-9.297610261E-3,-6.257368326E-1,1.334076405E0
9.239082487E1,-3.675915599E-1,-7.426657081E-1,1.758052230E0
9.240085087E1,-6.994720101E-1,-8.081917167E-1,2.044410706E0
9.241087787E1,-9.931084514E-1,-9.267254472E-1,2.200853348E0
9.242090487E1,-1.254892111E0,-1.151339412E0,2.270382881E0
9.243093087E1,-1.547803521E0,-1.526290178E0,2.351644754E0
9.244095787E1,-1.906253815E0,-2.102953672E0,2.682145119E0
9.245098387E1,-2.136737108E0,-2.705990791E0,3.170560837E0
9.246101087E1,-2.128826857E0,-2.993935585E0,3.514022589E0
9.247103788E1,-1.927949667E0,-2.880357027E0,3.529343843E0
9.248106387E1,-1.681406260E0,-2.455956221E0,3.237132788E0
9.249109088E1,-1.597408056E0,-1.926161408E0,2.765263319E0
9.250111787E1,-1.801442742E0,-1.648314118E0,2.243509054E0
9.251114388E1,-2.125785112E0,-1.586417198E0,1.793097019E0
9.252117087E1,-2.420709848E0,-1.510502934E0,1.460610151E0
9.253119688E1,-2.717065811E0,-1.307850718E0,1.255787253E0
9.254122387E1,-3.090933561E0,-1.067173600E0,1.170572996E0
9.255125087E1,-3.537681103E0,-8.385250568E-1,1.134654880E0
9.256127687E1,-3.997499704E0,-6.553608179E-1,1.125999331E0
9.257130387E1,-4.398552418E0,-5.276800990E-1,1.145866632E0
9.258133188E1,-4.628826141E0,-4.750437140E-1,1.165428638E0
9.259135788E1,-4.614358902E0,-5.209004283E-1,1.150245309E0
9.260138488E1,-4.326711178E0,-5.895375013E-1,1.067105651E0
9.261141088E1,-3.790489674E0,-6.924685240E-1,9.351141453E-1
9.262143788E1,-3.041260481E0,-7.877756357E-1,7.651136518E-1
9.263146487E1,-2.191110849E0,-8.571823835E-1,5.786358714E-1
9.264149088E1,-1.359711647E0,-8.743618727E-1,3.764129877E-1
9.265151787E1,-6.517924070E-1,-8.090304136E-1,1.749986261E-1
9.266154487E1,-1.262021363E-1,-6.526586413E-1,-2.830069512E-2
9.267157087E1,1.993910372E-1,-4.173297882E-1,-3.011342883E-1
9.268159787E1,3.385566175E-1,-1.280612200E-1,-6.330251694E-1
9.269162387E1,3.137162626E-1,1.586717516E-1,-9.776920080E-1
9.270165087E1,1.922220737E-1,4.714565575E-1,-1.289138317E0
9.271167787E1,5.748699978E-2,8.253609538E-1,-1.508090734E0
9.272170387E1,-2.976215258E-2,1.151498079E0,-1.624316692E0
9.273173087E1,3.038008697E-3,1.452275515E0,-1.661428094E0
9.274175788E1,1.891176105E-1,1.737261772E0,-1.639503956E0
9.275178387E1,4.903158247E-1,1.960569263E0,-1.673102379E0
9.276181088E1,8.307918906E-1,2.084027767E0,-1.955010533E0
9.277183687E1,1.156283975E0,2.113051891E0,-2.430076122E0
9.278186388E1,1.503058910E0,1.917914391E0,-2.847292662E0
9.279189087E1,1.919393182E0,1.449932933E0,-3.117156267E0
9.280191688E1,2.390206337E0,9.724824429E-1,-3.275214434E0
9.281194388E1,2.870268345E0,8.744686842E-1,-3.343813896E0
9.282197087E1,3.245687485E0,1.168382168E0,-3.428436518E0
9.283199688E1,3.391111374E0,1.605783582E0,-3.520399809E0
9.284202387E1,3.278172255E0,1.847834349E0,-3.542684078E0
9.285204988E1,2.954889774E0,1.845800161E0,-3.481436014E0
9.286207687E1,2.558955193E0,1.808181405E0,-3.355544090E0
9.287210387E1,2.196094275E0,1.807130098E0,-3.156113386E0
9.288212987E1,1.978268743E0,1.844051003E0,-2.930299282E0
9.289215687E1,1.932679057E0,1.927816868E0,-2.702409744E0
9.290218387E1,1.990567684E0,2.012700558E0,-2.474740982E0
9.291220987E1,2.104359865E0,2.040657520E0,-2.200750113E0
9.292223687E1,2.237214804E0,1.977423787E0,-1.823177695E0
9.293226388E1,2.390105724E0,1.816829205E0,-1.358914733E0
9.294228987E1,2.548178434E0,1.629794598E0,-8.555955887E-1
9.295231688E1,2.697584391E0,1.493172288E0,-3.647076488E-1
9.296234287E1,2.811808825E0,1.437889934E0,1.002643183E-1
9.297236988E1,2.867618799E0,1.457664013E0,5.218071938E-1
9.298239687E1,2.865413666E0,1.519517303E0,9.083600044E-1
9.299242288E1,2.773386240E0,1.557727814E0,1.275931120E0
9.300244987E1,2.572779179E0,1.564020276E0,1.584293127E0
9.301247687E1,2.224709272E0,1.542475700E0,1.792653441E0
9.302250287E1,1.696966171E0,1.440736294E0,1.880453825E0
9.303252987E1,9.803751111E-1,1.379392624E0,1.881586313E0
9.304255587E1,1.036848724E-1,1.403309107E0,1.868454814E0
9.305258287E1,-8.287472129E-1,1.400979519E0,1.902166247E0
9.306260987E1,-1.660932064E0,1.327730894E0,2.049675465E0
9.307263587E1,-2.329347849E0,1.151007056E0,2.294953823E0
9.308266287E1,-2.796757698E0,9.023466706E-1,2.600462437E0
9.309268988E1,-3.033965588E0,5.804812908E-1,2.856952667E0
9.310271587E1,-3.088541985E0,2.552930713E-1,2.988296509E0
9.311274288E1,-3.072019339E0,-1.276366562E-1,3.014429808E0
9.312276887E1,-3.141131401E0,-7.540035844E-1,3.098313808E0
9.313279588E1,-3.272290945E0,-1.593663335E0,3.360941648E0
9.314282288E1,-3.265282393E0,-2.366726875E0,3.710030317E0
9.315284888E1,-3.057682753E0,-2.822711229E0,3.878787041E0
9.316287588E1,-2.702637196E0,-2.871556044E0,3.750739336E0
9.317290287E1,-2.311024189E0,-2.667901039E0,3.393035650E0
9.318292888E1,-1.974061131E0,-2.404342651E0,2.912096977E0
9.319295587E1,-1.778534293E0,-2.296895742E0,2.398217678E0
9.320298188E1,-1.690713882E0,-2.419317484E0,2.002632618E0
9.321300887E1,-1.674867153E0,-2.630923510E0,1.803240657E0
9.322303587E1,-1.755733728E0,-2.781043768E0,1.739496350E0
9.323306187E1,-1.941307068E0,-2.764126062E0,1.727682114E0
9.324308887E1,-2.206045389E0,-2.571890831E0,1.745721340E0
9.325311587E1,-2.497698307E0,-2.257248402E0,1.783601046E0
9.326314187E1,-2.753031492E0,-1.911383986E0,1.840552211E0
9.327316887E1,-2.900959492E0,-1.576842785E0,1.892723560E0
9.328319487E1,-2.900447607E0,-1.290229917E0,1.922794938E0
9.329322187E1,-2.746509552E0,-1.071926832E0,1.932605505E0
9.330324888E1,-2.459757090E0,-9.295750260E-1,1.907001615E0
9.331327487E1,-2.056812525E0,-8.559032679E-1,1.765123725E0
9.332330188E1,-1.584004760E0,-8.213437200E-1,1.487074971E0
9.333332888E1,-1.112998009E0,-8.102032542E-1,1.090281725E0
9.334335488E1,-6.936635375E-1,-8.156111240E-1,6.211094260E-1
9.335338188E1,-3.539946675E-1,-8.209517002E-1,1.177961603E-1
9.336340788E1,-1.119780317E-1,-7.904387712E-1,-4.004712403E-1
9.337343488E1,7.608924061E-3,-6.765362024E-1,-8.853778243E-1
9.338346187E1,1.515845302E-2,-4.940529168E-1,-1.334498167E0
9.339348788E1,-4.524626955E-2,-2.529011667E-1,-1.734074950E0
9.340351487E1,-1.082087234E-1,4.601682723E-2,-2.027230263E0
9.341354187E1,-1.303863525E-1,3.339174688E-1,-2.139885187E0
9.342356787E1,-4.560834914E-2,5.505294204E-1,-2.103978872E0
9.343359487E1,1.980848759E-1,7.736059427E-1,-2.041518688E0
9.344362087E1,5.684078336E-1,1.083484530E0,-2.000091314E0
9.345364787E1,9.909462929E-1,1.453769565E0,-1.989520431E0
9.346367487E1,1.385561347E0,1.728135347E0,-2.028449297E0
9.347370087E1,1.721359611E0,1.874021411E0,-2.171312809E0
9.348372787E1,2.072257280E0,1.852141380E0,-2.327853441E0
9.349375488E1,2.530708313E0,1.690526128E0,-2.459984064E0
9.350378087E1,3.103574514E0,1.489527225E0,-2.616044283E0
9.351380788E1,3.667713642E0,1.268251896E0,-2.771070004E0
9.352383387E1,4.055095673E0,1.104312301E0,-2.879091501E0
9.353386088E1,4.174543858E0,1.037964106E0,-2.882092237E0
9.354388787E1,3.998764038E0,1.023678541E0,-2.664907694E0
9.355391388E1,3.593024254E0,1.034405470E0,-2.229744196E0
9.356394087E1,3.064235210E0,1.081568718E0,-1.748483181E0
9.357396688E1,2.512324572E0,1.250819325E0,-1.367773652E0
9.358399375E1,2.021790743E0,1.569263339E0,-1.088847160E0
9.359402075E1,1.672037840E0,1.939079285E0,-8.406518102E-1
9.360404675E1,1.509337902E0,2.282963514E0,-5.745527744E-1
9.361407375E1,1.524192214E0,2.478952408E0,-2.665648460E-1
9.362410075E1,1.689133286E0,2.474930763E0,5.248290300E-2
9.363412675E1,1.938247085E0,2.290616751E0,2.974761724E-1
9.364415375E1,2.211393595E0,1.979146600E0,3.945981860E-1
9.365417975E1,2.449354172E0,1.612437248E0,3.386519551E-1
9.366420675E1,2.597877026E0,1.259017467E0,1.818460971E-1
9.367423375E1,2.629497051E0,9.334288239E-1,-4.677257687E-2
9.368425975E1,2.517023325E0,7.371408343E-1,-2.850123048E-1
9.369428675E1,2.226719856E0,7.102673650E-1,-4.279564023E-1
9.370431375E1,1.772838712E0,7.305288911E-1,-4.471573234E-1
9.371433975E1,1.212475896E0,7.155615091E-1,-3.982622027E-1
9.372436675E1,6.069287062E-1,6.546128988E-1,-3.153564036E-1
9.373439375E1,-1.756725088E-2,5.275111794E-1,-2.382991463E-1
9.374441975E1,-6.163324118E-1,3.121458590E-1,-1.903151125E-1
9.375444675E1,-1.169535637E0,-1.706641400E-3,-1.168875247E-1
9.376447275E1,-1.660919428E0,-4.263221025E-1,4.930837452E-2
9.377449975E1,-2.053687334E0,-9.106879830E-1,3.244231045E-1
9.378452675E1,-2.331839323E0,-1.227952123E0,6.569762826E-1
9.379455275E1,-2.495447874E0,-1.301651478E0,9.808975458E-1
9.380457975E1,-2.589952707E0,-1.224237084E0,1.292888284E0
9.381460675E1,-2.721950054E0,-1.240114689E0,1.709699392E0
9.382463275E1,-2.928931236E0,-1.302529573E0,2.260873079E0
9.383465975E1,-3.084054470E0,-1.316866755E0,2.770416498E0
9.384468575E1,-3.101697445E0,-1.362417102E0,3.035827637E0
9.385471275E1,-3.034416676E0,-1.393798232E0,2.953783512E0
9.386473975E1,-3.028128624E0,-1.312369704E0,2.570358276E0
9.387476575E1,-3.132795811E0,-1.203636527E0,2.059265614E0
9.388479275E1,-3.199499846E0,-1.113544226E0,1.575559855E0
9.389481975E1,-3.083857059E0,-1.070281744E0,1.166567802E0
9.390484575E1,-2.847189188E0,-1.085453749E0,8.809515238E-1
9.391487275E1,-2.632398605E0,-1.100112200E0,6.866132617E-1
9.392489875E1,-2.522513628E0,-1.100176334E0,5.411037207E-1
9.393492575E1,-2.540364742E0,-1.056514859E0,4.098221064E-1
9.394495275E1,-2.714974880E0,-9.689349532E-1,2.816691995E-1
9.395497875E1,-2.986848116E0,-8.700379133E-1,1.998558193E-1
9.396500575E1,-3.230892897E0,-8.075319529E-1,1.631308198E-1
9.397503275E1,-3.313848019E0,-8.074370027E-1,1.449883580E-1
9.398505875E1,-3.196208954E0,-8.331929445E-1,1.263408959E-1
9.399508575E1,-2.889299154E0,-8.561494350E-1,1.045723930E-1
9.400511275E1,-2.400756836E0,-8.301758766E-1,8.980809152E-2
9.401513875E1,-1.790211678E0,-7.890772223E-1,3.552994877E-2
9.402516575E1,-1.193694830E0,-7.619858980E-1,-5.698533729E-2
9.403519175E1,-7.078943253E-1,-7.507933378E-1,-1.927678734E-1
9.404521875E1,-3.599842489E-1,-7.454880476E-1,-3.721866310E-1
9.405524575E1,-1.568725556E-1,-7.073782086E-1,-6.296895742E-1
9.406527175E1,-8.593606949E-2,-5.620705485E-1,-9.449462891E-1
9.407529875E1,-1.308585405E-1,-3.398115039E-1,-1.225273132E0
9.408532475E1,-2.311017960E-1,-9.940742701E-2,-1.438921571E0
9.409535175E1,-3.246058822E-1,1.907240897E-1,-1.562955737E0
9.410537875E1,-3.753276467E-1,4.984259903E-1,-1.608012915E0
9.411540475E1,-3.557359874E-1,8.505170345E-1,-1.626512289E0
9.412543175E1,-2.762715220E-1,1.253580928E0,-1.618899703E0
9.413545875E1,-1.199070737E-1,1.643850684E0,-1.614346504E0
9.414548475E1,8.909514546E-2,1.962767363E0,-1.793985486E0
9.415551175E1,3.363399804E-1,2.133198261E0,-2.182508469E0
9.416553775E1,6.601230502E-1,2.024954557E0,-2.623059988E0
9.417556475E1,1.149894953E0,1.604778290E0,-2.864017248E0
9.418559175E1,1.814493537E0,1.127027631E0,-2.810071945E0
9.419561775E1,2.543989658E0,9.518378973E-1,-2.638197899E0
9.420564475E1,3.157429695E0,1.112966299E0,-2.598251343E0
9.421567175E1,3.468451977E0,1.392155051E0,-2.705269575E0
9.422569775E1,3.401200771E0,1.592757106E0,-2.819273233E0
9.423572475E1,3.003955364E0,1.622033954E0,-2.858471632E0
9.424575175E1,2.438206196E0,1.632817268E0,-2.794327736E0
9.425577775E1,1.837744594E0,1.678521276E0,-2.619861126E0
9.426580475E1,1.315836668E0,1.837930679E0,-2.410169363E0
9.427583075E1,9.359117746E-1,2.080812216E0,-2.225604773E0
9.428585775E1,6.964416504E-1,2.352061749E0,-2.019346476E0
9.429588475E1,5.774086714E-1,2.491765976E0,-1.731790781E0
9.430591075E1,6.048043370E-1,2.479801893E0,-1.378857493E0
9.431593775E1,8.050377965E-1,2.357228756E0,-9.587398171E-1
9.432596475E1,1.174847245E0,2.170457602E0,-4.655469060E-1
9.433599075E1,1.641539574E0,1.978884220E0,4.669790715E-2
9.434601775E1,2.106724024E0,1.860326171E0,4.930146635E-1
9.435604375E1,2.501909494E0,1.831414700E0,8.328034282E-1
9.436607075E1,2.777590752E0,1.850164652E0,1.061920047E0
9.437609775E1,2.925909519E0,1.845616341E0,1.197023273E0
9.438612375E1,2.948940039E0,1.806080103E0,1.246092439E0
9.439615075E1,2.829667091E0,1.724411011E0,1.268879056E0
9.440617775E1,2.525706053E0,1.458931684E0,1.281319976E0
9.441620375E1,2.091811419E0,1.062159419E0,1.310659885E0
9.442623075E1,1.578799725E0,6.171236634E-1,1.379228354E0
9.443625675E1,1.034539461E0,2.089350522E-1,1.505952716E0
9.444628375E1,5.084469318E-1,-1.062886715E-1,1.721977115E0
9.445631075E1,4.683692381E-2,-3.703371584E-1,2.055421591E0
9.446633675E1,-2.975055575E-1,-5.735930800E-1,2.444195509E0
9.447636375E1,-5.525326729E-1,-6.674978733E-1,2.771551847E0
9.448639075E1,-7.877992392E-1,-7.164819241E-1,3.057176828E0
9.449641675E1,-1.093306065E0,-8.299461007E-1,3.345196962E0
9.450644375E1,-1.531833410E0,-1.194771767E0,3.831577063E0
9.451646975E1,-2.018581867E0,-1.681436062E0,4.455515862E0
9.452649675E1,-2.358893394E0,-2.039695978E0,4.915627003E0
9.453652375E1,-2.487592220E0,-2.119159937E0,5.001964569E0
9.454654975E1,-2.507139921E0,-1.921508193E0,4.665538788E0
9.455657675E1,-2.611093044E0,-1.565745950E0,3.960773468E0
9.456660375E1,-2.846534967E0,-1.255754828E0,3.140559196E0
9.457662975E1,-3.092714310E0,-1.122995257E0,2.398918629E0
9.458665625E1,-3.165962696E0,-1.136903882E0,1.847467184E0
9.459668325E1,-3.045287371E0,-1.169028163E0,1.508462787E0
9.460670925E1,-2.861774206E0,-1.188449979E0,1.321951747E0
9.461673625E1,-2.730112314E0,-1.170793891E0,1.226285100E0
9.462676225E1,-2.720734358E0,-1.090838552E0,1.140597582E0
9.463678925E1,-2.830408096E0,-9.406453371E-1,1.054741859E0
9.464681625E1,-2.954767466E0,-7.518173456E-1,9.744613171E-1
9.465684225E1,-2.976829767E0,-5.381708741E-1,8.909962177E-1
9.466686925E1,-2.844935179E0,-3.121891618E-1,7.760108113E-1
9.467689625E1,-2.545611382E0,-1.634426862E-1,6.451052427E-1
9.468692225E1,-2.110849380E0,-1.096777245E-1,5.022453070E-1
9.469694925E1,-1.590501308E0,-1.112544909E-1,3.575009108E-1
9.470697525E1,-1.064969063E0,-1.101162508E-1,2.169190198E-1
9.471700225E1,-6.025873423E-1,-7.033434510E-2,6.487625837E-2
9.472702925E1,-2.283889204E-1,-8.195610717E-3,-1.249408126E-1
9.473705525E1,5.688687041E-2,9.348615259E-2,-3.696159124E-1
9.474708225E1,2.433190644E-1,2.272580564E-1,-6.730971932E-1
9.475710825E1,3.142780662E-1,3.676602542E-1,-1.031447649E0
9.476713525E1,2.839007080E-1,4.901616871E-1,-1.411610484E0
9.477716225E1,1.790508926E-1,5.954120159E-1,-1.732777119E0
9.478718825E1,7.062774897E-2,6.707267761E-1,-1.940068603E0
9.479721525E1,4.313845187E-2,7.340117693E-1,-2.039213896E0
9.480724225E1,1.612488478E-1,8.738676906E-1,-2.044164658E0
9.481726825E1,4.221183956E-1,1.160426855E0,-2.005873680E0
9.482729525E1,7.639364600E-1,1.557992339E0,-1.982095599E0
9.483732125E1,1.097596169E0,1.934028745E0,-2.018063784E0
9.484734825E1,1.382554412E0,2.111666918E0,-2.149338007E0
9.485737525E1,1.655708909E0,1.986374378E0,-2.385288239E0
9.486740125E1,2.027180433E0,1.570942283E0,-2.682841063E0
9.487742825E1,2.534091949E0,1.037654877E0,-3.005386114E0
9.488745525E1,3.117992640E0,6.567085981E-1,-3.335014343E0
9.489748125E1,3.625806332E0,4.862707555E-1,-3.602097988E0
9.490750825E1,3.870050430E0,5.327623487E-1,-3.748551130E0
9.491753425E1,3.719095230E0,6.959881783E-1,-3.694051027E0
9.492756125E1,3.153383732E0,8.494701385E-1,-3.406009436E0
9.493758825E1,2.363951445E0,1.067678452E0,-2.906822681E0
9.494761425E1,1.598118067E0,1.388076901E0,-2.372123957E0
9.495764125E1,1.004536867E0,1.810838223E0,-2.001676798E0
9.496766825E1,6.193982959E-1,2.242408752E0,-1.788807631E0
9.497769425E1,4.579800069E-1,2.554422379E0,-1.637642860E0
9.498772125E1,5.102024078E-1,2.676018715E0,-1.438000679E0
9.499774725E1,7.248822451E-1,2.582172155E0,-1.157306552E0
9.500777425E1,1.046462655E0,2.346815586E0,-8.092191219E-1
9.501780125E1,1.425722718E0,2.104131937E0,-4.367780983E-1
9.502782725E1,1.801704049E0,1.954277396E0,-9.948261082E-2
9.503785425E1,2.115837574E0,1.895478845E0,1.532854736E-1
9.504788125E1,2.331842422E0,1.901939392E0,2.892749906E-1
9.505790725E1,2.439075232E0,1.930138350E0,3.244441450E-1
9.506793425E1,2.448210001E0,1.923715830E0,2.937781215E-1
9.507796025E1,2.369228363E0,1.844403505E0,2.181491256E-1
9.508798725E1,2.215829611E0,1.663523674E0,1.235027760E-1
9.509801425E1,1.978035569E0,1.417913556E0,3.777191788E-2
9.510804025E1,1.620914936E0,1.135490179E0,-3.657341748E-2
9.511806725E1,1.182388663E0,8.224821091E-1,-5.554840714E-2
9.512809325E1,7.429050803E-1,5.069923401E-1,1.929094456E-2
9.513812025E1,3.216655552E-1,1.953036934E-1,1.899811476E-1
9.514814725E1,-7.119810581E-2,-8.663291484E-2,4.915215373E-1
9.515817325E1,-4.427439570E-1,-3.383674622E-1,9.749276042E-1
9.516820025E1,-7.682506442E-1,-4.998511374E-1,1.502351522E0
9.517822725E1,-1.050675511E0,-5.988218188E-1,1.915652275E0
9.518825325E1,-1.331485868E0,-6.841782331E-1,2.227080822E0
9.519828025E1,-1.668762684E0,-8.880135417E-1,2.549952745E0
9.520830625E1,-2.047591209E0,-1.238964915E0,3.040915728E0
9.521833325E1,-2.329910994E0,-1.630746365E0,3.508112192E0
9.522836025E1,-2.442425251E0,-1.865420699E0,3.650522947E0
9.523838625E1,-2.435348511E0,-1.952133656E0,3.478529930E0
9.524841325E1,-2.396359682E0,-1.959407449E0,3.148560762E0
9.525844025E1,-2.416185856E0,-1.941061139E0,2.792865753E0
9.526846625E1,-2.503215313E0,-1.926750064E0,2.409463882E0
9.527849325E1,-2.575277567E0,-1.895588279E0,2.053350210E0
9.528851925E1,-2.653762341E0,-1.842056632E0,1.789198637E0
9.529854625E1,-2.810910702E0,-1.733397484E0,1.613113523E0
9.530857325E1,-3.059431076E0,-1.582840204E0,1.497611165E0
9.531859925E1,-3.341431379E0,-1.421559453E0,1.430074215E0
9.532862625E1,-3.594370365E0,-1.286562204E0,1.402400136E0
9.533865225E1,-3.761270761E0,-1.202410102E0,1.402089834E0
9.534867925E1,-3.803599596E0,-1.143713951E0,1.418381691E0
9.535870625E1,-3.711650133E0,-1.093530297E0,1.403959513E0
9.536873225E1,-3.496835232E0,-1.020658493E0,1.326387763E0
9.537875925E1,-3.153901100E0,-9.047715664E-1,1.214051127E0
9.538878625E1,-2.712026358E0,-7.948583961E-1,1.083584785E0
9.539881225E1,-2.194301844E0,-7.293213606E-1,9.215075374E-1
9.540883925E1,-1.643704176E0,-7.065302730E-1,7.152822018E-1
9.541886525E1,-1.126260400E0,-7.140855193E-1,4.287506938E-1
9.542889225E1,-6.918792129E-1,-7.219732404E-1,4.696898162E-2
9.543891925E1,-3.607914448E-1,-6.901882887E-1,-3.859502971E-1
9.544894525E1,-1.402247101E-1,-5.871857405E-1,-7.750218511E-1
9.545897225E1,-2.336758375E-2,-4.253368080E-1,-1.129035115E0
9.546899825E1,3.653569520E-2,-2.316155434E-1,-1.395458460E0
9.547902525E1,9.313863516E-2,-1.748749614E-2,-1.546098351E0
9.548905225E1,2.017721832E-1,2.050039023E-1,-1.599821448E0
9.549907825E1,3.781749010E-1,4.390638471E-1,-1.627738357E0
9.550910525E1,5.824599266E-1,6.912848949E-1,-1.651298285E0
9.551913225E1,7.698302865E-1,9.439109564E-1,-1.737486124E0
9.552915825E1,9.417000413E-1,1.166428924E0,-1.900497198E0
9.553918525E1,1.138890624E0,1.220347285E0,-2.098754168E0
9.554921125E1,1.396911502E0,1.081265330E0,-2.338175058E0
9.555923825E1,1.716556549E0,8.196873665E-1,-2.591352463E0
9.556926525E1,2.043914080E0,5.960279107E-1,-2.850944281E0
9.557929125E1,2.296650410E0,6.022098660E-1,-3.144248486E0
9.558931833E1,2.407317877E0,8.386133909E-1,-3.399506330E0
9.559934433E1,2.365775585E0,1.164141178E0,-3.553712606E0
9.560937133E1,2.196908951E0,1.465473294E0,-3.510374546E0
9.561939833E1,1.977701306E0,1.665955067E0,-3.210825920E0
9.562942433E1,1.773685336E0,1.760941982E0,-2.732232571E0
9.563945133E1,1.605264187E0,1.825302839E0,-2.244341612E0
9.564947833E1,1.501691937E0,1.944916129E0,-1.862753510E0
9.565950433E1,1.476430893E0,2.070748568E0,-1.604282498E0
9.566953133E1,1.503476143E0,2.189859152E0,-1.458770871E0
9.567955733E1,1.595390081E0,2.280053616E0,-1.352566481E0
9.568958433E1,1.764126420E0,2.300479412E0,-1.251782537E0
9.569961133E1,1.974837542E0,2.235298157E0,-1.143379927E0
9.570963733E1,2.196884871E0,2.079300404E0,-1.017484069E0
9.571966433E1,2.384660482E0,1.910303712E0,-8.983749747E-1
9.572969033E1,2.492777109E0,1.770966291E0,-7.809817791E-1
9.573971733E1,2.494348526E0,1.674338460E0,-6.508380771E-1
9.574974433E1,2.393003464E0,1.627072334E0,-4.878691435E-1
9.575977033E1,2.196411371E0,1.623428822E0,-2.762842774E-1
9.576979733E1,1.942440391E0,1.646248579E0,-4.747719690E-2
9.577982433E1,1.649533987E0,1.672374010E0,1.453525424E-1
9.578985033E1,1.323434711E0,1.609118104E0,2.435174584E-1
9.579987733E1,9.469485283E-1,1.507741928E0,2.074407935E-1
9.580990333E1,5.143888593E-1,1.323288441E0,1.963354200E-1
9.581993033E1,8.128304780E-2,9.569894671E-1,3.187578321E-1
9.582995733E1,-3.015306294E-1,4.465491176E-1,5.903224945E-1
9.583998333E1,-6.193797588E-1,-9.044329077E-2,1.008889437E0
9.585001033E1,-8.775407076E-1,-4.770256281E-1,1.520559311E0
9.586003733E1,-1.108670712E0,-6.446914673E-1,2.019779444E0
9.587006333E1,-1.321369886E0,-6.823222041E-1,2.497891665E0
9.588009033E1,-1.535915732E0,-7.926179171E-1,2.997185946E0
9.589011633E1,-1.814873934E0,-1.112144828E0,3.620802402E0
9.590014333E1,-2.117468357E0,-1.510847926E0,4.119571686E0
9.591017033E1,-2.370069742E0,-1.819778562E0,4.167778015E0
9.592019633E1,-2.503579617E0,-1.932862163E0,3.721817493E0
9.593022333E1,-2.510616779E0,-1.852824807E0,3.024077892E0
9.594024933E1,-2.507735014E0,-1.784660101E0,2.288791418E0
9.595027633E1,-2.608184576E0,-1.855797291E0,1.686431527E0
9.596030333E1,-2.759812832E0,-1.979609728E0,1.324280262E0
9.597032933E1,-2.837984085E0,-2.054207563E0,1.180583000E0
9.598035633E1,-2.843015671E0,-2.005456448E0,1.179876566E0
9.599038233E1,-2.842926502E0,-1.864517450E0,1.245905399E0
9.600040933E1,-2.917196035E0,-1.689037085E0,1.284614205E0
9.601043633E1,-3.076657534E0,-1.527595758E0,1.306876063E0
9.602046233E1,-3.221675396E0,-1.432221413E0,1.350509882E0
9.603048933E1,-3.246604681E0,-1.406458020E0,1.400046229E0
9.604051633E1,-3.113335848E0,-1.429551363E0,1.429374337E0
9.605054233E1,-2.809743166E0,-1.477967381E0,1.430231571E0
9.606056933E1,-2.378382206E0,-1.503443122E0,1.420662642E0
9.607059533E1,-1.880971193E0,-1.472814083E0,1.402797103E0
9.608062233E1,-1.382283330E0,-1.331369996E0,1.350191593E0
9.609064933E1,-9.231482148E-1,-1.090258837E0,1.246272087E0
9.610067533E1,-5.448684096E-1,-8.462841511E-1,1.039004683E0
9.611070233E1,-2.726539671E-1,-6.389871836E-1,7.365055680E-1
9.612072833E1,-1.194702908E-1,-4.815071523E-1,3.400077224E-1
9.613075533E1,-9.157314152E-2,-3.590262532E-1,-1.405173540E-1
9.614078233E1,-1.737675965E-1,-2.374990433E-1,-6.340105534E-1
9.615080833E1,-3.108844459E-1,-1.037324518E-1,-1.045810938E0
9.616083533E1,-4.135994911E-1,7.272514701E-2,-1.346508265E0
9.617086233E1,-4.235858321E-1,3.073331416E-1,-1.493381858E0
9.618088833E1,-3.103668392E-1,6.004433632E-1,-1.500841379E0
9.619091533E1,-7.287575305E-2,9.763522744E-1,-1.484070420E0
9.620094133E1,2.345672995E-1,1.376888990E0,-1.511319518E0
9.621096833E1,5.527146459E-1,1.670337915E0,-1.661290884E0
9.622099533E1,8.280085325E-1,1.775961995E0,-1.982872963E0
9.623102133E1,1.051081061E0,1.688482165E0,-2.383093834E0
9.624104833E1,1.262030840E0,1.535188913E0,-2.807042360E0
9.625107433E1,1.568953276E0,1.364697337E0,-3.144201517E0
9.626110133E1,1.974988341E0,1.223949909E0,-3.297053099E0
9.627112833E1,2.423642159E0,1.244031429E0,-3.270496845E0
9.628115433E1,2.829440355E0,1.475054264E0,-3.147535563E0
9.629118133E1,3.059580564E0,1.708937764E0,-3.033095598E0
9.630120733E1,3.057363033E0,1.837033153E0,-2.868814707E0
9.631123433E1,2.875975370E0,1.870676041E0,-2.558408976E0
9.632126133E1,2.606227875E0,1.894587040E0,-2.122499466E0
9.633128733E1,2.310885906E0,1.989659786E0,-1.700025201E0
9.634131433E1,2.067015886E0,2.167259693E0,-1.409535050E0
9.635134033E1,1.924921513E0,2.385375738E0,-1.264557600E0
9.636136733E1,1.893161535E0,2.574751377E0,-1.179319739E0
9.637139433E1,1.969068766E0,2.632572651E0,-1.056823015E0
9.638142033E1,2.139387369E0,2.533339500E0,-8.204995394E-1
9.639144733E1,2.376843452E0,2.343611956E0,-5.018882751E-1
9.640147433E1,2.624942064E0,2.152585268E0,-1.836791635E-1
9.641150033E1,2.833982706E0,2.007439137E0,5.472888798E-2
9.642152733E1,2.964375973E0,1.896823883E0,1.934738010E-1
9.643155333E1,3.001564026E0,1.831804395E0,2.485559583E-1
9.644158033E1,2.946353436E0,1.813886762E0,2.469327599E-1
9.645160733E1,2.806078196E0,1.809048772E0,1.936612725E-1
9.646163333E1,2.577349186E0,1.776627779E0,1.008980125E-1
9.647166033E1,2.241242409E0,1.681514025E0,-4.706082866E-2
9.648168633E1,1.813772917E0,1.482336044E0,-2.400629371E-1
9.649171333E1,1.322012305E0,1.198198795E0,-4.155364931E-1
9.650174033E1,7.848881483E-1,8.208863735E-1,-5.150479674E-1
9.651176633E1,2.457918674E-1,4.226982296E-1,-4.828934968E-1
9.652179333E1,-2.424025685E-1,3.402106464E-2,-2.833726704E-1
9.653181933E1,-6.443606615E-1,-3.207114637E-1,1.229743287E-1
9.654184633E1,-9.417815804E-1,-5.751693249E-1,6.926207542E-1
9.655187333E1,-1.150740385E0,-7.184146643E-1,1.290434361E0
9.656189933E1,-1.314915538E0,-8.171275258E-1,1.731358171E0
9.657192633E1,-1.526606917E0,-9.955017567E-1,2.012247801E0
9.658195333E1,-1.817745566E0,-1.272331476E0,2.195418596E0
9.659197933E1,-2.202246189E0,-1.642356157E0,2.454341173E0
9.660200633E1,-2.550015926E0,-1.977057219E0,2.795781851E0
9.661203233E1,-2.720819235E0,-2.166046143E0,3.120321035E0
9.662205933E1,-2.715059757E0,-2.162784338E0,3.175275087E0
9.663208633E1,-2.668442965E0,-2.048677444E0,2.913144112E0
9.664211233E1,-2.682118177E0,-1.948037982E0,2.535864353E0
9.665213933E1,-2.732056618E0,-1.945421696E0,2.167209148E0
9.666216533E1,-2.687680483E0,-2.028394699E0,1.885523796E0
9.667219233E1,-2.499417543E0,-2.122019768E0,1.720578790E0
9.668221933E1,-2.268599510E0,-2.158892155E0,1.631957650E0
9.669224533E1,-2.129888535E0,-2.095199347E0,1.605463147E0
9.670227233E1,-2.168063164E0,-1.912808061E0,1.623540640E0
9.671229833E1,-2.383977175E0,-1.711443067E0,1.663390875E0
9.672232533E1,-2.626859188E0,-1.493280888E0,1.721956968E0
9.673235233E1,-2.798887730E0,-1.269252539E0,1.773503065E0
9.674237833E1,-2.847503424E0,-1.086395502E0,1.753651738E0
9.675240533E1,-2.759079456E0,-9.505121708E-1,1.631700277E0
9.676243133E1,-2.551245451E0,-8.652433157E-1,1.432184935E0
9.677245833E1,-2.245182514E0,-8.322147727E-1,1.207113743E0
9.678248533E1,-1.860657692E0,-8.227161169E-1,9.765211940E-1
9.679251133E1,-1.436346054E0,-8.253300190E-1,7.083041072E-1
9.680253833E1,-1.031745911E0,-8.048607111E-1,3.949818611E-1
9.681256433E1,-7.055470347E-1,-7.250532508E-1,6.688201427E-2
9.682259133E1,-4.935443699E-1,-5.845519304E-1,-2.285784036E-1
9.683261833E1,-3.867777288E-1,-3.638270199E-1,-5.180693269E-1
9.684264433E1,-3.247210085E-1,-7.962326705E-2,-8.296216130E-1
9.685267133E1,-2.824726105E-1,2.034513056E-1,-1.126672745E0
9.686269833E1,-2.155149132E-1,4.649463892E-1,-1.378294826E0
9.687272433E1,-1.188059524E-1,6.841074824E-1,-1.529098988E0
9.688275133E1,3.313367814E-2,8.662147522E-1,-1.575067163E0
9.689277733E1,2.537912130E-1,1.066537619E0,-1.611905336E0
9.690280433E1,5.077035427E-1,1.305382252E0,-1.663043976E0
9.691283133E1,7.670839429E-1,1.597044706E0,-1.756452560E0
9.692285733E1,9.963829517E-1,1.868380308E0,-1.940846443E0
9.693288433E1,1.195974588E0,1.977179527E0,-2.166445732E0
9.694291033E1,1.445891023E0,1.838252664E0,-2.361399174E0
9.695293733E1,1.821367145E0,1.443963885E0,-2.526101112E0
9.696296433E1,2.314138174E0,1.009089708E0,-2.716211557E0
9.697299033E1,2.823428869E0,8.337679505E-1,-2.933353662E0
9.698301733E1,3.178616047E0,8.921680450E-1,-3.105422735E0
9.699304333E1,3.258409500E0,1.030028701E0,-3.128210545E0
9.700307033E1,3.076551914E0,1.168099403E0,-2.909020901E0
9.701309733E1,2.754122496E0,1.303158641E0,-2.492998123E0
9.702312333E1,2.333832741E0,1.447193146E0,-1.987792015E0
9.703315033E1,1.856712818E0,1.669827223E0,-1.566448212E0
9.704317633E1,1.427631617E0,1.954179764E0,-1.336951494E0
9.705320333E1,1.140239716E0,2.229222775E0,-1.255916357E0
9.706323033E1,1.036529660E0,2.430610895E0,-1.218475342E0
9.707325633E1,1.121885538E0,2.484266520E0,-1.118309855E0
9.708328333E1,1.376442194E0,2.400772810E0,-9.074738026E-1
9.709330933E1,1.730968595E0,2.275998831E0,-6.075568795E-1
9.710333633E1,2.098810434E0,2.187150240E0,-3.099402785E-1
9.711336333E1,2.404323816E0,2.111957550E0,-8.112417161E-2
9.712338933E1,2.585842371E0,2.025809288E0,3.326020017E-2
9.713341633E1,2.612479687E0,1.900275469E0,2.488739416E-2
9.714344233E1,2.502508640E0,1.729991317E0,-9.395825118E-2
9.715346933E1,2.257958651E0,1.532048583E0,-2.720973790E-1
9.716349633E1,1.891529083E0,1.353581190E0,-4.494446516E-1
9.717352233E1,1.426951289E0,1.197176456E0,-5.691223145E-1
9.718354933E1,9.137758613E-1,9.800518751E-1,-6.012880206E-1
9.719357533E1,4.260928035E-1,6.993775964E-1,-5.388531685E-1
9.720360233E1,-7.555050775E-3,3.214189708E-1,-3.727025688E-1
9.721362933E1,-3.714027703E-1,-1.077228114E-1,-1.049544662E-1
9.722365533E1,-6.438956857E-1,-5.809200406E-1,3.725259006E-1
9.723368233E1,-8.151201606E-1,-9.580636024E-1,1.008196354E0
9.724370833E1,-8.899094462E-1,-1.173810482E0,1.544970155E0
9.725373533E1,-9.533541799E-1,-1.311775565E0,1.956658006E0
9.726376233E1,-1.099252343E0,-1.461804390E0,2.172376394E0
9.727378833E1,-1.406173825E0,-1.683063030E0,2.242110491E0
9.728381533E1,-1.916504860E0,-2.045442104E0,2.354634047E0
9.729384233E1,-2.536571264E0,-2.426266193E0,2.510649920E0
9.730386833E1,-3.086931229E0,-2.567305803E0,2.676765442E0
9.731389533E1,-3.409996033E0,-2.414209843E0,2.754754305E0
9.732392133E1,-3.507783413E0,-2.117970705E0,2.721893787E0
9.733394833E1,-3.450319529E0,-1.839864850E0,2.592515707E0
9.734397533E1,-3.317833185E0,-1.728164792E0,2.360881805E0
9.735400133E1,-3.107722282E0,-1.804534078E0,2.043822050E0
9.736402833E1,-2.777977467E0,-1.950187445E0,1.753290772E0
9.737405433E1,-2.400480747E0,-2.060765028E0,1.593857765E0
9.738408133E1,-2.112431049E0,-2.105391026E0,1.558696747E0
9.739410833E1,-1.976816416E0,-2.052817106E0,1.574829578E0
9.740413433E1,-1.982439756E0,-1.930329323E0,1.617394924E0
9.741416133E1,-2.078297615E0,-1.801745772E0,1.672687769E0
9.742418733E1,-2.209256172E0,-1.688805699E0,1.738380671E0
9.743421433E1,-2.312163353E0,-1.575182557E0,1.812422991E0
9.744424133E1,-2.330430984E0,-1.452020049E0,1.869360447E0
9.745426733E1,-2.236441851E0,-1.323087573E0,1.872457981E0
9.746429433E1,-2.006978989E0,-1.166519165E0,1.827250481E0
9.747432033E1,-1.664881110E0,-9.640224576E-1,1.754819989E0
9.748434733E1,-1.273139238E0,-7.481142282E-1,1.604597569E0
9.749437433E1,-9.122596383E-1,-5.782876611E-1,1.327387094E0
9.750440033E1,-6.389948130E-1,-4.963469207E-1,9.126389027E-1
9.751442733E1,-4.575211406E-1,-4.534295499E-1,4.150602818E-1
9.752445333E1,-3.579520583E-1,-4.235735238E-1,-9.559630603E-2
9.753448033E1,-3.128823340E-1,-3.485711813E-1,-5.377702713E-1
9.754450733E1,-2.710190415E-1,-1.644054651E-1,-9.039054513E-1
9.755453333E1,-2.095503509E-1,1.038044095E-1,-1.215173006E0
9.756456033E1,-1.239574254E-1,4.454499185E-1,-1.466485143E0
9.757458633E1,-7.963709533E-3,8.113472462E-1,-1.650876284E0
9.758461363E1,1.410734653E-1,1.091200471E0,-1.755866528E0
9.759464063E1,3.681021035E-1,1.299546480E0,-1.804147482E0
9.760466663E1,6.321198940E-1,1.471459150E0,-1.936492085E0
9.761469363E1,8.496423960E-1,1.562019944E0,-2.184359550E0
9.762471963E1,1.009106398E0,1.534519076E0,-2.492219448E0
9.763474663E1,1.218190908E0,1.418280363E0,-2.733852863E0
9.764477362E1,1.568495989E0,1.265210271E0,-2.818382502E0
9.765479963E1,2.030021191E0,1.172917366E0,-2.718857765E0
9.766482662E1,2.515303612E0,1.286158085E0,-2.632498741E0
9.767485263E1,2.829787254E0,1.524676204E0,-2.718028545E0
9.768487962E1,2.855066776E0,1.755323291E0,-2.915678501E0
9.769490662E1,2.653840303E0,1.936212897E0,-3.026874542E0
9.770493262E1,2.399351597E0,2.057401657E0,-2.956219196E0
9.771495962E1,2.232258558E0,2.156095743E0,-2.746584415E0
9.772498562E1,2.209368706E0,2.262243509E0,-2.467434883E0
9.773501262E1,2.278129816E0,2.361089706E0,-2.193739414E0
9.774503962E1,2.365313530E0,2.405365467E0,-1.922106624E0
9.775506562E1,2.429758787E0,2.398246527E0,-1.615559697E0
9.776509262E1,2.476043224E0,2.369940519E0,-1.251441598E0
9.777511862E1,2.511921406E0,2.335980654E0,-8.429129124E-1
9.778514562E1,2.530439854E0,2.299906492E0,-4.484182596E-1
9.779517162E1,2.513704777E0,2.302825451E0,-1.650448740E-1
9.780519862E1,2.451287031E0,2.332251310E0,-1.283066906E-2
9.781522563E1,2.336239338E0,2.347437143E0,4.252206534E-2
9.782525162E1,2.183054447E0,2.301095963E0,1.440716349E-2
9.783527863E1,2.009045601E0,2.148863792E0,-4.315866157E-2
9.784530563E1,1.824830651E0,1.898080707E0,-1.135105491E-1
9.785533163E1,1.643859267E0,1.615349889E0,-1.484299153E-1
9.786535863E1,1.446247220E0,1.387530804E0,-1.432528198E-1
9.787538463E1,1.194851756E0,1.193560719E0,-1.245323941E-1
9.788541163E1,8.670494556E-1,1.004755855E0,-6.039411575E-2
9.789543862E1,4.766324162E-1,7.831887603E-1,4.985142872E-2
9.790546463E1,4.589195549E-2,4.913397729E-1,2.334601730E-1
9.791549162E1,-3.691952527E-1,1.320758760E-1,5.395991206E-1
9.792551763E1,-7.058567405E-1,-2.491453290E-1,1.014068961E0
9.793554462E1,-9.354795814E-1,-5.574043393E-1,1.534672499E0
9.794557162E1,-1.119755864E0,-7.242003679E-1,1.964687705E0
9.795559762E1,-1.368880749E0,-8.278231621E-1,2.273945332E0
9.796562462E1,-1.748990297E0,-9.605678916E-1,2.471190453E0
9.797565062E1,-2.253359318E0,-1.252476096E0,2.723848343E0
9.798567762E1,-2.732871294E0,-1.682784438E0,3.029075623E0
9.799570462E1,-3.021315336E0,-2.132593155E0,3.328073978E0
9.800573062E1,-3.051341057E0,-2.271300554E0,3.411556244E0
9.801575762E1,-2.926896572E0,-2.050335407E0,3.141348839E0
9.802578362E1,-2.801881075E0,-1.716030598E0,2.667817593E0
9.803581062E1,-2.761799335E0,-1.557826638E0,2.159414291E0
9.804583763E1,-2.745990038E0,-1.599780440E0,1.729682326E0
9.805586362E1,-2.668101788E0,-1.691114545E0,1.472130418E0
9.806589063E1,-2.566281080E0,-1.749880672E0,1.366419554E0
9.807591662E1,-2.545739889E0,-1.790899992E0,1.334463239E0
9.808594363E1,-2.624570131E0,-1.777514815E0,1.331064582E0
9.809596962E1,-2.793476582E0,-1.689988136E0,1.313515186E0
9.810599663E1,-3.001280546E0,-1.508726716E0,1.294443846E0
9.811602362E1,-3.143806458E0,-1.300679803E0,1.271732211E0
9.812604963E1,-3.139273167E0,-1.127441525E0,1.212264776E0
9.813607662E1,-2.970022202E0,-1.017946124E0,1.132639170E0
9.814610263E1,-2.643564224E0,-9.746590257E-1,1.042378545E0
9.815612963E1,-2.186395645E0,-9.732267857E-1,9.446586370E-1
9.816615662E1,-1.642762542E0,-9.691007137E-1,8.178213239E-1
9.817618263E1,-1.064826965E0,-9.031997323E-1,6.608157158E-1
9.818620962E1,-5.224308968E-1,-7.874113917E-1,4.456031024E-1
9.819623563E1,-1.028099060E-1,-6.575301290E-1,1.963740736E-1
9.820626262E1,1.501148939E-1,-5.194881558E-1,-4.693527520E-2
9.821628962E1,2.569776773E-1,-3.392720222E-1,-2.797634602E-1
9.822631562E1,2.506584227E-1,-1.064601466E-1,-5.588648915E-1
9.823634262E1,1.711313576E-1,1.382393390E-1,-8.798143864E-1
9.824636862E1,8.675161749E-2,3.933634162E-1,-1.180353045E0
9.825639562E1,7.271409780E-2,6.246432662E-1,-1.389832139E0
9.826642262E1,1.662846804E-1,8.402553201E-1,-1.485588431E0
9.827644862E1,3.787650168E-1,1.074076653E0,-1.484780908E0
9.828647562E1,6.681218147E-1,1.382667899E0,-1.462925076E0
9.829650162E1,9.452045560E-1,1.647300601E0,-1.548607945E0
9.830652862E1,1.207740664E0,1.725663424E0,-1.827148199E0
9.831655563E1,1.445001721E0,1.669488668E0,-2.261409998E0
9.832658162E1,1.670041442E0,1.538345814E0,-2.702131510E0
9.833660863E1,1.962017894E0,1.348421574E0,-2.978608608E0
9.834663462E1,2.400922775E0,1.219067097E0,-3.040885687E0
9.835666163E1,2.933062792E0,1.236937642E0,-2.945486307E0
9.836668862E1,3.362287283E0,1.306643605E0,-2.819138288E0
9.837671463E1,3.501914978E0,1.368413925E0,-2.744545937E0
9.838674162E1,3.295434713E0,1.371181369E0,-2.593370199E0
9.839676763E1,2.824017286E0,1.381518483E0,-2.282338142E0
9.840679462E1,2.231348753E0,1.477904916E0,-1.851447225E0
9.841682162E1,1.671088457E0,1.711939216E0,-1.452990174E0
9.842684762E1,1.262850642E0,2.074001074E0,-1.199176073E0
9.843687462E1,1.044367671E0,2.410783052E0,-1.080125093E0
9.844690063E1,1.034808040E0,2.624653339E0,-1.038169146E0
9.845692762E1,1.217087626E0,2.665647984E0,-9.793755412E-1
9.846695462E1,1.540234804E0,2.539453030E0,-8.310830593E-1
9.847698062E1,1.915706158E0,2.314841032E0,-5.933277607E-1
9.848700762E1,2.232172251E0,2.087421894E0,-3.349425793E-1
9.849703362E1,2.436140537E0,1.886657357E0,-1.205903217E-1
9.850706062E1,2.525378942E0,1.758216619E0,-9.142642375E-4
9.851708762E1,2.528243542E0,1.705301762E0,2.900901437E-2
9.852711362E1,2.458523989E0,1.717667222E0,5.581934936E-3
9.853714062E1,2.334265709E0,1.771495223E0,-6.905768067E-2
9.854716662E1,2.143739939E0,1.791751385E0,-1.974968612E-1
9.855719362E1,1.873232722E0,1.669695497E0,-3.855812848E-1
9.856722063E1,1.546217084E0,1.411232114E0,-6.345384121E-1
9.857724662E1,1.156433702E0,1.025839925E0,-8.531988263E-1
9.858727383E1,7.015169263E-1,5.611666441E-1,-9.327002764E-1
9.859729983E1,2.302921414E-1,1.056254730E-1,-8.119288683E-1
9.860732683E1,-2.027065456E-1,-2.997888029E-1,-4.484770894E-1
9.861735383E1,-5.696182251E-1,-6.328772902E-1,8.481290191E-2
9.862737983E1,-8.515636325E-1,-8.118222356E-1,6.476951241E-1
9.863740683E1,-1.053694129E0,-8.710805178E-1,1.081553698E0
9.864743283E1,-1.249712110E0,-9.273099303E-1,1.320680857E0
9.865745983E1,-1.499439716E0,-1.041513085E0,1.441441059E0
9.866748583E1,-1.794890523E0,-1.286647558E0,1.666617632E0
9.867751283E1,-2.053525209E0,-1.694619775E0,2.143840790E0
9.868753983E1,-2.162138700E0,-2.066227198E0,2.846237898E0
9.869756583E1,-2.095065594E0,-2.248510361E0,3.483673096E0
9.870759283E1,-1.932520628E0,-2.277263165E0,3.807374477E0
9.871761883E1,-1.755018234E0,-2.203753471E0,3.762828350E0
9.872764583E1,-1.663476467E0,-2.090015173E0,3.418668985E0
9.873767283E1,-1.714026451E0,-2.104656696E0,2.942617893E0
9.874769883E1,-1.838977814E0,-2.232644558E0,2.557111025E0
9.875772583E1,-1.954781055E0,-2.350174189E0,2.333687305E0
9.876775183E1,-2.049957991E0,-2.331317425E0,2.239195585E0
9.877777883E1,-2.212387800E0,-2.172595501E0,2.144768000E0
9.878780583E1,-2.513348341E0,-1.920020461E0,2.002295494E0
9.879783183E1,-2.910911322E0,-1.664984703E0,1.843381286E0
9.880785883E1,-3.325728178E0,-1.456076860E0,1.736083746E0
9.881788483E1,-3.651025772E0,-1.310217381E0,1.686882615E0
9.882791183E1,-3.812090635E0,-1.198204875E0,1.648112893E0
9.883793883E1,-3.761390924E0,-1.121831298E0,1.565210581E0
9.884796483E1,-3.486786604E0,-1.083822846E0,1.437006712E0
9.885799183E1,-2.985786676E0,-1.072003245E0,1.286255121E0
9.886801783E1,-2.330430508E0,-1.052452207E0,1.116804600E0
9.887804483E1,-1.644754767E0,-9.949793220E-1,9.194614291E-1
9.888807183E1,-1.020005941E0,-8.870901465E-1,6.479651332E-1
9.889809783E1,-5.351523757E-1,-7.512177825E-1,2.775215507E-1
9.890812483E1,-2.075650841E-1,-5.797374249E-1,-1.591745019E-1
9.891815083E1,-5.930079147E-2,-4.008728564E-1,-5.897522569E-1
9.892817783E1,-5.013019592E-2,-1.927886158E-1,-1.021811008E0
9.893820483E1,-1.068193018E-1,9.108304977E-2,-1.418989301E0
9.894823083E1,-1.724378765E-1,3.778934479E-1,-1.715680838E0
9.895825783E1,-1.932723075E-1,7.059422135E-1,-1.894589901E0
9.896828383E1,-1.736228019E-1,1.163503289E0,-2.022526264E0
9.897831083E1,-1.454468369E-1,1.680084944E0,-2.160121918E0
9.898833783E1,-1.313298494E-1,2.136178970E0,-2.344724417E0
9.899836383E1,-1.287993193E-1,2.434902668E0,-2.570466280E0
9.900839083E1,-5.167109892E-2,2.525385380E0,-2.831178665E0
9.901841683E1,1.864171028E-1,2.392582893E0,-3.086504459E0
9.902844383E1,5.879100561E-1,2.079033852E0,-3.214496374E0
9.903847083E1,1.112150550E0,1.698543191E0,-3.108212948E0
9.904849683E1,1.731080413E0,1.474890113E0,-2.887744188E0
9.905852383E1,2.312932491E0,1.422788262E0,-2.707952023E0
9.906854983E1,2.734647989E0,1.436062813E0,-2.552345514E0
9.907857683E1,2.966932774E0,1.508643866E0,-2.367332458E0
9.908860383E1,3.033652782E0,1.568190217E0,-2.111352921E0
9.909862983E1,3.001327276E0,1.593169928E0,-1.841294765E0
9.910865683E1,2.889753342E0,1.520119667E0,-1.658488154E0
9.911868283E1,2.668826580E0,1.408345699E0,-1.582695603E0
9.912870983E1,2.338622332E0,1.323605776E0,-1.536171794E0
9.913873683E1,1.974634171E0,1.311890244E0,-1.424291611E0
9.914876283E1,1.677032948E0,1.366439342E0,-1.195017099E0
9.915878983E1,1.480543852E0,1.449087381E0,-8.612793088E-1
9.916881583E1,1.402237773E0,1.524730444E0,-4.642283618E-1
9.917884283E1,1.432263851E0,1.599328518E0,-8.741983771E-2
9.918886983E1,1.553964496E0,1.692498922E0,2.248903364E-1
9.919889583E1,1.735377431E0,1.781772256E0,4.187519550E-1
9.920892283E1,1.936348200E0,1.813633919E0,5.073101521E-1
9.921894883E1,2.114439726E0,1.746470094E0,5.025231242E-1
9.922897583E1,2.232683659E0,1.552590013E0,4.298529625E-1
9.923900283E1,2.270251751E0,1.257221580E0,3.155388832E-1
9.924902883E1,2.202968597E0,9.502616525E-1,1.853711307E-1
9.925905583E1,2.028064251E0,7.001809478E-1,5.665390939E-2
9.926908183E1,1.751131415E0,5.140840411E-1,-1.329374220E-2
9.927910883E1,1.368238330E0,3.910049498E-1,1.004566904E-2
9.928913583E1,8.873608708E-1,3.276505768E-1,1.720654815E-1
9.929916183E1,3.593547940E-1,2.570142150E-1,4.804142714E-1
9.930918883E1,-2.007870823E-1,1.934403479E-1,8.821028471E-1
9.931921483E1,-7.740623355E-1,1.363136768E-1,1.302878737E0
9.932924183E1,-1.340122461E0,1.600522995E-1,1.699100375E0
9.933926883E1,-1.836476922E0,2.272537053E-1,2.032179594E0
9.934929483E1,-2.204154730E0,2.719228268E-1,2.257980824E0
9.935932183E1,-2.443872690E0,1.057423875E-1,2.572084904E0
9.936934783E1,-2.600815296E0,-3.617952168E-1,3.141045332E0
9.937937483E1,-2.645813704E0,-9.836260080E-1,3.802643776E0
9.938940183E1,-2.524798393E0,-1.452394009E0,4.168921471E0
9.939942783E1,-2.292489767E0,-1.635519266E0,4.032959461E0
9.940945483E1,-2.092094183E0,-1.585852504E0,3.539365530E0
9.941948083E1,-2.018131256E0,-1.496829987E0,2.881013155E0
9.942950783E1,-2.114339352E0,-1.502794623E0,2.237947941E0
9.943953483E1,-2.322341919E0,-1.632381916E0,1.800941348E0
9.944956083E1,-2.549311638E0,-1.740191460E0,1.608821869E0
9.945958783E1,-2.804660559E0,-1.730686069E0,1.570587993E0
9.946961383E1,-3.064474344E0,-1.591434598E0,1.570897341E0
9.947964083E1,-3.290510893E0,-1.364666462E0,1.528671265E0
9.948966683E1,-3.495903730E0,-1.150982380E0,1.434790373E0
9.949969383E1,-3.645988703E0,-1.000433326E0,1.314947009E0
9.950972083E1,-3.692681789E0,-8.693441153E-1,1.190498352E0
9.951974683E1,-3.620246649E0,-7.435271144E-1,1.079884410E0
9.952977383E1,-3.403007746E0,-6.611608267E-1,9.643780589E-1
9.953979983E1,-3.013287306E0,-6.590526700E-1,8.261898756E-1
9.954982683E1,-2.462414265E0,-7.440757751E-1,6.608987451E-1
9.955985383E1,-1.800125003E0,-8.785499930E-1,4.876984656E-1
9.956987983E1,-1.104461908E0,-1.002990127E0,3.025249839E-1
9.957990683E1,-4.598444700E-1,-1.047369599E0,9.425298125E-2
9.958993233E1,7.880594581E-2,-9.684935808E-1,-1.525528431E-1
9.959995933E1,4.698104560E-1,-7.560819983E-1,-4.658327401E-1
9.960998633E1,6.947889924E-1,-4.953317046E-1,-8.617730141E-1
9.962001233E1,7.347239256E-1,-2.723639011E-1,-1.275063396E0
9.963003933E1,6.220099926E-1,-8.304595947E-2,-1.613636017E0
9.964006533E1,4.638267457E-1,1.236060262E-1,-1.833932996E0
9.965009233E1,3.494033515E-1,3.262816072E-1,-1.994383693E0
9.966011933E1,3.720114827E-1,5.340999961E-1,-2.113764524E0
9.967014533E1,5.313035250E-1,7.986559272E-1,-2.224461555E0
9.968017233E1,7.468240857E-1,1.154345632E0,-2.361744881E0
9.969019833E1,9.159142375E-1,1.508543968E0,-2.568333864E0
9.970022533E1,1.006081462E0,1.807555676E0,-2.857112885E0
9.971025233E1,1.060293794E0,1.970267177E0,-3.178211927E0
9.972027833E1,1.202018738E0,1.863615632E0,-3.388199806E0
9.973030533E1,1.508702874E0,1.501015186E0,-3.398673296E0
9.974033133E1,2.012335062E0,1.244127393E0,-3.227581263E0
9.975035833E1,2.583736897E0,1.244751930E0,-2.988068104E0
9.976038533E1,2.967962742E0,1.365855694E0,-2.760621548E0
9.977041133E1,3.017120600E0,1.490215778E0,-2.490393877E0
9.978043833E1,2.707039118E0,1.562783480E0,-2.084156036E0
9.979046433E1,2.168454885E0,1.631060243E0,-1.610893965E0
9.980049133E1,1.601731658E0,1.757995844E0,-1.201711297E0
9.981051833E1,1.159422636E0,2.017601967E0,-9.871485829E-1
9.982054433E1,9.076787233E-1,2.352507114E0,-9.391666651E-1
9.983057133E1,8.628672361E-1,2.622614384E0,-9.475886822E-1
9.984059733E1,1.001416326E0,2.700928926E0,-8.720747232E-1
9.985062433E1,1.291578650E0,2.633723974E0,-6.429253817E-1
9.986065133E1,1.642144203E0,2.516319752E0,-2.837089300E-1
9.987067733E1,1.963127732E0,2.378207922E0,1.017383710E-1
9.988070433E1,2.228494644E0,2.219557047E0,4.096834064E-1
9.989073033E1,2.450337887E0,2.099670172E0,5.807852745E-1
9.990075733E1,2.625363111E0,2.021552801E0,6.171630025E-1
9.991078433E1,2.737994432E0,1.947799206E0,5.420894027E-1
9.992081033E1,2.771227837E0,1.828073859E0,3.944778442E-1
9.993083733E1,2.724535227E0,1.676328659E0,2.092687637E-1
9.994086333E1,2.604472637E0,1.495759726E0,4.622684326E-3
9.995089033E1,2.379643679E0,1.316683173E0,-1.973594427E-1
9.996091733E1,1.981723547E0,1.077029586E0,-3.705634475E-1
9.997094333E1,1.422323704E0,8.067599535E-1,-4.505283535E-1
9.998097033E1,7.480619550E-1,5.134745836E-1,-3.800994754E-1
9.999099633E1,4.000834376E-2,2.481527925E-1,-1.495184451E-1
1.000010233E2,-6.086164713E-1,2.471891046E-2,2.617188990E-1
1.000110503E2,-1.152047634E0,-8.839133382E-2,8.098025322E-1
1.000210763E2,-1.536589980E0,-8.579821885E-2,1.310574532E0
1.000311033E2,-1.799623370E0,-6.920678914E-2,1.652747273E0
1.000411293E2,-2.012228966E0,-1.188611612E-1,1.822168350E0
1.000511563E2,-2.248891592E0,-4.157735109E-1,2.011201859E0
1.000611833E2,-2.524050474E0,-9.490155578E-1,2.404957533E0
1.000712093E2,-2.734897614E0,-1.405013204E0,2.951915741E0
1.000812363E2,-2.821683645E0,-1.586913705E0,3.386557341E0
1.000912623E2,-2.851238489E0,-1.340572834E0,3.505139589E0
1.001012893E2,-2.915265560E0,-8.206422925E-1,3.371155739E0
1.001113163E2,-3.072126150E0,-3.060807288E-1,3.143692255E0
1.001213423E2,-3.299083948E0,-8.185242116E-2,2.938666582E0
1.001313693E2,-3.441174746E0,-1.917900145E-1,2.778671265E0
1.001413953E2,-3.372575760E0,-4.888099730E-1,2.546229601E0
1.001514223E2,-3.157996178E0,-8.501901031E-1,2.256645918E0
1.001614493E2,-2.878231525E0,-1.144804478E0,1.996394396E0
1.001714753E2,-2.606678486E0,-1.310410380E0,1.783993602E0
1.001815023E2,-2.456835985E0,-1.338965893E0,1.574827075E0
1.001915283E2,-2.473257780E0,-1.274626493E0,1.365875363E0
1.002015553E2,-2.595886946E0,-1.170053482E0,1.175355196E0
1.002115823E2,-2.717674732E0,-1.040998936E0,9.834438562E-1
1.002216083E2,-2.743932724E0,-9.176563025E-1,7.618132234E-1
1.002316353E2,-2.658156157E0,-8.909552097E-1,5.095833540E-1
1.002416613E2,-2.468987465E0,-9.738772511E-1,2.431545556E-1
1.002516883E2,-2.188759804E0,-1.090970635E0,-1.185423881E-2
1.002617153E2,-1.837141037E0,-1.181451797E0,-2.487280369E-1
1.002717413E2,-1.441127300E0,-1.254728794E0,-4.835459292E-1
1.002817683E2,-1.024397492E0,-1.283108711E0,-7.138510346E-1
1.002917953E2,-6.201130152E-1,-1.266316652E0,-9.267252684E-1
1.003018213E2,-2.542305887E-1,-1.208745718E0,-1.161814213E0
1.003118483E2,3.466923907E-2,-1.118110657E0,-1.423281789E0
1.003218743E2,2.165098786E-1,-1.034829259E0,-1.660711050E0
1.003319013E2,2.765429616E-1,-9.429084659E-1,-1.855206251E0
1.003419273E2,2.481819242E-1,-7.783088088E-1,-2.017339468E0
1.003519543E2,2.095831484E-1,-4.736976326E-1,-2.144128799E0
1.003619813E2,2.449818850E-1,2.051594201E-3,-2.259197235E0
1.003720073E2,3.755634725E-1,5.432314873E-1,-2.386116028E0
1.003820343E2,5.328199863E-1,1.075585365E0,-2.504819155E0
1.003920613E2,6.318659782E-1,1.514820218E0,-2.522826910E0
1.004020873E2,6.948574185E-1,1.789529324E0,-2.541075706E0
1.004121143E2,8.233724833E-1,1.842904449E0,-2.514639139E0
1.004221403E2,1.125740647E0,1.734182954E0,-2.434067965E0
1.004321673E2,1.585019112E0,1.653356671E0,-2.335667133E0
1.004421943E2,2.170296669E0,1.812832355E0,-2.146562099E0
1.004522203E2,2.803132057E0,2.010066748E0,-1.760736465E0
1.004622473E2,3.333486795E0,2.103485823E0,-1.313004494E0
1.004722733E2,3.679393768E0,2.134659052E0,-9.589084387E-1
1.004823003E2,3.743248701E0,2.004678726E0,-7.500393987E-1
1.004923273E2,3.513143539E0,1.718001842E0,-7.488108873E-1
1.005023533E2,3.073355198E0,1.428251505E0,-8.666957021E-1
1.005123803E2,2.544209957E0,1.341878891E0,-1.006151080E0
1.005224063E2,2.007371426E0,1.530325770E0,-1.126503348E0
1.005324333E2,1.552040577E0,1.867615104E0,-1.170458555E0
1.005424603E2,1.239603400E0,2.181011438E0,-1.054919958E0
1.005524863E2,1.105146885E0,2.373882055E0,-8.204230070E-1
1.005625133E2,1.210668325E0,2.409707785E0,-5.186713934E-1
1.005725393E2,1.529922605E0,2.284703493E0,-2.081176490E-1
1.005825663E2,1.993352652E0,1.992601275E0,2.987228706E-2
1.005925933E2,2.505273342E0,1.585852742E0,1.115139201E-1
1.006026193E2,2.938796997E0,1.121919394E0,-6.204719655E-3
1.006126463E2,3.210243940E0,6.980254650E-1,-2.659903765E-1
1.006226723E2,3.272729397E0,4.131367505E-1,-5.327810645E-1
1.006326993E2,3.128612041E0,2.547216117E-1,-7.389359474E-1
1.006427263E2,2.786844730E0,1.997539848E-1,-8.566228747E-1
1.006527523E2,2.300732136E0,2.272823453E-1,-8.580021262E-1
1.006627793E2,1.715645552E0,3.057089746E-1,-7.161762714E-1
1.006728053E2,1.082702637E0,2.990577817E-1,-4.476278424E-1
1.006828323E2,4.788758755E-1,2.141830772E-1,-5.479773879E-2
1.006928593E2,-4.774134979E-2,4.376841336E-2,4.364310503E-1
1.007028853E2,-4.886979759E-1,-1.804306060E-1,9.957646728E-1
1.007129123E2,-8.482275009E-1,-3.520821035E-1,1.556323647E0
1.007229383E2,-1.122723222E0,-4.192667305E-1,1.950680017E0
1.007329653E2,-1.388247371E0,-3.788118362E-1,2.148897409E0
1.007429923E2,-1.696294665E0,-3.986193836E-1,2.260371447E0
1.007530183E2,-2.045457840E0,-5.860385299E-1,2.372660160E0
1.007630453E2,-2.460453987E0,-1.024534941E0,2.686116219E0
1.007730713E2,-2.826765537E0,-1.574742675E0,3.124495983E0
1.007830983E2,-2.991901159E0,-1.975929260E0,3.481015921E0
1.007931253E2,-2.881434917E0,-2.047425270E0,3.593437433E0
1.008031513E2,-2.582737923E0,-1.859456658E0,3.387274027E0
1.008131783E2,-2.278788805E0,-1.548600674E0,2.842875481E0
1.008232043E2,-2.182543039E0,-1.444257498E0,2.148783445E0
1.008332313E2,-2.271348953E0,-1.519142270E0,1.579405546E0
1.008432583E2,-2.419991970E0,-1.624030590E0,1.305847526E0
1.008532843E2,-2.572593927E0,-1.617650390E0,1.305415034E0
1.008633113E2,-2.768151283E0,-1.474719882E0,1.423932672E0
1.008733373E2,-3.027938843E0,-1.239379406E0,1.487740278E0
1.008833643E2,-3.324586153E0,-1.012687206E0,1.447608232E0
1.008933913E2,-3.585787535E0,-8.912494183E-1,1.345913053E0
1.009034173E2,-3.735460281E0,-8.746914864E-1,1.221255779E0
1.009134443E2,-3.712188959E0,-9.102303982E-1,1.120193958E0
1.009234703E2,-3.480221510E0,-9.837073088E-1,1.052508593E0
1.009334973E2,-3.038661242E0,-1.056562543E0,1.023809433E0
1.009435243E2,-2.431361437E0,-1.119043469E0,9.919809103E-1
1.009535503E2,-1.722993016E0,-1.176465750E0,9.123851657E-1
1.009635773E2,-1.023820996E0,-1.206352234E0,7.544831634E-1
1.009736033E2,-4.522621930E-1,-1.178323030E0,5.009667277E-1
1.009836303E2,-9.837387502E-2,-1.088997364E0,1.802968383E-1
1.009936573E2,3.987518698E-2,-9.829370975E-1,-1.959796846E-1
1.010036833E2,8.197155781E-3,-8.500024676E-1,-6.187485456E-1
1.010137103E2,-1.431689113E-1,-6.474308968E-1,-1.033762932E0
1.010237363E2,-3.440344036E-1,-3.978972435E-1,-1.380152225E0
1.010337633E2,-4.935489297E-1,-1.327039748E-1,-1.591142178E0
1.010437903E2,-4.975010455E-1,1.625108868E-1,-1.663395524E0
1.010538163E2,-3.244655728E-1,5.045207143E-1,-1.673055530E0
1.010638433E2,-2.241412550E-2,9.097030759E-1,-1.709890723E0
1.010738693E2,2.909520268E-1,1.344271898E0,-1.812855601E0
1.010838963E2,5.067964196E-1,1.678658724E0,-2.058781385E0
1.010939233E2,6.175325513E-1,1.822244287E0,-2.338528395E0
1.011039493E2,7.457073331E-1,1.799578667E0,-2.560305834E0
1.011139763E2,1.042356372E0,1.624357939E0,-2.660953283E0
1.011240023E2,1.523083806E0,1.385291100E0,-2.626704216E0
1.011340293E2,2.162992001E0,1.263175964E0,-2.555315971E0
1.011440553E2,2.823939085E0,1.275130272E0,-2.544069767E0
1.011540823E2,3.282303333E0,1.303375721E0,-2.642693281E0
1.011641093E2,3.396844149E0,1.368053555E0,-2.803052187E0
1.011741353E2,3.173742533E0,1.471406341E0,-2.835335016E0
1.011841623E2,2.720657825E0,1.558429360E0,-2.677797318E0
1.011941883E2,2.200430155E0,1.612519383E0,-2.367732048E0
1.012042153E2,1.738529682E0,1.761273384E0,-2.078398943E0
1.012142423E2,1.392465949E0,2.056600094E0,-1.908399343E0
1.012242683E2,1.198765755E0,2.325977325E0,-1.784462452E0
1.012342953E2,1.196120024E0,2.450608015E0,-1.600929141E0
1.012443213E2,1.384714246E0,2.420766592E0,-1.335457206E0
1.012543483E2,1.715654373E0,2.327318192E0,-9.897461534E-1
1.012643753E2,2.120095730E0,2.214372635E0,-6.128619313E-1
1.012744013E2,2.545669794E0,2.067969799E0,-2.976153791E-1
1.012844283E2,2.933248043E0,1.871536255E0,-9.338263422E-2
1.012944543E2,3.193443060E0,1.652168036E0,-1.903163269E-2
1.013044813E2,3.276478767E0,1.442272782E0,-4.502408579E-2
1.013145083E2,3.188884258E0,1.288364291E0,-1.346885860E-1
1.013245343E2,2.955718994E0,1.232282877E0,-2.297386676E-1
1.013345613E2,2.608478546E0,1.226017833E0,-2.841785848E-1
1.013445873E2,2.192602634E0,1.220245600E0,-2.882034183E-1
1.013546143E2,1.732181072E0,1.203756094E0,-2.528994083E-1
1.013646413E2,1.210013151E0,1.065792084E0,-1.574509293E-1
1.013746673E2,6.574534774E-1,8.310730457E-1,2.212395333E-2
1.013846943E2,1.115664393E-1,5.649494529E-1,3.001390696E-1
1.013947203E2,-3.872982264E-1,2.390917242E-1,7.293633819E-1
1.014047473E2,-7.892692089E-1,-5.462518334E-2,1.269696593E0
1.014147743E2,-1.088119030E0,-2.325043231E-1,1.793909073E0
1.014248003E2,-1.348830223E0,-2.790984809E-1,2.211980820E0
1.014348273E2,-1.657772422E0,-3.035969138E-1,2.497754812E0
1.014448533E2,-2.058176994E0,-3.389266729E-1,2.694763660E0
1.014548803E2,-2.542805910E0,-5.343559384E-1,2.971128941E0
1.014649073E2,-2.970293760E0,-8.368694782E-1,3.284771681E0
1.014749333E2,-3.159528255E0,-1.204926848E0,3.567287207E0
1.014849603E2,-3.065673113E0,-1.450936437E0,3.603303909E0
1.014949863E2,-2.776562929E0,-1.534105062E0,3.280997515E0
1.015050133E2,-2.449268103E0,-1.503474236E0,2.725015640E0
1.015150403E2,-2.223669291E0,-1.547806263E0,2.162683249E0
1.015250663E2,-2.105678797E0,-1.626940489E0,1.783050060E0
1.015350933E2,-2.014353275E0,-1.653186917E0,1.599681497E0
1.015451193E2,-1.989633322E0,-1.570125341E0,1.528990865E0
1.015551463E2,-2.112046480E0,-1.389550328E0,1.508100271E0
1.015651723E2,-2.401741743E0,-1.192040801E0,1.480862260E0
1.015751993E2,-2.785156488E0,-1.035030603E0,1.404166698E0
1.015852263E2,-3.132093668E0,-9.393081665E-1,1.278197765E0
1.015952531E2,-3.332003117E0,-8.936486244E-1,1.143068552E0
1.016052801E2,-3.362833261E0,-9.162147045E-1,1.017787576E0
1.016153061E2,-3.244150400E0,-9.949469566E-1,8.834058046E-1
1.016253331E2,-2.995113134E0,-1.110472441E0,7.356349826E-1
1.016353601E2,-2.648338556E0,-1.199884653E0,5.900809765E-1
1.016453861E2,-2.216110229E0,-1.231585145E0,4.657987058E-1
1.016554131E2,-1.742472172E0,-1.185965061E0,3.753924072E-1
1.016654391E2,-1.257846117E0,-1.069161534E0,3.165921867E-1
1.016754661E2,-8.028901219E-1,-9.180969596E-1,2.500093579E-1
1.016854931E2,-4.359469712E-1,-7.198978662E-1,1.359861344E-1
1.016955191E2,-1.732212007E-1,-4.754514098E-1,-3.050398827E-2
1.017055461E2,1.631570514E-3,-2.677514553E-1,-2.590509057E-1
1.017155721E2,1.046231985E-1,-1.389290094E-1,-6.039321423E-1
1.017255991E2,1.433807164E-1,-5.851591751E-2,-1.015613914E0
1.017356261E2,1.702201664E-1,1.194136217E-2,-1.338918567E0
1.017456521E2,2.788390517E-1,1.135923564E-1,-1.539197564E0
1.017556791E2,4.896029532E-1,2.688449025E-1,-1.663063288E0
1.017657051E2,7.272730470E-1,5.468610525E-1,-1.780344486E0
1.017757321E2,9.344288707E-1,8.832765222E-1,-1.894185781E0
1.017857581E2,1.052263975E0,1.214503407E0,-2.004891634E0
1.017957851E2,1.069508791E0,1.405243397E0,-2.192943096E0
1.018058121E2,1.074010372E0,1.434652686E0,-2.395199537E0
1.018158381E2,1.244710922E0,1.305802584E0,-2.604057074E0
1.018258651E2,1.649683118E0,1.078618884E0,-2.792870522E0
1.018358911E2,2.217149973E0,9.036856890E-1,-2.908404112E0
1.018459181E2,2.744597197E0,7.603408098E-1,-2.954164982E0
1.018559451E2,3.005290985E0,6.997823119E-1,-2.986784220E0
1.018659711E2,2.895266533E0,7.962731719E-1,-2.949570894E0
1.018759981E2,2.504784107E0,9.793789983E-1,-2.726103067E0
1.018860241E2,1.978884220E0,1.196311355E0,-2.312997818E0
1.018960511E2,1.459802032E0,1.493361831E0,-1.856819749E0
1.019060781E2,1.083031058E0,1.860270143E0,-1.517973781E0
1.019161041E2,9.199652672E-1,2.176192522E0,-1.308156371E0
1.019261311E2,9.725230336E-1,2.375010252E0,-1.153239727E0
1.019361571E2,1.220000148E0,2.437494516E0,-9.786855578E-1
1.019461841E2,1.621660471E0,2.350429058E0,-7.414373159E-1
1.019562111E2,2.079426765E0,2.161352396E0,-4.528589547E-1
1.019662371E2,2.503738880E0,1.957142711E0,-1.581263840E-1
1.019762641E2,2.832617283E0,1.800819874E0,3.331812844E-2
1.019862901E2,3.007247925E0,1.663307905E0,7.618197054E-2
1.019963171E2,2.992061377E0,1.572519660E0,-4.602660239E-2
1.020063431E2,2.813445568E0,1.529358864E0,-2.455423772E-1
1.020163701E2,2.532130480E0,1.485434651E0,-4.376877844E-1
1.020263971E2,2.212635756E0,1.429799080E0,-5.398053527E-1
1.020364231E2,1.907990694E0,1.358237743E0,-5.529602170E-1
1.020464501E2,1.618774056E0,1.289229035E0,-5.564947724E-1
1.020564761E2,1.317799926E0,1.230795622E0,-5.502872467E-1
1.020665031E2,9.581303596E-1,1.095670938E0,-5.076196790E-1
1.020765301E2,5.481835604E-1,8.374797106E-1,-3.046889901E-1
1.020865561E2,1.176511049E-1,4.692228436E-1,8.633521944E-2
1.020965831E2,-2.907896638E-1,1.245444715E-1,6.279149055E-1
1.021066091E2,-6.289791465E-1,-1.088991761E-1,1.203058004E0
1.021166361E2,-9.122458696E-1,-3.132854402E-1,1.663136363E0
1.021266621E2,-1.226545691E0,-4.933633506E-1,1.916646957E0
1.021366891E2,-1.647694707E0,-6.911168694E-1,2.063621998E0
1.021467161E2,-2.149353027E0,-9.378238916E-1,2.136116028E0
1.021567421E2,-2.731823444E0,-1.196067095E0,2.311975718E0
1.021667691E2,-3.263232946E0,-1.448468566E0,2.705658913E0
1.021767951E2,-3.568478346E0,-1.682825804E0,3.172981501E0
1.021868221E2,-3.621689320E0,-1.755744457E0,3.384019375E0
1.021968491E2,-3.554498672E0,-1.635397673E0,3.257398844E0
1.022068751E2,-3.497507334E0,-1.432891965E0,2.891168594E0
1.022169021E2,-3.476827383E0,-1.300167441E0,2.437211514E0
1.022269281E2,-3.419617176E0,-1.319139600E0,2.014782667E0
1.022369551E2,-3.236543655E0,-1.465591669E0,1.710978150E0
1.022469821E2,-2.994123459E0,-1.592576265E0,1.560838699E0
1.022570081E2,-2.843135118E0,-1.591300964E0,1.485805154E0
1.022670351E2,-2.875680208E0,-1.471929789E0,1.394737840E0
1.022770611E2,-3.074901581E0,-1.331140161E0,1.283276916E0
1.022870881E2,-3.348696232E0,-1.217262387E0,1.177935600E0
1.022971141E2,-3.601273537E0,-1.119963765E0,1.107706070E0
1.023071411E2,-3.763672590E0,-1.037916541E0,1.069520831E0
1.023171681E2,-3.764841080E0,-1.018211126E0,1.023014545E0
1.023271941E2,-3.574100733E0,-1.059215784E0,9.544599056E-1
1.023372211E2,-3.175323963E0,-1.107839584E0,8.616828918E-1
1.023472471E2,-2.569894075E0,-1.148577452E0,7.464995980E-1
1.023572741E2,-1.820227146E0,-1.186913252E0,6.166934371E-1
1.023673011E2,-1.030353069E0,-1.202568173E0,5.004180074E-1
1.023773271E2,-3.091233671E-1,-1.157262802E0,3.875901401E-1
1.023873541E2,2.486599982E-1,-1.062818646E0,2.254377306E-1
1.023973801E2,5.888649821E-1,-9.148477912E-1,-9.055106901E-3
1.024074071E2,7.271928191E-1,-7.350090742E-1,-3.449388444E-1
1.024174331E2,6.839686036E-1,-4.884103239E-1,-8.134711981E-1
1.024274601E2,4.913536012E-1,-1.812319905E-1,-1.272560716E0
1.024374871E2,2.323990166E-1,1.496419758E-1,-1.613214135E0
1.024475131E2,5.785862729E-2,4.981062114E-1,-1.851174593E0
1.024575401E2,6.672468781E-2,8.638798594E-1,-2.021714211E0
1.024675661E2,2.312742174E-1,1.215604305E0,-2.173803806E0
1.024775931E2,4.888819158E-1,1.485965252E0,-2.348316193E0
1.024876201E2,8.097246885E-1,1.563025475E0,-2.480944872E0
1.024976461E2,1.232673526E0,1.457422853E0,-2.579344988E0
1.025076731E2,1.807433009E0,1.197063684E0,-2.671273947E0
1.025176991E2,2.537301302E0,8.589934111E-1,-2.776863337E0
1.025277261E2,3.311747789E0,6.477826238E-1,-3.023044586E0
1.025377521E2,3.984109402E0,6.209067702E-1,-3.433803797E0
1.025477791E2,4.303201199E0,7.400273085E-1,-3.889961720E0
1.025578061E2,4.137747765E0,1.015956163E0,-4.157762051E0
1.025678321E2,3.574310780E0,1.434420586E0,-4.094014168E0
1.025778591E2,2.827267647E0,1.943999410E0,-3.710036755E0
1.025878851E2,2.098908186E0,2.432345629E0,-3.171958923E0
1.025979110E2,1.530288577E0,2.815913439E0,-2.675404072E0
1.026079380E2,1.219401002E0,3.077366114E0,-2.303786278E0
1.026179640E2,1.169171095E0,3.195295572E0,-2.019670010E0
1.026279910E2,1.328822851E0,3.176035643E0,-1.731870294E0
1.026380170E2,1.642244697E0,3.028678417E0,-1.372854114E0
1.026480440E2,2.029020071E0,2.799581766E0,-9.363310933E-1
1.026580700E2,2.387228966E0,2.606236935E0,-4.695079923E-1
1.026680970E2,2.629425526E0,2.479326963E0,-3.598531336E-2
1.026781240E2,2.739886522E0,2.377496958E0,3.002798259E-1
1.026881500E2,2.744830847E0,2.288403988E0,4.904889166E-1
1.026981770E2,2.668589354E0,2.168555975E0,5.273299217E-1
1.027082030E2,2.524790049E0,1.967531562E0,4.611714184E-1
1.027182300E2,2.310454607E0,1.727760792E0,3.489111662E-1
1.027282560E2,2.050002337E0,1.519254684E0,2.627645731E-1
1.027382830E2,1.748158216E0,1.352936506E0,2.268762290E-1
1.027483100E2,1.393218756E0,1.217249870E0,2.379549742E-1
1.027583360E2,9.998537302E-1,1.103019118E0,2.916280329E-1
1.027683630E2,5.606095195E-1,9.702146649E-1,3.731399179E-1
1.027783890E2,8.671903610E-2,7.863457799E-1,5.425544381E-1
1.027884160E2,-3.759964108E-1,5.449469686E-1,8.639056087E-1
1.027984430E2,-7.704362273E-1,2.327119410E-1,1.303402901E0
1.028084690E2,-1.066973209E0,-1.070794463E-1,1.768704534E0
1.028184960E2,-1.301348209E0,-3.557103276E-1,2.115963936E0
1.028285220E2,-1.571695566E0,-4.783448875E-1,2.299168825E0
1.028385490E2,-1.953808188E0,-5.648130774E-1,2.386190891E0
1.028485760E2,-2.481374502E0,-6.791921258E-1,2.464447975E0
1.028586020E2,-3.094492435E0,-9.259238839E-1,2.685957670E0
1.028686290E2,-3.645126820E0,-1.323158026E0,3.172051430E0
1.028786550E2,-3.941262960E0,-1.764141917E0,3.710720539E0
1.028886820E2,-3.925640106E0,-2.042724133E0,3.997078419E0
1.028987080E2,-3.665660858E0,-1.970780969E0,3.910589695E0
1.029087350E2,-3.300991535E0,-1.669750452E0,3.577708483E0
1.029187620E2,-2.917286634E0,-1.385087132E0,3.113934278E0
1.029287880E2,-2.592555523E0,-1.317028165E0,2.587958813E0
1.029388150E2,-2.307717323E0,-1.425698042E0,2.085246086E0
1.029488410E2,-2.075962782E0,-1.582156658E0,1.649961114E0
1.029588680E2,-1.951796293E0,-1.698766232E0,1.349565744E0
1.029688940E2,-1.982255101E0,-1.723228693E0,1.206223726E0
1.029789210E2,-2.192416668E0,-1.639052272E0,1.173248887E0
1.029889480E2,-2.545475245E0,-1.442746401E0,1.182537675E0
1.029989740E2,-2.935107946E0,-1.187770724E0,1.161955833E0
1.030090010E2,-3.227573156E0,-9.435285330E-1,1.072573781E0
1.030190270E2,-3.348390818E0,-7.622131109E-1,9.395180941E-1
1.030290540E2,-3.288956165E0,-6.870451570E-1,7.631657124E-1
1.030390810E2,-3.056271791E0,-7.033530474E-1,5.619968772E-1
1.030491070E2,-2.691591024E0,-7.818577290E-1,3.437886536E-1
1.030591340E2,-2.233363867E0,-8.886970282E-1,1.276980340E-1
1.030691600E2,-1.739104152E0,-9.730800986E-1,-6.406047940E-2
1.030791870E2,-1.258973360E0,-9.720523953E-1,-2.515000403E-1
1.030892130E2,-8.527536392E-1,-8.924941421E-1,-4.696981311E-1
1.030992400E2,-5.555642247E-1,-7.419664264E-1,-7.367466688E-1
1.031092670E2,-3.692939281E-1,-5.468738675E-1,-1.028203845E0
1.031192930E2,-2.551328242E-1,-3.386512101E-1,-1.322330117E0
1.031293200E2,-1.934098303E-1,-1.183438897E-1,-1.598086596E0
1.031393460E2,-1.385167539E-1,1.337747872E-1,-1.827172399E0
1.031493730E2,-2.262823842E-2,4.231000841E-1,-1.978784323E0
1.031594000E2,1.930603832E-1,7.356066108E-1,-2.040888309E0
1.031694260E2,4.653528929E-1,1.036912680E0,-2.037677288E0
1.031794530E2,7.207620144E-1,1.343153715E0,-2.014617443E0
1.031894790E2,9.215260148E-1,1.620670795E0,-2.029896259E0
1.031995060E2,1.084493399E0,1.834381580E0,-2.151284933E0
1.032095330E2,1.249928713E0,1.946713686E0,-2.296573400E0
1.032195590E2,1.502809286E0,1.939896703E0,-2.387789726E0
1.032295860E2,1.899655223E0,1.736811996E0,-2.399204016E0
1.032396120E2,2.434385777E0,1.433608294E0,-2.400397539E0
1.032496390E2,3.026706457E0,1.196410179E0,-2.475661516E0
1.032596650E2,3.458118677E0,1.044538856E0,-2.668414354E0
1.032696920E2,3.547587395E0,9.939356446E-1,-2.851559639E0
1.032797190E2,3.266774893E0,9.906025529E-1,-2.843755960E0
1.032897450E2,2.709738255E0,1.104593873E0,-2.614878416E0
1.032997720E2,1.991775155E0,1.403970838E0,-2.234453917E0
1.033097980E2,1.276532650E0,1.851588249E0,-1.892420292E0
1.033198250E2,7.563987374E-1,2.342336655E0,-1.688953638E0
1.033298520E2,5.387856960E-1,2.756913662E0,-1.570497870E0
1.033398780E2,6.305358410E-1,2.981115103E0,-1.436171293E0
1.033499050E2,9.915811419E-1,2.938621759E0,-1.215811491E0
1.033599310E2,1.532218695E0,2.683718443E0,-9.120002985E-1
1.033699580E2,2.130449772E0,2.373364449E0,-5.458098054E-1
1.033799850E2,2.664919853E0,2.099391937E0,-1.644250453E-1
1.033900110E2,3.054317474E0,1.871398091E0,1.427854896E-1
1.034000380E2,3.295446157E0,1.735334396E0,2.990448773E-1
1.034100640E2,3.383546114E0,1.707625270E0,2.929478288E-1
1.034200910E2,3.317119837E0,1.743316293E0,1.604865044E-1
1.034301170E2,3.101990223E0,1.801199913E0,-5.463964492E-2
1.034401440E2,2.728305578E0,1.789625764E0,-3.044888973E-1
1.034501710E2,2.253184080E0,1.683259368E0,-5.196843147E-1
1.034601970E2,1.715816855E0,1.470130920E0,-6.693726182E-1
1.034702240E2,1.141085863E0,1.146545410E0,-6.911721826E-1
1.034802500E2,5.867034793E-1,7.190803289E-1,-5.316953659E-1
1.034902770E2,1.252945364E-1,2.803882062E-1,-1.814878136E-1
1.035003040E2,-1.957450211E-1,-1.175408289E-1,3.244128525E-1
1.035103300E2,-3.886162043E-1,-4.329919815E-1,9.117642045E-1
1.035203570E2,-5.288322568E-1,-6.323466301E-1,1.416985035E0
1.035303830E2,-7.237673998E-1,-7.775328159E-1,1.761006594E0
1.035404100E2,-1.047740936E0,-9.360304475E-1,1.982129216E0
1.035504360E2,-1.496008277E0,-1.116108656E0,2.186993361E0
1.035604630E2,-2.076061726E0,-1.367868781E0,2.619227886E0
1.035704900E2,-2.589856386E0,-1.521547198E0,3.246392727E0
1.035805160E2,-2.877964735E0,-1.509260893E0,3.789710760E0
1.035905433E2,-2.937399626E0,-1.367657900E0,4.029459953E0
1.036005693E2,-2.871301651E0,-1.257793069E0,3.859796762E0
1.036105963E2,-2.796618223E0,-1.270615935E0,3.403615475E0
1.036206233E2,-2.770860672E0,-1.465719342E0,2.803267479E0
1.036306493E2,-2.720854759E0,-1.711774945E0,2.242097616E0
1.036406763E2,-2.620104074E0,-1.858526468E0,1.882403851E0
1.036507023E2,-2.568001986E0,-1.877986193E0,1.731989622E0
1.036607293E2,-2.669146061E0,-1.781885386E0,1.647543192E0
1.036707563E2,-2.961434364E0,-1.644770145E0,1.558712602E0
1.036807823E2,-3.348738194E0,-1.525798678E0,1.465555668E0
1.036908093E2,-3.704805851E0,-1.426836252E0,1.411637068E0
1.037008353E2,-3.951589823E0,-1.387781262E0,1.384894252E0
1.037108623E2,-4.042076111E0,-1.410827398E0,1.354316354E0
1.037208883E2,-3.928768635E0,-1.456202745E0,1.294842958E0
1.037309153E2,-3.601136208E0,-1.485257030E0,1.195822835E0
1.037409423E2,-3.081572533E0,-1.491576552E0,1.080999613E0
1.037509683E2,-2.410256386E0,-1.448094964E0,9.814682603E-1
1.037609953E2,-1.649565339E0,-1.360007286E0,8.790245056E-1
1.037710213E2,-9.076208472E-1,-1.252589226E0,7.517716885E-1
1.037810483E2,-3.100076914E-1,-1.153164029E0,5.420693159E-1
1.037910753E2,4.906500503E-2,-1.050265670E0,2.284573019E-1
1.038011013E2,1.850137711E-1,-9.147635102E-1,-1.669822484E-1
1.038111283E2,1.506946832E-1,-7.215053439E-1,-5.900736451E-1
1.038211543E2,7.075602654E-3,-4.491209686E-1,-9.816298485E-1
1.038311813E2,-1.622188836E-1,-1.125549227E-1,-1.315068007E0
1.038412073E2,-2.757699490E-1,2.482691407E-1,-1.532384992E0
1.038512343E2,-2.611933947E-1,5.836061239E-1,-1.661321640E0
1.038612613E2,-1.102759093E-1,9.383701086E-1,-1.728368163E0
1.038712873E2,1.398705542E-1,1.289555311E0,-1.746251822E0
1.038813143E2,4.400010705E-1,1.586560726E0,-1.739073873E0
1.038913403E2,7.498734593E-1,1.808671117E0,-1.804300189E0
1.039013673E2,1.029748082E0,1.976822853E0,-2.008608341E0
1.039113943E2,1.312227726E0,1.991275549E0,-2.232980967E0
1.039214203E2,1.658919811E0,1.811405778E0,-2.431036234E0
1.039314473E2,2.099241972E0,1.434827924E0,-2.517477274E0
1.039414733E2,2.658965588E0,1.046690702E0,-2.475461721E0
1.039515003E2,3.311863422E0,8.507552147E-1,-2.498120070E0
1.039615263E2,3.825136423E0,7.790810466E-1,-2.623270988E0
1.039715533E2,4.042637348E0,7.724155784E-1,-2.801749945E0
1.039815803E2,3.883905411E0,8.145275116E-1,-2.905650139E0
1.039916063E2,3.422910690E0,8.738579750E-1,-2.865673780E0
1.040016333E2,2.776290178E0,9.997240901E-1,-2.696402311E0
1.040116593E2,2.082491636E0,1.285523295E0,-2.489546537E0
1.040216863E2,1.464350820E0,1.705016851E0,-2.331699848E0
1.040317123E2,9.817996025E-1,2.108536482E0,-2.156939983E0
1.040417393E2,6.585713625E-1,2.390675545E0,-1.886118412E0
1.040517663E2,5.360222459E-1,2.481095552E0,-1.540549517E0
1.040617923E2,6.177798510E-1,2.403046131E0,-1.160699725E0
1.040718193E2,8.817372322E-1,2.233478785E0,-8.031418324E-1
1.040818453E2,1.278980374E0,2.071567774E0,-5.221291184E-1
1.040918723E2,1.718938947E0,1.903574944E0,-3.129798770E-1
1.041018993E2,2.119200468E0,1.714820981E0,-1.682557315E-1
1.041119253E2,2.396375895E0,1.513067365E0,-7.655510306E-2
1.041219523E2,2.503669977E0,1.318904757E0,-3.675680980E-2
1.041319783E2,2.445749044E0,1.150304794E0,-3.524679691E-2
1.041420053E2,2.231490612E0,1.053911448E0,-7.034053653E-2
1.041520313E2,1.849739432E0,9.612609148E-1,-1.197789237E-1
1.041620583E2,1.343559384E0,8.350251317E-1,-1.286430061E-1
1.041720853E2,7.742860913E-1,6.841738224E-1,-4.142208770E-2
1.041821113E2,1.788577437E-1,4.863577783E-1,1.804777384E-1
1.041921383E2,-3.775639534E-1,2.717975378E-1,5.445569158E-1
1.042021643E2,-8.465553522E-1,4.579639807E-2,1.040515900E0
1.042121913E2,-1.201108217E0,-1.375012547E-1,1.524779439E0
1.042222183E2,-1.500434160E0,-2.152319103E-1,1.918554544E0
1.042322443E2,-1.794542193E0,-2.574757934E-1,2.235226631E0
1.042422713E2,-2.104696751E0,-3.767366409E-1,2.460296392E0
1.042522973E2,-2.448736429E0,-6.917872429E-1,2.734507322E0
1.042623243E2,-2.830951929E0,-1.233053207E0,3.146499872E0
1.042723503E2,-3.151661396E0,-1.806058168E0,3.524795532E0
1.042823773E2,-3.297735214E0,-2.115121126E0,3.652644396E0
1.042924043E2,-3.296413183E0,-2.030459166E0,3.498116016E0
1.043024303E2,-3.259252548E0,-1.727756500E0,3.119134665E0
1.043124573E2,-3.243051529E0,-1.430181980E0,2.612126827E0
1.043224833E2,-3.209919453E0,-1.334941626E0,2.108685017E0
1.043325103E2,-3.066950798E0,-1.453956366E0,1.703449845E0
1.043425363E2,-2.829399586E0,-1.659143090E0,1.482553482E0
1.043525633E2,-2.619339466E0,-1.767318130E0,1.412465930E0
1.043625903E2,-2.553745508E0,-1.740627408E0,1.393637419E0
1.043726163E2,-2.659384727E0,-1.617494822E0,1.386477470E0
1.043826433E2,-2.867496014E0,-1.452679634E0,1.388313174E0
1.043926693E2,-3.060098171E0,-1.286858439E0,1.402555227E0
1.044026963E2,-3.139007807E0,-1.147813559E0,1.413077474E0
1.044127233E2,-3.061751366E0,-1.049657345E0,1.369045019E0
1.044227493E2,-2.838894367E0,-1.000930309E0,1.271208405E0
1.044327763E2,-2.487957954E0,-1.011097670E0,1.136111021E0
1.044428023E2,-2.046678782E0,-1.082433581E0,9.622280002E-1
1.044528293E2,-1.555130243E0,-1.163823009E0,7.594826221E-1
1.044628553E2,-1.064711213E0,-1.163985014E0,5.554471612E-1
1.044728823E2,-6.184113026E-1,-1.049204350E0,3.378418386E-1
1.044829093E2,-2.474121749E-1,-8.826628923E-1,8.885850012E-2
1.044929353E2,2.972462401E-2,-7.290935516E-1,-1.952110231E-1
1.045029623E2,2.184753269E-1,-5.801026225E-1,-4.924835861E-1
1.045129883E2,3.366994262E-1,-4.174649417E-1,-7.794000506E-1
1.045230153E2,3.971183002E-1,-2.133219540E-1,-1.055076838E0
1.045330413E2,4.228199422E-1,3.767512739E-2,-1.347859740E0
1.045430683E2,4.311840236E-1,3.203803003E-1,-1.613649011E0
1.045530953E2,4.629765749E-1,5.837706327E-1,-1.771483421E0
1.045631213E2,5.615109801E-1,8.526477814E-1,-1.782977104E0
1.045731483E2,7.450445890E-1,1.143969893E0,-1.747790337E0
1.045831743E2,1.022723913E0,1.432281733E0,-1.675466895E0
1.045932018E2,1.385965705E0,1.646035910E0,-1.728099227E0
1.046032278E2,1.761139512E0,1.729190111E0,-2.024287462E0
1.046132548E2,2.108906984E0,1.626116157E0,-2.406784773E0
1.046232818E2,2.416907549E0,1.311573029E0,-2.630867720E0
1.046333078E2,2.758992910E0,9.845456481E-1,-2.686573982E0
1.046433348E2,3.159349680E0,8.772569895E-1,-2.694078922E0
1.046533608E2,3.434664488E0,9.413323402E-1,-2.712580204E0
1.046633878E2,3.436561108E0,1.081749082E0,-2.731528282E0
1.046734138E2,3.137669086E0,1.306013346E0,-2.632812023E0
1.046834408E2,2.634845734E0,1.574238300E0,-2.353897095E0
1.046934678E2,2.033878088E0,1.817681551E0,-1.963346601E0
1.047034938E2,1.511215687E0,2.036594391E0,-1.650356770E0
1.047135208E2,1.211825252E0,2.255799294E0,-1.489647985E0
1.047235468E2,1.156910777E0,2.420256376E0,-1.409658909E0
1.047335738E2,1.304852247E0,2.512530804E0,-1.313002706E0
1.047436008E2,1.625462055E0,2.468256235E0,-1.128574252E0
1.047536268E2,2.032911777E0,2.314846277E0,-8.273613453E-1
1.047636538E2,2.417092562E0,2.139482260E0,-4.738531411E-1
1.047736798E2,2.712449312E0,1.997831345E0,-1.598355621E-1
1.047837068E2,2.893599987E0,1.886382699E0,5.231286213E-2
1.047937328E2,2.957204580E0,1.812508106E0,1.437959075E-1
1.048037598E2,2.912911654E0,1.776227593E0,1.110952646E-1
1.048137868E2,2.777113438E0,1.747976184E0,-2.916863561E-2
1.048238128E2,2.569450855E0,1.696217775E0,-2.534054518E-1
1.048338398E2,2.295716524E0,1.612167835E0,-5.009947419E-1
1.048438658E2,1.937658429E0,1.459997654E0,-7.282856703E-1
1.048538928E2,1.510945797E0,1.211996675E0,-8.862329721E-1
1.048639188E2,1.025303483E0,8.845008016E-1,-9.502760768E-1
1.048739458E2,4.937748313E-1,5.144662857E-1,-9.078963995E-1
1.048839728E2,-4.927288741E-2,1.516604275E-1,-6.794175506E-1
1.048939988E2,-5.423068404E-1,-2.036942095E-1,-2.473135293E-1
1.049040258E2,-9.594280124E-1,-5.229556561E-1,3.096249402E-1
1.049140518E2,-1.307790756E0,-7.693385482E-1,8.758302927E-1
1.049240788E2,-1.603309274E0,-9.138074517E-1,1.360645413E0
1.049341058E2,-1.888978839E0,-1.016208053E0,1.709452629E0
1.049441318E2,-2.205902815E0,-1.046567082E0,1.958520293E0
1.049541588E2,-2.548584700E0,-1.160061359E0,2.478224754E0
1.049641848E2,-2.806425571E0,-1.403584242E0,3.318666458E0
1.049742118E2,-2.813375235E0,-1.600176454E0,4.085129261E0
1.049842378E2,-2.572063923E0,-1.597897768E0,4.394457817E0
1.049942648E2,-2.212564945E0,-1.578997612E0,4.130269527E0
1.050042918E2,-1.909246445E0,-1.551165462E0,3.437372684E0
1.050143178E2,-1.834501982E0,-1.612712979E0,2.654069662E0
1.050243448E2,-1.968126178E0,-1.717386603E0,2.068884850E0
1.050343708E2,-2.160422564E0,-1.772955537E0,1.769135833E0
1.050443978E2,-2.354130507E0,-1.677966475E0,1.620929956E0
1.050544238E2,-2.618020773E0,-1.429018974E0,1.514599800E0
1.050644508E2,-2.983145714E0,-1.137928724E0,1.423339963E0
1.050744778E2,-3.392526627E0,-9.056722522E-1,1.344531655E0
1.050845038E2,-3.759404898E0,-7.697665691E-1,1.308042407E0
1.050945308E2,-4.012594700E0,-7.029824853E-1,1.307006121E0
1.051045568E2,-4.087956429E0,-6.912824512E-1,1.303615093E0
1.051145838E2,-3.957452297E0,-7.071889639E-1,1.261629343E0
1.051246098E2,-3.607082844E0,-7.377154231E-1,1.179519176E0
1.051346368E2,-3.080366611E0,-7.859431505E-1,1.069738030E0
1.051446638E2,-2.417987585E0,-8.672745228E-1,9.511231184E-1
1.051546898E2,-1.659979582E0,-9.456859231E-1,8.338505626E-1
1.051647168E2,-8.808433414E-1,-9.787096977E-1,6.746251583E-1
1.051747428E2,-1.992826313E-1,-9.735005498E-1,4.182090759E-1
1.051847698E2,2.579689622E-1,-9.134498835E-1,9.283292294E-2
1.051947958E2,4.692700207E-1,-8.264552951E-1,-2.505888641E-1
1.052048228E2,4.813108444E-1,-7.055917382E-1,-6.170368791E-1
1.052148498E2,3.533494174E-1,-5.248326063E-1,-9.993720055E-1
1.052248758E2,1.505475640E-1,-2.455650866E-1,-1.366216898E0
1.052349028E2,-4.786406830E-2,7.539722323E-2,-1.671245575E0
1.052449288E2,-1.830126941E-1,3.815822899E-1,-1.859634876E0
1.052549558E2,-2.037131786E-1,6.827095747E-1,-1.958332658E0
1.052649818E2,-9.960541874E-2,9.908045530E-1,-2.007502317E0
1.052750088E2,8.644727618E-2,1.338190436E0,-2.076449633E0
1.052850358E2,3.264124990E-1,1.665228724E0,-2.144182682E0
1.052950618E2,5.975084305E-1,1.866647363E0,-2.211119175E0
1.053050888E2,9.315592647E-1,1.907370448E0,-2.284775496E0
1.053151148E2,1.366636634E0,1.740806580E0,-2.342746735E0
1.053251418E2,1.895005941E0,1.408382773E0,-2.450331926E0
1.053351678E2,2.444473028E0,1.072717667E0,-2.622160196E0
1.053451948E2,2.945376635E0,9.171137810E-1,-2.866669178E0
1.053552218E2,3.295161724E0,9.298412800E-1,-3.087121487E0
1.053652478E2,3.439772129E0,1.028062224E0,-3.186902046E0
1.053752748E2,3.391920805E0,1.173434615E0,-3.109797955E0
1.053853008E2,3.203522444E0,1.338790417E0,-2.886362553E0
1.053953278E2,2.899655581E0,1.500581741E0,-2.623993635E0
1.054053538E2,2.499744177E0,1.668834567E0,-2.421488285E0
1.054153808E2,2.050867558E0,1.879882097E0,-2.318456411E0
1.054254078E2,1.651760578E0,2.093042612E0,-2.277945280E0
1.054354338E2,1.380244493E0,2.259121656E0,-2.185152292E0
1.054454608E2,1.243739247E0,2.358356476E0,-1.980218649E0
1.054554868E2,1.254645228E0,2.381856441E0,-1.688983679E0
1.054655138E2,1.401279569E0,2.339410067E0,-1.348076940E0
1.054755398E2,1.640971780E0,2.260339737E0,-1.038612843E0
1.054855668E2,1.911083460E0,2.171725988E0,-7.853334546E-1
1.054955938E2,2.142912149E0,2.096795321E0,-5.860350132E-1
1.055056198E2,2.281880617E0,2.046619654E0,-4.426957071E-1
1.055156468E2,2.307693481E0,1.984131694E0,-3.428846896E-1
1.055256728E2,2.228641033E0,1.885578632E0,-2.575109899E-1
1.055356998E2,2.067174196E0,1.761783957E0,-1.892608255E-1
1.055457258E2,1.845233083E0,1.633994460E0,-1.827876568E-1
1.055557528E2,1.563967347E0,1.486113310E0,-2.303274870E-1
1.055657798E2,1.179504752E0,1.278289199E0,-2.577432096E-1
1.055758058E2,7.152536511E-1,9.922025204E-1,-1.576994509E-1
1.055858328E2,2.198062688E-1,6.232827902E-1,1.315649003E-1
1.055958580E2,-2.647915781E-1,2.078264803E-1,5.829145312E-1
1.056058850E2,-7.149385214E-1,-1.599381715E-1,1.114312053E0
1.056159110E2,-1.111802459E0,-3.853491843E-1,1.580957770E0
1.056259380E2,-1.447502971E0,-5.121196508E-1,1.915947080E0
1.056359650E2,-1.744908571E0,-5.894112587E-1,2.148663759E0
1.056459910E2,-2.035763979E0,-6.854995489E-1,2.420772791E0
1.056560180E2,-2.343788862E0,-1.009519696E0,2.980223179E0
1.056660440E2,-2.598489046E0,-1.495516300E0,3.764687777E0
1.056760710E2,-2.678747177E0,-1.850294113E0,4.369814396E0
1.056860970E2,-2.619834900E0,-1.917649150E0,4.497274876E0
1.056961240E2,-2.502375126E0,-1.791134953E0,4.094753265E0
1.057061510E2,-2.442142010E0,-1.632275224E0,3.391912699E0
1.057161770E2,-2.518323183E0,-1.635086417E0,2.640471220E0
1.057262040E2,-2.650789738E0,-1.681314826E0,2.022137403E0
1.057362300E2,-2.730879784E0,-1.653200626E0,1.665299177E0
1.057462570E2,-2.727927923E0,-1.587207794E0,1.500544071E0
1.057562830E2,-2.742822409E0,-1.511901021E0,1.408151269E0
1.057663100E2,-2.871108294E0,-1.418428659E0,1.350366235E0
1.057763370E2,-3.103939533E0,-1.332387447E0,1.332192302E0
1.057863630E2,-3.354151964E0,-1.254203677E0,1.375422835E0
1.057963900E2,-3.498467207E0,-1.196758270E0,1.453158617E0
1.058064160E2,-3.463279963E0,-1.140570521E0,1.518648744E0
1.058164430E2,-3.244671583E0,-1.076420784E0,1.554430127E0
1.058264690E2,-2.876841307E0,-1.042818904E0,1.548495173E0
1.058364960E2,-2.400241375E0,-1.028907895E0,1.504661679E0
1.058465220E2,-1.845220447E0,-1.035243750E0,1.451623082E0
1.058565490E2,-1.272166252E0,-1.027037501E0,1.375855327E0
1.058665760E2,-6.887572408E-1,-9.481620789E-1,1.277652621E0
1.058766020E2,-1.349779069E-1,-8.050163984E-1,1.110178113E0
1.058866290E2,3.338375092E-1,-6.323171258E-1,8.181044459E-1
1.058966550E2,6.722016931E-1,-4.390014708E-1,3.702619374E-1
1.059066820E2,8.477243781E-1,-2.512193322E-1,-1.493977606E-1
1.059167080E2,8.337846398E-1,-1.254550070E-1,-6.718865633E-1
1.059267350E2,6.940122247E-1,-9.868830442E-3,-1.115871906E0
1.059367620E2,5.357786417E-1,1.631024182E-1,-1.457696676E0
1.059467880E2,4.284176826E-1,3.458046317E-1,-1.650673270E0
1.059568150E2,4.339245558E-1,5.529540181E-1,-1.683353782E0
1.059668410E2,6.019476652E-1,7.845921516E-1,-1.649115920E0
1.059768680E2,9.009652734E-1,1.004281878E0,-1.617496133E0
1.059868940E2,1.263587475E0,1.195515037E0,-1.622056842E0
1.059969210E2,1.633693099E0,1.299195170E0,-1.684086680E0
1.060069480E2,2.007291555E0,1.276593804E0,-1.842207789E0
1.060169740E2,2.405598164E0,1.072447062E0,-2.016178131E0
1.060270010E2,2.822257280E0,7.288813591E-1,-2.197240114E0
1.060370270E2,3.238011122E0,4.468421936E-1,-2.426937103E0
1.060470540E2,3.573945522E0,3.526078761E-1,-2.686681747E0
1.060570800E2,3.706383705E0,3.576564491E-1,-2.888496161E0
1.060671070E2,3.538488626E0,4.388758838E-1,-2.947084188E0
1.060771330E2,3.066671848E0,5.868259668E-1,-2.767294407E0
1.060871600E2,2.369496107E0,8.040034771E-1,-2.410254478E0
1.060971870E2,1.598382473E0,1.143776298E0,-2.040179968E0
1.061072130E2,9.046889544E-1,1.593848705E0,-1.836060286E0
1.061172400E2,4.093897939E-1,2.033077240E0,-1.781581640E0
1.061272660E2,1.611219198E-1,2.375313759E0,-1.774094582E0
1.061372930E2,1.614598781E-1,2.563760519E0,-1.683062077E0
1.061473190E2,4.106609225E-1,2.542781830E0,-1.499216437E0
1.061573460E2,8.406929970E-1,2.337226152E0,-1.260380387E0
1.061673730E2,1.383515716E0,2.050293922E0,-9.903421998E-1
1.061773990E2,1.924318790E0,1.815620303E0,-7.097821832E-1
1.061874260E2,2.351996183E0,1.683400869E0,-4.725065827E-1
1.061974520E2,2.610110044E0,1.602457285E0,-3.342067897E-1
1.062074790E2,2.698708534E0,1.560344815E0,-2.825911939E-1
1.062175050E2,2.657231569E0,1.536064982E0,-2.941245437E-1
1.062275320E2,2.537392139E0,1.521721005E0,-3.586960733E-1
1.062375580E2,2.371387959E0,1.480869174E0,-4.844076633E-1
1.062475850E2,2.121949196E0,1.389132261E0,-6.660533547E-1
1.062576120E2,1.715604186E0,1.248333573E0,-8.541612029E-1
1.062676380E2,1.143661499E0,9.748718739E-1,-9.643673301E-1
1.062776650E2,4.870333374E-1,6.279224753E-1,-9.101773500E-1
1.062876910E2,-1.778940856E-1,2.625400424E-1,-6.369865537E-1
1.062977180E2,-7.421268225E-1,-8.790823817E-2,-1.407105178E-1
1.063077440E2,-1.170362711E0,-3.858276010E-1,4.645147324E-1
1.063177710E2,-1.455028176E0,-5.546693206E-1,1.032871604E0
1.063277970E2,-1.658097625E0,-5.800609589E-1,1.485877872E0
1.063378240E2,-1.865404725E0,-6.008837223E-1,1.832975388E0
1.063478510E2,-2.068453312E0,-7.247101068E-1,2.129062891E0
1.063578770E2,-2.291464329E0,-1.040286660E0,2.591525555E0
1.063679040E2,-2.527669668E0,-1.552069545E0,3.296413422E0
1.063779300E2,-2.597369432E0,-1.965128183E0,3.901631594E0
1.063879570E2,-2.467130423E0,-2.038418531E0,4.079121590E0
1.063979830E2,-2.296185255E0,-1.927963018E0,3.749315500E0
1.064080100E2,-2.256791830E0,-1.737025380E0,3.113249302E0
1.064180370E2,-2.428823948E0,-1.647965550E0,2.455330610E0
1.064280630E2,-2.675512791E0,-1.638049245E0,1.998880863E0
1.064380900E2,-2.820779800E0,-1.618077636E0,1.777680278E0
1.064481160E2,-2.866564512E0,-1.544417143E0,1.658646822E0
1.064581430E2,-2.917621374E0,-1.397521973E0,1.540040851E0
1.064681690E2,-3.054323912E0,-1.258874416E0,1.408200264E0
1.064781960E2,-3.265799522E0,-1.170949697E0,1.313969374E0
1.064882230E2,-3.493963718E0,-1.093852520E0,1.297490239E0
1.064982490E2,-3.657716036E0,-1.026940227E0,1.325682759E0
1.065082760E2,-3.685595274E0,-9.743126035E-1,1.355711222E0
1.065183020E2,-3.546844482E0,-9.583709240E-1,1.351110578E0
1.065283290E2,-3.244251966E0,-9.829883575E-1,1.288114309E0
1.065383550E2,-2.794754267E0,-1.028467298E0,1.191078544E0
1.065483820E2,-2.214094877E0,-1.051934123E0,1.090942264E0
1.065584080E2,-1.548551917E0,-1.011406898E0,9.931133389E-1
1.065684350E2,-8.766033053E-1,-9.137842059E-1,8.524608612E-1
1.065784620E2,-3.086186647E-1,-8.131968975E-1,6.369495988E-1
1.065884880E2,9.350441396E-2,-7.108771801E-1,3.384430707E-1
1.065985151E2,2.967091799E-1,-6.147407889E-1,-3.488976136E-2
1.066085411E2,3.266344666E-1,-5.129265189E-1,-4.631713927E-1
1.066185681E2,2.149875611E-1,-3.886447847E-1,-9.028720260E-1
1.066285941E2,3.173212707E-2,-2.086884230E-1,-1.317345142E0
1.066386211E2,-1.381194890E-1,2.595044859E-2,-1.665207982E0
1.066486471E2,-2.525110543E-1,2.697578371E-1,-1.914702773E0
1.066586741E2,-2.724714577E-1,4.783973098E-1,-2.041700840E0
1.066687011E2,-1.726026386E-1,6.915389299E-1,-2.060796022E0
1.066787271E2,4.686766118E-2,9.289032817E-1,-1.967404127E0
1.066887541E2,3.988294303E-1,1.161790609E0,-1.769401550E0
1.066987801E2,8.551303744E-1,1.415313125E0,-1.620677590E0
1.067088071E2,1.337862730E0,1.636441946E0,-1.640280008E0
1.067188331E2,1.804179072E0,1.665835023E0,-1.805429339E0
1.067288601E2,2.239078522E0,1.415363073E0,-2.040246487E0
1.067388861E2,2.608404398E0,1.055624366E0,-2.369955778E0
1.067489131E2,2.931895494E0,8.115433455E-1,-2.770320177E0
1.067589401E2,3.245481253E0,7.716558576E-1,-3.064565659E0
1.067689661E2,3.526629686E0,8.415903449E-1,-3.154596090E0
1.067789931E2,3.666596413E0,9.658893943E-1,-3.047178745E0
1.067890191E2,3.596686363E0,1.162102222E0,-2.801350355E0
1.067990461E2,3.266604185E0,1.379394054E0,-2.545794487E0
1.068090721E2,2.710136175E0,1.583638430E0,-2.365963936E0
1.068190991E2,2.063948393E0,1.859886765E0,-2.297421455E0
1.068291251E2,1.495001078E0,2.212246895E0,-2.285649061E0
1.068391521E2,1.123437047E0,2.577096701E0,-2.222472429E0
1.068491791E2,9.697209001E-1,2.870997429E0,-2.049013615E0
1.068592051E2,1.027333260E0,3.027813673E0,-1.783960104E0
1.068692321E2,1.268454194E0,3.062299967E0,-1.460167766E0
1.068792581E2,1.634310961E0,2.962096214E0,-1.124174833E0
1.068892851E2,2.058410883E0,2.737408400E0,-8.305170536E-1
1.068993111E2,2.454454899E0,2.449965954E0,-6.079583168E-1
1.069093381E2,2.714400768E0,2.225288868E0,-4.554002285E-1
1.069193641E2,2.784632921E0,1.941340089E0,-3.743495941E-1
1.069293911E2,2.739132643E0,1.747205019E0,-3.202900290E-1
1.069394181E2,2.559831619E0,1.593180299E0,-3.018500507E-1
1.069494441E2,2.228037119E0,1.413518548E0,-2.960579693E-1
1.069594711E2,1.760089397E0,1.243888497E0,-2.486696839E-1
1.069694971E2,1.184246540E0,1.018036485E0,-1.379586011E-1
1.069795241E2,5.918143392E-1,7.198621035E-1,4.358243570E-2
1.069895501E2,3.430274129E-2,3.790301085E-1,3.658579290E-1
1.069995771E2,-4.720853567E-1,-3.319419548E-2,7.954037189E-1
1.070096041E2,-9.095448256E-1,-5.013577938E-1,1.277363658E0
1.070196301E2,-1.240019321E0,-9.296180606E-1,1.740090013E0
1.070296571E2,-1.506574154E0,-1.186170101E0,2.124005795E0
1.070396831E2,-1.757096410E0,-1.256171107E0,2.389212847E0
1.070497101E2,-2.026321888E0,-1.266132712E0,2.694972992E0
1.070597361E2,-2.311440468E0,-1.436503649E0,3.125930786E0
1.070697631E2,-2.574620724E0,-1.832140684E0,3.681697369E0
1.070797891E2,-2.706326246E0,-2.251249552E0,4.083869457E0
1.070898161E2,-2.697014809E0,-2.516679764E0,4.099925518E0
1.070998421E2,-2.567334414E0,-2.550221205E0,3.717552185E0
1.071098691E2,-2.391105890E0,-2.368550301E0,3.133576870E0
1.071198961E2,-2.281392574E0,-2.167957544E0,2.578039646E0
1.071299221E2,-2.236584663E0,-2.080891132E0,2.159653425E0
1.071399491E2,-2.190803528E0,-2.028121233E0,1.874994993E0
1.071499751E2,-2.093119860E0,-1.961210251E0,1.676926613E0
1.071600021E2,-2.000700235E0,-1.807842374E0,1.531768680E0
1.071700281E2,-2.015061855E0,-1.605331182E0,1.440137982E0
1.071800551E2,-2.179720402E0,-1.408919573E0,1.422737122E0
1.071900811E2,-2.473048925E0,-1.236504912E0,1.474903941E0
1.072001081E2,-2.798188210E0,-1.062770486E0,1.574576735E0
1.072101351E2,-3.023099184E0,-8.994035125E-1,1.670995951E0
1.072201611E2,-3.081409454E0,-7.718466520E-1,1.698772192E0
1.072301881E2,-2.960770369E0,-6.843585372E-1,1.655938625E0
1.072402141E2,-2.703748465E0,-6.413567662E-1,1.551523566E0
1.072502411E2,-2.359760284E0,-6.171993017E-1,1.414352894E0
1.072602671E2,-1.968129992E0,-5.736063123E-1,1.307936430E0
1.072702941E2,-1.545526266E0,-5.015543699E-1,1.158622861E0
1.072803201E2,-1.105355620E0,-3.952750862E-1,9.463747740E-1
1.072903471E2,-6.907480359E-1,-2.887685895E-1,6.375659108E-1
1.073003741E2,-3.730079234E-1,-2.121241689E-1,2.591890097E-1
1.073104001E2,-1.637990177E-1,-1.571626812E-1,-1.571836770E-1
1.073204271E2,-5.146662146E-2,-8.404773474E-2,-5.885835290E-1
1.073304531E2,-1.341177337E-2,1.702804863E-2,-9.898260236E-1
1.073404801E2,-2.728151530E-2,1.191389710E-1,-1.328953743E0
1.073505061E2,-6.333180517E-2,2.466858476E-1,-1.584856391E0
1.073605331E2,-5.158673599E-2,4.276188910E-1,-1.707366109E0
1.073705591E2,7.674326748E-2,6.744711399E-1,-1.725827456E0
1.073805861E2,3.193335235E-1,9.675687551E-1,-1.699294329E0
1.073906131E2,6.492800713E-1,1.254293442E0,-1.675905704E0
1.074006391E2,1.043658257E0,1.502858162E0,-1.760011435E0
1.074106661E2,1.423979759E0,1.658692718E0,-2.013486862E0
1.074206921E2,1.770511627E0,1.603552222E0,-2.330073833E0
1.074307191E2,2.100796938E0,1.268057942E0,-2.589741707E0
1.074407451E2,2.450381279E0,8.161137104E-1,-2.769294739E0
1.074507721E2,2.859992743E0,5.270509720E-1,-2.877939224E0
1.074607981E2,3.225756407E0,5.475341082E-1,-2.956949234E0
1.074708251E2,3.364032507E0,8.389648795E-1,-2.960988045E0
1.074808511E2,3.159132481E0,1.181607246E0,-2.833025694E0
1.074908781E2,2.646110773E0,1.468328476E0,-2.580109119E0
1.075009051E2,1.993980646E0,1.714849353E0,-2.240660191E0
1.075109311E2,1.402555943E0,1.949891925E0,-1.924960136E0
1.075209581E2,1.025351644E0,2.232629299E0,-1.749165058E0
1.075309841E2,8.565492034E-1,2.527497530E0,-1.674778104E0
1.075410111E2,8.888407946E-1,2.757766008E0,-1.586131334E0
1.075510371E2,1.103233457E0,2.797565460E0,-1.438067794E0
1.075610641E2,1.468213916E0,2.619443178E0,-1.220063806E0
1.075710901E2,1.914928198E0,2.311523676E0,-9.563783407E-1
1.075811171E2,2.347689152E0,1.996682644E0,-6.672000885E-1
1.075911441E2,2.681391716E0,1.779876232E0,-4.093075395E-1
1.076011710E2,2.856663942E0,1.635682821E0,-2.625918686E-1
1.076111980E2,2.865228415E0,1.540886760E0,-2.568474412E-1
1.076212240E2,2.742221832E0,1.472082734E0,-3.553415239E-1
1.076312510E2,2.512809515E0,1.442457080E0,-4.934583604E-1
1.076412770E2,2.200217485E0,1.355052114E0,-6.277229786E-1
1.076513040E2,1.886236310E0,1.258967757E0,-7.063235044E-1
1.076613300E2,1.573206782E0,1.138157964E0,-7.398010492E-1
1.076713570E2,1.219670296E0,9.586086273E-1,-7.432364225E-1
1.076813840E2,8.160357475E-1,7.161403298E-1,-6.820146441E-1
1.076914100E2,3.746459484E-1,4.100596011E-1,-4.827135801E-1
1.077014370E2,-4.544934258E-2,5.782992020E-2,-1.377806962E-1
1.077114630E2,-4.241608381E-1,-2.917848825E-1,3.502917588E-1
1.077214900E2,-7.788693905E-1,-6.087527275E-1,8.815301061E-1
1.077315160E2,-1.118555546E0,-8.515921235E-1,1.355140805E0
1.077415430E2,-1.476623178E0,-1.023089051E0,1.707218528E0
1.077515690E2,-1.854984283E0,-1.156728506E0,1.931844115E0
1.077615960E2,-2.245714188E0,-1.365563154E0,2.246375799E0
1.077716230E2,-2.565958738E0,-1.687396407E0,2.878715754E0
1.077816490E2,-2.677294016E0,-2.027246237E0,3.681639910E0
1.077916760E2,-2.531986237E0,-2.115546942E0,4.253555775E0
1.078017020E2,-2.228536367E0,-1.916226029E0,4.369812489E0
1.078117290E2,-1.918084860E0,-1.745089650E0,4.012786388E0
1.078217550E2,-1.740498066E0,-1.737782955E0,3.329448223E0
1.078317820E2,-1.776131153E0,-1.899809957E0,2.575182438E0
1.078418080E2,-1.951060891E0,-2.069418430E0,1.975740314E0
1.078518350E2,-2.147295952E0,-2.082133293E0,1.641804218E0
1.078618610E2,-2.381341934E0,-1.902263284E0,1.493766785E0
1.078718880E2,-2.730330229E0,-1.591967940E0,1.428222537E0
1.078819150E2,-3.187599659E0,-1.256519437E0,1.360304236E0
1.078919410E2,-3.677676678E0,-9.809489846E-1,1.291262269E0
1.079019680E2,-4.061954021E0,-8.127828836E-1,1.246906757E0
1.079119940E2,-4.259359360E0,-7.426203489E-1,1.248027563E0
1.079220210E2,-4.220571041E0,-7.386698127E-1,1.245456338E0
1.079320470E2,-3.946280956E0,-7.968796492E-1,1.225756526E0
1.079420740E2,-3.462825060E0,-8.756141067E-1,1.182276130E0
1.079521000E2,-2.825848341E0,-9.635035396E-1,1.130376935E0
1.079621270E2,-2.086854696E0,-1.021744728E0,1.087871671E0
1.079721530E2,-1.304315686E0,-1.005037427E0,1.040186048E0
1.079821800E2,-5.782551765E-1,-9.279692173E-1,9.347730875E-1
1.079922070E2,-2.043746598E-2,-8.051855564E-1,7.671803832E-1
1.080022330E2,3.308364153E-1,-6.547880173E-1,5.503702760E-1
1.080122600E2,4.964886308E-1,-4.872537851E-1,3.027631342E-1
1.080222860E2,4.994735122E-1,-3.354932964E-1,2.894407138E-3
1.080323130E2,3.792333901E-1,-1.668771952E-1,-3.629413247E-1
1.080423390E2,2.003890574E-1,2.747310884E-2,-7.033282518E-1
1.080523660E2,6.819866598E-2,2.250837386E-1,-9.457304478E-1
1.080623920E2,7.670000941E-2,4.520345926E-1,-1.117629766E0
1.080724190E2,2.181077451E-1,7.138407230E-1,-1.255328774E0
1.080824450E2,4.589712024E-1,9.929922223E-1,-1.370404720E0
1.080924720E2,7.593793869E-1,1.231999993E0,-1.460477710E0
1.081024990E2,1.088264346E0,1.358304739E0,-1.586263061E0
1.081125250E2,1.386592984E0,1.426677704E0,-1.787992120E0
1.081225520E2,1.667731166E0,1.373714328E0,-1.976650238E0
1.081325780E2,2.030813932E0,1.212506771E0,-2.135603428E0
1.081426050E2,2.456219435E0,9.793379307E-1,-2.339314461E0
1.081526310E2,2.916764498E0,8.010997772E-1,-2.569002390E0
1.081626580E2,3.404567003E0,7.706604004E-1,-2.771455526E0
1.081726840E2,3.803386450E0,8.295645118E-1,-2.896313667E0
1.081827110E2,3.982093096E0,9.463755488E-1,-2.933750153E0
1.081927380E2,3.852627993E0,1.046783686E0,-2.839289188E0
1.082027640E2,3.448532581E0,1.145441055E0,-2.665992737E0
1.082127910E2,2.802982807E0,1.284630060E0,-2.516421795E0
1.082228170E2,2.019828081E0,1.545945525E0,-2.480429411E0
1.082328440E2,1.311381578E0,1.923586965E0,-2.540293694E0
1.082428700E2,8.465430140E-1,2.267853737E0,-2.556288719E0
1.082528970E2,6.134281158E-1,2.486305714E0,-2.431810617E0
1.082629230E2,5.987796783E-1,2.527047873E0,-2.159886122E0
1.082729500E2,7.681753039E-1,2.410778046E0,-1.809322953E0
1.082829760E2,1.088751316E0,2.195441723E0,-1.450875878E0
1.082930030E2,1.482296348E0,1.985033870E0,-1.160402536E0
1.083030290E2,1.868812561E0,1.880643606E0,-9.787243605E-1
1.083130560E2,2.169697523E0,1.817071795E0,-8.894559741E-1
1.083230830E2,2.343557119E0,1.733683944E0,-8.632576466E-1
1.083331090E2,2.367737532E0,1.612411857E0,-8.822308779E-1
1.083431360E2,2.251028538E0,1.459846020E0,-9.029731750E-1
1.083531620E2,2.002697706E0,1.310579538E0,-8.911697865E-1
1.083631890E2,1.632978320E0,1.148579717E0,-8.366892338E-1
1.083732150E2,1.179023266E0,9.233706594E-1,-7.259147167E-1
1.083832420E2,7.000519037E-1,6.864720583E-1,-5.123537183E-1
1.083932680E2,2.237400562E-1,4.106393158E-1,-1.359486878E-1
1.084032950E2,-2.058829516E-1,1.012952998E-1,3.992196321E-1
1.084133220E2,-5.665475130E-1,-1.758131832E-1,1.018346906E0
1.084233480E2,-8.469363451E-1,-3.981586397E-1,1.602423072E0
1.084333750E2,-1.096915603E0,-5.429339409E-1,2.047288179E0
1.084434010E2,-1.381306291E0,-6.079412103E-1,2.231034994E0
1.084534280E2,-1.726985693E0,-6.402895451E-1,2.350746870E0
1.084634540E2,-2.031021118E0,-8.577981591E-1,2.705695629E0
1.084734810E2,-2.254138231E0,-1.330405951E0,3.515443563E0
1.084835070E2,-2.334764481E0,-1.728169918E0,4.526235104E0
1.084935340E2,-2.222793579E0,-1.751412392E0,5.183125973E0
1.085035600E2,-2.040272236E0,-1.554333925E0,5.058290005E0
1.085135870E2,-1.935745001E0,-1.329308987E0,4.244723797E0
1.085236140E2,-2.050245762E0,-1.260869503E0,3.200251341E0
1.085336400E2,-2.348685741E0,-1.425650001E0,2.324133396E0
1.085436670E2,-2.630311728E0,-1.544552207E0,1.792378426E0
1.085536930E2,-2.775623083E0,-1.524444818E0,1.573892117E0
1.085637200E2,-2.859379768E0,-1.370299101E0,1.496013045E0
1.085737460E2,-2.980372429E0,-1.184468150E0,1.459183216E0
1.085837730E2,-3.142453909E0,-1.039334655E0,1.435659289E0
1.085937990E2,-3.310422897E0,-9.105695486E-1,1.432066441E0
1.086038250E2,-3.442166805E0,-8.069350123E-1,1.441789031E0
1.086138510E2,-3.466445923E0,-7.160016894E-1,1.480000019E0
1.086238780E2,-3.344468355E0,-6.478218436E-1,1.513239145E0
1.086339050E2,-3.080037355E0,-6.272773147E-1,1.519857526E0
1.086439310E2,-2.683224916E0,-6.497109532E-1,1.490556121E0
1.086539580E2,-2.176631927E0,-7.203726172E-1,1.420227408E0
1.086639840E2,-1.608790517E0,-8.032898307E-1,1.324344635E0
1.086740110E2,-1.023806095E0,-8.516225219E-1,1.185155272E0
1.086840370E2,-4.688459933E-1,-7.986402512E-1,9.516261220E-1
1.086940640E2,-2.853506058E-2,-6.696367264E-1,6.027198434E-1
1.087040900E2,2.300019562E-1,-5.072595477E-1,1.444489211E-1
1.087141170E2,2.869895995E-1,-3.227751255E-1,-3.506039679E-1
1.087241430E2,1.599528342E-1,-1.468019485E-1,-7.769044042E-1
1.087341700E2,-5.988514051E-2,2.462388203E-2,-1.126812220E0
1.087441970E2,-2.417633235E-1,1.837275177E-1,-1.393823624E0
1.087542230E2,-3.051197827E-1,3.729836345E-1,-1.626927972E0
1.087642500E2,-2.266942263E-1,6.408501863E-1,-1.766783118E0
1.087742760E2,-2.204868197E-2,9.618138671E-1,-1.795143604E0
1.087843030E2,2.907001674E-1,1.291589141E0,-1.754490733E0
1.087943290E2,6.702147126E-1,1.554835796E0,-1.710571408E0
1.088043560E2,1.068342090E0,1.688404799E0,-1.756097078E0
1.088143820E2,1.453724623E0,1.681705356E0,-1.993835807E0
1.088244090E2,1.836719394E0,1.477882266E0,-2.353106976E0
1.088344360E2,2.209038019E0,1.023852587E0,-2.711364031E0
1.088444620E2,2.606694937E0,5.301297307E-1,-3.003050804E0
1.088544890E2,3.030476093E0,2.988702655E-1,-3.164012194E0
1.088645150E2,3.362106085E0,3.590340018E-1,-3.162290096E0
1.088745420E2,3.472238541E0,5.469743013E-1,-3.081258059E0
1.088845680E2,3.279195070E0,7.734654546E-1,-2.900372744E0
1.088945950E2,2.792338371E0,9.946169853E-1,-2.585438728E0
1.089046210E2,2.101076841E0,1.235891104E0,-2.199456930E0
1.089146480E2,1.391328931E0,1.563953757E0,-1.881734610E0
1.089246740E2,8.620821834E-1,1.959523678E0,-1.740952730E0
1.089347010E2,5.873003006E-1,2.323106527E0,-1.698803544E0
1.089447280E2,5.561823249E-1,2.590908289E0,-1.615976572E0
1.089547540E2,7.467824817E-1,2.686717272E0,-1.438731670E0
1.089647810E2,1.121161461E0,2.582407236E0,-1.196623087E0
1.089748070E2,1.620097995E0,2.329385281E0,-9.050331116E-1
1.089848340E2,2.139770031E0,2.064070702E0,-6.029768586E-1
1.089948600E2,2.574002743E0,1.887209654E0,-3.438433409E-1
1.090048870E2,2.867937803E0,1.758595467E0,-1.963657141E-1
1.090149130E2,3.011585951E0,1.667452812E0,-1.620125324E-1
1.090249400E2,3.009170771E0,1.594835281E0,-2.002065331E-1
1.090349670E2,2.885377645E0,1.548565865E0,-2.694601119E-1
1.090449930E2,2.682101965E0,1.496122122E0,-3.539957702E-1
1.090550200E2,2.391125441E0,1.467394710E0,-4.535727203E-1
1.090650460E2,1.991950393E0,1.356845856E0,-5.722740889E-1
1.090750730E2,1.516135812E0,1.195158005E0,-6.752131581E-1
1.090850990E2,9.780715108E-1,9.393281341E-1,-6.896741390E-1
1.090951260E2,3.685882092E-1,5.527162552E-1,-5.279209614E-1
1.091051520E2,-2.546379566E-1,8.608215302E-2,-1.229095533E-1
1.091151790E2,-8.139670491E-1,-3.852527440E-1,4.525241554E-1
1.091252060E2,-1.271557570E0,-7.186728120E-1,1.105272174E0
1.091352320E2,-1.620233774E0,-8.610517979E-1,1.678825974E0
1.091452590E2,-1.924024820E0,-8.380279541E-1,2.014768124E0
1.091552850E2,-2.267733097E0,-7.672300935E-1,2.237293482E0
1.091653120E2,-2.707921982E0,-9.847105145E-1,2.783138752E0
1.091753380E2,-3.142503023E0,-1.432856560E0,3.579485178E0
1.091853650E2,-3.386169195E0,-1.808181763E0,4.180326939E0
1.091953910E2,-3.405699253E0,-1.908695698E0,4.234331131E0
1.092054180E2,-3.300218344E0,-1.865286708E0,3.752365351E0
1.092154440E2,-3.182338238E0,-1.777939677E0,3.043799162E0
1.092254710E2,-3.150663614E0,-1.738182187E0,2.370920897E0
1.092354980E2,-3.199135303E0,-1.781181812E0,1.872460604E0
1.092455240E2,-3.190523148E0,-1.797877669E0,1.569844842E0
1.092555510E2,-3.126569510E0,-1.741821408E0,1.398571014E0
1.092655770E2,-3.097756147E0,-1.626209259E0,1.257998228E0
1.092756040E2,-3.159291744E0,-1.510970950E0,1.109102011E0
1.092856300E2,-3.310106993E0,-1.427899718E0,9.953418970E-1
1.092956570E2,-3.469485998E0,-1.361776590E0,9.346221089E-1
1.093056830E2,-3.557476759E0,-1.321857214E0,9.041549563E-1
1.093157100E2,-3.518807173E0,-1.299967408E0,8.707458377E-1
1.093257370E2,-3.337526798E0,-1.301459312E0,8.346338868E-1
1.093357630E2,-3.021667480E0,-1.303303242E0,7.826740742E-1
1.093457900E2,-2.582766294E0,-1.321354389E0,7.311544418E-1
1.093558160E2,-2.035119057E0,-1.315878391E0,7.107388973E-1
1.093658430E2,-1.420204759E0,-1.237301826E0,7.109884620E-1
1.093758690E2,-8.174913526E-1,-1.091968894E0,6.838665605E-1
1.093858960E2,-3.151616454E-1,-9.463610649E-1,5.797947645E-1
1.093959220E2,4.425206035E-2,-8.205705285E-1,3.820356429E-1
1.094059490E2,2.530630529E-1,-7.067294121E-1,1.202178746E-1
1.094159750E2,3.346818984E-1,-5.833703279E-1,-2.038478255E-1
1.094260020E2,2.904750109E-1,-4.100624621E-1,-5.685402751E-1
1.094360290E2,1.475777924E-1,-1.897053570E-1,-9.020942450E-1
1.094460550E2,-7.219520397E-3,8.834463358E-2,-1.165826082E0
1.094560820E2,-1.012658626E-1,3.967953026E-1,-1.332089543E0
1.094661080E2,-7.593014836E-2,6.904231906E-1,-1.437219262E0
1.094761350E2,8.005958796E-2,9.633764625E-1,-1.501366735E0
1.094861610E2,3.568347394E-1,1.256740928E0,-1.577416301E0
1.094961880E2,6.494850516E-1,1.538561940E0,-1.717411399E0
1.095062140E2,8.912423253E-1,1.751325607E0,-1.903946757E0
1.095162410E2,1.107584715E0,1.846996307E0,-2.064932585E0
1.095262670E2,1.391291976E0,1.818536997E0,-2.172107697E0
1.095362940E2,1.774953842E0,1.645356297E0,-2.274730682E0
1.095463210E2,2.180299044E0,1.419093609E0,-2.399225950E0
1.095563470E2,2.587673664E0,1.274554849E0,-2.554708004E0
1.095663740E2,2.978967905E0,1.332536697E0,-2.768020153E0
1.095764000E2,3.240945339E0,1.522760630E0,-2.946865797E0
1.095864270E2,3.300223351E0,1.712365150E0,-2.995290041E0
1.095964536E2,3.186305761E0,1.848703980E0,-2.851136923E0
1.096064806E2,2.968967676E0,1.935836673E0,-2.559997082E0
1.096165066E2,2.646204472E0,1.969890833E0,-2.177531004E0
1.096265336E2,2.233680248E0,2.064573765E0,-1.867138147E0
1.096365596E2,1.838302612E0,2.275415421E0,-1.716829538E0
1.096465866E2,1.552244782E0,2.495707750E0,-1.664086223E0
1.096566136E2,1.423400521E0,2.637942076E0,-1.563283086E0
1.096666396E2,1.440395117E0,2.648428202E0,-1.355265975E0
1.096766666E2,1.592468977E0,2.560646534E0,-1.052816629E0
1.096866926E2,1.847002745E0,2.418466330E0,-7.061396837E-1
1.096967196E2,2.152249575E0,2.253527880E0,-3.668878973E-1
1.097067456E2,2.454050064E0,2.102776766E0,-7.368823886E-2
1.097167726E2,2.691631317E0,1.996044993E0,1.258221716E-1
1.097267986E2,2.820622206E0,1.925050497E0,2.188410610E-1
1.097368256E2,2.827066422E0,1.862644672E0,1.760912240E-1
1.097468516E2,2.686651230E0,1.759101510E0,3.333993629E-2
1.097568786E2,2.381971121E0,1.607885480E0,-1.539582908E-1
1.097669056E2,1.919714451E0,1.348285079E0,-3.246192336E-1
1.097769316E2,1.375010610E0,1.058008552E0,-3.623722196E-1
1.097869586E2,8.327044845E-1,7.154431939E-1,-2.245206088E-1
1.097969846E2,3.323091567E-1,2.999114692E-1,9.886015952E-2
1.098070116E2,-1.139546186E-1,-1.256470233E-1,5.988651514E-1
1.098170376E2,-4.992664754E-1,-4.666860104E-1,1.181895852E0
1.098270646E2,-8.264012337E-1,-6.815346479E-1,1.717136383E0
1.098370906E2,-1.120749235E0,-8.435887098E-1,2.091099501E0
1.098471176E2,-1.410222054E0,-9.840704203E-1,2.311301231E0
1.098571436E2,-1.697859883E0,-1.160388350E0,2.507848263E0
1.098671706E2,-1.935990095E0,-1.431448102E0,2.868978977E0
1.098771976E2,-2.179629564E0,-1.872454762E0,3.518905878E0
1.098872236E2,-2.416452885E0,-2.307867050E0,4.201039314E0
1.098972506E2,-2.559644222E0,-2.423638105E0,4.539491177E0
1.099072766E2,-2.620312691E0,-2.222005606E0,4.391056061E0
1.099173036E2,-2.642296553E0,-1.885448694E0,3.932556152E0
1.099273296E2,-2.711794138E0,-1.583559155E0,3.289695978E0
1.099373566E2,-2.895187855E0,-1.444467425E0,2.568577290E0
1.099473826E2,-3.159556150E0,-1.399598718E0,1.956823826E0
1.099574096E2,-3.426914454E0,-1.367184877E0,1.575991273E0
1.099674356E2,-3.634997129E0,-1.312245131E0,1.398827076E0
1.099774626E2,-3.822863340E0,-1.192495108E0,1.320763230E0
1.099874896E2,-4.024464130E0,-1.005728483E0,1.273935437E0
1.099975156E2,-4.248067379E0,-8.960237503E-1,1.240584970E0
1.100075426E2,-4.469175339E0,-8.468674421E-1,1.228030086E0
1.100175686E2,-4.611344337E0,-8.640524745E-1,1.215867639E0
1.100275956E2,-4.607398987E0,-9.276061654E-1,1.200993657E0
1.100376216E2,-4.388288975E0,-1.037816763E0,1.178391933E0
1.100476486E2,-3.965868711E0,-1.196552157E0,1.151519060E0
1.100576746E2,-3.359244585E0,-1.339357495E0,1.113488317E0
1.100677016E2,-2.627262354E0,-1.436267257E0,1.038923740E0
1.100777276E2,-1.852869153E0,-1.457092762E0,9.152931571E-1
1.100877546E2,-1.157842994E0,-1.397751927E0,7.721011639E-1
1.100977806E2,-5.786892772E-1,-1.236333251E0,5.941239595E-1
1.101078076E2,-1.025120765E-1,-9.286393523E-1,3.272773623E-1
1.101178346E2,2.156848013E-1,-5.932098627E-1,-7.021863759E-2
1.101278606E2,3.129333258E-1,-2.707116902E-1,-5.570330024E-1
1.101378876E2,2.116152346E-1,3.667137772E-2,-1.063177109E0
1.101479136E2,3.724688292E-2,3.366626203E-1,-1.534698844E0
1.101579406E2,-8.724192530E-2,5.910906792E-1,-1.827677011E0
1.101679666E2,-6.369984150E-2,7.945543528E-1,-1.958206177E0
1.101779936E2,1.205766648E-1,1.006608367E0,-2.005280972E0
1.101880196E2,4.215341210E-1,1.345390677E0,-1.976139665E0
1.101980466E2,7.694793344E-1,1.707233667E0,-1.928392410E0
1.102080726E2,1.150109529E0,1.932128310E0,-1.904224157E0
1.102180996E2,1.588015318E0,1.979751468E0,-1.912829995E0
1.102281266E2,2.143987179E0,1.815958261E0,-1.975908279E0
1.102381526E2,2.781285524E0,1.458154559E0,-2.165986776E0
1.102481796E2,3.410844803E0,1.122009039E0,-2.525611877E0
1.102582056E2,3.912794352E0,9.534625411E-1,-2.898995399E0
1.102682326E2,4.175902843E0,9.571379423E-1,-3.159097672E0
1.102782586E2,4.153791428E0,1.089010835E0,-3.254786491E0
1.102882856E2,3.835607052E0,1.284322619E0,-3.187977076E0
1.102983116E2,3.265774012E0,1.520917773E0,-2.957145214E0
1.103083386E2,2.557101488E0,1.785582185E0,-2.624590158E0
1.103183646E2,1.875045538E0,2.126315832E0,-2.334796667E0
1.103283916E2,1.395596385E0,2.487622023E0,-2.158763885E0
1.103384176E2,1.172611475E0,2.722990036E0,-2.035878897E0
1.103484446E2,1.156855702E0,2.822350264E0,-1.850492835E0
1.103584706E2,1.315864205E0,2.783524990E0,-1.600659490E0
1.103684976E2,1.608730435E0,2.660415173E0,-1.320132256E0
1.103785246E2,1.965866685E0,2.505258799E0,-1.044963837E0
1.103885506E2,2.308935165E0,2.354035616E0,-7.829718590E-1
1.103985776E2,2.557404518E0,2.255431414E0,-5.615017414E-1
1.104086036E2,2.710603476E0,2.199537516E0,-3.962472677E-1
1.104186306E2,2.786292315E0,2.146355152E0,-2.990448773E-1
1.104286566E2,2.770317316E0,2.054082632E0,-2.948416173E-1
1.104386836E2,2.661399126E0,1.933608055E0,-3.626800776E-1
1.104487096E2,2.473614216E0,1.788005114E0,-4.938082695E-1
1.104587366E2,2.203070164E0,1.617907882E0,-6.715981960E-1
1.104687626E2,1.844052315E0,1.484130979E0,-8.229182363E-1
1.104787896E2,1.383834243E0,1.271099687E0,-8.814347982E-1
1.104888166E2,9.022697210E-1,1.001328707E0,-7.691748142E-1
1.104988426E2,4.355871975E-1,6.684888601E-1,-4.649387896E-1
1.105088696E2,1.051740441E-2,3.080406785E-1,5.256699398E-3
1.105188956E2,-3.837713301E-1,-5.409521610E-2,5.844878554E-1
1.105289226E2,-7.821394205E-1,-4.149759114E-1,1.137602687E0
1.105389486E2,-1.215532303E0,-6.954573393E-1,1.537748456E0
1.105489756E2,-1.704568028E0,-9.214712977E-1,1.783582807E0
1.105590016E2,-2.205284834E0,-1.054297209E0,1.977637172E0
1.105690286E2,-2.661512852E0,-1.295447230E0,2.487075567E0
1.105790546E2,-3.025129557E0,-1.722434640E0,3.374072075E0
1.105890816E2,-3.195855141E0,-2.043539524E0,4.207743168E0
1.105991077E2,-3.140361071E0,-2.052884102E0,4.526778698E0
1.106091347E2,-2.940955639E0,-1.955271721E0,4.183227539E0
1.106191617E2,-2.730408669E0,-1.838040948E0,3.428136349E0
1.106291877E2,-2.661457062E0,-1.830672741E0,2.640613794E0
1.106392147E2,-2.691433907E0,-1.955225825E0,2.044347048E0
1.106492407E2,-2.648676872E0,-2.023384094E0,1.684179187E0
1.106592677E2,-2.566349268E0,-2.013359785E0,1.489890695E0
1.106692937E2,-2.568697453E0,-1.909909248E0,1.347515702E0
1.106793207E2,-2.714323282E0,-1.774102688E0,1.203753710E0
1.106893467E2,-2.989637136E0,-1.630783916E0,1.102710485E0
1.106993737E2,-3.320569515E0,-1.540194511E0,1.091825128E0
1.107093997E2,-3.603650808E0,-1.482162118E0,1.146449685E0
1.107194267E2,-3.768791676E0,-1.397983551E0,1.199675441E0
1.107294527E2,-3.768897772E0,-1.321564913E0,1.199971318E0
1.107394797E2,-3.599428415E0,-1.271533012E0,1.131656647E0
1.107495057E2,-3.278300762E0,-1.255222321E0,9.987590313E-1
1.107595327E2,-2.799160480E0,-1.274427891E0,8.336015344E-1
1.107695597E2,-2.185343027E0,-1.292411327E0,6.790979505E-1
1.107795857E2,-1.492778301E0,-1.275115490E0,5.266056061E-1
1.107896127E2,-8.216132522E-1,-1.219457030E0,3.447785676E-1
1.107996387E2,-2.642888725E-1,-1.116936445E0,1.174154729E-1
1.108096657E2,1.343677044E-1,-9.416932464E-1,-1.457288116E-1
1.108196917E2,3.654745817E-1,-6.860789061E-1,-4.434872568E-1
1.108297187E2,4.474653006E-1,-3.798806667E-1,-7.613299489E-1
1.108397447E2,4.152892530E-1,-4.907415435E-2,-1.071549296E0
1.108497717E2,3.341656327E-1,2.967604697E-1,-1.329123378E0
1.108597977E2,2.841921151E-1,6.197786331E-1,-1.506538868E0
1.108698247E2,3.238146007E-1,9.137287736E-1,-1.587287545E0
1.108798507E2,4.841892123E-1,1.176971436E0,-1.566975594E0
1.108898777E2,7.558375001E-1,1.447802305E0,-1.469932675E0
1.108999037E2,1.106377840E0,1.710765243E0,-1.406952858E0
1.109099307E2,1.458711147E0,1.929940701E0,-1.493741393E0
1.109199577E2,1.726184130E0,2.038523197E0,-1.797220469E0
1.109299837E2,1.927116990E0,1.926697969E0,-2.130947351E0
1.109400107E2,2.145040035E0,1.590527654E0,-2.286607027E0
1.109500367E2,2.459527969E0,1.190767169E0,-2.347385883E0
1.109600637E2,2.927838802E0,9.898855090E-1,-2.428803205E0
1.109700897E2,3.413633823E0,1.131583929E0,-2.585636139E0
1.109801167E2,3.697508574E0,1.433117270E0,-2.772514105E0
1.109901427E2,3.641471624E0,1.651302814E0,-2.831195831E0
1.110001697E2,3.250080109E0,1.741308212E0,-2.667807817E0
1.110101957E2,2.641125441E0,1.846061707E0,-2.312751293E0
1.110202227E2,1.959612131E0,2.046555519E0,-1.908579588E0
1.110302487E2,1.375123620E0,2.405679464E0,-1.637689710E0
1.110402757E2,1.034402728E0,2.817476273E0,-1.522435784E0
1.110503017E2,9.500045180E-1,3.146560669E0,-1.418017507E0
1.110603287E2,1.089649320E0,3.249673843E0,-1.234075189E0
1.110703557E2,1.431737423E0,3.079099178E0,-9.512790442E-1
1.110803817E2,1.912220359E0,2.737060785E0,-6.163032651E-1
1.110904087E2,2.417090893E0,2.401535988E0,-2.826616168E-1
1.111004347E2,2.835090160E0,2.143570900E0,-2.892545611E-2
1.111104617E2,3.101253986E0,1.943655849E0,8.808212727E-2
1.111204877E2,3.209640026E0,1.812740684E0,5.928668380E-2
1.111305147E2,3.178755045E0,1.721467972E0,-8.241584897E-2
1.111405407E2,2.993227243E0,1.692721009E0,-2.697964609E-1
1.111505677E2,2.634573698E0,1.556208491E0,-4.431738257E-1
1.111605937E2,2.167111874E0,1.329316020E0,-5.560590625E-1
1.111706207E2,1.679775000E0,1.060232282E0,-5.603629947E-1
1.111806467E2,1.201378107E0,7.605780363E-1,-4.532203376E-1
1.111906737E2,7.277932167E-1,4.145601988E-1,-2.097541541E-1
1.112006997E2,2.727796733E-1,5.894354731E-2,1.888942271E-1
1.112107267E2,-1.433768123E-1,-2.517948747E-1,6.735828519E-1
1.112207537E2,-5.393753052E-1,-5.002712607E-1,1.155158281E0
1.112307797E2,-9.269664288E-1,-6.908300519E-1,1.585303187E0
1.112408067E2,-1.311684608E0,-8.693844676E-1,1.928954840E0
1.112508327E2,-1.670557618E0,-1.013476968E0,2.149421930E0
1.112608597E2,-1.990393639E0,-1.133368015E0,2.318354607E0
1.112708857E2,-2.300992727E0,-1.436915398E0,2.693784952E0
1.112809127E2,-2.677554131E0,-1.939753294E0,3.260633707E0
1.112909387E2,-3.023137331E0,-2.335867405E0,3.718600273E0
1.113009657E2,-3.255430222E0,-2.435163260E0,3.874964714E0
1.113109917E2,-3.366768122E0,-2.226412773E0,3.692002535E0
1.113210187E2,-3.395281076E0,-1.890966058E0,3.305170298E0
1.113310447E2,-3.389290810E0,-1.583089113E0,2.815715075E0
1.113410717E2,-3.388388395E0,-1.441294312E0,2.294869900E0
1.113510977E2,-3.334959030E0,-1.478468537E0,1.814273238E0
1.113611247E2,-3.214046478E0,-1.580463290E0,1.437827110E0
1.113711517E2,-3.118013144E0,-1.585456371E0,1.202706456E0
1.113811777E2,-3.146524191E0,-1.502308249E0,1.074825048E0
1.113912047E2,-3.329149961E0,-1.366045475E0,1.026667118E0
1.114012307E2,-3.588447332E0,-1.213361740E0,1.022317648E0
1.114112577E2,-3.822894335E0,-1.070799470E0,1.044634938E0
1.114212837E2,-3.931102276E0,-9.492506981E-1,1.048863173E0
1.114313107E2,-3.883390427E0,-9.002882242E-1,1.010753393E0
1.114413367E2,-3.646246195E0,-9.183191657E-1,9.401870966E-1
1.114513637E2,-3.203260899E0,-9.551648498E-1,8.422328234E-1
1.114613897E2,-2.609673500E0,-9.834294915E-1,7.362731695E-1
1.114714167E2,-1.922884703E0,-9.821817875E-1,6.169278622E-1
1.114814427E2,-1.212530851E0,-9.218604565E-1,4.966299236E-1
1.114914697E2,-5.582432151E-1,-7.946620584E-1,3.476793170E-1
1.115014957E2,-3.492157534E-2,-6.429424882E-1,1.528235525E-1
1.115115227E2,3.035571277E-1,-4.667368531E-1,-7.830259949E-2
1.115215487E2,4.832728505E-1,-2.770957351E-1,-3.860993385E-1
1.115315757E2,5.314877629E-1,-4.342573136E-2,-7.690626383E-1
1.115416027E2,4.509476721E-1,2.475899607E-1,-1.139520645E0
1.115516287E2,3.188572824E-1,5.348840356E-1,-1.395661950E0
1.115616557E2,2.509985864E-1,7.787271142E-1,-1.538079143E0
1.115716817E2,3.320569396E-1,1.000313044E0,-1.622590303E0
1.115817087E2,5.474025607E-1,1.220864534E0,-1.653644443E0
1.115917347E2,8.473956585E-1,1.433277130E0,-1.659393191E0
1.116017619E2,1.161117435E0,1.673255086E0,-1.740267515E0
1.116117879E2,1.366564155E0,1.957824588E0,-1.934206367E0
1.116218149E2,1.428393960E0,2.186445475E0,-2.227474213E0
1.116318409E2,1.454900384E0,2.209793806E0,-2.517177820E0
1.116418679E2,1.629365683E0,1.934316158E0,-2.683657646E0
1.116518939E2,2.022149086E0,1.469257355E0,-2.738673687E0
1.116619209E2,2.641611338E0,1.103255987E0,-2.751408577E0
1.116719469E2,3.372285843E0,1.026140690E0,-2.793224096E0
1.116819739E2,4.026125908E0,1.216902375E0,-2.854732275E0
1.116919999E2,4.432655811E0,1.427256346E0,-2.857758045E0
1.117020269E2,4.485158920E0,1.480475664E0,-2.684564829E0
1.117120539E2,4.192135334E0,1.389536977E0,-2.337045431E0
1.117220799E2,3.676417112E0,1.300067663E0,-1.944219232E0
1.117321069E2,3.055965185E0,1.371606112E0,-1.674991250E0
1.117421329E2,2.493040800E0,1.662117481E0,-1.554379702E0
1.117521599E2,2.084113121E0,2.030957699E0,-1.465974927E0
1.117621859E2,1.840604067E0,2.322353840E0,-1.293632746E0
1.117722129E2,1.746278405E0,2.450718641E0,-1.004102111E0
1.117822389E2,1.797644496E0,2.413465023E0,-6.535744071E-1
1.117922659E2,1.935399175E0,2.276538134E0,-3.046451807E-1
1.118022919E2,2.138909340E0,2.096953154E0,1.125321724E-3
1.118123189E2,2.358897209E0,1.886791587E0,2.116303742E-1
1.118223449E2,2.544779539E0,1.628572464E0,2.701631784E-1
1.118323719E2,2.645386219E0,1.343640327E0,1.854837239E-1
1.118423979E2,2.640156984E0,1.066467881E0,3.484895080E-2
1.118524249E2,2.523646116E0,8.528464437E-1,-1.231819615E-1
1.118624519E2,2.260389805E0,7.326818705E-1,-2.392856777E-1
1.118724779E2,1.849252939E0,6.485112906E-1,-2.761776447E-1
1.118825049E2,1.340722680E0,5.623371601E-1,-2.052542120E-1
1.118925309E2,7.770705223E-1,4.229992330E-1,1.822362468E-2
1.119025579E2,1.953321248E-1,2.033837438E-1,3.926026225E-1
1.119125839E2,-3.567648530E-1,-2.761964127E-2,8.376322985E-1
1.119226109E2,-8.742514253E-1,-2.822658122E-1,1.300458431E0
1.119326369E2,-1.345557094E0,-5.390925407E-1,1.674606442E0
1.119426639E2,-1.774465322E0,-7.785844803E-1,1.947537303E0
1.119526899E2,-2.152248383E0,-9.233131409E-1,2.147927046E0
1.119627169E2,-2.486234426E0,-9.926544428E-1,2.336873531E0
1.119727429E2,-2.747196913E0,-1.052271485E0,2.685990095E0
1.119827699E2,-3.014378071E0,-1.257004499E0,3.255638123E0
1.119927959E2,-3.228608370E0,-1.579095483E0,3.881241798E0
1.120028229E2,-3.268620729E0,-1.831796646E0,4.276172161E0
1.120128489E2,-3.121849060E0,-1.968031406E0,4.230749130E0
1.120228759E2,-2.887873411E0,-1.976781607E0,3.697612047E0
1.120329029E2,-2.742777824E0,-1.824471116E0,2.873395681E0
1.120429289E2,-2.789730310E0,-1.687722087E0,2.093559504E0
1.120529559E2,-2.920288801E0,-1.574872613E0,1.617666125E0
1.120629819E2,-2.996594906E0,-1.475940466E0,1.425734878E0
1.120730089E2,-3.023517609E0,-1.355069757E0,1.328412294E0
1.120830349E2,-3.078649044E0,-1.218946338E0,1.266060233E0
1.120930619E2,-3.175885201E0,-1.103729010E0,1.198925734E0
1.121030879E2,-3.303426504E0,-1.004789114E0,1.124448299E0
1.121131149E2,-3.414488316E0,-9.042523503E-1,1.081425428E0
1.121231409E2,-3.441864014E0,-8.161218166E-1,1.058102846E0
1.121331679E2,-3.344207048E0,-7.576872706E-1,1.024258494E0
1.121431939E2,-3.091447830E0,-7.470155954E-1,9.621973038E-1
1.121532209E2,-2.690110445E0,-8.177307844E-1,8.812214732E-1
1.121632469E2,-2.140569210E0,-9.812375307E-1,7.913848162E-1
1.121732739E2,-1.459648728E0,-1.139902711E0,7.152948380E-1
1.121833009E2,-7.250036001E-1,-1.182173371E0,6.510520577E-1
1.121933269E2,-7.218798250E-2,-1.109897852E0,5.361902118E-1
1.122033539E2,4.032195508E-1,-9.732354283E-1,3.452257812E-1
1.122133799E2,6.762026548E-1,-7.974271178E-1,7.549974322E-2
1.122234069E2,7.610957026E-1,-5.423392057E-1,-2.689132988E-1
1.122334329E2,6.599637270E-1,-2.181294560E-1,-6.427811384E-1
1.122434599E2,4.469551742E-1,9.480831772E-2,-9.532690048E-1
1.122534859E2,2.655020356E-1,3.887062669E-1,-1.156631112E0
1.122635129E2,2.347859293E-1,6.376330853E-1,-1.246939063E0
1.122735389E2,3.946925104E-1,8.891300559E-1,-1.307309151E0
1.122835659E2,6.758685112E-1,1.229189277E0,-1.389790297E0
1.122935919E2,9.830849171E-1,1.578323841E0,-1.546757817E0
1.123036189E2,1.221270561E0,1.851966143E0,-1.758435249E0
1.123136449E2,1.367179751E0,1.992782831E0,-1.963992357E0
1.123236719E2,1.535029292E0,1.958826065E0,-2.126631260E0
1.123336979E2,1.861530185E0,1.706899285E0,-2.232914686E0
1.123437249E2,2.356281757E0,1.240337372E0,-2.339728832E0
1.123537509E2,2.924381256E0,7.705634832E-1,-2.494417429E0
1.123637779E2,3.473469973E0,5.329016447E-1,-2.711261034E0
1.123738049E2,3.777585030E0,6.058890224E-1,-2.927587986E0
1.123838309E2,3.734611034E0,8.881443739E-1,-3.015600681E0
1.123938579E2,3.354508877E0,1.231968284E0,-2.894800901E0
1.124038839E2,2.777555943E0,1.549590588E0,-2.584863663E0
1.124139109E2,2.110883951E0,1.824040174E0,-2.212862968E0
1.124239369E2,1.493368626E0,2.108680248E0,-1.952001691E0
1.124339639E2,1.101535559E0,2.410039186E0,-1.867655158E0
1.124439899E2,9.455662966E-1,2.689780951E0,-1.837058783E0
1.124540169E2,9.638425112E-1,2.871307373E0,-1.735243678E0
1.124640429E2,1.146377921E0,2.896803856E0,-1.528142691E0
1.124740699E2,1.466313004E0,2.735386610E0,-1.250633597E0
1.124840959E2,1.876470208E0,2.465505362E0,-9.458741546E-1
1.124941229E2,2.289368153E0,2.225818157E0,-6.733081937E-1
1.125041489E2,2.628801584E0,2.100704193E0,-4.743833840E-1
1.125141759E2,2.844768524E0,2.021007061E0,-3.928467035E-1
1.125242019E2,2.936913967E0,1.917538762E0,-4.048593938E-1
1.125342289E2,2.907950640E0,1.790019393E0,-4.787453413E-1
1.125442559E2,2.749860525E0,1.638568997E0,-6.023183465E-1
1.125542819E2,2.443645716E0,1.532776833E0,-7.411295176E-1
1.125643089E2,1.991691232E0,1.387166381E0,-8.608711362E-1
1.125743349E2,1.477917075E0,1.213211298E0,-8.778109550E-1
1.125843619E2,9.571788907E-1,9.860338569E-1,-7.621914148E-1
1.125943879E2,4.450013638E-1,6.976335049E-1,-4.738126099E-1
1.126044144E2,-5.785764381E-2,3.660556674E-1,2.256573364E-2
1.126144404E2,-5.098479986E-1,1.957841963E-2,6.385780573E-1
1.126244674E2,-8.895094395E-1,-3.133963645E-1,1.221973300E0
1.126344934E2,-1.203822613E0,-6.014398932E-1,1.669212341E0
1.126445204E2,-1.492981195E0,-8.118116260E-1,1.972551346E0
1.126545464E2,-1.771984339E0,-9.080279469E-1,2.210932255E0
1.126645734E2,-2.059804916E0,-9.560847878E-1,2.590573549E0
1.126745994E2,-2.420390368E0,-1.196355343E0,3.225639582E0
1.126846264E2,-2.792985201E0,-1.674565196E0,3.872007132E0
1.126946524E2,-3.029771566E0,-2.096782207E0,4.199078560E0
1.127046794E2,-3.108489275E0,-2.286727190E0,4.085752964E0
1.127147064E2,-3.081038952E0,-2.275676489E0,3.543046236E0
1.127247324E2,-3.084852219E0,-2.134717703E0,2.869903564E0
1.127347594E2,-3.226597071E0,-2.045073986E0,2.354443073E0
1.127447854E2,-3.382837772E0,-2.025922775E0,2.114107370E0
1.127548124E2,-3.411816597E0,-2.019383192E0,2.033446312E0
1.127648384E2,-3.329330921E0,-1.910172582E0,1.954954624E0
1.127748654E2,-3.235750914E0,-1.739619970E0,1.856145740E0
1.127848914E2,-3.244683743E0,-1.585366249E0,1.736595154E0
1.127949184E2,-3.373004198E0,-1.461823225E0,1.638443828E0
1.128049444E2,-3.548221827E0,-1.413075686E0,1.593901873E0
1.128149714E2,-3.658810139E0,-1.393323541E0,1.588380933E0
1.128249974E2,-3.620847702E0,-1.376345873E0,1.604898334E0
1.128350244E2,-3.410313368E0,-1.403663874E0,1.604471445E0
1.128450504E2,-3.034950018E0,-1.481971025E0,1.556920767E0
1.128550774E2,-2.530984879E0,-1.616345406E0,1.466284037E0
1.128651034E2,-1.954889178E0,-1.729185939E0,1.344428658E0
1.128751304E2,-1.376856446E0,-1.771692395E0,1.202417731E0
1.128851564E2,-8.531813025E-1,-1.755779266E0,1.043897033E0
1.128951834E2,-3.861214221E-1,-1.653024077E0,8.521702290E-1
1.129052094E2,2.255887259E-3,-1.452227592E0,6.055303216E-1
1.129152364E2,2.730538249E-1,-1.175039887E0,2.868663371E-1
1.129252634E2,3.869010508E-1,-8.466883302E-1,-1.043051407E-1
1.129352894E2,3.409567177E-1,-5.050489902E-1,-5.274148583E-1
1.129453164E2,1.883684993E-1,-2.003094852E-1,-9.277058244E-1
1.129553424E2,7.369613741E-5,7.010469586E-2,-1.248390555E0
1.129653694E2,-1.264817119E-1,3.228030205E-1,-1.465147495E0
1.129753954E2,-9.784767777E-2,5.680620074E-1,-1.543088913E0
1.129854224E2,1.069452837E-1,8.373638391E-1,-1.512947798E0
1.129954484E2,4.228134751E-1,1.140662909E0,-1.476847529E0
1.130054754E2,7.949103713E-1,1.441358328E0,-1.518699646E0
1.130155014E2,1.139617920E0,1.681850791E0,-1.670985341E0
1.130255284E2,1.444011331E0,1.729979396E0,-1.863121390E0
1.130355544E2,1.829757333E0,1.544911265E0,-1.998971105E0
1.130455814E2,2.354120970E0,1.174941540E0,-2.126079798E0
1.130556074E2,2.967399359E0,8.387517333E-1,-2.379593134E0
1.130656344E2,3.581249714E0,7.610929012E-1,-2.771806002E0
1.130756604E2,3.977392912E0,8.274875879E-1,-3.246053219E0
1.130856874E2,4.008848667E0,9.528542757E-1,-3.657244921E0
1.130957134E2,3.661916018E0,1.131626487E0,-3.776820898E0
1.131057404E2,3.110186815E0,1.305182457E0,-3.537358522E0
1.131157664E2,2.526096106E0,1.494323134E0,-3.113019466E0
1.131257934E2,2.006791115E0,1.766419530E0,-2.735911846E0
1.131358194E2,1.600379467E0,2.125727177E0,-2.541460276E0
1.131458464E2,1.358694673E0,2.418379545E0,-2.471355438E0
1.131558734E2,1.274541140E0,2.555906773E0,-2.359128237E0
1.131658994E2,1.337225795E0,2.524137735E0,-2.152956486E0
1.131759264E2,1.526330709E0,2.353396654E0,-1.867755771E0
1.131859524E2,1.803396583E0,2.151647091E0,-1.531303406E0
1.131959794E2,2.115580797E0,2.001869440E0,-1.180905700E0
1.132060054E2,2.408294439E0,1.909548640E0,-8.572577238E-1
1.132160324E2,2.626400471E0,1.836363673E0,-6.159628034E-1
1.132260584E2,2.737701178E0,1.748818994E0,-4.609031975E-1
1.132360854E2,2.733434677E0,1.645310163E0,-4.099859595E-1
1.132461114E2,2.643710136E0,1.517774940E0,-4.751606882E-1
1.132561384E2,2.486743450E0,1.349690676E0,-6.140959859E-1
1.132661644E2,2.254125357E0,1.162293077E0,-7.811262608E-1
1.132761914E2,1.918013573E0,9.568797350E-1,-9.205847979E-1
1.132862174E2,1.479533315E0,7.589578032E-1,-9.262765050E-1
1.132962444E2,9.709997773E-1,6.009806395E-1,-7.683625221E-1
1.133062704E2,4.286080003E-1,4.453905523E-1,-4.334082007E-1
1.133162974E2,-1.073840484E-1,2.546200752E-1,7.146030664E-2
1.133263234E2,-6.186325550E-1,4.187200591E-2,6.306692958E-1
1.133363504E2,-1.108020186E0,-1.698016226E-1,1.141964555E0
1.133463764E2,-1.564607859E0,-3.615126312E-1,1.497471809E0
1.133564034E2,-2.010744810E0,-4.885824323E-1,1.718877912E0
1.133664304E2,-2.443079948E0,-5.252170563E-1,1.905797482E0
1.133764564E2,-2.822872639E0,-5.971351862E-1,2.328133583E0
1.133864834E2,-3.104729652E0,-8.822703362E-1,3.149932384E0
1.133965094E2,-3.180912971E0,-1.369655132E0,4.088825703E0
1.134065364E2,-2.968120813E0,-1.736308813E0,4.719800472E0
1.134165624E2,-2.561392307E0,-1.888873219E0,4.721765041E0
1.134265894E2,-2.175182581E0,-1.884999752E0,4.058286667E0
1.134366154E2,-2.009733677E0,-1.821136594E0,3.108287573E0
1.134466424E2,-2.109956503E0,-1.824428201E0,2.320005655E0
1.134566684E2,-2.312998295E0,-1.831951857E0,1.898747325E0
1.134666954E2,-2.415582895E0,-1.786884665E0,1.767599344E0
1.134767214E2,-2.464783430E0,-1.629652977E0,1.745744944E0
1.134867484E2,-2.586504459E0,-1.391682863E0,1.676547527E0
1.134967744E2,-2.823774338E0,-1.161176682E0,1.534415960E0
1.135068014E2,-3.083628178E0,-1.003075123E0,1.381045818E0
1.135168274E2,-3.263556004E0,-9.219877720E-1,1.282273650E0
1.135268544E2,-3.310976267E0,-8.785239458E-1,1.227347374E0
1.135368804E2,-3.191106319E0,-8.526052833E-1,1.206533670E0
1.135469074E2,-2.913669586E0,-8.505855799E-1,1.170219898E0
1.135569334E2,-2.512858391E0,-8.559910059E-1,1.089853406E0
1.135669604E2,-2.007261038E0,-8.715201616E-1,9.824717641E-1
1.135769864E2,-1.435363412E0,-8.599074483E-1,8.602768779E-1
1.135870134E2,-8.337169290E-1,-7.827923298E-1,7.175477147E-1
1.135970394E2,-2.910727859E-1,-6.744126081E-1,5.208136439E-1
1.136070663E2,1.096509323E-1,-5.610162020E-1,2.545033693E-1
1.136170923E2,3.214965761E-1,-4.801136553E-1,-1.094375849E-1
1.136271193E2,3.490931988E-1,-4.231240451E-1,-5.461365581E-1
1.136371463E2,2.260695547E-1,-3.684690595E-1,-1.013626814E0
1.136471723E2,8.041743189E-3,-2.698288560E-1,-1.424651384E0
1.136571993E2,-1.958954036E-1,-1.096410304E-1,-1.691857219E0
1.136672253E2,-2.862261236E-1,7.463905960E-2,-1.799057484E0
1.136772523E2,-2.019684762E-1,2.888275087E-1,-1.812995076E0
1.136872783E2,4.593413696E-2,5.805181265E-1,-1.779396415E0
1.136973053E2,3.783456385E-1,8.907159567E-1,-1.744972944E0
1.137073313E2,6.755089760E-1,1.226651669E0,-1.757150769E0
1.137173583E2,8.331444263E-1,1.524478555E0,-1.864509463E0
1.137273843E2,8.588118553E-1,1.720707417E0,-2.048019886E0
1.137374113E2,8.981350064E-1,1.786443472E0,-2.230092049E0
1.137474373E2,1.160009027E0,1.626270056E0,-2.352548838E0
1.137574643E2,1.723778367E0,1.228238225E0,-2.447193146E0
1.137674903E2,2.522333622E0,7.727832794E-1,-2.522032261E0
1.137775173E2,3.428949356E0,5.238994360E-1,-2.709777117E0
1.137875433E2,4.195834160E0,4.927736819E-1,-2.978988409E0
1.137975703E2,4.598404408E0,5.144541860E-1,-3.158663988E0
1.138075963E2,4.555898666E0,5.268433690E-1,-3.146337986E0
1.138176233E2,4.110548496E0,6.019969583E-1,-2.947720289E0
1.138276493E2,3.313792706E0,7.912113667E-1,-2.667253256E0
1.138376763E2,2.311187267E0,1.163143158E0,-2.420236111E0
1.138477023E2,1.366838336E0,1.725127220E0,-2.260170698E0
1.138577293E2,7.214007378E-1,2.310826063E0,-2.149530649E0
1.138677553E2,3.924372494E-1,2.770786285E0,-1.982459188E0
1.138777823E2,3.500844538E-1,2.988340139E0,-1.695135355E0
1.138878083E2,5.623727441E-1,2.904045343E0,-1.303619504E0
1.138978353E2,9.903134704E-1,2.554561615E0,-8.503905535E-1
1.139078613E2,1.540229678E0,2.091272116E0,-3.976318240E-1
1.139178883E2,2.103494883E0,1.702513337E0,-3.555937484E-2
1.139279143E2,2.577614069E0,1.486905217E0,1.427669823E-1
1.139379413E2,2.882621050E0,1.420887113E0,1.353207827E-1
1.139479673E2,2.980981112E0,1.416521072E0,2.929343842E-2
1.139579943E2,2.851906776E0,1.396646500E0,-9.295657277E-2
1.139680213E2,2.486940384E0,1.384385228E0,-1.789439321E-1
1.139780473E2,1.914772153E0,1.210266232E0,-2.168841213E-1
1.139880743E2,1.231816649E0,9.562486410E-1,-2.171240598E-1
1.139981003E2,5.325969458E-1,6.497377157E-1,-1.682923436E-1
1.140081273E2,-1.337470859E-1,3.233939707E-1,6.505274214E-3
1.140181533E2,-6.891170740E-1,-8.274251595E-3,3.613174260E-1
1.140281803E2,-1.057214737E0,-3.392693996E-1,8.345174789E-1
1.140382063E2,-1.216834664E0,-6.000543833E-1,1.321202159E0
1.140482333E2,-1.237205625E0,-8.325921893E-1,1.697566509E0
1.140582593E2,-1.258820057E0,-1.089984655E0,1.865974903E0
1.140682863E2,-1.416953921E0,-1.357403874E0,1.796423793E0
1.140783123E2,-1.793517232E0,-1.609589219E0,1.698683143E0
1.140883393E2,-2.333460331E0,-1.890591741E0,1.886084199E0
1.140983653E2,-2.863495827E0,-2.129961729E0,2.409550190E0
1.141083923E2,-3.188488007E0,-2.210162878E0,3.014294386E0
1.141184183E2,-3.281818390E0,-2.030452251E0,3.375435591E0
1.141284453E2,-3.231515408E0,-1.669461012E0,3.341553926E0
1.141384713E2,-3.157929897E0,-1.392678142E0,2.984727144E0
1.141484983E2,-3.211699724E0,-1.340225935E0,2.556359053E0
1.141585243E2,-3.392117977E0,-1.539502263E0,2.211835146E0
1.141685513E2,-3.506241798E0,-1.769911051E0,1.988750696E0
1.141785773E2,-3.439275742E0,-1.867883325E0,1.878773332E0
1.141886043E2,-3.269017220E0,-1.806038737E0,1.801950932E0
1.141986303E2,-3.129319429E0,-1.617423296E0,1.711075664E0
1.142086573E2,-3.107788801E0,-1.393031359E0,1.629018307E0
1.142186833E2,-3.213937521E0,-1.267117620E0,1.551614642E0
1.142287103E2,-3.351107836E0,-1.178910971E0,1.503289938E0
1.142387363E2,-3.397030354E0,-1.122241616E0,1.467771649E0
1.142487633E2,-3.303713799E0,-1.126017332E0,1.431188583E0
1.142587893E2,-3.067121029E0,-1.186443686E0,1.395162702E0
1.142688163E2,-2.693911314E0,-1.335792899E0,1.342743993E0
1.142788423E2,-2.217036963E0,-1.494981766E0,1.259149790E0
1.142888693E2,-1.721366048E0,-1.555587292E0,1.159843683E0
1.142988963E2,-1.271322489E0,-1.488847613E0,1.008129478E0
1.143089223E2,-8.966659307E-1,-1.350206256E0,7.844652534E-1
1.143189493E2,-5.977631211E-1,-1.178560138E0,4.955072105E-1
1.143289753E2,-3.620247245E-1,-9.737196565E-1,1.715006232E-1
1.143390023E2,-1.941236109E-1,-7.472646832E-1,-1.929761320E-1
1.143490283E2,-1.215034649E-1,-5.171529055E-1,-5.908401012E-1
1.143590553E2,-1.489670426E-1,-3.111518323E-1,-9.596639872E-1
1.143690813E2,-2.013700604E-1,-7.997310162E-2,-1.289400578E0
1.143791083E2,-2.147367299E-1,1.034558415E-1,-1.534954429E0
1.143891343E2,-1.098313555E-1,2.430917472E-1,-1.659661770E0
1.143991613E2,1.396114975E-1,4.223214090E-1,-1.671241164E0
1.144091873E2,4.785320163E-1,7.181076407E-1,-1.653906345E0
1.144192143E2,8.024555445E-1,1.135734439E0,-1.661456227E0
1.144292403E2,9.780027866E-1,1.635690331E0,-1.727602124E0
1.144392673E2,9.860152006E-1,2.097586632E0,-1.867495894E0
1.144492933E2,9.291406274E-1,2.408447981E0,-1.971238494E0
1.144593203E2,1.062897682E0,2.369071007E0,-1.945828199E0
1.144693463E2,1.553557396E0,1.954793453E0,-1.877743483E0
1.144793733E2,2.323368073E0,1.406502128E0,-1.993275166E0
1.144893993E2,3.183200598E0,9.949602485E-1,-2.419769526E0
1.144994263E2,3.856835365E0,8.305462599E-1,-2.890758514E0
1.145094523E2,4.103801727E0,8.437104225E-1,-3.184599400E0
1.145194793E2,3.833910704E0,1.038226128E0,-3.225698233E0
1.145295053E2,3.099954844E0,1.358175516E0,-3.012424231E0
1.145395323E2,2.108910322E0,1.786633611E0,-2.671893597E0
1.145495583E2,1.141758680E0,2.316643238E0,-2.382788658E0
1.145595853E2,4.631761014E-1,2.844293594E0,-2.204605579E0
1.145696113E2,1.468772590E-1,3.266094923E0,-2.041753054E0
1.145796383E2,1.684238315E-1,3.468796015E0,-1.773838639E0
1.145896643E2,4.784767628E-1,3.405954838E0,-1.407179475E0
1.145996913E2,1.015727997E0,3.109658480E0,-9.942179918E-1
1.146097182E2,1.693626404E0,2.659138441E0,-5.760100484E-1
1.146197452E2,2.378651381E0,2.221190929E0,-2.291152179E-1
1.146297712E2,2.919659138E0,1.950066924E0,2.282915264E-2
1.146397982E2,3.224003077E0,1.822584629E0,1.502590179E-1
1.146498242E2,3.314682722E0,1.779591203E0,1.051890031E-1
1.146598512E2,3.204371929E0,1.814388037E0,-3.423919529E-2
1.146698772E2,2.926023960E0,1.791119337E0,-1.892066896E-1
1.146799042E2,2.581396580E0,1.745182753E0,-3.004815280E-1
1.146899302E2,2.237367630E0,1.616973877E0,-3.987612426E-1
1.146999572E2,1.934401274E0,1.457052112E0,-5.044479966E-1
1.147099832E2,1.627246261E0,1.252937436E0,-5.766233802E-1
1.147200102E2,1.272742152E0,1.006702900E0,-5.733290315E-1
1.147300362E2,8.756522536E-1,6.957024932E-1,-4.325309396E-1
1.147400632E2,4.606531560E-1,3.356628716E-1,-1.503330767E-1
1.147500892E2,3.331168368E-2,-4.763317853E-2,2.458598167E-1
1.147601162E2,-4.095064998E-1,-4.342120290E-1,6.821535230E-1
1.147701432E2,-8.547750115E-1,-7.584260702E-1,1.102114797E0
1.147801692E2,-1.281701088E0,-9.671513438E-1,1.397434115E0
1.147901962E2,-1.732599378E0,-1.046941996E0,1.566967249E0
1.148002222E2,-2.224694252E0,-1.152131200E0,1.810999632E0
1.148102492E2,-2.718557835E0,-1.471926570E0,2.378062010E0
1.148202752E2,-3.103109360E0,-1.960329056E0,3.165329695E0
1.148303022E2,-3.238046169E0,-2.324417114E0,3.839729786E0
1.148403282E2,-3.139696598E0,-2.315530300E0,4.060729504E0
1.148503552E2,-2.948801517E0,-2.055089712E0,3.720652580E0
1.148603812E2,-2.840053797E0,-1.782192349E0,3.122677565E0
1.148704082E2,-2.874125242E0,-1.702340484E0,2.600462437E0
1.148804342E2,-2.956481457E0,-1.776504636E0,2.280116796E0
1.148904612E2,-2.959903955E0,-1.788746238E0,2.113765240E0
1.149004872E2,-2.885154486E0,-1.699893355E0,1.993740082E0
1.149105142E2,-2.812054634E0,-1.515260458E0,1.823227525E0
1.149205402E2,-2.803653955E0,-1.304054737E0,1.634492993E0
1.149305672E2,-2.866852522E0,-1.157170892E0,1.485214829E0
1.149405932E2,-2.965317249E0,-1.062522888E0,1.416263461E0
1.149506202E2,-3.045979261E0,-1.001061797E0,1.459730268E0
1.149606462E2,-3.046703100E0,-9.638110399E-1,1.549080372E0
1.149706732E2,-2.940558672E0,-9.804481268E-1,1.598754168E0
1.149806992E2,-2.741496325E0,-1.028425455E0,1.556851149E0
1.149907262E2,-2.469865561E0,-1.105448484E0,1.432119370E0
1.150007522E2,-2.136586666E0,-1.194095731E0,1.262137294E0
1.150107792E2,-1.740938425E0,-1.278484583E0,1.081058860E0
1.150208052E2,-1.283609509E0,-1.364098549E0,8.873785734E-1
1.150308322E2,-7.919749022E-1,-1.375955820E0,6.753888130E-1
1.150408582E2,-3.281931281E-1,-1.279601574E0,4.255356193E-1
1.150508852E2,3.339691088E-2,-1.131564617E0,1.337714046E-1
1.150609112E2,2.508767843E-1,-9.698897600E-1,-1.958693415E-1
1.150709382E2,3.294055462E-1,-8.043636084E-1,-5.159975290E-1
1.150809642E2,2.961194813E-1,-6.052139997E-1,-8.017627001E-1
1.150909912E2,1.994905472E-1,-3.639162481E-1,-1.046899319E0
1.151010172E2,9.180375934E-2,-4.770766944E-2,-1.278314710E0
1.151110442E2,3.018846549E-2,2.853513956E-1,-1.408928037E0
1.151210702E2,6.166250259E-2,6.529062390E-1,-1.406597495E0
1.151310972E2,1.841860116E-1,1.054320812E0,-1.250908852E0
1.151411232E2,3.988748789E-1,1.465934753E0,-1.037813902E0
1.151511502E2,6.797890663E-1,1.834607124E0,-8.515063524E-1
1.151611762E2,9.782013297E-1,2.136412144E0,-7.874439955E-1
1.151712032E2,1.331512570E0,2.212699652E0,-8.823569417E-1
1.151812292E2,1.782993793E0,1.914327383E0,-1.033072710E0
1.151912562E2,2.378245115E0,1.213113427E0,-1.278542638E0
1.152012822E2,3.090511084E0,4.140040278E-1,-1.722950935E0
1.152113092E2,3.898248672E0,-5.764560401E-2,-2.273882866E0
1.152213362E2,4.640664577E0,-1.422148049E-1,-2.694768906E0
1.152313622E2,5.109870911E0,5.369777977E-2,-2.898479700E0
1.152413892E2,5.184632301E0,4.249397814E-1,-2.884630919E0
1.152514152E2,4.806010723E0,8.215003610E-1,-2.727958679E0
1.152614422E2,4.027820110E0,1.211763978E0,-2.600636244E0
1.152714682E2,3.010151386E0,1.613446593E0,-2.589609146E0
1.152814952E2,1.988656998E0,2.044830561E0,-2.658448696E0
1.152915212E2,1.179157019E0,2.473052025E0,-2.714424133E0
1.153015482E2,6.788475513E-1,2.824998856E0,-2.637932777E0
1.153115742E2,4.466289580E-1,3.101780891E0,-2.423143864E0
1.153216012E2,4.528876543E-1,3.252741098E0,-2.078070402E0
1.153316272E2,6.804663539E-1,3.239441156E0,-1.663401365E0
1.153416542E2,1.067531228E0,3.055942535E0,-1.271555543E0
1.153516802E2,1.545340180E0,2.733655214E0,-9.917936921E-1
1.153617072E2,2.026770353E0,2.339588642E0,-8.644818068E-1
1.153717332E2,2.408650875E0,1.974903107E0,-8.774210215E-1
1.153817602E2,2.641253233E0,1.711171269E0,-1.000018597E0
1.153917862E2,2.702481985E0,1.551851869E0,-1.177225828E0
1.154018132E2,2.585612535E0,1.412166119E0,-1.352991819E0
1.154118392E2,2.314438105E0,1.247895241E0,-1.484517932E0
1.154218662E2,1.936600685E0,1.087801933E0,-1.571461558E0
1.154318922E2,1.489281178E0,9.706782103E-1,-1.630627394E0
1.154419192E2,1.010217428E0,8.408512473E-1,-1.674527287E0
1.154519462E2,5.761786699E-1,7.294456959E-1,-1.603100419E0
1.154619722E2,1.826332659E-1,5.752134323E-1,-1.398252010E0
1.154719992E2,-1.742516309E-1,3.582178652E-1,-1.016654015E0
1.154820252E2,-4.899014533E-1,9.890640527E-2,-4.891795516E-1
1.154920522E2,-7.846808434E-1,-2.160812616E-1,8.846890181E-2
1.155020782E2,-1.076436043E0,-5.723842382E-1,6.026152968E-1
1.155121052E2,-1.396133304E0,-8.515378237E-1,9.240966439E-1
1.155221312E2,-1.777434587E0,-9.975509644E-1,1.114174962E0
1.155321582E2,-2.210093737E0,-9.870002270E-1,1.296911478E0
1.155421842E2,-2.703694820E0,-1.049871564E0,1.709968567E0
1.155522112E2,-3.253074884E0,-1.371416926E0,2.501332045E0
1.155622372E2,-3.688458204E0,-2.036397934E0,3.586257458E0
1.155722642E2,-3.781008959E0,-2.655236721E0,4.534451962E0
1.155822902E2,-3.517911434E0,-2.879911423E0,4.910677433E0
1.155923172E2,-3.023257494E0,-2.681504011E0,4.595096111E0
1.156023432E2,-2.490822315E0,-2.180875301E0,3.880916357E0
1.156123691E2,-2.192244291E0,-1.771505833E0,3.173380852E0
1.156223951E2,-2.197730541E0,-1.667551517E0,2.812752247E0
1.156324221E2,-2.321453810E0,-1.772355437E0,2.851390362E0
1.156424481E2,-2.362289190E0,-1.841673613E0,2.929123402E0
1.156524751E2,-2.280660868E0,-1.679614663E0,2.883085728E0
1.156625011E2,-2.146171808E0,-1.289164901E0,2.699536800E0
1.156725281E2,-2.057241917E0,-8.134412169E-1,2.482853174E0
1.156825541E2,-2.059010506E0,-4.646339417E-1,2.364583254E0
1.156925811E2,-2.096400976E0,-3.204072118E-1,2.365961075E0
1.157026071E2,-2.086661577E0,-2.963034809E-1,2.472863197E0
1.157126341E2,-2.005612612E0,-3.134883344E-1,2.603135109E0
1.157226601E2,-1.863864422E0,-3.369971216E-1,2.672838688E0
1.157326871E2,-1.682602525E0,-3.391698003E-1,2.644762516E0
1.157427131E2,-1.507038116E0,-3.120457828E-1,2.520296097E0
1.157527401E2,-1.395599723E0,-2.663698792E-1,2.301232576E0
1.157627661E2,-1.396812201E0,-2.131561935E-1,2.039542437E0
1.157727931E2,-1.528173566E0,-1.740817130E-1,1.781032920E0
1.157828201E2,-1.751551747E0,-1.226432845E-1,1.536358118E0
1.157928461E2,-1.986640930E0,-7.297005504E-3,1.295650244E0
1.158028731E2,-2.183666945E0,1.378929466E-1,1.004596591E0
1.158128991E2,-2.341699362E0,3.005771339E-1,6.364262700E-1
1.158229261E2,-2.455942631E0,5.474183559E-1,2.669491470E-1
1.158329521E2,-2.539022923E0,8.763065934E-1,-5.931337550E-2
1.158429791E2,-2.600137711E0,1.228047371E0,-3.177585006E-1
1.158530051E2,-2.574255705E0,1.697311521E0,-5.092757344E-1
1.158630321E2,-2.429308653E0,2.056615829E0,-6.445842981E-1
1.158730581E2,-2.152154446E0,2.386525393E0,-7.779497504E-1
1.158830851E2,-1.822440743E0,2.680207014E0,-8.501424789E-1
1.158931111E2,-1.496641040E0,2.954586983E0,-8.313182592E-1
1.159031381E2,-1.208306193E0,3.153088331E0,-7.683374286E-1
1.159131641E2,-9.277765155E-1,3.224996090E0,-6.650773287E-1
1.159231911E2,-6.321483254E-1,3.067812443E0,-5.827193260E-1
1.159332171E2,-2.832701206E-1,2.585645437E0,-4.247941375E-1
1.159432441E2,9.981388599E-2,1.648266077E0,-2.502899766E-1
1.159532701E2,5.875335336E-1,7.558920979E-1,-4.168907106E-1
1.159632971E2,1.242092371E0,4.981678724E-1,-8.764601350E-1
1.159733231E2,1.857145071E0,8.897995353E-1,-1.262720823E0
1.159833501E2,2.152388334E0,1.533243299E0,-1.396145940E0
1.159933761E2,2.039671183E0,2.092699051E0,-1.328272343E0
1.160034031E2,1.664435744E0,2.478599072E0,-1.102136731E0
1.160134291E2,1.242582202E0,2.701533556E0,-8.563575745E-1
1.160234561E2,8.799813390E-1,2.855268240E0,-7.197717428E-1
1.160334821E2,6.604396701E-1,3.082352400E0,-7.697778940E-1
1.160435091E2,5.160675645E-1,3.571287394E0,-7.771767378E-1
1.160535351E2,3.651050627E-1,4.173533916E0,-3.528975844E-1
1.160635621E2,3.591720760E-1,4.215121269E0,-2.965155244E-1
1.160735881E2,4.904045165E-1,4.372368336E0,-5.100834966E-1
1.160836151E2,5.084850192E-1,4.603775978E0,-7.159777880E-1
1.160936411E2,4.873428047E-1,4.726453781E0,-7.930009365E-1
1.161036681E2,4.810212851E-1,4.633453846E0,-7.376396656E-1
1.161136941E2,5.055675507E-1,4.435465336E0,-6.231932640E-1
1.161237211E2,5.214101672E-1,4.133997917E0,-5.378125906E-1
1.161337471E2,4.977731109E-1,3.839659214E0,-4.897768795E-1
1.161437741E2,4.382482469E-1,3.653293610E0,-4.640307426E-1
1.161538001E2,3.604481518E-1,3.575474977E0,-4.281420112E-1
1.161638271E2,2.675791979E-1,3.546071768E0,-3.935400844E-1
1.161738531E2,1.787158847E-1,3.488242865E0,-3.801832497E-1
1.161838801E2,1.013244316E-1,3.429993391E0,-4.161607027E-1
1.161939061E2,2.661277354E-2,3.418377638E0,-5.218594074E-1
1.162039331E2,-5.047561973E-2,3.420590639E0,-6.914990544E-1
1.162139591E2,-1.288376749E-1,3.399870396E0,-8.859569430E-1
1.162239861E2,-2.160921544E-1,3.412969589E0,-1.021155238E0
1.162340121E2,-4.225403965E-1,3.526666641E0,-9.432108998E-1
1.162440391E2,-5.638844371E-1,3.391734123E0,-8.177317977E-1
1.162540651E2,-5.908578634E-1,3.311604738E0,-6.824647784E-1
1.162640921E2,-5.317889452E-1,3.221943855E0,-5.892171264E-1
1.162741181E2,-4.137704670E-1,3.175461054E0,-5.785525441E-1
1.162841451E2,-2.510683537E-1,3.084115267E0,-6.320810318E-1
1.162941711E2,-8.861289173E-2,2.976064205E0,-7.360713482E-1
1.163041981E2,8.363956958E-2,2.840592384E0,-8.441520333E-1
1.163142241E2,2.498756796E-1,2.635378361E0,-8.930910826E-1
1.163242511E2,3.776741326E-1,2.391274691E0,-8.747909069E-1
1.163342771E2,4.600493014E-1,2.106836796E0,-8.002840877E-1
1.163443041E2,4.443113506E-1,1.735162020E0,-7.398231626E-1
1.163543301E2,3.293904960E-1,1.399744034E0,-6.364132166E-1
1.163643571E2,1.926241219E-1,1.153122187E0,-4.790312648E-1
1.163743831E2,7.322634757E-2,1.056911588E0,-3.131189942E-1
1.163844101E2,-3.127689287E-2,1.147440672E0,-1.890069246E-1
1.163944361E2,-2.158118486E-1,1.270083189E0,-1.362361461E-1
1.164044631E2,-6.739853024E-1,1.194142342E0,-1.156011671E-1
1.164144891E2,-1.391816854E0,9.802750349E-1,-1.665964127E-1
1.164245161E2,-2.119624615E0,7.085101008E-1,-3.165286481E-1
1.164345421E2,-2.678093433E0,6.329588294E-1,-3.808900714E-1
1.164445691E2,-3.141328573E0,1.031384468E0,-2.483187169E-1
1.164545951E2,-3.258068800E0,1.080312848E0,-9.569639713E-2
1.164646221E2,-2.996061563E0,1.000193596E0,-3.230277821E-2
1.164746481E2,-2.490081787E0,8.219470382E-1,4.871403053E-2
1.164846751E2,-1.870138526E0,6.683551073E-1,1.745851487E-1
1.164947011E2,-1.244090438E0,7.336165309E-1,1.308230162E-1
1.165047281E2,-1.076133370E0,4.971637726E-1,-5.692904443E-2
1.165147541E2,-1.465528846E0,3.049093485E-1,-7.907641679E-2
1.165247811E2,-2.214194298E0,-3.628039956E-1,-3.537479341E-1
1.165348071E2,-2.713660479E0,-3.887517750E-1,-4.657828510E-1
1.165448341E2,-3.081232786E0,2.487907652E-3,-4.386601448E-1
1.165548601E2,-3.453830004E0,1.664511710E-1,-3.720233440E-1
1.165648871E2,-3.443240166E0,1.489568651E-1,-3.633534014E-1
1.165749131E2,-3.022985458E0,1.758080572E-1,-4.280578792E-1
1.165849401E2,-2.304533958E0,-7.492797449E-3,-5.671483874E-1
1.165949661E2,-1.409162879E0,-3.128567040E-1,-7.349874377E-1
1.166049930E2,-5.106652975E-1,-5.094115734E-1,-8.369415402E-1
1.166150190E2,2.299409807E-1,-7.469484210E-1,-8.676272631E-1
1.166250460E2,7.264738083E-1,-9.777542353E-1,-8.155336976E-1
1.166350720E2,1.004358888E0,-1.020609021E0,-7.414240241E-1
1.166450990E2,1.106799841E0,-1.031602859E0,-7.098805308E-1
1.166551250E2,1.094580293E0,-1.092035651E0,-6.419174075E-1
1.166651520E2,1.015423417E0,-1.137039542E0,-5.441370606E-1
1.166751780E2,8.876730800E-1,-1.175433159E0,-4.270881712E-1
1.166852050E2,7.466238141E-1,-1.191658139E0,-2.920661867E-1
1.166952310E2,6.451100707E-1,-1.083353162E0,-1.545682549E-1
1.167052580E2,6.477692127E-1,-8.037300110E-1,-5.840311199E-2
1.167152840E2,7.347761989E-1,-5.527728796E-1,4.136719275E-3
1.167253110E2,8.308377266E-1,-3.309047222E-1,6.790291518E-2
1.167353370E2,9.068490267E-1,-1.080743745E-1,1.397384852E-1
1.167453640E2,9.741932154E-1,5.572281778E-2,2.073785067E-1
1.167553900E2,1.022715211E0,7.537054271E-2,2.667523623E-1
1.167654170E2,1.022130370E0,5.110168457E-2,3.194206357E-1
1.167754430E2,9.979686737E-1,8.668020368E-2,3.192070723E-1
1.167854700E2,9.773417115E-1,8.689458668E-2,2.704773545E-1
1.167954960E2,9.810214043E-1,5.705120414E-2,2.072190046E-1
1.168055230E2,1.016209841E0,9.080864489E-2,1.410524845E-1
1.168155490E2,1.089724660E0,1.372681856E-1,7.048033178E-2
1.168255760E2,1.108261228E0,1.931290478E-1,2.078600973E-2
1.168356020E2,1.065292001E0,2.368600816E-1,-5.594313145E-2
1.168456290E2,1.002567887E0,4.215803742E-1,-1.708745211E-1
1.168556550E2,9.141281247E-1,7.798734307E-1,-2.593130469E-1
1.168656820E2,8.067587614E-1,1.162034392E0,-2.515259385E-1
1.168757080E2,7.445387840E-1,1.348779082E0,-1.584058404E-1
1.168857350E2,6.780258417E-1,1.446631908E0,-9.543087333E-2
1.168957610E2,5.698108077E-1,1.455893278E0,-4.652592540E-2
1.169057880E2,4.485046268E-1,1.222130299E0,1.784853823E-2
1.169158140E2,3.681261539E-1,8.774118423E-1,4.907089844E-2
1.169258410E2,2.779877484E-1,5.415752530E-1,3.545335680E-2
1.169358670E2,1.340754479E-1,3.451522589E-1,-2.774956636E-2
1.169458940E2,-3.143148869E-2,2.103158832E-1,-8.333107084E-2
1.169559200E2,-1.317154914E-1,1.730085313E-1,-1.226393431E-1
1.169659470E2,-1.281827986E-1,1.651796401E-1,-1.169660091E-1
1.169759730E2,-7.945469581E-3,1.491709799E-1,-4.394452646E-2
1.169859990E2,2.378879935E-1,2.554550469E-1,-1.261589862E-2
1.169960260E2,5.583848357E-1,4.281413853E-1,-3.125217184E-2
1.170060530E2,8.128674030E-1,5.065712333E-1,-1.668494754E-2
1.170160790E2,8.740002513E-1,4.469809830E-1,2.619542927E-2
1.170261050E2,6.906648278E-1,2.937261760E-1,4.032163322E-2
1.170361320E2,3.045603633E-1,1.866777837E-1,-2.558230236E-2
1.170461580E2,-1.708895117E-1,1.999179423E-1,-1.771076471E-1
1.170561850E2,-5.828626752E-1,3.415697515E-1,-3.293626606E-1
1.170662110E2,-8.701525331E-1,5.973775387E-1,-4.455571771E-1
1.170762380E2,-1.024976730E0,8.820740581E-1,-5.190849304E-1
1.170862640E2,-1.087231040E0,1.262008071E0,-5.673393011E-1
1.170962910E2,-1.098668456E0,1.777896523E0,-6.228882670E-1
1.171063170E2,-1.098030925E0,2.216306210E0,-6.907152534E-1
1.171163440E2,-1.090717912E0,2.577499628E0,-7.787778378E-1
1.171263700E2,-1.044914007E0,2.876365662E0,-8.496501446E-1
1.171363970E2,-9.454669952E-1,2.991891384E0,-8.768281937E-1
1.171464230E2,-8.007872701E-1,2.922683477E0,-8.351082206E-1
1.171564500E2,-5.958992243E-1,2.698934078E0,-6.946339011E-1
1.171664760E2,-3.329086304E-1,2.366168022E0,-4.573728740E-1
1.171765030E2,-7.654397190E-2,1.984300017E0,-1.854843348E-1
1.171865290E2,1.011647657E-1,1.549370408E0,4.868155345E-2
1.171965560E2,1.551562250E-1,1.034083486E0,1.621364802E-1
1.172065820E2,1.419669241E-1,5.293135643E-1,1.276568025E-1
1.172166090E2,8.229867369E-2,1.223254576E-1,1.968159527E-2
1.172266350E2,-5.806152709E-3,-3.123580813E-1,-7.082327455E-2
1.172366620E2,-6.498172134E-2,-6.436620951E-1,-1.740415394E-1
1.172466880E2,-8.525609970E-2,-7.600217462E-1,-2.908682823E-1
1.172567150E2,-4.620137811E-2,-7.535943389E-1,-3.425301611E-1
1.172667410E2,6.556882709E-2,-6.203899384E-1,-3.002540767E-1
1.172767680E2,2.403542101E-1,-4.091608524E-1,-1.850944608E-1
1.172867940E2,4.233149886E-1,-1.946008801E-1,-7.133753598E-2
1.172968210E2,5.508292913E-1,-3.616923466E-2,-2.543368563E-2
1.173068470E2,5.855598450E-1,3.173737600E-2,-7.052846253E-2
1.173168740E2,5.471451879E-1,4.043862224E-2,-1.747278422E-1
1.173269000E2,4.741753638E-1,3.366993368E-2,-2.784571648E-1
1.173369270E2,3.811395764E-1,2.321367897E-2,-3.547428846E-1
1.173469530E2,2.761383355E-1,-1.532998495E-2,-4.019578099E-1
1.173569800E2,1.709000468E-1,-3.786436468E-2,-4.312512279E-1
1.173670060E2,6.610438973E-2,1.852955669E-3,-4.720972180E-1
1.173770330E2,-7.884750143E-3,9.216465801E-2,-5.147405267E-1
1.173870590E2,-2.515242063E-2,2.397061735E-1,-5.348156691E-1
1.173970860E2,1.828387007E-2,3.906612098E-1,-4.875802994E-1
1.174071120E2,1.073674038E-1,5.435977578E-1,-3.728111088E-1
1.174171390E2,2.210743874E-1,6.942058206E-1,-1.994699389E-1
1.174271650E2,3.298773170E-1,8.095529079E-1,-7.489313371E-3
1.174371910E2,4.118426144E-1,8.651251197E-1,1.631077379E-1
1.174472180E2,4.572412670E-1,8.870693445E-1,2.681430578E-1
1.174572450E2,4.589451551E-1,8.677847981E-1,3.019007444E-1
1.174672710E2,4.360398352E-1,8.050050735E-1,2.822695374E-1
1.174772970E2,4.199004173E-1,6.994900107E-1,2.341741771E-1
1.174873240E2,4.358093441E-1,5.757334828E-1,1.983993948E-1
1.174973500E2,4.793933034E-1,4.696492851E-1,1.876290590E-1
1.175073770E2,5.160466433E-1,3.709962070E-1,1.995674819E-1
1.175174030E2,5.499618649E-1,2.945006192E-1,2.186618000E-1
1.175274300E2,5.875499845E-1,2.523930967E-1,2.401774675E-1
1.175374560E2,6.217167377E-1,2.327650785E-1,2.581969500E-1
1.175474830E2,6.377710700E-1,2.013102174E-1,2.649563253E-1
1.175575090E2,6.320235729E-1,1.538645923E-1,2.625195384E-1
1.175675360E2,6.017886996E-1,1.179864705E-1,2.414025217E-1
1.175775620E2,5.440946221E-1,9.081177413E-2,1.924360693E-1
1.175875890E2,4.616239965E-1,5.641678721E-2,1.160321087E-1
1.175976150E2,3.610795736E-1,1.110351551E-2,1.868529990E-2
1.176076431E2,2.823538780E-1,-2.034628764E-2,-7.312424481E-2
1.176176691E2,2.332707494E-1,-3.527931124E-2,-1.565858424E-1
1.176276961E2,2.019695491E-1,-3.238445520E-2,-2.096647769E-1
1.176377221E2,1.725296229E-1,-2.030340955E-2,-2.175261676E-1
1.176477491E2,1.495119184E-1,2.023522928E-2,-1.914399713E-1
1.176577751E2,1.198492423E-1,9.924285114E-2,-1.483468413E-1
1.176678021E2,9.404214472E-2,1.904436052E-1,-1.042211875E-1
1.176778281E2,7.372422516E-2,2.604713142E-1,-6.384526938E-2
1.176878551E2,6.443272531E-2,2.986945808E-1,-3.326765448E-2
1.176978811E2,6.980418414E-2,2.809531689E-1,-1.111599710E-2
1.177079081E2,8.350801468E-2,2.341531813E-1,-7.692769635E-3
1.177179341E2,9.036125988E-2,1.884385943E-1,-2.414525114E-2
1.177279611E2,8.469964564E-2,1.565925032E-1,-4.769345373E-2
1.177379871E2,7.675064355E-2,1.465627402E-1,-6.232432276E-2
1.177480141E2,7.043335587E-2,1.558262855E-1,-7.119744271E-2
1.177580401E2,6.474004686E-2,1.805686802E-1,-9.978568554E-2
1.177680671E2,4.514930397E-2,2.114608139E-1,-1.606447697E-1
1.177780931E2,-1.138210297E-1,2.835974693E-1,-2.008862048E-1
1.177881201E2,-3.939485550E-1,3.613736853E-2,-1.359223872E-1
1.177981461E2,-4.615966082E-1,-1.547751278E-1,-1.152719557E-1
1.178081731E2,-3.255876303E-1,-1.280601621E-1,-1.828302294E-1
1.178181991E2,-1.884442717E-1,-8.167242259E-2,-2.532681823E-1
1.178282261E2,-1.332097799E-1,-1.032176614E-1,-2.997270226E-1
1.178382521E2,-1.215355545E-1,-1.510954350E-1,-3.576593101E-1
1.178482791E2,-9.403761476E-2,-1.715421230E-1,-4.577579498E-1
1.178583051E2,-1.035713330E-1,-2.257071584E-1,-5.584943891E-1
1.178683311E2,-1.911190152E-1,-3.271442950E-1,-6.363074183E-1
1.178783581E2,-3.751197457E-1,-4.387597740E-1,-6.726225615E-1
1.178883841E2,-5.641027093E-1,-6.157433391E-1,-6.242302656E-1