"Time (s)","X (rad/s)","Y (rad/s)","Z (rad/s)"
1.011079166E-2,-2.430859953E-1,-4.921606481E-1,5.863699317E-2
2.014079167E-2,-3.963714838E-1,-5.412367582E-1,8.480415493E-2
3.017079167E-2,-4.706004560E-1,-5.669528246E-1,6.874955446E-2
4.020079166E-2,-5.036821961E-1,-5.945450068E-1,3.930208087E-2
5.023079167E-2,-5.032923222E-1,-6.339440346E-1,1.545001101E-2
6.026179167E-2,-4.815841615E-1,-6.060636640E-1,3.224290442E-3
7.029179166E-2,-4.285393357E-1,-5.201279521E-1,-1.756487787E-2
8.032179167E-2,-3.565143943E-1,-4.417143762E-1,-5.746706948E-2
9.035179167E-2,-2.858990729E-1,-3.827706277E-1,-9.947017580E-2
1.003817917E-1,-2.336508930E-1,-3.252347112E-1,-1.394969970E-1
1.104117917E-1,-1.971091330E-1,-2.636618912E-1,-1.636998057E-1
1.204427917E-1,-1.769514978E-1,-1.958027482E-1,-1.585133374E-1
1.304727917E-1,-1.796649843E-1,-1.491129994E-1,-1.301448047E-1
1.405027917E-1,-2.196310312E-1,-2.044225335E-1,-9.491724521E-2
1.505327917E-1,-2.558399141E-1,-2.424503416E-1,-7.343006134E-2
1.605627917E-1,-2.409497648E-1,-1.384253800E-1,-6.174716353E-2
1.705927917E-1,-2.078448087E-1,-5.232750997E-2,-7.362779230E-2
1.806237917E-1,-1.696201712E-1,-8.164186962E-3,-1.015698612E-1
1.906537917E-1,-1.477857232E-1,-1.025103964E-2,-1.140014976E-1
2.006837917E-1,-1.509616971E-1,-3.687535226E-2,-9.714177996E-2
2.107137917E-1,-1.820072234E-1,-1.458782703E-1,-9.172864258E-2
2.207437917E-1,-2.231714576E-1,-2.918909490E-1,-1.222777739E-1
2.307737917E-1,-2.399272621E-1,-3.188977838E-1,-1.686066687E-1
2.408047917E-1,-2.558086812E-1,-3.013204038E-1,-1.976298243E-1
2.508347917E-1,-2.596367002E-1,-2.690673769E-1,-1.901442111E-1
2.608647917E-1,-2.405465245E-1,-2.425376773E-1,-1.545158774E-1
2.708947917E-1,-1.884393841E-1,-2.198427469E-1,-9.875593334E-2
2.809247917E-1,-1.178546995E-1,-1.762473285E-1,-4.658194631E-2
2.909557917E-1,-5.497852713E-2,-1.249628365E-1,-3.603290021E-2
3.009857917E-1,-1.756422594E-2,-1.020689979E-1,-4.652227834E-2
3.110157917E-1,-3.483027220E-3,-3.767616302E-2,-5.397566780E-2
3.210457917E-1,2.811534330E-3,1.599987410E-2,-5.986153334E-2
3.310757917E-1,3.532984294E-3,5.127663910E-2,-6.386266649E-2
3.411057917E-1,-9.061411023E-3,4.516202956E-2,-4.906785116E-2
3.511367917E-1,-2.756851539E-2,-1.520970277E-2,-3.522474319E-2
3.611667917E-1,-2.375017479E-2,-3.758801892E-2,-2.973173372E-2
3.711967917E-1,-3.015333321E-3,-3.288274631E-2,-3.584954515E-2
3.812267917E-1,2.134732902E-2,-3.076621518E-2,-3.700702637E-2
3.912567917E-1,3.634838015E-2,-4.577872157E-2,-2.428723685E-2
4.012867917E-1,5.133483559E-2,-6.150550768E-2,-1.147327945E-2
4.113177917E-1,5.796157569E-2,-3.825264797E-2,1.508828998E-2
4.213477917E-1,5.917513371E-2,-2.769292891E-2,4.511393979E-2
4.313777917E-1,4.728491604E-2,-5.234581232E-2,5.214788020E-2
4.414077917E-1,2.340180054E-2,-6.354431063E-2,3.457589820E-2
4.514377917E-1,3.637150861E-3,-4.853419960E-2,1.562963799E-2
4.614687917E-1,-2.789869532E-2,-4.858705401E-2,-6.322332192E-4
4.714987917E-1,-7.275298983E-2,-3.650961816E-2,-1.428785827E-2
4.815287917E-1,-1.290999353E-1,-6.301961839E-3,-5.447380245E-2
4.915587917E-1,-1.929217875E-1,3.715123981E-2,-1.232683212E-1
5.015887917E-1,-2.342754304E-1,8.759878576E-2,-1.771927476E-1
5.116187917E-1,-2.719098926E-1,9.748470783E-2,-1.824192107E-1
5.216497917E-1,-3.023364246E-1,4.225380346E-2,-1.235381588E-1
5.316797917E-1,-3.261333704E-1,-5.544798821E-2,-5.208634585E-2
5.417088750E-1,-3.120889366E-1,-8.491621166E-2,1.878465898E-2
5.517388750E-1,-2.477917224E-1,-8.282563090E-2,7.712359726E-2
5.617688750E-1,-1.577679068E-1,-1.049239784E-1,1.013913825E-1
5.717998750E-1,-4.866512120E-2,-1.251251251E-1,9.274756163E-2
5.818298750E-1,6.840443611E-2,-9.163526446E-2,6.874959916E-2
5.918598750E-1,1.657594889E-1,-3.179323301E-2,5.377624556E-2
6.018898750E-1,2.203726470E-1,2.636182494E-2,4.328517243E-2
6.119198750E-1,2.256102860E-1,5.762200803E-2,5.557566136E-2
6.219498750E-1,1.976858377E-1,3.924589977E-2,8.240447193E-2
6.319808750E-1,1.542414129E-1,9.209435433E-3,1.131181791E-1
6.420108750E-1,1.147764251E-1,-2.077333257E-2,1.202962995E-1
6.520408750E-1,6.973171979E-2,-3.793607652E-2,1.027561873E-1
6.620708750E-1,3.236493468E-2,-1.955900714E-2,7.897186279E-2
6.721008750E-1,-7.426841184E-4,6.797764916E-3,5.689718574E-2
6.821318750E-1,-2.606682479E-2,2.428060025E-2,4.371088743E-2
6.921618750E-1,-4.915563390E-2,2.747825719E-2,3.550462425E-2
7.021918750E-1,-6.351188570E-2,4.233308136E-2,2.377835289E-2
7.122218750E-1,-7.878511399E-2,5.739432201E-2,1.009343378E-2
7.222518750E-1,-8.683509380E-2,6.540378928E-2,-9.396278765E-4
7.322818750E-1,-7.658885419E-2,7.226941735E-2,-1.298111118E-2
7.423128750E-1,-5.707891658E-2,3.748543933E-2,-2.020929940E-2
7.523428750E-1,-2.578571066E-2,-3.044540808E-2,-2.306793630E-2
7.623728750E-1,6.044408306E-3,-7.781260461E-2,-1.005567517E-2
7.724028750E-1,4.085964710E-2,-9.885264188E-2,-2.331442665E-3
7.824328750E-1,5.910839885E-2,-7.619112730E-2,-6.486049853E-3
7.924638750E-1,6.768085063E-2,-2.141842619E-2,-1.301079430E-2
8.024938750E-1,5.890982971E-2,2.777213044E-2,-1.939195022E-2
8.125238750E-1,4.100859538E-2,6.402041763E-2,-1.492502913E-2
8.225538750E-1,3.283074871E-2,7.640740275E-2,4.219380673E-3
8.325838750E-1,3.038357198E-2,5.996211991E-2,2.560509555E-2
8.426138750E-1,4.062169790E-2,2.980656922E-2,3.845421597E-2
8.526448750E-1,5.248767883E-2,1.195113827E-2,4.170247167E-2
8.626748750E-1,5.434805155E-2,2.079957724E-2,3.306896985E-2
8.727048750E-1,4.722516239E-2,2.997416630E-2,1.552432775E-2
8.827348750E-1,3.154068813E-2,2.926818468E-2,1.435185410E-2
8.927648750E-1,1.438140776E-2,4.403088987E-2,2.119538002E-2
9.027958750E-1,-1.023816876E-3,5.512033030E-2,2.341435105E-2
9.128258750E-1,-1.240563393E-2,4.693750292E-2,2.558882162E-2
9.228558750E-1,-1.661539637E-2,3.850901872E-2,2.539036982E-2
9.328858750E-1,-6.776614115E-3,4.808095470E-2,1.689621806E-2
9.429158750E-1,-3.253382631E-3,5.981753767E-2,6.862102542E-3
9.529468750E-1,-1.268816367E-2,5.404886603E-2,-1.154278638E-3
9.629768750E-1,-2.403275296E-2,2.408958785E-2,-1.548601314E-3
9.730068750E-1,-4.355771840E-2,4.087650683E-3,-1.131521165E-2
9.830368750E-1,-5.578560382E-2,6.416905206E-3,-2.704192139E-2
9.930668750E-1,-6.999090314E-2,-1.456464175E-3,-3.204919398E-2
1.003097875E0,-5.531203002E-2,-2.057784609E-2,-2.523903176E-2
1.013127875E0,-2.919254452E-2,-4.652289301E-2,-6.960426923E-3
1.023157875E0,-3.501678351E-3,-6.385297328E-2,6.892723497E-3
1.033187875E0,1.256250869E-2,-7.359135896E-2,1.109918579E-2
1.043217875E0,1.716661453E-2,-6.964968890E-2,7.485639770E-3
1.053247875E0,1.389918197E-2,-3.606296331E-2,-1.704396214E-3
1.063278875E0,-1.451520249E-3,-1.337217726E-2,-1.459108852E-2
1.073308875E0,-8.882538415E-3,-4.000780173E-3,-2.539287135E-2
1.083338875E0,-4.024939146E-3,-9.541820735E-3,-3.039510734E-2
1.093368875E0,-5.457453430E-3,-2.363127470E-2,-2.958497405E-2
1.103398875E0,-7.907652296E-3,-4.473599792E-2,-1.472107694E-2
1.113429875E0,-8.808866143E-3,-7.115482539E-2,5.697291344E-4
1.123459875E0,-1.985438168E-2,-9.820114076E-2,1.883823425E-3
1.133489875E0,-4.852783680E-2,-1.099560633E-1,2.284629270E-3
1.143519875E0,-8.904982358E-2,-9.547437727E-2,-5.265697837E-6
1.153549875E0,-1.206948385E-1,-4.673187062E-2,-4.835707135E-3
1.163580875E0,-1.374841928E-1,2.993016504E-3,-1.305389218E-2
1.173610875E0,-1.276648343E-1,3.518477827E-2,-2.407325432E-2
1.183640875E0,-9.064701200E-2,8.018642664E-2,-4.931609333E-2
1.193670875E0,-4.751525819E-2,1.106782928E-1,-8.558781445E-2
1.203700875E0,-2.322290093E-2,1.228575632E-1,-1.137838364E-1
1.213730875E0,-1.953655109E-2,1.090437546E-1,-1.264705956E-1
1.223761875E0,-2.456309274E-2,9.783400595E-2,-1.211559996E-1
1.233791875E0,1.071207318E-2,1.394456327E-1,-1.088135839E-1
1.243821875E0,8.061411977E-2,2.162571400E-1,-9.464924037E-2
1.253851875E0,1.689525098E-1,2.751590610E-1,-7.734908164E-2
1.263881875E0,2.440507114E-1,2.991928458E-1,-3.809140623E-2
1.273912875E0,2.853603363E-1,2.582469881E-1,1.977828518E-2
1.283942875E0,2.958612740E-1,1.826464981E-1,8.011273295E-2
1.293972875E0,2.890265286E-1,1.006080806E-1,1.491509229E-1
1.304002875E0,2.655679584E-1,2.993667684E-2,1.612165421E-1
1.314032875E0,2.451692224E-1,-8.650931530E-3,1.466173530E-1
1.324063875E0,2.280867547E-1,8.665232919E-3,1.239390001E-1
1.334093875E0,2.174381018E-1,5.281298608E-2,8.696766943E-2
1.344123875E0,2.030904889E-1,1.151596755E-1,5.552050471E-2
1.354153875E0,1.877032816E-1,1.854109317E-1,2.922471985E-2
1.364183875E0,1.721543074E-1,2.341711819E-1,1.597863808E-2
1.374214875E0,1.435381174E-1,2.387347668E-1,1.075032167E-2
1.384244875E0,1.269889325E-1,2.089405209E-1,1.277664863E-2
1.394274875E0,1.115468591E-1,1.698956490E-1,2.007796988E-2
1.404304875E0,1.004259735E-1,1.454852670E-1,2.366771735E-2
1.414334875E0,9.677290916E-2,1.506062597E-1,2.523978241E-2
1.424365875E0,1.058171093E-1,1.873020828E-1,2.343313955E-2
1.434395875E0,1.064437479E-1,2.346549481E-1,1.872706786E-2
1.444425875E0,8.352890611E-2,2.734756172E-1,-2.860078122E-3
1.454455875E0,4.556128383E-2,3.022143245E-1,-2.679044381E-2
1.464485875E0,4.068245180E-3,3.354564011E-1,-4.107486829E-2
1.474515875E0,-3.150439635E-2,3.765873313E-1,-5.932417884E-2
1.484546875E0,-6.108958647E-2,4.113292992E-1,-8.568189293E-2
1.494576875E0,-6.676771492E-2,4.267487526E-1,-9.531747550E-2
1.504606875E0,-4.448085278E-2,4.307880998E-1,-8.698198199E-2
1.514636875E0,1.143221743E-2,4.138211012E-1,-6.743597984E-2
1.524666875E0,8.631498367E-2,3.733527660E-1,-5.934928358E-2
1.534697875E0,1.562272161E-1,3.331443667E-1,-7.274232805E-2
1.544728750E0,1.911930293E-1,2.844000459E-1,-9.727853537E-2
1.554758750E0,1.844743937E-1,2.505893707E-1,-1.129155532E-1
1.564788750E0,1.368668079E-1,2.272726297E-1,-1.112661138E-1
1.574818750E0,4.000257701E-2,2.409980297E-1,-9.071396291E-2
1.584849750E0,-2.289819270E-1,2.677249312E-1,-5.798584223E-2
1.594879750E0,-3.266317844E-1,8.084667474E-2,-1.502479240E-2
1.604909750E0,-2.610469759E-1,-4.289369285E-2,7.716035005E-3
1.614939750E0,-1.358842701E-1,-1.797793657E-1,1.118133962E-2
1.624969750E0,-4.067095928E-3,-2.676442862E-1,2.377731912E-2
1.635000750E0,3.712481633E-2,-2.854397893E-1,5.155542120E-2
1.645030750E0,-5.993958563E-3,-2.709368467E-1,8.142231405E-2
1.655060750E0,-6.656435877E-2,-2.277704626E-1,8.640588820E-2
1.665090750E0,-1.131951585E-1,-2.100666463E-1,7.104587555E-2
1.675120750E0,-1.229327396E-1,-2.014435977E-1,3.989328071E-2
1.685151750E0,-8.769232035E-2,-1.866722256E-1,1.789037883E-2
1.695181750E0,-3.036138229E-2,-2.051875740E-1,1.211930718E-2
1.705211750E0,1.860452816E-2,-2.341528386E-1,2.337559313E-2
1.715241750E0,5.544430390E-2,-2.568781376E-1,4.346488044E-2
1.725271750E0,7.121006399E-2,-2.709378004E-1,5.558981746E-2
1.735302750E0,7.068781555E-2,-2.704903781E-1,5.901890621E-2
1.745332750E0,6.786699593E-2,-2.177837491E-1,6.147726998E-2
1.755362750E0,5.243557692E-2,-1.422993690E-1,4.748208821E-2
1.765392750E0,2.330741473E-2,-9.529495984E-2,3.280190006E-2
1.775422750E0,-1.547992788E-2,-7.923983037E-2,3.131132945E-2
1.785453750E0,-4.813648015E-2,-2.742554992E-2,4.523118585E-2
1.795483750E0,-6.740657985E-2,4.178182222E-3,7.407589257E-2
1.805513750E0,-6.088602543E-2,6.890934892E-4,1.123843417E-1
1.815543750E0,-6.409806758E-2,-5.652013421E-2,1.320797503E-1
1.825573750E0,-7.504834980E-2,-1.510407478E-1,1.524577439E-1
1.835604750E0,-8.530418575E-2,-2.345164567E-1,1.631066650E-1
1.845634750E0,-8.362866938E-2,-2.506681085E-1,1.526706368E-1
1.855664750E0,-7.777743787E-2,-2.150397897E-1,1.158444434E-1
1.865694750E0,-1.017029062E-1,-1.770164669E-1,6.058361009E-2
1.875724750E0,-1.319236606E-1,-1.027995050E-1,9.378211573E-3
1.885755750E0,-1.798402220E-1,-4.386150837E-2,-1.493320335E-2
1.895785750E0,-2.424516678E-1,-4.988078400E-2,-2.314612642E-2
1.905815750E0,-2.999947965E-1,-1.370411366E-1,-2.135282755E-2
1.915845750E0,-3.210622668E-1,-1.958796829E-1,-1.391035691E-2
1.925875750E0,-3.181210458E-1,-1.746442020E-1,-5.262257531E-3
1.935906750E0,-2.976698279E-1,-1.527364999E-1,2.337605227E-3
1.945936750E0,-2.807653546E-1,-1.135303006E-1,1.056028530E-3
1.955966750E0,-2.858922184E-1,-7.168485224E-2,-2.266581357E-2
1.965996750E0,-3.099575937E-1,-7.233640552E-2,-5.513313785E-2
1.976026750E0,-3.445323408E-1,-1.059782580E-1,-7.309082896E-2
1.986057750E0,-3.764839172E-1,-1.727847159E-1,-7.090236992E-2
1.996087750E0,-4.189605415E-1,-2.308040708E-1,-4.499780014E-2
2.006117750E0,-4.699575007E-1,-2.311969250E-1,-2.119422331E-2
2.016147750E0,-5.338448882E-1,-1.695775092E-1,2.278611530E-3
2.026177750E0,-6.141310334E-1,-7.505282760E-2,-3.025460290E-3
2.036208750E0,-6.664829254E-1,1.302589849E-2,-2.511824667E-2
2.046238750E0,-7.164479494E-1,8.139247447E-2,-1.063146815E-1
2.056268750E0,-7.039281726E-1,2.984272689E-2,-1.907427609E-1
2.066298750E0,-6.450586915E-1,-7.202485949E-2,-2.398333699E-1
2.076328750E0,-6.028611660E-1,-1.092974022E-1,-2.833425105E-1
2.086359750E0,-5.753750205E-1,-2.649800479E-1,-1.946949661E-1
2.096389750E0,-5.414000154E-1,-5.571336150E-1,5.027163401E-2
2.106419750E0,-5.763183236E-1,-9.273594618E-1,2.985683382E-1
2.116449750E0,-5.690318942E-1,-9.946919084E-1,5.149059296E-1
2.126479750E0,-4.293238223E-1,-8.908650279E-1,6.695113778E-1
2.136510750E0,-1.225204766E-1,-6.547995210E-1,6.963443756E-1
2.146540750E0,3.241414726E-1,-2.973719537E-1,6.030238271E-1
2.156570750E0,7.100827694E-1,-2.760411985E-2,4.936574101E-1
2.166600750E0,9.393982291E-1,1.332010031E-1,4.212411344E-1
2.176630750E0,9.567503333E-1,2.826887369E-1,3.687922955E-1
2.186661750E0,8.608499169E-1,2.933183908E-1,4.217208326E-1
2.196691750E0,6.888909340E-1,2.552415729E-1,4.589132071E-1
2.206721750E0,4.907112122E-1,2.090509236E-1,4.292742312E-1
2.216751750E0,3.045493364E-1,1.356291622E-1,3.303295374E-1
2.226781750E0,1.482429802E-1,3.691632301E-2,2.061694413E-1
2.236812750E0,3.989147395E-2,-5.806105584E-2,8.073482662E-2
2.246842750E0,-1.778044738E-2,-1.331107914E-1,-3.224562854E-2
2.256872750E0,-2.592892200E-2,-2.131401002E-1,-1.045821384E-1
2.266902750E0,-1.165752299E-3,-2.712513506E-1,-1.384787410E-1
2.276932750E0,1.807904802E-2,-3.007498682E-1,-1.325532049E-1
2.286963750E0,1.612109877E-2,-3.299133778E-1,-1.026135907E-1
2.296993750E0,2.391704358E-3,-3.308385611E-1,-8.261697739E-2
2.307023750E0,-9.812368080E-3,-2.877322137E-1,-7.431448251E-2
2.317053750E0,2.247489989E-3,-2.218967527E-1,-7.557921857E-2
2.327084750E0,2.174802497E-2,-1.320864409E-1,-7.485086471E-2
2.337114750E0,3.766760603E-2,-3.610318899E-2,-5.843087658E-2
2.347144750E0,3.584679961E-2,4.154606909E-2,-2.452031523E-2
2.357174750E0,3.347898275E-2,8.338619024E-2,3.952869680E-3
2.367204750E0,3.435156122E-2,1.190097257E-1,1.483165659E-2
2.377235750E0,3.353903070E-2,1.629761010E-1,8.093325421E-3
2.387265750E0,1.773573272E-2,1.838446110E-1,-1.073151734E-2
2.397295750E0,1.826807857E-3,1.899509728E-1,-2.023047954E-2
2.407325750E0,-1.312945932E-1,2.571392059E-1,-1.706429943E-2
2.417355750E0,-3.236973286E-1,7.449243963E-2,1.308960840E-2
2.427386750E0,-3.250340521E-1,-1.138904914E-1,1.357510779E-2
2.437416750E0,-2.782622874E-1,-1.331952065E-1,-1.596627198E-2
2.447446750E0,-2.078291029E-1,-1.922391653E-1,-2.806358598E-2
2.457476750E0,-6.883367896E-2,-2.189104557E-1,-5.901111662E-2
2.467506750E0,1.409175545E-1,-1.109936908E-1,-1.464745551E-1
2.477537750E0,2.825625539E-1,6.514485180E-2,-2.604232430E-1
2.487567750E0,2.526476681E-1,1.001259238E-1,-3.099716604E-1
2.497597750E0,1.064766273E-1,-1.193505079E-1,-2.314805984E-1
2.507627750E0,-7.559248060E-2,-3.647628129E-1,-9.363743663E-2
2.517658750E0,-2.625069618E-1,-4.867816567E-1,-1.210369635E-2
2.527688750E0,-4.381134808E-1,-5.087365508E-1,-2.636067942E-2
2.537722542E0,-5.184227228E-1,-4.794050455E-1,-1.027521268E-1
2.547752542E0,-3.522506952E-1,-4.854614139E-1,-1.206115857E-1
2.557782542E0,-2.803508192E-2,-3.059779406E-1,-1.416172683E-1
2.567813542E0,2.759788036E-1,-1.020969525E-1,-2.037859708E-1
2.577843542E0,4.410505891E-1,-9.604704380E-2,-2.749967575E-1
2.587873542E0,4.004488587E-1,-2.771047950E-1,-3.263323009E-1
2.597903542E0,2.249060720E-1,-9.742477536E-2,-3.118788004E-1
2.607933542E0,-2.633322030E-2,1.630332768E-1,-2.448355258E-1
2.617964542E0,-3.518053293E-1,2.179098278E-1,-2.261204123E-1
2.627994542E0,-6.847161651E-1,6.767044961E-2,-3.165548742E-1
2.638024542E0,-9.332894683E-1,-2.242058665E-1,-4.492564797E-1
2.648054542E0,-1.131550550E0,-5.409019589E-1,-5.573890209E-1
2.658085542E0,-1.328062534E0,-8.393406272E-1,-5.978075862E-1
2.668115542E0,-1.550154209E0,-1.025727987E0,-5.413746238E-1
2.678145542E0,-1.700235844E0,-1.096293688E0,-3.644956946E-1
2.688175542E0,-1.660206914E0,-1.107414484E0,-1.302065700E-1
2.698205542E0,-1.382671952E0,-8.827670217E-1,1.413365155E-1
2.708236542E0,-1.077839613E0,-7.246000171E-1,2.754109502E-1
2.718266542E0,-7.442572117E-1,-7.930245996E-1,3.029387295E-1
2.728296542E0,-4.213458300E-1,-9.114139676E-1,2.356425524E-1
2.738326542E0,-1.442660093E-1,-9.781437516E-1,1.404547840E-1
2.748356542E0,8.534757793E-2,-9.153948426E-1,1.098500267E-1
2.758387542E0,2.521948814E-1,-7.767837048E-1,2.540162802E-1
2.768417542E0,3.153384030E-1,-5.938696861E-1,5.109608769E-1
2.778447542E0,2.569099665E-1,-3.394059837E-1,7.265821695E-1
2.788477542E0,1.250254065E-1,-1.641409397E-1,8.140884042E-1
2.798508542E0,1.750933751E-2,2.060613483E-1,8.695216179E-1
2.808538542E0,-8.359645493E-3,4.260131121E-1,9.458349943E-1
2.818568542E0,-4.345238581E-2,4.811109900E-1,1.119544744E0
2.828598542E0,-1.005557179E-1,5.310072899E-1,1.447302938E0
2.838628542E0,-1.621349305E-1,6.196647286E-1,1.828403711E0
2.848659542E0,-2.085883319E-1,6.076183319E-1,2.146721840E0
2.858689542E0,-1.865927577E-1,3.071035147E-1,2.372697830E0
2.868719542E0,-8.248706162E-2,-2.165908217E-1,2.467674732E0
2.878749542E0,1.002787575E-1,-7.986324430E-1,2.543025255E0
2.888780542E0,2.853567302E-1,-1.225048661E0,2.489405394E0
2.898810542E0,4.943352640E-1,-1.684815168E0,2.342277288E0
2.908840542E0,6.584667563E-1,-2.002531528E0,2.088095427E0
2.918870542E0,6.580758095E-1,-2.025182724E0,1.704241514E0
2.928900542E0,5.180964470E-1,-1.885389686E0,1.267638326E0
2.938931542E0,3.461121321E-1,-1.463208318E0,8.193202019E-1
2.948961542E0,2.069100887E-1,-7.051447034E-1,3.757172525E-1
2.958991542E0,1.655245721E-1,2.319010198E-1,3.373353928E-2
2.969021542E0,1.139603034E-1,8.746990561E-1,1.279643774E-1
2.979052542E0,5.653003976E-2,1.095398903E0,3.712731600E-1
2.989082542E0,1.034164876E-1,9.692760706E-1,4.707035422E-1
2.999112542E0,2.110888958E-1,7.601191401E-1,4.356403649E-1
3.009142542E0,3.217732310E-1,3.771658838E-1,3.832489550E-1
3.019172542E0,4.430564940E-1,8.245568722E-2,2.355559021E-1
3.029203542E0,4.861398339E-1,-1.845698804E-1,-1.947997697E-2
3.039233542E0,4.358151555E-1,-2.462313920E-1,-2.944130301E-1
3.049263542E0,3.586768210E-1,-2.684817314E-1,-4.862459004E-1
3.059293542E0,3.793733120E-1,-6.396265030E-1,-4.913104475E-1
3.069324542E0,4.286932647E-1,-8.502820730E-1,-4.324311912E-1
3.079354542E0,4.360057712E-1,-8.539338112E-1,-3.924292028E-1
3.089384542E0,3.876754344E-1,-8.065362573E-1,-1.461666971E-1
3.099414542E0,3.524031937E-1,-5.519775152E-1,-1.407112181E-1
3.109444542E0,4.089156985E-1,-2.132576108E-1,-3.739036322E-1
3.119475542E0,4.033834934E-1,-1.833660156E-1,-3.332206607E-1
3.129505542E0,4.501524270E-1,-1.927767992E-1,-2.484049648E-1
3.139535542E0,4.872353375E-1,-2.389035374E-1,-3.019185066E-1
3.149565542E0,4.497720003E-1,-2.881483138E-1,-3.683081567E-1
3.159596542E0,3.267499506E-1,-2.527231872E-1,-4.196184874E-1
3.169626542E0,1.612500250E-1,-1.215502173E-1,-3.893809617E-1
3.179656542E0,1.112026162E-3,-1.498089358E-2,-3.181842864E-1
3.189686542E0,-1.155055612E-1,-2.428577282E-3,-2.246399224E-1
3.199717542E0,-1.693400294E-1,-8.199290931E-2,-1.542786807E-1
3.209747542E0,-1.172071546E-1,-1.954495460E-1,-1.288924068E-1
3.219777542E0,6.827441975E-3,-2.932727635E-1,-9.382470697E-2
3.229807542E0,1.392845362E-1,-3.422462940E-1,-6.267577410E-2
3.239837542E0,1.875340939E-1,-3.656757176E-1,-3.569421917E-2
3.249868542E0,1.796682924E-1,-3.859536648E-1,-3.940032050E-2
3.259898542E0,1.474437863E-1,-3.494766057E-1,-8.929784596E-2
3.269928542E0,8.272180706E-2,-2.155617028E-1,-1.543986797E-1
3.279958542E0,-6.809943821E-3,-6.514902413E-2,-2.334724665E-1
3.289989542E0,-9.422734380E-2,5.403481051E-2,-3.196470737E-1
3.300019542E0,-1.914878488E-1,1.003218740E-1,-5.339790583E-1
3.310049542E0,-1.689009666E-1,8.119244128E-2,-7.313529849E-1
3.320079542E0,-8.378688246E-2,6.292714924E-2,-6.868888736E-1
3.330110542E0,-6.019826978E-2,9.772183001E-2,-6.208079457E-1
3.340140542E0,1.115447190E-2,1.033754647E-1,-4.172567129E-1
3.350170542E0,2.716482803E-2,1.776846647E-1,-1.598386019E-1
3.360200542E0,7.944880426E-2,2.508406043E-1,-3.105238266E-2
3.370230542E0,1.213858947E-1,3.269737959E-1,8.419527113E-2
3.380261542E0,1.548200250E-1,3.383404315E-1,2.092274874E-1
3.390291542E0,1.919876039E-1,2.661744952E-1,2.730254531E-1
3.400321542E0,2.054336369E-1,5.166673288E-2,2.438321561E-1
3.410351542E0,2.094378173E-1,-1.333825141E-1,1.405376941E-1
3.420382542E0,1.838802546E-1,-2.431374937E-1,8.646674454E-2
3.430410542E0,1.471918225E-1,-2.861466408E-1,7.065174729E-2
3.440440542E0,1.093195379E-1,-2.957699895E-1,1.100795791E-1
3.450471542E0,9.093210846E-2,-2.914496958E-1,1.510483772E-1
3.460501542E0,8.970119059E-2,-2.668194473E-1,1.735140085E-1
3.470531542E0,9.440688789E-2,-2.607095838E-1,1.709368825E-1
3.480561542E0,8.853248507E-2,-2.609183788E-1,1.186941788E-1
3.490592542E0,6.731372327E-2,-2.698106766E-1,4.809498042E-2
3.500622542E0,4.713335633E-2,-3.117314875E-1,-2.972205356E-2
3.510652542E0,6.970904022E-2,-3.885963261E-1,-9.196925908E-2
3.520682542E0,1.068617329E-1,-4.140058160E-1,-1.646748781E-1
3.530713542E0,1.471750289E-1,-4.059160352E-1,-2.149634212E-1
3.540738875E0,1.712809056E-1,-3.688467145E-1,-2.316012532E-1
3.550768875E0,1.543296129E-1,-3.090960979E-1,-2.598851323E-1
3.560798875E0,1.207045466E-1,-2.519721091E-1,-3.597067893E-1
3.570829875E0,1.176903620E-1,-1.293524951E-1,-2.100948244E-1
3.580859875E0,4.368862137E-3,6.054952741E-2,-3.787939250E-2
3.590889875E0,-2.793270163E-2,2.082335502E-1,3.322449699E-2
3.600919875E0,4.665188491E-3,2.806198597E-1,1.382260174E-1
3.610950875E0,8.538253605E-4,3.572811782E-1,2.165309787E-1
3.620980875E0,2.106961608E-2,4.018936455E-1,2.206650078E-1
3.631010875E0,6.808548421E-2,4.176968634E-1,1.951266378E-1
3.641040875E0,1.057977080E-1,4.175650477E-1,1.505445242E-1
3.651070875E0,1.520363688E-1,3.974895179E-1,1.225072592E-1
3.661101875E0,2.071962953E-1,3.080560565E-1,9.307958931E-2
3.671131875E0,2.590657473E-1,2.263108343E-1,6.307839602E-2
3.681161875E0,2.953382730E-1,1.695511490E-1,6.557750702E-2
3.691191875E0,2.974352241E-1,1.447701752E-1,9.671252221E-2
3.701222875E0,2.307973504E-1,4.574424773E-2,1.675837636E-1
3.711252875E0,1.462614238E-1,-1.591188908E-1,2.263305783E-1
3.721282875E0,7.048276067E-2,-3.390300572E-1,2.531166375E-1
3.731312875E0,6.420150399E-3,-4.954046905E-1,2.528397143E-1
3.741343875E0,8.553609252E-3,-5.613358021E-1,2.517278492E-1
3.751373875E0,5.238886178E-2,-4.680355489E-1,2.464239299E-1
3.761403875E0,9.235651791E-2,-2.900727391E-1,2.122555822E-1
3.771433875E0,1.481410265E-1,-7.625101507E-2,1.376104951E-1
3.781464875E0,1.628451347E-1,1.467860639E-1,9.867268801E-2
3.791494875E0,1.241630837E-1,2.998672128E-1,1.375444792E-2
3.801524875E0,7.237951458E-2,3.814859092E-1,-1.017569602E-1
3.811554875E0,2.098608389E-2,4.220935702E-1,-2.152446061E-1
3.821585875E0,-1.030085608E-1,4.345372021E-1,-4.399373829E-1
3.831615875E0,-2.060652226E-1,4.520340562E-1,-5.163922310E-1
3.841645875E0,-4.312714338E-1,6.875085831E-1,-2.873201966E-1
3.851675875E0,-6.361234784E-1,4.924947917E-1,2.380489856E-1
3.861705875E0,-6.386780143E-1,2.732588649E-1,5.294587612E-1
4.012250375E0,-3.500941098E-1,-1.495727003E-1,4.177629203E-2
4.022280750E0,-3.665684164E-1,-2.345208675E-1,1.030993089E-1
4.032310750E0,-3.151598275E-1,-2.873968482E-1,1.285041720E-1
4.042340750E0,-2.262038440E-1,-2.784169316E-1,1.353951097E-1
4.052371750E0,-1.160461828E-1,-2.109577507E-1,1.286248118E-1
4.062401750E0,8.756439202E-4,-1.063525081E-1,1.082436442E-1
4.072431750E0,8.876544237E-2,-2.585211024E-2,9.948565811E-2
4.082462750E0,1.252150685E-1,-4.497285932E-3,1.054460779E-1
4.092492750E0,1.228902936E-1,-1.937861927E-2,9.749779105E-2
4.102522750E0,1.143479347E-1,-1.345255226E-2,7.906338573E-2
4.112553750E0,1.036680564E-1,-1.457700972E-3,5.377088860E-2
4.122583750E0,8.157553524E-2,9.242346510E-3,5.048535019E-2
4.132614750E0,3.339266405E-2,-2.789299935E-2,5.658150837E-2
4.142644750E0,-1.662016660E-2,-1.051273346E-1,6.235950068E-2
4.152674750E0,-4.850886017E-2,-2.070180029E-1,7.719090581E-2
4.162705750E0,-5.636944622E-2,-2.752431333E-1,8.950962871E-2
4.172735750E0,-2.981922962E-2,-2.850233018E-1,8.917442709E-2
4.182765750E0,4.303852096E-3,-2.582369447E-1,7.677049190E-2
4.192796750E0,1.016777009E-2,-2.263381779E-1,6.621069461E-2
4.202826750E0,-1.826173998E-2,-2.010030001E-1,6.978758425E-2
4.212856750E0,-6.386157125E-2,-1.972746104E-1,7.419512421E-2
4.222887750E0,-1.002518013E-1,-1.979491860E-1,4.695071653E-2
4.232917750E0,-1.202780604E-1,-1.412122548E-1,8.243009448E-3
4.242947750E0,-1.315861195E-1,-9.811698645E-2,-1.992338151E-2
4.252978750E0,-1.294908077E-1,-7.953489572E-2,-3.849183023E-2
4.263008750E0,-9.176339954E-2,-5.249608308E-2,-4.836949334E-2
4.273038750E0,-2.753963321E-2,-1.814182848E-2,-4.053875804E-2
4.283069750E0,3.141982108E-2,5.234335084E-3,-2.250942215E-2
4.293099750E0,5.736517906E-2,5.514601711E-3,-2.099655010E-2
4.303130750E0,5.897505581E-2,6.167875137E-3,-2.544136532E-2
4.313160750E0,4.810645804E-2,-6.506070495E-4,-2.218308859E-2
4.323190750E0,4.096093029E-2,-9.481915273E-3,-1.581414044E-2
4.333221750E0,2.806952596E-2,-9.474759921E-3,-3.709456651E-3
4.343251750E0,1.501098182E-2,-2.954594046E-2,4.094670061E-3
4.353281750E0,3.333583008E-3,-6.241910532E-2,2.590301447E-4
4.363312750E0,-6.542749703E-3,-8.864751458E-2,-6.638823077E-3
4.373342750E0,-2.784891613E-2,-1.267790347E-1,-1.745063439E-2
4.383372750E0,-5.256012082E-2,-1.584405452E-1,-2.961089462E-2
4.393403750E0,-8.764045686E-2,-1.726327538E-1,-3.468476608E-2
4.403433750E0,-1.134310439E-1,-1.621944904E-1,-3.656229749E-2
4.413463750E0,-1.375570148E-1,-1.515605301E-1,-3.633520380E-2
4.423494750E0,-1.734170020E-1,-1.533650905E-1,-2.270887792E-2
4.433524750E0,-2.238959372E-1,-1.825700402E-1,-3.586669220E-3
4.443554750E0,-2.791578770E-1,-2.316379845E-1,1.565387100E-2
4.453585750E0,-3.006911576E-1,-2.889976203E-1,2.761288732E-2
4.463615750E0,-2.723583281E-1,-3.104738891E-1,1.744121127E-2
4.473646750E0,-1.978665590E-1,-2.711164653E-1,-2.987557556E-3
4.483676750E0,-1.297580749E-1,-1.928416193E-1,-2.152076177E-2
4.493706750E0,-8.628717810E-2,-1.224526316E-1,-3.220403567E-2
4.503737750E0,-5.731305480E-2,-6.135439500E-2,-4.025769979E-2
4.513767750E0,-5.375698954E-2,-1.463688631E-2,-4.653653875E-2
4.523797750E0,-5.797090754E-2,4.658781458E-3,-4.124989733E-2
4.533828750E0,-6.663210690E-2,2.915522642E-2,-3.865873814E-2
4.543858750E0,-6.690561771E-2,4.438850284E-2,-3.569037840E-2
4.553888750E0,-7.491312176E-2,4.806795716E-2,-3.491058946E-2
4.563919750E0,-8.542435616E-2,3.445121273E-2,-3.426077589E-2
4.573949750E0,-9.155708551E-2,-8.626393043E-3,-3.295087442E-2
4.583979750E0,-1.012664363E-1,-5.899342522E-2,-3.284647688E-2
4.594010750E0,-1.127157435E-1,-1.274761111E-1,-5.587048829E-2
4.604040750E0,-1.447927058E-1,-1.755645424E-1,-1.010286435E-1
4.614071750E0,-1.968820095E-1,-2.098152936E-1,-1.799790114E-1
4.624101750E0,-2.347388417E-1,-2.282012254E-1,-2.479575276E-1
4.634131750E0,-2.365804613E-1,-2.055745721E-1,-2.866356075E-1
4.644162750E0,-2.136421353E-1,-1.791919619E-1,-3.154499531E-1
4.654192750E0,-1.953860223E-1,-1.631958187E-1,-3.336605430E-1
4.664222750E0,-1.783889234E-1,-1.535077691E-1,-3.052800298E-1
4.674253750E0,-1.556710899E-1,-1.633003950E-1,-2.303516418E-1
4.684283750E0,-1.301116794E-1,-1.856112927E-1,-1.680342108E-1
4.694313750E0,-1.090260223E-1,-2.057473511E-1,-1.582794040E-1
4.704344750E0,-1.135299653E-1,-2.370607853E-1,-2.041121423E-1
4.714374750E0,-1.467531621E-1,-2.680935264E-1,-2.466420233E-1
4.724404750E0,-2.185818106E-1,-2.628487051E-1,-2.613642216E-1
4.734435750E0,-2.930068672E-1,-2.266079038E-1,-2.335225195E-1
4.744465750E0,-3.306727409E-1,-1.892608106E-1,-1.785058677E-1
4.754495750E0,-3.201295137E-1,-1.463686973E-1,-1.001400203E-1
4.764526750E0,-2.726733088E-1,-1.250519603E-1,-2.044226043E-2
4.774556750E0,-2.315427065E-1,-1.307663321E-1,2.627861872E-2
4.784587750E0,-2.075537443E-1,-1.345685273E-1,3.876112029E-2
4.794617750E0,-2.153667957E-1,-1.406858563E-1,2.613667771E-2
4.804647750E0,-2.495559156E-1,-1.510812342E-1,-5.505939480E-4
4.814678750E0,-3.021459281E-1,-1.548399478E-1,-3.488016129E-2
4.824708750E0,-3.462947607E-1,-1.762075573E-1,-4.835309088E-2
4.834738750E0,-3.616259694E-1,-2.113430500E-1,-3.306014091E-2
4.844769750E0,-3.496715724E-1,-2.657490671E-1,-3.482542001E-3
4.854799750E0,-3.228579164E-1,-3.438335061E-1,2.389758267E-2
4.864829750E0,-2.964920700E-1,-4.353144169E-1,3.345540166E-2
4.874860750E0,-2.862310708E-1,-5.042012930E-1,3.173757717E-2
4.884890750E0,-2.895357907E-1,-4.823729396E-1,4.478147253E-2
4.894920750E0,-3.440436423E-1,-4.488395452E-1,6.582231820E-2
4.904951750E0,-4.421116114E-1,-4.868290126E-1,7.136116177E-2
4.914981750E0,-5.096489191E-1,-5.464707613E-1,5.303424597E-2
4.925012750E0,-5.366427302E-1,-5.037872195E-1,-1.264463179E-2
4.935042750E0,-5.698482990E-1,-3.872432113E-1,-9.888266772E-2
4.945072750E0,-5.869279504E-1,-3.418091536E-1,-1.286203265E-1
4.955103750E0,-6.342909336E-1,-2.285134643E-1,-1.150560454E-1
4.965133750E0,-7.338894010E-1,-6.379377097E-2,-9.260080755E-2
4.975163750E0,-8.402237296E-1,1.358945221E-1,-7.968828082E-2
4.985194750E0,-9.517840743E-1,2.964112461E-1,-7.507728040E-2
4.995224750E0,-1.018908262E0,3.136607409E-1,-3.805489466E-2
5.005254750E0,-1.006983638E0,2.785855532E-1,1.811410114E-2
5.015285750E0,-1.075817347E0,3.600381315E-2,4.056098312E-2
5.025316167E0,-1.394037366E0,-4.128775895E-1,6.203591451E-2
5.035347167E0,-1.688735723E0,-7.963976264E-1,1.428081542E-1
5.045377167E0,-1.965861320E0,-1.045195103E0,2.058015019E-1
5.055407167E0,-2.254359007E0,-1.128653884E0,2.407833785E-1
5.065438167E0,-2.580837727E0,-1.079794645E0,2.481904179E-1
5.075468167E0,-2.973016262E0,-8.873065710E-1,2.856939733E-1
5.085498167E0,-3.378917933E0,-6.512705684E-1,3.755913675E-1
5.095529167E0,-3.711729288E0,-5.021357536E-1,4.874184430E-1
5.105559167E0,-3.831662178E0,-3.862488270E-1,5.722938776E-1
5.115589167E0,-3.497112513E0,-2.887852788E-1,5.903108716E-1
5.125620167E0,-2.633542299E0,1.823531836E-1,7.588573098E-1
5.135650167E0,-1.537451029E0,1.074932933E0,1.030339718E0
5.145680167E0,-4.692904353E-1,1.967078090E0,1.321626663E0
5.155711167E0,4.267521501E-1,2.749386072E0,1.724316955E0
5.165741167E0,1.073612332E0,3.058702707E0,2.068275452E0
5.175772167E0,1.504071712E0,2.939158916E0,2.267473936E0
5.185802167E0,1.828461289E0,2.307454824E0,2.348799467E0
5.195832167E0,2.047269344E0,1.386781573E0,2.372452974E0
5.205863167E0,2.039062738E0,4.738033414E-1,2.347684622E0
5.215893167E0,1.708986282E0,-3.451756835E-1,2.232779741E0
5.225923167E0,1.150426388E0,-1.015372992E0,2.104869366E0
5.235954167E0,6.714701653E-1,-1.106502056E0,2.020412207E0
5.245984167E0,4.058171809E-1,-8.608872294E-1,1.923071146E0
5.256014167E0,3.465017378E-1,-7.387771010E-1,1.783639073E0
5.266045167E0,4.178406298E-1,-8.281980753E-1,1.590111136E0
5.276075167E0,5.178717971E-1,-9.384017587E-1,1.417690396E0
5.286106167E0,6.256315708E-1,-7.096460462E-1,1.435465097E0
5.296136167E0,5.945080519E-1,-8.450020552E-1,1.533811569E0
5.306166167E0,4.790091515E-1,-9.144535661E-1,1.611400008E0
5.316197167E0,4.222406149E-1,-8.544189334E-1,1.674664378E0
5.326227167E0,4.744952917E-1,-6.835353374E-1,1.660134435E0
5.336257167E0,5.040580630E-1,-5.058445334E-1,1.625169396E0
5.346288167E0,5.717654824E-1,1.909396052E-1,1.410166025E0
5.356318167E0,7.191180587E-1,4.469853044E-1,1.078988075E0
5.366348167E0,9.460551143E-1,2.186421454E-1,7.238256335E-1
5.376379167E0,1.179550529E0,-2.096908838E-1,4.547213316E-1
5.386409167E0,1.315356255E0,-5.529353023E-1,2.713871896E-1
5.396440167E0,1.372465253E0,-8.332545161E-1,2.155959010E-1
5.406470167E0,1.353234768E0,-9.033294320E-1,2.399829924E-1
5.416500167E0,1.331507802E0,-8.418264389E-1,3.153187931E-1
5.426531167E0,1.306911111E0,-8.521333933E-1,4.266732633E-1
5.436561167E0,1.207481980E0,-1.006108403E0,5.376982689E-1
5.446591167E0,9.968698621E-1,-1.199467778E0,6.012628675E-1
5.456622167E0,6.841474175E-1,-1.354421139E0,6.191126108E-1
5.466652167E0,3.146849275E-1,-1.349795818E0,5.749747157E-1
5.476682167E0,-1.837710291E-2,-1.222449422E0,4.719367623E-1
5.486713167E0,-2.718652785E-1,-1.102625489E0,3.280514777E-1
5.496743167E0,-4.444186389E-1,-1.071350455E0,1.797859520E-1
5.506773167E0,-5.365813375E-1,-1.121523023E0,6.412459910E-2
5.516804167E0,-5.827041864E-1,-1.209191561E0,-5.724243820E-3
5.526834167E0,-6.176640391E-1,-1.250296712E0,-3.766273335E-2
5.536865167E0,-6.346175671E-1,-1.209250927E0,-5.950563401E-2
5.546895167E0,-6.256573796E-1,-1.144358993E0,-9.663942456E-2
5.556925167E0,-5.793671608E-1,-1.120958567E0,-1.578965634E-1
5.566956167E0,-5.019578934E-1,-1.137115955E0,-2.419928014E-1
5.576986167E0,-3.948084414E-1,-1.158987999E0,-3.396123648E-1
5.587016167E0,-2.576420605E-1,-1.171107888E0,-4.538276196E-1
5.597047167E0,-6.924647093E-2,-1.106574774E0,-5.610408783E-1
5.607077167E0,1.422897577E-1,-1.055903316E0,-6.355313659E-1
5.617107167E0,3.562285304E-1,-9.641373754E-1,-6.599987745E-1
5.627138167E0,5.584490299E-1,-8.420727253E-1,-6.341514587E-1
5.637168167E0,7.442266941E-1,-6.769489646E-1,-5.642563105E-1
5.647199167E0,8.889151812E-1,-4.735492766E-1,-4.779994190E-1
5.657229167E0,9.762448668E-1,-2.917172015E-1,-3.784372509E-1
5.667259167E0,9.875515699E-1,-1.845076680E-1,-2.914365828E-1
5.677290167E0,8.500983119E-1,-3.082731068E-1,-1.909455806E-1
5.687320167E0,5.393292308E-1,-4.603742361E-1,-7.494361699E-2
5.697350167E0,1.480201036E-1,-3.244525194E-1,1.780274138E-2
5.707381167E0,-2.376349121E-1,1.198114753E-1,9.164527059E-2
5.717411167E0,-5.842972994E-1,4.365983009E-1,1.267683953E-1
5.727441167E0,-8.779861927E-1,5.081502199E-1,1.189229935E-1
5.737472167E0,-1.117731690E0,5.436833501E-1,7.538656145E-2
5.747502167E0,-1.300815463E0,5.693405271E-1,3.383485973E-2
5.757533167E0,-1.409476638E0,5.750371814E-1,1.647620834E-2
5.767563167E0,-1.440952063E0,6.502746344E-1,5.221982300E-2
5.777593167E0,-1.371590018E0,7.865049243E-1,1.507832110E-1
5.787624167E0,-1.240947008E0,1.032582760E0,3.007791042E-1
5.797654167E0,-1.094830990E0,1.341975331E0,4.793705642E-1
5.807684167E0,-9.597163200E-1,1.639372349E0,6.976743937E-1
5.817715167E0,-8.365199566E-1,1.683221102E0,9.118846655E-1
5.827745167E0,-7.175837159E-1,1.410132527E0,1.075696826E0
5.837776167E0,-5.998449922E-1,1.306125879E0,1.174275517E0
5.847806167E0,-4.557158053E-1,1.268586874E0,1.184760094E0
5.857836167E0,-2.600101233E-1,1.180238008E0,1.116752505E0
5.867867167E0,-2.133681998E-2,9.697948098E-1,9.968844652E-1
5.877897167E0,1.945526153E-1,7.086922526E-1,8.816549182E-1
5.887927167E0,3.344367445E-1,4.883412719E-1,8.160205483E-1
5.897958167E0,3.634164035E-1,3.156064153E-1,7.848953009E-1
5.907988167E0,2.828416526E-1,1.304176301E-1,7.681485415E-1
5.918018167E0,1.700018197E-1,-6.781168282E-2,7.584634423E-1
5.928049167E0,6.722059101E-2,-2.207221240E-1,7.456059456E-1
5.938079167E0,-9.894765913E-3,-2.998133302E-1,7.406483889E-1
5.948110167E0,-3.002959490E-2,-3.864941597E-1,7.530128956E-1
5.958140167E0,8.591907099E-4,-4.684022367E-1,7.622986436E-1
5.968170167E0,5.063313618E-2,-5.363050699E-1,7.608327866E-1
5.978201167E0,9.182738513E-2,-6.077541709E-1,7.666367292E-1
5.988231167E0,1.112237200E-1,-6.401209235E-1,7.886722684E-1
5.998261167E0,1.125054359E-1,-5.926893353E-1,8.155200481E-1
6.008292167E0,9.058070183E-2,-4.715905786E-1,8.535158634E-1
6.018322167E0,1.828200370E-2,-2.810368836E-1,9.132133126E-1
6.028355375E0,-8.537994325E-2,-7.180378586E-2,9.768234491E-1
6.038386375E0,-1.900361329E-1,1.115962937E-1,1.039559364E0
6.048416375E0,-2.876250148E-1,3.284146190E-1,1.110389948E0
6.058447375E0,-3.507728279E-1,5.516290665E-1,1.202766299E0
6.068477375E0,-3.791482747E-1,7.104237676E-1,1.292193174E0
6.078507375E0,-3.827245533E-1,8.093342185E-1,1.376370788E0
6.088538375E0,-3.381272554E-1,8.476139307E-1,1.456332445E0
6.098568375E0,-2.235422730E-1,8.223256469E-1,1.520724058E0
6.108598375E0,-9.134774655E-2,7.053654790E-1,1.529651761E0
6.118629375E0,-6.228059530E-3,5.310456157E-1,1.517117620E0
6.128659375E0,7.717895508E-2,4.615126252E-1,1.432695746E0
6.138690375E0,2.504826486E-1,5.299623609E-1,1.251807690E0
6.148720375E0,4.301568270E-1,6.341921091E-1,1.002818465E0
6.158750375E0,4.345520139E-1,8.620254993E-1,7.318030000E-1
6.168781375E0,4.249254763E-1,9.981961250E-1,5.578996539E-1
6.178811375E0,4.680799842E-1,9.956987500E-1,4.558406770E-1
6.188841375E0,6.394639611E-1,7.709154487E-1,2.441302687E-1
6.198872375E0,8.897374868E-1,5.610929728E-1,3.405033052E-1
6.208902375E0,9.834328294E-1,4.496149123E-1,5.026703477E-1
6.218932375E0,9.833823442E-1,4.081195891E-1,5.550923944E-1
6.228963375E0,9.002940655E-1,7.275931835E-1,5.791188478E-1
6.238993375E0,7.927939296E-1,6.990742683E-1,7.291501164E-1
6.249024375E0,6.858922243E-1,4.810678959E-1,7.661323547E-1
6.259054375E0,5.494659543E-1,5.358847976E-1,7.553674579E-1
6.269084375E0,2.376750857E-1,6.553536654E-1,7.621686459E-1
6.279115375E0,1.630209386E-3,7.142302394E-1,6.454867125E-1
6.289145375E0,-2.239315510E-1,5.292385221E-1,3.683627248E-1
6.299175375E0,-4.066123962E-1,3.063634634E-1,1.293819696E-1
6.309206375E0,-4.642871618E-1,1.910930723E-1,7.479968667E-2
6.319236375E0,-3.072113991E-1,9.384591132E-2,2.099734694E-1
6.329267375E0,-1.506207138E-1,-1.827024296E-2,3.394470513E-1
6.339297375E0,-1.186295748E-1,-8.326381445E-3,3.926349878E-1
6.349327375E0,-8.639307320E-2,1.037173346E-1,3.635042608E-1
6.359358375E0,-7.735813409E-2,2.239283919E-1,3.615589142E-1
6.369388375E0,-1.157105863E-1,2.382583320E-1,3.438946903E-1
6.379418375E0,-1.639522910E-1,3.978930414E-1,3.941687942E-1
6.389449375E0,-2.921472788E-1,4.097190797E-1,3.960931897E-1
6.399479375E0,-4.021099210E-1,3.819213808E-1,3.326480091E-1
6.409510375E0,-4.984886646E-1,4.817800522E-1,2.981345057E-1
6.419540375E0,-5.382516384E-1,3.399074972E-1,2.419570684E-1
6.429570375E0,-5.535698533E-1,2.476713061E-1,1.582389921E-1
6.439601375E0,-5.757883191E-1,2.432475090E-1,1.571766585E-1
6.449631375E0,-5.898301005E-1,1.513951123E-1,1.554370821E-1
6.459661375E0,-5.610728264E-1,1.649004966E-1,2.386117578E-1
6.469692375E0,-6.054381728E-1,1.251677275E-1,3.260025978E-1
6.479722375E0,-6.369121075E-1,4.359320924E-2,3.803859353E-1
6.489752375E0,-6.233880520E-1,1.522610933E-1,4.608917236E-1
6.499783375E0,-6.250909567E-1,2.230173498E-1,5.016271472E-1
6.509813375E0,-6.322780252E-1,2.989829481E-1,4.748933017E-1
6.519844375E0,-5.667958260E-1,8.411396146E-1,4.300611615E-1
6.529874375E0,-3.802347481E-1,1.775092125E0,7.441887259E-1
6.539904375E0,-3.408408463E-1,2.033868074E0,7.695667148E-1
6.549935375E0,-2.410609871E-1,2.090927601E0,7.068279982E-1
6.559965375E0,-1.805586666E-1,2.493371010E0,7.686247826E-1
6.569995375E0,-8.700901270E-2,3.146892071E0,8.047633171E-1
6.580026375E0,2.542733848E-1,3.868693829E0,9.176983237E-1
6.590056375E0,8.888708055E-2,3.024040222E0,8.638958335E-1
6.600087375E0,1.322017163E-1,2.563819170E0,7.870573401E-1
6.610117375E0,2.707454562E-1,2.878810644E0,7.695068121E-1
6.620147375E0,3.925198317E-1,3.515568733E0,7.064551711E-1
6.630178375E0,3.016913831E-1,3.738187790E0,6.713336706E-1
6.640208375E0,2.318641394E-1,3.531363726E0,6.565827727E-1
6.650238375E0,4.374882579E-2,2.623283863E0,6.154984236E-1
6.660269375E0,-7.530087233E-1,1.248907328E0,5.512834787E-1
6.670299375E0,-1.586513996E0,8.654196262E-1,4.146164656E-1
6.680330375E0,-2.110638380E0,1.205157995E0,1.299359947E-1
6.690360375E0,-2.300035954E0,1.693598509E0,-1.511726379E-1
6.700390375E0,-2.211604595E0,1.935849786E0,-3.503946662E-1
6.710421375E0,-1.731082082E0,1.805489659E0,-5.518481731E-1
6.720451375E0,-9.546720982E-1,1.497291565E0,-5.713126659E-1
6.730481375E0,-2.817200422E-1,1.211014867E0,-2.818584740E-1
6.740512375E0,2.254420668E-1,7.030446529E-1,1.676519662E-1
6.750542375E0,4.655129910E-1,5.832630992E-1,6.065959930E-1
6.760573375E0,3.839588165E-1,7.925756574E-1,8.363484144E-1
6.770603375E0,3.250252008E-1,9.838470817E-1,8.180772662E-1
6.780633375E0,4.156841040E-1,8.782748580E-1,6.494080424E-1
6.790664375E0,6.663905978E-1,5.134151578E-1,4.754261076E-1
6.800694375E0,8.490991592E-1,7.670095563E-2,3.747732043E-1
6.810725375E0,7.213007212E-1,1.747470945E-1,3.789913952E-1
6.820755375E0,3.376440108E-1,3.819762468E-1,3.645318151E-1
6.830785375E0,-5.383427069E-2,5.244143009E-1,2.849536240E-1
6.840816375E0,-3.499367237E-1,6.429547668E-1,2.774598598E-1
6.850846375E0,-5.955089331E-1,7.471288443E-1,3.181974292E-1
6.860876375E0,-9.113557935E-1,9.673644304E-1,4.106505513E-1
6.870907375E0,-1.114185572E0,1.384196281E0,6.476737857E-1
6.880937375E0,-1.168809414E0,1.577361345E0,8.767483234E-1
6.890968375E0,-1.119151473E0,1.731191874E0,9.915888906E-1
6.900998375E0,-1.004836321E0,2.075003386E0,9.932193756E-1
6.911028375E0,-7.417621613E-1,2.576078892E0,8.201218843E-1
6.921059375E0,-4.053252637E-1,3.121248245E0,4.145442843E-1
6.931089375E0,1.420012116E-1,3.517462015E0,-1.442516297E-1
6.941119375E0,9.419751167E-1,4.070307732E0,-6.694271564E-1
6.951150375E0,1.750899434E0,4.519240379E0,-1.058792710E0
6.961180375E0,2.379786015E0,4.749954700E0,-1.278177381E0
6.971211375E0,2.867471218E0,4.968478680E0,-1.348942399E0
6.981241375E0,3.018810749E0,5.056924343E0,-1.382606030E0
6.991271375E0,2.955650806E0,5.217455864E0,-1.392189860E0
7.001302375E0,2.656271219E0,5.307044506E0,-1.441578627E0
7.011332375E0,2.142009497E0,5.390102863E0,-1.476380348E0
7.021362375E0,1.529433727E0,5.374333382E0,-1.386464119E0
7.031393542E0,1.253034353E0,5.335636139E0,-1.157255411E0
7.041423542E0,1.251033187E0,4.848369598E0,-9.232501984E-1
7.051454542E0,1.421025872E0,4.104706287E0,-7.278082967E-1
7.061484542E0,1.661218047E0,3.474739790E0,-5.625734329E-1
7.071514542E0,1.882555485E0,3.076299667E0,-4.077550769E-1
7.081545542E0,2.079221725E0,2.817194700E0,-2.692117095E-1
7.091575542E0,2.178008556E0,2.529898643E0,-1.014325693E-1
7.101605542E0,2.168392897E0,2.221578121E0,1.080546007E-1
7.111636542E0,1.966951609E0,2.048187017E0,3.329609334E-1
7.121666542E0,1.303260803E0,2.085302830E0,3.038118482E-1
7.131697542E0,7.781493068E-1,2.127834558E0,2.471254021E-1
7.141727542E0,5.313483477E-1,2.022934675E0,3.858301640E-1
7.151757542E0,5.067836046E-1,1.825940728E0,5.779743195E-1
7.161788542E0,5.497540832E-1,1.620485187E0,7.948905230E-1
7.171818542E0,5.249328613E-1,1.327641249E0,1.075456381E0
7.181848542E0,3.534065783E-1,9.532498717E-1,1.307508945E0
7.191879542E0,2.279037684E-1,9.317530990E-1,1.480947018E0
7.201909542E0,2.479480356E-1,8.237401843E-1,1.581517696E0
7.211940542E0,2.637996674E-1,4.424031675E-1,1.742601156E0
7.221970542E0,2.827337086E-1,1.789657027E-1,1.889302015E0
7.232000542E0,4.799511731E-1,6.731534749E-2,1.892529488E0
7.242031542E0,8.124230504E-1,1.576611102E-1,2.025283575E0
7.252061542E0,1.449846745E0,2.864486575E-1,2.216469049E0
7.262092542E0,2.187895060E0,4.657992423E-1,2.225249290E0
7.272122542E0,2.556698799E0,7.681692243E-1,1.999459624E0
7.282152542E0,2.503429890E0,8.966740370E-1,1.848979592E0
7.292183542E0,2.111396551E0,7.125649452E-1,1.857401133E0
7.302213542E0,1.549878836E0,5.949332714E-1,2.008279562E0
7.312243542E0,1.239532709E0,4.524938166E-1,2.236179829E0
7.322274542E0,1.220746040E0,2.315140963E-1,2.466553211E0
7.332304542E0,1.399100304E0,1.832030267E-1,2.690581322E0
7.342335542E0,1.533415556E0,1.037597656E-1,2.803092003E0
7.352365542E0,1.513822317E0,-1.487164199E-1,2.754078150E0
7.362395542E0,1.265114546E0,-3.574754894E-1,2.347694874E0
7.372426542E0,7.959238887E-1,-3.236469626E-1,1.726573467E0
7.382456542E0,1.448744535E-1,-2.162398249E-1,1.152331352E0
7.392486542E0,-5.211693645E-1,3.557355106E-1,5.947551727E-1
7.402517542E0,-9.464438558E-1,7.242867351E-1,1.540261209E-1
7.412547542E0,-1.028893352E0,1.025056124E0,-9.590568393E-2
7.422578542E0,-8.352751136E-1,1.220107317E0,-2.614174783E-1
7.432608542E0,-4.502762854E-1,1.416867256E0,-4.020206630E-1
7.442638542E0,3.051490337E-2,1.769848228E0,-3.932409286E-1
7.452669542E0,5.653429031E-1,2.131402254E0,-3.026860058E-1
7.462699542E0,1.149178028E0,2.408918619E0,-1.777133942E-1
7.472730542E0,1.771372795E0,2.668508530E0,-8.416053653E-2
7.482760542E0,2.194339037E0,2.452838182E0,-7.684066147E-2
7.492790542E0,2.191380262E0,2.376719475E0,-9.263746440E-2
7.502821542E0,1.863379717E0,2.338700294E0,-1.075228527E-1
7.512851542E0,1.287359595E0,2.223708153E0,-1.811853498E-1
7.522881542E0,5.330579281E-1,1.794748187E0,-3.302326202E-1
7.532912542E0,-4.883386493E-1,1.522610426E0,-4.339571297E-1
7.542942542E0,-1.197574019E0,1.273901820E0,-5.102968216E-1
7.552973542E0,-1.402563930E0,1.081781387E0,-6.797966361E-1
7.563003542E0,-1.261636019E0,9.052749872E-1,-9.937382936E-1
7.573033542E0,-1.129430532E0,8.734629750E-1,-1.172013044E0
7.583064542E0,-1.114015698E0,7.600452304E-1,-1.062634587E0
7.593094542E0,-1.192734003E0,6.087740064E-1,-7.850108743E-1
7.603124542E0,-1.252805114E0,4.485431015E-1,-5.637773275E-1
7.613155542E0,-1.331409931E0,3.357097507E-1,-4.424125850E-1
7.623185542E0,-1.412186265E0,3.149989545E-1,-4.234932661E-1
7.633216542E0,-1.440708637E0,3.626197577E-1,-4.558490515E-1
7.643246542E0,-1.518638253E0,3.133355081E-1,-4.195457101E-1
7.653276542E0,-1.624204636E0,2.335434705E-1,-2.828011513E-1
7.663307542E0,-1.685112715E0,1.982255280E-1,-1.584612429E-1
7.673337542E0,-1.681819201E0,2.100417167E-1,-3.469533920E-1
7.683368542E0,-1.605132461E0,3.899168968E-1,-5.819194317E-1
7.693398542E0,-1.491933465E0,5.216451287E-1,-7.680475116E-1
7.703428542E0,-1.339493155E0,5.958599448E-1,-7.780090570E-1
7.713459542E0,-1.136114836E0,6.172339320E-1,-6.079302430E-1
7.723489542E0,-9.008823633E-1,5.225174427E-1,-4.471968710E-1
7.733520542E0,-7.404053211E-1,2.910650074E-1,-3.264986873E-1
7.743550542E0,-7.090532184E-1,3.879904374E-2,-2.837897837E-1
7.753580542E0,-8.473168015E-1,-2.096214145E-1,-3.715196252E-1
7.763611542E0,-1.138482690E0,-5.213925242E-1,-5.113971233E-1
7.773641542E0,-1.499057412E0,-8.521475792E-1,-5.432112813E-1
7.783671542E0,-1.825285673E0,-1.156313777E0,-4.158323407E-1
7.793702542E0,-2.050812483E0,-1.498667955E0,-1.806906760E-1
7.803732542E0,-2.202978134E0,-1.822394729E0,3.079577163E-2
7.813763542E0,-2.052586794E0,-1.927346468E0,6.634763628E-2
7.823793542E0,-1.724747539E0,-1.614851952E0,-3.749359250E-1
7.833823542E0,-1.400966644E0,-1.326448083E0,-7.759763002E-1
7.843854542E0,-1.089642763E0,-1.294488907E0,-9.270762801E-1
7.853884542E0,-8.541375995E-1,-1.220674872E0,-9.187076092E-1
7.863914542E0,-6.997987628E-1,-1.219644427E0,-8.710285425E-1
7.873945542E0,-5.628734231E-1,-9.796997905E-1,-8.312382698E-1
7.883975542E0,-4.537388384E-1,-4.688065350E-1,-6.756796241E-1
7.894006542E0,-2.938461006E-1,-3.636170030E-1,-3.056216836E-1
7.904036542E0,4.036525190E-1,-2.404906452E-1,7.147967815E-1
7.914066542E0,7.358384728E-1,-1.160312742E-1,-1.237679124E-1
7.924097542E0,9.425582886E-1,1.801215261E-1,-8.256540298E-1
7.934127542E0,7.559418082E-1,4.173657596E-1,-1.037912250E0
7.944158542E0,4.333099425E-1,2.660503089E-1,-1.161841869E0
7.954188542E0,1.287811995E-1,2.166398615E-1,-1.103937626E0
7.964218542E0,-8.499000221E-2,3.065198362E-1,-9.118962884E-1
7.974249542E0,-1.036614254E-1,3.289918602E-1,-5.912759304E-1
7.984279542E0,-5.381569639E-2,3.994263113E-1,-1.873681396E-1
7.994310542E0,-7.205196470E-2,5.955162048E-1,-4.259764403E-2
8.004340542E0,-1.272685081E-1,8.943905830E-1,-1.549588293E-1
8.014370542E0,-3.773965836E-1,1.245647788E0,-1.785195470E-1
8.024401542E0,-4.044317603E-1,1.240014791E0,-2.982107103E-1
8.034431667E0,-4.695197046E-1,1.382218242E0,-7.377415150E-2
8.044461667E0,-4.433693290E-1,1.000389576E0,1.601576954E-1
8.054492667E0,-1.636449993E-1,7.160033584E-1,3.861399591E-1
8.064522667E0,1.765765101E-1,6.896641254E-1,4.856236875E-1
8.074553667E0,6.074200273E-1,7.152738571E-1,2.473658472E-1
8.084583667E0,1.497676611E0,1.552665114E0,-2.427698225E-1
8.094613667E0,2.136648655E0,1.907123566E0,-8.744335175E-2
8.104644667E0,2.013063908E0,1.373461962E0,5.754191875E-1
8.114674667E0,1.430589080E0,6.532154083E-1,1.638214827E0
8.124705667E0,6.144755483E-1,1.520475894E-1,2.184521914E0
8.134735667E0,-4.642198607E-2,-1.092790961E-1,2.057247877E0
8.144765667E0,-4.212803841E-1,3.309959546E-2,1.564832807E0
8.154796667E0,-5.450670123E-1,7.745294273E-2,9.685672522E-1
8.164826667E0,-4.456713796E-1,3.270791844E-3,5.256434679E-1
8.174856667E0,-1.972178817E-1,-9.916396439E-2,4.030471742E-1
8.184887667E0,5.870834738E-2,-2.228313386E-1,5.496223569E-1
8.194917667E0,2.753879130E-1,-3.237070739E-1,8.093189597E-1
8.204948667E0,4.316489995E-1,-3.261196911E-1,9.493875504E-1
8.214978667E0,6.102829576E-1,-2.333386391E-1,7.914077640E-1
8.225008667E0,8.121526837E-1,-3.490924835E-2,5.234117508E-1
8.235039667E0,8.919801116E-1,8.735886961E-2,3.242927790E-1
8.245069667E0,8.800496459E-1,1.945738196E-1,3.906253576E-1
8.255100667E0,8.511346579E-1,1.874429286E-1,5.673503280E-1
8.265130667E0,8.139905930E-1,2.110011280E-1,8.193640113E-1
8.275160667E0,7.537765503E-1,1.491012722E-1,1.110760212E0
8.285191667E0,6.476145983E-1,1.368492693E-1,1.328767538E0
8.295221667E0,5.954629779E-1,1.188479066E-1,1.447280884E0
8.305252667E0,6.703070402E-1,1.149662286E-1,1.525010109E0
8.315282667E0,7.518165708E-1,6.543063372E-2,1.535750389E0
8.325312667E0,7.870123386E-1,2.186273597E-2,1.384953141E0
8.335343667E0,6.718559265E-1,-7.301663607E-2,1.200142264E0
8.345373667E0,4.241554439E-1,-2.746522427E-1,9.805793762E-1
8.355403667E0,1.825822294E-1,-5.361706614E-1,6.772631407E-1
8.365434667E0,-3.199428320E-4,-7.935521603E-1,3.491494954E-1
8.375464667E0,-1.932867318E-1,-1.080381393E0,1.277561188E-1
8.385495667E0,-3.358929455E-1,-1.189939022E0,-5.432963371E-2
8.395525667E0,-4.614221156E-1,-1.204084992E0,-1.785581112E-1
8.405555667E0,-5.575734377E-1,-1.164782882E0,-1.915005594E-1
8.415586667E0,-6.195875406E-1,-1.122112155E0,-1.638247222E-1
8.425616667E0,-7.525274158E-1,-1.093626142E0,-1.330666989E-1
8.435647667E0,-7.978067398E-1,-9.564060569E-1,-7.957123965E-2
8.445677667E0,-7.035557032E-1,-8.150247931E-1,-9.271157533E-2
8.455707667E0,-5.332449675E-1,-6.534593105E-1,-1.414058805E-1
8.465738667E0,-3.636735380E-1,-4.908558726E-1,-1.860133260E-1
8.475768667E0,-2.608302534E-1,-5.128970146E-1,-2.392344773E-1
8.485799667E0,-3.142942190E-1,-5.361439586E-1,-2.375225425E-1
8.495829667E0,-4.642986059E-1,-5.389410853E-1,-1.862747967E-1
8.505859667E0,-5.977271795E-1,-5.297495127E-1,-1.417675763E-1
8.515890667E0,-6.807128787E-1,-5.194870234E-1,-1.898690462E-1
8.525920667E0,-7.102048397E-1,-4.805777371E-1,-2.310990393E-1
8.535951667E0,-7.045890689E-1,-4.011364579E-1,-1.909132600E-1
8.545981667E0,-6.881079078E-1,-3.451544642E-1,-3.880434483E-2
8.556011667E0,-6.247651577E-1,-2.954785228E-1,2.456353605E-1
8.566042667E0,-5.660231113E-1,-2.753041387E-1,5.213484764E-1
8.576072667E0,-4.782365859E-1,-2.226912528E-1,6.437287331E-1
8.586102667E0,-2.521185875E-1,1.676426455E-2,9.473602176E-1
8.596133667E0,1.983090863E-2,6.116262078E-2,1.541715145E0
8.606163667E0,2.200722098E-1,4.672563635E-3,2.151830196E0
8.616194667E0,3.708356023E-1,-9.297835827E-2,2.644949198E0
8.626224667E0,3.324142098E-1,-1.392502338E-1,2.750265121E0
8.636254667E0,2.614287138E-1,-1.542097889E-2,2.350473404E0
8.646285667E0,2.615254521E-1,8.481021971E-2,1.623764396E0
8.656315667E0,2.502584159E-1,1.203381196E-1,9.269650578E-1
8.666346667E0,1.834055483E-1,4.108951613E-2,3.866707683E-1
8.676376667E0,1.216068789E-1,-1.060551926E-1,-1.597362943E-2
8.686406667E0,1.121719778E-1,-1.707790941E-1,-2.474811524E-1
8.696437667E0,1.727567613E-1,-9.718717635E-2,-3.825151324E-1
8.706467667E0,2.843229473E-1,-5.118914321E-2,-5.727998018E-1
8.716498667E0,4.240432978E-1,1.358039081E-1,-7.890586257E-1
8.726528667E0,4.990007579E-1,2.482253760E-1,-9.865326881E-1
8.736558667E0,4.224300683E-1,3.298296928E-1,-1.084241986E0
8.746589667E0,1.729849577E-1,3.849340975E-1,-1.101128221E0
8.756619667E0,-2.045191973E-1,3.311361074E-1,-1.242635012E0
8.766649667E0,-4.597064555E-1,4.010244906E-1,-1.400642753E0
8.776680667E0,-4.316202402E-1,5.274907947E-1,-1.268452406E0
8.786710667E0,-2.349503636E-1,3.876892328E-1,-1.082432151E0
8.796741667E0,-5.242663622E-2,3.036531806E-1,-8.683853149E-1
8.806771667E0,-9.277522564E-2,1.923679709E-1,-6.676495075E-1
8.816801667E0,-3.396510482E-1,5.908421427E-2,-4.151344895E-1
8.826832667E0,-6.264238358E-1,-8.553825319E-2,-2.980485260E-1
8.836862667E0,-7.673838735E-1,-3.800562397E-2,-1.656382680E-1
8.846893667E0,-8.180392981E-1,-1.414900273E-2,-2.839655876E-1
8.856923667E0,-8.519772887E-1,1.305029839E-1,-5.760695934E-1
8.866953667E0,-8.907684088E-1,2.817395329E-1,-6.097635627E-1
8.876984667E0,-9.104012251E-1,2.148398608E-1,-4.547433555E-1
8.887014667E0,-9.146484137E-1,2.779358327E-1,-2.382040322E-1
8.897045667E0,-9.467722178E-1,3.000949323E-1,-1.995197535E-1
8.907075667E0,-1.148753524E0,2.943955958E-1,-1.808393449E-1
8.917105667E0,-1.327732086E0,2.112668753E-1,-2.599474788E-1
8.927136667E0,-1.470685959E0,2.521355152E-1,-1.770550162E-1
8.937166667E0,-1.661487341E0,2.836308479E-1,-5.277114362E-2
8.947197667E0,-1.868469596E0,1.634068787E-1,-4.559489340E-2
8.957227667E0,-2.179436684E0,3.921647370E-2,-1.194062680E-1
8.967257667E0,-2.381449223E0,-8.322160691E-2,-3.146647513E-1
8.977288667E0,-2.530789375E0,-2.499783784E-1,-5.247295499E-1
8.987318667E0,-2.638506651E0,-3.132253885E-1,-7.488039136E-1
8.997349667E0,-2.682930470E0,-5.248970985E-1,-9.416024089E-1
9.007379667E0,-2.615281820E0,-5.620357990E-1,-9.849087000E-1
9.017409667E0,-2.522473812E0,-5.641586185E-1,-9.589028955E-1
9.027437875E0,-2.474763393E0,-4.905815423E-1,-8.597507477E-1
9.037467875E0,-2.540056467E0,-4.406445920E-1,-7.571389079E-1
9.047498875E0,-2.732085466E0,-4.214633107E-1,-7.589304447E-1
9.057528875E0,-2.863416672E0,-3.432244360E-1,-8.954022527E-1
9.067558875E0,-3.041243792E0,-2.406218350E-1,-1.262306094E0
9.077589875E0,-3.333055496E0,-1.262161732E-1,-1.722741127E0
9.087619875E0,-3.463955641E0,-2.020565607E-2,-2.255010366E0
9.097649875E0,-3.434427261E0,6.423025858E-3,-2.619863033E0
9.107680875E0,-3.218885899E0,6.032331660E-2,-2.823603630E0
9.117710875E0,-2.854921818E0,3.053173721E-1,-2.845284700E0
9.127741875E0,-2.318527699E0,4.758142233E-1,-2.677979946E0
9.137771875E0,-1.858500838E0,5.888978839E-1,-2.305306196E0
9.147801875E0,-1.525524259E0,6.271353960E-1,-1.808396697E0
9.157832875E0,-1.139532566E0,4.750459790E-1,-1.357776046E0
9.167862875E0,-7.807412148E-1,2.917017043E-1,-1.047453761E0
9.177893875E0,-5.865054131E-1,2.811457515E-1,-9.094074368E-1
9.187923875E0,-4.185516238E-1,4.360559583E-1,-8.553323150E-1
9.197953875E0,-1.700062603E-1,5.956287980E-1,-7.244547606E-1
9.207984875E0,2.448853552E-1,1.005751848E0,-5.350349545E-1
9.218014875E0,3.260185719E-1,1.133512497E0,-4.403023124E-1
9.228045875E0,4.727401137E-1,1.092461348E0,-3.270713985E-1
9.238075875E0,4.534793198E-1,9.599941373E-1,-3.897568882E-1
9.248105875E0,5.343685150E-1,8.873751760E-1,-7.275342345E-1
9.258136875E0,6.677539945E-1,8.317883015E-1,-9.580180645E-1
9.268166875E0,7.025352716E-1,3.474696875E-1,-1.190736771E0
9.278197875E0,1.230456114E0,6.939021945E-1,-1.365179420E0
9.288227875E0,1.466641784E0,6.975401044E-1,-1.669319272E0
9.298257875E0,1.491543412E0,5.076218247E-1,-2.081688404E0
9.308288875E0,1.101949215E0,2.020673513E0,-2.781956434E0
9.318318875E0,1.015164256E0,2.886317253E0,-3.456162453E0
9.328349875E0,8.598414063E-1,3.875477791E0,-3.784876823E0
9.338379875E0,6.901895404E-1,4.476281166E0,-2.755018234E0
9.348409875E0,8.512230515E-1,3.975709438E0,-1.484401464E0
9.358440875E0,9.471751451E-1,3.954859972E0,-5.818116665E-1
9.368470875E0,6.048492193E-1,4.468768120E0,6.851773709E-2
9.378501875E0,1.180428341E-1,5.484245300E0,4.790993407E-2
9.388531875E0,-9.030035138E-2,6.751348495E0,-2.195438892E-1
9.398561875E0,2.392365336E-1,6.939208984E0,8.519497514E-2
9.408592875E0,1.012449384E0,6.354468346E0,3.118909001E-1
9.418622875E0,1.067317963E0,5.125035763E0,3.888986111E-1
9.428652875E0,9.888231158E-1,4.262132168E0,2.342938483E-1
9.438683875E0,7.098931670E-1,3.810419798E0,1.152284443E-1
9.448713875E0,4.370710552E-1,3.283961773E0,6.016306579E-2
9.458744875E0,3.735751510E-1,2.569180965E0,-1.535135359E-1
9.468774875E0,3.954095244E-1,1.727419853E0,-3.935578763E-1
9.478804875E0,3.623503745E-1,9.472458363E-1,-6.540906429E-1
9.488835875E0,3.527244925E-2,2.607914805E-1,-9.013773203E-1
9.498865875E0,-5.601560473E-1,-5.487425923E-1,-1.078679919E0
9.508896875E0,-9.565259218E-1,-1.712399125E0,-1.149694681E0
9.518926875E0,-1.025468349E0,-2.904855490E0,-9.932547808E-1
9.528956875E0,-6.623048186E-1,-3.982110739E0,-6.701644063E-1
9.538987875E0,-3.432040215E-1,-4.531619549E0,-3.235534430E-1
9.549017875E0,-3.367496729E-1,-4.448191166E0,-1.125162467E-1
9.559048875E0,-3.159059286E-1,-4.043236256E0,-3.882551193E-2
9.569078875E0,-2.852554619E-1,-3.318347931E0,-4.552251101E-2
9.579108875E0,-2.796311378E-1,-2.504530191E0,-6.276860833E-2
9.589139875E0,-1.923981905E-1,-1.720971227E0,-9.164249897E-2
9.599169875E0,-1.424508691E-1,-1.159927607E0,-1.950436737E-3
9.609200875E0,-6.428612024E-2,-1.264966965E0,9.761163592E-2
9.619230875E0,-4.144285619E-2,-2.419993401E0,2.128713727E-1
9.629260875E0,-1.977829188E-1,-3.093479872E0,3.782750368E-1
9.639291875E0,-2.789856195E-1,-2.741719961E0,5.828457475E-1
9.649321875E0,-2.902993560E-1,-2.469452858E0,7.398785353E-1
9.659352875E0,-3.327517211E-1,-2.443866014E0,8.915319443E-1
9.669382875E0,-2.739602923E-1,-2.616160631E0,9.409861565E-1
9.679412875E0,-3.809647858E-1,-2.569144964E0,8.980754018E-1
9.689443875E0,-4.882630706E-1,-2.299322128E0,8.104098439E-1
9.699473875E0,-3.448853791E-1,-1.964843273E0,6.498311162E-1
9.709504875E0,-6.539518386E-2,-1.724407434E0,4.520748854E-1
9.719534875E0,1.466217339E-1,-2.049994707E0,6.489254534E-2
9.729564875E0,-1.231147349E-1,-2.016720533E0,-5.586574078E-1
9.739595875E0,-4.585159123E-1,-2.063150406E0,-7.120408416E-1
9.749625875E0,-7.451029420E-1,-2.257376432E0,-4.752925038E-1
9.759656875E0,-9.700809121E-1,-2.335773945E0,5.765988491E-3
9.769686875E0,-1.013721585E0,-2.354291201E0,1.449202895E-1
9.779716875E0,-1.091972947E0,-2.098033428E0,2.289305031E-1
9.789747875E0,-9.171801209E-1,-1.845795512E0,2.055424452E-1
9.799777875E0,-6.005731225E-1,-1.808089972E0,1.191002354E-1
9.809808875E0,-3.991016448E-1,-1.883026361E0,1.637596264E-2
9.819838875E0,-3.275033534E-1,-2.082621574E0,-8.373945206E-2
9.829868875E0,-3.753007054E-1,-2.314195156E0,-1.972745359E-1
9.839899875E0,-4.703246951E-1,-2.459092617E0,-2.870257497E-1
9.849929875E0,-5.426023006E-1,-2.347989082E0,-3.799167275E-1
9.859960875E0,-5.963187814E-1,-2.011435032E0,-4.686937332E-1
9.869990875E0,-6.678525805E-1,-1.797492266E0,-5.121411681E-1
9.880020875E0,-6.778239608E-1,-1.673332691E0,-4.433229566E-1
9.890051875E0,-5.845087767E-1,-1.524851918E0,-3.749994934E-1
9.900081875E0,-4.498718679E-1,-1.318429232E0,-3.070944846E-1
9.910112875E0,-3.163207173E-1,-1.144805789E0,-1.709821820E-1
9.920142875E0,-1.859318167E-1,-9.059672952E-1,-2.072770521E-2
9.930172875E0,-8.448426425E-2,-5.958920121E-1,1.627077013E-1
9.940203875E0,-1.035251934E-2,-4.075617790E-1,2.749556601E-1
9.950233875E0,2.755046356E-3,-5.070029497E-1,2.885756493E-1
9.960264875E0,5.808701366E-2,-5.657035112E-1,2.458348274E-1
9.970294875E0,1.268839240E-1,-5.976427794E-1,5.404838175E-2
9.980324875E0,2.008401752E-1,-7.248255014E-1,-7.142618299E-2
9.990355875E0,2.338502258E-1,-8.186331391E-1,-3.176862299E-1
1.000038587E1,1.754604280E-1,-8.308346868E-1,-4.854496717E-1
1.001041588E1,1.463069580E-2,-7.161257267E-1,-4.317317605E-1
1.002044688E1,-1.706856340E-1,-5.772370696E-1,-2.078709602E-1
1.003047654E1,-1.726040244E-1,-3.946821988E-1,-4.262102023E-2
1.004050754E1,-1.279638559E-1,-3.191951513E-1,-7.073145360E-3
1.005053754E1,-7.944473624E-2,-3.280588686E-1,-5.653326213E-2
1.006056754E1,-6.348733604E-2,-3.575576544E-1,-2.059384584E-1
1.007059854E1,-1.343635172E-1,-4.035066962E-1,-3.288132846E-1
1.008062854E1,-2.295787036E-1,-3.107778430E-1,-4.015114307E-1
1.009065954E1,-3.148967028E-1,-1.258367002E-1,-4.165127575E-1
1.010068954E1,-2.870323062E-1,2.980024517E-1,-4.185828567E-1
1.011071954E1,-3.472721577E-1,2.534477711E-1,-3.289495111E-1
1.012075054E1,-2.375469953E-1,4.782673120E-1,-2.786479890E-1
1.013078054E1,-1.577772498E-1,5.532395840E-1,-2.910259664E-1
1.014081154E1,-8.733024448E-2,7.415844798E-1,-3.123272359E-1
1.015084154E1,-1.783332080E-1,9.688608646E-1,-4.199095368E-1
1.016087154E1,-3.146404326E-1,1.104815841E0,-7.254630923E-1
1.017090254E1,-5.393190980E-1,1.161874175E0,-1.028792024E0
1.018093254E1,-5.194526911E-1,1.226589441E0,-9.720858335E-1
1.019096354E1,-4.209304750E-1,1.013779998E0,-7.291146517E-1
1.020099354E1,-3.782176375E-1,1.089983940E0,-4.242490232E-1
1.021102354E1,-1.952149868E-1,1.005812883E0,-3.445902467E-1
1.022105454E1,1.409083698E-2,8.076965809E-1,-3.922110200E-1
1.023108454E1,1.462949365E-1,5.230332017E-1,-4.498056173E-1
1.024111454E1,2.762353718E-1,3.326248825E-1,-5.817122459E-1
1.025114554E1,2.894863188E-1,2.926443219E-1,-7.631564140E-1
1.026117554E1,1.582497060E-1,3.292305470E-1,-6.939429641E-1
1.027120654E1,5.564745516E-2,5.882334709E-1,-6.998959780E-1
1.028123654E1,1.067838073E-2,6.826443672E-1,-6.345545053E-1
1.029126654E1,3.802271187E-2,7.514970303E-1,-5.649827123E-1
1.030129754E1,1.664352864E-1,6.235678196E-1,-6.137185693E-1
1.031132754E1,3.216849566E-1,4.877814949E-1,-7.697852850E-1
1.032135854E1,3.819350004E-1,3.508755565E-1,-9.711570144E-1
1.033138854E1,2.921269238E-1,3.986849487E-1,-1.031014562E0
1.034141854E1,2.069771588E-1,5.127515793E-1,-8.679544926E-1
1.035144954E1,2.133990526E-1,5.344481468E-1,-6.959592104E-1
1.036147954E1,1.957060695E-1,6.545018554E-1,-5.457699299E-1
1.037151054E1,2.250881195E-1,8.593325019E-1,-4.393432438E-1
1.038154054E1,1.668796688E-1,8.477411270E-1,-4.082220793E-1
1.039157054E1,1.417929530E-1,8.899834156E-1,-4.066705704E-1
1.040160154E1,8.344122022E-2,8.419256210E-1,-3.977705538E-1
1.041163154E1,2.083688974E-2,5.986533761E-1,-3.209693432E-1
1.042166254E1,4.083003849E-2,4.487570822E-1,-1.963475347E-1
1.043169254E1,9.139613062E-2,3.083565235E-1,-8.194483072E-2
1.044172254E1,6.376024336E-2,2.445101738E-1,9.339529276E-2
1.045175354E1,3.122487292E-2,3.980611563E-1,2.438767999E-1
1.046178354E1,-3.796857968E-2,4.240879714E-1,3.361175060E-1
1.047181454E1,-7.174190879E-2,3.261846900E-1,2.523413002E-1
1.048184454E1,-5.021024868E-2,4.573014379E-1,1.044849902E-1
1.049187454E1,4.115313664E-2,7.338133454E-1,-1.436779741E-2
1.050190554E1,1.863534749E-1,1.220304966E0,-7.060843706E-2
1.051193554E1,2.528416514E-1,1.579500198E0,-6.159478426E-2
1.052196654E1,5.648997054E-2,1.451401949E0,-4.736258462E-2
1.053199654E1,-1.536056548E-1,1.225613475E0,-6.834752858E-2
1.054202654E1,-3.722221255E-1,1.064689636E0,-1.152090430E-1
1.055205754E1,-4.526637793E-1,9.627290368E-1,-4.319784045E-2
1.056208754E1,-3.703803718E-1,6.845655441E-1,7.513865829E-2
1.057211854E1,-2.234004438E-1,3.904783726E-1,1.979744136E-1
1.058214854E1,6.741175652E-1,1.861176133E0,4.742344916E-1
1.059217854E1,8.755025268E-1,2.029873371E0,3.362819254E-1
1.060220954E1,6.858830452E-1,1.563977838E0,1.865209341E-1
1.061223954E1,3.684613109E-1,1.177281976E0,1.472787857E-1
1.062227054E1,1.791800559E-1,8.064492941E-1,1.117221266E-1
1.063230054E1,4.262581095E-2,8.093997240E-1,9.372743964E-2
1.064233054E1,-1.546386071E-2,1.014020801E0,4.557136074E-2
1.065236154E1,2.348210104E-2,1.006973624E0,1.810515299E-2
1.066239154E1,6.338610500E-2,7.868865132E-1,5.110757798E-2
1.067242254E1,1.080585048E-1,5.726650357E-1,1.055923924E-1
1.068245254E1,3.948934674E-1,1.074274182E0,1.219793558E-1
1.069248254E1,7.473340631E-1,1.692632318E0,-1.422545500E-2
1.070251354E1,6.852192879E-1,2.103877068E0,-2.115281522E-1
1.071254354E1,3.898343146E-1,2.422325611E0,-2.602533996E-1
1.072257454E1,2.541710138E-1,2.501029968E0,-1.697509140E-1
1.073260454E1,1.667639017E-1,2.213299990E0,3.981497884E-2
1.074263554E1,5.638465658E-2,2.271711349E0,3.474508226E-1
1.075266554E1,1.465302706E-2,2.253189564E0,5.845099092E-1
1.076269554E1,1.033151522E-2,2.114704370E0,9.801962376E-1
1.077272654E1,-1.441533715E-1,1.922227979E0,1.428072929E0
1.078275654E1,-2.329498231E-1,1.225384712E0,1.691907048E0
1.079278754E1,-3.531990051E-1,4.055458903E-1,1.817372084E0
1.080281754E1,-4.919760823E-1,-3.708662391E-1,1.819388390E0
1.081284754E1,-4.244615138E-1,-1.186210513E0,1.509762883E0
1.082287854E1,-2.556863427E-1,-1.800534368E0,1.047957182E0
1.083290854E1,-1.650966108E-1,-2.064210176E0,6.187424660E-1
1.084293954E1,-1.216884255E-1,-2.146986008E0,2.612765133E-1
1.085296954E1,-2.657880485E-1,-2.069671392E0,4.277557507E-2
1.086300054E1,-4.192359149E-1,-1.918627381E0,-4.782596231E-2
1.087303054E1,-5.158991218E-1,-1.774450183E0,-1.022114381E-1
1.088306054E1,-5.008801818E-1,-1.610738039E0,-8.054316044E-2
1.089309154E1,-5.206062794E-1,-1.599349260E0,2.245785668E-2
1.090312154E1,-5.003422499E-1,-1.429438233E0,1.336453557E-1
1.091315254E1,-4.426834881E-1,-1.167231441E0,1.901341081E-1
1.092318254E1,-3.340603411E-1,-9.197276235E-1,1.970570087E-1
1.093321354E1,-2.101541162E-1,-6.068372726E-1,1.520407796E-1
1.094324354E1,-1.189882532E-1,-2.056376487E-1,5.149820447E-2
1.095327354E1,-2.821874619E-2,7.215310633E-2,-5.310028046E-2
1.096330454E1,1.524897814E-1,2.398462296E-1,-1.195615977E-1
1.097333454E1,3.081664145E-1,3.462222219E-1,-1.808513403E-1
1.098336554E1,3.745049834E-1,4.652535319E-1,-1.994953305E-1
1.099339554E1,4.322777092E-1,5.871564150E-1,-2.172690779E-1
1.100342654E1,4.583194256E-1,7.348787189E-1,-3.067350388E-1
1.101345654E1,4.616678059E-1,8.089319468E-1,-3.346391320E-1
1.102348654E1,5.595510006E-1,8.458383083E-1,-3.119993210E-1
1.103351663E1,6.865683198E-1,9.034651518E-1,-2.709695101E-1
1.104354663E1,7.501968741E-1,9.951460958E-1,-2.796026766E-1
1.105357763E1,7.369974256E-1,1.090578914E0,-3.430199921E-1
1.106360763E1,7.019145489E-1,1.205002904E0,-5.287629366E-1
1.107363862E1,5.737161040E-1,1.172503233E0,-7.294516563E-1
1.108366863E1,4.285738468E-1,1.097067833E0,-8.620253801E-1
1.109369963E1,3.481656909E-1,9.211017489E-1,-9.492909312E-1
1.110372962E1,2.921956480E-1,6.946616769E-1,-1.066668868E0
1.111376063E1,1.336552054E-1,5.616986156E-1,-1.068973541E0
1.112379063E1,-3.529359773E-2,5.106312037E-1,-9.242741466E-1
1.113382063E1,-1.916781962E-1,5.663906336E-1,-7.378047109E-1
1.114385163E1,-3.078309000E-1,4.812123775E-1,-6.195968390E-1
1.115388163E1,-3.464418650E-1,5.053153634E-1,-5.198269486E-1
1.116391263E1,-3.835213184E-1,5.300851464E-1,-3.314130604E-1
1.117394262E1,-2.854349613E-1,3.666640520E-1,-4.774264991E-1
1.118397363E1,-1.759303063E-1,6.256237030E-1,-5.490093231E-1
1.119400363E1,-1.169915497E-1,6.146048903E-1,-6.599798799E-1
1.120403462E1,1.242636051E-2,5.921376944E-1,-7.244286537E-1
1.121406463E1,1.279230565E-1,3.908922672E-1,-7.803887725E-1
1.122409563E1,3.358640075E-1,4.523312300E-2,-9.019399285E-1
1.123412563E1,3.233741224E-1,-1.047875956E-1,-7.876209617E-1
1.124415563E1,2.602002025E-1,-1.454117149E-1,-6.381353140E-1
1.125418663E1,2.102986872E-1,-1.730282605E-1,-6.593551636E-1
1.126421663E1,2.325142473E-1,-5.803935975E-2,-7.096364498E-1
1.127424762E1,1.540786922E-1,-1.077670008E-1,-8.446407914E-1
1.128427763E1,1.675955653E-1,-1.799583733E-1,-8.832774162E-1
1.129430863E1,2.884668708E-1,-4.479912221E-1,-1.074945927E0
1.130433862E1,2.354553044E-1,-5.225379467E-1,-9.594515562E-1
1.131436963E1,4.293237627E-2,-4.681834280E-1,-6.785113811E-1
1.132439963E1,-9.991345555E-2,-5.250155926E-1,-2.624710798E-1
1.133443063E1,-2.915041894E-2,-5.123920441E-1,-9.560741484E-2
1.134446063E1,2.053244784E-2,-5.812816620E-1,4.083221313E-3
1.135449063E1,6.588041037E-2,-8.102018833E-1,1.235455722E-1
1.136452163E1,9.491179883E-2,-1.053971410E0,2.606453598E-1
1.137455163E1,4.813701287E-2,-1.324198127E0,3.288916051E-1
1.138458263E1,-9.467693046E-3,-1.587597251E0,3.980200589E-1
1.139461263E1,1.782688312E-2,-1.652692199E0,4.367516935E-1
1.140464262E1,8.332546800E-2,-1.739103436E0,4.983205497E-1
1.141467363E1,1.405987740E-1,-2.016229153E0,6.099246144E-1
1.142470363E1,-1.466598958E-1,-3.016145706E0,5.855753422E-1
1.143473462E1,-8.926037699E-2,-2.995420218E0,5.744675398E-1
1.144476463E1,-1.679975390E-1,-2.663092852E0,4.187178910E-1
1.145479563E1,-5.075206757E-1,-1.681053877E0,1.718803346E-1
1.146482563E1,-6.416917443E-1,-6.255220175E-1,7.715410739E-2
1.147485563E1,-5.765450597E-1,-4.343647957E-1,1.348294467E-1
1.148488663E1,-6.090539694E-1,-9.944704771E-1,4.545828328E-2
1.149491663E1,-7.290665507E-1,-1.452924371E0,-2.484908141E-2
1.150494762E1,-7.991678715E-1,-1.686890244E0,3.613997251E-2
1.151497763E1,-6.603708863E-1,-1.769294858E0,1.421017945E-1
1.152500863E1,-2.642533779E-1,-2.111841202E0,1.231257096E-1
1.153503862E1,-2.001057379E-2,-2.565176249E0,6.763238460E-2
1.154506863E1,-4.320783019E-1,-1.105833769E0,6.861376017E-2
1.155509963E1,-3.884455562E-1,1.103959203E0,-1.671624333E-1
1.156512962E1,-2.427048534E-1,1.868268847E0,-2.491609007E-1
1.157516063E1,-1.779880971E-1,1.748754025E0,-2.341431975E-1
1.158519063E1,1.438107900E-2,1.136902094E0,-3.187424690E-2
1.159522063E1,1.307633072E-1,3.547827005E-1,1.453294754E-1
1.160525162E1,1.318900883E-1,2.116532624E-1,1.896804273E-1
1.161528163E1,1.445238292E-1,3.276019692E-1,1.737474799E-1
1.162531263E1,7.209996134E-2,3.945410550E-1,8.793403953E-2
1.163534262E1,-5.252617598E-2,5.641436577E-1,6.443552673E-2
1.164537263E1,-1.427735090E-1,7.621842623E-1,1.482936740E-1
1.165540363E1,-1.905986071E-1,7.182956934E-1,1.647260934E-1
1.166543362E1,-2.515860796E-1,5.947095752E-1,1.282381266E-1
1.167546463E1,-2.707924247E-1,3.047741354E-1,5.843308568E-2
1.168549463E1,-2.876297235E-1,-1.823526472E-1,3.671833780E-3
1.169552563E1,-3.102419674E-1,-4.663229585E-1,6.105289981E-2
1.170555563E1,-2.382654995E-1,-4.533887804E-1,2.324837744E-1
1.171558563E1,-1.972939968E-1,-4.074800313E-1,3.989693522E-1
1.172561663E1,-1.460055113E-1,-4.431043267E-1,4.925933182E-1
1.173564662E1,-1.280451119E-1,-3.914215267E-1,5.285934806E-1
1.174567763E1,-1.341490597E-1,-2.033552080E-1,6.815527081E-1
1.175570763E1,-1.380938441E-1,-7.180086523E-2,8.765267134E-1
1.176573762E1,-2.148746550E-1,1.600118577E-1,1.199492812E0
1.177576863E1,-3.220363259E-1,2.695257366E-1,1.487292171E0
1.178579863E1,-3.833907545E-1,7.688531186E-3,1.647162795E0
1.179582962E1,-5.657900572E-1,-2.074217945E-1,1.815566182E0
1.180585963E1,-7.563472390E-1,-3.032516241E-1,1.984042287E0
1.181588963E1,-9.215511084E-1,-2.817998827E-1,2.258226633E0
1.182592063E1,-1.078325510E0,-2.222918421E-1,2.520379782E0
1.183595063E1,-1.412155032E0,-4.576976597E-1,2.290181160E0
1.184598163E1,-9.882549644E-1,-1.821206957E-1,2.024720907E0
1.185601163E1,-2.103864253E-1,3.840314746E-1,1.631755829E0
1.186604162E1,1.086740568E-2,5.314936042E-1,1.353079915E0
1.187607263E1,9.653247148E-2,8.342850804E-1,1.034737945E0
1.188610263E1,3.570575416E-1,1.303449154E0,8.265500069E-1
1.189613362E1,5.872238278E-1,1.575405955E0,5.442020297E-1
1.190616363E1,6.003223062E-1,1.345695496E0,6.557869315E-1
1.191619363E1,5.532081127E-1,8.873481750E-1,7.845469117E-1
1.192622463E1,5.747461319E-1,6.145840287E-1,7.550473213E-1
1.193625463E1,5.654783845E-1,6.016430259E-1,7.408260703E-1
1.194628563E1,5.066552758E-1,5.483931303E-1,8.134832382E-1
1.195631563E1,4.881308675E-1,4.850823581E-1,9.516419172E-1
1.196634563E1,4.712623954E-1,2.905344665E-1,1.142336249E0
1.197637663E1,4.657465219E-1,1.156629622E-2,1.261754632E0
1.198640663E1,4.676192403E-1,-2.274446934E-1,1.304069042E0
1.199643762E1,4.786992669E-1,-5.790008903E-1,1.290060520E0
1.200646763E1,4.310790300E-1,-1.178287148E0,1.269178152E0
1.201649863E1,2.886575758E-1,-1.958764076E0,1.236937046E0
1.202652862E1,1.915946603E-1,-2.845480442E0,1.157896042E0
1.203655850E1,-1.602787152E-2,-3.634059668E0,9.548391104E-1
1.204658950E1,-2.292227000E-1,-3.552451372E0,7.017434835E-1
1.205661950E1,-3.653628528E-1,-2.418489456E0,4.876050055E-1
1.206665050E1,-4.530264139E-1,-1.315381169E0,4.582692087E-1
1.207668050E1,-4.359744489E-1,-5.506362915E-1,4.916381240E-1
1.208671050E1,-3.816153407E-1,-1.172015071E-1,6.074110270E-1
1.209674150E1,-3.383975029E-1,-2.766522020E-2,6.664022803E-1
1.210677150E1,-2.265998572E-1,5.988992751E-2,4.875414670E-1
1.211680250E1,-1.163660735E-1,1.248367727E-1,7.570482790E-2
1.212683250E1,-1.497535855E-1,3.469090536E-2,-2.947121263E-1
1.213686350E1,-2.754817009E-1,-2.559435070E-1,-5.142394304E-1
1.214689350E1,-3.573243916E-1,-4.385412931E-1,-7.034810185E-1
1.215692350E1,-4.369793832E-1,-5.157193542E-1,-7.761956453E-1
1.216695450E1,-4.888774753E-1,-5.534675717E-1,-6.758413315E-1
1.217698450E1,-5.404266119E-1,-5.004658699E-1,-4.318913221E-1
1.218701550E1,-5.429360867E-1,-3.186806440E-1,-1.458459646E-1
1.219704550E1,-3.977037966E-1,-7.145098597E-2,5.860325322E-2
1.220707550E1,-1.891867965E-1,1.646768600E-1,8.804211020E-2
1.221710650E1,-3.483081982E-2,2.354207039E-1,1.897854917E-2
1.222713650E1,9.073788300E-3,1.921754926E-1,-9.946660697E-2
1.223716750E1,-1.237306278E-3,1.824367195E-1,-2.305974662E-1
1.224719750E1,-4.354721308E-2,1.546679288E-1,-3.738427758E-1
1.225722750E1,-1.839658171E-1,5.004699156E-2,-4.398382604E-1
1.226725850E1,-3.278273940E-1,-1.390296128E-2,-4.196424484E-1
1.227728850E1,-5.013077259E-1,6.475967169E-2,-3.825214505E-1
1.228731950E1,-6.669800282E-1,1.978106648E-1,-3.229255080E-1
1.229734950E1,-6.581278443E-1,2.146930099E-1,-1.765534431E-1
1.230737950E1,-5.276097655E-1,4.497481138E-2,-3.304260597E-2
1.231741050E1,-3.858766556E-1,-3.728119284E-2,5.596390739E-2
1.232744050E1,-2.913416028E-1,-1.310399175E-1,9.101856500E-2
1.233747150E1,-2.097460479E-1,-1.916728020E-1,1.092282534E-1
1.234750150E1,-1.441515833E-1,-2.845851481E-1,1.104367971E-1
1.235753150E1,-9.120374918E-2,-3.419164717E-1,1.071759164E-1
1.236756250E1,-5.345050991E-2,-3.207960129E-1,1.186988801E-1
1.237759250E1,-2.443099022E-2,-2.277217805E-1,2.203889787E-1
1.238762350E1,1.050612256E-1,1.107058078E-1,4.949579537E-1
1.239765350E1,1.853667051E-1,2.437146455E-1,5.656939149E-1
1.240768350E1,1.029810160E-1,1.752213389E-1,3.040753305E-1
1.241771450E1,2.938857116E-2,2.508422136E-1,2.084455192E-1
1.242774450E1,4.225164279E-2,2.523796558E-1,2.021772414E-1
1.243777550E1,8.510815352E-2,1.997042596E-1,1.457751989E-1
1.244780550E1,1.028533280E-1,2.764179409E-1,1.830551922E-1
1.245783550E1,7.088182867E-2,2.664653659E-1,1.647699624E-1
1.246786650E1,1.588409021E-2,2.407418936E-1,1.496381462E-1
1.247789650E1,2.879735827E-2,1.159982383E-1,8.280745894E-2
1.248792750E1,4.062099382E-2,1.378153861E-1,1.493188441E-1
1.249795750E1,1.098419949E-1,3.271298707E-1,1.802144051E-1
1.250798750E1,1.479768604E-1,4.626389444E-1,2.361711413E-1
1.251801850E1,2.054472715E-1,5.517982841E-1,2.674306333E-1
1.252804850E1,2.007372081E-1,8.348529339E-1,4.275342822E-1
1.253807950E1,2.095386237E-1,9.100329876E-1,4.449783862E-1
1.254810950E1,3.644006252E-1,6.512179375E-1,4.184141755E-1
1.255813950E1,6.235163212E-1,4.720085263E-1,4.943623841E-1
1.256817050E1,2.084967613E0,-2.725196779E-1,1.941928387E0
1.257820050E1,2.895068407E0,-4.879919589E-1,1.928781509E0
1.258823150E1,1.753563046E0,-5.406136513E-1,8.309426308E-1
1.259826150E1,6.207053661E-1,-1.935213991E-2,3.511258960E-2
1.260829250E1,2.571093440E-1,4.941751063E-1,-9.142164886E-2
1.261832250E1,1.488484889E-1,5.268364549E-1,-1.317484863E-2
1.262835250E1,8.243510872E-2,2.327140421E-1,-6.915848702E-2
1.263838350E1,-1.855865493E-2,7.523435168E-3,-9.858860075E-2
1.264841350E1,-6.567556411E-2,-1.571280956E-1,-1.063000560E-1
1.265844450E1,-5.992816761E-2,-1.339278668E-1,-2.820357867E-2
1.266847450E1,-7.242238522E-2,-7.934424281E-2,2.852707915E-2
1.267850450E1,-4.926471412E-2,1.391070038E-1,1.752028614E-1
1.268853550E1,6.826082245E-4,5.060482621E-1,4.590524137E-1
1.269856550E1,7.048422843E-2,5.016894341E-1,6.091202497E-1
1.270859650E1,-5.781089514E-2,2.618579566E-1,4.454083145E-1
1.271862650E1,-9.397346526E-2,1.683626771E-1,3.764166534E-1
1.272865750E1,-6.222086772E-2,4.301199913E-1,4.981654584E-1
1.273868750E1,-1.351039559E-1,5.513415337E-1,4.987130761E-1
1.274871750E1,-3.418147862E-1,5.835347343E-3,2.265055180E-1
1.275874850E1,-4.351166487E-1,6.128478795E-2,7.765004411E-4
1.276877850E1,-4.579862654E-1,2.459219992E-1,-1.371642202E-2
1.277880950E1,-4.544029534E-1,1.859541982E-1,-9.542638063E-2
1.278883950E1,-2.618438900E-1,-2.937127948E-1,-1.832827330E-1
1.279886950E1,-3.901585042E-1,-2.868490219E-1,-1.190276742E-1
1.280890050E1,-1.431875825E-1,-1.649441719E-1,-6.518068910E-2
1.281893050E1,1.437216252E-1,1.550757140E-1,1.601474918E-2
1.282896150E1,-8.666843176E-3,3.421124518E-1,-4.858980700E-2
1.283899150E1,9.673357010E-2,3.725556731E-1,-2.105946466E-2
1.284902150E1,1.806098223E-1,3.564001322E-1,-4.961840436E-2
1.285905250E1,3.038785160E-1,5.202814341E-1,-1.879254282E-1
1.286908250E1,4.891133606E-1,4.215205312E-1,-4.502356052E-1
1.287911350E1,7.389853597E-1,3.266209662E-1,-1.557241231E-1
1.288914350E1,6.808403134E-1,1.423461735E-1,-5.710009933E-1
1.289917350E1,5.752426386E-1,1.040536165E-1,-9.268873930E-1
1.290920450E1,5.313563943E-1,-1.734123379E-1,-9.551813006E-1
1.291923450E1,5.612611771E-1,-4.289213717E-1,-5.662077665E-1
1.292926550E1,4.257741868E-1,-4.324157238E-1,-2.440395355E-1
1.293929550E1,2.494409233E-1,-4.501634538E-1,-2.747002803E-2
1.294932550E1,1.611241251E-1,-5.141491294E-1,-1.671538502E-2
1.295935650E1,1.772052795E-1,-4.724898338E-1,-2.147646435E-2
1.296938650E1,2.275320888E-1,-6.818267703E-1,2.882366478E-1
1.297941750E1,1.980480552E-1,-7.586994767E-1,4.190651178E-1
1.298944750E1,9.087844938E-2,-6.788126826E-1,2.902773321E-1
1.299947750E1,6.470340490E-2,-5.212306976E-1,2.763294578E-1
1.300950850E1,6.830053777E-2,-2.917535603E-1,1.761400253E-1
1.301953850E1,9.643859416E-2,-1.464632601E-1,1.898103654E-1
1.302956950E1,1.157731414E-1,-8.872485906E-2,2.023879439E-1
1.303960037E1,8.634767681E-2,-9.490398318E-2,1.878687739E-1
1.304963138E1,1.158768684E-2,-5.571769923E-2,1.821025014E-1
1.305966138E1,-1.896516979E-2,-7.959835976E-2,1.753252745E-1
1.306969137E1,-3.016669117E-2,-9.738534689E-2,1.729502678E-1
1.307972238E1,-5.634161457E-2,-8.904664963E-2,1.512731165E-1
1.308975238E1,-3.517880291E-2,-1.733811013E-2,1.550606638E-1
1.309978338E1,-3.810036555E-2,6.531467289E-2,1.322212517E-1
1.310981337E1,-5.276266858E-2,1.183962673E-1,1.048846990E-1
1.311984338E1,-3.758980334E-2,1.562486738E-1,8.942618221E-2
1.312987438E1,-1.374013163E-2,1.755251586E-1,8.789965510E-2
1.313990437E1,2.767543681E-2,2.149101049E-1,1.108115315E-1
1.314993538E1,2.990157343E-2,2.212194055E-1,1.531677842E-1
1.315996538E1,5.558355153E-2,2.437005043E-1,2.144749016E-1
1.316999537E1,9.904980659E-2,2.900786400E-1,3.006468117E-1
1.318002638E1,1.747894585E-1,3.125885129E-1,3.967009187E-1
1.319005638E1,2.354541421E-1,3.576990068E-1,5.180614591E-1
1.320008738E1,2.435944676E-1,4.268828332E-1,6.319158077E-1
1.321011738E1,1.409879327E-1,3.988096416E-1,6.993891597E-1
1.322014838E1,-6.289941072E-2,4.314752817E-1,7.144232392E-1
1.323017838E1,-2.063295394E-1,3.712785244E-1,7.538753152E-1
1.324020837E1,-3.481878638E-1,2.293276787E-1,7.713326216E-1
1.325023938E1,-4.817403257E-1,1.228286773E-1,7.976925373E-1
1.326026938E1,-5.783316493E-1,1.592235863E-1,9.014316201E-1
1.327030037E1,-5.425717831E-1,2.407884896E-1,9.405627847E-1
1.328033038E1,-4.338383675E-1,2.522213459E-1,8.263763189E-1
1.329036038E1,-4.949768186E-1,2.363427728E-1,5.988776088E-1
1.330039137E1,-5.278164148E-1,1.104200557E-1,3.150435388E-1
1.331042138E1,-4.751992524E-1,-4.495035857E-2,1.600726098E-1
1.332045238E1,-3.705362082E-1,-1.386962831E-1,1.096787229E-1
1.333048238E1,-1.585887969E-1,-2.049163133E-1,1.278827637E-1
1.334051337E1,2.545405924E-2,-2.747342587E-1,1.395424455E-1
1.335054338E1,9.238781780E-2,-2.528007329E-1,1.281726062E-1
1.336057338E1,4.449603334E-2,-1.119476184E-1,1.250870377E-1
1.337060437E1,-4.850900546E-2,3.492864221E-2,1.194467172E-1
1.338063438E1,-8.256968856E-2,1.141343638E-1,9.805690497E-2
1.339066538E1,-1.141979173E-1,1.069619432E-1,4.473349452E-2
1.340069537E1,-1.801818162E-1,8.930603415E-2,-1.740916073E-2
1.341072538E1,-2.287490964E-1,7.774711400E-2,-3.240915015E-2
1.342075638E1,-1.943773031E-1,6.308072805E-2,-3.861064836E-2
1.343078638E1,-1.350002587E-1,-1.774514653E-2,-2.696730755E-2
1.344081738E1,-6.700826436E-2,-1.038254723E-1,-2.712499350E-3
1.345084738E1,1.854125783E-2,-1.824137568E-1,1.846282743E-2
1.346087738E1,1.342461705E-1,-2.701574862E-1,1.042089611E-2
1.347090837E1,1.754098535E-1,-1.996465772E-1,3.855479509E-2
1.348093838E1,1.627829969E-1,-1.549310386E-1,3.475526348E-2
1.349096938E1,1.108236611E-1,-9.311720729E-2,7.442416158E-3
1.350099937E1,5.077573657E-2,1.337032765E-3,1.114174817E-2
1.351103038E1,2.835591696E-2,7.914775051E-3,-1.739801839E-2
1.352106038E1,-5.835342780E-2,3.357947990E-2,-5.997027829E-2
1.353109037E1,-1.564573497E-1,7.357881963E-2,-1.120398715E-1
1.354112138E1,-1.882891506E-1,1.344859004E-1,-1.438648254E-1
1.355115138E1,-1.954892725E-1,1.786032915E-1,-1.638236195E-1
1.356118238E1,-1.578797102E-1,1.571483761E-1,-1.751974672E-1
1.357121238E1,2.768960595E-2,-5.641716346E-2,-1.598914862E-1
1.358124238E1,2.378330678E-1,-2.895981967E-1,-1.562811583E-1
1.359127338E1,3.077168167E-1,-4.004418850E-1,-1.768777668E-1
1.360130337E1,3.617077172E-1,-4.481055140E-1,-1.777851731E-1
1.361133438E1,4.916737080E-1,-5.103531480E-1,-2.036316842E-1
1.362136438E1,5.802463889E-1,-5.000090003E-1,-2.172269225E-1
1.363139537E1,5.371513963E-1,-2.997483611E-1,-2.378725410E-1
1.364142538E1,3.873231113E-1,-9.681537747E-2,-2.577925622E-1
1.365145538E1,1.892827302E-1,1.076890230E-1,-2.632754743E-1
1.366148638E1,1.033631563E-1,1.818081141E-1,-2.682398856E-1
1.367151638E1,1.823977828E-1,3.896042332E-2,-2.833490670E-1
1.368154738E1,2.981003821E-1,-9.845683724E-2,-3.138247728E-1
1.369157738E1,4.501641989E-1,-2.782886624E-1,-3.928183913E-1
1.370160738E1,4.786067903E-1,-3.189518154E-1,-4.402321875E-1
1.371163838E1,4.963948131E-1,-2.801498175E-1,-5.110896230E-1
1.372166838E1,5.293496847E-1,-1.976779252E-1,-5.626618266E-1
1.373169937E1,5.520227551E-1,-1.435180157E-1,-6.154829860E-1
1.374172938E1,4.670751989E-1,-1.352876574E-1,-6.416592002E-1
1.375176038E1,3.219491839E-1,-1.275722086E-1,-6.820678711E-1
1.376179037E1,1.954877824E-1,-7.324970514E-2,-6.690602303E-1
1.377182038E1,1.562801898E-1,5.719939712E-3,-6.248131394E-1
1.378185138E1,1.847678274E-1,6.697176397E-2,-5.241281986E-1
1.379188138E1,2.225258499E-1,9.212212265E-2,-4.462389946E-1
1.380191238E1,3.116236627E-1,7.642880827E-2,-3.611184359E-1
1.381194238E1,4.322640598E-1,-1.069411263E-2,-3.780833185E-1
1.382197238E1,4.253509939E-1,-8.251346648E-2,-5.056134462E-1
1.383200337E1,3.114630282E-1,-2.397745289E-2,-6.542945504E-1
1.384203338E1,2.462616116E-1,-9.210628271E-2,-8.139234185E-1
1.385206438E1,1.486753970E-1,-1.711635441E-1,-9.318391681E-1
1.386209437E1,1.071744338E-1,-1.318797320E-1,-9.726584554E-1
1.387212438E1,1.433726400E-1,-1.120551601E-1,-1.001991272E0
1.388215538E1,1.637374908E-1,-1.225030497E-1,-1.011174917E0
1.389218537E1,1.596703231E-1,-4.396882653E-2,-1.021317482E0
1.390221638E1,2.174740583E-1,5.901914556E-3,-1.086826563E0
1.391224638E1,3.027732372E-1,-2.154329233E-2,-1.134888649E0
1.392227638E1,3.806253672E-1,-4.778511822E-2,-1.165134788E0
1.393230737E1,4.115798175E-1,1.421513222E-2,-1.137956977E0
1.394233738E1,4.010184705E-1,2.266320586E-2,-1.121992469E0
1.395236838E1,3.381628096E-1,-1.353154890E-2,-1.123443604E0
1.396239837E1,2.698204219E-1,1.105912402E-1,-1.106701016E0
1.397242938E1,2.657801211E-1,1.392226219E-1,-1.044170022E0
1.398245938E1,2.543765903E-1,9.211213142E-2,-9.990945458E-1
1.399248937E1,1.214619279E-1,2.004186362E-1,-9.510892034E-1
1.400252038E1,7.808750123E-2,2.183850110E-1,-9.388379455E-1
1.401255038E1,4.886170849E-2,1.514730901E-1,-8.073304892E-1
1.402258138E1,5.879440159E-2,8.338197321E-2,-8.053623438E-1
1.403261042E1,3.327706084E-2,3.934101015E-2,-7.266776562E-1
1.404264042E1,6.152156368E-2,-2.278810367E-2,-7.604053617E-1
1.405267142E1,-3.041262366E-2,-4.601965472E-2,-6.754372120E-1
1.406270142E1,-1.439855546E-1,2.426701039E-2,-5.485315323E-1
1.407273242E1,-1.317944080E-1,-6.302049011E-2,-5.250397921E-1
1.408276242E1,-1.591818929E-1,-3.053909726E-2,-5.272703767E-1
1.409279242E1,-2.300459445E-1,-5.531980842E-2,-4.907890260E-1
1.410282342E1,-2.994009256E-1,-8.349431306E-2,-5.987690091E-1
1.411285342E1,-4.081676006E-1,-2.103063315E-1,-6.727673411E-1
1.412288442E1,-2.534397840E-1,-1.908903569E-1,-3.673181534E-1
1.413291442E1,-1.668393761E-1,-2.921850085E-1,-2.764382958E-1
1.414294442E1,-7.643959671E-2,-5.154640675E-1,-1.288992316E-1
1.415297542E1,-6.849379092E-2,-8.792303205E-1,-1.165514812E-1
1.416300542E1,-8.103656769E-2,-1.107685328E0,-7.921255380E-2
1.417303642E1,-8.542926982E-3,-1.122206450E0,7.054125518E-2
1.418306642E1,1.238072515E-1,-1.203625560E0,2.820425630E-1
1.419309642E1,2.012812644E-1,-1.499264836E0,4.966571331E-1
1.420312742E1,2.297390997E-1,-1.732379913E0,7.591735721E-1
1.421315742E1,1.660807580E-1,-1.535427094E0,8.931777477E-1
1.422318842E1,2.427203953E-1,-7.453384995E-1,6.048191786E-1
1.423321842E1,4.197031558E-1,2.295744568E-1,8.278114796E-1
1.424324842E1,6.224400997E-1,1.863167048E0,8.123918772E-1
1.425327942E1,-2.135057002E-1,4.216833591E0,-5.386570096E-2
1.426330942E1,-3.458244205E-1,4.266122341E0,-2.702682614E-1
1.427334042E1,-3.612976372E-1,3.264956236E0,-2.091492265E-1
1.428337042E1,-3.929033577E-1,1.658035636E0,1.187724695E-1
1.429340142E1,-3.532651365E-1,-1.231748611E-1,2.946271300E-1
1.430343142E1,-3.046204448E-1,-1.052367687E0,2.841125727E-1
1.431346142E1,-2.022671700E-1,-8.706040382E-1,2.710271180E-1
1.432349242E1,-1.091520637E-1,-4.148960114E-1,2.226336598E-1
1.433352242E1,-7.246169448E-2,-1.596863568E-1,1.405023038E-1
1.434355342E1,-9.458003938E-2,-5.866280198E-2,5.850250274E-2
1.435358342E1,-1.359642297E-1,2.240888029E-2,5.285356659E-3
1.436361442E1,-1.777160317E-1,-3.607837716E-3,-2.189932764E-2
1.437364442E1,-1.916867197E-1,-1.017013285E-2,-4.961887840E-3
1.438367542E1,-1.937852055E-1,2.146213315E-2,1.869271323E-2
1.439370542E1,-1.541105062E-1,-4.274523817E-4,4.758561403E-2
1.440373542E1,-8.161396533E-2,-7.962731272E-2,6.324973702E-2
1.441376642E1,4.357132129E-3,-1.014561802E-1,5.470365286E-2
1.442379642E1,9.527248144E-2,-9.342921525E-2,4.113529995E-2
1.443382742E1,1.773204803E-1,-5.983450264E-2,3.307044879E-2
1.444385742E1,2.177631557E-1,-3.769199830E-3,3.510519862E-2
1.445388842E1,2.080871016E-1,1.721757464E-2,4.156070203E-2
1.446391842E1,1.796121448E-1,-5.540616810E-3,5.702158064E-2
1.447394842E1,1.439420283E-1,-3.952734545E-2,6.952485442E-2
1.448397942E1,1.108846292E-1,-5.700979754E-2,8.247426152E-2
1.449400942E1,8.640751243E-2,-6.833595037E-2,9.091834724E-2
1.450404042E1,7.958028466E-2,-2.940051444E-2,7.555466145E-2
1.451407042E1,8.136167377E-2,-3.436824540E-3,5.993655697E-2
1.452410142E1,1.247940660E-1,1.026698947E-1,1.122825369E-1
1.453413142E1,1.177753061E-1,1.454061568E-1,1.039279401E-1
1.454416242E1,9.350565821E-2,2.545585036E-1,1.241407990E-1
1.455419242E1,5.824647471E-2,3.796999156E-1,9.385106713E-2
1.456422242E1,1.107232645E-3,3.258264363E-1,7.724800706E-2
1.457425342E1,-6.094415486E-2,5.274217576E-2,2.886209451E-2
1.458428342E1,-7.078438252E-2,-5.349278450E-2,1.755965408E-3
1.459431442E1,-3.555475548E-2,5.111165345E-2,-2.712228894E-2
1.460434442E1,-5.131696351E-3,1.287436485E-1,-4.353792220E-2
1.461437542E1,2.231510915E-2,1.456768215E-1,-3.880495578E-2
1.462440542E1,4.461753741E-2,1.319276690E-1,-1.874329895E-2
1.463443642E1,4.744847864E-2,1.331316978E-1,-2.404272556E-3
1.464446642E1,4.850104451E-2,1.318100840E-1,2.326370403E-2
1.465449642E1,4.150838405E-2,1.018926650E-1,4.420680180E-2
1.466452742E1,4.367200285E-2,-1.553425789E-1,7.316458225E-2
1.467455742E1,5.673534051E-2,-3.049123883E-1,2.906289883E-2
1.468458842E1,1.078176796E-1,1.268083006E-1,2.463325113E-2
1.469461842E1,9.308268130E-2,3.573102355E-1,1.997831464E-2
1.470464942E1,2.123066597E-2,2.923657894E-1,1.184008829E-2
1.471467942E1,-3.697591648E-2,2.147170603E-1,-1.055735862E-3
1.472471042E1,-6.592527777E-2,9.538454562E-2,-9.345357306E-3
1.473474042E1,-7.977771014E-2,-1.086609960E-1,-5.138894543E-3
1.474477042E1,-8.483249694E-2,-2.823221385E-1,7.359641138E-3
1.475480142E1,-6.886551529E-2,-4.004897773E-1,2.391305193E-2
1.476483142E1,-5.036892369E-2,-5.043947101E-1,2.000272274E-2
1.477486242E1,-2.142515779E-2,-5.382626653E-1,3.576410934E-2
1.478489242E1,-1.894852892E-2,-6.610602140E-1,3.191559762E-2
1.479492342E1,-8.413818479E-2,-5.252094269E-1,-1.664198637E-1
1.480495342E1,-1.305015944E-2,-3.972882032E-1,-4.100095481E-2
1.481498442E1,6.461224519E-3,-1.700630337E-1,-1.297779679E-1
1.482501442E1,-7.951524109E-3,-2.839040756E-2,-2.108762413E-1
1.483504442E1,-1.288529672E-2,9.855368733E-2,-2.751159370E-1
1.484507542E1,-1.555976830E-2,1.694957316E-1,-2.596975267E-1
1.485510542E1,-1.581753604E-4,1.952522397E-1,-2.594780922E-1
1.486513642E1,1.696276851E-2,1.704844683E-1,-2.195373178E-1
1.487516642E1,4.817607999E-2,1.104288623E-1,-1.986799687E-1
1.488519742E1,6.779509038E-2,-8.506959677E-2,-1.387247443E-1
1.489522742E1,4.964537546E-2,-3.294399381E-1,-1.425983161E-1
1.490525842E1,2.059870027E-2,-5.170205832E-1,-1.975246221E-1
1.491528842E1,3.438354004E-3,-5.854707360E-1,-1.807506979E-1
1.492531842E1,2.250814252E-2,-6.328967810E-1,-1.603829265E-1
1.493534942E1,-8.709430695E-3,-7.871137857E-1,-2.052760869E-1
1.494537942E1,-9.328083135E-3,-7.899468541E-1,-1.478623301E-1
1.495541042E1,-7.074307650E-4,-6.446841955E-1,-9.521696717E-2
1.496544042E1,-1.353191677E-3,-4.216691554E-1,-3.500730544E-2
1.497547142E1,-2.134128101E-2,-2.324241102E-1,-2.919415757E-2
1.498550142E1,-2.197154984E-2,-1.091019586E-1,-7.544622757E-3
1.499553242E1,-2.029935271E-2,-6.780648138E-3,9.376304224E-3
1.500556242E1,-2.556520700E-2,3.966452926E-2,5.093496293E-4
1.501559342E1,-3.249901533E-2,-1.582057029E-2,-1.199126244E-2
1.502562342E1,-5.675859004E-2,-2.773980498E-1,2.032398432E-2
1.503565363E1,-4.089840129E-2,-3.609768450E-1,-8.968374133E-2
1.504568463E1,-7.665151358E-2,-5.110833645E-1,-9.949013591E-2
1.505571462E1,-1.863242500E-2,-5.967705846E-1,-1.108205542E-1
1.506574563E1,3.027280048E-2,-6.589910984E-1,-1.158398166E-1
1.507577563E1,1.079385728E-1,-6.608814001E-1,-3.912985697E-2
1.508580663E1,8.138207346E-2,-1.022505522E0,-8.353859931E-2
1.509583663E1,9.925694764E-2,-1.045170188E0,-6.966596004E-3
1.510586763E1,9.693119675E-2,-9.553360343E-1,-1.494493708E-2
1.511589763E1,9.231780469E-2,-7.408338189E-1,9.470656514E-3
1.512592862E1,6.877479702E-2,-5.429306626E-1,4.047520086E-2
1.513595863E1,4.609372094E-2,-2.638806403E-1,4.905031249E-2
1.514598863E1,8.203573525E-2,1.684031337E-1,1.093453392E-1
1.515601962E1,-5.390510894E-3,-2.159999311E-1,4.329761863E-2
1.516604963E1,-1.370968111E-2,-1.588270068E-1,3.108893149E-2
1.517608063E1,-7.215296384E-3,-9.553459287E-2,-5.332368612E-2
1.518611062E1,1.158324350E-2,-1.225754097E-1,-6.811685115E-2
1.519614163E1,3.584037721E-2,-1.643183380E-1,-1.203784570E-1
1.520617163E1,6.610580534E-2,-1.478650570E-1,-1.161777526E-1
1.521620263E1,8.735170215E-2,-1.394995451E-1,-9.493718296E-2
1.522623262E1,9.904331714E-2,-8.697027713E-2,-8.346730471E-2
1.523626363E1,9.398943931E-2,-9.407638758E-2,-7.046655566E-2
1.524629363E1,8.412764966E-2,-9.194908291E-2,-1.272373646E-1
1.525632362E1,7.515599579E-2,-1.603225619E-1,-9.072543681E-2
1.526635463E1,5.798858032E-2,-1.656021476E-1,-9.482321143E-2
1.527638463E1,4.101865366E-2,-2.416252792E-1,-5.041473359E-2
1.528641562E1,2.004037425E-2,-1.757347584E-1,-4.076441750E-2
1.529644563E1,-8.137747645E-4,-1.278418005E-1,-3.739898279E-2
1.530647663E1,-8.458108641E-3,-9.415974468E-2,-2.184815705E-2
1.531650663E1,-1.295006275E-2,-8.057096601E-2,-7.411958650E-3
1.532653763E1,-1.055951696E-2,-8.100847900E-2,3.336403519E-3
1.533656763E1,-6.797801703E-3,-7.099393010E-2,7.219558582E-3
1.534659863E1,-1.060053706E-2,-7.887228578E-2,6.208942737E-3
1.535662862E1,-1.153850183E-2,-6.671628356E-2,-3.022905439E-3
1.536665963E1,-1.126224827E-2,-3.330548108E-2,-1.595132425E-2
1.537668963E1,-1.317200065E-2,-4.036152735E-2,-3.752133250E-2
1.538671962E1,4.352396354E-4,-1.301991493E-1,-1.467843633E-2
1.539675063E1,2.904522233E-3,-9.127918631E-2,-8.497443795E-2
1.540678063E1,1.585593075E-2,-1.136587188E-1,-7.601577789E-2
1.541681163E1,1.445377618E-2,-1.135066524E-1,-6.949662417E-2
1.542684163E1,1.954861917E-2,-1.601158231E-1,-2.725492604E-2
1.543687263E1,-8.858158253E-4,-8.864776045E-2,-3.414212540E-2
1.544690263E1,-1.198994368E-2,-9.054322727E-3,-4.128547385E-2
1.545693362E1,4.737637471E-3,1.842204295E-2,-8.655841649E-2
1.546696363E1,-1.889814809E-2,7.712956518E-2,-8.162770420E-2
1.547699463E1,-6.036411505E-3,8.350500837E-3,-1.343473643E-1
1.548702462E1,3.343132790E-3,1.896272227E-2,-1.593922675E-1
1.549705463E1,1.672285423E-2,7.916267961E-2,-1.202714816E-1
1.550708563E1,-4.041194916E-3,1.479472779E-2,-2.167829424E-1
1.551711562E1,3.125181794E-2,7.783387601E-2,-1.709701866E-1
1.552714663E1,5.072823912E-2,4.899776727E-2,-1.581623703E-1
1.553717663E1,3.712534159E-2,1.101436764E-1,-2.637940049E-1
1.554720763E1,8.879625052E-2,9.554458410E-2,-2.223038524E-1
1.555723762E1,8.860503137E-2,9.703195840E-2,-2.795506418E-1
1.556726863E1,7.616686821E-2,1.093105078E-1,-2.877997756E-1
1.557729863E1,1.054669619E-1,1.228225976E-1,-2.560596764E-1
1.558732962E1,8.274108171E-2,2.838207483E-1,-1.599375010E-1
1.559735963E1,1.189054772E-1,4.710098207E-1,-2.041313350E-1
1.560739063E1,1.140323728E-1,4.892156422E-1,-6.910129637E-2
1.561742062E1,1.262661368E-1,4.731671810E-1,-1.786820590E-2
1.562745063E1,1.414343566E-1,4.196612239E-1,1.127706021E-1
1.563748163E1,1.315529644E-1,5.639965534E-1,5.856302381E-2
1.564751163E1,1.425469369E-1,6.383051276E-1,1.117241383E-1
1.565754263E1,5.144657567E-2,8.655638099E-1,-3.061596118E-2
1.566757263E1,5.666523427E-2,9.829813242E-1,-1.773246676E-1
1.567760363E1,6.803293526E-2,6.632680297E-1,-2.058327347E-1
1.568763362E1,5.996613204E-2,2.951791286E-1,-2.202435285E-1
1.569766463E1,1.090998575E-1,1.960825920E-2,-1.160840988E-1
1.570769463E1,1.431796104E-1,-1.329948604E-1,-1.451775432E-1
1.571772562E1,1.412267089E-1,-2.610391080E-1,-1.523537040E-1
1.572775563E1,1.592130214E-1,-3.003237247E-1,-1.839058250E-1
1.573778663E1,6.411181390E-2,-3.651173413E-1,-2.648147941E-1
1.574781663E1,1.246393844E-1,-4.923073947E-1,-8.662043512E-2
1.575784763E1,2.237271070E-1,-6.562071443E-1,1.574644148E-1
1.576787763E1,2.708551884E-1,-7.176705003E-1,2.879496217E-1
1.577790863E1,2.399026006E-1,-7.158989310E-1,6.112080812E-1
1.578793862E1,1.945685893E-1,-5.739390254E-1,6.059471369E-1
1.579796963E1,1.992805153E-1,-4.316111505E-1,7.110226750E-1
1.580799963E1,2.228415608E-1,-2.791229784E-1,5.882779956E-1
1.581803062E1,2.953242660E-1,-1.631886512E-1,5.180152655E-1
1.582806063E1,3.234362006E-1,1.468969602E-2,4.550389946E-1
1.583809163E1,2.880395949E-1,1.319912970E-1,5.243203044E-1
1.584812163E1,2.363680601E-1,1.601856947E-1,3.552325070E-1
1.585815263E1,1.929912865E-1,1.076633781E-1,3.247451782E-1
1.586818263E1,1.516054124E-1,4.306505434E-3,4.371621013E-1
1.587821263E1,1.493188143E-1,-1.479216516E-1,2.824130058E-1
1.588824362E1,1.296391934E-1,1.809449643E-1,-8.696764708E-2
1.589827363E1,9.517202526E-2,4.826576710E-1,-1.557083577E-1
1.590830463E1,3.696550056E-2,7.009719610E-1,-2.476143390E-1
1.591833462E1,-4.852596670E-2,7.545385361E-1,-3.203468919E-1
1.592836563E1,-7.641164213E-2,6.802180409E-1,-3.781976402E-1
1.593839563E1,-6.016742438E-2,6.118909717E-1,-4.480776787E-1
1.594842663E1,-2.833278291E-2,4.625362456E-1,-4.769830406E-1
1.595845663E1,2.228831686E-2,2.996911407E-1,-4.531711936E-1
1.596848763E1,4.622958601E-2,1.226915047E-1,-4.362702072E-1
1.597851763E1,-2.642884851E-3,5.150067806E-2,-4.274460971E-1
1.598854862E1,-9.413759410E-2,6.014789939E-1,-2.946009636E-1
1.599857863E1,-1.206003577E-1,3.892578185E-1,-2.773673832E-1
1.600860963E1,-1.979319900E-1,3.291446269E-1,-2.784480155E-1
1.601863962E1,-1.760147065E-1,3.855948746E-1,-2.190598659E-2
1.602867063E1,-1.640743017E-1,4.506601691E-1,2.178679705E-1
1.603870117E1,-1.317390054E-1,2.054930329E-1,3.611388505E-1
1.604873217E1,-6.648834050E-2,-8.589051664E-2,4.003630579E-1
1.605876217E1,5.979716405E-2,-1.979113221E-1,2.727864385E-1
1.606879317E1,2.413836867E-1,-1.660693437E-1,1.452493966E-1
1.607882317E1,3.546843827E-1,-9.386812150E-2,1.617016047E-1
1.608885417E1,3.466118872E-1,-1.034417078E-1,1.133477688E-1
1.609888417E1,2.330110520E-1,-2.014950216E-1,3.774888068E-2
1.610891517E1,1.251163036E-1,-1.228279024E-1,3.134740517E-3
1.611894517E1,5.736228824E-2,-6.646876037E-2,-2.465587854E-2
1.612897617E1,4.314803705E-2,-4.365005344E-2,-3.671121597E-2
1.613900617E1,3.769494966E-2,-9.637638181E-2,-6.326426566E-2
1.614903717E1,6.389328837E-2,-3.400014639E-1,-1.339223683E-1
1.615906717E1,1.036255211E-1,-2.912893295E-1,-2.193749398E-1
1.616909817E1,8.646132052E-2,-4.216990471E-1,-2.615821362E-1
1.617912817E1,6.796193868E-2,-3.524491191E-1,-2.105301470E-1
1.618915917E1,1.926791854E-2,-3.903687298E-1,-1.732963771E-1
1.619918917E1,-4.337122664E-2,-4.796261489E-1,-1.373069584E-1
1.620922017E1,-9.048796445E-2,-5.261481404E-1,-1.260439754E-1
1.621925017E1,-1.251197159E-1,-5.905843973E-1,-1.711994708E-1
1.622928117E1,-1.387633085E-1,-6.242457628E-1,-2.323601097E-1
1.623931117E1,-1.548104584E-1,-6.376566291E-1,-2.726678252E-1
1.624934117E1,-1.614166945E-1,-6.450914741E-1,-3.156693280E-1
1.625937217E1,-1.677116007E-1,-6.508588195E-1,-4.103460312E-1
1.626940217E1,-1.784800291E-1,-5.802977085E-1,-6.053679585E-1
1.627943317E1,-1.547267735E-1,-5.918339491E-1,-6.384119391E-1
1.628946317E1,-1.759662479E-1,-6.993684173E-1,-6.957749128E-1
1.629949417E1,-1.800797582E-1,-6.491768956E-1,-9.996810555E-1
1.630952417E1,-1.527517289E-1,-5.315405726E-1,-1.189669132E0
1.631955517E1,-1.159455180E-1,-3.847809434E-1,-1.288036346E0
1.632958517E1,-2.728179470E-2,-1.520678401E-1,-1.437402129E0
1.633961617E1,1.212112680E-1,3.444439471E-1,-1.485189080E0
1.634964617E1,2.924464643E-1,9.327593446E-1,-1.563377500E0
1.635967717E1,4.801258147E-1,1.326791286E0,-1.736850858E0
1.636970717E1,5.068731308E-1,1.816355944E0,-1.562410235E0
1.637973817E1,3.920240998E-1,2.036026239E0,-1.217054129E0
1.638976817E1,3.218700886E-1,2.018867493E0,-1.070997477E0
1.639979917E1,3.396983743E-1,2.333497047E0,-1.058577538E0
1.640982917E1,4.804243743E-1,2.492616653E0,-1.418657303E0
1.641986017E1,5.373547673E-1,2.816681147E0,-1.799759626E0
1.642989017E1,-3.069945872E-1,1.805324197E0,-1.358022094E0
1.643992117E1,-9.783523530E-2,1.053789496E0,-1.228043914E0
1.644995117E1,1.618602499E-2,5.968332887E-1,-1.413341761E0
1.645998217E1,1.254600585E-1,3.969808817E-1,-1.681519389E0
1.647001217E1,2.530335486E-1,1.147664711E-1,-2.035596609E0
1.648004317E1,3.768279254E-1,-1.642656922E-1,-2.402901888E0
1.649007317E1,4.482313991E-1,-3.973017335E-1,-2.814392328E0
1.650010417E1,4.268984199E-1,-2.900421321E-1,-3.114836931E0
1.651013417E1,2.132274210E-1,-2.810540143E-3,-2.681762218E0
1.652016517E1,8.634911478E-2,3.125529885E-1,-2.352605820E0
1.653019517E1,-2.648291737E-2,1.625274569E-1,-1.545428753E0
1.654022617E1,-8.879742026E-2,9.074169397E-2,-6.336539984E-1
1.655025617E1,-2.726826444E-2,1.719406061E-2,-5.780614018E-1
1.656028717E1,1.559529454E-1,-1.920007020E-1,-4.405544400E-1
1.657031717E1,2.700295150E-1,-2.351391912E-1,-2.973572612E-1
1.658034817E1,3.038151860E-1,-1.933070570E-1,-2.799953222E-1
1.659037817E1,2.526911497E-1,-1.199085042E-1,-1.650580168E-1
1.660040917E1,1.399590224E-1,4.822058231E-2,-6.093907356E-2
1.661043917E1,-8.851461112E-3,3.467838466E-1,2.782263048E-2
1.662047017E1,-1.655260175E-1,6.868364811E-1,6.747630239E-2
1.663050017E1,-2.950407863E-1,9.806550741E-1,5.908793956E-2
1.664053117E1,-3.615809381E-1,1.032413960E0,5.455577001E-2
1.665056117E1,-3.980008960E-1,1.021433234E0,8.479935676E-2
1.666059217E1,-5.136020780E-1,1.047274232E0,1.657735556E-1
1.667062217E1,-5.604096651E-1,1.171856523E0,2.226011902E-1
1.668065317E1,-5.615481734E-1,1.399358988E0,3.364004493E-1
1.669068317E1,-4.986433089E-1,1.527794719E0,4.754686654E-1
1.670071417E1,-4.141910076E-1,1.390330911E0,4.754292369E-1
1.671074417E1,-3.723475635E-1,9.255223870E-1,5.477343202E-1
1.672077517E1,-3.109340072E-1,3.625184894E-1,6.034180522E-1
1.673080517E1,-2.406392097E-1,2.171918564E-2,5.676150918E-1
1.674083617E1,-9.119486809E-2,-5.357680321E-1,5.757060647E-1
1.675086617E1,7.316154428E-3,-1.132109165E0,5.563206673E-1
1.676089717E1,1.020629033E-1,-1.444664955E0,7.141848803E-1
1.677092717E1,1.792160273E-1,-2.180065393E0,1.001875758E0
1.678095817E1,-1.498683840E-1,-3.112850666E0,7.081101537E-1
1.679098817E1,3.068219721E-1,-2.848953247E0,5.108780265E-1
1.680101917E1,7.054985166E-1,-2.071257353E0,5.322062373E-1
1.681104917E1,6.385262012E-1,-1.428386092E0,5.444824100E-1
1.682108017E1,6.114445329E-1,-3.035866022E-1,3.126789629E-1
1.683111017E1,5.116928220E-1,5.220578909E-1,3.310466409E-1
1.684114117E1,3.428812325E-1,7.696397305E-1,5.347302556E-1
1.685117117E1,2.205152363E-1,1.332678795E0,6.000728607E-1
1.686120217E1,1.700097173E-1,1.754348516E0,4.397052824E-1
1.687123217E1,-3.173562884E-1,1.504156590E0,3.538046479E-1
1.688126317E1,-1.506477296E-1,1.422842860E0,3.232896328E-1
1.689129317E1,-7.484216988E-2,1.065156102E0,1.531597674E-1
1.690132417E1,1.873145252E-2,6.551961303E-1,3.837165982E-2
1.691135417E1,1.647172719E-1,7.043433189E-1,6.318239868E-2
1.692138517E1,4.098174721E-2,3.364885747E-1,5.526535213E-2
1.693141517E1,-4.893020540E-2,3.575832248E-1,3.574725240E-2
1.694144617E1,-1.475422680E-1,3.896804452E-1,3.740347549E-2
1.695147617E1,-1.523068994E-1,3.968697488E-1,2.000245899E-1
1.696150717E1,-3.058988452E-1,4.471712708E-1,2.438743412E-1
1.697153717E1,-3.700423241E-1,2.633280754E-1,1.576509625E-1
1.698156817E1,-4.915538132E-1,1.325066835E-1,5.181613564E-2
1.699159817E1,4.809009284E-2,6.903812289E-1,-1.441299468E-1
1.700162917E1,2.961635292E-1,1.696120024E0,-2.220415324E-1
1.701165917E1,-2.230897248E-1,1.614284992E0,-1.609865576E-1
1.702169017E1,-1.982770562E-1,1.331961989E0,6.151416898E-2
1.703172017E1,4.738733172E-2,1.279731870E0,1.332606226E-1
1.704175113E1,3.374234140E-1,1.741846442E0,4.137259442E-3
1.705178113E1,3.541113734E-1,1.568265796E0,-5.668044090E-2
1.706181213E1,2.468515038E-1,9.841164351E-1,-7.838493586E-2
1.707184212E1,2.395071238E-1,7.707103491E-1,-9.339626878E-2
1.708187313E1,2.261260599E-1,7.154553533E-1,-8.843985945E-2
1.709190313E1,1.942925751E-1,7.950297594E-1,-7.700147480E-2
1.710193412E1,1.767641902E-1,9.251621962E-1,-6.588996202E-2
1.711196413E1,1.175984070E-1,1.126816392E0,-3.258663416E-2
1.712199513E1,3.068055585E-2,1.287036419E0,-1.252850518E-2
1.713202512E1,-6.933620572E-2,1.322258472E0,2.296694554E-2
1.714205613E1,-1.586168110E-1,1.215085864E0,8.395173401E-2
1.715208613E1,-2.199308574E-1,1.232901573E0,-1.852298342E-2
1.716211713E1,-1.622609049E-1,1.060292482E0,7.298535854E-2
1.717214712E1,-1.519387811E-1,1.026615977E0,-3.709979588E-3
1.718217813E1,-1.211435944E-1,1.079311728E0,-1.152618080E-1
1.719220813E1,-1.618870646E-1,9.426780343E-1,-1.770610809E-1
1.720223912E1,-1.521185935E-1,9.892628193E-1,-2.305480093E-1
1.721226913E1,-1.673809886E-1,1.075958610E0,-2.818708122E-1
1.722230013E1,-2.086171061E-1,1.089961886E0,-2.744911909E-1
1.723233012E1,-2.617105246E-1,1.048663616E0,-2.341831177E-1
1.724236113E1,-3.482834995E-1,9.430132508E-1,-1.680179387E-1
1.725239113E1,-4.425107539E-1,8.357736468E-1,-6.651785970E-2
1.726242213E1,-5.471881032E-1,7.482573986E-1,1.137294620E-2
1.727245212E1,-6.570737958E-1,5.662221313E-1,4.649274424E-2
1.728248313E1,-7.168519497E-1,3.947255015E-1,4.952224903E-3
1.729251313E1,-5.740594864E-1,2.427824587E-1,-9.790243953E-2
1.730254412E1,-3.816780448E-1,1.343939304E-1,-2.031731904E-1
1.731257413E1,-2.396950275E-1,4.573375732E-2,-2.490591258E-1
1.732260513E1,-1.438750327E-1,-5.651298910E-2,-1.401693821E-1
1.733263512E1,-1.918741167E-1,-1.956555843E-1,-1.196020171E-1
1.734266613E1,-2.567220926E-1,-3.499604762E-1,-1.158304513E-1
1.735269613E1,-3.611619473E-1,-6.445876956E-1,-9.002981335E-2
1.736272713E1,-3.340557516E-1,-9.917336702E-1,7.051645219E-2
1.737275713E1,-2.989545166E-1,-1.189784408E0,8.194570243E-2
1.738278813E1,-2.206522524E-1,-1.318289995E0,2.105145901E-1
1.739281813E1,-2.585460246E-1,-1.160530448E0,2.804117203E-1
1.740284912E1,-3.292742670E-1,-1.689885378E0,2.286494374E-1
1.741287913E1,-3.148840666E-1,-2.293123722E0,-7.776763290E-2
1.742291013E1,-2.800776064E-1,-2.127509832E0,-2.406019904E-2
1.743294012E1,-3.387000263E-1,-1.696110845E0,-1.047211960E-1
1.744297113E1,-3.228036165E-1,-1.251354218E0,-3.372611478E-2
1.745300113E1,-2.820140719E-1,-5.938292146E-1,-1.641650125E-2
1.746303213E1,-2.953636944E-1,-2.374700159E-1,-4.870253429E-2
1.747306213E1,-2.679499090E-1,-1.154194698E-1,-5.781533942E-2
1.748309313E1,-2.538365126E-1,-4.901462048E-2,-2.589389309E-2
1.749312413E1,-2.459544837E-1,-5.651388317E-3,6.173446774E-2
1.750315412E1,-2.412199080E-1,2.381356061E-2,1.749318689E-1
1.751318513E1,-2.467109561E-1,-2.850082144E-2,2.789472342E-1
1.752321513E1,-2.240170985E-1,-1.392481029E-1,3.262023628E-1
1.753324613E1,-2.117989361E-1,-1.329894811E-1,3.567264378E-1
1.754327613E1,-2.350829542E-1,7.502790540E-2,4.058039784E-1
1.755330713E1,-2.507391870E-1,2.064535767E-1,4.411951005E-1
1.756333713E1,-3.322068751E-1,2.308188379E-1,4.774998426E-1
1.757336812E1,-4.737468660E-1,4.082646966E-2,6.230692863E-1
1.758339813E1,-3.022395372E-1,-6.816832423E-1,6.609242558E-1
1.759342913E1,-2.051225305E-1,-8.785301447E-1,6.430240870E-1
1.760345912E1,-2.802121937E-1,-3.240054250E-1,4.026612937E-1
1.761349013E1,-3.999055922E-1,1.085498855E-1,2.821730077E-1
1.762352013E1,-4.530681372E-1,2.884709239E-1,2.336206585E-1
1.763355112E1,-5.350170135E-1,2.620615959E-1,3.160462379E-1
1.764358113E1,-6.241282821E-1,2.026051879E-1,4.058056772E-1
1.765361213E1,-6.424114704E-1,1.914681941E-1,4.367210269E-1
1.766364213E1,-6.349663734E-1,1.898157001E-1,3.922507763E-1
1.767367312E1,-5.742236972E-1,2.374637872E-1,3.653345406E-1
1.768370313E1,-5.473681092E-1,3.068852127E-1,2.483898550E-1
1.769373413E1,-4.691201746E-1,2.179819793E-1,4.382260516E-2
1.770376412E1,-4.074341655E-1,2.062688619E-1,-1.530286670E-1
1.771379513E1,-3.764078915E-1,1.164178699E-1,-2.429821044E-1
1.772382513E1,-2.911489308E-1,9.683032334E-2,-3.243193030E-1
1.773385612E1,-1.457761973E-1,1.092933938E-1,-2.973261178E-1
1.774388613E1,-3.426911682E-2,7.082456350E-2,-2.317223549E-1
1.775391713E1,8.169351146E-3,-2.184324339E-2,-2.016400397E-1
1.776394713E1,1.285811327E-2,-1.560873389E-1,-1.792545766E-1
1.777397812E1,-2.031631023E-2,-2.875144184E-1,-1.366063654E-1
1.778400813E1,-7.822062820E-2,-3.868154287E-1,-1.426120549E-1
1.779403913E1,-9.145919979E-2,-4.696415961E-1,-1.814241707E-1
1.780406912E1,-2.883150056E-2,-5.151566267E-1,-2.021227926E-1
1.781410013E1,4.645467177E-2,-4.345701635E-1,-2.674711049E-1
1.782413013E1,9.770800173E-2,-2.236123979E-1,-3.613110483E-1
1.783416112E1,1.445122659E-1,-1.331509501E-1,-4.458634853E-1
1.784419113E1,1.785240173E-1,-6.777353585E-2,-5.159123540E-1
1.785422213E1,2.483977079E-1,-1.364982575E-1,-5.649039149E-1
1.786425213E1,2.404508293E-1,-1.641144454E-1,-5.636184216E-1
1.787428312E1,2.178160548E-1,-5.982498080E-2,-5.333220959E-1
1.788431313E1,1.794897020E-1,2.565956116E-2,-4.449278116E-1
1.789434413E1,1.428768337E-1,1.425821781E-1,-2.715717256E-1
1.790437412E1,1.031336784E-1,2.887721658E-1,-1.384006292E-1
1.791440513E1,3.206690028E-2,2.045659125E-1,3.585700691E-2
1.792443513E1,-6.289076805E-2,2.690604627E-1,1.524627060E-1
1.793446612E1,-1.199294105E-1,2.159047127E-1,1.774919927E-1
1.794449613E1,-1.675504595E-1,2.910873592E-1,1.300837249E-1
1.795452713E1,-8.790320158E-2,5.788918138E-1,5.182702094E-2
1.796455713E1,9.825601429E-2,7.073286176E-1,-6.232857704E-2
1.797458813E1,2.418274134E-1,7.900957465E-1,-1.364407837E-1
1.798461813E1,3.187850416E-1,1.146224260E0,-2.898271382E-1
1.799464913E1,3.009402454E-1,1.082686305E0,-3.395648599E-1
1.800467912E1,2.010144740E-1,6.567574143E-1,-1.937171221E-1
1.801471013E1,7.937318832E-2,5.206248164E-1,-1.531372517E-1
1.802474013E1,-2.105141990E-2,6.938692927E-1,-1.776396632E-1
1.803477438E1,-1.545914859E-1,5.581905246E-1,-9.497632086E-2
1.804480438E1,-1.939639300E-1,6.218662262E-1,-7.405453175E-2
1.805483538E1,-1.757456511E-1,9.612382650E-1,-8.219429106E-2
1.806486538E1,-8.527674526E-2,1.320045590E0,2.084553801E-2
1.807489638E1,-1.295066923E-1,1.432892084E0,1.400192827E-1
1.808492637E1,-1.698740870E-1,1.474910140E0,1.971201301E-1
1.809495738E1,-1.108334661E-1,1.713904500E0,2.084305733E-1
1.810498738E1,-1.944314241E-1,1.272693515E0,2.256737351E-1
1.811501837E1,-1.793839633E-1,9.877392054E-1,3.118268251E-1
1.812504838E1,-8.757467568E-2,5.993834734E-1,4.392385781E-1
1.813507938E1,7.160304580E-3,2.062925696E-1,5.341265798E-1
1.814510938E1,4.659772664E-2,1.083902344E-1,4.911780953E-1
1.815514038E1,9.227836877E-2,2.328573167E-2,4.565685391E-1
1.816517038E1,1.077835634E-1,-3.032455146E-1,4.718870521E-1
1.817520138E1,1.198268607E-1,-5.276871324E-1,4.550242722E-1
1.818523137E1,1.228223816E-1,-6.761543751E-1,4.606611133E-1
1.819526238E1,1.555334032E-1,-6.193745136E-1,4.130771756E-1
1.820529238E1,2.013304532E-1,-5.453764200E-1,3.428469598E-1
1.821532337E1,2.517710030E-1,-6.580265760E-1,3.696567416E-1
1.822535338E1,2.795672119E-1,-8.018721342E-1,3.583316207E-1
1.823538438E1,3.509667218E-1,-1.228948951E0,3.425491750E-1
1.824541438E1,4.229186773E-1,-1.772326827E0,3.168025315E-1
1.825544538E1,4.493616819E-1,-1.413921118E0,3.282849789E-1
1.826547538E1,3.057145178E-1,-1.139911294E0,2.223984897E-1
1.827550638E1,3.256042898E-1,-9.115582108E-1,1.128404960E-1
1.828553637E1,3.228103817E-1,-9.446386695E-1,6.823281199E-2
1.829556738E1,3.254546225E-1,-9.374275208E-1,1.496144850E-2
1.830559738E1,4.255404770E-1,-9.008117318E-1,-4.584996775E-2
1.831562837E1,4.135101736E-1,-1.013358831E0,-5.793848634E-2
1.832565838E1,4.842525125E-1,-1.278468251E0,-3.778395057E-2
1.833568938E1,4.557620883E-1,-1.880432606E0,-6.318869442E-2
1.834571938E1,4.490173757E-1,-2.265301704E0,-1.304524094E-1
1.835575038E1,3.567212224E-1,-3.507029772E0,2.112141997E-2
1.836578138E1,4.259434342E-1,-5.065387726E0,-3.178635836E-1
1.837581138E1,1.488298535E0,-4.930700302E0,-3.366540968E-1
1.838584237E1,1.217689395E0,-5.421839714E0,-4.158591628E-1
1.839587238E1,6.466218233E-1,-5.539881229E0,-1.574285865E0
1.840590338E1,-6.228281856E-1,-2.245892048E0,-3.186339736E-1
1.841593337E1,-7.037327886E-1,-6.612769961E-1,1.165382937E-1
1.842596438E1,-5.328707695E-1,5.361425281E-1,2.122741491E-1
1.843599438E1,-2.815445065E-1,4.823820889E-1,2.544458210E-1
1.844602538E1,-1.191667914E-1,-2.305812687E-1,2.737542689E-1
1.845605538E1,-8.827152848E-2,-3.997683525E-1,2.094216496E-1
1.846608638E1,-9.018634260E-2,-4.314178824E-1,2.252125889E-1
1.847611638E1,-1.026168987E-1,-5.866786838E-1,2.030255944E-1
1.848614737E1,-3.648421913E-2,-5.307587385E-1,1.396056116E-1
1.849617738E1,2.305207588E-2,-3.501186073E-1,1.360271275E-1
1.850620838E1,8.557556197E-3,-1.260538101E-1,1.642156243E-1
1.851623837E1,-2.850531600E-2,-2.240138203E-1,2.885005772E-1
1.852626938E1,-1.158367619E-1,-1.881405115E-1,2.958447635E-1
1.853629938E1,-1.269300431E-1,3.217290938E-1,-9.332840890E-2
1.854633038E1,-2.396312952E-1,7.689206600E-1,-2.920145988E-1
1.855636038E1,-3.236548901E-1,9.974990487E-1,-3.144412935E-1
1.856639138E1,-3.480467796E-1,8.989825845E-1,-2.752813697E-1
1.857642138E1,-3.193613887E-1,6.015244722E-1,-1.535041034E-1
1.858645237E1,-3.009176552E-1,3.830411434E-1,-1.128890552E-2
1.859648238E1,-2.786476016E-1,2.670541406E-1,1.213730201E-1
1.860651338E1,-2.578158081E-1,1.911292970E-1,2.355190217E-1
1.861654337E1,-2.486566305E-1,2.048745155E-1,2.989623249E-1
1.862657438E1,-2.526042163E-1,2.024630159E-1,3.182358742E-1
1.863660438E1,-2.296763957E-1,1.979521066E-1,2.844507992E-1
1.864663538E1,-1.933277100E-1,5.764160678E-2,1.301214099E-1
1.865666538E1,-6.194062904E-2,-5.685975552E-1,1.658320129E-1
1.866669638E1,2.381741628E-2,-4.164841175E-1,9.178628772E-2
1.867672738E1,1.065361872E-1,-3.903749883E-1,6.787419319E-2
1.868675737E1,1.388262063E-1,-5.425373912E-1,4.009991884E-3
1.869678838E1,1.637544483E-1,-6.479837298E-1,3.773587942E-2
1.870681838E1,1.944295317E-1,-7.864465117E-1,1.685559601E-1
1.871684937E1,2.197553962E-1,-9.056296349E-1,2.604014575E-1
1.872687938E1,1.879532635E-1,-6.870754957E-1,1.415882558E-1
1.873691038E1,9.763869643E-2,-1.231933013E-1,6.252706796E-2
1.874694038E1,4.867461324E-2,1.558425874E-1,4.858142883E-2
1.875697138E1,2.527632751E-2,-1.203634217E-1,-4.310978577E-2
1.876700138E1,9.440772980E-2,-4.476480782E-1,-5.202418566E-2
1.877703238E1,-1.400936246E-1,-1.144800901E0,-1.443822682E-1
1.878706237E1,-6.708928850E-3,-1.018467784E0,-7.661714684E-3
1.879709338E1,8.899454027E-2,-5.687500238E-1,-3.543043137E-2
1.880712338E1,1.986374110E-1,-2.706485689E-1,-5.250822008E-2
1.881715437E1,2.072929591E-1,-1.444471925E-1,-4.383285344E-2
1.882718438E1,1.689194739E-1,-1.057275087E-1,-4.927795380E-2
1.883721538E1,1.298323423E-1,-1.048760861E-1,-7.877982408E-2
1.884724538E1,2.150160633E-2,5.071183201E-3,-1.077677980E-1
1.885727638E1,1.089881919E-2,6.162229460E-3,-1.297485381E-1
1.886730638E1,-6.578441709E-3,-4.671962932E-2,-1.183344945E-1
1.887733738E1,3.848399967E-2,-1.546698511E-1,-8.303809166E-2
1.888736737E1,4.294346273E-2,-1.506415457E-1,-8.031927049E-2
1.889739838E1,1.490123384E-2,-5.598859489E-2,-1.113470197E-1
1.890742938E1,4.804853350E-2,-2.131290734E-2,-1.129089668E-1
1.891745937E1,1.222362891E-1,4.919707309E-3,-9.301532805E-2
1.892749038E1,2.139049619E-1,-5.152758583E-2,-7.414310426E-2
1.893752038E1,3.360716701E-1,-1.907095313E-1,-4.122430831E-2
1.894755138E1,4.669804275E-1,-2.883218527E-1,-6.092131510E-2
1.895758138E1,5.058081746E-1,-3.034611940E-1,-1.466704458E-1
1.896761238E1,4.984402657E-1,-2.296213508E-1,-2.906531692E-1
1.897764238E1,5.028599501E-1,-9.206805378E-2,-3.254430890E-1
1.898767337E1,3.769382238E-1,-1.390155852E-1,-2.044895142E-1
1.899770338E1,3.277454674E-1,-6.084665284E-2,-1.516084075E-1
1.900773438E1,2.193878293E-1,1.096894592E-2,-8.624804020E-2
1.901776437E1,2.502752841E-1,1.316993237E-1,-9.148050100E-2
1.902779538E1,3.770753145E-1,1.263737679E-2,-6.600123644E-2
1.903782238E1,5.150814652E-1,-1.517385095E-1,-8.863192052E-3
1.904785337E1,6.244326830E-1,-2.119027823E-1,-1.493413374E-2
1.905788338E1,5.858848691E-1,-3.144456446E-1,1.016061381E-2
1.906791438E1,4.820955992E-1,-3.614065051E-1,5.497442186E-2
1.907794437E1,4.186803997E-1,-3.469973505E-1,8.365953714E-2
1.908797538E1,3.843367994E-1,-3.087807298E-1,1.182449460E-1
1.909800638E1,3.163690865E-1,-2.552858591E-1,1.744549721E-1
1.910803638E1,3.277037442E-1,-2.401817441E-1,3.226804137E-1
1.911806737E1,4.147450626E-1,-3.126036227E-1,1.071044445E0
1.912809738E1,4.090687931E-1,-1.821992546E-1,9.493832588E-1
1.913812838E1,4.349052608E-1,-2.056811303E-1,9.412527084E-1
1.914815837E1,4.670810401E-1,-3.435779810E-1,9.670858979E-1
1.915818938E1,5.346342325E-1,-4.471697509E-1,9.023380876E-1
1.916821938E1,5.998225808E-1,-5.754662156E-1,6.342845559E-1
1.917825038E1,5.679203272E-1,-4.901665747E-1,2.461752295E-1
1.918828038E1,4.916665852E-1,-4.796822369E-1,6.024609879E-2
1.919831138E1,3.937095106E-1,-4.991032779E-1,-5.486267805E-2
1.920834238E1,2.942742705E-1,-4.633072019E-1,-1.106018350E-1
1.921837237E1,2.382775247E-1,-4.113326967E-1,-1.445459872E-1
1.922840338E1,2.158467919E-1,-2.724009156E-1,-1.709437668E-1
1.923843338E1,1.868363917E-1,7.983945310E-3,-2.034378648E-1
1.924846437E1,1.393911242E-1,1.465458125E-1,-2.051308453E-1
1.925849438E1,8.837088943E-2,1.627871394E-1,-2.118680626E-1
1.926852538E1,5.906040221E-2,9.543047100E-2,-2.008508295E-1
1.927855537E1,6.099258736E-2,-1.780393161E-2,-1.636657268E-1
1.928858638E1,9.850800037E-2,-1.064328700E-1,-1.246637180E-1
1.929861638E1,1.353889704E-1,-1.259227097E-1,-9.636679292E-2
1.930864738E1,1.713419110E-1,-1.554486305E-1,-5.000488088E-2
1.931867837E1,2.043171525E-1,-2.549011111E-1,1.204831153E-2
1.932870838E1,2.274421751E-1,-3.305729628E-1,8.613771945E-2
1.933873938E1,2.417134345E-1,-3.917716146E-1,1.278780252E-1
1.934876937E1,2.308810204E-1,-4.891913831E-1,1.339641511E-1
1.935880038E1,2.043383569E-1,-5.240088105E-1,1.374395788E-1
1.936883038E1,1.800372750E-1,-4.661206901E-1,9.531661868E-2
1.937886138E1,1.005147323E-1,-2.981911004E-1,2.009987459E-2
1.938889138E1,7.364707999E-4,-1.451722533E-1,-5.517623574E-2
1.939892238E1,-1.132056788E-1,-3.096600994E-2,-1.260925233E-1
1.940895338E1,-2.010250241E-1,1.002987996E-1,-2.028919607E-1
1.941898337E1,-2.888774574E-1,2.724307775E-1,-2.887023687E-1
1.942901438E1,-3.792126775E-1,4.703973830E-1,-3.663939834E-1
1.943904438E1,-4.787843823E-1,7.351408601E-1,-4.291853905E-1
1.944907537E1,-6.053944826E-1,1.057652116E0,-5.008656979E-1
1.945910538E1,-7.201547623E-1,1.347862124E0,-5.580003262E-1
1.946913638E1,-7.819457054E-1,1.429151893E0,-4.442894161E-1
1.947916638E1,-8.144416809E-1,1.323403239E0,-2.960090637E-1
1.948919738E1,-7.624160051E-1,1.287114143E0,-1.729047000E-1
1.949922838E1,-7.226524353E-1,9.639189839E-1,-9.264419228E-2
1.950925838E1,-5.104224682E-1,9.406186640E-2,-1.662110984E-1
1.951928937E1,-6.370219588E-1,2.964112461E-1,-2.514025569E-2
1.952931938E1,-6.205324531E-1,3.701696098E-1,7.156737894E-2
1.953935038E1,-6.093300581E-1,3.338831365E-1,5.640884489E-2
1.954938037E1,-5.423600674E-1,2.232572883E-1,8.078422397E-2
1.955941138E1,-4.470445514E-1,3.846202791E-2,1.279300153E-1
1.956944138E1,-3.277996480E-1,-1.753328145E-1,1.138411090E-1
1.957947238E1,-2.578333318E-1,-3.030295968E-1,9.095831215E-2
1.958950238E1,-2.585854232E-1,-3.878978789E-1,1.063838750E-1
1.959953338E1,-3.215512931E-1,-4.025196433E-1,1.349295080E-1
1.960956338E1,-3.798441589E-1,-4.612183571E-1,1.296434104E-1
1.961959437E1,-3.782766759E-1,-4.609459341E-1,2.121527866E-2
1.962962538E1,-3.948455155E-1,-4.546510279E-1,-4.043050855E-2
1.963965538E1,-4.099478722E-1,-5.693372488E-1,-2.466432303E-1
1.964968637E1,-4.580086172E-1,-3.793593049E-1,-3.526980281E-1
1.965971638E1,-5.194876194E-1,-8.600891382E-2,-3.525864184E-1
1.966974738E1,-6.216619611E-1,3.758604228E-1,-4.323829710E-1
1.967977738E1,-5.680538416E-1,5.971380472E-1,-3.730816245E-1
1.968980837E1,-3.940359354E-1,4.424331784E-1,-2.198073715E-1
1.969983838E1,-2.159242183E-1,1.608242095E-2,3.808322921E-2
1.970986938E1,-1.757493764E-1,-1.386983693E-1,2.009051591E-1
1.971989937E1,-1.612208337E-1,-2.007124126E-1,2.453545630E-1
1.972993038E1,-1.865475029E-1,-4.264448583E-2,2.208271176E-1
1.973996038E1,-2.570015788E-1,4.356812313E-2,1.536042541E-1
1.974999137E1,-3.316960633E-1,3.440419137E-1,1.743223071E-1
1.976002238E1,-4.129234254E-1,5.033236146E-1,2.535916269E-1
1.977005238E1,-4.722277522E-1,6.031359434E-1,3.114741147E-1
1.978008338E1,-4.535523057E-1,9.097402692E-1,5.787516832E-1
1.979011338E1,-3.697207868E-1,7.317724228E-1,4.817087650E-1
1.980014438E1,-3.160440922E-1,5.455183983E-1,2.585299015E-1
1.981017438E1,-3.299383223E-1,4.474629462E-1,4.753429815E-2
1.982020537E1,-3.162353933E-1,4.398757517E-1,-5.371915177E-2
1.983023538E1,-3.735519648E-1,3.813131154E-1,-2.004792988E-1
1.984026638E1,-3.848827183E-1,2.223183811E-1,-2.750496268E-1
1.985029637E1,-4.724879265E-1,1.221606210E-1,-3.930806518E-1
1.986032738E1,-4.790671766E-1,1.642745435E-1,-3.322213292E-1
1.987035738E1,-5.076434612E-1,2.748048007E-1,-3.408656716E-1
1.988038838E1,-4.138050973E-1,1.840847284E-1,-3.163036108E-1
1.989041838E1,-3.049505353E-1,1.027688235E-1,-2.845470309E-1
1.990044938E1,-1.851222962E-1,1.336817890E-1,-2.656744719E-1
1.991047938E1,-5.971457064E-2,7.831014693E-2,-2.432280332E-1
1.992051037E1,8.421988040E-2,-1.535583846E-2,-1.789111942E-1
1.993054138E1,1.179269776E-1,-1.039371043E-1,-1.550814956E-1
1.994057138E1,1.644698828E-1,-1.753797978E-1,-9.610127658E-2
1.995060238E1,2.769665793E-3,-1.467936933E-1,-1.788832396E-1
1.996063238E1,-1.245255619E-1,-6.727556884E-2,-2.240535617E-1
1.997066338E1,-1.586204171E-1,1.916078664E-2,-2.655234933E-1
1.998069338E1,-1.064418182E-1,1.507254094E-1,-3.168883324E-1
1.999072437E1,-1.461496018E-2,6.662198901E-2,-3.819009066E-1
2.000075438E1,3.488068655E-2,1.069774032E-1,-4.136156738E-1
2.001078538E1,2.906540781E-2,1.028505638E-1,-5.597353578E-1
2.002081537E1,1.013043746E-1,5.055137724E-2,-5.201030374E-1
2.003084638E1,1.317070276E-1,-1.224776655E-1,-4.499761164E-1
2.004087963E1,1.931421757E-1,-1.753786653E-1,-2.883082926E-1
2.005091063E1,2.857003510E-1,-1.220541894E-1,-1.981304586E-1
2.006094063E1,3.322946727E-1,-7.888048142E-2,-5.975710973E-2
2.007097162E1,3.412234485E-1,-1.337946057E-1,1.559224073E-2
2.008100163E1,3.337802887E-1,-2.831781209E-1,1.009937599E-1
2.009103263E1,3.050397336E-1,-3.764590621E-1,1.137612164E-1
2.010106362E1,3.259531558E-1,-2.774556279E-1,4.573522881E-2
2.011109363E1,3.649887145E-1,-1.451548487E-1,-7.384713739E-3
2.012112463E1,3.599798083E-1,-7.440409064E-2,-9.634889662E-2
2.013115462E1,3.253946602E-1,-3.912439197E-2,-1.452253759E-1
2.014118563E1,2.409559935E-1,-1.234376356E-1,-1.436238885E-1
2.015121563E1,1.399556100E-1,-2.380337119E-1,-1.248315498E-1
2.016124663E1,1.032127216E-1,-3.464273512E-1,-9.478562325E-2
2.017127662E1,9.638437629E-2,-3.086666465E-1,-5.209089443E-2
2.018130763E1,1.212635934E-1,-1.290806681E-1,-2.950171381E-2
2.019133763E1,1.611108631E-1,3.791258484E-2,-1.696381904E-2
2.020136862E1,1.633926183E-1,1.784128845E-1,-4.097554833E-2
2.021139863E1,1.167351007E-1,3.064486086E-1,-7.709760219E-2
2.022142963E1,7.573770732E-2,2.756827474E-1,-8.039081097E-2
2.023146063E1,3.431862965E-2,2.201172262E-1,-6.540174037E-2
2.024149063E1,5.555061623E-2,1.438745260E-1,-3.308532387E-2
2.025152163E1,1.076223329E-1,8.397231251E-2,-9.838856757E-3
2.026155163E1,1.551758498E-1,6.402262300E-2,-5.610231776E-3
2.027158262E1,1.668037474E-1,1.156943440E-1,-1.055332460E-2
2.028161263E1,1.896128058E-1,1.596786976E-1,1.068121381E-2
2.029164363E1,2.017099410E-1,2.649745047E-1,5.170641094E-2
2.030167362E1,2.136349976E-1,3.729983270E-1,1.377974749E-1
2.031170463E1,2.230402082E-1,3.889085948E-1,2.090362459E-1
2.032173463E1,2.013696432E-1,3.359718025E-1,2.647610307E-1
2.033176563E1,1.274693161E-1,2.418937832E-1,2.743308246E-1
2.034179663E1,1.952894405E-2,1.822453588E-1,3.124023974E-1
2.035182663E1,5.962003022E-3,1.747360528E-1,3.549107015E-1
2.036185763E1,8.702093735E-3,9.730808437E-2,3.946996331E-1
2.037188762E1,4.086455703E-2,-2.872582525E-3,4.689877331E-1
2.038191863E1,1.067775339E-1,-1.351333410E-2,4.754781723E-1
2.039194863E1,1.813881248E-1,4.851488397E-2,5.021220446E-1
2.040197962E1,2.170276344E-1,1.644014716E-1,4.636741281E-1
2.041200963E1,2.063454241E-1,1.945716292E-1,4.920983315E-1
2.042204063E1,2.391840816E-1,4.892953038E-1,4.785218537E-1
2.043207063E1,1.569616497E-1,5.358414650E-1,3.145385087E-1
2.044210163E1,-4.716569930E-2,2.201794088E-1,2.845931053E-1
2.045213163E1,-5.549569726E-1,-1.013947487E0,6.295249462E-1
2.046216263E1,-5.651611090E-1,-7.158091068E-1,3.195229173E-1
2.047219362E1,-4.896527827E-1,-7.386559993E-2,4.675319791E-2
2.048222363E1,-4.874900579E-1,7.606344670E-2,-1.486785412E-1
2.049225463E1,-4.827733338E-1,1.424352825E-1,-1.325996965E-1
2.050228462E1,-4.539143145E-1,1.885918230E-1,-1.362674385E-1
2.051231563E1,-3.642669916E-1,1.998242438E-1,-8.103214949E-2
2.052234563E1,-2.221793234E-1,2.291151136E-1,3.600589000E-3
2.053237663E1,-2.602978796E-2,2.650715113E-1,9.003614634E-2
2.054240663E1,1.397577226E-1,2.892786562E-1,1.353826672E-1
2.055243763E1,2.645824850E-1,3.168900311E-1,1.776773930E-1
2.056246763E1,3.779748082E-1,3.393161595E-1,1.901356131E-1
2.057249862E1,4.265543222E-1,2.994246483E-1,1.840223223E-1
2.058252863E1,4.360325038E-1,1.007362381E-1,2.239656150E-1
2.059255963E1,3.881443441E-1,-1.586614996E-1,2.722742856E-1
2.060258962E1,3.296337724E-1,-3.019379377E-1,3.087898791E-1
2.061262063E1,2.985839844E-1,-3.433612883E-1,3.001599014E-1
2.062265163E1,2.848622203E-1,-3.160135448E-1,2.409803122E-1
2.063268163E1,2.998502254E-1,-2.402271926E-1,1.803824753E-1
2.064271263E1,3.140380085E-1,-1.792052835E-1,1.353277117E-1
2.065274263E1,3.027278185E-1,-1.284369230E-1,9.488493949E-2
2.066277363E1,2.568497360E-1,-6.823385507E-2,5.594068393E-2
2.067280362E1,1.717079580E-1,-3.438295051E-2,2.927268390E-3
2.068283463E1,9.141046554E-2,3.256154433E-2,-5.999564752E-2
2.069286463E1,1.444510650E-2,1.025760472E-1,-1.202571243E-1
2.070289562E1,-7.738581300E-2,1.321982145E-1,-1.797441542E-1
2.071292563E1,-2.169098705E-1,4.851168394E-1,-1.690475643E-1
2.072295663E1,-2.437174916E-1,4.511023462E-1,-1.603131145E-1
2.073298663E1,-2.313745320E-1,4.006743431E-1,-1.994703710E-1
2.074301763E1,-2.043895572E-1,4.711752832E-1,-2.567160428E-1
2.075304863E1,-2.216681391E-1,5.692176819E-1,-3.079760373E-1
2.076307863E1,-1.947239190E-1,7.249884605E-1,-3.437855244E-1
2.077310962E1,-2.265345901E-1,7.558766007E-1,-4.485449493E-1
2.078313963E1,-2.049739212E-1,9.104906917E-1,-5.564032197E-1
2.079317063E1,-3.441182375E-1,1.154450536E0,-6.803017259E-1
2.080320062E1,-3.665530682E-1,1.003612041E0,-7.086065412E-1
2.081323163E1,-5.380672812E-1,5.530658364E-1,-5.937417150E-1
2.082326163E1,-5.663979650E-1,3.453536630E-1,-6.556138396E-1
2.083329263E1,-7.525180578E-1,3.651675582E-1,-5.833146572E-1
2.084332263E1,-9.720328450E-1,3.817889094E-1,-3.703407347E-1
2.085335363E1,-1.012609482E0,1.346792579E-1,-1.632605493E-1
2.086338463E1,-1.019155383E0,-2.042032331E-1,3.820604086E-2
2.087341462E1,-9.533431530E-1,-1.742948592E-1,1.378953457E-1
2.088344563E1,-9.668488503E-1,-3.456479907E-1,2.014221102E-1
2.089347563E1,-8.338971734E-1,-6.357274652E-1,3.413440883E-1
2.090350662E1,-8.236595988E-1,-7.348036170E-1,3.303793669E-1
2.091353663E1,-7.550182343E-1,-7.868375182E-1,4.961941838E-1
2.092356763E1,-1.049351096E0,-1.255291820E0,7.166632414E-1
2.093359763E1,-2.567934275E0,-2.409540176E0,1.491633534E0
2.094362862E1,-1.666271329E0,-1.954669595E0,9.158287644E-1
2.095365863E1,-5.996337533E-1,-1.479696631E0,7.897121310E-1
2.096368963E1,-3.369624615E-1,-1.185679555E0,5.692062974E-1
2.097372062E1,-1.537057199E-2,-1.277994752E0,3.445598781E-1
2.098375063E1,2.222865522E-1,-1.269398093E0,1.131156683E-1
2.099378163E1,2.961943448E-1,-1.072045326E0,-2.213989198E-2
2.100381162E1,3.523543477E-1,-9.193683267E-1,-1.142100245E-1
2.101384263E1,3.329135180E-1,-6.383366585E-1,-2.289168984E-1
2.102387263E1,2.984175682E-1,-3.302989006E-1,-2.827882767E-1
2.103390363E1,2.004710436E-1,2.205816563E-3,-3.304671049E-1
2.104393000E1,9.155040979E-2,2.828361094E-1,-3.425200880E-1
2.105396100E1,1.885064505E-2,5.423957705E-1,-3.428537846E-1
2.106399100E1,-6.792981178E-2,6.814918518E-1,-3.239457011E-1
2.107402200E1,-1.292672008E-1,7.737796903E-1,-2.603161037E-1
2.108405200E1,-1.243278086E-1,8.565165401E-1,-2.025253028E-1
2.109408300E1,-7.460978627E-2,9.176648259E-1,-1.412992328E-1
2.110411300E1,2.163033932E-2,8.830097914E-1,-1.430978328E-1
2.111414400E1,1.243833452E-1,7.356301546E-1,-1.731992662E-1
2.112417500E1,1.794654131E-1,5.760351419E-1,-2.320886552E-1
2.113420500E1,1.588959545E-1,4.258429706E-1,-3.046792150E-1
2.114423600E1,7.566969097E-2,3.266788125E-1,-3.390683234E-1
2.115426600E1,5.260502454E-3,1.860985160E-1,-3.294274211E-1
2.116429700E1,-3.704757243E-2,8.642534912E-2,-2.916083336E-1
2.117432700E1,-5.360471085E-2,3.155916929E-2,-2.399368882E-1
2.118435800E1,-5.839534849E-2,3.892374411E-2,-1.531797200E-1
2.119438800E1,-1.928492934E-1,-2.753222361E-4,-8.960393071E-2
2.120441900E1,-1.579607725E-1,2.325167693E-2,-5.774253607E-2
2.121444900E1,-9.673283249E-2,5.376750603E-2,-8.309023082E-2
2.122448000E1,5.434527248E-2,1.594728678E-1,-1.181336567E-1
2.123451000E1,1.398676336E-1,3.194822371E-1,-1.987925470E-1
2.124454100E1,1.264679879E-1,4.294659197E-1,-2.310460955E-1
2.125457200E1,7.796037942E-2,3.921891153E-1,-2.641609013E-1
2.126460200E1,4.497120902E-2,3.591764867E-1,-2.547762692E-1
2.127463300E1,2.701324411E-2,3.350373209E-1,-1.790615171E-1
2.128466300E1,-9.839748964E-5,2.517969906E-1,-7.872609794E-2
2.129469400E1,-1.175958104E-2,2.232455015E-1,-1.720201410E-2
2.130472400E1,-1.069333777E-2,2.123336196E-1,2.533783391E-2
2.131475500E1,6.134111434E-3,1.657847464E-1,7.402841002E-2
2.132478500E1,3.107606992E-2,1.263421476E-1,1.205622554E-1
2.133481600E1,6.575416028E-2,7.887848467E-2,1.527596116E-1
2.134484600E1,8.323262632E-2,-1.173864976E-1,2.103582770E-1
2.135487700E1,1.043325812E-1,-4.212299883E-1,3.512126207E-1
2.136490700E1,2.103792578E-1,-5.302075744E-1,4.293185771E-1
2.137493800E1,1.811430752E-1,-5.498273373E-1,2.419254929E-1
2.138496900E1,1.133349165E-1,-3.949247897E-1,1.394919753E-1
2.139499900E1,4.479473457E-2,-2.252596021E-1,7.616786659E-2
2.140503000E1,2.761029080E-2,-6.593354791E-2,2.492754906E-2
2.141506000E1,2.088900283E-2,6.565297395E-2,-1.155855693E-2
2.142509100E1,5.911687855E-3,1.399221569E-1,-4.333697632E-2
2.143512100E1,-7.944181561E-4,1.592652351E-1,-6.642179191E-2
2.144515200E1,-1.049130224E-2,1.602891237E-1,-8.394792676E-2
2.145518200E1,-3.127913922E-2,1.537755579E-1,-8.639537543E-2
2.146521300E1,-6.067980081E-2,1.332951635E-1,-8.327726275E-2
2.147524300E1,-9.572193772E-2,8.617185801E-2,-7.342596352E-2
2.148527400E1,-1.765346974E-1,4.905844107E-2,-4.794620723E-2
2.149530400E1,-2.120258510E-1,-3.044890054E-2,-2.786757052E-2
2.150533500E1,-1.748850346E-1,-4.177858680E-2,-3.195523843E-2
2.151536500E1,-2.825108171E-1,-8.897245675E-2,-1.173492149E-2
2.152539600E1,-3.097024858E-1,-7.677651197E-2,-4.901704565E-2
2.153542700E1,-4.961141944E-1,-7.733684033E-2,-2.668902576E-1
2.154545700E1,-4.699540138E-1,1.865613610E-1,-1.863386184E-1
2.155548800E1,-3.240801692E-1,1.959551424E-1,-1.160127968E-1
2.156551800E1,-2.729752362E-1,1.112469584E-1,-1.071309820E-1
2.157554900E1,-2.111318558E-1,1.894629449E-1,-1.311462969E-1
2.158557900E1,-6.992378086E-2,2.979224026E-1,-1.334439218E-1
2.159561000E1,-1.259284616E-1,2.312842757E-1,-5.702736322E-3
2.160564000E1,-9.765869379E-2,1.617000699E-1,-2.565586194E-2
2.161567100E1,-1.555331796E-1,4.302560911E-2,3.654493019E-2
2.162570100E1,-1.919300705E-1,-1.661666632E-1,-1.116886176E-2
2.163573200E1,-2.624316812E-1,-9.329885244E-2,-4.138455540E-2
2.164576200E1,-3.923957348E-1,-8.893152326E-2,-2.683390304E-2
2.165579300E1,-4.333442450E-1,-1.040140688E-1,-1.163870282E-2
2.166582300E1,-3.882904947E-1,2.203033306E-2,2.021843381E-2
2.167585400E1,-6.440072656E-1,-8.579394780E-4,-1.201060787E-2
2.168588500E1,-7.054401636E-1,-7.419694215E-2,-4.254580289E-2
2.169591500E1,-5.194154382E-1,3.799777105E-2,-6.803571433E-2
2.170594600E1,-4.355771542E-1,9.591950476E-2,-1.849631034E-2
2.171597600E1,-3.577026129E-1,6.070878729E-2,4.416727927E-3
2.172600700E1,-3.140725791E-1,1.842027903E-2,1.871118322E-2
2.173603700E1,-3.166252375E-1,-4.226783663E-2,3.413834050E-2
2.174606800E1,-2.976766825E-1,-9.824406356E-2,4.562698305E-2
2.175609800E1,-2.600033581E-1,-1.749966443E-1,3.015827760E-2
2.176612900E1,-2.365287989E-1,-2.494044155E-1,-2.226268128E-2
2.177615900E1,-2.584239542E-1,-2.540268600E-1,-7.291733474E-2
2.178619000E1,-2.188864201E-1,-1.636808068E-1,-8.031039685E-2
2.179622000E1,-2.544097900E-1,-1.080585569E-1,-2.102231234E-1
2.180625100E1,-2.484265119E-1,-5.587686598E-2,-1.600156277E-1
2.181628100E1,-2.000070512E-1,7.236591540E-3,-6.104324386E-2
2.182631200E1,-8.974977583E-2,1.322569996E-1,-9.356304258E-2
2.183634300E1,-1.126609519E-1,2.590032220E-1,-1.659272462E-1
2.184637300E1,-1.255533993E-1,3.845558167E-1,-2.242381722E-1
2.185640400E1,-2.221760750E-1,4.272697270E-1,-1.759548038E-1
2.186643400E1,-2.340542525E-1,3.044206798E-1,-1.337506324E-1
2.187646500E1,-2.136864066E-1,2.171323597E-1,-1.520161778E-1
2.188649500E1,-1.731173247E-1,2.099656463E-1,-1.800249368E-1
2.189652600E1,-1.588787436E-1,2.107986957E-1,-1.583228409E-1
2.190655600E1,-1.632722318E-1,9.275466949E-2,-5.581494048E-2
2.191658700E1,-1.382739395E-1,-7.765141875E-2,1.459424570E-2
2.192661700E1,-1.410664022E-1,-2.049329728E-1,5.639746040E-2
2.193664800E1,-1.288885772E-1,-2.338551730E-1,4.080757871E-2
2.194667900E1,-9.501263499E-2,-1.751074344E-1,1.949589886E-2
2.195670900E1,-4.716761783E-2,-8.553387970E-2,-1.535582542E-2
2.196674000E1,-1.028787345E-3,-5.505421665E-3,-6.393825263E-2
2.197677000E1,5.856503546E-2,5.141991377E-2,-7.777178288E-2
2.198680100E1,1.136139631E-1,7.637533545E-2,-8.193568885E-2
2.199683100E1,1.465122551E-1,1.193835214E-1,-1.059278399E-1
2.200686200E1,1.803188920E-1,1.618232131E-1,-6.604647636E-2
2.201689200E1,1.929265559E-1,1.210472807E-1,-3.665849566E-2
2.202692300E1,1.200251058E-1,4.536927491E-2,-3.454789519E-2
2.203695300E1,2.001008764E-2,-8.375179954E-3,-5.061953887E-2
2.204698438E1,-5.598342791E-2,-4.335232824E-2,-5.418850109E-2
2.205701438E1,-3.204507008E-2,-5.610913411E-2,-3.372743353E-2
2.206704537E1,3.268060833E-2,-5.896005780E-2,9.618951008E-4
2.207707538E1,5.151128769E-2,-6.444883347E-2,-1.349827088E-2
2.208710638E1,2.125471458E-2,-3.953811154E-2,-5.137058347E-2
2.209713737E1,3.635856509E-2,3.355025779E-3,-5.354239047E-2
2.210716738E1,8.343505859E-2,1.813548617E-2,2.373611089E-3
2.211719838E1,1.249145940E-1,-3.323236480E-2,8.207269758E-2
2.212722838E1,5.372277647E-2,-1.102956831E-1,4.611757118E-3
2.213725937E1,2.026257068E-1,4.136617295E-3,9.316532314E-2
2.214728938E1,2.952032089E-1,4.955687094E-3,2.002415508E-1
2.215732038E1,3.201410770E-1,7.764522452E-3,2.642823458E-1
2.216735037E1,2.433408238E-2,-7.650271803E-2,2.261594683E-2
2.217738138E1,2.687504888E-1,1.160520837E-1,1.590281129E-1
2.218741138E1,8.411624283E-2,-2.251378726E-3,5.408353359E-2
2.219744237E1,8.428082615E-2,1.394146681E-1,1.945130825E-1
2.220747338E1,9.335599095E-2,9.006360918E-2,2.082811296E-1
2.221750338E1,-2.187765948E-2,4.202417657E-2,2.322530448E-1
2.222753438E1,-2.284842916E-2,-7.284455933E-4,2.619397044E-1
2.223756437E1,-7.273263484E-2,-6.226264685E-2,2.660897076E-1
2.224759538E1,-7.243796438E-2,-1.169800833E-1,2.531178594E-1
2.225762538E1,3.283599764E-2,-1.581727862E-1,2.229546458E-1
2.226765637E1,1.099873781E-1,-1.805186272E-1,1.961771250E-1
2.227768638E1,1.116079092E-1,-1.771297604E-1,2.027024031E-1
2.228771738E1,7.666652650E-2,-1.675034612E-1,2.105344534E-1
2.229774737E1,2.024559863E-2,-1.528598070E-1,1.819805801E-1
2.230777838E1,-2.481452003E-2,-1.115620583E-1,1.606658995E-1
2.231780938E1,-6.337549537E-2,-1.217561066E-1,1.896450818E-1
2.232783938E1,-8.427064866E-2,-1.036071107E-1,1.935416907E-1
2.233787037E1,3.427810594E-2,-1.231150329E-1,2.162523270E-1
2.234790038E1,2.400594056E-1,-1.099623293E-1,2.144279182E-1
2.235793138E1,2.895782292E-1,7.967977226E-2,7.112295181E-2
2.236796137E1,5.773813128E-1,9.037610888E-2,1.106943414E-1
2.237799238E1,6.565186977E-1,1.056170464E-2,1.406618208E-1
2.238802238E1,6.572767496E-1,-7.169967145E-2,2.036368102E-1
2.239805338E1,6.534327269E-1,-1.536592543E-1,2.679854631E-1
2.240808338E1,6.798878908E-1,-2.063069940E-1,2.948380411E-1
2.241811438E1,7.120455503E-1,-2.093432546E-1,2.514037490E-1
2.242814538E1,6.836016178E-1,-1.740062237E-1,2.003213316E-1
2.243817537E1,6.446696520E-1,-1.515816003E-1,1.277736276E-1
2.244820638E1,5.729048252E-1,-1.738692969E-1,2.813621238E-2
2.245823638E1,4.483836293E-1,-2.017310262E-1,-3.591334447E-2
2.246826737E1,3.241751194E-1,-2.098647803E-1,-4.692964628E-2
2.247829738E1,2.776017785E-1,-1.981015950E-1,-1.863116212E-2
2.248832838E1,1.747950017E-1,-1.869854480E-1,-3.212864697E-2
2.249835837E1,1.236402057E-2,-6.122166291E-2,-3.990747407E-2
2.250838938E1,-9.208628535E-2,-8.325976878E-2,4.267607629E-2
2.251842038E1,-1.863856167E-1,-1.746061891E-1,1.079163328E-1
2.252845038E1,-2.029887289E-1,-1.911851615E-1,1.467722654E-1
2.253848137E1,-1.969289631E-1,-1.243294254E-1,1.441130936E-1
2.254851138E1,-2.180433124E-1,-1.013752744E-1,2.103506476E-1
2.255854238E1,-2.858207524E-1,-1.783962995E-1,2.650479972E-1
2.256857237E1,-2.960952222E-1,-2.124107182E-1,3.019663393E-1
2.257860338E1,-3.189890981E-1,-1.968261600E-1,3.357314765E-1
2.258863338E1,-2.779936790E-1,-1.712774634E-1,3.285365403E-1
2.259866438E1,-1.872648597E-1,-7.092502713E-2,2.927063704E-1
2.260869438E1,-1.453986317E-1,3.833274357E-3,2.084075511E-1
2.261872538E1,-1.309347451E-1,1.454692334E-1,7.815021276E-2
2.262875638E1,-7.644112408E-2,2.714703679E-1,3.915607557E-2
2.263878637E1,-8.408147097E-2,3.560201526E-1,8.033309132E-3
2.264881738E1,-1.013551131E-1,4.408439398E-1,-4.065795243E-2
2.265884738E1,-1.626957059E-1,7.487307191E-1,-2.117354274E-1
2.266887837E1,-2.349581569E-1,7.475232482E-1,-2.413925231E-1
2.267890838E1,-3.040064871E-1,8.628543615E-1,-2.275909632E-1
2.268893938E1,-5.854742527E-1,6.385295987E-1,-2.334523946E-1
2.269896938E1,-7.323632836E-1,6.071306467E-1,-3.332460821E-1
2.270900038E1,-7.607935071E-1,6.114224195E-1,-3.970617652E-1
2.271903038E1,-7.246525288E-1,5.152279735E-1,-3.138760626E-1
2.272906138E1,-6.261529326E-1,3.722335994E-1,-2.083635032E-1
2.273909237E1,-3.910666704E-1,2.444189042E-1,-7.086609304E-2
2.274912238E1,-1.501411945E-1,2.028757185E-1,4.603208601E-2
2.275915338E1,2.896463498E-2,9.549999237E-2,1.203249618E-1
2.276918337E1,6.872000545E-2,2.335325256E-2,1.517303586E-1
2.277921438E1,5.217911303E-2,-3.362534568E-2,2.217451185E-1
2.278924438E1,-6.130426750E-2,-1.476594955E-1,3.093180954E-1
2.279927538E1,-6.078894809E-2,-1.539432108E-1,3.780753314E-1
2.280930538E1,1.258736476E-2,-1.060199589E-1,3.789065480E-1
2.281933638E1,8.998174965E-2,-4.569669813E-2,3.434257805E-1
2.282936738E1,1.731298715E-1,-2.540006116E-2,3.379668891E-1
2.283939737E1,2.024973482E-1,4.470898584E-2,2.269173265E-1
2.284942838E1,1.889692694E-1,-2.794133127E-2,2.217983305E-1
2.285945838E1,1.231508479E-1,-2.034388632E-1,2.743805945E-1
2.286948937E1,4.957485572E-2,-2.168126404E-1,2.160476893E-1
2.287951938E1,4.530128092E-2,-2.573933601E-1,2.084821910E-1
2.288955038E1,4.787100106E-2,-2.498235703E-1,1.788366884E-1
2.289958038E1,9.329786897E-2,-2.322182059E-1,1.177560240E-1
2.290961137E1,1.361130774E-1,-1.849709600E-1,5.031022429E-2
2.291964238E1,1.619923413E-1,-9.745310247E-2,-1.635748520E-2
2.292967238E1,1.421627104E-1,-4.602824524E-2,-8.616286516E-2
2.293970337E1,1.039151847E-1,8.673512936E-2,-1.926978230E-1
2.294973338E1,1.519922018E-1,2.100203335E-1,-2.851718366E-1
2.295976438E1,1.483668387E-1,1.957380772E-1,-3.425882459E-1
2.296979437E1,1.376226842E-1,1.740335077E-1,-3.344514668E-1
2.297982538E1,5.775634572E-2,1.124159396E-1,-3.328945935E-1
2.298985538E1,-2.978874743E-1,1.032078117E-1,-6.133360863E-1
2.299988638E1,-3.091254830E-1,1.651446819E-1,-5.894445777E-1
2.300991737E1,-3.736093044E-1,1.575880796E-1,-6.877303123E-1
2.301994738E1,-4.457724392E-1,1.891342849E-1,-8.278223872E-1
2.302997838E1,-1.930859387E-1,2.640747130E-1,-6.764418483E-1
2.304001212E1,-2.263084985E-2,3.090208769E-1,-6.840898991E-1
2.305004313E1,-1.669756509E-2,3.699204028E-1,-4.646328092E-1
2.306007313E1,5.691699684E-2,2.717104554E-1,-2.963700294E-1
2.307010412E1,1.167337000E-1,1.969300359E-1,-1.890804768E-1
2.308013413E1,3.609851003E-2,7.707021385E-2,-1.543880105E-1
2.309016513E1,-2.846878581E-2,3.850268200E-2,-1.290360540E-1
2.310019613E1,-2.746077813E-2,2.124353498E-2,-9.846669436E-2
2.311022613E1,-2.445125207E-2,-2.419413626E-2,-5.887184665E-2
2.312025713E1,-1.816512458E-2,-6.418310106E-2,-2.755147219E-2
2.313028713E1,-3.133911174E-3,-1.189542487E-1,-1.045835204E-2
2.314031812E1,3.056872636E-3,-1.167246476E-1,-1.861827821E-2
2.315034813E1,-1.696547866E-2,-1.033281162E-1,-3.162573278E-2
2.316037913E1,-3.028341383E-2,-5.109554529E-2,-4.821802676E-2
2.317040912E1,-4.025806114E-2,-3.219927847E-2,-6.711988151E-2
2.318044013E1,-4.850001261E-2,-7.842804305E-3,-9.013758600E-2
2.319047113E1,-5.982554331E-2,1.682821475E-2,-1.046526581E-1
2.320050113E1,-6.327141076E-2,3.663760796E-2,-1.104002893E-1
2.321053213E1,-7.235845923E-2,4.670751467E-2,-1.011655405E-1
2.322056213E1,-8.086805791E-2,3.558455408E-2,-8.358947933E-2
2.323059313E1,-8.452653140E-2,4.092327505E-2,-7.129381597E-2
2.324062312E1,-9.690676630E-2,3.125333413E-2,-5.888641253E-2
2.325065413E1,-9.648497403E-2,-1.380336285E-2,-5.747115240E-2
2.326068413E1,-9.605274349E-2,-7.579988986E-2,-4.611303657E-2
2.327071512E1,-8.464455605E-2,-8.550001681E-2,-2.958646044E-2
2.328074613E1,-5.366666615E-2,-1.080157086E-1,-2.452698722E-2
2.329077613E1,-4.043017700E-2,-8.050133288E-2,-3.097628616E-2
2.330080713E1,-4.152527079E-2,3.021958843E-2,-4.447877780E-2
2.331083713E1,-1.217421815E-1,-1.887331158E-1,-2.566017397E-2
2.332086813E1,-1.720943004E-1,5.306487530E-2,-2.929059416E-2
2.333089813E1,-1.653487682E-1,2.015538514E-2,-4.245067015E-2
2.334092912E1,-1.455809176E-1,1.743619796E-3,-7.156035304E-2
2.335096013E1,-1.225643307E-1,5.750558525E-2,-1.220487058E-1
2.336099013E1,-8.432000875E-2,9.284200519E-2,-1.621346027E-1
2.337102112E1,-3.069448099E-2,1.434959173E-1,-1.966009438E-1
2.338105113E1,-9.538329206E-3,8.833918720E-2,-2.077539861E-1
2.339108213E1,1.532081701E-2,5.347543210E-2,-1.791798323E-1
2.340111213E1,1.676131971E-2,1.050070673E-1,-1.611739248E-1
2.341114312E1,2.939993702E-2,1.343945265E-1,-1.529631913E-1
2.342117313E1,1.697788946E-2,1.896463335E-1,-1.304610819E-1
2.343120413E1,9.528489783E-3,2.269043028E-1,-9.770187736E-2
2.344123512E1,4.640688002E-2,1.937447488E-1,-9.730639309E-2
2.345126513E1,1.184296235E-1,1.340588629E-1,-1.033143029E-1
2.346129613E1,1.771049351E-1,7.990748435E-2,-1.152103767E-1
2.347132612E1,1.919796616E-1,6.115178391E-2,-8.445154876E-2
2.348135713E1,2.026738524E-1,8.990577422E-3,-3.204373643E-2
2.349138713E1,1.850744188E-1,1.260603033E-2,-2.340082545E-3
2.350141813E1,2.100085318E-1,6.688220892E-3,3.092812374E-2
2.351144912E1,2.151817977E-1,-1.118530985E-2,6.625463814E-2
2.352147913E1,2.153043002E-1,1.018975303E-2,9.025158733E-2
2.353151013E1,2.488746345E-1,6.707403064E-2,7.827697694E-2
2.354154012E1,2.796978056E-1,5.414012074E-2,5.418708920E-2
2.355157113E1,2.760297060E-1,-2.084308863E-2,6.017471105E-2
2.356160113E1,2.784481049E-1,-6.606888771E-2,7.040337473E-2
2.357163213E1,2.753604352E-1,-4.662399366E-2,6.262661517E-2
2.358166213E1,2.581326962E-1,-2.409128938E-3,5.553195253E-2
2.359169313E1,2.416573018E-1,1.998723857E-2,6.704052538E-2
2.360172413E1,2.563579679E-1,4.270932823E-2,7.831794769E-2
2.361175412E1,2.607569993E-1,8.090343326E-2,6.448116899E-2
2.362178513E1,2.675280869E-1,1.155892387E-1,5.238536000E-2
2.363181513E1,2.467248291E-1,1.717271805E-1,3.387440369E-2
2.364184612E1,2.394131273E-1,2.196204066E-1,3.925425559E-2
2.365187613E1,2.314026803E-1,2.095514834E-1,5.773301050E-2
2.366190713E1,2.160948217E-1,1.882395297E-1,7.146719843E-2
2.367193813E1,1.872134954E-1,1.639382839E-1,6.516938657E-2
2.368196813E1,2.121353596E-1,2.241001576E-1,-2.673656493E-2
2.369199913E1,1.595191061E-1,2.555926144E-1,-6.258595735E-2
2.370202913E1,2.153296471E-1,3.004895151E-1,-4.742724076E-2
2.371206012E1,3.326352835E-1,1.046118289E-1,2.137568444E-1
2.372209013E1,3.843751848E-1,1.980602890E-1,6.459931284E-2
2.373212113E1,3.437783718E-1,1.455840617E-1,7.057774812E-2
2.374215212E1,2.822702527E-1,1.409837157E-1,3.975591809E-2
2.375218213E1,2.268983722E-1,1.800983697E-1,2.550001815E-2
2.376221313E1,-3.676656634E-2,2.644803524E-1,5.361314490E-2
2.377224313E1,-4.295218885E-1,-2.129950523E-1,4.271919727E-1
2.378227412E1,-4.950194061E-1,1.774438024E-1,2.130703777E-1
2.379230413E1,-3.811976910E-1,9.441436827E-2,2.458875179E-1
2.380233513E1,-3.460793793E-1,2.485661209E-1,2.944034040E-1
2.381236612E1,-2.818093300E-1,3.795545176E-2,3.313938379E-1
2.382239613E1,-1.770117879E-1,1.034598947E-1,3.558123708E-1
2.383242713E1,-1.064684242E-1,1.671835482E-1,3.487988412E-1
2.384245712E1,-4.690016806E-2,1.642042696E-1,3.290253878E-1
2.385248813E1,-8.874572814E-4,2.007974386E-1,3.038050830E-1
2.386251813E1,5.537315458E-2,2.691053748E-1,2.881970704E-1
2.387254913E1,3.614439070E-2,3.322957158E-1,2.788541615E-1
2.388257913E1,3.080181964E-2,3.679613173E-1,2.686606646E-1
2.389261013E1,4.862210900E-2,2.814424634E-1,2.223258018E-1
2.390264113E1,6.710577756E-2,1.322607100E-1,2.091327608E-1
2.391267112E1,8.523953706E-2,1.273362339E-2,2.130123973E-1
2.392270213E1,1.023516804E-1,-7.225702982E-3,2.160603851E-1
2.393273213E1,1.347858310E-1,9.697137028E-2,2.379565090E-1
2.394276313E1,3.064798191E-2,2.090204060E-1,2.061453164E-1
2.395279413E1,8.629993349E-2,3.173691332E-1,2.614898980E-1
2.396282413E1,5.356010050E-2,3.206424117E-1,2.442211658E-1
2.397285513E1,-6.756599527E-3,2.374100834E-1,2.493669838E-1
2.398288512E1,2.571505681E-2,8.795347810E-2,3.018192351E-1
2.399291613E1,-6.211889908E-2,3.029660322E-2,2.368475199E-1
2.400294613E1,1.798579097E-2,-3.936769813E-2,2.667380273E-1
2.401297712E1,2.153371461E-2,-1.103043631E-1,1.736891419E-1
2.402300813E1,1.364528388E-1,-1.427717507E-1,2.647426128E-1
2.403303813E1,1.479216963E-1,-2.183551192E-1,2.424606681E-1
2.404306900E1,2.133393288E-1,-1.533084810E-1,2.162948400E-1
2.405309900E1,3.118027449E-1,-5.666717142E-2,1.929163486E-1
2.406313000E1,2.963483930E-1,-1.829421520E-2,7.900788635E-2
2.407316000E1,3.489542007E-1,-1.316224597E-2,1.118891127E-2
2.408319100E1,4.630570710E-1,-1.169781238E-1,1.276265681E-1
2.409322200E1,4.789426923E-1,-2.695117295E-1,2.953456938E-1
2.410325200E1,4.792649150E-1,-4.125178754E-1,3.290591836E-1
2.411328300E1,4.292098880E-1,-4.510335326E-1,3.597768545E-1
2.412331300E1,4.652320743E-1,-4.004260302E-1,3.628996909E-1
2.413334400E1,4.677218497E-1,-2.439784557E-1,3.680074215E-1
2.414337400E1,3.983675241E-1,1.931533366E-1,1.439642012E-1
2.415340500E1,4.366350472E-1,4.847373366E-1,-2.707259357E-2
2.416343600E1,5.550221205E-1,1.343228817E-1,-2.138230205E-1
2.417346600E1,4.247684181E-1,1.139719486E-1,-9.021363407E-2
2.418349700E1,3.166984320E-1,9.745409712E-3,-8.531581610E-2
2.419352700E1,3.196987510E-1,1.819215715E-2,-6.484089792E-2
2.420355800E1,2.821857035E-1,2.835085094E-1,-4.892025888E-2
2.421358800E1,1.786968261E-1,2.317461520E-1,4.071094841E-2
2.422361900E1,8.415194601E-2,1.086013168E-1,3.824752197E-2
2.423365000E1,3.482274339E-2,1.074862480E-1,2.814269066E-2
2.424368000E1,-5.551008135E-2,1.236314029E-1,3.008013964E-2
2.425371100E1,-1.413635612E-1,1.421796679E-1,-1.044338793E-1
2.426374100E1,-2.416835129E-1,2.254330069E-1,-2.153101191E-2
2.427377200E1,-2.645968497E-1,1.113711372E-1,-8.645409346E-2
2.428380200E1,-3.232628405E-1,-4.847206548E-2,-1.425477117E-1
2.429383300E1,-4.492260218E-1,-8.304403722E-2,-1.727480292E-1
2.430386400E1,-4.591225982E-1,-2.153893113E-1,-1.416745335E-1
2.431389400E1,-4.133386016E-1,-3.326687813E-1,-8.840091527E-2
2.432392500E1,-3.905099630E-1,-2.482561469E-1,-8.640514314E-2
2.433395500E1,-3.683861792E-1,-2.045738697E-1,-7.591098547E-2
2.434398600E1,-3.540479839E-1,-1.338746697E-1,-7.222570479E-2
2.435401600E1,-3.425166011E-1,-2.058243006E-2,-1.254408211E-1
2.436404700E1,-3.265725374E-1,9.950749576E-2,-1.477754265E-1
2.437407800E1,-3.194576502E-1,2.055876702E-1,-1.524402946E-1
2.438410800E1,-3.472887576E-1,3.153072298E-1,-2.130562365E-1
2.439413900E1,-3.361702859E-1,4.181342125E-1,-2.184901386E-1
2.440416900E1,-3.201569617E-1,4.240879714E-1,-2.345101088E-1
2.441420000E1,-3.495883644E-1,4.821123779E-1,-2.554007471E-1
2.442423100E1,-3.490176201E-1,6.246609688E-1,-2.173694819E-1
2.443426100E1,-3.565647006E-1,5.161516070E-1,-2.147006392E-1
2.444429200E1,-3.943118155E-1,4.404653907E-1,-1.851491332E-1
2.445432200E1,-2.965759337E-1,2.524163723E-1,-1.328462660E-1
2.446435300E1,-2.783535123E-1,1.420201063E-1,-9.925474226E-2
2.447438300E1,-2.784612775E-1,2.338209748E-1,-9.819944203E-2
2.448441400E1,-2.995865345E-1,1.974493861E-1,-8.804987371E-2
2.449444500E1,-3.038595915E-1,3.111471608E-2,-3.949625045E-2
2.450447500E1,-2.923758030E-1,-2.598878369E-2,9.047318250E-3
2.451450600E1,-3.175545335E-1,-1.213724986E-1,2.363693900E-2
2.452453600E1,-3.210195899E-1,-1.863629520E-1,1.077067666E-2
2.453456700E1,-3.047264218E-1,-2.740426064E-1,-4.611158744E-3
2.454459700E1,-2.657995522E-1,-2.905222476E-1,-3.614603775E-3
2.455462800E1,-2.751574516E-1,-3.718497753E-1,-2.644990385E-2
2.456465900E1,-2.738330662E-1,-4.210074842E-1,-5.186764523E-2
2.457468900E1,-3.118757010E-1,-3.865388632E-1,-7.283481956E-2
2.458472000E1,-2.943760753E-1,-3.514591753E-1,-4.782188311E-2
2.459475000E1,-2.990326881E-1,-2.850590646E-1,-3.040803224E-2
2.460478100E1,-3.151645362E-1,-2.668963075E-1,-3.466323018E-2
2.461481100E1,-3.313629627E-1,-2.013715357E-1,-4.921055958E-2
2.462484200E1,-3.538411260E-1,-2.131267339E-1,-7.906059921E-2
2.463487300E1,-3.699823022E-1,-2.615327239E-1,-1.077493876E-1
2.464490300E1,-3.723248243E-1,-2.608823776E-1,-1.405251622E-1
2.465493400E1,-3.610602915E-1,-2.911542058E-1,-1.185704172E-1
2.466496400E1,-3.076769710E-1,-2.680084109E-1,-5.470116436E-2
2.467499500E1,-2.768801153E-1,-2.435084581E-1,1.909617335E-2
2.468502500E1,-2.755847573E-1,-2.208396345E-1,3.114830889E-2
2.469505600E1,-3.184905052E-1,-1.513040662E-1,4.417559505E-2
2.470508700E1,-3.193057179E-1,-1.573470533E-1,7.896606624E-2
2.471511700E1,-3.964993656E-1,-2.363266945E-1,8.984193951E-2
2.472514800E1,-3.643395603E-1,-5.322690681E-2,1.297776252E-1
2.473517800E1,-1.906555295E-1,-1.143167615E-1,2.970964313E-1
2.474520900E1,-6.756634265E-2,-1.798893809E-1,4.320859313E-1
2.475523900E1,-6.323006004E-2,1.471859030E-2,3.625113070E-1
2.476527000E1,-5.505016074E-2,9.188900888E-2,1.980554909E-1
2.477530100E1,-8.666799963E-2,-2.600789443E-2,1.388252676E-1
2.478533100E1,2.424323466E-3,-1.163337976E-1,1.653777659E-1
2.479536200E1,-7.874745131E-2,-5.994853377E-2,1.189170778E-1
2.480539200E1,-1.778130531E-1,-3.188493848E-2,5.197080225E-2
2.481542300E1,-2.492563725E-1,-3.333434090E-2,-2.225916088E-2
2.482545300E1,-2.885060310E-1,-1.110246107E-1,-1.029790416E-1
2.483548400E1,-3.055201471E-1,-2.114998847E-1,-1.337977946E-1
2.484551500E1,-3.593884408E-1,-1.436156332E-1,-1.440267265E-1
2.485554500E1,-3.646135330E-1,-9.085449576E-2,-1.276966929E-1
2.486557600E1,-3.403183222E-1,-7.560390234E-2,-1.261113137E-1
2.487560600E1,-2.936374545E-1,-1.043335795E-1,-1.077493057E-1
2.488563700E1,-2.409502715E-1,-1.073799655E-1,-7.873763144E-2
2.489566700E1,-2.104861736E-1,-5.287184194E-2,-5.599491671E-2
2.490569800E1,-1.771796197E-1,2.579633892E-2,-1.633219421E-2
2.491572900E1,-1.794629097E-1,7.259155810E-2,-3.801324870E-3
2.492575900E1,-1.722563952E-1,6.951720268E-2,-2.118244395E-2
2.493579000E1,-2.195967585E-1,9.970805049E-2,-4.430015385E-2
2.494582000E1,-2.731931508E-1,9.043651819E-2,-7.814546674E-2
2.495585100E1,-3.333365619E-1,7.332681119E-2,-8.911395073E-2
2.496588100E1,-4.121789038E-1,9.984283894E-2,-1.021434665E-1
2.497591200E1,-5.086329579E-1,1.484822184E-1,-1.369615495E-1
2.498594300E1,-5.914589167E-1,1.297689825E-1,-2.067206651E-1
2.499597300E1,-6.579734087E-1,1.216229722E-1,-2.073258609E-1
2.500600400E1,-9.051635265E-1,3.675589859E-1,-3.949242532E-1
2.501603400E1,-9.021198750E-1,3.630894721E-1,-3.291711807E-1
2.502606500E1,-7.697850466E-1,1.450276971E-1,-1.943899095E-1
2.503609500E1,-6.966420412E-1,6.935451925E-2,-1.176578328E-1
2.504612550E1,-6.413433552E-1,4.000169411E-2,-7.180086523E-2
2.505615650E1,-6.068700552E-1,2.433755063E-2,-4.037262127E-2
2.506618650E1,-5.941760540E-1,3.844670951E-2,-1.222780067E-2
2.507621750E1,-5.686237812E-1,3.302711248E-2,2.413221169E-3
2.508624750E1,-5.384517312E-1,4.678180814E-2,1.036899164E-3
2.509627850E1,-5.198679566E-1,7.278356701E-2,-1.006928831E-2
2.510630850E1,-5.138148665E-1,8.079009503E-2,-3.445905074E-2
2.511633950E1,-4.831117988E-1,-4.357895814E-4,-4.538040981E-2
2.512637050E1,-5.468199253E-1,-2.668363973E-2,-2.348283306E-2
2.513640050E1,-5.620690584E-1,-4.892089590E-2,-3.301572055E-2
2.514643150E1,-5.876353979E-1,-5.612687767E-2,-6.834734231E-2
2.515646150E1,-6.249028444E-1,-7.391795516E-2,-1.107925326E-1
2.516649250E1,-5.996763706E-1,-7.357707620E-2,-8.351670206E-2
2.517652250E1,-6.723245382E-1,-6.830615550E-2,-1.024892703E-1
2.518655350E1,-6.660075188E-1,-1.010310799E-1,-1.079636663E-1
2.519658450E1,-6.887659431E-1,-8.261412382E-2,-1.226359308E-1
2.520661450E1,-7.055814266E-1,-7.766357064E-2,-1.398122460E-1
2.521664550E1,-6.774403453E-1,-6.578526646E-2,-1.329120845E-1
2.522667550E1,-6.618677974E-1,-4.981667921E-2,-1.114315540E-1
2.523670650E1,-6.640642881E-1,8.360078931E-2,-1.887662895E-2
2.524673650E1,-6.560785174E-1,2.154232562E-1,2.969410270E-2
2.525676750E1,-6.518970728E-1,2.034455240E-1,1.490730420E-2
2.526679850E1,-6.431666613E-1,1.681133509E-1,-9.448901750E-3
2.527682850E1,-6.550652981E-1,1.447745413E-1,-2.715170756E-2
2.528685950E1,-6.729087830E-1,1.064417958E-1,-3.465569764E-2
2.529688950E1,-6.979379654E-1,9.691148251E-2,-2.921653353E-2
2.530692050E1,-6.955634952E-1,1.128467694E-1,-4.813722335E-3
2.531695050E1,-6.261282563E-1,2.719960175E-2,-2.912117634E-4
2.532698150E1,-5.596885085E-1,-4.338508099E-2,3.476894926E-3
2.533701250E1,-5.173093081E-1,-3.529445734E-3,-1.104570739E-2
2.534704250E1,-4.507513642E-1,-1.038548723E-2,-3.078372590E-2
2.535707350E1,-3.863004446E-1,-6.966888160E-2,-1.396313123E-2
2.536710350E1,-3.540367782E-1,-6.721264124E-2,-2.534841187E-2
2.537713450E1,-3.482258320E-1,-2.260597236E-2,-3.598995507E-2
2.538716450E1,-2.942856252E-1,-4.000626877E-2,-4.530515894E-2
2.539719550E1,-2.893387079E-1,1.295828447E-2,-6.807155907E-2
2.540722650E1,-2.332383990E-1,-1.064051781E-2,-8.106059581E-2
2.541725650E1,-2.325568497E-1,-7.183900569E-3,-6.792734563E-2
2.542728750E1,-2.612990141E-1,2.191672660E-2,-1.836697757E-2
2.543731750E1,-2.249585092E-1,1.117895693E-1,3.800727893E-3
2.544734850E1,-2.509693205E-1,1.632290632E-1,-2.959318087E-2
2.545737850E1,-2.485347986E-1,1.407617927E-1,-3.913418949E-2
2.546740950E1,-2.425823808E-1,1.684296429E-1,3.288104199E-3
2.547744050E1,-2.645213008E-1,2.281471789E-1,9.690098464E-2
2.548747050E1,-2.099984288E-1,2.064903378E-1,1.417997628E-1
2.549750150E1,-1.647170186E-1,1.751563847E-1,1.414253712E-1
2.550753150E1,-9.938674420E-2,1.359615773E-1,1.156907082E-1
2.551756250E1,-6.535009481E-3,9.493756294E-2,7.650191337E-2
2.552759250E1,5.719124153E-2,7.692234963E-2,3.915374354E-2
2.553762350E1,8.127950877E-2,5.813104659E-2,-1.110656466E-2
2.554765450E1,8.774779737E-2,5.632690154E-3,-1.799216866E-2
2.555768450E1,9.806904942E-2,-1.338470355E-2,-9.285718203E-3
2.556771550E1,1.100226417E-1,-2.912984602E-2,1.083831768E-3
2.557774550E1,1.170854345E-1,-1.824236475E-2,1.668977365E-2
2.558777650E1,1.163266972E-1,-1.208486967E-2,2.620125562E-2
2.559780650E1,1.047071069E-1,-1.967238076E-2,1.457696967E-2
2.560783750E1,1.000441760E-1,-1.972218230E-2,4.552032799E-3
2.561786850E1,9.126261622E-2,7.481026929E-3,1.059073023E-2
2.562789850E1,4.819317535E-2,7.836318761E-2,2.414462343E-2
2.563792950E1,-1.545606647E-2,1.387737393E-1,2.842013724E-2
2.564795950E1,-4.137261957E-2,1.633568406E-1,3.195149079E-2
2.565799050E1,-7.034803927E-2,2.089459151E-1,-7.423606236E-3
2.566802050E1,-8.362895250E-2,2.272732556E-1,-3.233827651E-2
2.567805150E1,-6.362699717E-2,2.281336188E-1,-6.989948452E-2
2.568808250E1,-5.229631439E-2,2.566395700E-1,-1.088482141E-1
2.569811250E1,-5.639402941E-2,3.202499747E-1,-1.340428293E-1
2.570814350E1,-7.199615985E-2,3.710881174E-1,-1.319149733E-1
2.571817350E1,-8.721980453E-2,4.202654660E-1,-1.360720694E-1
2.572820450E1,-1.093429476E-1,4.671908915E-1,-1.447297633E-1
2.573823450E1,-7.150726020E-2,4.582811892E-1,-1.401891708E-1
2.574826550E1,-3.780389205E-2,4.102313817E-1,-1.204607263E-1
2.575829650E1,-1.789164357E-2,3.689879477E-1,-1.086850092E-1
2.576832650E1,1.613023877E-2,2.838141918E-1,-8.869159967E-2
2.577835750E1,1.340973750E-2,2.430090457E-1,-8.881738037E-2
2.578838750E1,-9.726208635E-3,1.795038432E-1,-7.739321887E-2
2.579841850E1,-7.093263417E-2,1.279446036E-1,-5.883206800E-2
2.580844850E1,-1.126800776E-1,1.096912920E-1,-4.280623049E-2
2.581847950E1,-1.295685619E-1,1.063523889E-1,-2.524336427E-2
2.582851050E1,-1.162684709E-1,1.331975907E-1,-5.504147336E-2
2.583854050E1,-4.496072233E-2,1.635490954E-1,-9.918235987E-2
2.584857150E1,2.983469144E-2,2.107379138E-1,-1.280741990E-1
2.585860150E1,8.925929666E-2,2.505166233E-1,-1.490522772E-1
2.586863250E1,1.238846555E-1,2.865731716E-1,-1.619363874E-1
2.587866250E1,1.487009674E-1,3.177365661E-1,-1.609511673E-1
2.588869350E1,1.483073533E-1,3.213472962E-1,-1.566736102E-1
2.589872450E1,1.018693298E-1,3.022918403E-1,-1.537835896E-1
2.590875450E1,2.691892907E-2,2.844640911E-1,-1.343486309E-1
2.591878550E1,-4.523202777E-2,2.495832592E-1,-1.159707829E-1
2.592881550E1,-1.064264104E-1,1.961472034E-1,-1.104180962E-1
2.593884650E1,-1.592074037E-1,1.528471857E-1,-9.548296034E-2
2.594887650E1,-1.549857557E-1,1.655925363E-1,-7.224528491E-2
2.595890750E1,-1.238953546E-1,2.271556258E-1,-6.184920669E-2
2.596893850E1,-1.323293149E-1,2.869878113E-1,-7.742576301E-2
2.597896850E1,-2.702581882E-1,2.633632720E-1,-7.249547541E-2
2.598899950E1,-3.693006039E-1,2.643409073E-1,-5.449889600E-2
2.599902950E1,-4.001908898E-1,2.760377824E-1,-3.513185680E-2
2.600906050E1,-3.987061679E-1,2.703072131E-1,-1.335465536E-2
2.601909050E1,-3.665406406E-1,2.697533071E-1,-2.997446572E-3
2.602912150E1,-3.244669437E-1,2.953811586E-1,-8.495276794E-3
2.603915250E1,-2.696376443E-1,3.017282188E-1,-8.386850357E-3
2.604917838E1,-2.359209657E-1,2.712086439E-1,-1.967385970E-2
2.605920938E1,-2.160630971E-1,2.177139223E-1,-3.238665685E-2
2.606923937E1,-2.174277008E-1,1.546262950E-1,-3.920221701E-2
2.607927038E1,-2.117486447E-1,1.006027013E-1,-4.813309386E-2
2.608930038E1,-2.394183427E-1,4.952673614E-2,-5.684189871E-2
2.609933138E1,-3.121905923E-1,8.124960586E-3,-6.707771122E-2
2.610936237E1,-4.037330449E-1,-4.243488610E-2,-5.961526185E-2
2.611939238E1,-5.029749870E-1,-1.173187494E-1,-5.266069993E-2
2.612942338E1,-5.673878193E-1,-1.665379554E-1,-3.925887495E-2
2.613945337E1,-6.027038097E-1,-1.914772987E-1,-1.861459389E-2
2.614948438E1,-5.904015899E-1,-2.038782984E-1,-2.595586330E-2
2.615951438E1,-5.471805930E-1,-1.856826395E-1,-5.838138610E-2
2.616954537E1,-5.068859458E-1,-1.710229963E-1,-1.219214723E-1
2.617957538E1,-4.892496467E-1,-1.051482782E-1,-1.685886979E-1
2.618960638E1,-5.463004112E-1,-7.382364571E-2,-2.162566185E-1
2.619963738E1,-6.202346087E-1,-4.363586381E-2,-2.743597031E-1
2.620966737E1,-7.264961004E-1,-2.179874107E-2,-3.510877490E-1
2.621969838E1,-8.778679967E-1,2.126202174E-2,-4.038365185E-1
2.622972838E1,-1.041827083E0,3.817895427E-2,-4.627695978E-1
2.623975937E1,-1.208279014E0,8.631512523E-2,-4.828309715E-1
2.624978938E1,-1.382577062E0,1.476543695E-1,-4.846395254E-1
2.625982038E1,-1.634343743E0,2.088667303E-1,-4.618222415E-1
2.626985138E1,-1.903446794E0,2.126034200E-1,-4.293348789E-1
2.627988138E1,-2.207256079E0,2.902420163E-1,-4.488109052E-1
2.628991238E1,-2.483330011E0,2.638151944E-1,-4.239223301E-1
2.629994238E1,-2.770943165E0,1.081845462E-1,-4.030967951E-1
2.630997337E1,-3.024049282E0,-2.113447189E-1,-3.330322206E-1
2.632000338E1,-3.304960489E0,-1.832010150E-1,-3.528459072E-1
2.633003438E1,-3.516314268E0,-2.545415163E-1,-2.795402408E-1
2.634006537E1,-3.700063229E0,-2.539007366E-1,-1.640897691E-1
2.635009538E1,-3.722292423E0,-6.055977941E-1,-1.421131045E-1
2.636012638E1,-3.683055162E0,-7.168132663E-1,-1.342458576E-1
2.637015638E1,-3.448274851E0,-5.144694448E-1,-7.124850154E-2
2.638018738E1,-3.260169268E0,-2.781277299E-1,-1.455416977E-1
2.639021738E1,-3.103890657E0,-2.120274305E-2,-3.064970076E-1
2.640024838E1,-2.965363264E0,2.780492902E-1,-4.710064232E-1
2.641027837E1,-2.881835938E0,4.350282550E-1,-7.098983526E-1
2.642030938E1,-2.974227428E0,5.269740820E-1,-1.027678013E0
2.643034038E1,-3.230585098E0,7.297149301E-1,-1.438675642E0
2.644037037E1,-3.510947227E0,6.977033615E-1,-1.750306368E0
2.645040138E1,-3.722566128E0,7.412641644E-1,-2.022520065E0
2.646043138E1,-3.725987434E0,7.903120518E-1,-2.152419090E0
2.647046238E1,-3.334957361E0,3.913825154E-1,-2.174745083E0
2.648049238E1,-3.189367294E0,5.870294571E-2,-2.166207314E0
2.649052338E1,-3.499311447E0,-1.997781396E-1,-2.136300325E0
2.650055438E1,-4.288762093E0,-1.228712082E0,-2.193823099E0
2.651058437E1,-4.708825111E0,-1.278099775E0,-1.953709245E0
2.652061538E1,-4.678677559E0,-1.320896626E0,-1.781927347E0
2.653064538E1,-4.506733894E0,-9.823156595E-1,-1.612112761E0
2.654067637E1,-4.091804028E0,-4.113212228E-1,-1.456500411E0
2.655070638E1,-3.636601925E0,-1.451971382E-1,-1.399786234E0
2.656073738E1,-3.562504530E0,-2.847902775E-1,-1.400860429E0
2.657076838E1,-3.544030190E0,-3.639255762E-1,-1.347516775E0
2.658079838E1,-3.373659134E0,-3.017266393E-1,-1.270676970E0
2.659082938E1,-3.467531919E0,-2.114574611E-1,-1.246414065E0
2.660085938E1,-3.500158548E0,-1.637226492E-1,-1.180419445E0
2.661089037E1,-3.746413231E0,-2.419431508E-1,-1.150568962E0
2.662092038E1,-4.076330185E0,-3.187850118E-1,-1.141854882E0
2.663095138E1,-4.319987774E0,-2.155726254E-1,-1.136081457E0
2.664098238E1,-4.574469090E0,-3.304926455E-1,-1.182368636E0
2.665101238E1,-4.848361969E0,-3.954258263E-1,-1.241543055E0
2.666104338E1,-5.094977856E0,-5.128044486E-1,-1.318487406E0
2.667107338E1,-5.441533089E0,-6.933489442E-1,-1.350816011E0
2.668110437E1,-5.913678169E0,-6.513218880E-1,-1.420101523E0
2.669113438E1,-6.051922321E0,-6.873824596E-1,-1.345933795E0
2.670116538E1,-6.031023502E0,-8.078847528E-1,-1.278363347E0
2.671119637E1,-6.142198563E0,-1.300185800E0,-1.251132250E0
2.672122638E1,-6.022273064E0,-1.070529103E0,-1.020087004E0
2.673125738E1,-5.912206650E0,-8.862447143E-1,-8.109433055E-1
2.674128737E1,-5.626952171E0,-7.734956741E-1,-6.623508334E-1
2.675131838E1,-5.267194271E0,-5.067467690E-1,-5.864182711E-1
2.676134838E1,-4.826974869E0,-1.836097836E-1,-6.603749394E-1
2.677137938E1,-4.699911594E0,-1.582367718E-1,-9.512352943E-1
2.678140937E1,-4.578932285E0,-3.581923544E-1,-1.112954021E0
2.679144038E1,-4.366227627E0,-4.130675793E-1,-1.150287867E0
2.680147138E1,-4.145348072E0,-4.181524515E-1,-1.202565074E0
2.681150137E1,-4.051573277E0,-6.277543902E-1,-1.244762063E0
2.682153238E1,-3.887058020E0,-6.886547208E-1,-1.292833209E0
2.683156238E1,-3.492610216E0,-6.778137684E-1,-1.245975494E0
2.684159338E1,-3.093216658E0,-5.473375320E-1,-1.223759651E0
2.685162338E1,-2.724366188E0,-2.854459882E-1,-1.128620028E0
2.686165438E1,-2.400540829E0,-4.270679057E-1,-8.754906058E-1
2.687168538E1,-1.847555995E0,-5.307564735E-1,-5.820056796E-1
2.688171537E1,-1.488090515E0,-6.136701107E-1,-2.621948421E-1
2.689174638E1,-1.182794333E0,-7.797986269E-1,-7.647769153E-2
2.690177638E1,-7.143159509E-1,-9.753881097E-1,7.083893567E-2
2.691180737E1,-2.831393182E-1,-6.146121025E-1,2.943282127E-1
2.692183738E1,1.176754534E-1,-1.973320097E-1,4.525994658E-1
2.693186838E1,4.529376030E-1,-8.354684711E-2,5.808508992E-1
2.694189938E1,8.271426558E-1,-8.414366096E-2,6.931681037E-1
2.695192938E1,1.168147087E0,2.912323922E-2,7.633107305E-1
2.696196038E1,1.367329359E0,9.044237435E-3,7.839841843E-1
2.697199038E1,1.347886682E0,-4.755725339E-2,7.813694477E-1
2.698202137E1,1.076955438E0,-4.445747659E-2,8.187723756E-1
2.699205138E1,7.769738436E-1,-5.912909657E-2,8.334240317E-1
2.700208238E1,4.266525805E-1,4.401220381E-2,7.654950619E-1
2.701211337E1,8.210839704E-3,2.481323183E-1,6.055096388E-1
2.702214338E1,-4.049559534E-1,2.840855122E-1,2.148744762E-1
2.703217438E1,-8.858919740E-1,1.715523154E-1,-9.143564105E-2
2.704220450E1,-1.170477509E0,6.778714657E-1,-4.188053012E-1
2.705223550E1,-9.475483298E-1,8.813130260E-1,-5.371206999E-1
2.706226550E1,-6.184095740E-1,9.777283072E-1,-6.331183910E-1
2.707229650E1,-3.185800314E-1,1.080249310E0,-6.423411965E-1
2.708232750E1,2.178935893E-2,1.002339959E0,-4.894438088E-1
2.709235750E1,3.438842893E-1,8.148475289E-1,-2.426705360E-1
2.710238850E1,4.252745509E-1,6.038450003E-1,8.256238885E-3
2.711241850E1,3.537510931E-1,3.951117992E-1,1.733913869E-1
2.712244950E1,3.115537167E-1,2.319886088E-1,2.844118774E-1
2.713247950E1,3.195210993E-1,1.725681573E-1,3.964079320E-1
2.714251050E1,4.232031107E-1,2.314019203E-1,5.024752021E-1
2.715254050E1,6.260017753E-1,2.301486433E-1,6.193158031E-1
2.716257150E1,8.935528398E-1,2.001016438E-1,7.637597322E-1
2.717260250E1,1.189324856E0,1.050803289E-1,9.860482216E-1
2.718263250E1,1.436037898E0,3.053338453E-2,1.235535026E0
2.719266350E1,1.564615130E0,1.633607224E-2,1.449558020E0
2.720269350E1,1.630304456E0,-4.709429108E-3,1.574292064E0
2.721272450E1,1.555250406E0,-9.493226558E-2,1.580434680E0
2.722275450E1,1.002555251E0,-4.930219352E-1,1.225529552E0
2.723278550E1,-1.317039281E-1,-1.041176200E0,4.533340037E-1
2.724281650E1,-1.014595628E0,-6.711093187E-1,-3.062663078E-1
2.725284650E1,-1.117165923E0,-1.330131944E-2,-6.395009756E-1
2.726287750E1,-6.401618719E-1,-1.150259450E-1,-5.329557657E-1
2.727290750E1,-1.396157295E-1,-4.961192310E-1,-2.913023829E-1
2.728293850E1,1.681532562E-1,-8.583226800E-1,-1.020319909E-1
2.729296850E1,2.772485912E-1,-8.301219344E-1,7.417473197E-2
2.730299950E1,2.810502350E-1,-7.186681032E-1,1.021734774E-1
2.731303050E1,1.482652724E-1,-8.478953242E-1,8.515854180E-2
2.732306050E1,1.297694631E-2,-1.129814506E0,2.642174661E-1
2.733309150E1,-8.704818785E-2,-9.142236114E-1,2.320398539E-1
2.734312150E1,-5.536110401E-1,-5.873085260E-1,1.547036171E-1
2.735315250E1,-7.211866975E-1,-3.352629542E-1,1.136147678E-1
2.736318250E1,-5.846031904E-1,-1.307007372E-1,1.418498307E-1
2.737321350E1,-3.588725626E-1,-1.432759166E-1,1.917324364E-1
2.738324350E1,-1.413405091E-1,-1.700292379E-1,2.259619832E-1
2.739327450E1,1.282254457E-1,-2.188708186E-1,2.736605108E-1
2.740330550E1,3.794780374E-1,-3.488746583E-1,3.642418981E-1
2.741333550E1,6.185470819E-1,-3.943041861E-1,3.758263886E-1
2.742336650E1,6.592715979E-1,-4.340922534E-1,3.190916777E-1
2.743339650E1,4.677245021E-1,-2.406458557E-1,2.871446609E-1
2.744342750E1,2.622769177E-1,-2.574274540E-1,3.344234526E-1
2.745345750E1,-3.481253237E-2,-2.679823637E-1,3.560097218E-1
2.746348850E1,-2.246506363E-1,-3.710027337E-1,2.972151041E-1
2.747351950E1,-3.675377667E-1,-5.353695750E-1,1.939419657E-1
2.748354950E1,-5.019825697E-1,-5.858301520E-1,1.109377220E-1
2.749358050E1,-4.530230165E-1,-5.682647228E-1,7.967327535E-2
2.750361050E1,-3.599785268E-1,-6.439895034E-1,4.294176400E-2
2.751364150E1,-3.258032501E-1,-6.999930739E-1,1.824760437E-2
2.752367250E1,-2.589764297E-1,-6.835458875E-1,-2.530683205E-2
2.753370250E1,-2.619714141E-1,-5.701346397E-1,-1.779352129E-2
2.754373350E1,-3.114693463E-1,-3.944469690E-1,4.658756405E-2
2.755376350E1,-3.964444101E-1,-3.062201738E-1,1.071547717E-1
2.756379450E1,-5.026522875E-1,-2.470294535E-1,1.674118042E-1
2.757382450E1,-5.535772443E-1,-2.463588715E-1,1.594106108E-1
2.758385550E1,-7.845057249E-1,-3.579777479E-2,1.283945739E-1
2.759388650E1,-9.267432690E-1,4.889208078E-2,1.438702047E-1
2.760391650E1,-9.429793954E-1,-5.146954954E-2,2.623769939E-1
2.761394750E1,-9.553822875E-1,-2.306640521E-2,2.705390453E-1
2.762397750E1,-9.135407209E-1,-1.071690172E-1,2.423196584E-1
2.763400850E1,-9.055933356E-1,-1.871940792E-1,1.519740522E-1
2.764403850E1,-9.260708094E-1,-2.833137214E-1,-3.262824565E-2
2.765406950E1,-1.207611442E0,-4.843618870E-1,-4.050859511E-1
2.766409950E1,-1.441276312E0,-7.800258398E-1,-8.104614019E-1
2.767413050E1,-1.572363973E0,-8.383533359E-1,-1.146260619E0
2.768416150E1,-1.444551706E0,-3.417544365E-1,-1.338677406E0
2.769419150E1,-1.076807022E0,3.497097790E-1,-1.200631738E0
2.770422250E1,-4.741151929E-1,4.684249759E-1,-8.204916120E-1
2.771425250E1,6.787988544E-2,3.140140772E-1,-3.920371830E-1
2.772428350E1,3.145119846E-1,2.968043834E-2,-8.984687738E-3
2.773431350E1,3.020952642E-1,-3.083543181E-1,2.189475447E-1
2.774434450E1,8.560722321E-2,-2.953153849E-1,2.052742243E-1
2.775437550E1,-7.029049844E-2,-1.576981395E-1,1.416307986E-1
2.776440550E1,-1.126669571E-1,-1.572928727E-1,6.215288490E-2
2.777443650E1,-8.387579024E-2,-1.232145280E-1,2.467982937E-3
2.778446650E1,-4.437142238E-2,-9.632119536E-2,6.895251572E-3
2.779449750E1,-5.964252353E-2,-7.380975783E-2,5.587451160E-2
2.780452750E1,-1.233694404E-1,-5.821308494E-2,1.097051427E-1
2.781455850E1,-1.493626982E-1,3.989567980E-3,1.815955937E-1
2.782458850E1,-1.047653928E-1,6.378596276E-2,2.602997720E-1
2.783461950E1,-9.711573273E-2,1.110935584E-1,3.173851669E-1
2.784464950E1,-1.901493073E-1,1.577806920E-1,2.986688614E-1
2.785468050E1,-3.293103874E-1,1.780044734E-1,2.335905433E-1
2.786471150E1,-4.297167063E-1,2.611359954E-1,1.578215957E-1
2.787474150E1,-5.422914624E-1,3.617211878E-1,1.322584450E-1
2.788477250E1,-6.611014605E-1,4.966470897E-1,1.225000843E-1
2.789480250E1,-7.142104506E-1,5.071313977E-1,1.292898208E-1
2.790483350E1,-6.909301281E-1,3.766730726E-1,1.566281170E-1
2.791486350E1,-5.568075180E-1,2.507348359E-1,2.165830582E-1
2.792489450E1,-3.693789840E-1,1.452270001E-1,2.686961293E-1
2.793492450E1,-2.998393178E-1,6.856177747E-2,3.080499172E-1
2.794495550E1,-2.486876994E-1,7.221297175E-2,3.366543949E-1
2.795498550E1,-1.547444314E-1,8.806357533E-2,3.575325310E-1
2.796501650E1,-1.021768451E-1,5.373837054E-2,3.168794513E-1
2.797504750E1,-1.140097976E-1,-2.148862928E-3,2.536389530E-1
2.798507750E1,-1.405483782E-1,-1.555083506E-2,1.849313974E-1
2.799510850E1,-1.614739001E-1,5.624106154E-2,1.332905740E-1
2.800513850E1,-1.243989691E-1,1.003268585E-1,8.925434947E-2
2.801516950E1,-1.040787846E-1,1.435062885E-1,2.411342785E-2
2.802519950E1,-1.775204688E-1,2.544949651E-1,-3.848402575E-2
2.803523050E1,-2.858844697E-1,3.413688540E-1,-6.735748053E-2
2.804526075E1,-3.811235130E-1,1.928315461E-1,-8.247361332E-2
2.805529175E1,-5.053498745E-1,3.741984069E-2,-4.164548591E-2
2.806532275E1,-5.146212578E-1,9.648627602E-3,-5.129748583E-2
2.807535275E1,-6.576021314E-1,-1.701690704E-1,-9.106327593E-2
2.808538375E1,-7.714968920E-1,-3.943673372E-1,-1.184746325E-1
2.809541375E1,-8.002148271E-1,-3.842332065E-1,-2.605183423E-1
2.810544475E1,-7.189961672E-1,-3.239447773E-1,-3.687180877E-1
2.811547475E1,-6.754884124E-1,1.012770906E-1,-4.803668559E-1
2.812550575E1,-6.702385545E-1,2.494408935E-1,-5.439609289E-1
2.813553575E1,-5.759596825E-1,1.968660951E-1,-5.251646042E-1
2.814556675E1,-4.537979364E-1,1.704364121E-1,-4.739775658E-1
2.815559675E1,-2.661329806E-1,-3.359342925E-3,-4.194557369E-1
2.816562775E1,6.029657274E-2,-1.236706525E-1,-3.434546590E-1
2.817565875E1,3.710730970E-1,-2.122393996E-1,-2.768791020E-1
2.818568875E1,6.259164810E-1,-2.229613215E-1,-2.533140779E-1
2.819571975E1,8.352193236E-1,-2.848372161E-1,-2.886321247E-1
2.820574975E1,1.061543822E0,-3.247196972E-1,-3.323808908E-1
2.821578075E1,1.086813807E0,1.327580959E-1,-3.981133103E-1
2.822581075E1,1.252625942E0,2.648607194E-1,-4.544919133E-1
2.823584175E1,1.432169914E0,2.182796448E-1,-4.497722685E-1
2.824587175E1,1.513611078E0,1.120243892E-1,-4.545095265E-1
2.825590275E1,1.511551142E0,-8.239302784E-2,-4.410658777E-1
2.826593275E1,1.420618534E0,-2.814415693E-1,-3.674107194E-1
2.827596375E1,1.273981929E0,-4.535273015E-1,-2.655610740E-1
2.828599475E1,1.218803048E0,-7.625098228E-1,-1.862026006E-1
2.829602475E1,1.053042531E0,-7.859538794E-1,-1.133185402E-1
2.830605575E1,9.181159139E-1,-7.299079895E-1,-1.112569124E-1
2.831608575E1,7.185407281E-1,-5.465568304E-1,-8.195096254E-2
2.832611675E1,4.987277091E-1,-2.970893979E-1,-7.106914371E-2
2.833614675E1,3.475607932E-1,-1.179464161E-3,-5.899783596E-2
2.834617775E1,2.076832056E-1,1.913465261E-1,-4.486041144E-2
2.835620875E1,8.973339945E-2,2.648700178E-1,-1.793372259E-2
2.836623875E1,-1.157990843E-2,2.845060229E-1,2.199824527E-2
2.837626975E1,-1.010735705E-1,2.994261384E-1,6.279920787E-2
2.838629975E1,-1.962668747E-1,3.478688598E-1,9.410827607E-2
2.839633075E1,-2.846532166E-1,4.162543118E-1,1.221526861E-1
2.840636075E1,-3.291840255E-1,4.623020291E-1,1.685800850E-1
2.841639175E1,-3.687519431E-1,4.538347721E-1,2.106170207E-1
2.842642175E1,-4.181510508E-1,4.467373192E-1,2.177650332E-1
2.843645275E1,-4.302391410E-1,4.927583337E-1,2.184942067E-1
2.844648375E1,-3.884075880E-1,5.830346346E-1,2.082449049E-1
2.845651375E1,-2.983970046E-1,6.211625338E-1,2.090073675E-1
2.846654475E1,-1.890231371E-1,6.298321486E-1,2.233660519E-1
2.847657475E1,-4.439644143E-2,7.149856687E-1,2.241540849E-1
2.848660575E1,1.220896393E-1,7.750126123E-1,2.058903575E-1
2.849663575E1,2.199674696E-1,8.505238891E-1,1.660132557E-1
2.850666675E1,3.244167566E-1,8.727081418E-1,1.390594989E-1
2.851669675E1,3.759172261E-1,9.433953762E-1,1.532102078E-1
2.852672775E1,4.489799738E-1,1.031595945E0,1.201386601E-1
2.853675775E1,4.342609644E-1,1.014798522E0,1.064862311E-1
2.854678875E1,3.547728658E-1,9.180543423E-1,5.742057413E-2
2.855681975E1,2.476030141E-1,8.503485322E-1,-1.170922909E-2
2.856684975E1,1.713487655E-1,7.447237372E-1,-6.371030211E-2
2.857688075E1,8.602640778E-2,6.261198521E-1,-6.539235264E-2
2.858691075E1,-1.736952364E-2,4.828899205E-1,-7.676158845E-2
2.859694175E1,-7.779238373E-2,3.147847950E-1,-4.692913219E-2
2.860697175E1,-7.874465734E-2,1.658566892E-1,3.927760571E-2
2.861700275E1,-9.090279043E-2,1.263684034E-1,4.966659844E-2
2.862703275E1,-7.854638249E-2,1.051966548E-1,3.324937820E-2
2.863706375E1,-1.445527934E-2,3.863999993E-2,-1.257217117E-2
2.864709475E1,1.038500145E-1,-4.135595635E-2,-7.031943649E-2
2.865712475E1,3.087365925E-1,-1.681280136E-1,-1.036054865E-1
2.866715575E1,4.401300550E-1,-2.207902372E-1,-1.411940157E-1
2.867718575E1,4.806412458E-1,-2.629355490E-1,-1.175608411E-1
2.868721675E1,4.444797635E-1,-3.050805330E-1,-8.927182108E-2
2.869724675E1,4.425713420E-1,-3.379556537E-1,-3.236059844E-2
2.870727775E1,4.178247750E-1,-2.902049124E-1,-6.719144061E-3
2.871730775E1,2.488426417E-1,-1.274178624E-1,-3.341946378E-2
2.872733875E1,6.336355954E-2,-4.111466557E-2,-9.165182710E-2
2.873736975E1,-7.010555267E-2,-5.512729287E-3,-1.164607704E-1
2.874739975E1,-2.315569371E-1,2.428371832E-2,-1.335638314E-1
2.875743075E1,-3.426861167E-1,5.005485937E-2,-1.508048624E-1
2.876746075E1,-4.291692972E-1,3.958847374E-2,-1.345847398E-1
2.877749175E1,-4.955259562E-1,3.893626481E-2,-1.209184602E-1
2.878752175E1,-4.686005116E-1,4.996586591E-2,-8.333045244E-2
2.879755275E1,-3.907086253E-1,1.119125932E-1,-4.623182118E-2
2.880758275E1,-3.672628999E-1,8.085969836E-2,-3.990187123E-2
2.881761375E1,-2.923713624E-1,2.612403929E-1,-5.804652348E-2
2.882764475E1,-1.490812600E-1,3.997264504E-1,-6.336257607E-2
2.883767475E1,-2.560646459E-2,5.189822912E-1,-9.928835183E-2
2.884770575E1,1.895880699E-2,5.450042486E-1,-1.260538101E-1
2.885773575E1,4.543515667E-2,6.057035923E-1,-1.471820027E-1
2.886776675E1,3.425344825E-2,6.093679070E-1,-1.559146047E-1
2.887779675E1,4.281577468E-2,6.386163235E-1,-1.209281310E-1
2.888782775E1,2.632265091E-1,5.494441986E-1,6.555774808E-2
2.889785775E1,6.196730733E-1,8.634098172E-1,3.795761168E-1
2.890788875E1,1.018188596E0,1.369667411E0,7.558676004E-1
2.891791975E1,1.596486807E0,1.547810197E0,1.150713682E0
2.892794975E1,2.975206614E0,-3.890191615E-1,1.078951478E0
2.893798075E1,2.774272203E0,-5.852648020E-1,6.778493524E-1
2.894801075E1,1.312268019E0,-1.580905318E0,-1.849788874E-1
2.895804175E1,2.407432795E-1,-1.325849533E0,-5.143988729E-1
2.896807175E1,1.679825187E-1,-5.033831000E-1,-3.390750885E-1
2.897810275E1,-8.495842107E-3,-3.723238707E-1,-2.090638429E-1
2.898813275E1,-2.371116579E-1,-5.235602856E-1,-1.580286622E-1
2.899816375E1,-3.370305300E-1,-5.794011950E-1,-7.499449700E-2
2.900819475E1,-4.390305877E-1,-4.731409252E-1,2.262728475E-2
2.901822475E1,-5.273119807E-1,-3.699809909E-1,1.277278662E-1
2.902825575E1,-6.213204265E-1,-3.642388582E-1,2.007960975E-1
2.903828575E1,-6.742733717E-1,-3.813890815E-1,2.410255522E-1
2.904831738E1,-6.816523075E-1,-3.655262589E-1,2.459417880E-1
2.905834738E1,-7.008784413E-1,-2.551528513E-1,2.255483568E-1
2.906837837E1,-7.109507918E-1,-8.231210709E-2,1.825068891E-1
2.907840838E1,-6.690073609E-1,3.537511453E-2,1.571075171E-1
2.908843938E1,-6.211426258E-1,3.209089115E-2,1.320527047E-1
2.909847038E1,-6.051330566E-1,3.165767062E-3,8.948819339E-2
2.910850038E1,-5.936784148E-1,-4.790517688E-2,4.077402130E-2
2.911853138E1,-5.828015208E-1,-1.176437810E-1,7.352582179E-4
2.912856138E1,-5.695751905E-1,-1.761735827E-1,-2.800910547E-2
2.913859237E1,-5.429068208E-1,-2.132679522E-1,-3.288695216E-2
2.914862238E1,-4.846620560E-1,-2.297719717E-1,-1.639283821E-2
2.915865338E1,-4.171471894E-1,-2.248057127E-1,7.412360050E-3
2.916868437E1,-3.472502828E-1,-1.862967908E-1,4.514525831E-2
2.917871438E1,-3.198838830E-1,-1.426158994E-1,5.372595787E-2
2.918874538E1,-2.808611393E-1,-6.590282917E-2,3.176087141E-2
2.919877537E1,-2.610107362E-1,-5.815788638E-3,-5.178505555E-3
2.920880638E1,-2.381075919E-1,1.512462832E-2,-5.143229663E-2
2.921883638E1,-2.122083455E-1,3.227787092E-4,-9.264630824E-2
2.922886738E1,-1.988513023E-1,-2.364976518E-2,-1.168258265E-1
2.923889737E1,-1.937111467E-1,-3.382943198E-2,-1.241958588E-1
2.924892838E1,-1.850783378E-1,-3.077766299E-2,-1.185939908E-1
2.925895938E1,-1.663147658E-1,-1.988426782E-2,-9.918753058E-2
2.926898937E1,-1.419582963E-1,9.642997757E-3,-6.212298945E-2
2.927902038E1,-1.255183220E-1,3.276003525E-2,-2.662411705E-2
2.928905038E1,-1.206746995E-1,5.480154604E-2,1.245814003E-2
2.929908138E1,-1.087384075E-1,7.239838690E-2,4.502407089E-2
2.930911138E1,-1.079917327E-1,9.795040637E-2,7.707779109E-2
2.931914238E1,-1.120053828E-1,1.207859442E-1,9.569755197E-2
2.932917238E1,-1.185957044E-1,1.428769529E-1,1.012771204E-1
2.933920337E1,-1.201464608E-1,1.568939686E-1,9.968534857E-2
2.934923438E1,-1.271447241E-1,1.639140695E-1,9.819558263E-2
2.935926438E1,-1.378650069E-1,1.417230070E-1,9.641765058E-2
2.936929537E1,-1.319916248E-1,1.218184680E-1,8.646017313E-2
2.937932538E1,-1.260192245E-1,1.049145833E-1,7.786562294E-2
2.938935638E1,-1.317211092E-1,8.148887753E-2,6.848388910E-2
2.939938638E1,-1.235992610E-1,7.883956283E-2,5.594678596E-2
2.940941738E1,-1.201618612E-1,6.244150549E-2,4.254744574E-2
2.941944838E1,-1.161878929E-1,5.295745656E-2,4.080627114E-2
2.942947838E1,-1.177151650E-1,5.494160950E-2,3.784764186E-2
2.943950937E1,-1.150131226E-1,5.900026858E-2,4.122293368E-2
2.944953938E1,-1.083792448E-1,6.263566762E-2,4.658006504E-2
2.945957038E1,-9.465544671E-2,6.968824565E-2,5.888945982E-2
2.946960037E1,-7.859768718E-2,8.201937377E-2,7.501363009E-2
2.947963138E1,-6.088340282E-2,8.588521183E-2,9.109619260E-2
2.948966138E1,-4.200737923E-2,8.346942067E-2,9.784905612E-2
2.949969238E1,-2.521428652E-2,8.297966421E-2,9.414619207E-2
2.950972337E1,-1.409387961E-2,8.207783848E-2,8.134993166E-2
2.951975338E1,-2.158923075E-3,7.782769948E-2,6.376694888E-2
2.952978438E1,7.098157890E-3,6.635160744E-2,5.044778809E-2
2.953981437E1,1.351531129E-2,5.539482832E-2,4.357177392E-2
2.954984538E1,2.264717221E-2,5.082292482E-2,4.715742916E-2
2.955987538E1,1.731099747E-2,4.991585016E-2,5.458232015E-2
2.956990637E1,2.104954235E-2,4.547529668E-2,6.460219622E-2
2.957993638E1,1.581376791E-2,3.893510625E-2,6.840226054E-2
2.958996738E1,1.992474869E-2,2.161937207E-2,7.213431597E-2
2.959999838E1,1.733535901E-2,9.605320171E-3,7.017742842E-2
2.961002837E1,2.046644501E-2,-1.027962379E-2,6.991763413E-2
2.962005938E1,2.517890930E-2,-2.275493555E-2,6.225971878E-2
2.963008938E1,3.437067568E-2,-2.517117560E-2,6.037203223E-2
2.964012037E1,4.433116317E-2,-2.038201317E-2,5.826254562E-2
2.965015038E1,5.197452381E-2,-1.108825952E-2,4.910755157E-2
2.966018138E1,5.762601644E-2,1.019002404E-3,4.457991198E-2
2.967021238E1,6.576314569E-2,4.520278424E-3,3.745318204E-2
2.968024238E1,7.807227969E-2,2.275233157E-3,2.901895158E-2
2.969027338E1,8.612468094E-2,-6.415064447E-3,2.193249948E-2
2.970030338E1,9.063687921E-2,-7.484856062E-3,2.233170718E-2
2.971033437E1,9.588471055E-2,-8.138450794E-3,2.095573768E-2
2.972036438E1,1.047266722E-1,-2.235021442E-3,2.258186415E-2
2.973039538E1,1.125042289E-1,3.154783975E-3,2.125708759E-2
2.974042537E1,1.240000278E-1,1.803230029E-3,1.774544455E-2
2.975045638E1,1.371735781E-1,4.097176716E-3,9.134232998E-3
2.976048738E1,1.547307223E-1,1.729234122E-2,1.947159879E-3
2.977051738E1,1.695191860E-1,2.772203833E-2,-1.024640724E-2
2.978054838E1,1.832075715E-1,4.088125005E-2,-2.170119435E-2
2.979057838E1,2.030003071E-1,5.987505615E-2,-3.215846419E-2
2.980060938E1,2.202362865E-1,6.562055647E-2,-4.190057516E-2
2.981063937E1,2.336468995E-1,7.395768166E-2,-5.167737603E-2
2.982067038E1,2.355246842E-1,7.587861270E-2,-6.002771854E-2
2.983070138E1,2.383855283E-1,7.771140337E-2,-6.768255681E-2
2.984073137E1,2.342062294E-1,6.953523308E-2,-6.642714143E-2
2.985076238E1,2.351174206E-1,6.357894093E-2,-6.617903709E-2
2.986079238E1,2.321682274E-1,6.183377653E-2,-5.850806460E-2
2.987082338E1,2.354142219E-1,6.211353838E-2,-5.625832826E-2
2.988085338E1,2.274420410E-1,6.609869748E-2,-5.208462477E-2
2.989088438E1,2.122309953E-1,5.928557739E-2,-5.579630658E-2
2.990091438E1,1.869876832E-1,5.691429600E-2,-6.035563722E-2
2.991094537E1,1.618483961E-1,5.239032954E-2,-5.508021265E-2
2.992097638E1,1.471884847E-1,4.144207761E-2,-5.381175131E-2
2.993100638E1,1.317352802E-1,4.138839245E-2,-5.043518171E-2
2.994103737E1,1.101426333E-1,4.624386504E-2,-4.875100031E-2
2.995106738E1,8.581995964E-2,5.776284635E-2,-5.483999103E-2
2.996109838E1,5.771642551E-2,7.080727816E-2,-6.070533767E-2
2.997112838E1,3.293207288E-2,8.088817447E-2,-6.381727755E-2
2.998115938E1,1.394852996E-2,9.431369603E-2,-6.349264085E-2
2.999119038E1,-6.992347538E-3,1.158027723E-1,-6.634599715E-2
3.000122038E1,-1.717174798E-2,1.222452223E-1,-6.622801721E-2
3.001125137E1,-3.710413724E-2,1.400479376E-1,-7.716854662E-2
3.002128138E1,-5.025162920E-2,1.377626956E-1,-8.679480851E-2
3.003131238E1,-5.883853510E-2,1.282337606E-1,-9.037670493E-2
3.004134237E1,-6.664372981E-2,1.184503734E-1,-8.644029498E-2
3.005137254E1,-6.651882827E-2,1.136258841E-1,-7.236874104E-2
3.006140254E1,-7.007761300E-2,1.040731221E-1,-5.938690156E-2
3.007143354E1,-7.515066862E-2,1.068674028E-1,-3.853175417E-2
3.008146454E1,-8.155078441E-2,8.153887838E-2,-2.637841925E-2
3.009149454E1,-8.347690105E-2,6.244334206E-2,-1.370246895E-2
3.010152554E1,-8.478558064E-2,4.585850611E-2,-3.440510249E-3
3.011155554E1,-8.148312569E-2,2.916043997E-2,7.067824714E-3
3.012158654E1,-7.963808626E-2,1.825639606E-2,2.462524548E-2
3.013161654E1,-7.487433404E-2,1.161276270E-2,3.552334383E-2
3.014164754E1,-6.530745327E-2,1.055309083E-2,4.750570282E-2
3.015167754E1,-5.156327784E-2,8.921060711E-3,5.747101828E-2
3.016170854E1,-3.406764194E-2,5.458951462E-3,5.236281082E-2
3.017173954E1,-1.717462763E-2,5.338677205E-3,5.010806024E-2
3.018176954E1,6.339289248E-4,3.813218325E-3,4.265866429E-2
3.019180054E1,1.732334867E-2,3.395065200E-3,3.987430781E-2
3.020183054E1,3.756417334E-2,-2.345644869E-3,3.887588903E-2
3.021186154E1,5.449662358E-2,-1.063620206E-2,4.365142062E-2
3.022189154E1,7.424795628E-2,-2.247874811E-2,4.310493916E-2
3.023192254E1,9.290215373E-2,-3.504208848E-2,5.033317953E-2
3.024195354E1,1.168016270E-1,-3.905387595E-2,4.696428403E-2
3.025198354E1,1.269747019E-1,-3.691677377E-2,5.265094712E-2
3.026201454E1,1.455475837E-1,-3.112199903E-2,4.479435459E-2
3.027204454E1,1.601704955E-1,-2.752679586E-2,4.318248108E-2
3.028207554E1,1.729201227E-1,-1.769280806E-2,4.469568655E-2
3.029210554E1,1.862432063E-1,-9.760022163E-3,4.751193896E-2
3.030213654E1,1.895109117E-1,-7.802598644E-3,5.092664436E-2
3.031216654E1,1.958791465E-1,-2.627076581E-3,5.851002038E-2
3.032219754E1,1.966149807E-1,5.308999680E-4,7.070542872E-2
3.033222854E1,1.953513920E-1,-9.987917729E-4,7.617418468E-2
3.034225854E1,1.908397377E-1,-1.508416608E-4,7.672226429E-2
3.035228954E1,1.925236732E-1,6.489343941E-4,7.441817224E-2
3.036231954E1,1.828968823E-1,-5.538920406E-3,6.510403007E-2
3.037235054E1,1.779585332E-1,-1.170551777E-2,5.067734420E-2
3.038238054E1,1.712825149E-1,-9.679917246E-3,4.176054895E-2
3.039241154E1,1.670074612E-1,2.685515210E-4,3.153996170E-2
3.040244254E1,1.655930579E-1,1.860867627E-2,3.362815082E-2
3.041247254E1,1.693293303E-1,2.496302687E-2,3.577595204E-2
3.042250354E1,1.733049005E-1,3.139429167E-2,3.936696053E-2
3.043253354E1,1.822755784E-1,3.204502165E-2,3.918042779E-2
3.044256454E1,1.846806854E-1,3.190467507E-2,4.003583640E-2
3.045259454E1,1.948668361E-1,3.189706057E-2,3.824735060E-2
3.046262554E1,2.082644105E-1,3.340254351E-2,4.176485166E-2
3.047265654E1,2.243593931E-1,4.000795633E-2,4.655751958E-2
3.048268654E1,2.367795706E-1,4.438859224E-2,5.082283914E-2
3.049271754E1,2.530923188E-1,4.979839548E-2,5.450034887E-2
3.050274754E1,2.709424198E-1,6.080923975E-2,5.461965874E-2
3.051277854E1,2.870492041E-1,7.591368258E-2,5.417264253E-2
3.052280854E1,3.010784686E-1,8.107062429E-2,5.084235966E-2
3.053283954E1,2.999288738E-1,8.443673700E-2,4.573670775E-2
3.054286954E1,2.928989530E-1,8.699523658E-2,3.447393328E-2
3.055290054E1,2.822428346E-1,7.966764271E-2,2.374265902E-2
3.056293154E1,2.746238112E-1,6.242367253E-2,2.585214935E-2
3.057296154E1,2.733558118E-1,5.078475922E-2,3.371924534E-2
3.058299254E1,2.728489935E-1,4.990298674E-2,4.551252350E-2
3.059302254E1,2.751953602E-1,6.828168035E-2,4.603192583E-2
3.060305354E1,2.745878994E-1,9.702064097E-2,4.017376900E-2
3.061308354E1,2.728636563E-1,1.267331392E-1,1.963558234E-2
3.062311454E1,2.704074383E-1,1.529647410E-1,-1.299793134E-3
3.063314454E1,2.605058551E-1,1.675149351E-1,-2.077607252E-2
3.064317554E1,2.493496090E-1,1.817668378E-1,-3.708473966E-2
3.065320654E1,2.374449074E-1,1.881197989E-1,-5.315633863E-2
3.066323654E1,2.314075232E-1,1.814930439E-1,-6.574590504E-2
3.067326754E1,2.275991738E-1,1.697538048E-1,-7.082115859E-2
3.068329754E1,2.282500565E-1,1.506536156E-1,-7.390935719E-2
3.069332854E1,2.218360901E-1,1.215829924E-1,-7.643949986E-2
3.070335854E1,2.224283814E-1,9.051056206E-2,-8.783116937E-2
3.071338954E1,2.262862176E-1,5.792067200E-2,-9.932477772E-2
3.072342054E1,2.392299771E-1,2.020764910E-2,-1.067834944E-1
3.073345054E1,2.553158104E-1,-1.760974340E-2,-1.089540124E-1
3.074348154E1,2.726191580E-1,-4.363654926E-2,-1.003677174E-1
3.075351154E1,2.868013680E-1,-6.224396452E-2,-9.743895382E-2
3.076354254E1,3.018540740E-1,-6.971013546E-2,-8.675727993E-2
3.077357254E1,3.075714707E-1,-8.410757035E-2,-7.647139579E-2
3.078360354E1,3.103310466E-1,-1.094147936E-1,-6.542913616E-2
3.079363454E1,3.094329238E-1,-1.343869567E-1,-5.378141999E-2
3.080366454E1,3.066112995E-1,-1.483485699E-1,-4.714535549E-2
3.081369554E1,2.954621911E-1,-1.475689858E-1,-5.000454187E-2
3.082372554E1,2.803546190E-1,-1.510380208E-1,-5.183386803E-2
3.083375654E1,2.596987188E-1,-1.563938558E-1,-6.287956983E-2
3.084378654E1,2.316756099E-1,-1.547621340E-1,-7.286988199E-2
3.085381754E1,2.066078186E-1,-1.555708647E-1,-8.459943533E-2
3.086384854E1,1.761306077E-1,-1.524749398E-1,-9.546007216E-2
3.087387854E1,1.416567713E-1,-1.462201327E-1,-1.080911905E-1
3.088390954E1,1.037200466E-1,-1.396136284E-1,-1.181131974E-1
3.089393954E1,7.608164102E-2,-1.409268975E-1,-1.224339306E-1
3.090397054E1,4.997679964E-2,-1.448260397E-1,-1.250717938E-1
3.091400054E1,2.349458262E-2,-1.415644437E-1,-1.239899546E-1
3.092403154E1,-2.096532378E-3,-1.343392879E-1,-1.180638894E-1
3.093406154E1,-2.464294061E-2,-1.193074659E-1,-1.148354933E-1
3.094409254E1,-4.745424539E-2,-1.008328497E-1,-1.067810357E-1
3.095412354E1,-7.094985247E-2,-8.375483751E-2,-9.800481796E-2
3.096415354E1,-9.728611261E-2,-6.746215373E-2,-8.333373070E-2
3.097418454E1,-1.308697164E-1,-5.372214317E-2,-7.036174834E-2
3.098421454E1,-1.702211201E-1,-4.629006237E-2,-5.074410886E-2
3.099424554E1,-2.078576684E-1,-4.379102588E-2,-3.363668546E-2
3.100427554E1,-2.466607243E-1,-4.961429536E-2,-1.237720251E-2
3.101430654E1,-2.838248610E-1,-6.548371166E-2,4.990001675E-3
3.102433754E1,-3.049429357E-1,-7.139059901E-2,2.146591432E-2
3.103436754E1,-3.179490864E-1,-7.198335230E-2,3.564424068E-2
3.104439854E1,-3.193033040E-1,-6.092244014E-2,4.448913038E-2
3.105442854E1,-3.103500009E-1,-4.803691059E-2,5.675318837E-2
3.106445954E1,-3.017953932E-1,-3.501565009E-2,6.508435309E-2
3.107448954E1,-2.843998075E-1,-2.791661024E-2,7.318104804E-2
3.108452054E1,-2.624859810E-1,-1.762482338E-2,8.819063008E-2
3.109455154E1,-2.379626781E-1,-1.047782600E-2,1.056406200E-1
3.110458154E1,-2.095704526E-1,-1.639355905E-4,1.222464964E-1
3.111461254E1,-1.948772371E-1,2.177504823E-3,1.357973963E-1
3.112464254E1,-1.833950281E-1,-3.759213490E-3,1.459216624E-1
3.113467354E1,-1.654867381E-1,-1.436555479E-2,1.583680511E-1
3.114470354E1,-1.396514177E-1,-3.898887336E-2,1.689027101E-1
3.115473454E1,-1.109813824E-1,-5.883802101E-2,1.784888357E-1
3.116476454E1,-8.906490356E-2,-6.422320008E-2,1.958212256E-1
3.117479554E1,-7.504601032E-2,-6.440164149E-2,2.147152275E-1
3.118482654E1,-6.595504284E-2,-6.259948015E-2,2.503310144E-1
3.119485654E1,-5.748365819E-2,-5.077686161E-2,2.984513640E-1
3.120488754E1,-5.690415204E-2,-3.244020045E-2,3.539891839E-1
3.121491754E1,-6.464947760E-2,-2.353246696E-2,4.094493091E-1
3.122494854E1,-5.896868929E-2,-4.410325736E-2,4.543872178E-1
3.123497854E1,-5.790008232E-2,-1.053633839E-1,4.664136767E-1
3.124500954E1,-5.450162292E-2,-1.594607085E-1,4.366784096E-1
3.125504054E1,-7.733947784E-2,-2.079404145E-1,3.669609725E-1
3.126507054E1,-1.217700616E-1,-2.533119023E-1,2.693459988E-1
3.127510154E1,-1.653562486E-1,-2.679790258E-1,1.668311059E-1
3.128513154E1,-1.692543179E-1,-2.412970662E-1,7.768471539E-2
3.129516254E1,-1.694042385E-1,-2.149347067E-1,2.256214153E-3
3.130519254E1,-1.564109325E-1,-1.908448189E-1,-4.808045924E-2
3.131522354E1,-1.462500989E-1,-1.682415605E-1,-7.246374339E-2
3.132525454E1,-1.432148963E-1,-1.460576952E-1,-7.772482187E-2
3.133528454E1,-1.584438384E-1,-1.390151083E-1,-6.938970834E-2
3.134531554E1,-1.914683729E-1,-1.250228435E-1,-5.440436676E-2
3.135534554E1,-2.350698113E-1,-1.307499707E-1,-4.118746519E-2
3.136537654E1,-2.950822711E-1,-1.326565295E-1,-2.113226801E-2
3.137540654E1,-3.516691625E-1,-1.484473050E-1,1.303654630E-3
3.138543754E1,-4.074882269E-1,-1.692849398E-1,2.941118926E-2
3.139546754E1,-4.499916434E-1,-1.863669306E-1,5.271999538E-2
3.140549854E1,-4.838095009E-1,-1.971077323E-1,7.657339424E-2
3.141552954E1,-5.009506941E-1,-1.768402755E-1,9.752362967E-2
3.142555954E1,-5.188657641E-1,-1.629806608E-1,1.258055866E-1
3.143559054E1,-5.306715369E-1,-1.323979050E-1,1.614932120E-1
3.144562054E1,-5.416086316E-1,-8.968717605E-2,1.940660775E-1
3.145565154E1,-5.407950878E-1,-7.133465260E-2,2.238256931E-1
3.146568154E1,-5.533276796E-1,-6.386768818E-2,2.494455725E-1
3.147571254E1,-5.705191493E-1,-3.236451000E-2,2.636769116E-1
3.148574354E1,-5.939150453E-1,-2.082503214E-2,2.669235468E-1
3.149577354E1,-6.026061177E-1,2.153019421E-2,2.488904595E-1
3.150580454E1,-5.795945525E-1,3.074100241E-2,2.167133540E-1
3.151583454E1,-5.485365391E-1,8.423949592E-3,1.730432957E-1
3.152586554E1,-5.230076909E-1,-1.798821613E-2,1.077913269E-1
3.153589554E1,-4.815799892E-1,-3.939447552E-2,4.156659544E-2
3.154592654E1,-4.227459729E-1,-4.621243477E-2,-1.866185851E-2
3.155595654E1,-3.592917621E-1,-4.572983086E-2,-7.187963277E-2
3.156598754E1,-2.959362268E-1,-4.314842820E-2,-1.156936884E-1
3.157601854E1,-2.487076819E-1,-2.162181400E-2,-1.586842984E-1
3.158604854E1,-2.132343799E-1,-2.574886661E-3,-1.996525079E-1
3.159607954E1,-1.872669607E-1,1.584193669E-2,-2.362691015E-1
3.160610954E1,-1.773062050E-1,2.244124934E-2,-2.639116347E-1
3.161614054E1,-1.361871213E-1,6.082382798E-2,-2.720730007E-1
3.162617054E1,-9.861044586E-2,8.281993866E-2,-2.727848589E-1
3.163620154E1,-5.505827069E-2,1.173874810E-1,-2.667194605E-1
3.164623254E1,-2.430089004E-2,1.342516690E-1,-2.599545121E-1
3.165626254E1,1.076584682E-3,1.438443810E-1,-2.479350865E-1
3.166629354E1,1.293537579E-2,1.430827081E-1,-2.395666242E-1
3.167632354E1,1.372982934E-2,1.416066289E-1,-2.293241769E-1
3.168635454E1,1.122725755E-2,1.370068192E-1,-2.201106995E-1
3.169638454E1,2.461453434E-3,1.341422945E-1,-2.039430439E-1
3.170641554E1,-4.654246382E-3,1.356285959E-1,-1.911867708E-1
3.171644554E1,-1.237556897E-2,1.366473585E-1,-1.741476059E-1
3.172647654E1,-1.104345545E-2,1.365072876E-1,-1.576652974E-1
3.173650754E1,-1.385989413E-2,1.364273429E-1,-1.358176917E-1
3.174653754E1,-2.180463634E-2,1.414007992E-1,-1.134982780E-1
3.175656854E1,-3.072719276E-2,1.459954828E-1,-9.329337627E-2
3.176659854E1,-4.111725092E-2,1.492685080E-1,-7.896929979E-2
3.177662954E1,-4.630060494E-2,1.562109143E-1,-6.946802139E-2
3.178665954E1,-5.313907191E-2,1.643452644E-1,-5.775890127E-2
3.179669054E1,-5.660726130E-2,1.737347096E-1,-5.089159682E-2
3.180672154E1,-6.344572455E-2,1.815827787E-1,-4.459748045E-2
3.181675154E1,-6.784743816E-2,1.770367473E-1,-3.993988782E-2
3.182678254E1,-7.470507920E-2,1.743336320E-1,-3.685941175E-2
3.183681254E1,-6.845894456E-2,1.674431413E-1,-4.293768480E-2
3.184684354E1,-6.309480965E-2,1.600360870E-1,-5.335623771E-2
3.185687354E1,-5.686278269E-2,1.492739618E-1,-6.998955458E-2
3.186690454E1,-4.103588313E-2,1.425739825E-1,-9.131561220E-2
3.187693454E1,-2.460649610E-2,1.322211623E-1,-1.176896095E-1
3.188696554E1,1.137652434E-4,1.317172945E-1,-1.416090727E-1
3.189699654E1,2.254638076E-2,1.242274940E-1,-1.651272923E-1
3.190702654E1,4.632920772E-2,1.169874221E-1,-1.771272272E-1
3.191705754E1,7.457818091E-2,1.049520969E-1,-1.929506063E-1
3.192708754E1,9.081413597E-2,8.891320974E-2,-2.085820436E-1
3.193711854E1,1.019208133E-1,7.197868079E-2,-2.229612470E-1
3.194714854E1,1.128762588E-1,5.933798850E-2,-2.305621803E-1
3.195717954E1,1.148271561E-1,4.245279357E-2,-2.244920731E-1
3.196721054E1,1.178735495E-1,2.812845074E-2,-2.166373432E-1
3.197724054E1,1.185494363E-1,1.928761601E-2,-1.988462359E-1
3.198727154E1,1.192330718E-1,1.815790311E-2,-1.790354997E-1
3.199730154E1,1.159825325E-1,1.714693196E-2,-1.572472900E-1
3.200733254E1,1.120692790E-1,5.317970179E-3,-1.295544058E-1
3.201736254E1,1.183474138E-1,-7.024091668E-3,-1.041228846E-1
3.202739354E1,1.243634894E-1,-2.243367396E-2,-8.062981069E-2
3.203742454E1,1.308597773E-1,-2.787751518E-2,-6.706172973E-2
3.204745538E1,1.316089332E-1,-3.122617491E-2,-6.102274358E-2
3.205748638E1,1.404103786E-1,-4.198456556E-2,-5.956280604E-2
3.206751637E1,1.506869793E-1,-4.915911704E-2,-6.422786415E-2
3.207754738E1,1.582203209E-1,-5.384458601E-2,-7.591260225E-2
3.208757738E1,1.672004908E-1,-5.355643108E-2,-9.488788992E-2
3.209760837E1,1.726430058E-1,-3.793527186E-2,-1.094371229E-1
3.210763838E1,1.787397861E-1,-1.388506591E-2,-1.247481704E-1
3.211766938E1,1.834129244E-1,1.872977708E-3,-1.369133294E-1
3.212770038E1,1.862452030E-1,3.254092764E-3,-1.441549957E-1
3.213773038E1,1.914495975E-1,-1.667183824E-4,-1.510909200E-1
3.214776138E1,1.913598478E-1,-3.885023762E-3,-1.479952633E-1
3.215779138E1,1.895180792E-1,4.087708890E-3,-1.444743425E-1
3.216782237E1,1.751244962E-1,1.092617400E-2,-1.393315047E-1
3.217785238E1,1.624020338E-1,2.580818534E-2,-1.302274913E-1
3.218788338E1,1.450699270E-1,3.723261133E-2,-1.315657347E-1
3.219791437E1,1.311837137E-1,5.180127174E-2,-1.355856359E-1
3.220794438E1,1.191816553E-1,5.102069676E-2,-1.418422014E-1
3.221797538E1,1.094204113E-1,4.537614807E-2,-1.485634744E-1
3.222800538E1,9.980986267E-2,2.710845880E-2,-1.562498957E-1
3.223803638E1,8.896426857E-2,7.091919892E-3,-1.672937870E-1
3.224806638E1,9.094033390E-2,-1.610714197E-2,-1.739559621E-1
3.225809738E1,1.115688756E-1,-3.974715993E-2,-1.768597364E-1
3.226812837E1,1.330323517E-1,-6.633589417E-2,-1.825429201E-1
3.227815838E1,1.566595137E-1,-9.547952563E-2,-1.903117299E-1
3.228818938E1,1.748824567E-1,-1.053079218E-1,-1.982940286E-1
3.229821937E1,1.888742000E-1,-1.137915999E-1,-2.104794532E-1
3.230825038E1,1.908667684E-1,-1.092799455E-1,-2.227385193E-1
3.231828038E1,1.870114803E-1,-9.440213442E-2,-2.323355079E-1
3.232831138E1,1.771114469E-1,-7.156313211E-2,-2.342441976E-1
3.233834238E1,1.681572795E-1,-3.455632180E-2,-2.244052291E-1
3.234837238E1,1.740122288E-1,3.994267900E-3,-1.956297755E-1
3.235840338E1,1.780073345E-1,4.347513616E-2,-1.519049108E-1
3.236843337E1,1.642952561E-1,9.197449684E-2,-9.479794651E-2
3.237846438E1,1.341954023E-1,1.412735879E-1,-2.829561941E-2
3.238849438E1,9.030170739E-2,1.695627570E-1,3.570466489E-2
3.239852537E1,4.032931849E-2,1.827770770E-1,9.062010050E-2
3.240855638E1,-5.743901245E-3,1.709201634E-1,1.381969452E-1
3.241858638E1,-3.880123422E-2,1.417083740E-1,1.773692369E-1
3.242861738E1,-4.965175316E-2,1.046395749E-1,2.065891773E-1
3.243864738E1,-4.242921621E-2,8.013708144E-2,2.215737849E-1
3.244867838E1,-2.784734406E-2,6.865327060E-2,2.277051806E-1
3.245870838E1,-9.078821167E-3,7.179445028E-2,2.265766412E-1
3.246873937E1,1.146879792E-2,8.494167775E-2,2.230346352E-1
3.247877038E1,2.925327420E-2,9.965895116E-2,2.127937675E-1
3.248880038E1,4.433715343E-2,1.160373911E-1,1.997660995E-1
3.249883138E1,6.413571537E-2,1.267689914E-1,1.897405237E-1
3.250886138E1,8.686392754E-2,1.277783215E-1,1.818386614E-1
3.251889238E1,1.145488694E-1,1.243401989E-1,1.768752784E-1
3.252892238E1,1.450833529E-1,1.198482439E-1,1.707137972E-1
3.253895337E1,1.712106317E-1,1.094182730E-1,1.607653052E-1
3.254898438E1,1.939154118E-1,9.651152790E-2,1.539212465E-1
3.255901438E1,2.128198594E-1,8.227711171E-2,1.549863070E-1
3.256904537E1,2.210700661E-1,6.747259945E-2,1.521092951E-1
3.257907538E1,2.317366600E-1,4.038506746E-2,1.537395865E-1
3.258910638E1,2.419999540E-1,8.415151387E-3,1.540282667E-1
3.259913637E1,2.485563010E-1,-1.169261336E-2,1.538780332E-1
3.260916738E1,2.449197322E-1,-2.397937328E-2,1.525227576E-1
3.261919738E1,2.258618027E-1,-4.448609799E-2,1.513896883E-1
3.262922838E1,2.185399681E-1,-6.495009363E-2,1.499222815E-1
3.263925937E1,2.071032971E-1,-5.863813683E-2,1.508533210E-1
3.264928938E1,1.933853477E-1,-4.876127094E-2,1.498200148E-1
3.265932038E1,1.708796471E-1,-3.995912895E-2,1.491711140E-1
3.266935037E1,1.418850124E-1,-3.866643086E-2,1.649764478E-1
3.267938138E1,1.086142659E-1,-2.174510062E-2,1.948719174E-1
3.268941138E1,6.763914227E-2,-2.012941055E-3,2.450631708E-1
3.269944238E1,2.519846708E-2,2.931311540E-2,3.197834492E-1
3.270947338E1,-3.346830606E-2,5.065089464E-2,4.157605767E-1
3.271950338E1,-9.047167003E-2,7.017346472E-2,5.370512605E-1
3.272953438E1,-1.365177184E-1,8.885394037E-2,6.698002815E-1
3.273956437E1,-1.317140460E-1,6.781074405E-2,8.170673847E-1
3.274959538E1,-1.090132520E-1,-1.225240156E-2,9.588623643E-1
3.275962538E1,-1.096559465E-1,-6.503482908E-2,1.058362365E0
3.276965637E1,-1.282445490E-1,-1.103924587E-1,1.106576204E0
3.277968638E1,-1.506546587E-1,-1.396527737E-1,1.086529613E0
3.278971738E1,-2.029831111E-1,-1.613570005E-1,9.823597670E-1
3.279974838E1,-2.833048403E-1,-1.366666555E-1,8.229126930E-1
3.280977838E1,-3.324564099E-1,-2.484106272E-2,6.432731152E-1
3.281980938E1,-3.439973593E-1,1.275640577E-1,4.690860212E-1
3.282983938E1,-3.418042660E-1,2.395390570E-1,3.170717359E-1
3.283987037E1,-3.194879293E-1,2.856314182E-1,1.902257353E-1
3.284990038E1,-2.911369801E-1,2.708913386E-1,8.449505270E-2
3.285993138E1,-2.561042309E-1,1.999060065E-1,-1.501897164E-2
3.286996237E1,-2.031626999E-1,7.452704012E-2,-1.138419583E-1
3.287999238E1,-1.475173831E-1,-3.558642790E-2,-2.115266025E-1
3.289002338E1,-8.145421743E-2,-7.753095031E-2,-3.008695543E-1
3.290005338E1,-1.241593249E-2,-8.262021840E-2,-3.679407537E-1
3.291008437E1,5.721987039E-2,-7.593409717E-2,-4.168190658E-1
3.292011438E1,1.198150367E-1,-6.764049828E-2,-4.532799125E-1
3.293014538E1,1.801702529E-1,-5.532443896E-2,-4.817222059E-1
3.294017637E1,2.331168652E-1,-5.388568714E-2,-5.094425678E-1
3.295020638E1,2.757474184E-1,-6.111909822E-2,-5.377700925E-1
3.296023738E1,3.014485836E-1,-8.399742842E-2,-5.672061443E-1
3.297026737E1,3.110300899E-1,-1.008685529E-1,-5.935296416E-1
3.298029838E1,3.038370907E-1,-1.218887120E-1,-6.114693284E-1
3.299032838E1,2.905684412E-1,-1.234306842E-1,-6.265052557E-1
3.300035938E1,2.713055611E-1,-1.278713197E-1,-6.341258883E-1
3.301038937E1,2.357039154E-1,-1.309014708E-1,-6.584051251E-1
3.302042038E1,1.955083758E-1,-1.337480843E-1,-6.894221902E-1
3.303045138E1,1.473211348E-1,-1.512711495E-1,-7.127554417E-1
3.304048137E1,8.704759926E-2,-1.765803546E-1,-7.235710025E-1
3.305051262E1,1.520003937E-2,-1.987983137E-1,-7.134962678E-1
3.306054263E1,-4.055243731E-2,-1.990851313E-1,-6.833319664E-1
3.307057363E1,-6.421462446E-2,-2.057763338E-1,-6.343932152E-1
3.308060362E1,-6.539902836E-2,-2.221592218E-1,-5.727887154E-1
3.309063463E1,-6.910614669E-2,-2.271156311E-1,-5.041604042E-1
3.310066563E1,-9.274663776E-2,-2.085960507E-1,-4.518579543E-1
3.311069563E1,-1.302932203E-1,-1.758508831E-1,-4.117707014E-1
3.312072662E1,-1.663272381E-1,-1.295563281E-1,-3.777459860E-1
3.313075663E1,-1.825024784E-1,-9.116313607E-2,-3.513527513E-1
3.314078763E1,-1.883491427E-1,-5.699804425E-2,-3.313901126E-1
3.315081762E1,-1.833085716E-1,-2.985323966E-2,-3.271828592E-1
3.316084863E1,-1.648273915E-1,-2.847943641E-2,-3.397187889E-1
3.317087963E1,-1.277495325E-1,-4.690957442E-2,-3.660952449E-1
3.318090962E1,-8.520212024E-2,-6.678174436E-2,-3.980894983E-1
3.319094063E1,-4.184398800E-2,-7.457096130E-2,-4.479457438E-1
3.320097063E1,-5.641199648E-3,-9.010551870E-2,-5.178299546E-1
3.321100163E1,3.340207413E-2,-9.766250104E-2,-6.018239260E-1
3.322103162E1,6.467866153E-2,-9.088660032E-2,-7.066572309E-1
3.323106263E1,9.006284922E-2,-1.246709302E-1,-8.092718124E-1
3.324109363E1,1.101293340E-1,-1.841386110E-1,-8.849220872E-1
3.325112362E1,1.081207767E-1,-2.896285653E-1,-9.129622579E-1
3.326115463E1,7.584118843E-2,-3.704065979E-1,-8.869345784E-1
3.327118463E1,2.123813331E-2,-3.988832235E-1,-8.057265878E-1
3.328121563E1,-5.297582597E-2,-3.687927723E-1,-6.869585514E-1
3.329124563E1,-1.303616911E-1,-2.567716837E-1,-5.366821885E-1
3.330127663E1,-1.943538040E-1,-1.115526482E-1,-3.835268617E-1
3.331130763E1,-2.457972914E-1,2.777275071E-2,-2.350801080E-1
3.332133762E1,-2.859598100E-1,1.196539775E-1,-8.789703995E-2
3.333136863E1,-3.041492105E-1,1.725827008E-1,5.362041295E-2
3.334139863E1,-3.022165000E-1,1.519624889E-1,1.906859875E-1
3.335142962E1,-3.007507026E-1,5.913054943E-2,3.224551976E-1
3.336145963E1,-3.032692373E-1,-6.208269671E-2,4.639614820E-1
3.337149063E1,-3.046354651E-1,-1.472580433E-1,5.998224020E-1
3.338152163E1,-2.929890752E-1,-2.138760239E-1,7.202239037E-1
3.339155163E1,-2.791505158E-1,-2.591162026E-1,8.024692535E-1
3.340158263E1,-2.622843981E-1,-3.004886806E-1,8.554691076E-1
3.341161263E1,-2.409860343E-1,-3.202852607E-1,8.964857459E-1
3.342164362E1,-2.144257873E-1,-3.302062452E-1,9.366568327E-1
3.343167363E1,-1.883007139E-1,-3.372193873E-1,9.698206186E-1
3.344170463E1,-1.545907110E-1,-3.121035695E-1,9.979960322E-1
3.345173562E1,-1.224660501E-1,-2.590337098E-1,1.046676278E0
3.346176563E1,-8.870307356E-2,-2.431712151E-1,1.098035693E0
3.347179663E1,-3.788197413E-2,-2.536417246E-1,1.122594595E0
3.348182663E1,-1.388852485E-2,-2.157863081E-1,1.101352096E0
3.349185762E1,-2.634279802E-2,-1.695160270E-1,1.026780128E0
3.350188763E1,-4.001128301E-2,-1.028299704E-1,9.274948835E-1
3.351191863E1,-3.442157432E-2,-5.329970270E-2,8.283485770E-1
3.352194962E1,-1.787557825E-2,4.159522243E-3,7.366823554E-1
3.353197963E1,-4.065223504E-3,5.089852959E-2,6.663672328E-1
3.354201063E1,1.323905308E-2,8.731642365E-2,6.140680909E-1
3.355204062E1,3.412915394E-2,1.171384975E-1,5.918080807E-1
3.356207163E1,3.559922427E-2,1.416541487E-1,5.870080590E-1
3.357210163E1,2.825475857E-2,1.572096646E-1,5.950580239E-1
3.358213263E1,8.186334744E-4,1.659110487E-1,6.025357246E-1
3.359216362E1,-5.070528015E-2,1.608326584E-1,6.034976244E-1
3.360219363E1,-9.497804940E-2,1.264954805E-1,5.883859396E-1
3.361222463E1,-1.398544461E-1,9.395246208E-2,5.842588544E-1
3.362225462E1,-1.742896885E-1,6.213103980E-2,5.812937617E-1
3.363228563E1,-2.080599070E-1,3.748854250E-2,5.826064348E-1
3.364231563E1,-2.456212044E-1,2.369262278E-2,5.879294872E-1
3.365234663E1,-2.929743528E-1,-7.120519876E-4,5.952606201E-1
3.366237663E1,-3.497690260E-1,-6.883358583E-5,6.027690768E-1
3.367240763E1,-4.000228643E-1,-3.404709045E-3,6.086139679E-1
3.368243863E1,-4.498907328E-1,-1.236382127E-2,6.007216573E-1
3.369246862E1,-4.953362346E-1,-2.800536528E-2,5.772719979E-1
3.370249963E1,-5.292260647E-1,-3.944079578E-2,5.286076069E-1
3.371252963E1,-5.450188518E-1,-2.676787600E-2,4.601851702E-1
3.372256062E1,-5.385413170E-1,-6.242307369E-3,3.835608959E-1
3.373259063E1,-5.146160126E-1,4.184319824E-2,3.118432760E-1
3.374262163E1,-4.802196324E-1,1.012085527E-1,2.441529334E-1
3.375265263E1,-4.417704940E-1,1.180229560E-1,1.910188794E-1
3.376268263E1,-4.278868437E-1,1.341036707E-1,1.262938827E-1
3.377271363E1,-4.183069170E-1,1.326274723E-1,4.997621104E-2
3.378274363E1,-3.716765046E-1,1.401291788E-1,-2.248132043E-2
3.379277462E1,-3.050676584E-1,1.238399595E-1,-1.007244587E-1
3.380280463E1,-2.323869020E-1,1.083119959E-1,-1.877934784E-1
3.381283563E1,-1.494776309E-1,8.401864022E-2,-2.768881917E-1
3.382286662E1,-8.044309914E-2,6.037344784E-2,-3.652619421E-1
3.383289663E1,-2.811703831E-2,2.068781666E-2,-4.382421374E-1
3.384292763E1,1.089761220E-2,-3.925848007E-2,-5.007666349E-1
3.385295763E1,4.548408464E-2,-8.439532667E-2,-5.420653820E-1
3.386298863E1,6.877885014E-2,-1.197692752E-1,-5.665054917E-1
3.387301863E1,8.403902501E-2,-1.236827895E-1,-5.875545740E-1
3.388304963E1,9.506197274E-2,-1.183179840E-1,-6.144819260E-1
3.389307962E1,1.007329077E-1,-1.211518496E-1,-6.444201469E-1
3.390311063E1,1.085420102E-1,-1.318112612E-1,-6.694611311E-1
3.391314163E1,1.081060544E-1,-1.419959962E-1,-6.947830319E-1
3.392317162E1,9.610313922E-2,-1.218652651E-1,-7.217916250E-1
3.393320263E1,8.928544819E-2,-1.127780229E-1,-7.532401085E-1
3.394323263E1,8.589541167E-2,-1.244831830E-1,-7.738587856E-1
3.395326363E1,6.905172020E-2,-1.328897178E-1,-7.828967571E-1
3.396329363E1,6.379126012E-2,-1.262821108E-1,-7.805230618E-1
3.397332463E1,7.174132764E-2,-1.334753036E-1,-7.731285095E-1
3.398335563E1,8.902241290E-2,-1.476480067E-1,-7.486012578E-1
3.399338562E1,9.470506012E-2,-1.486456245E-1,-7.166460156E-1
3.400341663E1,9.590926021E-2,-1.287093163E-1,-6.868757010E-1
3.401344663E1,9.341520816E-2,-9.451353550E-2,-6.576126218E-1
3.402347762E1,8.979450911E-2,-4.128427058E-2,-6.337271929E-1
3.403350763E1,8.297841996E-2,1.642030105E-2,-6.119974256E-1
3.404353863E1,8.312416077E-2,6.564319879E-2,-5.954379439E-1
3.405356975E1,8.589518070E-2,9.285990149E-2,-5.796869397E-1
3.406359975E1,8.767744154E-2,8.864438534E-2,-5.669126511E-1
3.407363075E1,9.752926975E-2,9.413928539E-2,-5.595147014E-1
3.408366075E1,1.026821285E-1,1.005159318E-1,-5.533131957E-1
3.409369175E1,1.081466675E-1,1.126205325E-1,-5.567455292E-1
3.410372175E1,1.032594517E-1,1.171970665E-1,-5.591158867E-1
3.411375275E1,9.403905272E-2,1.080416515E-1,-5.664147735E-1
3.412378375E1,6.644732505E-2,1.096345633E-1,-5.787586570E-1
3.413381375E1,4.936049134E-2,1.099866331E-1,-5.975624323E-1
3.414384475E1,2.681439556E-2,1.003009677E-1,-6.306518912E-1
3.415387475E1,8.851109073E-3,1.001233310E-1,-6.695274115E-1
3.416390575E1,-4.458005540E-3,9.790743142E-2,-7.248370647E-1
3.417393575E1,-7.497519255E-5,8.232234418E-2,-7.871867418E-1
3.418396675E1,1.883030683E-2,7.262907922E-2,-8.500730991E-1
3.419399775E1,6.185154617E-2,4.096010327E-2,-8.827721477E-1
3.420402775E1,1.111702248E-1,-6.097229198E-5,-8.679976463E-1
3.421405875E1,1.564495564E-1,-7.800118066E-3,-8.180812001E-1
3.422408875E1,1.851949692E-1,2.939085104E-2,-7.290329933E-1
3.423411975E1,2.137222141E-1,8.584135026E-2,-6.109606624E-1
3.424414975E1,2.226812840E-1,1.573886424E-1,-4.702024758E-1
3.425418075E1,2.126576751E-1,2.369567007E-1,-3.229959607E-1
3.426421175E1,1.908519119E-1,2.998125553E-1,-1.758252531E-1
3.427424175E1,1.572417617E-1,3.172884583E-1,-2.492042631E-2
3.428427275E1,1.005452797E-1,3.026003838E-1,1.121638790E-1
3.429430275E1,3.997701406E-2,2.407369912E-1,2.456793338E-1
3.430433375E1,-1.853081584E-2,1.833081245E-1,3.698273003E-1
3.431436375E1,-6.396780908E-2,1.340993047E-1,4.824185669E-1
3.432439475E1,-1.064982191E-1,1.061161309E-1,5.661733747E-1
3.433442575E1,-1.324443370E-1,9.652476013E-2,6.258279085E-1
3.434445575E1,-1.458963603E-1,9.990310669E-2,6.629505754E-1
3.435448675E1,-1.489699185E-1,8.734869957E-2,6.875488758E-1
3.436451675E1,-1.371819228E-1,5.937727541E-2,6.960710287E-1
3.437454775E1,-1.235097796E-1,3.033017553E-2,7.049744725E-1
3.438457875E1,-1.014717147E-1,1.799817942E-2,7.145647407E-1
3.439460875E1,-6.092242524E-2,1.684636250E-2,7.328622341E-1
3.440463975E1,-9.187010117E-3,-7.568066474E-3,7.545509338E-1
3.441466975E1,3.313807398E-2,-2.337818779E-2,7.466895580E-1
3.442470075E1,2.294049412E-2,-1.681659743E-2,7.161750793E-1
3.443473075E1,2.085515298E-4,-1.787973195E-2,6.668773293E-1
3.444476175E1,-2.295574173E-2,-3.031915985E-4,6.088421941E-1
3.445479275E1,-4.473853484E-2,1.908089221E-2,5.570551157E-1
3.446482275E1,-6.044102088E-2,2.602580935E-2,5.138273239E-1
3.447485375E1,-8.752989024E-2,2.865355089E-2,4.770317674E-1
3.448488375E1,-1.131369472E-1,3.253316879E-2,4.499131441E-1
3.449491475E1,-1.495791078E-1,3.265807405E-2,4.207512736E-1
3.450494475E1,-1.820033193E-1,3.953863308E-2,3.968821764E-1
3.451497575E1,-2.181256413E-1,4.867913574E-2,3.849003613E-1
3.452500575E1,-2.449584454E-1,6.082469970E-2,3.760237992E-1
3.453503675E1,-2.635217309E-1,8.080507070E-2,3.740621209E-1
3.454506775E1,-2.876020074E-1,1.013586447E-1,3.747655749E-1
3.455509775E1,-3.148189783E-1,1.176910102E-1,3.809545040E-1
3.456512875E1,-3.338777423E-1,1.151841506E-1,3.941436112E-1
3.457515875E1,-3.429175615E-1,9.620620310E-2,4.176212251E-1
3.458518975E1,-3.406488895E-1,7.442435622E-2,4.548544586E-1
3.459521975E1,-3.140521646E-1,5.614468455E-2,5.148144960E-1
3.460525075E1,-2.778379023E-1,3.644698113E-2,5.822341442E-1
3.461528175E1,-2.378654778E-1,4.097248986E-2,6.354243755E-1
3.462531175E1,-2.241580039E-1,4.097858816E-2,6.775960922E-1
3.463534275E1,-2.148220241E-1,3.501017764E-2,7.094104886E-1
3.464537275E1,-2.158222795E-1,5.760072730E-3,7.330975533E-1
3.465540375E1,-2.255153805E-1,-8.873730898E-3,7.518762946E-1
3.466543375E1,-2.310069054E-1,-3.561668843E-2,7.551138997E-1
3.467546475E1,-2.388520390E-1,-3.704467416E-2,7.390241623E-1
3.468549575E1,-2.416289151E-1,-3.313924372E-2,7.006790042E-1
3.469552575E1,-2.217710614E-1,-2.923318371E-2,6.480985880E-1
3.470555675E1,-1.887731701E-1,3.983960487E-4,5.794504285E-1
3.471558675E1,-1.661046147E-1,3.811302036E-2,4.839494526E-1
3.472561775E1,-1.541465670E-1,7.258316129E-2,3.672914803E-1
3.473564775E1,-1.365023255E-1,1.087046862E-1,2.472638786E-1
3.474567875E1,-9.233339876E-2,1.367214471E-1,1.254694909E-1
3.475570975E1,-4.387558997E-2,1.227845997E-1,1.445908472E-2
3.476573975E1,1.624736935E-2,9.245055169E-2,-9.194718301E-2
3.477577075E1,8.456890285E-2,2.554155514E-2,-1.822416633E-1
3.478580075E1,1.387087405E-1,-5.501394346E-2,-2.585127652E-1
3.479583175E1,1.806101203E-1,-1.322789043E-1,-3.221721649E-1
3.480586175E1,2.145403922E-1,-1.841080934E-1,-3.851239085E-1
3.481589275E1,2.378124148E-1,-2.143389732E-1,-4.394856691E-1
3.482592275E1,2.648741305E-1,-2.321633399E-1,-4.834798872E-1
3.483595375E1,2.977300882E-1,-2.386747599E-1,-5.145861506E-1
3.484598475E1,3.228868246E-1,-2.357233614E-1,-5.289149284E-1
3.485601475E1,3.411087096E-1,-2.236395329E-1,-5.426781178E-1
3.486604575E1,3.578037322E-1,-2.031078339E-1,-5.548677444E-1
3.487607575E1,3.660392761E-1,-1.780331135E-1,-5.623086095E-1
3.488610675E1,3.686433136E-1,-1.420772374E-1,-5.655221939E-1
3.489613675E1,3.613741994E-1,-7.610540092E-2,-5.716890097E-1
3.490616775E1,3.604435921E-1,-4.232724756E-2,-5.783093572E-1
3.491619875E1,3.502167761E-1,-4.418507218E-2,-5.726370811E-1
3.492622875E1,3.126793504E-1,-5.104976147E-2,-5.624678731E-1
3.493625975E1,2.559854984E-1,-5.194964260E-2,-5.526333451E-1
3.494628975E1,2.104807645E-1,-4.884044081E-2,-5.424324274E-1
3.495632075E1,1.952099204E-1,-6.724661589E-2,-5.175440907E-1
3.496635075E1,1.931971908E-1,-8.628942072E-2,-4.789214134E-1
3.497638175E1,1.970076412E-1,-8.261159062E-2,-4.389625490E-1
3.498641275E1,1.981793046E-1,-5.808517337E-2,-4.022195041E-1
3.499644275E1,1.951928288E-1,-1.825094037E-2,-3.689315915E-1
3.500647375E1,1.910903603E-1,2.266041189E-2,-3.390713036E-1
3.501650375E1,1.830478758E-1,7.578621805E-2,-3.214025497E-1
3.502653475E1,1.700280011E-1,1.393002123E-1,-3.198891282E-1
3.503656475E1,1.553651690E-1,1.863212585E-1,-3.245267570E-1
3.504659575E1,1.485939026E-1,2.181364745E-1,-3.434788883E-1
3.505662654E1,1.453965157E-1,2.418125123E-1,-3.796251714E-1
3.506665654E1,1.440466046E-1,2.540990114E-1,-4.280745387E-1
3.507668754E1,1.528520882E-1,2.480943799E-1,-4.880257547E-1
3.508671754E1,1.604181975E-1,2.076649666E-1,-5.643065572E-1
3.509674854E1,1.701323390E-1,1.853588670E-1,-6.429923177E-1
3.510677854E1,1.798259914E-1,1.377480179E-1,-7.276943326E-1
3.511680954E1,1.891877949E-1,8.985507488E-2,-8.088762164E-1
3.512684054E1,1.833090037E-1,3.662944213E-2,-8.686821461E-1
3.513687054E1,1.773453951E-1,-1.199535001E-2,-8.983140588E-1
3.514690154E1,1.655243784E-1,-6.730008870E-2,-8.892625570E-1
3.515693154E1,1.415013373E-1,-1.089569852E-1,-8.382207155E-1
3.516696254E1,9.469222277E-2,-1.227684021E-1,-7.565559149E-1
3.517699254E1,4.351878166E-2,-9.547952563E-2,-6.496320963E-1
3.518702354E1,-8.391136304E-3,-4.431866109E-2,-5.230299234E-1
3.519705454E1,-5.186910555E-2,5.717076827E-3,-3.945787847E-1
3.520708454E1,-9.263969958E-2,6.655850261E-2,-2.826226056E-1
3.521711554E1,-1.205403060E-1,1.108061224E-1,-1.828547269E-1
3.522714554E1,-1.305775642E-1,1.321991980E-1,-9.203650057E-2
3.523717654E1,-1.390474737E-1,1.416531503E-1,-7.243043743E-3
3.524720754E1,-1.452309340E-1,1.004435346E-1,8.104111999E-2
3.525723754E1,-1.922546327E-1,4.833132774E-2,1.658255160E-1
3.526726854E1,-2.344965786E-1,1.612892561E-2,2.523590028E-1
3.527729854E1,-2.750423849E-1,2.349729650E-3,3.417850435E-1
3.528732954E1,-2.995070815E-1,5.502874963E-3,4.280160367E-1
3.529735954E1,-3.142452836E-1,1.909778081E-2,4.993773103E-1
3.530739054E1,-3.190410137E-1,4.130493104E-2,5.633023977E-1
3.531742154E1,-3.185648322E-1,6.246428192E-2,5.985709429E-1
3.532745154E1,-3.150168061E-1,6.651368737E-2,6.145001054E-1
3.533748254E1,-2.828631401E-1,5.301146582E-2,6.328719258E-1
3.534751254E1,-2.395157218E-1,3.224740922E-2,6.574810147E-1
3.535754354E1,-1.798595786E-1,9.275244549E-3,6.865901947E-1
3.536757354E1,-1.165029183E-1,-2.213890199E-3,7.162417769E-1
3.537760454E1,-4.325639829E-2,-2.349627391E-2,7.335880399E-1
3.538763554E1,2.134381235E-2,-2.014507353E-2,7.301555276E-1
3.539766554E1,6.318500638E-2,-1.826834306E-2,6.982021332E-1
3.540769654E1,8.800476789E-2,-2.458919957E-2,6.391345263E-1
3.541772654E1,1.027653366E-1,-1.553897839E-2,5.562977195E-1
3.542775754E1,1.206619814E-1,6.501202472E-3,4.723145962E-1
3.543778754E1,1.438527852E-1,3.949190676E-2,3.969253004E-1
3.544781854E1,1.755858064E-1,6.038809940E-2,3.400815725E-1
3.545784954E1,1.952415258E-1,6.498870999E-2,3.052367568E-1
3.546787954E1,1.956558675E-1,5.740694702E-2,2.855089009E-1
3.547791054E1,1.803525388E-1,2.967944741E-2,2.715118825E-1
3.548794054E1,1.563687921E-1,7.104757708E-3,2.548584342E-1
3.549797154E1,1.251432300E-1,-3.170782933E-3,2.472646981E-1
3.550800154E1,8.717221767E-2,2.778756432E-3,2.401854992E-1
3.551803254E1,4.773213714E-2,1.054080483E-2,2.435970008E-1
3.552806354E1,1.750281826E-2,1.528849639E-2,2.565326989E-1
3.553809354E1,-4.208070226E-3,1.640702412E-2,2.832562029E-1
3.554812454E1,-2.305272408E-2,6.980094593E-3,3.191264272E-1
3.555815454E1,-5.806370452E-2,7.131361868E-3,3.632259667E-1
3.556818554E1,-8.080989122E-2,3.619139083E-3,4.048562646E-1
3.557821554E1,-1.138064563E-1,1.788489334E-2,4.354314804E-1
3.558824654E1,-1.389782131E-1,3.492643684E-2,4.623457193E-1
3.559827754E1,-1.576682776E-1,6.741806120E-2,4.803380370E-1
3.560830754E1,-1.691464633E-1,1.143677458E-1,5.010023117E-1
3.561833854E1,-1.792244017E-1,1.660245508E-1,5.254127979E-1
3.562836854E1,-1.877583265E-1,1.989511400E-1,5.487955809E-1
3.563839954E1,-1.889077425E-1,2.104133815E-1,5.760540962E-1
3.564842954E1,-2.004957795E-1,1.904951185E-1,6.022888422E-1
3.565846054E1,-2.175789028E-1,1.649588645E-1,6.111361384E-1
3.566849154E1,-2.290254235E-1,1.387203485E-1,6.011138558E-1
3.567852154E1,-2.350966334E-1,1.232559010E-1,5.789587498E-1
3.568855254E1,-2.249193639E-1,1.297713220E-1,5.393375754E-1
3.569858254E1,-2.018396109E-1,1.234252825E-1,4.989680648E-1
3.570861354E1,-1.658920050E-1,1.372750700E-1,4.474870563E-1
3.571864354E1,-1.240423024E-1,1.595612019E-1,3.793234527E-1
3.572867454E1,-8.572730422E-2,1.762993634E-1,2.945212722E-1
3.573870554E1,-4.594713449E-2,1.893744171E-1,1.931783855E-1
3.574873554E1,2.193436958E-4,1.723547876E-1,8.693678677E-2
3.575876654E1,4.548402503E-2,1.441047788E-1,-2.826889604E-2
3.576879654E1,8.524862677E-2,1.100344583E-1,-1.415233761E-1
3.577882754E1,1.294813454E-1,9.364616126E-2,-2.423107177E-1
3.578885754E1,1.647907943E-1,7.868885994E-2,-3.134344220E-1
3.579888854E1,1.906982958E-1,6.063050404E-2,-3.645530045E-1
3.580891954E1,2.048912495E-1,3.840719536E-2,-3.943678737E-1
3.581894954E1,2.109843045E-1,1.521399245E-2,-4.115548432E-1
3.582898054E1,2.108151615E-1,-7.391746156E-3,-4.201286733E-1
3.583901054E1,2.066398561E-1,-2.437179536E-2,-4.189891219E-1
3.584904154E1,1.934525371E-1,-3.322675079E-2,-4.115380943E-1
3.585907154E1,1.801284701E-1,-3.828036413E-2,-4.057704806E-1
3.586910254E1,1.644841880E-1,-5.019405112E-2,-3.920999467E-1
3.587913254E1,1.522019655E-1,-6.149251014E-2,-3.883297145E-1
3.588916354E1,1.466808617E-1,-7.288473099E-2,-3.907648325E-1
3.589919454E1,1.336798370E-1,-8.049844205E-2,-4.068785608E-1
3.590922454E1,1.213468015E-1,-8.604811877E-2,-4.320866168E-1
3.591925554E1,9.353940189E-2,-8.119717240E-2,-4.577488303E-1
3.592928554E1,4.841883108E-2,-6.974279881E-2,-4.824316204E-1
3.593931654E1,5.330215674E-3,-6.196104735E-2,-5.069319010E-1
3.594934654E1,-4.912658781E-2,-4.111096263E-2,-5.298821330E-1
3.595937754E1,-1.028121859E-1,-1.669883169E-2,-5.472177267E-1
3.596940854E1,-1.284121275E-1,-1.869658008E-2,-5.473196507E-1
3.597943854E1,-1.464539766E-1,-1.881615631E-2,-5.218313336E-1
3.598946954E1,-1.586231142E-1,5.072105210E-3,-4.801917076E-1
3.599949954E1,-1.586196572E-1,3.820449114E-2,-4.389968812E-1
3.600953054E1,-1.571761817E-1,7.057833672E-2,-4.068564177E-1
3.601956154E1,-1.457589418E-1,9.884113073E-2,-3.845031857E-1
3.602959154E1,-1.283122152E-1,1.277058423E-1,-3.766980469E-1
3.603962254E1,-9.067402035E-2,1.423063576E-1,-3.846089542E-1
3.604965254E1,-4.231334478E-2,1.639132351E-1,-3.924738765E-1
3.605968338E1,1.580348983E-2,1.826467067E-1,-4.064237773E-1
3.606971337E1,5.349087343E-2,2.101487815E-1,-4.278326035E-1
3.607974438E1,8.955194056E-2,2.345800847E-1,-4.530958831E-1
3.608977538E1,1.198542714E-1,2.325653434E-1,-4.917097390E-1
3.609980538E1,1.421305388E-1,2.047920376E-1,-5.551305413E-1
3.610983637E1,1.586981565E-1,1.585710496E-1,-6.512017250E-1
3.611986638E1,1.771128476E-1,8.631016314E-2,-7.794321775E-1
3.612989738E1,2.052362412E-1,9.613577276E-5,-8.992703557E-1
3.613992737E1,2.340910584E-1,-5.798155069E-2,-9.880580306E-1
3.614995838E1,2.717488110E-1,-1.116336361E-1,-1.019269943E0
3.615998938E1,2.908146679E-1,-1.177839413E-1,-9.817295074E-1
3.617001938E1,2.864476442E-1,-7.907921821E-2,-8.904449940E-1
3.618005038E1,2.529032528E-1,-2.649510466E-2,-7.690927386E-1
3.619008038E1,2.199106365E-1,2.446004003E-2,-6.351211071E-1
3.620011138E1,1.901617944E-1,3.254379705E-2,-5.022938251E-1
3.621014137E1,1.851653159E-1,4.856398702E-2,-3.778706789E-1
3.622017238E1,1.761028469E-1,6.056126580E-2,-2.666621208E-1
3.623020338E1,1.762976199E-1,6.030766666E-2,-1.812127233E-1
3.624023337E1,1.773713976E-1,6.010952592E-2,-1.148952171E-1
3.625026438E1,1.787439138E-1,7.300923020E-2,-6.586205214E-2
3.626029438E1,1.814334393E-1,7.661435008E-2,-2.553566732E-2
3.627032538E1,1.749325693E-1,5.082462355E-2,1.353314426E-2
3.628035538E1,1.630002707E-1,2.898989990E-2,7.441034168E-2
3.629038638E1,1.685513705E-1,-1.350830216E-2,1.697519720E-1
3.630041738E1,1.645907164E-1,-5.265730247E-2,2.949258983E-1
3.631044737E1,1.491986215E-1,-1.011731997E-1,4.364393651E-1
3.632047838E1,1.276669651E-1,-1.283414364E-1,5.585094094E-1
3.633050838E1,9.489734471E-2,-1.250851750E-1,6.445621848E-1
3.634053937E1,4.515055940E-2,-1.081943363E-1,7.019581199E-1
3.635056938E1,2.261324786E-3,-9.476697445E-2,7.372623682E-1
3.636060038E1,-1.085074898E-2,-8.711065352E-2,7.727317214E-1
3.637063138E1,-1.845331118E-2,-9.183121473E-2,8.062649369E-1
3.638066137E1,-3.483920544E-2,-9.124664962E-2,8.245837688E-1
3.639069238E1,-5.434532091E-2,-8.968569338E-2,8.375536203E-1
3.640072238E1,-6.674952805E-2,-8.400889486E-2,8.470184803E-1
3.641075337E1,-7.634542137E-2,-7.956071198E-2,8.537794948E-1
3.642078338E1,-7.814572006E-2,-7.925791293E-2,8.476289511E-1
3.643081438E1,-6.928295642E-2,-7.133799791E-2,8.365303874E-1
3.644084538E1,-4.585992172E-2,-6.811717153E-2,8.096002340E-1
3.645087538E1,-1.537981723E-2,-5.925126001E-2,7.792838216E-1
3.646090638E1,3.774145991E-2,-4.300864041E-2,7.485213876E-1
3.647093638E1,9.180560708E-2,-6.503702141E-3,7.208226323E-1
3.648096737E1,1.300989389E-1,4.374695197E-2,6.936344504E-1
3.649099838E1,1.480657607E-1,9.223853052E-2,6.655037403E-1
3.650102838E1,1.484615058E-1,1.182272509E-1,6.262040138E-1
3.651105937E1,1.233550534E-1,1.214098111E-1,5.807931423E-1
3.652108938E1,8.431497216E-2,1.002983972E-1,5.238326192E-1
3.653112038E1,3.456511721E-2,6.147008762E-2,4.654201269E-1
3.654115038E1,-1.969998330E-2,1.082155854E-2,4.081142247E-1
3.655118138E1,-7.607400417E-2,-4.726196826E-2,3.538089395E-1
3.656121238E1,-1.361493319E-1,-8.631668985E-2,3.202094138E-1
3.657124238E1,-1.880618781E-1,-1.242120862E-1,3.095662892E-1
3.658127337E1,-2.407727540E-1,-1.538181752E-1,3.182045221E-1
3.659130338E1,-2.742772698E-1,-1.609349847E-1,3.447066545E-1
3.660133438E1,-3.006572127E-1,-1.548304856E-1,3.714661002E-1
3.661136437E1,-3.097299337E-1,-1.238596439E-1,4.057358801E-1
3.662139538E1,-3.076220453E-1,-8.152150363E-2,4.331914783E-1
3.663142638E1,-2.976556122E-1,-3.496204689E-2,4.615342319E-1
3.664145638E1,-2.953330874E-1,1.482308842E-2,4.835726917E-1
3.665148737E1,-2.886227965E-1,6.899590790E-2,5.023555160E-1
3.666151738E1,-2.755983472E-1,1.213275567E-1,5.293596983E-1
3.667154838E1,-2.492340505E-1,1.559259444E-1,5.693868399E-1
3.668157837E1,-2.212290615E-1,1.808589995E-1,6.005689502E-1
3.669160938E1,-2.077102810E-1,1.879460514E-1,6.120545864E-1
3.670164038E1,-2.023371011E-1,1.987148076E-1,5.976820588E-1
3.671167037E1,-2.009232193E-1,1.991399229E-1,5.641413331E-1
3.672170138E1,-1.938203126E-1,1.890018135E-1,4.978230298E-1
3.673173138E1,-1.917310804E-1,1.580349803E-1,4.133155942E-1
3.674176238E1,-1.954808086E-1,1.057784408E-1,3.199166656E-1
3.675179237E1,-1.905204058E-1,3.253307939E-2,2.108143568E-1
3.676182338E1,-1.918091178E-1,1.087625325E-2,9.013800323E-2
3.677185438E1,-1.924953759E-1,5.149502307E-3,-2.025967091E-2
3.678188437E1,-1.944589317E-1,-5.952151027E-3,-1.211018637E-1
3.679191538E1,-1.987090409E-1,-2.996540442E-2,-1.972457618E-1
3.680194538E1,-1.971356422E-1,-5.499112979E-2,-2.601264715E-1
3.681197638E1,-1.806517690E-1,-7.524200529E-2,-3.049576879E-1
3.682200638E1,-1.579613686E-1,-8.327116817E-2,-3.297261596E-1
3.683203738E1,-1.183432937E-1,-8.805461973E-2,-3.464988768E-1
3.684206838E1,-6.680926681E-2,-9.761110693E-2,-3.560465574E-1
3.685209837E1,-1.009072643E-2,-1.072744429E-1,-3.741714656E-1
3.686212938E1,4.901546985E-2,-1.165600866E-1,-3.951753080E-1
3.687215938E1,1.132490039E-1,-1.232974455E-1,-4.143653810E-1
3.688219037E1,1.728295088E-1,-1.295241863E-1,-4.297629893E-1
3.689222038E1,2.249582410E-1,-1.343240887E-1,-4.453432262E-1
3.690225138E1,2.618187666E-1,-1.300534457E-1,-4.605179131E-1
3.691228138E1,2.873767614E-1,-1.336306334E-1,-4.726741314E-1
3.692231238E1,3.049038351E-1,-1.439117491E-1,-4.805048704E-1
3.693234338E1,3.014180064E-1,-1.395725310E-1,-4.828609228E-1
3.694237338E1,2.836736143E-1,-1.449587643E-1,-4.819163084E-1
3.695240437E1,2.565724254E-1,-1.499606520E-1,-4.773871303E-1
3.696243438E1,2.280145735E-1,-1.501998007E-1,-4.723263085E-1
3.697246538E1,2.038628012E-1,-1.437641233E-1,-4.690947533E-1
3.698249537E1,1.856798083E-1,-1.198814139E-1,-4.795503318E-1
3.699252638E1,1.690753549E-1,-8.661042899E-2,-4.954814315E-1
3.700255738E1,1.464893520E-1,-5.879877135E-2,-5.208853483E-1
3.701258738E1,1.239960715E-1,-2.025731280E-2,-5.499773622E-1
3.702261838E1,1.034487188E-1,4.027787596E-3,-5.793565512E-1
3.703264838E1,7.272011042E-2,9.247133508E-3,-6.016561389E-1
3.704267938E1,4.916444421E-2,-1.017849706E-2,-6.048428416E-1
3.705271275E1,2.444458008E-2,-3.998392448E-2,-5.878626704E-1
3.706274375E1,6.955333985E-3,-5.932087079E-2,-5.455266833E-1
3.707277475E1,-1.087059267E-3,-6.160574406E-2,-4.852168262E-1
3.708280475E1,1.531588193E-2,-5.220371857E-2,-4.116320908E-1
3.709283575E1,3.404955566E-2,-1.828569919E-2,-3.410289288E-1
3.710286575E1,5.528160557E-2,3.173432499E-2,-2.857880592E-1
3.711289675E1,7.380522788E-2,8.425709605E-2,-2.466133982E-1
3.712292775E1,9.783519804E-2,1.217464060E-1,-2.280256003E-1
3.713295775E1,1.165914163E-1,1.602203250E-1,-2.278038561E-1
3.714298875E1,1.240376160E-1,1.760892868E-1,-2.502937317E-1
3.715301875E1,1.082326770E-1,1.867388785E-1,-2.936644852E-1
3.716304975E1,9.317436814E-2,1.921794564E-1,-3.532548249E-1
3.717307975E1,7.015170157E-2,1.906276643E-1,-4.234371483E-1
3.718311075E1,6.331749260E-2,1.640650332E-1,-4.924087524E-1
3.719314175E1,6.252094358E-2,1.374435425E-1,-5.586184263E-1
3.720317175E1,5.930490792E-2,9.898109734E-2,-6.104876995E-1
3.721320275E1,7.466761023E-2,7.794159651E-2,-6.434663534E-1
3.722323275E1,8.431916684E-2,5.456197634E-2,-6.563792229E-1
3.723326375E1,8.664331585E-2,4.977485165E-2,-6.528022885E-1
3.724329375E1,7.814916223E-2,6.072470918E-2,-6.325010061E-1
3.725332475E1,8.076732606E-2,7.656260580E-2,-6.101971865E-1
3.726335575E1,8.818928897E-2,9.809906036E-2,-5.745717883E-1
3.727338575E1,9.163439274E-2,1.210698187E-1,-5.358248353E-1
3.728341675E1,1.004044488E-1,1.480218023E-1,-4.875691831E-1
3.729344675E1,1.047650576E-1,1.794155687E-1,-4.250348508E-1
3.730347775E1,9.999826550E-2,2.148017883E-1,-3.599487841E-1
3.731350775E1,7.943827659E-2,2.463947535E-1,-2.951957881E-1
3.732353875E1,5.825788528E-2,2.674073577E-1,-2.218360901E-1
3.733356975E1,4.918022826E-2,2.506775558E-1,-1.165241897E-1
3.734359975E1,2.932716347E-2,2.032165676E-1,1.708074287E-2
3.735363075E1,-1.513457857E-2,1.594469845E-1,1.444647908E-1
3.736366075E1,-9.583634883E-2,1.309146732E-1,2.465059310E-1
3.737369175E1,-1.634760201E-1,1.251494735E-1,3.237639368E-1
3.738372175E1,-2.078291029E-1,1.212591380E-1,3.785789907E-1
3.739375275E1,-2.384831905E-1,1.113398224E-1,4.118445814E-1
3.740378375E1,-2.635789514E-1,1.085216627E-1,4.376460910E-1
3.741381375E1,-2.745625675E-1,1.261554360E-1,4.538767338E-1
3.742384475E1,-2.851859033E-1,1.514602602E-1,4.654470980E-1
3.743387475E1,-2.947562337E-1,1.740913689E-1,4.798656702E-1
3.744390575E1,-3.040772974E-1,1.728966832E-1,4.934720397E-1
3.745393575E1,-3.007272780E-1,1.501217037E-1,5.086107254E-1
3.746396675E1,-2.884836495E-1,1.280579567E-1,5.318553448E-1
3.747399775E1,-2.675584853E-1,1.075249463E-1,5.418539047E-1
3.748402775E1,-2.361819148E-1,9.451247752E-2,5.499472618E-1
3.749405875E1,-2.006009370E-1,7.441123575E-2,5.543587804E-1
3.750408875E1,-1.656874269E-1,5.229873955E-2,5.517403483E-1
3.751411975E1,-1.418182999E-1,2.601031959E-2,5.435027480E-1
3.752414975E1,-1.121522784E-1,9.625751525E-3,5.273376107E-1
3.753418075E1,-7.108022273E-2,9.806915186E-4,5.142922997E-1
3.754421175E1,-1.201530080E-2,-2.984222956E-3,5.075734258E-1
3.755424175E1,4.705818370E-2,1.128305495E-2,5.018023849E-1
3.756427275E1,1.028894931E-1,3.187195212E-2,4.898101985E-1
3.757430275E1,1.409913152E-1,7.156265527E-2,4.798955917E-1
3.758433375E1,1.559225917E-1,1.125708073E-1,4.659797549E-1
3.759436375E1,1.506193727E-1,1.524786055E-1,4.591992497E-1
3.760439475E1,1.285779774E-1,1.772582531E-1,4.536431134E-1
3.761442575E1,1.025747061E-1,1.815502346E-1,4.530225694E-1
3.762445575E1,6.434236467E-2,1.746955216E-1,4.521842003E-1
3.763448675E1,2.329252101E-2,1.761995405E-1,4.607363045E-1
3.764451675E1,-2.664015070E-2,1.801753640E-1,4.700562954E-1
3.765454775E1,-7.576995343E-2,1.974402517E-1,4.811066091E-1
3.766457775E1,-1.180510968E-1,2.041761875E-1,4.967196882E-1
3.767460875E1,-1.446318924E-1,2.088228464E-1,5.245038867E-1
3.768463975E1,-1.581855118E-1,1.917157769E-1,5.549997687E-1
3.769466975E1,-1.586184651E-1,1.454482675E-1,5.853738189E-1
3.770470075E1,-1.419904828E-1,9.447828680E-2,6.000316143E-1
3.771473075E1,-1.079318002E-1,3.647704422E-2,6.010019779E-1
3.772476175E1,-7.279352099E-2,-5.139372777E-3,5.719975233E-1
3.773479175E1,-3.523497283E-2,-3.147802502E-2,5.294884443E-1
3.774482275E1,-1.293019764E-2,-4.257674888E-2,4.668397307E-1
3.775485375E1,2.357784193E-3,-3.549245745E-2,3.904436529E-1
3.776488375E1,-4.914776422E-3,-2.242219448E-2,3.013912737E-1
3.777491475E1,-2.417827398E-2,-1.248595025E-2,2.150394022E-1
3.778494475E1,-1.744899713E-2,1.128382701E-2,1.542940289E-1
3.779497575E1,-8.587197401E-3,4.131580889E-2,9.730607271E-2
3.780500575E1,3.227384295E-3,5.992145091E-2,5.721377954E-2
3.781503675E1,1.533429790E-2,7.314250618E-2,2.072386257E-2
3.782506775E1,2.003371343E-2,6.218972057E-2,-2.668013563E-3
3.783509775E1,2.382889763E-2,3.318901360E-2,-2.221916243E-2
3.784512875E1,2.209837735E-2,-4.402834456E-3,-4.170444608E-2
3.785515875E1,3.226973861E-2,-3.875558078E-2,-6.749358028E-2
3.786518975E1,5.068150535E-2,-7.590082288E-2,-9.815348685E-2
3.787521975E1,6.850013882E-2,-1.117442325E-1,-1.397124678E-1
3.788525075E1,9.874726087E-2,-1.535097808E-1,-1.777754277E-1
3.789528175E1,1.218391284E-1,-1.920565963E-1,-2.102236748E-1
3.790531175E1,1.390167773E-1,-2.294069082E-1,-2.389176488E-1
3.791534275E1,1.435129791E-1,-2.633976340E-1,-2.651992738E-1
3.792537275E1,1.403536797E-1,-2.931850851E-1,-2.861064076E-1
3.793540375E1,1.348245591E-1,-3.152412474E-1,-3.030754328E-1
3.794543375E1,1.202637181E-1,-3.281322718E-1,-3.187060654E-1
3.795546475E1,1.075436547E-1,-3.408254981E-1,-3.288139701E-1
3.796549575E1,1.010229066E-1,-3.401988745E-1,-3.352944851E-1
3.797552575E1,8.774692565E-2,-3.302183747E-1,-3.352445066E-1
3.798555675E1,7.885862887E-2,-3.103740811E-1,-3.358080387E-1
3.799558675E1,7.053456455E-2,-2.857260406E-1,-3.379870057E-1
3.800561775E1,5.590528995E-2,-2.511906922E-1,-3.386240304E-1
3.801564775E1,3.902179748E-2,-2.159998268E-1,-3.412410915E-1
3.802567875E1,1.688240841E-2,-1.906135082E-1,-3.398671448E-1
3.803570975E1,4.532127641E-4,-1.563435346E-1,-3.314478695E-1
3.804573975E1,-5.550350994E-3,-1.228329912E-1,-3.177600205E-1
3.805577092E1,-4.993169568E-3,-9.854565561E-2,-2.952026427E-1
3.806580092E1,1.131176762E-2,-6.777736545E-2,-2.719316483E-1
3.807583192E1,2.832346782E-2,-6.167900935E-2,-2.602838278E-1
3.808586192E1,3.906346485E-2,-6.386599690E-2,-2.624465525E-1
3.809589292E1,5.383389443E-2,-7.440527529E-2,-2.824963629E-1
3.810592392E1,7.096094638E-2,-8.340995759E-2,-3.182799518E-1
3.811595392E1,9.537799656E-2,-8.737730980E-2,-3.530985415E-1
3.812598492E1,1.143016219E-1,-7.347241044E-2,-3.832844198E-1
3.813601492E1,1.123510823E-1,-6.154226512E-2,-4.141032994E-1
3.814604592E1,1.072732359E-1,-4.994100332E-2,-4.406875074E-1
3.815607592E1,9.464541078E-2,-4.425237328E-2,-4.611870348E-1
3.816610692E1,8.911402524E-2,-3.631482273E-2,-4.804299772E-1
3.817613792E1,9.141569585E-2,-3.709489107E-2,-5.136991739E-1
3.818616792E1,8.900127560E-2,-4.389527440E-2,-5.580171347E-1
3.819619892E1,1.051158831E-1,-6.923174858E-2,-6.237767339E-1
3.820622892E1,1.188279614E-1,-9.942453355E-2,-6.967188120E-1
3.821625992E1,1.334994137E-1,-1.425776631E-1,-7.765251994E-1
3.822628992E1,1.506064832E-1,-1.874846816E-1,-8.475375772E-1
3.823632092E1,1.597468704E-1,-2.371138930E-1,-9.075869322E-1
3.824635192E1,1.799043268E-1,-2.800925374E-1,-9.410213232E-1
3.825638192E1,1.797138751E-1,-2.997430265E-1,-9.516829252E-1
3.826641292E1,1.692774743E-1,-2.916648388E-1,-9.356714487E-1
3.827644292E1,1.647857875E-1,-2.655413747E-1,-8.934257627E-1
3.828647392E1,1.505799592E-1,-2.312923372E-1,-8.367502093E-1
3.829650392E1,1.348370314E-1,-2.073865235E-1,-7.631010413E-1
3.830653492E1,1.084941179E-1,-1.822753102E-1,-6.642333269E-1
3.831656592E1,5.393042788E-2,-1.426694244E-1,-5.538725853E-1
3.832659592E1,-4.033274949E-3,-1.161975935E-1,-4.275506139E-1
3.833662692E1,-4.786558077E-2,-1.107198745E-1,-2.970496714E-1
3.834665692E1,-9.750690311E-2,-1.127350852E-1,-1.640801877E-1
3.835668792E1,-1.472165138E-1,-1.234489158E-1,-2.784940228E-2
3.836671892E1,-2.018129081E-1,-1.219639331E-1,9.390020370E-2
3.837674892E1,-2.601872683E-1,-8.419980854E-2,1.916618645E-1
3.838677992E1,-2.978108227E-1,-4.830492660E-2,2.719723880E-1
3.839680992E1,-3.215779960E-1,-3.516942635E-2,3.323599100E-1
3.840684092E1,-3.269434571E-1,-4.037909955E-2,3.782821298E-1
3.841687092E1,-3.252221346E-1,-5.450312793E-2,4.151186347E-1
3.842690192E1,-3.093955219E-1,-6.960644573E-2,4.450866580E-1
3.843693292E1,-2.937226892E-1,-7.900498807E-2,4.656353295E-1
3.844696292E1,-2.686759233E-1,-7.399424911E-2,4.785559177E-1
3.845699392E1,-2.456187755E-1,-6.672274321E-2,4.986145496E-1
3.846702392E1,-2.085217386E-1,-5.639260635E-2,5.286387205E-1
3.847705492E1,-1.737448871E-1,-4.060504586E-2,5.522137880E-1
3.848708492E1,-1.429515630E-1,-1.721157506E-2,5.760860443E-1
3.849711592E1,-1.087043434E-1,1.401436608E-2,6.028974056E-1
3.850714692E1,-7.526649535E-2,5.331596360E-2,6.364228725E-1
3.851717692E1,-4.248629883E-2,7.946780324E-2,6.732142568E-1
3.852720792E1,-1.960388757E-2,9.597141296E-2,6.958894730E-1
3.853723792E1,-1.611515507E-2,1.070199832E-1,7.088117599E-1
3.854726892E1,-7.658819202E-3,1.127140895E-1,7.093870044E-1
3.855729992E1,2.533141989E-3,1.207293347E-1,7.049135566E-1
3.856732992E1,1.424971782E-2,1.216334775E-1,6.909708381E-1
3.857736092E1,2.880728804E-2,1.227736250E-1,6.736604571E-1
3.858739092E1,3.836616874E-2,1.107864603E-1,6.535189152E-1
3.859742192E1,4.850700125E-2,8.757392317E-2,6.271969080E-1
3.860745192E1,4.794028029E-2,6.362997741E-2,5.945926309E-1
3.861748292E1,4.251812026E-2,5.520037934E-2,5.676978230E-1
3.862751292E1,4.026801884E-2,4.585082084E-2,5.420861840E-1
3.863754392E1,3.465148807E-2,2.424436808E-2,5.199511051E-1
3.864757492E1,2.884659544E-2,7.139150053E-3,5.056781769E-1
3.865760492E1,3.032926843E-2,-2.015971113E-3,5.024146438E-1
3.866763592E1,3.534134105E-2,-2.397932671E-2,5.114438534E-1
3.867766592E1,3.042279556E-2,-3.036681935E-2,5.269460082E-1
3.868769692E1,7.730531972E-3,-4.488743469E-2,5.468155742E-1
3.869772792E1,-2.954866178E-2,-6.295192242E-2,5.632554889E-1
3.870775792E1,-6.881511211E-2,-8.315440267E-2,5.802224874E-1
3.871778892E1,-9.688643366E-2,-1.023512557E-1,6.055569649E-1
3.872781892E1,-1.251079589E-1,-1.242251247E-1,6.374294162E-1
3.873784992E1,-1.517218351E-1,-1.624782979E-1,6.635209322E-1
3.874787992E1,-1.775305271E-1,-2.051133811E-1,6.770543456E-1
3.875791092E1,-2.096385062E-1,-2.458971292E-1,6.655110121E-1
3.876794192E1,-2.252414376E-1,-2.701758444E-1,6.332255006E-1
3.877797192E1,-2.170388550E-1,-2.640445232E-1,5.849488974E-1
3.878800292E1,-1.974350661E-1,-2.585211396E-1,5.223808289E-1
3.879803292E1,-1.790697128E-1,-2.377744168E-1,4.489402473E-1
3.880806392E1,-1.694706082E-1,-2.030196190E-1,3.647710383E-1
3.881809392E1,-1.613181382E-1,-1.687640250E-1,2.695630789E-1
3.882812492E1,-1.611823142E-1,-1.349746287E-1,1.706242412E-1
3.883815492E1,-1.646348387E-1,-1.044349223E-1,7.356386632E-2
3.884818592E1,-1.549790204E-1,-7.395424694E-2,-1.430021040E-2
3.885821692E1,-1.274504215E-1,-5.482979864E-2,-8.077350259E-2
3.886824692E1,-9.986326844E-2,-3.583986312E-2,-1.365640759E-1
3.887827792E1,-6.087333709E-2,-1.752551459E-2,-1.779259741E-1
3.888830792E1,-2.610896900E-2,-4.528755788E-3,-2.023069412E-1
3.889833892E1,8.326900192E-3,-1.430330984E-2,-2.170600891E-1
3.890836892E1,3.687199205E-2,-4.801919684E-2,-2.284885049E-1
3.891839992E1,4.526980966E-2,-8.177728951E-2,-2.417447120E-1
3.892843092E1,4.493159056E-2,-1.027771160E-1,-2.624071240E-1
3.893846092E1,3.155076131E-2,-1.102432236E-1,-2.907080948E-1
3.894849192E1,2.017107233E-2,-1.030739918E-1,-3.256937563E-1
3.895852192E1,3.382873256E-3,-8.892609924E-2,-3.608018458E-1
3.896855292E1,-6.918766536E-3,-6.741601229E-2,-3.902468085E-1
3.897858292E1,-1.747282594E-2,-4.284266010E-2,-4.140196443E-1
3.898861392E1,-3.339559957E-2,-2.580748685E-2,-4.341994822E-1
3.899864492E1,-4.520312697E-2,-1.196912304E-2,-4.563439488E-1
3.900867492E1,-6.663305312E-2,-1.289164182E-2,-4.761171341E-1
3.901870592E1,-8.580164611E-2,-1.553064026E-2,-4.992447495E-1
3.902873592E1,-1.060946658E-1,-2.558034472E-2,-5.161132216E-1
3.903876692E1,-1.253718734E-1,-3.486187756E-2,-5.313969851E-1
3.904879692E1,-1.302547753E-1,-3.888777643E-2,-5.371152759E-1
3.905882404E1,-1.293489337E-1,-4.565351084E-2,-5.387883186E-1
3.906885504E1,-1.183974892E-1,-4.894278198E-2,-5.319029689E-1
3.907888504E1,-8.759545535E-2,-3.745579347E-2,-5.192580223E-1
3.908891604E1,-5.049069971E-2,-1.036292408E-2,-4.954546392E-1
3.909894604E1,-1.113318466E-2,2.486874908E-2,-4.733457863E-1
3.910897704E1,3.530462086E-2,6.461723149E-2,-4.444861710E-1
3.911900704E1,7.944288850E-2,1.153858006E-1,-4.128293991E-1
3.912903804E1,1.126929820E-1,1.469895244E-1,-3.888976872E-1
3.913906904E1,1.447051913E-1,1.708534956E-1,-3.720349669E-1
3.914909904E1,1.634913981E-1,1.914706230E-1,-3.610747457E-1
3.915913004E1,1.770421118E-1,2.122996300E-1,-3.616374135E-1
3.916916004E1,1.864454597E-1,2.170206159E-1,-3.753348291E-1
3.917919104E1,2.010030448E-1,2.182836682E-1,-3.784016073E-1
3.918922104E1,2.174619138E-1,1.988348663E-1,-3.963468075E-1
3.919925204E1,2.314800024E-1,1.680353880E-1,-4.166289270E-1
3.920928304E1,2.496142685E-1,1.459934711E-1,-4.554783404E-1
3.921931304E1,2.602007389E-1,1.231769770E-1,-5.159620047E-1
3.922934404E1,2.741327882E-1,1.013065726E-1,-5.955846906E-1
3.923937404E1,2.891219854E-1,7.466691732E-2,-6.900286078E-1
3.924940504E1,3.093569577E-1,2.372810803E-2,-7.789297104E-1
3.925943604E1,3.242800236E-1,-3.762187436E-2,-8.495795727E-1
3.926946604E1,3.296316564E-1,-9.499808401E-2,-8.861407638E-1
3.927949704E1,3.405131400E-1,-1.355847120E-1,-8.794801235E-1
3.928952704E1,3.437885642E-1,-1.712976992E-1,-8.386580944E-1
3.929955804E1,3.373508155E-1,-2.064773887E-1,-7.627190351E-1
3.930958804E1,3.144350946E-1,-2.309646159E-1,-6.582949162E-1
3.931961904E1,2.720533609E-1,-2.195733339E-1,-5.366411805E-1
3.932965004E1,2.278933823E-1,-1.809069067E-1,-4.070392847E-1
3.933968004E1,1.932647973E-1,-1.327740252E-1,-2.715164125E-1
3.934971104E1,1.422317177E-1,-7.594349980E-2,-1.457108110E-1
3.935974104E1,7.723058760E-2,-1.034335233E-2,-3.137706220E-2
3.936977204E1,-1.448681951E-2,3.694160283E-2,6.635189801E-2
3.937980204E1,-7.201183587E-2,6.700026244E-2,1.701199263E-1
3.938983304E1,-1.107722819E-1,7.683691382E-2,2.805513740E-1
3.939986404E1,-1.738680005E-1,7.056123763E-2,3.745707870E-1
3.940989404E1,-2.318580598E-1,8.013849705E-2,4.491347671E-1
3.941992504E1,-2.757397890E-1,8.744387329E-2,5.093199015E-1
3.942995504E1,-2.871865928E-1,9.735349566E-2,5.562559962E-1
3.943998604E1,-2.766357362E-1,9.887558222E-2,5.914341807E-1
3.945001704E1,-2.531456053E-1,9.962339699E-2,6.135152578E-1
3.946004704E1,-2.219548076E-1,9.970127046E-2,6.323719025E-1
3.947007804E1,-1.925098300E-1,1.031857505E-1,6.491178274E-1
3.948010804E1,-1.629368365E-1,1.120878085E-1,6.561056376E-1
3.949013904E1,-1.328194141E-1,1.144505665E-1,6.553916335E-1
3.950016904E1,-1.009545922E-1,1.344703734E-1,6.573296189E-1
3.951020004E1,-7.791425288E-2,1.206743941E-1,6.576454639E-1
3.952023104E1,-5.665077269E-2,9.789869189E-2,6.471356153E-1
3.953026104E1,-3.604855761E-2,8.738851547E-2,6.268247366E-1
3.954029204E1,-2.426770702E-2,7.109826058E-2,5.950172544E-1
3.955032204E1,-1.223447919E-2,8.404548466E-2,5.612113476E-1
3.956035304E1,6.804088131E-3,8.760451525E-2,5.381641984E-1
3.957038304E1,3.463758156E-2,1.014015526E-1,5.169315934E-1
3.958041404E1,4.707399011E-2,1.102910638E-1,4.916869402E-1
3.959044504E1,5.167886242E-2,1.183106378E-1,4.638747573E-1
3.960047504E1,4.727127776E-2,1.218318641E-1,4.316306114E-1
3.961050604E1,3.979072347E-2,1.292972416E-1,3.983227313E-1
3.962053604E1,2.381864190E-2,1.376327425E-1,3.690227866E-1
3.963056704E1,1.171031222E-2,1.506848931E-1,3.510363400E-1
3.964059704E1,1.091620885E-3,1.628744900E-1,3.471252024E-1
3.965062804E1,-1.076903380E-2,1.577495039E-1,3.469733894E-1
3.966065904E1,-2.484544739E-2,1.433901936E-1,3.565856814E-1
3.967068904E1,-4.292405024E-2,1.211386770E-1,3.634318709E-1
3.968072004E1,-5.673688650E-2,8.973935992E-2,3.746116459E-1
3.969075004E1,-8.028082550E-2,4.322112724E-2,3.901112378E-1
3.970078104E1,-1.117027849E-1,2.586427517E-2,4.025510550E-1
3.971081104E1,-1.500051767E-1,-2.695393190E-2,4.140673578E-1
3.972084204E1,-1.978529543E-1,-8.366712183E-2,4.206380546E-1
3.973087304E1,-2.408220023E-1,-1.374680400E-1,4.272472262E-1
3.974090304E1,-2.644454539E-1,-1.720694900E-1,4.352388382E-1
3.975093404E1,-2.787103951E-1,-1.878260821E-1,4.391414225E-1
3.976096404E1,-2.749997079E-1,-1.905294210E-1,4.469705522E-1
3.977099504E1,-2.775502205E-1,-1.909699142E-1,4.383525550E-1
3.978102504E1,-2.766788900E-1,-1.857315600E-1,4.306455553E-1
3.979105604E1,-2.692119181E-1,-1.555888355E-1,4.181390703E-1
3.980108704E1,-2.531576455E-1,-1.306964755E-1,3.926746547E-1
3.981111704E1,-2.482867390E-1,-1.051000357E-1,3.484848142E-1
3.982114804E1,-2.509201169E-1,-6.861606985E-2,2.854252160E-1
3.983117804E1,-2.396656126E-1,-3.317445889E-2,2.126908004E-1
3.984120904E1,-2.143896222E-1,9.395601228E-3,1.348356754E-1
3.985123904E1,-1.777738184E-1,4.830198735E-2,5.523858219E-2
3.986127004E1,-1.260015666E-1,5.949192867E-2,-1.796755940E-2
3.987130104E1,-6.887170672E-2,5.258928239E-2,-7.859627903E-2
3.988133104E1,-5.730573088E-3,3.624973446E-2,-1.300607473E-1
3.989136204E1,5.527925491E-2,2.183138020E-2,-1.794107258E-1
3.990139204E1,1.128262654E-1,1.081372518E-2,-2.235935330E-1
3.991142304E1,1.698807776E-1,-3.443867899E-4,-2.568239272E-1
3.992145304E1,2.139824033E-1,-3.221774101E-2,-2.944671214E-1
3.993148404E1,2.458857596E-1,-7.864729315E-2,-3.318341970E-1
3.994151504E1,2.602278888E-1,-1.283100247E-1,-3.657467365E-1
3.995154504E1,2.738792598E-1,-1.613225639E-1,-3.936516047E-1
3.996157604E1,2.949523330E-1,-1.603552103E-1,-3.969143629E-1
3.997160604E1,3.241519928E-1,-1.205766350E-1,-3.819915950E-1
3.998163704E1,3.590040803E-1,-6.604554504E-2,-3.605841994E-1
3.999166704E1,3.852681816E-1,-7.275171112E-3,-3.401881158E-1
4.000169804E1,4.076029658E-1,2.213337086E-2,-3.289384842E-1
4.001172904E1,4.130403399E-1,4.008946940E-2,-3.270878792E-1
4.002175904E1,3.954322338E-1,4.921999574E-2,-3.363803029E-1
4.003179004E1,3.716739118E-1,5.465151370E-2,-3.528618217E-1
4.004182004E1,3.342374861E-1,3.955846280E-2,-3.703301549E-1
4.005185104E1,2.890505791E-1,2.630098164E-2,-3.892375529E-1
4.006188050E1,2.437890321E-1,-2.948178444E-3,-4.050509632E-1
4.007191150E1,1.972934455E-1,-2.766763978E-2,-4.065796137E-1
4.008194250E1,1.609945148E-1,-6.135042757E-2,-4.036187530E-1
4.009197250E1,1.316667199E-1,-8.009215444E-2,-3.978855014E-1
4.010200350E1,1.072949842E-1,-9.610303491E-2,-3.983916044E-1
4.011203350E1,8.933143318E-2,-9.144409746E-2,-3.979119956E-1
4.012206450E1,7.670341432E-2,-6.584127992E-2,-3.970519304E-1
4.013209550E1,7.100930810E-2,-3.131046891E-2,-3.950404525E-1
4.014212550E1,7.805683464E-2,5.798727274E-3,-3.905787766E-1
4.015215650E1,8.552300930E-2,3.855267912E-2,-3.834764063E-1
4.016218650E1,8.668512851E-2,6.647757441E-2,-3.905413151E-1
4.017221750E1,8.584596217E-2,9.520909190E-2,-4.065799415E-1
4.018224750E1,8.356256783E-2,1.267629415E-1,-4.281668663E-1
4.019227850E1,9.568075091E-2,1.601384729E-1,-4.525776803E-1
4.020230950E1,1.130789146E-1,1.874407381E-1,-4.710297585E-1
4.021233950E1,1.286501586E-1,1.998007447E-1,-4.848949909E-1
4.022237050E1,1.401352584E-1,2.014460415E-1,-5.040800571E-1
4.023240050E1,1.563256681E-1,1.979791373E-1,-5.290714502E-1
4.024243150E1,1.754662246E-1,1.692262590E-1,-5.689704418E-1
4.025246150E1,2.076161653E-1,1.215460822E-1,-6.185979247E-1
4.026249250E1,2.435104847E-1,6.160438433E-2,-6.636784077E-1
4.027252350E1,2.948077619E-1,4.736843053E-3,-7.056255937E-1
4.028255350E1,3.335084915E-1,-6.280868500E-2,-7.351829410E-1
4.029258450E1,3.508544564E-1,-1.131429598E-1,-7.493205667E-1
4.030261450E1,3.431245685E-1,-1.696130037E-1,-7.441925406E-1
4.031264550E1,2.997453809E-1,-1.825924516E-1,-7.220129371E-1
4.032267550E1,2.465521246E-1,-1.877791733E-1,-6.845663786E-1
4.033270650E1,1.906680763E-1,-1.768884510E-1,-6.335889101E-1
4.034273750E1,1.300545633E-1,-1.305368245E-1,-5.638932586E-1
4.035276750E1,8.649031073E-2,-9.912935644E-2,-4.765594006E-1
4.036279850E1,4.348040372E-2,-5.245742947E-2,-3.758637607E-1
4.037282850E1,-4.605099093E-3,-1.342453994E-2,-2.688851058E-1
4.038285950E1,-4.845178500E-2,3.463783860E-2,-1.571282744E-1
4.039289050E1,-1.058756560E-1,7.123180479E-2,-6.629770249E-2
4.040292050E1,-1.748201102E-1,1.086318120E-1,7.041296922E-3
4.041295150E1,-2.392856479E-1,1.270033717E-1,7.305414230E-2
4.042298150E1,-2.844579518E-1,1.164541543E-1,1.365974098E-1
4.043301250E1,-3.155455589E-1,9.865757823E-2,1.884004176E-1
4.044304250E1,-3.378684223E-1,8.145780861E-2,2.314578146E-1
4.045307350E1,-3.534191549E-1,6.678778678E-2,2.580945194E-1
4.046310450E1,-3.647077084E-1,5.491986871E-2,2.791913152E-1
4.047313450E1,-3.654496670E-1,3.522792459E-2,2.946957052E-1
4.048316550E1,-3.645218015E-1,1.338780858E-2,3.119634986E-1
4.049319550E1,-3.559527993E-1,-1.018862240E-2,3.333172798E-1
4.050322650E1,-3.405865431E-1,-5.636915192E-2,3.573902845E-1
4.051325650E1,-3.356578052E-1,-1.425754130E-1,3.843089938E-1
4.052328750E1,-2.994329333E-1,-2.190267444E-1,4.214928746E-1
4.053331850E1,-2.625257671E-1,-2.530403733E-1,4.613332152E-1
4.054334850E1,-2.307393998E-1,-2.302909642E-1,5.031298399E-1
4.055337950E1,-2.266562283E-1,-1.790195107E-1,5.633941889E-1
4.056340950E1,-2.377213091E-1,-1.442726105E-1,6.313224435E-1
4.057344050E1,-2.541540861E-1,-1.298265606E-1,6.863374710E-1
4.058347050E1,-2.667718530E-1,-7.313469797E-2,7.153786421E-1
4.059350150E1,-2.922127843E-1,-7.268596906E-3,7.128950357E-1
4.060353250E1,-2.954879999E-1,-2.830642089E-2,6.925300360E-1
4.061356250E1,-2.827711105E-1,-3.340477496E-2,6.650238633E-1
4.062359350E1,-2.722152174E-1,-2.007658407E-2,6.386259198E-1
4.063362350E1,-2.923069000E-1,-2.322523855E-2,6.215100288E-1
4.064365450E1,-3.374921679E-1,-4.006304964E-2,6.022680998E-1
4.065368450E1,-3.748064935E-1,-8.685691655E-2,5.909419060E-1
4.066371550E1,-4.138940573E-1,-1.473093629E-1,5.755409598E-1
4.067374650E1,-4.474347234E-1,-1.984527111E-1,5.624839664E-1
4.068377650E1,-4.750404358E-1,-2.446407676E-1,5.449596643E-1
4.069380750E1,-4.923853278E-1,-2.482075393E-1,5.277396441E-1
4.070383750E1,-5.075355768E-1,-2.237903625E-1,5.109409690E-1
4.071386850E1,-5.207626820E-1,-1.792854816E-1,5.035203695E-1
4.072389950E1,-5.442491174E-1,-1.247026771E-1,5.011837482E-1
4.073392950E1,-5.705475807E-1,-7.597108930E-2,5.093128085E-1
4.074396050E1,-5.913003087E-1,-2.073652297E-2,5.320789814E-1
4.075399050E1,-5.906467438E-1,-8.451072499E-4,5.722490549E-1
4.076402150E1,-5.839335918E-1,7.697487250E-3,6.162312031E-1
4.077405150E1,-5.592817664E-1,4.508618265E-3,6.469363570E-1
4.078408250E1,-5.346841812E-1,5.214423873E-4,6.710961461E-1
4.079411350E1,-5.020117164E-1,2.301423624E-2,6.765487194E-1
4.080414350E1,-4.638296664E-1,2.074887604E-2,6.624292135E-1
4.081417450E1,-4.294405282E-1,3.089126013E-2,6.299714446E-1
4.082420450E1,-3.845919669E-1,4.490797222E-2,5.788268447E-1
4.083423550E1,-3.268759549E-1,5.084176362E-2,5.088421702E-1
4.084426550E1,-2.541140914E-1,2.937606722E-2,4.312973022E-1
4.085429650E1,-1.808720976E-1,1.479188446E-3,3.503523767E-1
4.086432750E1,-9.681878984E-2,-4.058668762E-2,2.767500579E-1
4.087435750E1,-2.673051879E-2,-7.492255419E-2,2.191637307E-1
4.088438850E1,4.296108335E-2,-1.020797491E-1,1.734080613E-1
4.089441850E1,1.004845574E-1,-1.308584064E-1,1.308981478E-1
4.090444950E1,1.520080268E-1,-1.393521726E-1,7.110661268E-2
4.091447950E1,1.986144185E-1,-1.456398964E-1,6.321494002E-3
4.092451050E1,2.480257303E-1,-1.409755200E-1,-6.699337065E-2
4.093454150E1,3.092755079E-1,-1.225376502E-1,-1.299084127E-1
4.094457150E1,3.578754365E-1,-9.645538032E-2,-1.875652969E-1
4.095460250E1,3.920829594E-1,-6.851988286E-2,-2.412642092E-1
4.096463250E1,3.967127204E-1,-5.901458859E-2,-2.918456495E-1
4.097466350E1,3.817848861E-1,-6.095043942E-2,-3.415926993E-1
4.098469350E1,3.465800881E-1,-8.112742007E-2,-3.887361586E-1
4.099472450E1,2.978021801E-1,-1.084735543E-1,-4.381226003E-1
4.100475550E1,2.452770770E-1,-1.336408108E-1,-4.858407676E-1
4.101478550E1,1.865788847E-1,-1.429661363E-1,-5.299112797E-1
4.102481650E1,1.390335560E-1,-1.572676450E-1,-5.627958775E-1
4.103484650E1,9.705574065E-2,-1.709222049E-1,-5.735809207E-1
4.104487750E1,5.577500537E-2,-1.667602509E-1,-5.689399838E-1
4.105490750E1,2.321972512E-2,-1.565939039E-1,-5.508816242E-1
4.106494317E1,3.979735542E-3,-1.505656540E-1,-5.191437006E-1
4.107497417E1,2.450015862E-3,-1.447839290E-1,-4.838930070E-1
4.108500417E1,-5.880046636E-3,-1.467328221E-1,-4.567665756E-1
4.109503517E1,-1.945923828E-2,-1.353289038E-1,-4.531867504E-1
4.110506517E1,-4.323421046E-2,-1.262866259E-1,-4.703175724E-1
4.111509617E1,-6.454509497E-2,-1.232168004E-1,-5.106873512E-1
4.112512617E1,-9.611972421E-2,-1.123827547E-1,-5.522528887E-1
4.113515717E1,-1.207973734E-1,-9.859796613E-2,-5.815197229E-1
4.114518817E1,-1.434670240E-1,-1.162198707E-1,-5.878189802E-1
4.115521817E1,-1.475520432E-1,-1.375680268E-1,-5.473533273E-1
4.116524917E1,-1.384789497E-1,-1.308652908E-1,-4.783310592E-1
4.117527917E1,-1.298532188E-1,-1.199631020E-1,-4.013047218E-1
4.118531017E1,-1.128890663E-1,-9.552732110E-2,-3.335125446E-1
4.119534017E1,-8.051275462E-2,-5.018833652E-2,-2.813566923E-1
4.120537117E1,-5.306876823E-2,1.560622081E-2,-2.491092235E-1
4.121540217E1,-1.205368992E-2,7.979559153E-2,-2.308996022E-1
4.122543217E1,3.685564548E-2,1.305371225E-1,-2.287186980E-1
4.123546317E1,9.235299379E-2,1.665100306E-1,-2.432387918E-1
4.124549317E1,1.565223634E-1,1.962052435E-1,-2.768329084E-1
4.125552417E1,2.147252113E-1,2.138587981E-1,-3.305453956E-1
4.126555517E1,2.648287714E-1,2.253701985E-1,-4.022812247E-1
4.127558517E1,3.148205578E-1,2.291654646E-1,-4.843699634E-1
4.128561617E1,3.705825508E-1,2.243364304E-1,-5.691107512E-1
4.129564617E1,4.374225736E-1,2.089859694E-1,-6.382440329E-1
4.130567717E1,5.064736605E-1,1.809988171E-1,-6.920478940E-1
4.131570717E1,5.835159421E-1,1.340888441E-1,-7.237573266E-1
4.132573817E1,6.519424319E-1,8.652986586E-2,-7.371570468E-1
4.133576917E1,7.049002051E-1,4.631666839E-2,-7.399379015E-1
4.134579917E1,7.469533682E-1,3.637266904E-2,-7.381008863E-1
4.135583017E1,7.821118832E-1,3.628664836E-2,-7.227213979E-1
4.136586017E1,7.966039777E-1,4.315245152E-2,-6.964090466E-1
4.137589117E1,7.930129766E-1,4.114150256E-2,-6.569250226E-1
4.138592117E1,7.751125693E-1,4.237277806E-2,-5.958958268E-1
4.139595217E1,7.446995378E-1,2.681485936E-2,-5.102294087E-1
4.140598317E1,7.073875666E-1,2.454477176E-2,-4.080587924E-1
4.141601317E1,6.705321074E-1,5.932405964E-2,-2.764978409E-1
4.142604417E1,6.155296564E-1,8.300112933E-2,-1.415791363E-1
4.143607417E1,5.429025888E-1,1.198960319E-1,-6.090280134E-3
4.144610517E1,4.506354630E-1,1.590386927E-1,1.091917530E-1
4.145613617E1,3.592672050E-1,1.988159269E-1,2.036143988E-1
4.146616617E1,2.685417831E-1,2.234842628E-1,2.708528638E-1
4.147619717E1,1.907836050E-1,2.270552963E-1,3.172845542E-1
4.148622717E1,1.061594114E-1,2.175731361E-1,3.443975747E-1
4.149625817E1,2.551995963E-2,1.956111193E-1,3.596351147E-1
4.150628817E1,-3.905091807E-2,1.542614102E-1,3.588443100E-1
4.151631917E1,-9.088002890E-2,1.164732948E-1,3.456323743E-1
4.152635017E1,-1.174107566E-1,7.717461139E-2,3.217800856E-1
4.153638017E1,-1.247464269E-1,5.162477866E-2,3.006452322E-1
4.154641117E1,-1.325979680E-1,4.943672568E-2,2.731414437E-1
4.155644117E1,-1.332230121E-1,5.998283997E-2,2.452472299E-1
4.156647217E1,-1.372611076E-1,4.389513656E-2,2.159274518E-1
4.157650217E1,-1.524877250E-1,-1.805718243E-2,1.820096970E-1
4.158653317E1,-1.631827205E-1,-8.103951812E-2,1.487856209E-1
4.159656417E1,-1.477544904E-1,-1.013754159E-1,1.275799274E-1
4.160659417E1,-1.346411854E-1,-8.648234606E-2,1.251512468E-1
4.161662517E1,-1.306443065E-1,-4.331249744E-2,1.467175186E-1
4.162665517E1,-1.409597546E-1,1.043410413E-2,1.798808128E-1
4.163668617E1,-1.597278416E-1,4.878575355E-2,2.206194550E-1
4.164671717E1,-1.876935661E-1,7.250985503E-2,2.560966015E-1
4.165674717E1,-2.059367448E-1,9.212510288E-2,2.839431465E-1
4.166677817E1,-2.236757129E-1,9.281285107E-2,2.969837189E-1
4.167680817E1,-2.375686318E-1,8.583270013E-2,3.080166578E-1
4.168683917E1,-2.433873713E-1,9.797085822E-2,3.126313984E-1
4.169686917E1,-2.421282232E-1,1.158816814E-1,3.182266951E-1
4.170690017E1,-2.356926948E-1,1.336787790E-1,3.379577994E-1
4.171693117E1,-2.270962745E-1,1.424096972E-1,3.693695068E-1
4.172696117E1,-2.119520307E-1,1.269440651E-1,4.114592969E-1
4.173699217E1,-2.017390728E-1,1.077815592E-1,4.535627961E-1
4.174702217E1,-1.927659661E-1,6.274391711E-2,4.917148650E-1
4.175705317E1,-1.913249195E-1,1.104503497E-2,5.098984241E-1
4.176708317E1,-1.932102740E-1,-9.587126784E-3,5.145673156E-1
4.177711417E1,-2.071833462E-1,-6.558579858E-3,4.938529730E-1
4.178714517E1,-2.292800248E-1,-8.275932632E-3,4.671860635E-1
4.179717517E1,-2.585945129E-1,-1.796824113E-2,4.277222753E-1
4.180720617E1,-2.912020981E-1,-2.744337358E-2,3.948408961E-1
4.181723617E1,-3.204063475E-1,-3.520435840E-2,3.572631776E-1
4.182726717E1,-3.650515079E-1,-3.901851922E-2,3.263734281E-1
4.183729717E1,-4.325288236E-1,-6.315368414E-2,2.942548990E-1
4.184732817E1,-5.103181005E-1,-7.642427087E-2,2.674140334E-1
4.185735917E1,-5.951046348E-1,-7.170781493E-2,2.465742975E-1
4.186738917E1,-6.920562387E-1,-8.622118831E-2,2.362991422E-1
4.187742017E1,-7.888216972E-1,-1.156666949E-1,2.340421081E-1
4.188745017E1,-8.738787770E-1,-1.398180872E-1,2.361673117E-1
4.189748117E1,-9.403930902E-1,-1.629100889E-1,2.425876558E-1
4.190751117E1,-9.845230579E-1,-1.920771748E-1,2.527668476E-1
4.191754217E1,-1.012206078E0,-2.159239054E-1,2.502403259E-1
4.192757317E1,-1.025360346E0,-2.680485845E-1,2.281536758E-1
4.193760317E1,-1.018121600E0,-3.204542696E-1,1.781259179E-1
4.194763417E1,-9.919718504E-1,-3.341727555E-1,1.050773263E-1
4.195766417E1,-9.379027486E-1,-3.199706376E-1,1.413490623E-2
4.196769517E1,-8.692790866E-1,-2.879944444E-1,-7.908121496E-2
4.197772617E1,-7.812336087E-1,-2.510542870E-1,-1.752572805E-1
4.198775617E1,-6.838155389E-1,-2.088830471E-1,-2.610611618E-1
4.199778717E1,-5.890256763E-1,-1.760518700E-1,-3.529106677E-1
4.200781717E1,-5.049417615E-1,-1.473218948E-1,-4.410469830E-1
4.201784817E1,-4.299687147E-1,-1.372514069E-1,-5.119948983E-1
4.202787817E1,-3.650698364E-1,-1.345678419E-1,-5.426797867E-1
4.203790917E1,-3.042901158E-1,-1.191044599E-1,-5.349223018E-1
4.204794017E1,-2.401619256E-1,-1.124257594E-1,-4.954886436E-1
4.205796979E1,-1.811524034E-1,-1.288894266E-1,-4.295903146E-1
4.206800079E1,-1.343599111E-1,-1.445121467E-1,-3.486585319E-1
4.207803079E1,-1.029940099E-1,-1.550446749E-1,-2.641231418E-1
4.208806179E1,-7.854261994E-2,-1.529614627E-1,-1.818361580E-1
4.209809179E1,-7.158139348E-2,-1.369502544E-1,-1.119313836E-1
4.210812279E1,-7.117255777E-2,-1.114937887E-1,-6.718634069E-2
4.211815379E1,-7.412147522E-2,-9.176003188E-2,-4.012143612E-2
4.212818379E1,-7.523595542E-2,-8.742733300E-2,-2.662644722E-2
4.213821479E1,-5.999654531E-2,-9.809515625E-2,-1.981967501E-2
4.214824479E1,-3.860328346E-2,-1.033977419E-1,-1.898827776E-2
4.215827579E1,-1.069415547E-2,-9.819445759E-2,-1.460258383E-2
4.216830579E1,2.181416191E-2,-8.290954679E-2,-9.367566556E-3
4.217833679E1,4.838531837E-2,-7.604072243E-2,-1.300464477E-2
4.218836779E1,7.026588917E-2,-7.482426614E-2,-1.151106879E-2
4.219839779E1,8.403816074E-2,-6.554234773E-2,-1.430951804E-2
4.220842879E1,9.771415591E-2,-6.608957797E-2,-9.652482346E-3
4.221845879E1,1.228842214E-1,-8.395938575E-2,4.493696615E-3
4.222848979E1,1.413283199E-1,-8.192000538E-2,2.369724587E-2
4.223851979E1,1.687186658E-1,-6.197399274E-2,4.326855019E-2
4.224855079E1,1.848039627E-1,-3.854950890E-2,6.568825990E-2
4.225858179E1,1.974095106E-1,-8.846474811E-3,8.741885424E-2
4.226861179E1,2.094239444E-1,1.021746360E-2,1.164037287E-1
4.227864279E1,2.078990191E-1,1.232748665E-2,1.499510258E-1
4.228867279E1,2.062913477E-1,4.749724176E-3,1.931079924E-1
4.229870379E1,1.977945268E-1,-1.505354047E-2,2.299656123E-1
4.230873479E1,1.797517389E-1,-4.361570999E-2,2.634935677E-1
4.231876479E1,1.386999041E-1,-8.054284006E-2,2.856419981E-1
4.232879579E1,1.067379788E-1,-1.403178424E-1,2.971538603E-1
4.233882579E1,8.847481757E-2,-1.960820407E-1,3.028591275E-1
4.234885679E1,8.066598326E-2,-2.335676849E-1,3.022818565E-1
4.235888679E1,8.119647950E-2,-2.644081712E-1,2.956750691E-1
4.236891779E1,9.091968089E-2,-2.917931080E-1,2.887971401E-1
4.237894879E1,1.094430313E-1,-3.209706545E-1,2.775652409E-1
4.238897879E1,1.092286780E-1,-3.332244754E-1,2.365132868E-1
4.239900979E1,1.087325290E-1,-3.302031159E-1,1.743425876E-1
4.240903979E1,1.273303628E-1,-3.195723593E-1,9.400619566E-2
4.241907079E1,1.724677533E-1,-3.247982860E-1,1.241812669E-2
4.242910079E1,2.262928635E-1,-3.318177760E-1,-5.908308551E-2
4.243913179E1,2.767427266E-1,-3.366844356E-1,-1.113673300E-1
4.244916279E1,3.061310351E-1,-3.384165168E-1,-1.411374658E-1
4.245919279E1,3.143996000E-1,-3.417257667E-1,-1.634289175E-1
4.246922379E1,3.194679022E-1,-3.615875244E-1,-1.540682465E-1
4.247925379E1,3.212583363E-1,-4.045115411E-1,-1.388211250E-1
4.248928479E1,3.017690182E-1,-4.159924686E-1,-1.109580621E-1
4.249931479E1,2.565874159E-1,-3.854084611E-1,-8.348409832E-2
4.250934579E1,2.066499740E-1,-3.246707916E-1,-6.201715395E-2
4.251937679E1,1.794492453E-1,-2.608489394E-1,-4.632474110E-2
4.252940679E1,1.601454467E-1,-2.075259387E-1,-4.517495260E-2
4.253943779E1,1.516326517E-1,-1.773683131E-1,-5.245336890E-2
4.254946779E1,1.354238540E-1,-1.478701532E-1,-7.165250182E-2
4.255949879E1,1.296277493E-1,-1.404292732E-1,-9.651444107E-2
4.256952979E1,1.318247318E-1,-1.519110054E-1,-1.186615229E-1
4.257955979E1,1.402445883E-1,-1.931631118E-1,-1.371119171E-1
4.258959079E1,1.473996043E-1,-2.457159907E-1,-1.500018984E-1
4.259962079E1,1.511610448E-1,-2.984697819E-1,-1.667321473E-1
4.260965179E1,1.501409560E-1,-3.336790800E-1,-1.787675321E-1
4.261968179E1,1.483356059E-1,-3.338993192E-1,-1.862052083E-1
4.262971279E1,1.457549781E-1,-3.128198087E-1,-1.869912893E-1
4.263974379E1,1.504083276E-1,-2.678949535E-1,-1.778710335E-1
4.264977379E1,1.461223066E-1,-2.250402272E-1,-1.654885709E-1
4.265980479E1,1.443568915E-1,-1.811132431E-1,-1.452528089E-1
4.266983479E1,1.361139268E-1,-1.570921391E-1,-1.190128773E-1
4.267986579E1,1.272008568E-1,-1.329577714E-1,-8.552469313E-2
4.268989579E1,1.166104451E-1,-1.232154220E-1,-4.859326407E-2
4.269992679E1,1.331201792E-1,-1.361999214E-1,-6.619982887E-3
4.270995779E1,1.647942662E-1,-1.847223639E-1,4.189470410E-2
4.271998779E1,2.101321816E-1,-2.362049967E-1,9.767727554E-2
4.273001879E1,2.518743873E-1,-2.938596308E-1,1.510206014E-1
4.274004879E1,2.792862952E-1,-3.510802984E-1,2.029405236E-1
4.275007979E1,2.922991812E-1,-3.928588629E-1,2.302202582E-1
4.276011079E1,3.154644370E-1,-4.125470817E-1,2.370169014E-1
4.277014079E1,3.422037661E-1,-4.338137507E-1,2.179576904E-1
4.278017179E1,3.289353549E-1,-4.392460585E-1,1.792952567E-1
4.279020179E1,2.582360208E-1,-4.361647069E-1,1.327783167E-1
4.280023279E1,1.352714747E-1,-4.269033074E-1,8.174336702E-2
4.281026379E1,-1.567244530E-2,-3.802745640E-1,3.670446947E-2
4.282029379E1,-1.533666700E-1,-3.473743796E-1,-1.070565730E-2
4.283032479E1,-2.375877649E-1,-3.711715639E-1,-3.611167520E-2
4.284035479E1,-2.355786711E-1,-4.744550884E-1,-5.636954308E-2
4.285038579E1,-1.980526298E-1,-4.586720467E-1,-1.576179639E-2
4.286041579E1,-1.649300903E-1,-4.417988062E-1,3.283370286E-2
4.287044679E1,-1.481893957E-1,-4.163914919E-1,8.603927493E-2
4.288047779E1,-1.352173984E-1,-3.795607686E-1,1.387424320E-1
4.289050779E1,-1.172949001E-1,-3.521489501E-1,1.696940213E-1
4.290053879E1,-1.053703353E-1,-3.316048086E-1,1.829200834E-1
4.291056879E1,-9.373057634E-2,-3.312891126E-1,1.821947396E-1
4.292059979E1,-9.002798796E-2,-3.313010931E-1,1.765496284E-1
4.293063079E1,-1.012668908E-1,-3.380952775E-1,1.700296551E-1
4.294066079E1,-1.116998196E-1,-3.607183099E-1,1.686320305E-1
4.295069179E1,-9.905643016E-2,-3.734387755E-1,1.667997092E-1
4.296072179E1,-8.625567704E-2,-4.180730879E-1,1.566988677E-1
4.297075279E1,-9.323244542E-2,-4.599577188E-1,1.405888647E-1
4.298078279E1,-1.079674438E-1,-5.466595888E-1,1.182353571E-1
4.299081379E1,-1.518308967E-1,-6.061598063E-1,1.044006124E-1
4.300084479E1,-2.188669294E-1,-6.458262801E-1,1.038504019E-1
4.301087479E1,-2.928714454E-1,-6.492205262E-1,1.058196574E-1
4.302090579E1,-3.496676087E-1,-6.119248271E-1,1.083291546E-1
4.303093579E1,-4.063005149E-1,-5.787131190E-1,1.074396595E-1
4.304096679E1,-4.389721751E-1,-5.203970671E-1,1.017234549E-1
4.305099779E1,-4.804279506E-1,-4.902490079E-1,8.076389879E-2
4.306102750E1,-5.225580931E-1,-4.596708417E-1,5.417516828E-2
4.307105850E1,-5.560337901E-1,-4.816483259E-1,2.314928547E-2
4.308108850E1,-5.892441869E-1,-5.196090341E-1,-8.396921679E-3
4.309111950E1,-6.121371984E-1,-6.030117273E-1,-3.148204088E-2
4.310114950E1,-6.331024170E-1,-7.232827544E-1,-2.183713764E-2
4.311118050E1,-6.580978036E-1,-8.055297732E-1,1.540968567E-2
4.312121150E1,-7.040607929E-1,-8.115032911E-1,8.102998137E-2
4.313124150E1,-7.470965385E-1,-7.731729150E-1,1.571238935E-1
4.314127250E1,-7.767076492E-1,-7.237358093E-1,2.170058787E-1
4.315130250E1,-8.023118377E-1,-6.492268443E-1,2.756270468E-1
4.316133350E1,-8.292121291E-1,-5.684452057E-1,3.254182935E-1
4.317136450E1,-8.402125835E-1,-5.086411834E-1,3.859976530E-1
4.318139450E1,-8.281303048E-1,-5.059553981E-1,4.567184150E-1
4.319142550E1,-7.372686267E-1,-5.335143209E-1,5.505008101E-1
4.320145550E1,-6.128694415E-1,-5.542978644E-1,6.313743591E-1
4.321148650E1,-4.892668128E-1,-5.768821239E-1,6.458130479E-1
4.322151750E1,-3.348423541E-1,-5.985831618E-1,5.913032293E-1
4.323154750E1,-1.115388423E-1,-5.954770446E-1,4.785657525E-1
4.324157850E1,1.230622083E-1,-5.507622957E-1,2.818473577E-1
4.325160850E1,3.631374240E-1,-4.675300717E-1,3.948646039E-2
4.326163950E1,6.200099587E-1,-3.038170338E-1,-1.555916816E-1
4.327166950E1,8.252546191E-1,-1.676721275E-1,-2.828701735E-1
4.328170050E1,9.497081041E-1,-2.317158282E-1,-3.498619795E-1
4.329173150E1,1.000806093E0,-2.967785299E-1,-3.794365823E-1
4.330176150E1,1.047681212E0,-2.727674842E-1,-4.025323093E-1
4.331179250E1,1.103386641E0,-3.141533434E-1,-4.561624527E-1
4.332182250E1,1.135579467E0,-4.778948724E-1,-5.148569345E-1
4.333185350E1,1.187088847E0,-5.984109640E-1,-5.477804542E-1
4.334188450E1,1.259673119E0,-5.530996323E-1,-5.772008896E-1
4.335191450E1,1.344391346E0,-4.077644348E-1,-6.007599235E-1
4.336194550E1,1.397258759E0,-3.165950775E-1,-6.340683699E-1
4.337197550E1,1.453628898E0,-2.530660033E-1,-6.578555703E-1
4.338200650E1,1.527388573E0,-2.272152305E-1,-6.969896555E-1
4.339203650E1,1.573784947E0,-1.948567033E-1,-7.124510407E-1
4.340206750E1,1.594307542E0,-2.252050340E-1,-7.006380558E-1
4.341209850E1,1.640765667E0,-4.091380835E-1,-6.553393006E-1
4.342212850E1,1.613946199E0,-5.888868570E-1,-6.411105394E-1
4.343215950E1,1.516175985E0,-7.413138747E-1,-6.675111651E-1
4.344218950E1,1.328808546E0,-7.044525146E-1,-7.739609480E-1
4.345222050E1,1.091840148E0,-6.327902079E-1,-9.054533839E-1
4.346225050E1,8.199064136E-1,-5.249894261E-1,-1.059063435E0
4.347228150E1,4.944883883E-1,-5.697931051E-1,-1.147244096E0
4.348231250E1,2.029103488E-1,-6.119166017E-1,-1.151612282E0
4.349234250E1,-1.990035735E-2,-5.496689081E-1,-1.066831589E0
4.350237350E1,-1.528728008E-1,-3.466372788E-1,-9.087600112E-1
4.351240350E1,-2.667295337E-1,-7.507614046E-2,-7.524502277E-1
4.352243450E1,-4.291716814E-1,1.864651889E-1,-6.377289891E-1
4.353246550E1,-6.325834394E-1,5.363950729E-1,-5.855399370E-1
4.354249550E1,-8.079653978E-1,7.388237715E-1,-6.108175516E-1
4.355252650E1,-8.579040766E-1,6.626348495E-1,-6.094665527E-1
4.356255650E1,-8.350784183E-1,3.719223142E-1,-5.051012635E-1
4.357258750E1,-7.313655615E-1,5.148778856E-2,-2.314885855E-1
4.358261750E1,-4.945671260E-1,-2.020171732E-1,2.477155477E-1
4.359264850E1,-1.955585927E-1,-2.749989629E-1,8.408851624E-1
4.360267950E1,9.636326879E-2,-7.367705554E-2,1.412529230E0
4.361270950E1,3.429486454E-1,1.288544238E-1,1.874534488E0
4.362274050E1,4.333325922E-1,2.539806366E-1,2.130361080E0
4.363277050E1,2.975332141E-1,2.414719462E-1,2.077925444E0
4.364280150E1,-5.839025974E-2,1.282958537E-1,1.764210939E0
4.365283150E1,-5.113361478E-1,8.916907758E-2,1.254333258E0
4.366286250E1,-1.178600192E0,-3.411690518E-2,5.654951334E-1
4.367289350E1,-2.112195969E0,-7.509793043E-1,-2.969975770E-1
4.368292350E1,-2.980525732E0,-1.403081059E0,-1.297949076E0
4.369295450E1,-2.766506195E0,1.675491184E-1,-2.339144468E0
4.370298450E1,-1.715077996E0,3.418082595E-1,-2.407455206E0
4.371301550E1,-3.557433784E-1,-4.605402350E-1,-1.671362400E0
4.372304650E1,-2.943063974E-1,-7.906574607E-1,-9.098243117E-1
4.373307650E1,-5.074509978E-1,-7.160356641E-1,-1.196398884E-1
4.374310750E1,-6.944555044E-1,-9.288895726E-1,4.647399485E-1
4.375313750E1,-1.068380952E0,-9.758132696E-1,7.227095366E-1
4.376316850E1,-1.226202607E0,-1.132925391E0,7.822673917E-1
4.377319850E1,-1.204394937E0,-1.037311077E0,7.825737000E-1
4.378322950E1,-1.280587077E0,-5.930820107E-1,7.482607365E-1
4.379326050E1,-1.246133089E0,-7.605136931E-2,7.992538810E-1
4.380329050E1,-9.807946086E-1,6.464402676E-1,1.028858662E0
4.381332150E1,-5.279995799E-1,1.299258113E0,1.406204939E0
4.382335150E1,-4.772168398E-2,1.588305950E0,1.856375813E0
4.383338250E1,3.165837526E-1,1.304775834E0,2.161636591E0
4.384341350E1,5.154683590E-1,7.644872069E-1,2.337208986E0
4.385344350E1,6.452580094E-1,1.950932145E-1,2.377066851E0
4.386347450E1,8.721084595E-1,-3.530618176E-2,2.216941357E0
4.387350450E1,1.166425109E0,-3.949013725E-2,1.844675660E0
4.388353550E1,1.490491390E0,1.858015656E-1,1.376879096E0
4.389356650E1,1.559591174E0,5.926574469E-1,8.384718299E-1
4.390359650E1,1.335831642E0,9.026677608E-1,2.790932655E-1
4.391362750E1,1.035245299E0,9.567598104E-1,-1.671620309E-1
4.392365750E1,6.951921582E-1,8.676693439E-1,-5.081592798E-1
4.393368850E1,2.898784280E-1,7.336444855E-1,-8.022128344E-1
4.394371950E1,-6.665813178E-2,5.379573107E-1,-1.081696987E0
4.395374950E1,-2.181169540E-1,1.212004498E-1,-1.307372451E0
4.396378050E1,-2.891900539E-1,-1.509450525E-1,-1.541313648E0
4.397381050E1,-2.259576619E-1,-2.029044926E-1,-1.650223255E0
4.398384150E1,-1.700019836E-1,2.775773965E-2,-1.697506070E0
4.399387150E1,6.692109257E-2,2.478350699E-1,-1.621618629E0
4.400390250E1,5.285182595E-1,2.894589305E-1,-1.397401214E0
4.401393350E1,1.045682192E0,3.393169940E-1,-1.129840851E0
4.402396350E1,1.520079494E0,3.568461835E-1,-6.986082196E-1
4.403399450E1,2.326367617E0,-4.225720763E-1,1.836288869E-1
4.404402450E1,3.306984186E0,-4.900206029E-1,1.265850782E0
4.405405550E1,3.227605104E0,2.426461697E0,1.604744673E0
4.406408642E1,2.623549223E0,2.427603960E0,1.653959394E0
4.407411642E1,1.919067979E0,9.349673390E-1,1.489900827E0
4.408414742E1,1.795381427E0,-1.048878878E-1,1.258288980E0
4.409417742E1,2.117229462E0,3.080049753E-1,7.693409920E-1
4.410420842E1,2.440096140E0,8.317147493E-1,4.016769826E-1
4.411423942E1,2.897370577E0,4.302282929E-1,7.058190554E-2
4.412426942E1,2.576141357E0,1.639920920E-1,-5.336422324E-1
4.413430042E1,1.538838387E0,5.738697201E-2,-9.191488028E-1
4.414433042E1,6.218436956E-1,-4.112276435E-1,-1.094523072E0
4.415436142E1,7.173147798E-2,-3.810590804E-1,-1.183623910E0
4.416439142E1,-2.685334086E-1,-6.533682346E-2,-1.141961098E0
4.417442242E1,-5.342937708E-1,-2.869191766E-2,-1.202085257E0
4.418445342E1,-5.455772877E-1,1.991271377E-1,-1.357483625E0
4.419448342E1,-4.324206412E-1,4.807557166E-1,-1.635322809E0
4.420451442E1,-3.704675436E-1,5.721405149E-1,-1.857296228E0
4.421454442E1,-4.312071204E-1,5.716331601E-1,-2.134974003E0
4.422457542E1,-5.720438957E-1,6.397533417E-1,-2.194424629E0
4.423460542E1,-6.777070165E-1,7.831606269E-1,-2.081921816E0
4.424463642E1,-8.713092208E-1,7.048426270E-1,-1.766673565E0
4.425466742E1,-9.975497723E-1,4.872756600E-1,-1.227212787E0
4.426469742E1,-9.863069654E-1,1.464555115E-1,-4.339734912E-1
4.427472842E1,-9.314007163E-1,-6.283143163E-2,5.599811673E-1
4.428475842E1,-8.679213524E-1,-2.935080528E-1,1.560044527E0
4.429478942E1,-8.333767653E-1,-5.559068322E-1,2.374817371E0
4.430482042E1,-6.843273640E-1,-6.421008110E-1,2.992109537E0
4.431485042E1,-4.528684318E-1,-7.173432708E-1,3.302993774E0
4.432488142E1,-3.612780869E-1,-7.524130940E-1,3.279294014E0
4.433491142E1,-4.190253317E-1,-6.071392894E-1,2.906169176E0
4.434494242E1,-5.610301495E-1,-3.112586737E-1,2.250435829E0
4.435497242E1,-7.371267080E-1,1.046594083E-1,1.423799634E0
4.436500342E1,-9.877997041E-1,3.742360175E-1,6.174964905E-1
4.437503442E1,-1.468204737E0,5.828654766E-1,-2.203172296E-1
4.438506442E1,-2.388452768E0,1.034517288E-1,-1.042901635E0
4.439509542E1,-3.449032545E0,-9.727745652E-1,-1.915105224E0
4.440512542E1,-3.413496494E0,1.035976261E-1,-2.918548822E0
4.441515642E1,-2.679622650E0,1.989000797E0,-3.396749020E0
4.442518642E1,-1.427726507E0,1.787038803E0,-3.203511000E0
4.443521742E1,-8.008546233E-1,6.033769250E-1,-2.738292694E0
4.444524842E1,-8.753400445E-1,-5.578675866E-1,-1.934242010E0
4.445527842E1,-9.159786701E-1,-6.851570010E-1,-1.174536586E0
4.446530942E1,-1.158846378E0,-6.218129024E-2,-6.419339180E-1
4.447533942E1,-1.642831445E0,3.692200482E-1,-5.277403072E-2
4.448537042E1,-1.946331620E0,3.092747927E-2,7.177096605E-1
4.449540142E1,-1.596944928E0,-8.519395590E-1,1.322367787E0
4.450543142E1,-9.299381375E-1,-9.673332572E-1,1.673480511E0
4.451546242E1,-2.287782878E-1,-9.188435674E-1,1.796429038E0
4.452549242E1,3.838489056E-1,-3.457962573E-1,1.826446772E0
4.453552342E1,8.983914852E-1,2.968882397E-2,1.780318260E0
4.454555442E1,1.318017840E0,-1.965874434E-1,1.768518090E0
4.455558442E1,1.605986953E0,-7.924250960E-1,1.828253388E0
4.456561542E1,1.641111970E0,-8.349329233E-1,1.758446097E0
4.457564542E1,1.659952998E0,-3.857949376E-1,1.525214076E0
4.458567642E1,1.691164255E0,7.488904893E-2,1.179501653E0
4.459570742E1,1.582494497E0,3.544394970E-1,7.084458470E-1
4.460573742E1,1.162129164E0,4.697250724E-1,2.502239048E-1
4.461576842E1,6.974996924E-1,2.816802263E-1,-1.552007347E-1
4.462579842E1,3.519150913E-1,-1.594393849E-1,-4.373908937E-1
4.463582942E1,1.597214639E-1,-6.831516623E-1,-6.184263825E-1
4.464586042E1,3.384636343E-2,-1.053777099E0,-9.215233922E-1
4.465589042E1,-2.688127756E-1,-9.975352883E-1,-1.265016556E0
4.466592142E1,-6.142032146E-1,-5.670970678E-1,-1.532333493E0
4.467595142E1,-8.742496371E-1,-3.403354809E-2,-1.634751439E0
4.468598242E1,-8.639450669E-1,3.768221438E-1,-1.594364166E0
4.469601242E1,-5.968119502E-1,7.049789429E-1,-1.372386932E0
4.470604342E1,-8.398030698E-2,9.704476595E-1,-1.105226636E0
4.471607442E1,4.960758984E-1,1.160731196E0,-8.051540256E-1
4.472610442E1,8.102133870E-1,1.382218599E0,-4.423718452E-1
4.473613542E1,1.137781978E0,1.314113855E0,6.927330047E-2
4.474616542E1,2.442523479E0,-5.256881118E-1,1.442613602E0
4.475619642E1,3.269847631E0,4.040913284E-1,2.331425905E0
4.476622742E1,2.785177946E0,2.386319160E0,2.328472137E0
4.477625742E1,1.981258273E0,1.480326772E0,1.972855568E0
4.478628842E1,1.379016399E0,7.590642571E-1,1.057267189E0
4.479631842E1,8.398447037E-1,3.102114499E-1,1.843986809E-1
4.480634942E1,9.521888494E-1,7.897288203E-1,-2.318241000E-1
4.481638042E1,1.524505734E0,7.411636710E-1,-3.800399899E-1
4.482641042E1,1.608143568E0,3.963588774E-1,-4.005084932E-1
4.483644142E1,1.012575626E0,-3.609275073E-2,-5.769159198E-1
4.484647142E1,-3.526339531E-1,-6.280192137E-1,-9.226011634E-1
4.485650242E1,-1.269422054E0,-1.086499453E0,-1.289497018E0
4.486653342E1,-1.675183058E0,-9.869417548E-1,-1.467897654E0
4.487656342E1,-1.815955043E0,-5.175176263E-1,-1.606911302E0
4.488659442E1,-1.660780072E0,2.539622784E-1,-1.684961438E0
4.489662442E1,-1.270003080E0,6.635546684E-1,-1.686349988E0
4.490665542E1,-1.045667291E0,5.443965793E-1,-1.725610614E0
4.491668542E1,-9.865311384E-1,2.820416093E-1,-1.538732767E0
4.492671642E1,-1.038792014E0,1.496047378E-1,-1.196843863E0
4.493674742E1,-1.115064502E0,-1.846737862E-1,-7.358328104E-1
4.494677742E1,-1.154208183E0,-6.742975116E-1,-2.005126774E-1
4.495680842E1,-1.119089246E0,-9.366001487E-1,3.964313567E-1
4.496683842E1,-1.121647000E0,-1.093021154E0,1.031969666E0
4.497686942E1,-1.026105881E0,-1.166038394E0,1.652705193E0
4.498689942E1,-6.373661160E-1,-9.477921128E-1,2.198320627E0
4.499693042E1,-9.217602760E-2,-5.372958183E-1,2.492868185E0
4.500696142E1,4.517232180E-1,6.417509913E-2,2.413297415E0
4.501699142E1,8.262924552E-1,6.027117968E-1,2.069975853E0
4.502702242E1,8.673219085E-1,7.672970295E-1,1.484390020E0
4.503705242E1,4.698993564E-1,9.541643262E-1,8.282034993E-1
4.504708342E1,-1.494794637E-1,8.683873415E-1,1.072761863E-1
4.505711342E1,-8.406175971E-1,6.712045670E-1,-5.865904689E-1
4.506714063E1,-2.122940540E0,-2.246761769E-1,-1.346358776E0
4.507717163E1,-4.144052029E0,-2.094407797E0,-2.454035521E0
4.508720162E1,-4.479774952E0,1.356081367E0,-4.259501934E0
4.509723263E1,-3.272430420E0,3.666821480E0,-4.483895779E0
4.510726263E1,-8.380252719E-1,1.292152047E0,-3.636659145E0
4.511729363E1,-3.550415933E-1,-7.524216175E-1,-2.333213806E0
4.512732462E1,4.623072967E-2,-3.793332577E-1,-7.761437893E-1
4.513735463E1,7.473893762E-1,2.818439901E-1,1.079912558E-1
4.514738563E1,6.432317942E-2,5.706180334E-1,6.236463189E-1
4.515741562E1,-9.127750397E-1,8.831955194E-1,8.920710683E-1
4.516744663E1,-1.109967709E0,-1.527579278E-1,1.148993373E0
4.517747763E1,-5.452863574E-1,-9.581463337E-1,1.255291939E0
4.518750762E1,2.099174261E-1,-1.341146708E0,1.295800209E0
4.519753863E1,9.493380785E-1,-1.209352612E0,1.236117244E0
4.520756863E1,1.415050387E0,-7.921615243E-1,1.319430232E0
4.521759963E1,1.678537250E0,-2.561174035E-1,1.527985930E0
4.522763062E1,1.811813235E0,1.259490252E-1,1.631767750E0
4.523766063E1,1.789126992E0,3.531472385E-1,1.691358209E0
4.524769163E1,1.617320895E0,3.132312596E-1,1.575784445E0
4.525772162E1,1.313202977E0,1.977411062E-1,1.397648335E0
4.526775263E1,1.191163182E0,-6.784981489E-2,1.132216215E0
4.527778263E1,1.113330960E0,-4.008156657E-1,7.971197963E-1
4.528781363E1,9.757030606E-1,-6.266551614E-1,4.684284031E-1
4.529784463E1,8.263141513E-1,-7.847788930E-1,1.496667564E-1
4.530787463E1,7.013159990E-1,-1.027750731E0,-2.137756348E-1
4.531790563E1,4.824430943E-1,-1.154396176E0,-6.503887773E-1
4.532793562E1,2.406195551E-1,-1.184335232E0,-1.036215425E0
4.533796663E1,-2.663695812E-2,-9.070808291E-1,-1.312876344E0
4.534799763E1,-3.807790577E-1,-3.054178655E-1,-1.378248096E0
4.535802762E1,-6.875606179E-1,1.510474831E-1,-1.246445417E0
4.536805863E1,-6.229246855E-1,3.666378260E-1,-9.966541529E-1
4.537808863E1,-3.175487816E-1,7.115542293E-1,-7.793285251E-1
4.538811963E1,1.089902818E-1,9.433578849E-1,-5.484862924E-1
4.539815062E1,6.087073088E-1,1.266450524E0,-2.374634892E-1
4.540818063E1,1.277795672E0,1.591066122E0,1.666837186E-1
4.541821163E1,2.621742487E0,1.785603404E0,1.055715084E0
4.542824162E1,4.418056488E0,5.012521148E-1,2.768790007E0
4.543827263E1,3.497209787E0,1.883064508E0,2.811453819E0
4.544830363E1,2.352216244E0,3.271981478E0,2.655818462E0
4.545833362E1,1.282821536E0,2.510294914E0,2.022488356E0
4.546836463E1,3.194320202E-1,1.887770534E0,4.701527059E-1
4.547839463E1,1.853943169E-1,1.772451878E0,-2.383600920E-1
4.548842563E1,9.798696041E-1,1.101377368E0,-2.293287814E-1
4.549845563E1,1.833792448E0,-2.875761986E-1,1.174903288E-2
4.550848663E1,1.549208403E0,-1.374327540E0,-3.649732471E-2
4.551851763E1,3.999661207E-1,-1.771096349E0,-4.517141879E-1
4.552854762E1,-8.471360207E-1,-1.699669480E0,-9.060694575E-1
4.553857863E1,-1.509704590E0,-1.491871476E0,-1.171571136E0
4.554860863E1,-1.583953977E0,-7.567503452E-1,-1.434732199E0
4.555863963E1,-1.413507581E0,-2.589700222E-1,-1.589404225E0
4.556867063E1,-1.209247112E0,2.458270937E-1,-1.801916838E0
4.557870063E1,-1.123597026E0,2.186146379E-1,-1.912440658E0
4.558873163E1,-1.011610270E0,7.107126713E-2,-1.789195895E0
4.559876162E1,-1.047126770E0,-2.384453714E-1,-1.536415219E0
4.560879263E1,-1.133896470E0,-4.187720120E-1,-1.165173531E0
4.561882263E1,-1.053778410E0,-6.648959517E-1,-7.082552910E-1
4.562885362E1,-1.068542242E0,-8.159429431E-1,-1.215340346E-1
4.563888463E1,-1.182913661E0,-9.685187936E-1,5.927335620E-1
4.564891463E1,-1.356832147E0,-1.155372858E0,1.330761313E0
4.565894563E1,-1.343716741E0,-1.196763277E0,2.039784193E0
4.566897563E1,-9.679999948E-1,-9.688076377E-1,2.508531570E0
4.567900663E1,-4.449165165E-1,-3.960954249E-1,2.629315853E0
4.568903663E1,2.870828472E-2,1.911081672E-1,2.408105612E0
4.569906762E1,2.773130536E-1,4.791665971E-1,1.858915567E0
4.570909863E1,2.292406261E-1,4.878050983E-1,1.242683768E0
4.571912863E1,-1.300360113E-1,4.885571897E-1,5.266788602E-1
4.572915962E1,-5.722078681E-1,4.735587835E-1,-2.632254064E-1
4.573918963E1,-1.158892512E0,3.842623532E-1,-1.019647956E0
4.574922063E1,-2.223603010E0,-4.103382304E-2,-1.813185811E0
4.575925063E1,-4.289753914E0,-1.850704908E0,-2.726700306E0
4.576928163E1,-4.725356579E0,1.367217451E-1,-4.509103775E0
4.577931263E1,-3.281796217E0,3.979761839E0,-4.791301727E0
4.578934263E1,-7.842288613E-1,1.910012841E0,-4.031560898E0
4.579937362E1,1.012420431E-1,-1.517796218E-1,-2.856179476E0
4.580940363E1,1.065964937E0,-2.241073549E-1,-1.223474741E0
4.581943463E1,1.154908061E0,2.011979520E-1,-2.357006818E-1
4.582946563E1,3.916451335E-2,5.553342104E-1,1.634248793E-1
4.583949563E1,-1.310153723E0,2.891817093E-1,4.644198120E-1
4.584952663E1,-1.357926011E0,-6.531959772E-1,8.681568503E-1
4.585955663E1,-7.539989352E-1,-1.288732409E0,1.151192427E0
4.586958762E1,-2.628830820E-2,-1.701680303E0,1.388178706E0
4.587961863E1,6.908025146E-1,-1.768832326E0,1.557389498E0
4.588964863E1,1.137733698E0,-1.467531919E0,1.645885825E0
4.589967962E1,1.358772278E0,-9.355899096E-1,1.725617886E0
4.590970963E1,1.414847493E0,-5.055024624E-1,1.713541746E0
4.591974063E1,1.224812388E0,-5.997477472E-2,1.511090636E0
4.592977163E1,9.711692333E-1,9.060727805E-2,1.250924826E0
4.593980163E1,8.912165165E-1,-2.215335220E-1,9.524148107E-1
4.594983263E1,8.433019519E-1,-7.340517044E-1,6.042573452E-1
4.595986263E1,7.355304360E-1,-1.094394088E0,2.721410096E-1
4.596989362E1,6.486264467E-1,-1.220799685E0,-3.822936211E-3
4.597992463E1,5.968545079E-1,-1.348796725E0,-2.616370916E-1
4.598995463E1,6.228576303E-1,-1.437393665E0,-5.990228653E-1
4.599998562E1,6.261743903E-1,-1.433342099E0,-9.834710360E-1
4.601001563E1,4.287251830E-1,-1.176832795E0,-1.272907495E0
4.602004663E1,-6.546092778E-2,-3.406607807E-1,-1.407340050E0
4.603007763E1,-5.515887141E-1,3.210500479E-1,-1.346061707E0
4.604010763E1,-6.728755832E-1,6.953594685E-1,-1.161641240E0
4.605013863E1,-4.993062019E-1,9.531012177E-1,-9.256825447E-1
4.606016863E1,-1.845574826E-1,1.106666327E0,-6.148180962E-1
4.607019975E1,1.882280707E-1,1.285799026E0,-3.339579105E-1
4.608022975E1,6.313632131E-1,1.451372504E0,4.522302188E-4
4.609026075E1,1.549195290E0,1.597438216E0,4.813583791E-1
4.610029175E1,3.948239803E0,1.125716925E0,1.937388778E0
4.611032175E1,3.796517134E0,8.237352371E-1,2.754262209E0
4.612035275E1,2.747778177E0,3.021451712E0,2.159103394E0
4.613038275E1,1.817815304E0,2.748630762E0,1.766316533E0
4.614041375E1,6.910335422E-1,2.779175043E0,2.185816914E-1
4.615044475E1,-1.314206421E-1,2.211216688E0,-5.277380943E-1
4.616047475E1,8.030470014E-1,1.501046062E0,-1.777643263E-1
4.617050575E1,1.854562402E0,-2.776260301E-2,3.009157181E-1
4.618053575E1,2.067996502E0,-1.373978376E0,4.769646525E-1
4.619056675E1,1.388014436E0,-2.081393480E0,1.457790136E-1
4.620059775E1,1.830076333E-3,-1.988007069E0,-4.713060260E-1
4.621062775E1,-8.156647682E-1,-1.669193149E0,-9.568229318E-1
4.622065875E1,-1.220045567E0,-1.045648217E0,-1.259252071E0
4.623068875E1,-1.283373117E0,-5.990582108E-1,-1.423245788E0
4.624071975E1,-1.214910865E0,-4.103745222E-1,-1.474721193E0
4.625074975E1,-1.054335237E0,-2.303424329E-1,-1.421188235E0
4.626078075E1,-9.872224927E-1,-1.851921529E-1,-1.329499722E0
4.627081175E1,-1.131444216E0,-5.607469082E-1,-1.194538951E0
4.628084175E1,-1.244572639E0,-8.128105402E-1,-9.119501114E-1
4.629087275E1,-1.119879723E0,-8.378075361E-1,-5.241448879E-1
4.630090275E1,-1.058032513E0,-1.178944588E0,-1.469195187E-1
4.631093375E1,-1.104578137E0,-1.345393538E0,3.199137151E-1
4.632096375E1,-1.123873591E0,-1.277397275E0,9.059898257E-1
4.633099475E1,-1.053168297E0,-1.019350052E0,1.551450610E0
4.634102575E1,-7.321224809E-1,-5.415179133E-1,2.157866955E0
4.635105575E1,-3.719293326E-2,4.251223058E-2,2.538353920E0
4.636108675E1,6.931734085E-1,3.790824711E-1,2.592163086E0
4.637111675E1,1.029248953E0,6.175442934E-1,2.272650003E0
4.638114775E1,9.447248578E-1,7.802711129E-1,1.665246010E0
4.639117775E1,5.433478951E-1,6.322286725E-1,8.581629992E-1
4.640120875E1,-5.897697806E-2,6.737935543E-1,7.296313345E-2
4.641123975E1,-8.752017617E-1,8.092008829E-1,-8.120806813E-1
4.642126975E1,-2.410177946E0,2.793068886E-1,-1.791324377E0
4.643130075E1,-4.862567902E0,-1.432288527E0,-3.233064651E0
4.644133075E1,-5.068049431E0,1.436939716E0,-4.987082005E0
4.645136175E1,-2.925953627E0,3.534853935E0,-4.690791607E0
4.646139275E1,-2.082269192E-1,9.628381133E-1,-3.417479038E0
4.647142275E1,2.626668513E-1,-7.516682148E-1,-2.045274019E0
4.648145375E1,8.662185073E-1,2.885974944E-1,-5.337767601E-1
4.649148375E1,1.021228313E0,5.901994109E-1,1.385018080E-1
4.650151475E1,3.821159899E-1,2.820283473E-1,6.397101879E-1
4.651154575E1,-5.190873146E-1,-1.439658403E-1,9.076516032E-1
4.652157575E1,-8.573032618E-1,-8.340584040E-1,1.130098462E0
4.653160675E1,-7.672628760E-1,-1.223863482E0,1.302400231E0
4.654163675E1,-2.155191749E-1,-1.389761329E0,1.431887984E0
4.655166775E1,4.938987195E-1,-1.289022446E0,1.536956072E0
4.656169875E1,1.022335172E0,-7.397397757E-1,1.602755427E0
4.657172875E1,1.392176867E0,-9.085022658E-2,1.730220199E0
4.658175975E1,1.653770804E0,2.133440822E-1,1.777459264E0
4.659178975E1,1.648573279E0,1.741585881E-1,1.629377961E0
4.660182075E1,1.437175274E0,5.994698033E-3,1.383466482E0
4.661185175E1,1.267513514E0,-3.777697682E-1,1.079832792E0
4.662188175E1,1.086178064E0,-8.255478740E-1,7.362804413E-1
4.663191275E1,8.731567860E-1,-1.116781473E0,3.689186871E-1
4.664194275E1,6.841205359E-1,-1.334387779E0,1.453662291E-3
4.665197375E1,5.986706018E-1,-1.643146873E0,-3.532066643E-1
4.666200375E1,5.352060795E-1,-1.895033717E0,-7.761730552E-1
4.667203475E1,4.151827395E-1,-1.941249490E0,-1.207407236E0
4.668206575E1,6.643483788E-2,-1.434937596E0,-1.528703332E0
4.669209575E1,-4.393415153E-1,-4.028646350E-1,-1.518889308E0
4.670212675E1,-8.049995303E-1,3.363795578E-1,-1.345990419E0
4.671215675E1,-8.003346920E-1,3.931600153E-1,-1.024141788E0
4.672218775E1,-5.795220137E-1,8.483917713E-1,-7.244662642E-1
4.673221875E1,-1.886179149E-1,1.232358336E0,-4.755831957E-1
4.674224875E1,2.227189392E-1,1.447283268E0,-1.672417223E-1
4.675227975E1,5.309468508E-1,1.818912029E0,8.984973282E-2
4.676230975E1,8.650032878E-1,1.952934384E0,3.581338525E-1
4.677234075E1,2.354929447E0,1.394490004E0,1.153660297E0
4.678237075E1,4.238633633E0,-1.994165033E-1,3.141650200E0
4.679240175E1,3.614600658E0,4.418075562E0,2.781295538E0
4.680243275E1,2.501811266E0,3.380290985E0,2.635452747E0
4.681246275E1,1.057115674E0,3.011136055E0,1.562797904E0
4.682249375E1,-1.236822009E-1,2.325195551E0,4.889120162E-1
4.683252375E1,3.746349216E-1,1.372823596E0,-1.935685575E-1
4.684255475E1,1.268261075E0,7.166211605E-1,2.922248468E-2
4.685258575E1,2.262244940E0,-1.113408327E0,4.696632326E-1
4.686261575E1,1.920766592E0,-2.036806822E0,4.001758695E-1
4.687264675E1,6.300139427E-1,-1.664341092E0,-5.828675255E-2
4.688267675E1,-4.255775511E-1,-1.218750596E0,-5.555800796E-1
4.689270775E1,-9.941558242E-1,-8.906536698E-1,-8.654060960E-1
4.690273875E1,-1.231960773E0,-5.449998379E-1,-1.116875052E0
4.691276875E1,-1.282595754E0,-2.634035647E-1,-1.306831479E0
4.692279975E1,-9.752275944E-1,-3.843627870E-2,-1.451400638E0
4.693282975E1,-7.333931327E-1,-9.422338009E-2,-1.481813669E0
4.694286075E1,-7.682005167E-1,-5.648547411E-1,-1.359483957E0
4.695289075E1,-9.831141829E-1,-9.830208421E-1,-1.153130770E0
4.696292175E1,-1.150590062E0,-1.088089228E0,-8.529268503E-1
4.697295275E1,-1.201443434E0,-1.238295794E0,-5.050545931E-1
4.698298275E1,-1.313092232E0,-1.481168866E0,-1.367005259E-1
4.699301375E1,-1.511654496E0,-1.584304810E0,3.789439499E-1
4.700304375E1,-1.688207626E0,-1.442414999E0,1.057564855E0
4.701307475E1,-1.560006022E0,-9.830644131E-1,1.820936799E0
4.702310475E1,-9.750835896E-1,-2.032678574E-1,2.390649557E0
4.703313575E1,-1.525378227E-1,4.993541837E-1,2.603186846E0
4.704316675E1,5.356388092E-1,8.856998086E-1,2.552369118E0
4.705319675E1,8.559851646E-1,1.013147235E0,1.946146846E0
4.706322829E1,8.494071364E-1,8.353917599E-1,1.406391621E0
4.707325829E1,5.211261511E-1,6.726685762E-1,6.977809668E-1
4.708328929E1,-3.315637633E-2,7.688216567E-1,-6.834972650E-2
4.709331929E1,-8.128287196E-1,5.505104065E-1,-8.774891496E-1
4.710335029E1,-2.491959810E0,-7.759665847E-1,-1.816661835E0
4.711338129E1,-4.403490543E0,-1.917097807E0,-3.035457134E0
4.712341129E1,-4.070772648E0,2.435739756E0,-4.915567875E0
4.713344229E1,-2.063332081E0,3.924996138E0,-4.582338810E0
4.714347229E1,8.034205437E-2,1.048995376E0,-3.878569126E0
4.715350329E1,9.245668054E-1,-3.888591230E-1,-2.512548923E0
4.716353429E1,1.749790430E0,-3.451687694E-1,-1.196701765E0
4.717356429E1,1.594335079E0,-9.008329362E-3,-5.615988374E-1
4.718359529E1,2.730894387E-1,-2.051078379E-1,-8.519844711E-2
4.719362529E1,-9.831644297E-1,-2.820420265E-1,3.994124532E-1
4.720365629E1,-1.133769512E0,-1.040083289E0,9.280244708E-1
4.721368729E1,-9.327995777E-1,-1.381578326E0,1.346922636E0
4.722371729E1,-3.922888041E-1,-1.451077461E0,1.566187859E0
4.723374829E1,1.187702119E-1,-1.459171057E0,1.800648808E0
4.724377829E1,5.538371205E-1,-1.086824536E0,1.963714600E0
4.725380929E1,8.044669628E-1,-7.357677221E-1,2.078178167E0
4.726384029E1,8.783670664E-1,-5.280092359E-1,2.053272724E0
4.727387029E1,8.104452491E-1,-4.040899277E-1,1.856987119E0
4.728390129E1,6.760697365E-1,-3.303834498E-1,1.564069748E0
4.729393129E1,6.457656622E-1,-5.031610727E-1,1.270086527E0
4.730396229E1,6.746953130E-1,-7.435696125E-1,9.111936092E-1
4.731399329E1,7.254372835E-1,-9.848365188E-1,5.731913447E-1
4.732402329E1,7.028989196E-1,-1.167942166E0,2.675026953E-1
4.733405429E1,6.226315498E-1,-1.545560718E0,1.059846580E-2
4.734408429E1,5.538673401E-1,-1.848892450E0,-3.556521535E-1
4.735411529E1,4.151278734E-1,-1.928955317E0,-7.799597979E-1
4.736414529E1,-1.116044447E-2,-1.407875538E0,-1.196381450E0
4.737417629E1,-6.445230246E-1,-4.965701401E-1,-1.507334828E0
4.738420729E1,-1.122206807E0,9.456061572E-2,-1.585588217E0
4.739423729E1,-1.198437333E0,3.406396210E-1,-1.479005098E0
4.740426829E1,-1.001567006E0,7.525115013E-1,-1.274146795E0
4.741429829E1,-6.275932193E-1,1.228761673E0,-9.722626209E-1
4.742432929E1,-2.993841171E-1,1.583380461E0,-7.210785747E-1
4.743436029E1,1.017430723E-1,1.950248241E0,-3.742383420E-1
4.744439029E1,1.046250701E0,2.191045761E0,3.913975507E-2
4.745442129E1,3.837860584E0,2.192981482E0,1.611404061E0
4.746445129E1,3.879070520E0,1.445301890E0,2.820131063E0
4.747448229E1,2.621202469E0,4.136092663E0,2.179161310E0
4.748451329E1,1.209213138E0,3.692077398E0,1.879246831E0
4.749454329E1,-2.226297706E-1,3.205704927E0,8.626366854E-1
4.750457429E1,-1.240163565E0,2.656214237E0,4.252870679E-1
4.751460429E1,-2.135048509E-1,1.963965893E0,7.932379842E-1
4.752463529E1,1.527632833E0,4.336459935E-1,1.389817834E0
4.753466529E1,2.103911877E0,-1.764097095E0,1.302403092E0
4.754469629E1,1.279015660E0,-2.068703413E0,6.645110250E-1
4.755472729E1,-2.319154143E-2,-1.649581432E0,-2.187609076E-1
4.756475729E1,-8.524053097E-1,-1.070402980E0,-9.501361251E-1
4.757478829E1,-1.114870548E0,-7.836382985E-1,-1.333351731E0
4.758481829E1,-1.102580190E0,-5.033142567E-1,-1.569748163E0
4.759484929E1,-1.046113253E0,-4.976279140E-1,-1.654469967E0
4.760488029E1,-9.225794077E-1,-6.100946069E-1,-1.642063022E0
4.761491029E1,-7.218364477E-1,-5.481877923E-1,-1.481703281E0
4.762494129E1,-7.312114835E-1,-6.691470146E-1,-1.230728984E0
4.763497129E1,-1.099327445E0,-1.059775472E0,-1.032059908E0
4.764500229E1,-1.199040294E0,-1.007627130E0,-8.296460509E-1
4.765503229E1,-1.027616382E0,-8.226623535E-1,-4.814043939E-1
4.766506329E1,-1.012180686E0,-1.116783500E0,-1.227643639E-1
4.767509429E1,-1.115103126E0,-1.425822377E0,2.580042779E-1
4.768512429E1,-1.107378840E0,-1.261480212E0,7.893964648E-1
4.769515529E1,-7.772468925E-1,-8.902488947E-1,1.386859655E0
4.770518529E1,-1.797727495E-1,-2.482795864E-1,1.955771327E0
4.771521629E1,5.694002509E-1,3.711210787E-1,2.298280478E0
4.772524629E1,1.234617472E0,6.817281842E-1,2.408398390E0
4.773527729E1,1.538354993E0,1.002397776E0,2.093810797E0
4.774530829E1,1.306549668E0,1.107710242E0,1.534408569E0
4.775533829E1,7.483511567E-1,1.014772654E0,7.369657159E-1
4.776536929E1,-2.629557997E-2,9.765669107E-1,-8.598651737E-2
4.777539929E1,-9.074245095E-1,1.073798537E0,-9.564105868E-1
4.778543029E1,-2.051193953E0,8.432461619E-1,-1.778962612E0
4.779546029E1,-4.093001842E0,-6.532987952E-1,-2.730104208E0
4.780549129E1,-5.120460510E0,-3.903018236E-1,-4.559245110E0
4.781552229E1,-3.773615599E0,3.348616123E0,-4.590166092E0
4.782555229E1,-8.861132264E-1,1.895196676E0,-3.689190865E0
4.783558329E1,5.444250628E-2,-4.741254747E-1,-2.293197632E0
4.784561329E1,5.830608606E-1,-5.707033277E-1,-1.007965565E0
4.785564429E1,8.856005073E-1,3.070476055E-1,-7.364539057E-2
4.786567529E1,4.390377998E-1,3.955128193E-1,4.181187153E-1
4.787570529E1,-2.405902594E-1,-1.921727136E-2,7.431905866E-1
4.788573629E1,-5.588763952E-1,-3.752503395E-1,9.281677008E-1
4.789576629E1,-5.027529597E-1,-7.070418000E-1,1.134977937E0
4.790579729E1,-4.431057349E-2,-8.207169175E-1,1.132536173E0
4.791582829E1,7.314900756E-1,-8.369547725E-1,1.022883415E0
4.792585829E1,1.490497112E0,-5.597715378E-1,9.931606054E-1
4.793588929E1,1.781286597E0,-5.057397485E-1,1.127078295E0
4.794591929E1,1.847290516E0,-3.924178481E-1,1.248795152E0
4.795595029E1,1.749270439E0,-4.269957840E-1,1.310133696E0
4.796598129E1,1.487307787E0,-4.943605661E-1,1.222756982E0
4.797601129E1,1.150864720E0,-5.569046736E-1,1.039577127E0
4.798604229E1,9.042948484E-1,-8.904718757E-1,7.871442437E-1
4.799607229E1,8.044787645E-1,-1.222942591E0,5.976110697E-1
4.800610329E1,5.851827860E-1,-1.383614659E0,2.732510865E-1
4.801613429E1,4.153425694E-1,-1.353771567E0,1.408743113E-2
4.802616429E1,3.929347694E-1,-1.607114434E0,-2.049905807E-1
4.803619529E1,3.552688956E-1,-1.859186292E0,-5.318711996E-1
4.804622529E1,8.209987730E-2,-1.660182953E0,-9.164271951E-1
4.805625629E1,-5.176866055E-1,-5.533372164E-1,-1.161025643E0
4.806628592E1,-1.061978102E0,3.133093119E-1,-1.271103024E0
4.807631692E1,-1.329200268E0,5.771465898E-1,-1.224209309E0
4.808634792E1,-1.270027637E0,6.734874845E-1,-1.021248460E0
4.809637792E1,-9.429046512E-1,1.060591459E0,-8.072762489E-1
4.810640892E1,-4.524848163E-1,1.246258378E0,-4.364488125E-1
4.811643892E1,4.573058710E-2,1.548642755E0,-1.019163653E-1
4.812646992E1,6.139175296E-1,1.960181355E0,2.315528095E-1
4.813650092E1,2.087408543E0,2.585136890E0,8.975316286E-1
4.814653092E1,4.630093098E0,2.309622765E0,3.061514854E0
4.815656192E1,3.485882282E0,2.691278458E0,2.908416271E0
4.816659192E1,2.354183435E0,3.839657784E0,2.633054495E0
4.817662292E1,1.105387688E0,2.943741322E0,2.241385937E0
4.818665292E1,-3.545100614E-2,1.998983622E0,1.120918751E0
4.819668392E1,-4.441450238E-1,1.713975906E0,4.062773585E-1
4.820671492E1,6.557529569E-1,1.396226168E0,3.899435103E-1
4.821674492E1,1.867675543E0,-1.254505366E-1,8.320934772E-1
4.822677592E1,2.036886454E0,-1.841260552E0,6.278082132E-1
4.823680592E1,1.182497740E0,-2.100900650E0,1.808628626E-2
4.824683692E1,-2.039143629E-2,-1.868979454E0,-7.088888288E-1
4.825686792E1,-7.453563213E-1,-1.707240820E0,-1.193281531E0
4.826689792E1,-1.007318497E0,-1.224003434E0,-1.480312943E0
4.827692892E1,-1.080256939E0,-7.010233998E-1,-1.685322285E0
4.828695892E1,-1.128605962E0,-5.284597278E-1,-1.767355919E0
4.829698992E1,-9.910237789E-1,-5.393323302E-1,-1.787820220E0
4.830701992E1,-7.798996568E-1,-5.786451101E-1,-1.687851787E0
4.831705092E1,-7.779424787E-1,-8.228220940E-1,-1.453713417E0
4.832708192E1,-1.050393224E0,-1.122882962E0,-1.157922864E0
4.833711192E1,-1.109643221E0,-9.836195707E-1,-8.191307783E-1
4.834714292E1,-9.776626229E-1,-8.789113760E-1,-4.255804121E-1
4.835717292E1,-1.020283699E0,-1.024272799E0,-3.185548261E-2
4.836720392E1,-1.138853312E0,-1.098246336E0,4.380128384E-1
4.837723392E1,-1.238126636E0,-9.967582822E-1,1.022935987E0
4.838726492E1,-1.157662749E0,-7.224700451E-1,1.631049156E0
4.839729592E1,-7.667097449E-1,3.639504313E-2,1.990842819E0
4.840732592E1,-1.661913991E-1,8.291349411E-1,2.034275055E0
4.841735692E1,5.181373954E-1,8.933584094E-1,1.828016043E0
4.842738692E1,8.687837124E-1,7.350860834E-1,1.543824196E0
4.843741792E1,8.575443625E-1,5.953614712E-1,1.004391074E0
4.844744792E1,5.531623363E-1,4.733243883E-1,3.976428509E-1
4.845747892E1,9.626033902E-2,6.302194595E-1,-2.578817308E-1
4.846750992E1,-5.539535880E-1,7.862545252E-1,-9.656560421E-1
4.847753992E1,-1.590374231E0,5.493421555E-1,-1.686877847E0
4.848757092E1,-3.906766653E0,-1.286018610E0,-2.633013964E0
4.849760092E1,-4.608212948E0,1.611817330E-1,-4.458765507E0
4.850763192E1,-3.224220037E0,4.158281326E0,-4.643100262E0
4.851766292E1,-8.247492313E-1,2.173230886E0,-4.112054825E0
4.852769292E1,5.259819627E-1,-4.718546271E-1,-2.598136902E0
4.853772392E1,1.088543534E0,-8.320942521E-1,-1.517637849E0
4.854775392E1,1.112570167E0,-4.373739958E-1,-5.127064586E-1
4.855778492E1,4.040500522E-1,4.197207466E-2,1.740455255E-2
4.856781592E1,-4.260084033E-1,1.028055474E-1,5.507034063E-1
4.857784592E1,-6.476928592E-1,-4.333537519E-1,9.107319117E-1
4.858787692E1,-4.761786461E-1,-7.548556328E-1,1.101741195E0
4.859790692E1,2.644881792E-2,-1.101522684E0,1.154852152E0
4.860793792E1,7.061170340E-1,-1.321151972E0,1.192330003E0
4.861796892E1,1.184556484E0,-1.172670126E0,1.290606737E0
4.862799892E1,1.372527838E0,-8.914328218E-1,1.457539439E0
4.863802992E1,1.381108046E0,-6.346244812E-1,1.578297734E0
4.864805992E1,1.308848858E0,-6.895362735E-1,1.558301330E0
4.865809092E1,1.106279254E0,-7.348483801E-1,1.363552451E0
4.866812092E1,1.001477242E0,-1.010644197E0,1.147414446E0
4.867815192E1,9.979034066E-1,-1.375685573E0,9.520409107E-1
4.868818292E1,1.068769932E0,-1.511797547E0,7.911606431E-1
4.869821292E1,1.034936547E0,-1.569460034E0,6.493795514E-1
4.870824392E1,9.430575967E-1,-1.657647729E0,4.552833438E-1
4.871827392E1,8.688797951E-1,-1.814751863E0,1.464874297E-1
4.872830492E1,8.711413145E-1,-1.758512855E0,-2.469171882E-1
4.873833592E1,7.287687063E-1,-9.217131734E-1,-6.116272211E-1
4.874836592E1,2.678761482E-1,7.916983962E-2,-8.706979156E-1
4.875839692E1,-2.872941196E-1,4.851144254E-1,-9.861520529E-1
4.876842692E1,-6.189336777E-1,4.688177109E-1,-9.997637868E-1
4.877845792E1,-6.724765301E-1,5.956071019E-1,-9.433308840E-1
4.878848892E1,-4.859494865E-1,8.508564234E-1,-8.231815696E-1
4.879851892E1,-1.713231206E-1,1.060442448E0,-5.819652081E-1
4.880854992E1,2.155833095E-1,1.240363002E0,-3.136126399E-1
4.881857992E1,8.938531876E-1,1.558979869E0,-3.375781327E-2
4.882861092E1,2.468244314E0,1.862612128E0,4.517761767E-1
4.883864092E1,4.846499920E0,1.285453200E0,2.461019993E0
4.884867192E1,3.540016174E0,2.761874437E0,2.307819843E0
4.885870292E1,2.349803686E0,3.647348166E0,2.007013083E0
4.886873292E1,1.176193595E0,3.186078787E0,1.554824710E0
4.887876392E1,2.737910114E-2,2.088883638E0,4.097415507E-1
4.888879392E1,-1.542960405E-1,1.377309084E0,2.312624454E-1
4.889882492E1,9.153087735E-1,1.791404188E-1,7.686403990E-1
4.890885592E1,2.043838024E0,-1.653094411E0,1.120144486E0
4.891888592E1,1.779886127E0,-2.639366150E0,1.031616569E0
4.892891692E1,5.648984909E-1,-2.115112543E0,2.020587921E-1
4.893894692E1,-6.284634471E-1,-1.256877303E0,-7.585990429E-1
4.894897792E1,-1.136614323E0,-1.070810676E0,-1.164669752E0
4.895900892E1,-1.320295691E0,-7.536364198E-1,-1.296861887E0
4.896903892E1,-1.511152387E0,-4.140437841E-1,-1.332405925E0
4.897906992E1,-1.534343481E0,-2.442613840E-1,-1.409671664E0
4.898909992E1,-1.441456795E0,-1.477720439E-1,-1.446877003E0
4.899913092E1,-1.331551909E0,-3.154659569E-1,-1.403671980E0
4.900916092E1,-1.404320717E0,-5.019662380E-1,-1.342790723E0
4.901919192E1,-1.449966431E0,-5.465728641E-1,-1.141885042E0
4.902922292E1,-1.323448062E0,-4.766533673E-1,-8.138781786E-1
4.903925292E1,-1.144413352E0,-6.505921483E-1,-3.808774650E-1
4.904928392E1,-1.066493869E0,-1.085969806E0,8.656206727E-2
4.905931392E1,-1.126511455E0,-1.157372355E0,6.091206074E-1
4.906934563E1,-1.102753162E0,-1.115649104E0,1.295564651E0
4.907937562E1,-9.712087512E-1,-8.744372725E-1,2.051054716E0
4.908940663E1,-6.397203803E-1,-1.753230840E-1,2.554384708E0
4.909943763E1,-1.316118836E-1,7.107907534E-1,2.549140692E0
4.910946762E1,3.365195692E-1,1.187785029E0,2.399883509E0
4.911949863E1,8.396482468E-1,1.147682548E0,1.996629000E0
4.912952863E1,8.195897341E-1,1.078016639E0,1.371124744E0
4.913955963E1,5.389143825E-1,8.586637974E-1,7.220875025E-1
4.914958963E1,-3.455946222E-2,7.547891736E-1,5.638079345E-2
4.915962063E1,-1.059803247E0,7.072032690E-1,-7.519922256E-1
4.916965163E1,-2.733689070E0,1.811158657E-1,-1.659855843E0
4.917968162E1,-5.124753952E0,-1.099358916E0,-3.119669199E0
4.918971263E1,-5.090926647E0,1.310103178E0,-4.948285103E0
4.919974263E1,-2.791049957E0,2.773270369E0,-4.271805286E0
4.920977362E1,-7.228671908E-1,3.864922225E-1,-3.581376314E0
4.921980363E1,-3.271909654E-1,-9.148180485E-1,-2.250017643E0
4.922983463E1,5.614764690E-1,-5.583843589E-1,-8.951581717E-1
4.923986563E1,7.888686061E-1,1.445630938E-1,-8.360907435E-2
4.924989563E1,4.824221134E-1,4.656357467E-1,4.852796197E-1
4.925992663E1,3.376281559E-1,7.830718160E-2,9.967212677E-1
4.926995663E1,1.150086448E-1,-5.585545897E-1,1.185324907E0
4.927998762E1,3.404055908E-2,-8.911876678E-1,1.296663165E0
4.929001863E1,2.663400769E-1,-1.107109427E0,1.214869618E0
4.930004863E1,6.548758745E-1,-1.323305368E0,1.102559805E0
4.931007963E1,9.320695400E-1,-1.074294686E0,1.054523230E0
4.932010963E1,1.140631318E0,-5.926827788E-1,1.156417608E0
4.933014063E1,1.210528016E0,-2.763759792E-1,1.293136835E0
4.934017163E1,1.094051480E0,-8.233991265E-2,1.321311235E0
4.935020162E1,9.469192624E-1,-1.843488365E-1,1.284725785E0
4.936023263E1,7.284156680E-1,-5.196589231E-1,1.151924610E0
4.937026263E1,5.245805383E-1,-8.139427304E-1,9.054205418E-1
4.938029362E1,3.235054612E-1,-1.085818768E0,5.827157497E-1
4.939032463E1,2.569155395E-1,-1.261030674E0,2.633624673E-1
4.940035463E1,3.526503146E-1,-1.409402251E0,-8.176882565E-2
4.941038563E1,5.629031658E-1,-1.642535090E0,-4.416519701E-1
4.942041563E1,7.750551105E-1,-1.695195079E0,-8.437560201E-1
4.943044663E1,8.299948573E-1,-1.404924273E0,-1.238676548E0
4.944047763E1,6.313310266E-1,-5.256503224E-1,-1.508159161E0
4.945050762E1,2.363928109E-1,5.184424520E-1,-1.573909879E0
4.946053863E1,4.463616759E-2,8.092820048E-1,-1.500300884E0
4.947056863E1,1.117139980E-1,7.873661518E-1,-1.275958896E0
4.948059962E1,2.627706230E-1,1.035698414E0,-9.147769809E-1
4.949062963E1,5.591239929E-1,1.504836917E0,-6.132994294E-1
4.950066063E1,8.191300631E-1,1.994705439E0,-3.931492269E-1
4.951069163E1,1.028391242E0,2.321012020E0,-2.230579704E-1
4.952072163E1,1.316547871E0,2.280579805E0,-5.607936159E-2
4.953075263E1,2.514742136E0,9.349384904E-1,8.723788261E-1
4.954078263E1,3.635540724E0,1.095445633E0,2.597168446E0
4.955081362E1,2.783096552E0,4.317752838E0,2.490099430E0
4.956084463E1,1.635947347E0,3.386390924E0,2.285184860E0
4.957087463E1,3.531484008E-1,2.808308363E0,1.220966101E0
4.958090563E1,1.079208106E-1,2.252721786E0,2.324270755E-1
4.959093563E1,6.023469567E-1,9.182161093E-1,8.791261911E-1
4.960096663E1,1.157532930E0,-3.236308098E-1,9.452316761E-1
4.961099763E1,1.269554615E0,-1.493389964E0,7.580543160E-1
4.962102762E1,7.138538361E-1,-1.684744000E0,1.783110350E-1
4.963105863E1,-2.013544291E-1,-1.242074013E0,-4.179344177E-1
4.964108863E1,-8.312844634E-1,-9.360994101E-1,-9.248104095E-1
4.965111962E1,-1.153546453E0,-9.301525950E-1,-1.222146630E0
4.966114963E1,-1.068122387E0,-6.346157193E-1,-1.359319448E0
4.967118063E1,-6.701802611E-1,-4.009900093E-1,-1.402851820E0
4.968121163E1,-4.217153192E-1,-1.385667734E-2,-1.382982254E0
4.969124163E1,-3.185597658E-1,4.077926278E-2,-1.270313144E0
4.970127263E1,-4.722084403E-1,-2.269669622E-1,-1.076210618E0
4.971130263E1,-6.511530876E-1,-5.341541171E-1,-8.088006377E-1
4.972133362E1,-7.748585343E-1,-7.155513763E-1,-4.653486907E-1
4.973136363E1,-9.444358945E-1,-9.890019894E-1,-1.401683390E-1
4.974139463E1,-1.153948545E0,-1.296479583E0,2.221211791E-1
4.975142562E1,-1.322108507E0,-1.629904270E0,6.119928360E-1
4.976145563E1,-1.550264239E0,-1.379321337E0,1.107454538E0
4.977148663E1,-1.482854247E0,-6.284305453E-1,1.539059162E0
4.978151663E1,-1.051320434E0,5.263347626E-1,1.898358822E0
4.979154763E1,-3.092605174E-1,1.152026296E0,1.996874571E0
4.980157763E1,3.741018176E-1,1.015985847E0,1.864538074E0
4.981160863E1,7.454245687E-1,8.724430203E-1,1.555849195E0
4.982163962E1,8.081151247E-1,6.743829250E-1,1.016765237E0
4.983166963E1,5.846376419E-1,5.858182311E-1,4.506266713E-1
4.984170063E1,-9.009178728E-2,6.358992457E-1,-2.224947512E-1
4.985173062E1,-1.497720361E0,6.110069752E-1,-1.070737481E0
4.986176163E1,-3.900831938E0,-3.340394497E-1,-2.119284391E0
4.987179163E1,-5.226870537E0,2.751455307E-1,-4.075757027E0
4.988182263E1,-4.383756638E0,2.901029348E0,-4.834712029E0
4.989185362E1,-1.624057174E0,2.215466022E0,-4.325360298E0
4.990188363E1,-3.284899890E-2,-7.546659559E-2,-3.144999266E0
4.991191463E1,4.706377685E-1,-2.829439044E-1,-1.840788722E0
4.992194462E1,7.855408788E-1,3.368898034E-1,-9.546194077E-1
4.993197563E1,2.667984068E-1,4.111832976E-1,-2.771582603E-1
4.994200663E1,-4.147015810E-1,2.421410233E-1,3.768302202E-1
4.995203662E1,-5.803877711E-1,-2.568303347E-1,9.916128516E-1
4.996206763E1,-4.297268391E-1,-7.431978583E-1,1.205800891E0
4.997209763E1,-1.763726026E-1,-9.406859279E-1,1.231126308E0
4.998212863E1,2.968953252E-1,-1.232144594E0,1.158009529E0
4.999215962E1,8.393455148E-1,-1.245559692E0,1.097992778E0
5.000218963E1,1.192527294E0,-9.875364304E-1,1.138982177E0
5.001222063E1,1.357174873E0,-7.849160433E-1,1.269733429E0
5.002225062E1,1.411627531E0,-7.731264830E-1,1.386934400E0
5.003228163E1,1.357707500E0,-7.733193040E-1,1.407889247E0
5.004231263E1,1.248081446E0,-7.512184978E-1,1.346010923E0
5.005234263E1,1.085440874E0,-9.355981946E-1,1.193717241E0
5.006237363E1,9.287935495E-1,-1.281362772E0,1.016464353E0
5.007240304E1,8.061976433E-1,-1.512224913E0,7.868689895E-1
5.008243404E1,6.409871578E-1,-1.604166269E0,5.166447163E-1
5.009246504E1,4.991320074E-1,-1.774276495E0,2.281254083E-1
5.010249504E1,5.045626760E-1,-1.985016108E0,-1.053494960E-1
5.011252604E1,5.144639611E-1,-1.969623327E0,-4.550587237E-1
5.012255604E1,2.822546959E-1,-1.235279918E0,-7.542629838E-1
5.013258704E1,-2.232268602E-1,3.831521422E-2,-9.569834471E-1
5.014261704E1,-5.657123327E-1,5.096223354E-1,-1.026645541E0
5.015264804E1,-6.825681925E-1,3.708008230E-1,-9.121845961E-1
5.016267904E1,-5.908066034E-1,4.270270765E-1,-6.690933704E-1
5.017270904E1,-2.864583731E-1,9.251654148E-1,-4.415898323E-1
5.018274004E1,9.256645292E-2,1.528594017E0,-1.778530329E-1
5.019277004E1,4.416554272E-1,1.938931584E0,4.767822102E-2
5.020280104E1,1.145015955E0,2.276364803E0,2.235195637E-1
5.021283204E1,3.125420570E0,2.061712265E0,1.527110815E0
5.022286204E1,3.338852882E0,1.905145764E0,2.381810427E0
5.023289304E1,2.531846285E0,3.705493927E0,2.093997002E0
5.024292304E1,1.629169822E0,3.237563372E0,1.884712338E0
5.025295404E1,7.829232216E-1,2.695212364E0,8.168929219E-1
5.026298504E1,3.138393760E-1,1.941549897E0,3.253100440E-2
5.027301504E1,8.087840080E-1,1.157733440E0,-1.116337851E-1
5.028304604E1,1.527159810E0,-4.180518538E-2,3.595763743E-1
5.029307604E1,1.739293933E0,-1.583220363E0,5.180816650E-1
5.030310704E1,1.019655585E0,-1.730344296E0,1.546291709E-1
5.031313704E1,-2.690560818E-1,-1.587266445E0,-4.463104904E-1
5.032316804E1,-1.332950830E0,-1.552385688E0,-9.402285814E-1
5.033319904E1,-1.797001123E0,-1.310548663E0,-1.037214875E0
5.034322904E1,-1.885887027E0,-7.028781176E-1,-1.045081019E0
5.035326004E1,-1.920698524E0,-1.965719759E-1,-9.858157635E-1
5.036329004E1,-1.608158827E0,-9.089081734E-2,-8.681402802E-1
5.037332104E1,-1.309716582E0,-2.121369392E-1,-8.032844067E-1
5.038335204E1,-1.246060133E0,-6.289384365E-1,-6.964588761E-1
5.039338204E1,-1.203350663E0,-8.922210336E-1,-5.140533447E-1
5.040341304E1,-1.219040394E0,-9.686899781E-1,-2.676475942E-1
5.041344304E1,-1.264000177E0,-1.154209614E0,-6.567143649E-2
5.042347404E1,-1.331183672E0,-1.361199856E0,2.168545425E-1
5.043350404E1,-1.393270016E0,-1.537918687E0,6.444444656E-1
5.044353504E1,-1.441789627E0,-1.403098822E0,1.171727896E0
5.045356504E1,-1.098469853E0,-7.942466736E-1,1.640499830E0
5.046359604E1,-2.868751884E-1,4.023081362E-1,1.879163742E0
5.047362704E1,5.618030429E-1,1.200812221E0,1.886616826E0
5.048365704E1,1.294211149E0,9.956114292E-1,1.647814631E0
5.049368804E1,1.664221406E0,6.926004291E-1,1.307729244E0
5.050371804E1,1.745128274E0,3.593990505E-1,8.759599328E-1
5.051374904E1,1.528945446E0,3.211388588E-1,3.900600374E-1
5.052378004E1,9.789164066E-1,4.846670628E-1,-1.682192236E-1
5.053381004E1,-1.030215900E-2,7.535802722E-1,-8.324325681E-1
5.054384104E1,-1.532480597E0,8.690344095E-1,-1.626818895E0
5.055387104E1,-4.827080250E0,-9.166658521E-1,-2.970206976E0
5.056390204E1,-6.058826923E0,8.099989295E-1,-5.190707207E0
5.057393204E1,-3.501446009E0,3.602386475E0,-4.541205883E0
5.058396304E1,-4.469360411E-1,1.276621819E0,-3.309591770E0
5.059399404E1,-1.007367074E-1,1.826404184E-1,-2.392237186E0
5.060402404E1,3.003201485E-1,-2.013807595E-1,-1.232067466E0
5.061405504E1,6.898877025E-2,1.661844105E-1,-2.959635854E-1
5.062408504E1,-4.137113094E-1,2.746605575E-1,2.007319033E-1
5.063411604E1,-9.405146241E-1,-1.495046467E-1,8.325323462E-1
5.064414704E1,-1.112176061E0,-4.153892994E-1,1.206195235E0
5.065417704E1,-1.134980083E0,-5.148302913E-1,1.407193065E0
5.066420804E1,-8.917383552E-1,-9.237786531E-1,1.471464515E0
5.067423804E1,-2.306003720E-1,-1.229074597E0,1.482988954E0
5.068426904E1,3.484230340E-1,-1.005509853E0,1.487215161E0
5.069430004E1,6.103495359E-1,-5.825542808E-1,1.499578476E0
5.070433004E1,7.336885333E-1,-2.349422276E-1,1.471848845E0
5.071436104E1,8.582723737E-1,-1.285338253E-1,1.390304446E0
5.072439104E1,9.229635000E-1,-3.892386556E-1,1.229057789E0
5.073442204E1,9.282924533E-1,-7.220897675E-1,9.984415174E-1
5.074445304E1,8.842512369E-1,-1.139947176E0,7.483044267E-1
5.075448304E1,7.443771362E-1,-1.512329102E0,4.672509432E-1
5.076451404E1,5.725012422E-1,-1.689660907E0,2.467795610E-1
5.077454404E1,5.495251417E-1,-1.835401297E0,-5.195795558E-3
5.078457504E1,7.170467377E-1,-2.079477787E0,-2.988766730E-1
5.079460504E1,8.930576444E-1,-2.452832222E0,-6.858681440E-1
5.080463604E1,8.782576919E-1,-2.288573265E0,-1.085454941E0
5.081466704E1,3.111240566E-1,-1.036629915E0,-1.263201356E0
5.082469704E1,-3.438327312E-1,2.947855890E-1,-1.266143441E0
5.083472804E1,-5.834110975E-1,8.013453484E-1,-1.134917855E0
5.084475804E1,-4.574446380E-1,9.690397978E-1,-8.543084860E-1
5.085478904E1,-2.745206654E-1,1.267557621E0,-5.846058726E-1
5.086482004E1,3.307601810E-2,1.349533677E0,-3.735552132E-1
5.087485004E1,3.597993851E-1,1.543714881E0,-1.666785777E-1
5.088488104E1,6.474364996E-1,1.685837746E0,4.108127952E-2
5.089491104E1,1.018742561E0,1.686234355E0,2.532317340E-1
5.090494204E1,2.065250874E0,1.440393925E0,7.205427289E-1
5.091497304E1,3.406416655E0,9.609418511E-1,2.271429777E0
5.092500304E1,3.077129364E0,3.787342310E0,2.381077290E0
5.093503404E1,2.579335451E0,3.480418682E0,2.308240414E0
5.094506404E1,1.492385745E0,3.112053394E0,1.359081030E0
5.095509504E1,4.653093517E-1,2.603797913E0,2.932401896E-1
5.096512504E1,8.171848059E-1,2.156863451E0,-4.873208329E-2
5.097515604E1,1.337661266E0,1.394712925E0,4.381864145E-2
5.098518704E1,1.737720609E0,6.471081823E-2,2.180543542E-1
5.099521704E1,1.732357502E0,-1.065777421E0,3.079685569E-2
5.100524804E1,9.410080314E-1,-1.684028625E0,-2.984462678E-1
5.101527804E1,-6.976795197E-2,-1.613271117E0,-7.403863668E-1
5.102530904E1,-7.656045556E-1,-1.221729994E0,-1.156705737E0
5.103534004E1,-1.021782756E0,-7.255160213E-1,-1.411850810E0
5.104537004E1,-8.692140579E-1,-2.350970507E-1,-1.497838259E0
5.105540104E1,-5.193624496E-1,1.088942401E-2,-1.409119129E0
5.106543100E1,-3.785089552E-1,-1.272186488E-1,-1.231794238E0
5.107546200E1,-4.641306400E-1,-4.354928732E-1,-1.016778350E0
5.108549200E1,-5.190181136E-1,-7.434474826E-1,-7.029846311E-1
5.109552300E1,-6.460199952E-1,-1.046661019E0,-3.708306253E-1
5.110555400E1,-8.555351496E-1,-1.365879536E0,-9.628081322E-2
5.111558400E1,-1.024441242E0,-1.808084846E0,2.334249318E-1
5.112561500E1,-1.261220694E0,-2.250606060E0,6.732883453E-1
5.113564500E1,-1.602563381E0,-2.328797579E0,1.275939822E0
5.114567600E1,-1.692060947E0,-1.678999662E0,1.889373422E0
5.115570600E1,-1.196674705E0,-6.599045992E-1,2.344828367E0
5.116573700E1,-3.660523593E-1,4.589274526E-1,2.436488390E0
5.117576800E1,2.862981856E-1,9.712629914E-1,2.222939014E0
5.118579800E1,6.166335344E-1,1.035506964E0,1.715029597E0
5.119582900E1,6.443335414E-1,9.010254145E-1,9.724128842E-1
5.120585900E1,4.136877954E-1,9.741798043E-1,2.497696877E-1
5.121589000E1,-6.595454365E-2,1.122549176E0,-4.335219264E-1
5.122592000E1,-7.366482019E-1,1.114408731E0,-1.115306377E0
5.123595100E1,-1.813295603E0,7.189353108E-1,-1.814873576E0
5.124598200E1,-4.244825363E0,-1.184507132E0,-2.793631077E0
5.125601200E1,-4.877590656E0,-1.834154129E-1,-4.351419926E0
5.126604300E1,-3.332294703E0,3.397387981E0,-4.547405243E0
5.127607300E1,-1.120203376E0,1.680599093E0,-3.659235239E0
5.128610400E1,-1.978561133E-1,-4.368062615E-1,-2.405029774E0
5.129613500E1,2.927585542E-1,-5.323706269E-1,-1.462232232E0
5.130616500E1,4.717517495E-1,-3.072879314E-1,-4.742977023E-1
5.131619600E1,-1.217508689E-1,-3.839883581E-2,4.829768091E-2
5.132622600E1,-8.350753784E-1,1.332774200E-2,6.136489511E-1
5.133625700E1,-1.204764724E0,-4.432849288E-1,1.202502966E0
5.134628800E1,-1.120380402E0,-6.965555549E-1,1.433143020E0
5.135631800E1,-4.536736310E-1,-9.488803148E-1,1.569528580E0
5.136634900E1,2.683756351E-1,-1.240792632E0,1.619180083E0
5.137637900E1,1.031242132E0,-1.217220783E0,1.580764771E0
5.138641000E1,1.408184409E0,-1.075702786E0,1.634347320E0
5.139644100E1,1.475000978E0,-1.002649546E0,1.633845448E0
5.140647100E1,1.550058722E0,-9.852642417E-1,1.608735323E0
5.141650200E1,1.418126464E0,-1.099143624E0,1.497193456E0
5.142653200E1,1.240352750E0,-1.134307981E0,1.274856806E0
5.143656300E1,9.366578460E-1,-1.153607130E0,9.079868793E-1
5.144659400E1,6.495826840E-1,-1.419260740E0,5.625059009E-1
5.145662400E1,6.002979279E-1,-1.693209767E0,2.715847194E-1
5.146665500E1,6.975445747E-1,-1.749048233E0,1.210840046E-2
5.147668500E1,8.508280516E-1,-1.664950371E0,-3.428775370E-1
5.148671600E1,9.997912049E-1,-1.648856521E0,-7.863782644E-1
5.149674600E1,9.897292256E-1,-1.416122079E0,-1.170637608E0
5.150677700E1,5.997912884E-1,-4.963564873E-1,-1.376357555E0
5.151680800E1,1.678952761E-2,6.003557444E-1,-1.405880094E0
5.152683800E1,-3.491945863E-1,7.450969815E-1,-1.318747044E0
5.153686900E1,-4.538457692E-1,7.912986875E-1,-1.106822491E0
5.154689900E1,-2.488095313E-1,9.718599319E-1,-8.544868231E-1
5.155693000E1,1.167266909E-2,1.315990329E0,-6.129634380E-1
5.156696100E1,1.931031793E-1,1.584486842E0,-3.329957128E-1
5.157699100E1,4.992301762E-1,1.881147861E0,-6.072905287E-2
5.158702200E1,1.877874613E0,2.047573328E0,6.408330202E-1
5.159705200E1,3.991956711E0,1.783564806E0,2.539624453E0
5.160708300E1,3.001718998E0,3.341811419E0,2.660619974E0
5.161711400E1,2.214023352E0,3.442678928E0,2.411125660E0
5.162714400E1,1.340495229E0,2.805811644E0,1.413788915E0
5.163717500E1,2.019643337E-1,2.581487656E0,5.328652263E-1
5.164720500E1,2.684951723E-1,2.015628576E0,1.131752655E-1
5.165723600E1,6.840492487E-1,1.489792705E0,4.173153639E-1
5.166726600E1,1.675259709E0,4.103394598E-2,5.020424724E-1
5.167729700E1,1.594071865E0,-7.631262541E-1,2.289082855E-1
5.168732800E1,5.232103467E-1,-1.336141825E0,-1.110663265E-1
5.169735800E1,-5.919451714E-1,-1.589867830E0,-4.335374832E-1
5.170738900E1,-1.195718408E0,-1.491327167E0,-6.749114990E-1
5.171741900E1,-1.399177432E0,-7.667542696E-1,-9.675225019E-1
5.172745000E1,-1.294485450E0,-8.988286555E-2,-1.167939186E0
5.173748100E1,-1.004406214E0,-3.423514543E-3,-1.101336479E0
5.174751100E1,-7.649547458E-1,-1.853208840E-1,-9.785161018E-1
5.175754200E1,-6.232176423E-1,-4.964740872E-1,-7.927727103E-1
5.176757200E1,-6.095002294E-1,-9.092826843E-1,-5.503963232E-1
5.177760300E1,-7.339525223E-1,-1.147296786E0,-3.295188546E-1
5.178763300E1,-8.919754624E-1,-1.227708817E0,-1.480071247E-1
5.179766400E1,-9.600334167E-1,-1.431482434E0,5.572367832E-2
5.180769500E1,-1.042937279E0,-1.699834824E0,3.376597464E-1
5.181772500E1,-1.266616821E0,-1.593481541E0,7.849438787E-1
5.182775600E1,-1.256453156E0,-1.025003433E0,1.268476248E0
5.183778600E1,-7.379639745E-1,-5.715883151E-2,1.643844008E0
5.184781700E1,1.834128983E-2,8.348349929E-1,1.804566026E0
5.185784700E1,7.099586129E-1,9.351845980E-1,1.765684605E0
5.186787800E1,1.149746656E0,8.809676766E-1,1.539737940E0
5.187790900E1,1.290431857E0,8.082863688E-1,1.088087082E0
5.188793900E1,1.115826488E0,8.092864156E-1,5.509820580E-1
5.189797000E1,5.219193101E-1,7.864946723E-1,-4.913896695E-2
5.190800000E1,-7.119085789E-1,8.008307219E-1,-8.216375709E-1
5.191803100E1,-3.137821674E0,-3.158255517E-1,-1.823434353E0
5.192806100E1,-5.467621326E0,-7.792275548E-1,-3.764712811E0
5.193809200E1,-4.721316814E0,2.439770460E0,-4.892150402E0
5.194812300E1,-2.001867294E0,2.969329119E0,-4.252484798E0
5.195815300E1,-1.879903972E-1,2.458387315E-1,-3.195257425E0
5.196818400E1,1.578511596E-1,-3.277278543E-1,-2.007713318E0
5.197821400E1,6.651851535E-1,9.520979971E-2,-9.935542941E-1
5.198824500E1,3.514029980E-1,4.803186059E-1,-5.136694312E-1
5.199827600E1,-3.949037492E-1,5.599098206E-1,-2.535014227E-2
5.200830600E1,-8.366057873E-1,3.008038998E-1,4.522643387E-1
5.201833700E1,-1.038634777E0,-1.204858795E-1,8.609805703E-1
5.202836700E1,-8.640843630E-1,-6.573298573E-1,1.087962985E0
5.203839800E1,-3.904924691E-1,-1.280699730E0,1.185834646E0
5.204842900E1,1.082483307E-1,-1.628512025E0,1.303369761E0
5.205845900E1,3.902999163E-1,-1.401643038E0,1.441519499E0
5.206849012E1,6.286796927E-1,-9.343174100E-1,1.630850792E0
5.207852013E1,8.196100593E-1,-7.130221128E-1,1.697772861E0
5.208855113E1,8.768509626E-1,-8.103356361E-1,1.580998063E0
5.209858212E1,8.319275975E-1,-9.904243350E-1,1.415426850E0
5.210861213E1,7.941594720E-1,-1.265053988E0,1.183954835E0
5.211864313E1,6.678961515E-1,-1.445906401E0,1.001242280E0
5.212867313E1,4.422140121E-1,-1.566354036E0,8.559434414E-1
5.213870413E1,1.974104792E-1,-1.594208956E0,6.077101231E-1
5.214873513E1,2.057131529E-1,-1.780194640E0,2.413406819E-1
5.215876513E1,3.116514385E-1,-1.845381141E0,-1.518265009E-1
5.216879612E1,3.589132130E-1,-1.508535981E0,-5.304638147E-1
5.217882613E1,1.765444428E-1,-5.908154249E-1,-8.041319847E-1
5.218885713E1,-2.405244261E-1,4.859402776E-1,-8.946874142E-1
5.219888712E1,-5.144446492E-1,7.478213906E-1,-7.847449183E-1
5.220891813E1,-4.133726358E-1,6.615086198E-1,-6.976878047E-1
5.221894913E1,-1.148924753E-1,9.958114028E-1,-5.930930376E-1
5.222897913E1,2.008274049E-1,1.401673317E0,-5.488523245E-1
5.223901012E1,4.479825795E-1,1.760640860E0,-5.024885535E-1
5.224904013E1,7.168624997E-1,2.037557840E0,-4.635409117E-1
5.225907113E1,1.781018615E0,2.247823000E0,-3.057506680E-1
5.226910212E1,4.367275238E0,1.811181188E0,1.631528139E0
5.227913213E1,3.991299868E0,2.975955009E0,2.105453968E0
5.228916313E1,3.181630135E0,3.153953791E0,1.990472436E0
5.229919312E1,1.744108915E0,2.504831791E0,1.411058903E0
5.230922413E1,6.778619885E-1,2.692679405E0,2.606658936E-1
5.231925513E1,1.856469810E-1,2.711782932E0,-7.062063366E-2
5.232928513E1,6.496639252E-1,2.142064571E0,1.577395648E-1
5.233931612E1,1.574344039E0,2.806790471E-1,7.574039698E-1
5.234934613E1,2.227208853E0,-1.618222952E0,7.370379567E-1
5.235937713E1,1.130901217E0,-1.927191496E0,1.276673824E-1
5.236940712E1,-4.037637413E-1,-1.464111805E0,-6.764922142E-1
5.237943813E1,-1.537364483E0,-9.090900421E-1,-1.183075905E0
5.238946913E1,-1.900267601E0,-6.349745989E-1,-1.442961812E0
5.239949913E1,-1.821950793E0,-5.269519687E-1,-1.535935998E0
5.240953013E1,-1.422231913E0,-3.616285026E-1,-1.625802517E0
5.241956013E1,-9.631452560E-1,-5.388871431E-1,-1.608803511E0
5.242959113E1,-6.835197210E-1,-7.722636461E-1,-1.494519353E0
5.243962112E1,-7.237088680E-1,-1.036488652E0,-1.287802577E0
5.244965213E1,-8.428725600E-1,-1.285700560E0,-1.032802463E0
5.245968313E1,-8.473790884E-1,-1.486451983E0,-6.864172816E-1
5.246971312E1,-8.359413743E-1,-1.441917777E0,-2.623256445E-1
5.247974413E1,-8.353710175E-1,-1.375822544E0,2.447409332E-1
5.248977413E1,-9.156115055E-1,-1.505558133E0,8.941373229E-1
5.249980513E1,-1.029202342E0,-1.711866260E0,1.585035682E0
5.250983513E1,-9.532370567E-1,-1.514772177E0,2.206890583E0
5.251986613E1,-6.010985970E-1,-5.526899099E-1,2.529850483E0
5.252989713E1,9.073019773E-2,5.451915860E-1,2.507008076E0
5.253992712E1,7.958188653E-1,8.081467152E-1,2.182817459E0
5.254995813E1,1.177640557E0,5.758453012E-1,1.634293318E0
5.255998813E1,1.120983362E0,5.245990753E-1,9.682719111E-1
5.257001912E1,8.348789811E-1,5.800668597E-1,2.293637544E-1
5.258004913E1,3.715527654E-1,6.892026663E-1,-5.078588128E-1
5.259008013E1,-2.326234132E-1,6.743270159E-1,-1.177351475E0
5.260011113E1,-1.264381289E0,3.703846037E-1,-1.899128199E0
5.261014112E1,-3.531198502E0,-1.256133437E0,-2.808493376E0
5.262017213E1,-4.333248138E0,-9.949851036E-2,-4.501574516E0
5.263020213E1,-3.060732841E0,3.744436264E0,-4.736248970E0
5.264023312E1,-9.645797014E-1,1.930285454E0,-3.780669928E0
5.265026413E1,-9.419657290E-3,7.018342614E-1,-2.672255516E0
5.266029413E1,7.437914610E-1,2.688374519E-1,-1.683171630E0
5.267032513E1,8.592565656E-1,5.215770602E-1,-7.722733021E-1
5.268035513E1,1.420242339E-1,5.207291842E-1,-2.414581925E-1
5.269038613E1,-6.953423619E-1,2.226468474E-1,3.115708828E-1
5.270041713E1,-1.222676992E0,-6.886781752E-2,8.207683563E-1
5.271044712E1,-1.434916019E0,-2.788636684E-1,1.243206978E0
5.272047813E1,-1.100392818E0,-4.608404338E-1,1.509813070E0
5.273050813E1,-1.966391653E-1,-7.511913180E-1,1.775040030E0
5.274053912E1,4.463335872E-1,-9.659625888E-1,1.882672787E0
5.275057013E1,7.690754533E-1,-1.006050110E0,1.904470444E0
5.276060013E1,7.536235452E-1,-8.440803885E-1,1.926110864E0
5.277063113E1,6.515376568E-1,-7.798247337E-1,1.859945178E0
5.278066113E1,5.879111886E-1,-7.777565122E-1,1.682503462E0
5.279069213E1,4.481753707E-1,-8.627827168E-1,1.418635011E0
5.280072313E1,2.467013150E-1,-1.092353821E0,1.048383117E0
5.281075312E1,6.582634896E-2,-1.409072161E0,6.379215717E-1
5.282078413E1,2.400796302E-2,-1.746175170E0,1.965853572E-1
5.283081413E1,1.231718361E-1,-1.870599985E0,-1.551503241E-1
5.284084512E1,2.901788950E-1,-1.938668013E0,-5.316680670E-1
5.285087613E1,4.245801270E-1,-2.043788910E0,-9.304702878E-1
5.286090613E1,4.788231254E-1,-2.095056057E0,-1.271083832E0
5.287093713E1,2.820120454E-1,-1.397809267E0,-1.472455859E0
5.288096713E1,-2.216854990E-1,-6.394491531E-3,-1.449858904E0
5.289099813E1,-4.619319439E-1,5.908385515E-1,-1.280267477E0
5.290102813E1,-4.031207561E-1,5.750275254E-1,-9.307354689E-1
5.291105912E1,-1.267797202E-1,9.021406770E-1,-5.320506692E-1
5.292109013E1,2.221492082E-1,1.514970541E0,-1.896399111E-1
5.293112013E1,5.411431789E-1,1.992762208E0,1.448677629E-1
5.294115113E1,8.433939219E-1,2.348876715E0,4.284167588E-1
5.295118113E1,1.352459788E0,2.378375053E0,6.831858754E-1
5.296121213E1,3.048070669E0,1.333079219E0,1.721320033E0
5.297124313E1,4.019566536E0,3.257182837E-1,2.888213634E0
5.298127312E1,3.541205168E0,3.588649035E0,2.525489569E0
5.299130413E1,2.740951777E0,2.311331272E0,1.972766399E0
5.300133413E1,1.641543031E0,1.765228987E0,6.274142861E-1
5.301136512E1,9.783520103E-1,1.848936915E0,-7.816961035E-3
5.302139513E1,1.375175834E0,1.661358595E0,-1.503966153E-1
5.303142613E1,1.582094431E0,9.677276015E-1,1.748933345E-1
5.304145713E1,2.035126209E0,-7.241979241E-1,3.003844619E-1
5.305148713E1,1.784682989E0,-1.518716335E0,1.101758853E-1
5.306151813E1,8.152665496E-1,-1.577696800E0,-3.362275064E-1
5.307154838E1,-2.053976953E-1,-1.460695028E0,-7.903574705E-1
5.308157938E1,-6.459797025E-1,-1.220018744E0,-1.172201633E0
5.309161037E1,-8.871968389E-1,-8.176423907E-1,-1.372230411E0
5.310164038E1,-8.646624684E-1,-4.395255744E-1,-1.489162207E0
5.311167138E1,-6.311498880E-1,-2.905344963E-1,-1.468905330E0
5.312170137E1,-5.340695381E-1,-3.730645180E-1,-1.379713058E0
5.313173238E1,-5.692349672E-1,-6.416070461E-1,-1.253362298E0
5.314176238E1,-6.515976191E-1,-9.739542007E-1,-1.013243675E0
5.315179338E1,-7.312996387E-1,-1.128952742E0,-6.674215794E-1
5.316182438E1,-9.317544103E-1,-1.208053827E0,-4.064835906E-1
5.317185438E1,-1.170944691E0,-1.277288914E0,-1.212015152E-1
5.318188538E1,-1.341117620E0,-1.398833990E0,2.902765274E-1
5.319191537E1,-1.460424542E0,-1.511011600E0,8.514498472E-1
5.320194638E1,-1.605881095E0,-1.332101107E0,1.552076459E0
5.321197738E1,-1.380150318E0,-8.032769561E-1,2.177346945E0
5.322200737E1,-6.951102614E-1,2.329832315E-1,2.500833988E0
5.323203838E1,1.077329665E-1,9.323866367E-1,2.494382620E0
5.324206838E1,6.125987768E-1,1.082435131E0,2.185358047E0
5.325209938E1,7.413248420E-1,9.899198413E-1,1.672771692E0
5.326212938E1,5.463863611E-1,8.010900021E-1,1.054581046E0
5.327216038E1,1.607981771E-1,7.061573267E-1,4.229339063E-1
5.328219138E1,-6.720475554E-1,5.854485631E-1,-2.756744027E-1
5.329222137E1,-2.310193300E0,4.230769873E-1,-1.161029458E0
5.330225238E1,-4.893734932E0,-1.713209748E-1,-2.518757820E0
5.331228238E1,-5.193996429E0,1.402894020E0,-4.283829212E0
5.332231337E1,-3.515630007E0,3.423518658E0,-4.379609108E0
5.333234338E1,-8.204469681E-1,1.955762267E0,-3.724916220E0
5.334237438E1,-9.167450666E-2,-3.269480541E-2,-2.669337749E0
5.335240538E1,4.145564437E-1,-6.370872259E-1,-1.275835395E0
5.336243538E1,9.951896071E-1,-3.326282203E-1,-8.499796987E-1
5.337246638E1,3.131244481E-1,4.528679550E-1,-5.218548179E-1
5.338249638E1,-8.714778423E-1,6.686680913E-1,3.855816275E-2
5.339252737E1,-1.339584351E0,4.239974022E-1,5.788828731E-1
5.340255838E1,-1.280681372E0,-2.430799156E-1,1.053646564E0
5.341258838E1,-8.213009834E-1,-8.990708590E-1,1.367540121E0
5.342261938E1,-6.606318057E-2,-1.132040977E0,1.554629564E0
5.343264938E1,6.626844406E-1,-1.150952935E0,1.672588110E0
5.344268038E1,9.713117480E-1,-9.747461081E-1,1.694974065E0
5.345271138E1,1.173863769E0,-7.933603525E-1,1.654571056E0
5.346274137E1,1.186305046E0,-9.117324352E-1,1.524068475E0
5.347277238E1,9.741659760E-1,-1.119004369E0,1.274705172E0
5.348280238E1,6.698771119E-1,-1.417823195E0,1.011292100E0
5.349283337E1,5.073923469E-1,-1.685582161E0,7.597969770E-1
5.350286438E1,3.557531238E-1,-1.722488403E0,5.524809361E-1
5.351289438E1,3.339210451E-1,-1.648439407E0,3.769645095E-1
5.352292538E1,3.885321021E-1,-1.536197901E0,2.058315873E-1
5.353295538E1,4.471083283E-1,-1.390762091E0,-1.488601863E-1
5.354298638E1,5.025289655E-1,-1.441014528E0,-5.133737326E-1
5.355301738E1,4.945085943E-1,-1.264849663E0,-9.133477807E-1
5.356304737E1,1.538438499E-1,-4.996388257E-1,-1.115537524E0
5.357307838E1,-3.137707412E-1,2.219212353E-1,-1.051122308E0
5.358310838E1,-5.847955346E-1,4.554431736E-1,-8.913018107E-1
5.359313937E1,-5.407167673E-1,4.343714416E-1,-6.595141292E-1
5.360317038E1,-3.235193491E-1,8.600476980E-1,-5.291255713E-1
5.361320038E1,-5.851512775E-2,1.366315126E0,-4.467097521E-1
5.362323138E1,3.262210190E-1,1.962807655E0,-3.022057414E-1
5.363326138E1,1.608291745E0,2.742606640E0,-3.595355526E-2
5.364329238E1,4.214720726E0,3.055168390E0,1.657401562E0
5.365332238E1,3.428128719E0,2.736785889E0,2.241345406E0
5.366335337E1,2.521520853E0,3.891804934E0,2.119879246E0
5.367338438E1,1.613209963E0,3.318265676E0,1.789448023E0
5.368341438E1,8.277708888E-1,2.794524431E0,1.069020748E0
5.369344538E1,3.269956112E-1,2.166111469E0,5.674311519E-1
5.370347538E1,1.091390491E0,2.141290903E0,5.893377662E-1
5.371350638E1,2.301235199E0,6.852147579E-1,9.436239600E-1
5.372353738E1,2.484043121E0,-8.036457896E-1,7.399156690E-1
5.373356737E1,1.487724185E0,-1.451248884E0,1.749907583E-1
5.374359838E1,3.997751698E-2,-1.755304694E0,-5.980912447E-1
5.375362838E1,-7.586248517E-1,-1.959672213E0,-1.045663118E0
5.376365937E1,-1.009325981E0,-1.436908245E0,-1.347172141E0
5.377368938E1,-1.160233378E0,-9.024619460E-1,-1.413349748E0
5.378372038E1,-1.000154853E0,-4.887374341E-1,-1.448565722E0
5.379375138E1,-6.465824842E-1,-4.031200111E-1,-1.406507730E0
5.380378138E1,-4.624404013E-1,-5.109858513E-1,-1.284106493E0
5.381381238E1,-4.162803888E-1,-8.035399318E-1,-1.067308426E0
5.382384238E1,-4.424371421E-1,-1.055643678E0,-7.412580848E-1
5.383387337E1,-5.416684151E-1,-1.083099723E0,-4.625487328E-1
5.384390438E1,-6.537863016E-1,-1.131440520E0,-1.805874556E-1
5.385393438E1,-7.491277456E-1,-1.281155467E0,2.195538282E-1
5.386396537E1,-8.760007620E-1,-1.531738520E0,7.722319365E-1
5.387399538E1,-1.046716094E0,-1.551350236E0,1.489184737E0
5.388402638E1,-9.180479646E-1,-1.086641788E0,2.175899029E0
5.389405638E1,-3.529547453E-1,1.945205331E-1,2.502190113E0
5.390408738E1,5.843135715E-1,1.112480760E0,2.466006756E0
5.391411838E1,1.312463641E0,9.576105475E-1,2.254165649E0
5.392414838E1,1.598931432E0,8.557478786E-1,1.580632925E0
5.393417937E1,1.516973972E0,5.433188677E-1,9.715901017E-1
5.394420938E1,1.104778051E0,5.579496026E-1,2.475433350E-1
5.395424038E1,2.965806425E-1,7.332372665E-1,-5.078843832E-1
5.396427037E1,-7.833645344E-1,8.695182800E-1,-1.352469683E0
5.397430138E1,-2.713250160E0,3.406587243E-1,-2.379717112E0
5.398433238E1,-5.671164989E0,-1.427447915E0,-3.926167488E0
5.399436238E1,-5.419055939E0,1.497213125E0,-4.908083439E0
5.400439337E1,-2.326847076E0,2.658540964E0,-3.892072916E0
5.401442338E1,-6.662222743E-1,6.990522742E-1,-2.906253815E0
5.402445438E1,-4.604883194E-1,-3.087283075E-1,-1.776099205E0
5.403448537E1,-5.914941058E-2,-3.589960039E-1,-6.260498762E-1
5.404451538E1,-3.165826797E-1,5.607955456E-1,1.255947202E-1
5.405454638E1,-7.675149441E-1,4.560893774E-1,5.741043091E-1
5.406457637E1,-1.325833559E0,-9.511695802E-2,9.164024591E-1
5.407460775E1,-1.404723287E0,-5.117977858E-1,1.104796886E0
5.408463875E1,-1.160448432E0,-6.257787943E-1,1.212311387E0
5.409466875E1,-4.884095788E-1,-7.018232346E-1,1.293306112E0
5.410469975E1,3.426576257E-1,-9.199094176E-1,1.230338931E0
5.411472975E1,8.385001421E-1,-1.000072241E0,1.205931306E0
5.412476075E1,1.029906988E0,-7.692608833E-1,1.192755580E0
5.413479175E1,1.064274311E0,-7.914963961E-1,1.149508476E0
5.414482175E1,1.065796614E0,-1.101042986E0,1.030582309E0
5.415485275E1,1.019020915E0,-1.508978724E0,8.828958273E-1
5.416488275E1,9.174461365E-1,-1.827061892E0,8.101747036E-1
5.417491375E1,7.092050314E-1,-2.022124052E0,7.374115586E-1
5.418494475E1,4.097039104E-1,-1.983500838E0,6.208254099E-1
5.419497475E1,2.191949487E-1,-1.944567561E0,4.489253163E-1
5.420500575E1,3.064879775E-1,-1.931402802E0,1.714204550E-1
5.421503575E1,5.672404766E-1,-2.013112307E0,-2.351323813E-1
5.422506675E1,7.511643767E-1,-1.553237081E0,-6.487002969E-1
5.423509775E1,3.641850054E-1,-9.713802487E-2,-8.580242395E-1
5.424512775E1,-1.127120182E-1,6.336322427E-1,-9.343993664E-1
5.425515875E1,-3.395576775E-1,4.580691755E-1,-8.457648158E-1
5.426518875E1,-4.214774370E-1,6.002166867E-1,-7.582402825E-1
5.427521975E1,-2.889358997E-1,9.420248866E-1,-6.641979218E-1
5.428524975E1,-1.610356849E-3,1.472512484E0,-5.457607508E-1
5.429528075E1,2.606460452E-1,1.948389292E0,-4.107803106E-1
5.430531175E1,4.782901406E-1,2.319430590E0,-3.316863477E-1
5.431534175E1,1.115984797E0,2.509447575E0,-1.853736192E-1
5.432537275E1,3.319442272E0,2.016697884E0,1.378816724E0
5.433540275E1,3.577024460E0,2.666060448E0,2.387736082E0
5.434543375E1,3.105055094E0,3.818335056E0,2.441546917E0
5.435546475E1,1.971478701E0,3.284496069E0,1.987785339E0
5.436549475E1,9.288111925E-1,2.871685982E0,8.287563324E-1
5.437552575E1,7.158707380E-1,2.515385628E0,3.844757974E-1
5.438555575E1,1.051554203E0,1.856384397E0,2.161396444E-1
5.439558675E1,1.564061761E0,7.712358236E-2,6.457304358E-1
5.440561775E1,2.081906557E0,-1.161169767E0,6.650621891E-1
5.441564775E1,1.531344533E0,-1.326744080E0,1.397821754E-1
5.442567875E1,3.973637223E-1,-1.294076204E0,-4.405775368E-1
5.443570875E1,-7.004054189E-1,-1.315682411E0,-8.310994506E-1
5.444573975E1,-1.152152181E0,-1.073529243E0,-1.050232410E0
5.445576975E1,-1.199067712E0,-5.243223310E-1,-1.207078457E0
5.446580075E1,-1.027922630E0,-1.303247660E-1,-1.274312258E0
5.447583175E1,-8.705191612E-1,-2.394299507E-1,-1.232759714E0
5.448586175E1,-7.550772429E-1,-5.278649926E-1,-1.042657137E0
5.449589275E1,-7.566018701E-1,-8.545285463E-1,-8.149667978E-1
5.450592275E1,-9.120711088E-1,-1.019245863E0,-5.899459124E-1
5.451595375E1,-1.163578391E0,-1.013320565E0,-4.119586051E-1
5.452598475E1,-1.418862224E0,-1.244884849E0,-2.508005500E-1
5.453601475E1,-1.604320765E0,-1.629146457E0,-1.593638584E-2
5.454604575E1,-1.773367524E0,-1.934259415E0,4.100260139E-1
5.455607575E1,-1.986556530E0,-1.848246217E0,1.066245675E0
5.456610675E1,-1.837124586E0,-1.190971971E0,1.686843157E0
5.457613675E1,-1.182903051E0,-4.172334075E-2,2.078206778E0
5.458616775E1,-2.449965030E-1,1.057228565E0,2.183796167E0
5.459619875E1,5.700175762E-1,1.379175544E0,2.042681694E0
5.460622875E1,1.139546990E0,1.140620828E0,1.683168769E0
5.461625975E1,1.292591691E0,8.801257610E-1,1.143068552E0
5.462628975E1,1.071956754E0,8.051231503E-1,5.157129765E-1
5.463632075E1,4.142411649E-1,6.524915695E-1,-1.347611547E-1
5.464635075E1,-6.469773054E-1,5.518772602E-1,-9.109787941E-1
5.465638175E1,-2.483659744E0,-1.399305016E-1,-1.827156782E0
5.466641275E1,-5.308563709E0,-1.332966924E0,-3.318375587E0
5.467644275E1,-5.069246769E0,1.382152081E0,-4.848371506E0
5.468647375E1,-2.528975487E0,3.087663174E0,-4.501832485E0
5.469650375E1,-4.975226521E-1,1.156430364E0,-3.667417288E0
5.470653475E1,-1.320576966E-1,-4.497316107E-2,-2.453829765E0
5.471656575E1,1.635020375E-1,-1.710586548E-1,-1.367942691E0
5.472659575E1,1.169715598E-1,4.598972797E-1,-4.296662509E-1
5.473662675E1,-3.040001690E-1,5.635624528E-1,2.620504200E-1
5.474665675E1,-8.120632172E-1,5.325702429E-1,8.752186298E-1
5.475668775E1,-9.680256844E-1,1.152824387E-1,1.293063402E0
5.476671875E1,-8.334783316E-1,-4.192258418E-1,1.514368176E0
5.477674875E1,-4.979999065E-1,-8.321907520E-1,1.658993721E0
5.478677975E1,1.305752993E-1,-9.876944423E-1,1.598392367E0
5.479680975E1,6.641231179E-1,-9.715620875E-1,1.559720755E0
5.480684075E1,9.183402658E-1,-8.507106304E-1,1.451140404E0
5.481687175E1,9.909929037E-1,-7.787131667E-1,1.378032207E0
5.482690175E1,9.816727638E-1,-1.009407520E0,1.268967867E0
5.483693275E1,9.623709917E-1,-1.277217388E0,1.113009930E0
5.484696275E1,8.657906055E-1,-1.580388308E0,9.737094641E-1
5.485699375E1,5.812147856E-1,-1.803102016E0,8.253647685E-1
5.486702475E1,2.060807943E-1,-1.783395886E0,6.524854898E-1
5.487705475E1,6.150363758E-2,-1.792987823E0,4.858166277E-1
5.488708575E1,1.335288286E-1,-1.798241258E0,2.621463239E-1
5.489711575E1,3.799857497E-1,-1.840706110E0,-6.043865159E-2
5.490714675E1,6.532086730E-1,-1.885768533E0,-4.071610570E-1
5.491717775E1,6.488139033E-1,-1.155731082E0,-5.897567272E-1
5.492720775E1,2.966823578E-1,5.410593469E-3,-6.126120090E-1
5.493723875E1,1.987178996E-2,5.506573915E-1,-5.124156475E-1
5.494726875E1,-9.709963202E-2,5.739431977E-1,-4.106808901E-1
5.495729975E1,1.144879833E-1,8.157172203E-1,-3.107018471E-1
5.496733075E1,3.408590257E-1,1.240912318E0,-2.498751134E-1
5.497736075E1,5.680767298E-1,1.763740420E0,-3.496440649E-1
5.498739175E1,8.648126721E-1,2.303323746E0,-3.493821025E-1
5.499742175E1,2.544560909E0,2.856023073E0,1.631560177E-1
5.500745275E1,4.056750774E0,1.956875443E0,1.797559381E0
5.501748375E1,2.978673697E0,3.192915440E0,1.881410956E0
5.502751375E1,2.217290878E0,3.280862093E0,1.984961867E0
5.503754475E1,1.296199799E0,3.236999989E0,1.389050245E0
5.504757475E1,5.895433426E-1,3.371092796E0,3.449530303E-1
5.505760575E1,5.429676175E-1,3.113744020E0,-2.224217355E-1
5.506763675E1,1.376807928E0,1.165468216E0,7.313012481E-1
5.507766567E1,2.089371681E0,-7.728018761E-1,9.621203542E-1
5.508769667E1,1.590547681E0,-1.383520842E0,7.022929192E-1
5.509772667E1,1.264589727E-1,-1.538948536E0,1.186310947E-1
5.510775767E1,-9.620432854E-1,-1.889666438E0,-4.842074811E-1
5.511778767E1,-1.490493894E0,-1.816476345E0,-8.356003761E-1
5.512781867E1,-1.486543894E0,-1.278884411E0,-1.093928099E0
5.513784967E1,-1.366848707E0,-5.578572750E-1,-1.234055042E0
5.514787967E1,-9.586081505E-1,-3.961404860E-1,-1.272394180E0
5.515791067E1,-7.248819470E-1,-4.023738801E-1,-1.274929762E0
5.516794067E1,-7.171897292E-1,-5.315035582E-1,-1.195675850E0
5.517797167E1,-7.748926878E-1,-8.843407035E-1,-9.976040125E-1
5.518800267E1,-8.314428329E-1,-1.087131619E0,-7.272566557E-1
5.519803267E1,-9.138383865E-1,-9.985842705E-1,-4.651501775E-1
5.520806367E1,-1.035726070E0,-1.083282471E0,-1.908779889E-1
5.521809367E1,-1.203835487E0,-1.423526406E0,1.724900901E-1
5.522812467E1,-1.416206002E0,-1.782491565E0,7.157804370E-1
5.523815567E1,-1.719251394E0,-1.939244986E0,1.405600190E0
5.524818567E1,-1.749225736E0,-1.374762654E0,2.027487993E0
5.525821667E1,-1.247190356E0,-2.638149261E-1,2.283206701E0
5.526824667E1,-4.600358605E-1,1.123763680E0,2.286131620E0
5.527827767E1,4.356797338E-1,1.174355984E0,2.012099981E0
5.528830767E1,8.378013372E-1,9.158617854E-1,1.544316053E0
5.529833867E1,8.020492196E-1,7.115795016E-1,9.414035082E-1
5.530836967E1,4.175421596E-1,6.291212440E-1,1.876003742E-1
5.531839967E1,-5.879670382E-1,6.854273677E-1,-6.870395541E-1
5.532843067E1,-2.608296633E0,5.601489916E-3,-1.747676969E0
5.533846067E1,-4.511163235E0,8.476638235E-3,-3.381454706E0
5.534849167E1,-4.128829479E0,2.311125278E0,-4.740218639E0
5.535852267E1,-2.474805117E0,2.594227076E0,-4.290782452E0
5.536855267E1,-6.648337841E-1,4.291203916E-1,-3.906917334E0
5.537858367E1,-2.713279724E-1,-3.572160006E-1,-2.483052492E0
5.538861367E1,4.795916080E-1,-2.374070436E-1,-1.767835975E0
5.539864467E1,4.619207382E-1,2.502696812E-1,-1.119277358E0
5.540867467E1,-4.313511848E-1,7.752397060E-1,-3.701719642E-1
5.541870567E1,-1.257339597E0,1.028035522E0,4.130932689E-1
5.542873667E1,-1.153606296E0,1.969827153E-2,1.012123227E0
5.543876667E1,-9.560231566E-1,-4.897543192E-1,1.424957156E0
5.544879767E1,-4.010654092E-1,-9.997723699E-1,1.601246953E0
5.545882867E1,2.257606685E-1,-1.047721505E0,1.574869156E0
5.546885867E1,7.526170611E-1,-9.172440171E-1,1.463377833E0
5.547888967E1,1.025951385E0,-8.628143668E-1,1.408648014E0
5.548891967E1,1.107684255E0,-8.903920054E-1,1.357241631E0
5.549895067E1,1.063942075E0,-1.204307675E0,1.321206093E0
5.550898167E1,8.123935461E-1,-1.436273456E0,1.104354382E0
5.551901167E1,6.059972644E-1,-1.554946542E0,8.682801127E-1
5.552904267E1,4.607760608E-1,-1.719768405E0,6.543071866E-1
5.553907267E1,3.166966438E-1,-1.787772775E0,4.340608418E-1
5.554910367E1,3.009008765E-1,-1.901761293E0,3.221485019E-1
5.555913467E1,4.094609022E-1,-2.034853935E0,1.946693659E-1
5.556916467E1,4.357397258E-1,-1.907524467E0,-6.227546558E-2
5.557919567E1,5.546506643E-1,-1.847355127E0,-3.237124085E-1
5.558922567E1,4.988158345E-1,-1.311484814E0,-6.178101301E-1
5.559925667E1,1.002838761E-1,3.509227931E-2,-7.211384177E-1
5.560928767E1,-2.804406583E-1,6.505854130E-1,-8.094899654E-1
5.561931767E1,-5.277420878E-1,4.558889568E-1,-7.246283293E-1
5.562934867E1,-4.824027419E-1,5.048804283E-1,-5.723165870E-1
5.563937867E1,-2.641295195E-1,8.781278133E-1,-4.492915869E-1
5.564940967E1,1.127030142E-2,1.413593411E0,-2.642558813E-1
5.565944067E1,3.590437174E-1,1.864395261E0,-3.567251563E-2
5.566947067E1,9.442294836E-1,2.451198816E0,1.202150211E-1
5.567950167E1,2.705790043E0,3.536201715E0,7.569912076E-1
5.568953167E1,3.171843052E0,2.089118719E0,2.041189194E0
5.569956267E1,2.749242783E0,4.384415627E0,1.964078426E0
5.570959367E1,2.330624819E0,3.952131033E0,1.923272491E0
5.571962367E1,1.495302677E0,3.767359495E0,1.246621132E0
5.572965467E1,8.306975365E-1,3.276730061E0,4.068192840E-1
5.573968467E1,8.662922978E-1,2.727019548E0,1.581050828E-2
5.574971567E1,1.337916255E0,1.439421177E0,3.067676723E-1
5.575974567E1,2.279673815E0,-4.964889586E-1,7.391070724E-1
5.576977667E1,2.332686186E0,-9.761068225E-1,5.637289882E-1
5.577980767E1,1.223243952E0,-1.008873224E0,2.944216691E-2
5.578983767E1,-9.119901061E-2,-1.442916036E0,-5.612447858E-1
5.579986867E1,-8.125356436E-1,-1.713373899E0,-9.486076832E-1
5.580989867E1,-1.143830538E0,-1.384234548E0,-1.165505171E0
5.581992967E1,-1.396027684E0,-9.182105064E-1,-1.319644928E0
5.582996067E1,-1.351068735E0,-8.145480156E-1,-1.434447408E0
5.583999067E1,-1.252914786E0,-9.966800213E-1,-1.346496582E0
5.585002167E1,-1.181287050E0,-1.262492895E0,-1.142422795E0
5.586005167E1,-9.693518877E-1,-1.462416410E0,-7.752147317E-1
5.587008267E1,-8.440431356E-1,-1.522461534E0,-3.732543290E-1
5.588011367E1,-9.038167000E-1,-1.449732542E0,-4.562693089E-2
5.589014367E1,-1.122381091E0,-1.525625825E0,3.127894700E-1
5.590017467E1,-1.360545397E0,-1.840805054E0,7.536616325E-1
5.591020467E1,-1.571725726E0,-2.071054220E0,1.310891151E0
5.592023567E1,-1.744669318E0,-1.926607490E0,1.907216072E0
5.593026567E1,-1.577079058E0,-1.085273623E0,2.402397871E0
5.594029667E1,-9.017959833E-1,3.759158254E-1,2.533059835E0
5.595032767E1,1.039588228E-1,1.371963382E0,2.318267822E0
5.596035767E1,8.956434131E-1,1.311371207E0,1.886701822E0
5.597038867E1,1.308676362E0,9.883149862E-1,1.344132781E0
5.598041867E1,1.378995776E0,8.622499704E-1,7.189072967E-1
5.599044967E1,1.012329817E0,8.745407462E-1,1.308900714E-1
5.600048067E1,1.362747252E-1,8.570797443E-1,-5.473704338E-1
5.601051067E1,-1.763652205E0,3.535035849E-1,-1.397458553E0
5.602054167E1,-4.786132336E0,-7.432869077E-2,-2.862053871E0
5.603057167E1,-5.166405201E0,2.241051674E0,-4.638817787E0
5.604060267E1,-2.983318090E0,3.570570230E0,-4.111183643E0
5.605063267E1,-6.337570548E-1,9.828109145E-1,-3.673708916E0
5.606066367E1,-2.508605421E-1,-2.938192785E-1,-2.627695084E0
5.607069588E1,9.744977951E-2,-6.999441981E-1,-1.462596416E0
5.608072587E1,1.409639567E-1,-1.377938092E-1,-1.004100204E0
5.609075688E1,-5.916653275E-1,1.783868521E-1,-4.104294777E-1
5.610078788E1,-1.049590111E0,3.587209284E-1,2.537522316E-1
5.611081788E1,-1.308865905E0,4.792200029E-2,1.036939263E0
5.612084888E1,-1.143944263E0,-6.695796847E-1,1.477326512E0
5.613087888E1,-8.784778714E-1,-1.218536496E0,1.691702604E0
5.614090988E1,-3.928011656E-1,-1.629761100E0,1.667027116E0
5.615094087E1,1.178942062E-2,-1.475100398E0,1.580436349E0
5.616097088E1,3.127591312E-1,-1.041248798E0,1.467783570E0
5.617100188E1,4.471826255E-1,-6.893765926E-1,1.398369908E0
5.618103187E1,4.822471142E-1,-7.045853734E-1,1.299980283E0
5.619106288E1,3.664625585E-1,-1.118889332E0,1.186773777E0
5.620109388E1,2.319369763E-1,-1.393476486E0,1.005136132E0
5.621112388E1,1.576137543E-1,-1.706543803E0,8.006832004E-1
5.622115488E1,1.289362907E-1,-1.898695588E0,5.944570303E-1
5.623118488E1,1.523198634E-1,-1.840262175E0,3.862917125E-1
5.624121588E1,1.838732660E-1,-1.857461452E0,2.197706401E-1
5.625124687E1,2.212878168E-1,-1.910477638E0,3.164274246E-2
5.626127688E1,3.224698603E-1,-1.870467901E0,-2.513428926E-1
5.627130788E1,4.050539434E-1,-1.522319317E0,-5.871797800E-1
5.628133787E1,5.475425348E-2,-4.942434430E-1,-8.687645793E-1
5.629136888E1,-5.863013268E-1,5.950314403E-1,-1.054345250E0
5.630139988E1,-1.064048409E0,6.919190884E-1,-1.110066652E0
5.631142988E1,-1.173713803E0,3.790251613E-1,-1.019953489E0
5.632146087E1,-1.003728747E0,6.739228368E-1,-7.387495637E-1
5.633149088E1,-7.198226452E-1,1.131458998E0,-4.930050969E-1
5.634152188E1,-3.101363182E-1,1.689117432E0,-2.935111523E-1
5.635155287E1,1.322979033E-1,2.252292395E0,-1.787816137E-1
5.636158288E1,8.816542029E-1,2.720078945E0,-9.198040515E-2
5.637161388E1,3.039060831E0,3.611000061E0,7.659383416E-1
5.638164388E1,3.805434227E0,2.297750235E0,2.059083462E0
5.639167488E1,2.842793465E0,3.864543915E0,1.858868361E0
5.640170588E1,1.776996970E0,3.348240137E0,2.009236574E0
5.641173588E1,8.557503223E-1,2.393988371E0,1.380126953E0
5.642176687E1,2.242908478E-1,2.377856255E0,5.518798828E-1
5.643179688E1,4.348680675E-1,2.256840229E0,3.422771394E-1
5.644182788E1,1.277050734E0,9.651708007E-1,9.907289147E-1
5.645185887E1,1.741997004E0,-1.054379225E0,1.110539556E0
5.646188888E1,1.543885469E0,-1.896184444E0,6.770645380E-1
5.647191988E1,7.465876937E-1,-1.631198168E0,-1.061837748E-1
5.648194988E1,-2.952449322E-1,-1.707048774E0,-7.172948122E-1
5.649198088E1,-8.585163355E-1,-1.460588574E0,-1.015623927E0
5.650201088E1,-9.482086897E-1,-9.831330776E-1,-1.132222772E0
5.651204188E1,-8.788132668E-1,-4.284673035E-1,-1.202669382E0
5.652207287E1,-7.363421321E-1,-6.239051744E-2,-1.218471527E0
5.653210288E1,-5.605509281E-1,5.807708949E-2,-1.149089813E0
5.654213388E1,-6.018198133E-1,-9.950641543E-2,-1.022954702E0
5.655216387E1,-8.494272828E-1,-5.196992755E-1,-8.759189248E-1
5.656219488E1,-9.770552516E-1,-9.380155802E-1,-6.922721267E-1
5.657222588E1,-1.033364773E0,-1.079154134E0,-4.192226529E-1
5.658225588E1,-1.068851113E0,-1.263401628E0,-1.310001910E-1
5.659228687E1,-1.112219214E0,-1.556765676E0,1.549064517E-1
5.660231688E1,-1.286063075E0,-1.826758862E0,5.286438465E-1
5.661234788E1,-1.621359468E0,-1.629629016E0,1.072228551E0
5.662237887E1,-1.393528104E0,-1.078278780E0,1.620366454E0
5.663240888E1,-4.418096542E-1,-1.074571982E-1,1.996324062E0
5.664243988E1,6.222395301E-1,1.272476792E0,2.133574247E0
5.665246987E1,1.411876440E0,1.303338408E0,2.085349321E0
5.666250088E1,1.725360870E0,1.032759309E0,1.749436498E0
5.667253088E1,1.639389873E0,7.098011374E-1,1.085362911E0
5.668256188E1,1.320583940E0,6.628227234E-1,3.480689824E-1
5.669259287E1,7.005591393E-1,6.682853103E-1,-4.382918477E-1
5.670262288E1,-5.763086081E-1,5.930712223E-1,-1.337134004E0
5.671265388E1,-2.973093987E0,-3.413026407E-2,-2.380021334E0
5.672268387E1,-4.951730728E0,5.462124944E-1,-4.413949966E0
5.673271488E1,-3.891971111E0,3.272887468E0,-5.049316406E0
5.674274588E1,-1.211423755E0,2.868284225E0,-4.322661400E0
5.675277588E1,1.316682845E-1,3.322584927E-1,-3.545237541E0
5.676280688E1,3.675841689E-1,-9.978943467E-1,-2.260526896E0
5.677283688E1,4.934592843E-1,-9.125301838E-1,-1.424378157E0
5.678286788E1,-3.861234486E-1,3.015737236E-1,-9.121698141E-1
5.679289887E1,-1.701284170E0,9.386126995E-1,-2.141589671E-1
5.680292888E1,-2.082026482E0,6.744569540E-1,5.243968368E-1
5.681295988E1,-1.867143035E0,-1.858510524E-1,1.218925595E0
5.682298987E1,-1.389506698E0,-8.219254613E-1,1.750224113E0
5.683302088E1,-8.846583366E-1,-1.199245334E0,2.011541605E0
5.684305188E1,-2.518284023E-1,-1.451902866E0,2.010680676E0
5.685308188E1,1.247639954E-1,-1.551022410E0,1.890435576E0
5.686311287E1,1.929955184E-1,-1.611753941E0,1.766582966E0
5.687314288E1,2.323490232E-1,-1.718626618E0,1.578099728E0
5.688317388E1,2.985187173E-1,-1.818572283E0,1.382446051E0
5.689320487E1,4.144721031E-1,-1.861289263E0,1.220356941E0
5.690323488E1,4.822415411E-1,-1.780122519E0,9.989704490E-1
5.691326588E1,5.435935259E-1,-1.825635552E0,8.547371626E-1
5.692329587E1,5.018162727E-1,-1.776403308E0,7.071599364E-1
5.693332688E1,3.676438034E-1,-1.687431097E0,5.450695753E-1
5.694335788E1,3.012815714E-1,-1.567227125E0,2.568492889E-1
5.695338788E1,3.702264130E-1,-1.302052140E0,-9.072716534E-2
5.696341887E1,4.283816218E-1,-9.659265876E-1,-4.186610878E-1
5.697344988E1,3.892123103E-1,-4.023890197E-1,-7.754606605E-1
5.698347988E1,1.097580269E-1,3.561493158E-1,-9.732429981E-1
5.699351087E1,-2.576077878E-1,9.848766923E-1,-9.798305631E-1
5.700354088E1,-4.361000359E-1,1.001301169E0,-8.938714862E-1
5.701357188E1,-3.790954649E-1,9.976273775E-1,-7.242244482E-1
5.702360188E1,-1.389430612E-1,1.207547903E0,-5.821828842E-1
5.703363288E1,1.952802390E-1,1.449975848E0,-5.124989748E-1
5.704366388E1,5.302270651E-1,1.617222309E0,-4.439052641E-1
5.705369388E1,1.194014311E0,1.920534253E0,-3.248215020E-1
5.706372487E1,3.524915695E0,2.921584606E0,6.692848802E-1
5.707375400E1,4.408767223E0,2.411037207E0,2.093457222E0
5.708378500E1,3.121390820E0,3.418661356E0,2.074216366E0
5.709381600E1,1.863218784E0,2.934004545E0,2.224068642E0
5.710384600E1,9.977047443E-1,1.832648277E0,1.691821814E0
5.711387700E1,2.451364845E-1,1.884534121E0,8.838111758E-1
5.712390700E1,4.447055459E-1,1.782582164E0,8.673912287E-1
5.713393800E1,1.093311191E0,7.402372956E-1,8.955872059E-1
5.714396900E1,1.938458443E0,-6.200286746E-1,8.890789747E-1
5.715399900E1,1.812569499E0,-1.208127737E0,4.971334934E-1
5.716403000E1,9.526081085E-1,-1.044290781E0,-1.104496792E-1
5.717406000E1,-1.022538692E-1,-1.015173793E0,-7.951504588E-1
5.718409100E1,-6.395215988E-1,-1.220133066E0,-1.153147936E0
5.719412200E1,-7.689159513E-1,-1.124666572E0,-1.230944753E0
5.720415200E1,-8.279750347E-1,-6.768376827E-1,-1.136481881E0
5.721418300E1,-8.106161952E-1,-3.990626037E-1,-1.120319605E0
5.722421300E1,-8.422747850E-1,-3.934412003E-1,-1.103075981E0
5.723424400E1,-8.897961378E-1,-5.316472054E-1,-9.514474273E-1
5.724427500E1,-1.036101699E0,-8.090918660E-1,-7.802511454E-1
5.725430500E1,-1.141967893E0,-1.075405002E0,-4.994249940E-1
5.726433600E1,-1.195303798E0,-1.351257920E0,-2.031965554E-1
5.727436600E1,-1.320405722E0,-1.500066042E0,3.361092508E-2
5.728439700E1,-1.507910848E0,-1.835142851E0,2.009120435E-1
5.729442800E1,-1.759811521E0,-1.941201448E0,4.835316241E-1
5.730445800E1,-1.897003889E0,-1.786814809E0,8.973959088E-1
5.731448900E1,-1.832087994E0,-1.309300661E0,1.417809963E0
5.732451900E1,-1.331414223E0,-3.414679468E-1,1.844747186E0
5.733455000E1,-5.528040528E-1,9.550195336E-1,1.943406701E0
5.734458000E1,8.659238368E-2,1.433405042E0,1.846665025E0
5.735461100E1,5.459647775E-1,1.231777668E0,1.560735106E0
5.736464200E1,7.824649215E-1,1.107274890E0,1.122722626E0
5.737467200E1,6.931226254E-1,9.706850648E-1,4.769471586E-1
5.738470300E1,2.347145677E-1,1.001940727E0,-1.842518151E-1
5.739473300E1,-9.380823970E-1,8.859141469E-1,-9.858800173E-1
5.740476400E1,-3.361254454E0,-3.121058643E-2,-2.029401541E0
5.741479500E1,-4.900142670E0,6.337924600E-1,-4.077848434E0
5.742482500E1,-3.777640343E0,3.155117750E0,-4.601413250E0
5.743485600E1,-1.834523559E0,2.503909111E0,-4.487354755E0
5.744488600E1,-6.086552143E-1,2.807718217E-1,-3.699755192E0
5.745491700E1,-3.054075539E-1,-1.050557017E0,-2.150113344E0
5.746494800E1,-2.789910417E-3,-6.456918120E-1,-1.213689208E0
5.747497800E1,-1.758123003E-2,4.609677792E-1,-7.727572322E-1
5.748500900E1,-6.719313860E-1,9.516432285E-1,-1.952949613E-1
5.749503900E1,-9.468813539E-1,7.558105588E-1,4.880685508E-1
5.750507000E1,-9.002541900E-1,-1.219295263E-1,1.085151911E0
5.751510100E1,-6.801570058E-1,-6.905847788E-1,1.382575393E0
5.752513100E1,-2.470732629E-1,-9.898942709E-1,1.522390604E0
5.753516200E1,2.492319494E-1,-1.097256184E0,1.429099560E0
5.754519200E1,6.152607799E-1,-1.057623506E0,1.369625330E0
5.755522300E1,7.931727171E-1,-8.706998825E-1,1.313279033E0
5.756525400E1,8.345622420E-1,-7.879317999E-1,1.266821861E0
5.757528400E1,6.535076499E-1,-9.951127768E-1,1.241343021E0
5.758531500E1,4.352530539E-1,-1.269785643E0,1.141939759E0
5.759534500E1,3.111909032E-1,-1.501055360E0,1.056628942E0
5.760537600E1,2.782212496E-1,-1.576344013E0,1.003970742E0
5.761540700E1,1.578542739E-1,-1.494223475E0,8.820861578E-1
5.762543700E1,2.183917724E-2,-1.442592502E0,7.982000709E-1
5.763546800E1,1.032752823E-2,-1.515202522E0,6.487585902E-1
5.764549800E1,2.078328729E-1,-1.751377702E0,3.675058782E-1
5.765552900E1,4.663842618E-1,-1.846927404E0,1.293615904E-3
5.766556000E1,5.155542493E-1,-1.573333979E0,-3.597694933E-1
5.767559000E1,1.535250396E-1,-4.948905408E-1,-6.136642694E-1
5.768562100E1,-2.765554786E-1,3.404589295E-1,-8.000320196E-1
5.769565100E1,-5.238726139E-1,4.712378383E-1,-8.492448926E-1
5.770568200E1,-5.551740527E-1,6.154847741E-1,-7.840581536E-1
5.771571300E1,-4.515981972E-1,9.440873265E-1,-6.897728443E-1
5.772574300E1,-2.289432883E-1,1.513201356E0,-6.796208620E-1
5.773577400E1,3.085832596E-1,2.028458118E0,-5.154964328E-1
5.774580400E1,1.964085937E0,2.855835915E0,-6.709095836E-2
5.775583500E1,4.812560558E0,3.950620413E0,1.707458735E0
5.776586600E1,3.580975056E0,3.060807228E0,2.212571859E0
5.777589600E1,1.900441647E0,3.564716578E0,2.118195534E0
5.778592700E1,9.237194061E-1,3.341524363E0,2.127046347E0
5.779595700E1,5.372713804E-1,3.387151957E0,1.640623212E0
5.780598800E1,1.225647703E-1,2.856660843E0,1.381889701E0
5.781601900E1,9.067077041E-1,1.868962884E0,1.198104382E0
5.782604900E1,1.779193640E0,2.003369331E-1,1.044010401E0
5.783608000E1,1.750131369E0,-1.201596975E0,4.045154452E-1
5.784611000E1,6.971087456E-1,-1.427225232E0,-4.146710336E-1
5.785614100E1,-5.270430446E-1,-1.855976701E0,-8.295453787E-1
5.786617200E1,-1.207288980E0,-1.852372646E0,-1.119390726E0
5.787620200E1,-1.502708554E0,-1.455079198E0,-1.133714080E0
5.788623300E1,-1.537461996E0,-7.577186823E-1,-1.206687093E0
5.789626300E1,-1.454063177E0,-3.593804240E-1,-1.214887142E0
5.790629400E1,-1.059610724E0,-2.412183285E-1,-1.183423519E0
5.791632500E1,-6.979027987E-1,-3.737695217E-1,-1.028110504E0
5.792635500E1,-5.254846811E-1,-8.081225753E-1,-7.866374254E-1
5.793638600E1,-5.501543880E-1,-1.104279041E0,-5.417056084E-1
5.794641600E1,-7.004115582E-1,-1.142599225E0,-4.243054986E-1
5.795644700E1,-7.751395106E-1,-1.246668100E0,-2.422574461E-1
5.796647700E1,-8.156152964E-1,-1.582699895E0,3.243137896E-2
5.797650800E1,-8.944533467E-1,-1.961004138E0,4.147188962E-1
5.798653900E1,-1.175863385E0,-1.975440383E0,9.770269990E-1
5.799656900E1,-1.304343939E0,-1.291120410E0,1.535982728E0
5.800660000E1,-7.589091063E-1,-3.069507778E-1,1.769756556E0
5.801663000E1,2.013879418E-1,1.198851585E0,1.714460373E0
5.802666100E1,9.718077183E-1,1.116824150E0,1.508315444E0
5.803669200E1,1.367728114E0,6.727849841E-1,1.136237144E0
5.804672200E1,1.355320692E0,3.952404857E-1,6.399186850E-1
5.805675300E1,1.133192301E0,5.174996853E-1,1.045909822E-1
5.806678300E1,4.735797048E-1,8.170853257E-1,-4.470812082E-1
5.807681375E1,-6.620093584E-1,9.855070710E-1,-1.126617670E0
5.808684375E1,-2.837997198E0,3.755435348E-1,-1.959773302E0
5.809687475E1,-5.375080585E0,-1.853985488E-1,-3.537991762E0
5.810690575E1,-4.727346897E0,2.633077860E0,-4.512348175E0
5.811693575E1,-1.869445801E0,3.033989906E0,-3.523239613E0
5.812696675E1,-1.043796897E0,5.126838684E-1,-3.344608545E0
5.813699675E1,-5.403894186E-1,8.618553728E-2,-1.928110242E0
5.814702775E1,1.021176279E-1,1.604187302E-2,-8.354545236E-1
5.815705875E1,1.592855155E-2,6.016150713E-1,-2.958503664E-1
5.816708875E1,-5.262542963E-1,8.125991821E-1,1.013641134E-1
5.817711975E1,-9.931327701E-1,4.660091400E-1,5.841736794E-1
5.818715075E1,-9.032236338E-1,-4.041153491E-1,8.847963214E-1
5.819718075E1,-6.195178032E-1,-8.059334159E-1,1.036170483E0
5.820721175E1,-1.061021313E-1,-1.007313490E0,9.893206358E-1
5.821724175E1,6.527667642E-1,-1.309706092E0,8.358560801E-1
5.822727275E1,1.028122783E0,-1.183910608E0,7.530434728E-1
5.823730375E1,1.122864604E0,-9.026145339E-1,7.340941429E-1
5.824733375E1,1.061287522E0,-7.936590314E-1,7.755190730E-1
5.825736475E1,9.425509572E-1,-8.611566424E-1,8.895308971E-1
5.826739475E1,7.060928941E-1,-1.186566949E0,1.001723170E0
5.827742575E1,4.869905710E-1,-1.562213778E0,1.072757244E0
5.828745675E1,3.535755277E-1,-1.840451002E0,1.106294394E0
5.829748675E1,1.613298357E-1,-1.883274913E0,1.022322536E0
5.830751775E1,5.066803843E-2,-1.756352663E0,9.071103930E-1
5.831754775E1,4.486918449E-2,-1.643209219E0,7.164351940E-1
5.832757875E1,1.705168635E-1,-1.657950401E0,4.230642915E-1
5.833760975E1,3.492243290E-1,-1.804328203E0,5.783617869E-2
5.834763975E1,4.363150299E-1,-1.680871487E0,-3.738161623E-1
5.835767075E1,1.878712475E-1,-7.095780373E-1,-6.648115516E-1
5.836770075E1,-2.843846977E-1,3.472510576E-1,-7.676215768E-1
5.837773175E1,-6.757820249E-1,5.860597491E-1,-7.742915154E-1
5.838776275E1,-9.787712097E-1,4.865131676E-1,-6.768115759E-1
5.839779275E1,-9.636575580E-1,5.677683949E-1,-5.384556055E-1
5.840782375E1,-8.791533113E-1,9.503315091E-1,-4.284420311E-1
5.841785375E1,-7.071978450E-1,1.534516573E0,-4.106266797E-1
5.842788475E1,-3.168334961E-1,1.994557142E0,-3.636940718E-1
5.843791575E1,1.231428027E0,2.681567669E0,-2.608207054E-2
5.844794575E1,4.342560768E0,3.896119118E0,2.023057938E0
5.845797675E1,3.032846928E0,3.179244041E0,2.184273005E0
5.846800675E1,1.926161408E0,3.509909391E0,2.204534531E0
5.847803775E1,1.234787345E0,3.410499573E0,1.970570087E0
5.848806875E1,6.553937793E-1,3.076204300E0,9.266343713E-1
5.849809875E1,2.878705598E-2,2.486479759E0,4.024119079E-1
5.850812975E1,5.693152547E-1,8.908653855E-1,1.143189907E0
5.851815975E1,1.452492356E0,-5.552521348E-1,1.227765203E0
5.852819075E1,1.417031884E0,-1.426891685E0,7.963605523E-1
5.853822175E1,8.428571224E-1,-1.139525056E0,-7.151724398E-2
5.854825175E1,1.018216237E-1,-9.875983000E-1,-8.274994493E-1
5.855828275E1,-5.085559487E-1,-1.435683250E0,-1.218590736E0
5.856831275E1,-8.502488732E-1,-1.384665847E0,-1.342751265E0
5.857834375E1,-9.534452558E-1,-9.505791068E-1,-1.323700070E0
5.858837375E1,-8.578490019E-1,-7.280480266E-1,-1.208383560E0
5.859840475E1,-6.388966441E-1,-7.747945786E-1,-1.002882004E0
5.860843575E1,-5.093442202E-1,-9.677072763E-1,-6.707314849E-1
5.861846575E1,-5.970674753E-1,-1.264558792E0,-3.871855438E-1
5.862849675E1,-7.560954690E-1,-1.363663197E0,-1.565909237E-1
5.863852675E1,-9.301840663E-1,-1.402985692E0,-4.390577227E-2
5.864855775E1,-9.803327322E-1,-1.421744943E0,1.097650081E-1
5.865858875E1,-1.005007386E0,-1.623184681E0,2.935335338E-1
5.866861875E1,-1.136924624E0,-1.795744777E0,6.170761585E-1
5.867864975E1,-1.373712778E0,-1.543117523E0,1.063855767E0
5.868867975E1,-1.301068902E0,-9.633588195E-1,1.527779818E0
5.869871075E1,-7.255720496E-1,5.068391189E-2,1.775974512E0
5.870874075E1,9.478243068E-3,1.304285526E0,1.751238465E0
5.871877175E1,7.036358714E-1,1.257372856E0,1.552641034E0
5.872880275E1,1.052313209E0,7.568497658E-1,1.120886445E0
5.873883275E1,1.036373019E0,4.588752389E-1,7.567330599E-1
5.874886375E1,8.553419709E-1,4.157980680E-1,2.863543332E-1
5.875889375E1,2.828584015E-1,6.749708652E-1,-2.413611710E-1
5.876892475E1,-7.563512325E-1,9.052860737E-1,-9.279246330E-1
5.877895575E1,-2.974637747E0,3.217262924E-1,-1.813170314E0
5.878898575E1,-5.341988564E0,-1.443162560E-1,-3.476620436E0
5.879901675E1,-4.573300838E0,2.995163202E0,-4.667507172E0
5.880904675E1,-1.984089017E0,3.779484272E0,-4.113486290E0
5.881907775E1,-6.553293020E-2,8.700715899E-1,-2.997391939E0
5.882910875E1,2.383334786E-1,-2.662436366E-1,-1.964773297E0
5.883913875E1,4.158690274E-1,1.173701286E-1,-8.762475252E-1
5.884916975E1,3.251532316E-1,4.836258888E-1,-2.541163266E-1
5.885919975E1,-3.803822994E-1,4.491887987E-1,1.456180513E-1
5.886923075E1,-1.191600919E0,5.673247576E-1,4.347686470E-1
5.887926175E1,-1.208898783E0,-1.188769564E-1,7.101271152E-1
5.888929175E1,-1.057533741E0,-6.218974590E-1,8.048930168E-1
5.889932275E1,-5.964373946E-1,-1.130574107E0,8.332908154E-1
5.890935275E1,5.992816016E-2,-1.360372066E0,7.710602283E-1
5.891938375E1,4.578649402E-1,-1.434115648E0,8.184757829E-1
5.892941475E1,5.768046379E-1,-1.115338683E0,9.246283174E-1
5.893944475E1,6.420291066E-1,-1.016467690E0,1.081690788E0
5.894947575E1,6.931953430E-1,-1.145045877E0,1.191594720E0
5.895950675E1,6.674098969E-1,-1.323821902E0,1.206240058E0
5.896953675E1,6.246802807E-1,-1.544073343E0,1.166789532E0
5.897956775E1,5.163981915E-1,-1.639439225E0,1.120578647E0
5.898959775E1,3.813565075E-1,-1.657582998E0,1.075936913E0
5.899962875E1,1.963878274E-1,-1.526211023E0,9.210043550E-1
5.900965975E1,1.975212693E-1,-1.510544896E0,7.115941644E-1
5.901968975E1,3.772003651E-1,-1.508143544E0,4.546381235E-1
5.902972075E1,6.334755421E-1,-1.486239552E0,9.282106161E-2
5.903975075E1,7.140447497E-1,-1.368268967E0,-2.500781417E-1
5.904978175E1,5.784187317E-1,-8.722488284E-1,-5.326232910E-1
5.905981275E1,2.490223348E-1,-1.056135446E-2,-7.022391558E-1
5.906984275E1,-5.639775097E-2,3.397822976E-1,-7.313834429E-1
5.907987788E1,-2.104324251E-1,2.678402662E-1,-7.030748129E-1
5.908990788E1,-2.145552635E-1,4.752238095E-1,-6.320709586E-1
5.909993887E1,-1.561260670E-1,1.024132133E0,-6.221937537E-1
5.910996988E1,3.205954656E-2,1.674687505E0,-6.143718362E-1
5.911999988E1,9.404770136E-1,2.672844648E0,-4.643669128E-1
5.913003087E1,3.647994518E0,4.166302204E0,8.922329545E-1
5.914006088E1,3.183527470E0,3.600387573E0,1.821835518E0
5.915009188E1,2.236058474E0,4.191468239E0,1.881369710E0
5.916012288E1,1.331914306E0,3.657682419E0,1.773516417E0
5.917015288E1,8.339141607E-1,3.278748512E0,1.246985197E0
5.918018388E1,4.190475941E-1,2.637188673E0,7.102729678E-1
5.919021388E1,9.261012673E-1,2.129461527E0,5.594446063E-1
5.920024487E1,1.709311485E0,7.612150311E-1,7.619199753E-1
5.921027488E1,2.069834232E0,-3.989916146E-1,3.890196383E-1
5.922030588E1,1.477094531E0,-7.244954705E-1,-1.682055444E-1
5.923033687E1,5.044789314E-1,-1.265753150E0,-5.398569107E-1
5.924036688E1,-5.275552273E-1,-1.651053071E0,-7.860952020E-1
5.925039788E1,-9.491221309E-1,-1.662084460E0,-8.490760326E-1
5.926042788E1,-1.066196561E0,-1.265610933E0,-8.762910366E-1
5.927045887E1,-1.010735154E0,-1.030026197E0,-8.476790786E-1
5.928048988E1,-8.420094848E-1,-1.078865051E0,-6.843487024E-1
5.929051988E1,-7.040694952E-1,-1.241469145E0,-4.296482205E-1
5.930055087E1,-8.197017908E-1,-1.584414363E0,-2.952684760E-1
5.931058088E1,-1.075122118E0,-1.804818630E0,-1.285082698E-1
5.932061188E1,-1.188313007E0,-1.805547714E0,7.684129477E-2
5.933064288E1,-1.149605274E0,-1.872619629E0,3.315303028E-1
5.934067288E1,-1.110799432E0,-2.331318140E0,5.772069097E-1
5.935070388E1,-1.108096838E0,-2.792843103E0,8.721927404E-1
5.936073388E1,-1.295598865E0,-2.596465349E0,1.244345665E0
5.937076487E1,-1.595200062E0,-9.769983888E-1,1.708811641E0
5.938079488E1,-1.162761331E0,3.174734712E-1,1.954459310E0
5.939082588E1,-3.612826765E-1,1.294255733E0,2.056601524E0
5.940085687E1,4.464770257E-1,1.240890384E0,1.992570639E0
5.941088688E1,9.757573605E-1,9.695574045E-1,1.632814884E0
5.942091788E1,1.080944061E0,8.496219516E-1,1.065430760E0
5.943094788E1,9.508712888E-1,9.934918284E-1,3.825962842E-1
5.944097888E1,5.035360456E-1,1.268997431E0,-3.603087664E-1
5.945100988E1,-4.017245471E-1,1.118678927E0,-1.197988153E0
5.946103988E1,-2.549526453E0,-2.540264130E-1,-2.186317444E0
5.947107087E1,-4.228502750E0,-7.725004554E-1,-3.703907251E0
5.948110088E1,-3.116353035E0,3.210398912E0,-4.571980953E0
5.949113188E1,-1.232379079E0,2.884820223E0,-3.670182467E0
5.950116287E1,3.096873462E-1,8.055827618E-1,-2.849869013E0
5.951119288E1,7.231523991E-1,2.477205545E-1,-2.125942707E0
5.952122388E1,9.418174624E-1,4.292892218E-1,-1.058103919E0
5.953125388E1,3.409188986E-1,5.768461823E-1,-5.055497289E-1
5.954128487E1,-4.470718801E-1,1.963417083E-1,-8.984434418E-3
5.955131588E1,-9.407407045E-1,-4.714227617E-1,4.639389217E-1
5.956134588E1,-8.725555539E-1,-9.151533246E-1,8.582007289E-1
5.957137687E1,-4.490654767E-1,-7.717721462E-1,1.107010603E0
5.958140688E1,1.555259228E-1,-5.476589799E-1,1.229564190E0
5.959143788E1,7.261446714E-1,-4.445190430E-1,1.231504083E0
5.960146888E1,9.518741965E-1,-3.760927618E-1,1.258867621E0
5.961149888E1,8.355523944E-1,-3.115180135E-1,1.293725967E0
5.962152988E1,6.903463006E-1,-5.580890775E-1,1.298772573E0
5.963155988E1,5.181037188E-1,-9.874420166E-1,1.246247649E0
5.964159087E1,3.507836461E-1,-1.442488670E0,1.079022050E0
5.965162188E1,3.210920691E-1,-1.827916026E0,9.181551337E-1
5.966165188E1,2.552313507E-1,-1.943736434E0,7.353917956E-1
5.967168287E1,1.382557452E-1,-1.736882329E0,5.818454027E-1
5.968171288E1,7.920467854E-2,-1.422277689E0,4.059652984E-1
5.969174388E1,1.299224645E-1,-1.344499230E0,2.297593504E-1
5.970177488E1,1.582960784E-1,-1.202386618E0,-2.160469256E-2
5.971180488E1,2.063525468E-1,-1.136913061E0,-2.858789563E-1
5.972183588E1,9.383769333E-2,-7.155046463E-1,-4.898107052E-1
5.973186588E1,-2.320258915E-1,8.752601594E-2,-5.785229802E-1
5.974189687E1,-5.156888366E-1,6.858992577E-1,-5.942113400E-1
5.975192788E1,-7.223128676E-1,9.898059368E-1,-4.810864031E-1
5.976195788E1,-7.647834420E-1,1.027419567E0,-3.477354944E-1
5.977198887E1,-6.873221993E-1,1.297717571E0,-2.271012217E-1
5.978201888E1,-5.928613544E-1,1.561466217E0,-1.405279636E-1
5.979204988E1,-3.133399189E-1,1.949471235E0,-6.846841425E-2
5.980208088E1,9.382032156E-1,2.680073500E0,2.346747965E-1
5.981211088E1,3.594094753E0,3.658488035E0,2.076391697E0
5.982214188E1,2.839890003E0,2.794834137E0,2.618727922E0
5.983217188E1,1.521124005E0,3.597401142E0,2.364392757E0
5.984220287E1,5.398980975E-1,3.380908489E0,1.891175151E0
5.985223388E1,1.546753347E-1,3.191061020E0,1.174159050E0
5.986226388E1,1.828370243E-1,2.213785172E0,6.667043567E-1
5.987229488E1,6.025664210E-1,1.461645365E0,5.606863499E-1
5.988232488E1,1.297596931E0,1.903038174E-1,5.714419484E-1
5.989235588E1,1.300874829E0,-7.865551114E-1,3.361471295E-1
5.990238688E1,4.462069273E-1,-1.122893929E0,-1.349791139E-1
5.991241687E1,-6.154832840E-1,-1.451243877E0,-5.705868006E-1
5.992244788E1,-1.267165780E0,-1.577298641E0,-7.633609176E-1
5.993247788E1,-1.428900957E0,-1.295471430E0,-9.118329287E-1
5.994250887E1,-1.443368912E0,-6.092746258E-1,-1.061024070E0
5.995253988E1,-1.179518580E0,-3.343308866E-1,-1.213444233E0
5.996256988E1,-8.610674739E-1,-2.937543094E-1,-1.244477987E0
5.997260088E1,-7.277102470E-1,-3.604158759E-1,-1.155209064E0
5.998263088E1,-8.203217983E-1,-5.193061233E-1,-8.955089450E-1
5.999266188E1,-9.571861625E-1,-7.986597419E-1,-6.077027321E-1
6.000269288E1,-9.863340259E-1,-9.365805387E-1,-3.471558392E-1
6.001272287E1,-1.007134914E0,-9.681432843E-1,-6.735400110E-2
6.002275388E1,-1.056962848E0,-1.212034702E0,1.981922835E-1
6.003278388E1,-1.197094083E0,-1.575420856E0,5.064598918E-1
6.004281487E1,-1.472005844E0,-1.789826274E0,8.973539472E-1
6.005284488E1,-1.745811820E0,-1.525455236E0,1.353105307E0
6.006287588E1,-1.531389713E0,-7.881944776E-1,1.665370226E0
6.007290688E1,-7.932878137E-1,3.576585948E-1,1.676771164E0
6.008293642E1,4.068164900E-2,1.484997511E0,1.528543949E0
6.009296742E1,6.965599060E-1,1.216969490E0,1.207137704E0
6.010299742E1,1.028496981E0,8.016133308E-1,7.422870994E-1
6.011302842E1,1.033664346E0,6.571741700E-1,2.788480520E-1
6.012305942E1,6.796429753E-1,7.305421829E-1,-1.913238466E-1
6.013308942E1,-6.040983647E-2,8.977698088E-1,-7.054625154E-1
6.014312042E1,-1.477093935E0,6.477074027E-1,-1.389133930E0
6.015315042E1,-4.042883873E0,-3.685146570E-1,-2.367914438E0
6.016318142E1,-4.816181183E0,7.937044501E-1,-4.235932350E0
6.017321142E1,-3.017112732E0,3.601248026E0,-4.190610409E0
6.018324242E1,-7.998922467E-1,2.196036816E0,-3.748844624E0
6.019327342E1,-3.877366483E-1,3.339930475E-1,-3.102577925E0
6.020330342E1,7.091084868E-2,-2.103379816E-1,-1.915334225E0
6.021333442E1,4.402144626E-2,-1.309475452E-1,-1.034723282E0
6.022336542E1,-3.939929903E-1,3.288726807E-1,-4.446433187E-1
6.023339542E1,-1.016456008E0,3.034269810E-1,1.023915485E-1
6.024342642E1,-1.344915032E0,-3.200105727E-1,6.913712621E-1
6.025345642E1,-1.368030190E0,-1.062586427E0,1.136305809E0
6.026348742E1,-9.801578522E-1,-1.097098351E0,1.332475543E0
6.027351842E1,-3.708277047E-1,-1.297895312E0,1.319041133E0
6.028354842E1,1.778568327E-1,-1.198353052E0,1.268320680E0
6.029357942E1,3.915030658E-1,-9.334639311E-1,1.251443148E0
6.030360942E1,4.138493836E-1,-8.477899432E-1,1.288525701E0
6.031364042E1,3.724966049E-1,-8.906289935E-1,1.402975082E0
6.032367142E1,4.025669396E-1,-1.002864122E0,1.413565755E0
6.033370142E1,4.319511950E-1,-1.113357306E0,1.294610381E0
6.034373242E1,3.850395381E-1,-1.161447048E0,1.076620817E0
6.035376242E1,1.810584366E-1,-1.138245583E0,8.089001775E-1
6.036379342E1,-5.086570233E-2,-1.025023460E0,5.505242944E-1
6.037382442E1,-1.745365262E-1,-1.113042355E0,3.348572254E-1
6.038385442E1,-9.870477021E-2,-1.329255223E0,8.662959188E-2
6.039388542E1,1.423254162E-1,-1.466258645E0,-1.476540118E-1
6.040391542E1,3.454629481E-1,-1.508659005E0,-4.496352673E-1
6.041394642E1,2.898004651E-1,-1.208444357E0,-7.606216669E-1
6.042397742E1,-1.019708291E-1,-3.122292459E-1,-9.429085255E-1
6.043400742E1,-5.291980505E-1,3.177295327E-1,-9.968847036E-1
6.044403842E1,-6.622415185E-1,4.221784472E-1,-8.724690676E-1
6.045406842E1,-5.197491050E-1,5.495018363E-1,-6.706036329E-1
6.046409942E1,-2.833247781E-1,7.366651893E-1,-3.812458813E-1
6.047413042E1,-4.571620747E-2,1.101212978E0,-2.266070396E-1
6.048416042E1,7.977695763E-2,1.565303326E0,-2.980116010E-1
6.049419142E1,4.987760782E-1,1.944447279E0,-3.147570193E-1
6.050422142E1,2.743784666E0,2.984780312E0,6.307803988E-1
6.051425242E1,4.327669144E0,2.748442650E0,2.459329128E0
6.052428342E1,3.262588978E0,3.486814022E0,2.365394115E0
6.053431342E1,2.232344389E0,2.706987143E0,2.314096689E0
6.054434442E1,1.541530609E0,1.941945195E0,1.433136940E0
6.055437442E1,9.575560093E-1,1.465124249E0,3.572115600E-1
6.056440542E1,9.591606259E-1,1.320636153E0,-2.294655889E-1
6.057443642E1,1.248880148E0,1.975339949E-1,4.855537415E-1
6.058446642E1,1.790549397E0,-6.492282152E-1,5.206291676E-1
6.059449742E1,1.724930406E0,-1.104861021E0,2.017686218E-1
6.060452742E1,1.024383068E0,-1.348782778E0,-1.430865675E-1
6.061455842E1,4.312825948E-2,-1.267765999E0,-4.325045347E-1
6.062458942E1,-7.074293494E-1,-1.264002919E0,-6.395594478E-1
6.063461942E1,-8.908122182E-1,-9.310097098E-1,-7.954246998E-1
6.064465042E1,-9.091435671E-1,-6.574620008E-1,-8.353577852E-1
6.065468042E1,-6.801463366E-1,-6.611227989E-1,-8.352571130E-1
6.066471142E1,-5.475895405E-1,-6.728736758E-1,-7.460314035E-1
6.067474142E1,-5.037693977E-1,-8.959115744E-1,-6.199283600E-1
6.068477242E1,-5.752977133E-1,-1.131039023E0,-4.026305974E-1
6.069480342E1,-7.252032757E-1,-1.117880106E0,-2.124707550E-1
6.070483342E1,-7.722263932E-1,-1.013939500E0,-6.373772770E-2
6.071486442E1,-7.971863151E-1,-1.078194141E0,7.315780222E-2
6.072489442E1,-9.082474113E-1,-1.299807549E0,2.250334620E-1
6.073492542E1,-1.128974795E0,-1.562663436E0,4.587146640E-1
6.074495642E1,-1.409023523E0,-1.208211780E0,7.925610542E-1
6.075498642E1,-1.107996821E0,-4.225454926E-1,1.009166002E0
6.076501742E1,-4.451011121E-1,6.924894452E-1,1.150185704E0
6.077504742E1,3.812740445E-1,1.250182509E0,1.199324250E0
6.078507842E1,1.085748076E0,1.011644125E0,1.189943433E0
6.079510942E1,1.509309292E0,6.365630627E-1,9.913715124E-1
6.080513942E1,1.604027867E0,4.074912369E-1,6.830012202E-1
6.081517042E1,1.390849829E0,3.848796487E-1,2.147176415E-1
6.082520042E1,8.974368572E-1,5.494207144E-1,-2.583173513E-1
6.083523142E1,4.798781872E-2,7.657309175E-1,-8.155276179E-1
6.084526142E1,-1.559212089E0,4.005487859E-1,-1.538954139E0
6.085529242E1,-4.395227432E0,-1.169046164E0,-2.611156464E0
6.086532342E1,-4.639806271E0,7.238926291E-1,-4.141699791E0
6.087535342E1,-2.618905306E0,3.293663740E0,-3.720624685E0
6.088538442E1,-7.877447605E-1,1.290449262E0,-2.997344255E0
6.089541442E1,-5.078499913E-1,2.918309569E-1,-2.227968931E0
6.090544542E1,-3.910080194E-1,8.542792499E-2,-1.256022334E0
6.091547642E1,-5.193907022E-1,8.016685396E-2,-4.029428363E-1
6.092550642E1,-1.013675451E0,1.379450858E-1,2.546867728E-1
6.093553742E1,-1.706583619E0,-2.791512311E-1,7.323367000E-1
6.094556742E1,-1.978180766E0,-8.224807978E-1,1.091127396E0
6.095559842E1,-1.734802127E0,-9.695072770E-1,1.431859136E0
6.096562942E1,-1.140103936E0,-9.513120651E-1,1.514669895E0
6.097565942E1,-4.392574131E-1,-8.464572430E-1,1.417847753E0
6.098569042E1,-5.793762580E-2,-7.908710241E-1,1.185222983E0
6.099572142E1,-4.108034819E-2,-6.121313572E-1,1.058244228E0
6.100575142E1,3.247207403E-2,-5.305732489E-1,1.052363396E0
6.101578242E1,7.537133992E-2,-8.927365541E-1,1.019587398E0
6.102581242E1,1.868291050E-1,-1.319215298E0,9.244791269E-1
6.103584342E1,3.414253294E-1,-1.677844644E0,8.439523578E-1
6.104587442E1,3.612636328E-1,-1.782051682E0,6.824251413E-1
6.105590442E1,2.890943587E-1,-1.766830325E0,5.840929747E-1
6.106593542E1,2.160520256E-1,-1.603803992E0,4.910423160E-1
6.107596575E1,2.350589931E-1,-1.565134883E0,3.529371619E-1
6.108599675E1,3.776164055E-1,-1.600931406E0,1.273044348E-1
6.109602775E1,5.734740496E-1,-1.605585575E0,-1.972014755E-1
6.110605775E1,6.455202699E-1,-1.322272420E0,-5.270333290E-1
6.111608875E1,4.064272344E-1,-5.957264304E-1,-7.896604538E-1
6.112611875E1,-5.537384748E-2,2.747159600E-1,-8.709232807E-1
6.113614975E1,-4.406192601E-1,6.834198833E-1,-8.056878448E-1
6.114618075E1,-5.421610475E-1,8.142998815E-1,-6.492280960E-1
6.115621075E1,-4.194663167E-1,1.067152143E0,-6.532548070E-1
6.116624175E1,-2.601711154E-1,1.476110220E0,-7.069733143E-1
6.117627175E1,-8.287756890E-2,1.734693050E0,-6.334397197E-1
6.118630275E1,1.000567317E0,2.400894403E0,-4.108930528E-1
6.119633375E1,3.895715952E0,3.288784742E0,1.085497141E0
6.120636375E1,3.409491062E0,2.867642879E0,2.071696758E0
6.121639475E1,1.946759701E0,3.321095705E0,1.945951104E0
6.122642475E1,1.060016513E0,2.907250404E0,1.950211406E0
6.123645575E1,5.870929956E-1,3.168346882E0,1.236446500E0
6.124648675E1,3.144772351E-1,3.107378006E0,7.068396211E-1
6.125651675E1,8.306220174E-1,2.014424801E0,7.078585625E-1
6.126654775E1,1.907628894E0,-8.392957598E-2,1.228016853E0
6.127657775E1,2.161343336E0,-1.977775335E0,1.268039584E0
6.128660875E1,1.071317554E0,-1.608989954E0,5.762026906E-1
6.129663975E1,8.165069669E-2,-1.553853750E0,-1.512871534E-1
6.130666975E1,-5.010231733E-1,-1.560928822E0,-6.647946239E-1
6.131670075E1,-7.065448761E-1,-1.264040589E0,-9.827553034E-1
6.132673075E1,-8.266795278E-1,-7.821533084E-1,-1.156483054E0
6.133676175E1,-9.128897786E-1,-3.545183539E-1,-1.290105104E0
6.134679275E1,-8.429846764E-1,-2.152460068E-1,-1.311765313E0
6.135682275E1,-7.917140126E-1,-1.918552071E-1,-1.245058179E0
6.136685375E1,-8.693296909E-1,-3.591370583E-1,-1.067913890E0
6.137688375E1,-9.466905594E-1,-6.124724150E-1,-7.771906853E-1
6.138691475E1,-1.113849759E0,-8.068292737E-1,-4.907760620E-1
6.139694475E1,-1.298120737E0,-1.057260156E0,-3.161813617E-1
6.140697575E1,-1.401482701E0,-1.369363308E0,-1.395267248E-1
6.141700675E1,-1.541271448E0,-1.727930546E0,8.104613423E-2
6.142703675E1,-1.802683115E0,-1.808642626E0,4.696092010E-1
6.143706775E1,-1.983755350E0,-1.460865974E0,9.720749855E-1
6.144709775E1,-1.673313737E0,-6.384472847E-1,1.431609869E0
6.145712875E1,-1.018235564E0,7.387694120E-1,1.644432664E0
6.146715975E1,-1.419868618E-1,1.616711736E0,1.639978886E0
6.147718975E1,5.980184674E-1,1.326359868E0,1.515097857E0
6.148722075E1,9.743788838E-1,9.495255351E-1,1.031742096E0
6.149725075E1,9.843255281E-1,5.720595121E-1,4.316312373E-1
6.150728175E1,7.833349705E-1,3.608855903E-1,-9.589049220E-2
6.151731175E1,2.327557057E-1,4.284984469E-1,-6.189827323E-1
6.152734275E1,-7.660090327E-1,5.502463579E-1,-1.277088761E0
6.153737375E1,-2.910601616E0,-3.750239909E-1,-2.133197784E0
6.154740375E1,-4.902952194E0,-1.057559490E0,-3.576846838E0
6.155743475E1,-3.603444338E0,2.530379295E0,-4.456886292E0
6.156746475E1,-1.485426068E0,3.065483332E0,-3.578169107E0
6.157749575E1,-3.397067487E-1,4.190543592E-1,-3.038414478E0
6.158752675E1,-1.035104319E-1,-2.483444661E-1,-1.983050942E0
6.159755675E1,6.599337608E-2,-2.154813111E-1,-9.048648477E-1
6.160758775E1,-1.919996366E-2,-6.406565011E-2,-1.364592612E-1
6.161761775E1,-5.251920819E-1,1.217160095E-2,3.439185321E-1
6.162764875E1,-1.239844918E0,4.118968919E-2,7.893913984E-1
6.163767975E1,-1.327914834E0,-6.389864683E-1,1.059822321E0
6.164770975E1,-1.244315505E0,-8.978457451E-1,1.228075743E0
6.165774075E1,-6.667721868E-1,-1.178928256E0,1.278886199E0
6.166777075E1,1.820700914E-1,-1.080471158E0,1.285867929E0
6.167780175E1,7.203961611E-1,-9.608382583E-1,1.272862673E0
6.168783275E1,9.588454366E-1,-8.694979548E-1,1.310149550E0
6.169786275E1,1.105271578E0,-9.895263314E-1,1.315970421E0
6.170789375E1,1.164286494E0,-1.277999282E0,1.252377868E0
6.171792475E1,1.089119673E0,-1.710531712E0,1.108181834E0
6.172795475E1,9.653176665E-1,-1.721121192E0,8.468244672E-1
6.173798575E1,7.742395997E-1,-1.446299434E0,5.878903866E-1
6.174801575E1,5.752826929E-1,-1.340920925E0,4.202124178E-1
6.175804675E1,4.022185206E-1,-1.357715845E0,2.465333194E-1
6.176807775E1,3.670833111E-1,-1.507094383E0,7.872398943E-2
6.177810775E1,4.636966586E-1,-1.726753831E0,-1.626939625E-1
6.178813875E1,7.019543052E-1,-1.749237657E0,-4.412731230E-1
6.179816875E1,8.342311382E-1,-1.295087457E0,-7.112723589E-1
6.180819975E1,6.575927138E-1,-2.288888097E-1,-9.175972939E-1
6.181823075E1,1.932413280E-1,6.507428885E-1,-9.951612949E-1
6.182826075E1,-1.884282678E-1,7.303129435E-1,-9.074267745E-1
6.183829175E1,-2.806479335E-1,6.386607885E-1,-7.372580171E-1
6.184832175E1,-2.183629572E-1,8.664485812E-1,-6.549409628E-1
6.185835275E1,-5.677912012E-2,1.336644769E0,-5.760014057E-1
6.186838275E1,3.401139081E-1,2.042922974E0,-4.623746574E-1
6.187841375E1,1.880355835E0,2.930275202E0,-9.913986549E-3
6.188844475E1,4.135666847E0,3.068202734E0,1.700453758E0
6.189847475E1,2.748852730E0,3.146822929E0,1.804668307E0
6.190850575E1,1.782781839E0,3.613748074E0,1.764073849E0
6.191853675E1,9.405496716E-1,3.160039425E0,1.401730299E0
6.192856675E1,5.255180001E-1,2.604264736E0,9.176883698E-1
6.193859775E1,4.960357547E-1,1.969116330E0,6.382293105E-1
6.194862775E1,1.257822394E0,1.096478224E0,1.082464695E0
6.195865875E1,2.019861221E0,-4.543910027E-1,1.097188711E0
6.196868975E1,1.596021891E0,-9.652923942E-1,6.263150573E-1
6.197871975E1,8.357309103E-1,-1.302678704E0,1.424514800E-1
6.198875075E1,-2.069719434E-1,-1.478730679E0,-2.610654235E-1
6.199878075E1,-7.887845039E-1,-1.266680717E0,-5.066006184E-1
6.200881175E1,-1.041592121E0,-9.756541848E-1,-8.268643618E-1
6.201884175E1,-1.130486131E0,-4.804814756E-1,-1.160008073E0
6.202887275E1,-1.119982004E0,-1.496986449E-1,-1.334133863E0
6.203890375E1,-1.006218910E0,1.190437376E-2,-1.301646471E0
6.204893375E1,-1.004991651E0,-1.494093686E-1,-1.107776642E0
6.205896475E1,-1.039580345E0,-5.107864738E-1,-8.680313826E-1
6.206899475E1,-9.803168178E-1,-8.787045479E-1,-5.079928637E-1
6.207902225E1,-9.604291320E-1,-1.087479591E0,-2.388050854E-1
6.208905325E1,-1.012732625E0,-1.187258720E0,-2.357768267E-2
6.209908325E1,-1.031359553E0,-1.615407705E0,1.577162147E-1
6.210911425E1,-1.155516982E0,-1.958238482E0,4.410086572E-1
6.211914425E1,-1.538511753E0,-1.844614148E0,9.186793566E-1
6.212917525E1,-1.718837500E0,-1.229846716E0,1.477250576E0
6.213920625E1,-1.237031698E0,-1.785255596E-2,1.864709139E0
6.214923625E1,-2.707735598E-1,1.493702888E0,1.906898975E0
6.215926725E1,7.705695629E-1,1.346803665E0,1.810658932E0
6.216929725E1,1.552010417E0,9.959301353E-1,1.604486346E0
6.217932825E1,1.936172485E0,6.057187319E-1,1.148372054E0
6.218935825E1,1.808560491E0,5.205631852E-1,6.225123405E-1
6.219938925E1,1.402815342E0,6.617019176E-1,5.163687840E-2
6.220942025E1,5.641272664E-1,7.249016762E-1,-5.689729452E-1
6.221945025E1,-1.019947886E0,5.568080544E-1,-1.345827341E0
6.222948125E1,-4.235614777E0,-9.753568769E-1,-2.535665512E0
6.223951125E1,-5.695063114E0,1.530745476E-1,-4.604404449E0
6.224954225E1,-3.911670923E0,3.117308378E0,-4.269927025E0
6.225957325E1,-7.535971999E-1,2.139123917E0,-2.498821259E0
6.226960325E1,-2.757928669E-1,1.692408472E-1,-2.317848921E0
6.227963425E1,2.601198852E-2,-7.097788155E-2,-9.364100099E-1
6.228966425E1,3.496665135E-2,1.874961704E-2,-1.220286936E-1
6.229969525E1,-2.942069769E-1,1.042623892E-1,2.735085189E-1
6.230972625E1,-9.242394567E-1,1.397340149E-1,5.904721618E-1
6.231975625E1,-8.654648662E-1,-3.627253771E-1,8.918671608E-1
6.232978725E1,-6.829913259E-1,-6.421956420E-1,1.077317595E0
6.233981725E1,-3.829774559E-1,-8.863297701E-1,1.176301122E0
6.234984825E1,9.879006445E-2,-9.720298052E-1,1.163244963E0
6.235987925E1,3.924147487E-1,-9.418132901E-1,1.103335738E0
6.236990925E1,4.600231946E-1,-6.186209917E-1,9.768356085E-1
6.237994025E1,4.474155307E-1,-4.255631566E-1,9.884222150E-1
6.238997125E1,4.583849013E-1,-5.960142016E-1,1.025358796E0
6.240000125E1,5.067146420E-1,-1.015055180E0,1.030581474E0
6.241003225E1,5.278217793E-1,-1.477858424E0,1.035843849E0
6.242006225E1,5.396193266E-1,-1.768656373E0,1.029093027E0
6.243009325E1,4.355484843E-1,-1.860909700E0,9.889698029E-1
6.244012425E1,2.087670118E-1,-1.762499809E0,8.636017442E-1
6.245015425E1,1.567534059E-1,-1.785901546E0,7.223678231E-1
6.246018525E1,2.299706340E-1,-1.766354203E0,4.201547205E-1
6.247021525E1,3.767116070E-1,-1.512805820E0,-4.671340063E-2
6.248024625E1,4.975828826E-1,-1.178126335E0,-4.901933670E-1
6.249027725E1,3.432861269E-1,-6.623842716E-1,-8.455151320E-1
6.250030725E1,-8.715054952E-3,-4.706649482E-2,-1.052672863E0
6.251033825E1,-3.617627621E-1,3.936261535E-1,-1.097043157E0
6.252036825E1,-5.093711615E-1,5.413681865E-1,-1.040434241E0
6.253039925E1,-4.295022488E-1,7.645300627E-1,-9.150761962E-1
6.254043025E1,-2.550217807E-1,1.182906866E0,-7.606166005E-1
6.255046025E1,-3.537209332E-2,1.731773138E0,-5.626834035E-1
6.256049125E1,1.508086920E-1,2.239414215E0,-3.497953117E-1
6.257052125E1,5.830775499E-1,2.512406349E0,-1.205369085E-1
6.258055225E1,2.704427719E0,2.948010683E0,9.774082303E-1
6.259058325E1,3.982887268E0,1.965481520E0,2.714205503E0
6.260061325E1,2.491207838E0,3.634829521E0,2.541710138E0
6.261064425E1,1.294742942E0,3.127809525E0,2.422458649E0
6.262067425E1,4.083587527E-1,2.695423126E0,1.407232285E0
6.263070525E1,-5.168923363E-2,2.568240881E0,7.223873138E-1
6.264073625E1,4.309234917E-1,2.155794144E0,4.214653373E-1
6.265076625E1,1.076004386E0,9.967598319E-1,6.475290656E-1
6.266079725E1,1.799599648E0,-7.141212225E-1,7.889807224E-1
6.267082725E1,1.167080283E0,-1.202752471E0,3.021328747E-1
6.268085825E1,1.052286923E-1,-1.332903624E0,-2.982701361E-1
6.269088925E1,-7.275401950E-1,-1.528739810E0,-8.259876966E-1
6.270091925E1,-1.114292741E0,-1.359149694E0,-1.144031882E0
6.271095025E1,-1.155945301E0,-9.373595715E-1,-1.341605186E0
6.272098025E1,-9.752306938E-1,-7.385340929E-1,-1.417966008E0
6.273101125E1,-6.527904272E-1,-6.944680810E-1,-1.395007372E0
6.274104125E1,-5.884780288E-1,-7.982274890E-1,-1.297271490E0
6.275107225E1,-7.832034230E-1,-9.774329662E-1,-1.110850930E0
6.276110325E1,-9.781039357E-1,-1.110256314E0,-8.108432293E-1
6.277113325E1,-1.045406818E0,-1.219548106E0,-4.919779301E-1
6.278116425E1,-1.108643770E0,-1.304802060E0,-1.474690288E-1
6.279119425E1,-1.222553015E0,-1.504543185E0,1.947670281E-1
6.280122525E1,-1.442371130E0,-1.570858121E0,5.790686607E-1
6.281125625E1,-1.816162109E0,-1.300472617E0,1.095692873E0
6.282128625E1,-1.937376976E0,-1.115386724E0,1.622611523E0
6.283131725E1,-1.574010015E0,-3.742343187E-1,1.982041240E0
6.284134725E1,-7.572081089E-1,1.049452424E0,1.922688246E0
6.285137825E1,5.536245927E-2,1.651601911E0,1.697855473E0
6.286140925E1,7.191250324E-1,1.437226176E0,1.401989460E0
6.287143925E1,1.021185160E0,1.137325048E0,8.256992102E-1
6.288147025E1,8.693426251E-1,8.884653449E-1,2.080985755E-1
6.289150025E1,5.449244380E-1,7.617392540E-1,-3.939186335E-1
6.290153125E1,-1.214219108E-1,7.724241614E-1,-9.976404905E-1
6.291156125E1,-1.282496333E0,5.643201470E-1,-1.648738503E0
6.292159225E1,-3.256492615E0,-3.093769550E-1,-2.460427999E0
6.293162325E1,-4.422316551E0,-3.434458077E-1,-3.719899416E0
6.294165325E1,-3.205154657E0,2.290816069E0,-4.347615719E0
6.295168425E1,-1.172347426E0,2.419256210E0,-3.751479149E0
6.296171425E1,-9.907038510E-2,1.831353083E-2,-2.718244791E0
6.297174525E1,2.384488471E-2,-1.321078539E-1,-1.649689674E0
6.298177625E1,5.223417878E-1,5.863120556E-1,-7.041825652E-1
6.299180625E1,-1.065696590E-3,8.421639800E-1,-1.249223202E-2
6.300183725E1,-7.875472307E-1,8.058049083E-1,4.472556412E-1
6.301186825E1,-1.326906085E0,7.254493982E-2,1.046122909E0
6.302189825E1,-1.267440557E0,-5.576199293E-1,1.466961503E0
6.303192925E1,-9.016335011E-1,-6.717399955E-1,1.676662087E0
6.304195925E1,-3.794493973E-1,-7.747275829E-1,1.598381162E0
6.305199025E1,3.182001710E-1,-8.221619725E-1,1.377641320E0
6.306202125E1,7.140055895E-1,-8.862256408E-1,1.059223175E0
6.307205125E1,7.959585190E-1,-8.269818425E-1,8.992847800E-1
6.308208187E1,8.428602815E-1,-9.296813011E-1,7.879889011E-1
6.309211188E1,8.024675250E-1,-1.183722019E0,6.748214364E-1
6.310214288E1,6.784963012E-1,-1.447914720E0,5.228774548E-1
6.311217388E1,4.770812988E-1,-1.606557012E0,3.527865708E-1
6.312220387E1,3.338290751E-1,-1.820415020E0,2.420789599E-1
6.313223488E1,2.844582498E-1,-1.921314478E0,1.966518164E-1
6.314226488E1,1.893572956E-1,-1.810453415E0,9.790420532E-2
6.315229587E1,1.651147902E-1,-1.645075917E0,-2.030502632E-2
6.316232688E1,2.308168262E-1,-1.616481304E0,-2.045457065E-1
6.317235688E1,3.143834770E-1,-1.607395172E0,-4.275828004E-1
6.318238788E1,2.503355145E-1,-1.121091843E0,-6.780096889E-1
6.319241788E1,-5.651825666E-2,-1.344319582E-1,-7.876130939E-1
6.320244888E1,-3.805498481E-1,6.494359970E-1,-7.733739614E-1
6.321247988E1,-5.235330462E-1,7.304438353E-1,-5.852032900E-1
6.322250987E1,-4.638050199E-1,8.426926136E-1,-3.743129373E-1
6.323254088E1,-2.098901570E-1,1.213627934E0,-2.454574108E-1
6.324257088E1,6.890285760E-2,1.707855582E0,-1.171867996E-1
6.325260187E1,2.915320098E-1,2.082436323E0,-7.180531323E-2
6.326263288E1,6.922703385E-1,2.217132092E0,-2.842668444E-2
6.327266288E1,2.332062960E0,2.433671236E0,5.404768586E-1
6.328269388E1,4.432600021E0,1.093686104E0,2.136367083E0
6.329272487E1,3.310384750E0,3.059573650E0,2.006462574E0
6.330275488E1,2.258037090E0,2.950155020E0,1.906315327E0
6.331278588E1,1.266334414E0,2.233983517E0,1.312809348E0
6.332281587E1,7.677563429E-1,2.150838852E0,7.511734366E-1
6.333284688E1,9.885290265E-1,2.381196499E0,3.004313409E-1
6.334287788E1,1.486313701E0,2.200817347E0,3.530040085E-1
6.335290787E1,2.241077662E0,4.425074160E-1,6.100237966E-1
6.336293888E1,2.071697712E0,-6.096843481E-1,4.109674692E-1
6.337296888E1,1.023061395E0,-1.145367742E0,2.550255321E-2
6.338299988E1,-1.772170216E-1,-1.738991618E0,-4.480604827E-1
6.339303087E1,-8.739520907E-1,-1.898320794E0,-8.745417595E-1
6.340306088E1,-1.085022807E0,-1.453664303E0,-1.194071770E0
6.341309188E1,-1.082153320E0,-8.822093010E-1,-1.370448589E0
6.342312187E1,-8.968812227E-1,-5.862770081E-1,-1.425686359E0
6.343315288E1,-6.775688529E-1,-5.254172087E-1,-1.353395104E0
6.344318288E1,-5.062636733E-1,-6.500741839E-1,-1.209205151E0
6.345321388E1,-4.420012236E-1,-9.501825571E-1,-9.858825207E-1
6.346324488E1,-5.252207518E-1,-1.161750436E0,-6.966333985E-1
6.347327488E1,-7.207102776E-1,-1.264605165E0,-4.784950018E-1
6.348330588E1,-8.820599914E-1,-1.399514794E0,-2.497286648E-1
6.349333587E1,-9.348827600E-1,-1.604408860E0,6.664509326E-2
6.350336688E1,-1.103675246E0,-1.736439586E0,5.163366199E-1
6.351339788E1,-1.474108100E0,-1.375102043E0,1.100738883E0
6.352342787E1,-1.464686394E0,-9.174003601E-1,1.661923409E0
6.353345888E1,-9.689248800E-1,4.820139706E-1,1.954276919E0
6.354348888E1,-1.083333939E-1,1.548114657E0,1.928221941E0
6.355351988E1,5.930473208E-1,1.393046260E0,1.812436223E0
6.356355088E1,1.040596843E0,1.058413148E0,1.481781602E0
6.357358088E1,1.216620326E0,7.010834813E-1,9.576749206E-1
6.358361188E1,1.110008717E0,7.112133503E-1,3.858742416E-1
6.359364187E1,7.045809627E-1,8.444337845E-1,-1.374471486E-1
6.360367288E1,-2.367216349E-2,1.022796869E0,-6.980649233E-1
6.361370288E1,-1.261975527E0,8.187645078E-1,-1.344726682E0
6.362373387E1,-4.218423367E0,-1.412772894E0,-2.336164474E0
6.363376488E1,-5.290317535E0,-7.313219458E-2,-4.226669788E0
6.364379488E1,-3.658447266E0,3.478566647E0,-3.978569031E0
6.365382588E1,-1.173512578E0,1.887173653E0,-3.362324953E0
6.366385687E1,-2.554219067E-1,4.473758489E-2,-2.616695642E0
6.367388688E1,3.754968196E-2,-4.145816565E-1,-1.206283212E0
6.368391788E1,5.074141622E-1,-1.921054274E-1,-2.091405690E-1
6.369394787E1,3.711608350E-1,-3.717696965E-1,3.177731931E-1
6.370397888E1,-3.210019171E-1,-8.061321825E-2,7.602055073E-1
6.371400988E1,-8.870065212E-1,-4.972310066E-1,1.059183002E0
6.372403988E1,-9.355375767E-1,-8.569950461E-1,1.191050768E0
6.373407088E1,-6.266237497E-1,-5.463489890E-1,1.299429417E0
6.374410088E1,-7.991835475E-2,-6.467762589E-1,1.181914806E0
6.375413188E1,6.135458946E-1,-5.904788971E-1,1.082911491E0
6.376416287E1,8.971299529E-1,-5.979192257E-1,9.986020923E-1
6.377419288E1,9.177193046E-1,-6.249786615E-1,1.053577781E0
6.378422388E1,8.872362375E-1,-6.017665863E-1,1.147384763E0
6.379425487E1,8.124170303E-1,-7.746813893E-1,1.148464441E0
6.380428488E1,8.186549544E-1,-1.147951841E0,1.268608212E0
6.381431588E1,6.194874644E-1,-1.562790394E0,1.077745080E0
6.382434588E1,3.714041412E-1,-1.774882436E0,9.040665030E-1
6.383437688E1,1.327756792E-1,-1.857347846E0,7.099277377E-1
6.384440788E1,1.983340457E-2,-1.840091586E0,4.535129964E-1
6.385443788E1,1.020414531E-1,-1.782344937E0,1.386908740E-1
6.386446887E1,3.075093925E-1,-1.627300262E0,-2.275694162E-1
6.387449888E1,5.235558748E-1,-1.109033108E0,-6.403861046E-1
6.388452988E1,5.191243887E-1,-4.118055403E-1,-9.875645638E-1
6.389456088E1,1.926805973E-1,3.288417757E-1,-1.174522519E0
6.390459088E1,-1.422718167E-1,6.052555442E-1,-1.093381882E0
6.391462188E1,-3.175306320E-1,6.845523119E-1,-9.016104341E-1
6.392465188E1,-2.862584591E-1,6.667379141E-1,-6.131602526E-1
6.393468287E1,-9.090744704E-2,1.118334651E0,-4.222293794E-1
6.394471388E1,1.142933741E-1,1.563755512E0,-2.554294765E-1
6.395474388E1,2.559258044E-1,2.068252087E0,-1.730958670E-1
6.396477487E1,5.919805765E-1,2.416950464E0,5.092445388E-2
6.397480488E1,2.683169127E0,3.192914248E0,1.161995173E0
6.398483588E1,3.945297718E0,2.626657486E0,2.879683495E0
6.399486688E1,2.916027784E0,3.302144766E0,2.874707460E0
6.400489688E1,1.555201292E0,2.441247463E0,2.574198484E0
6.401492788E1,6.482799649E-1,1.721168637E0,1.558366299E0
6.402495888E1,3.147155643E-1,1.548758268E0,6.395387053E-1
6.403498887E1,5.160132051E-1,1.493388772E0,3.168754876E-1
6.404501988E1,1.160394073E0,6.719349027E-1,5.889927745E-1
6.405504988E1,1.767283678E0,-4.210241139E-1,4.310455322E-1
6.406508087E1,1.600160241E0,-9.017169476E-1,1.093125045E-1
6.407511188E1,7.254678011E-1,-1.009600282E0,-3.109541237E-1
6.408514154E1,-2.275753319E-1,-8.567104340E-1,-6.805811524E-1
6.409517254E1,-7.937229872E-1,-6.141439080E-1,-8.739227057E-1
6.410520254E1,-1.069667220E0,-1.284456551E-1,-9.591497183E-1
6.411523354E1,-1.157912493E0,9.362529963E-2,-9.569749832E-1
6.412526354E1,-1.091512084E0,4.804290086E-2,-8.470146656E-1
6.413529454E1,-9.819164276E-1,-2.016643286E-1,-7.045303583E-1
6.414532554E1,-9.418648481E-1,-7.103912234E-1,-5.214846134E-1
6.415535554E1,-1.000134587E0,-1.209295869E0,-2.801228762E-1
6.416538654E1,-1.102204680E0,-1.423277020E0,-7.457343489E-2
6.417541654E1,-1.269634724E0,-1.324640989E0,2.141620032E-3
6.418544754E1,-1.374243140E0,-1.456410527E0,-7.467597723E-3
6.419547854E1,-1.485061288E0,-1.832988024E0,-8.929067291E-3
6.420550854E1,-1.683628201E0,-2.096512079E0,5.382858962E-2
6.421553954E1,-2.046135187E0,-1.448354125E0,2.817184031E-1
6.422556954E1,-1.879724503E0,-4.976184964E-1,5.949751139E-1
6.423560054E1,-1.185150981E0,7.376322746E-1,9.008980989E-1
6.424563154E1,-2.650980651E-1,1.487258077E0,1.058315635E0
6.425566154E1,4.701157510E-1,1.265321732E0,1.191723943E0
6.426569254E1,1.099690557E0,1.097919703E0,1.119546175E0
6.427572254E1,1.391285896E0,7.041661143E-1,8.927938938E-1
6.428575354E1,1.544143677E0,5.866985917E-1,4.103457630E-1
6.429578454E1,1.130282760E0,3.860357106E-1,1.222184151E-1
6.430581454E1,2.892773449E-1,3.805570602E-1,-3.660370409E-1
6.431584554E1,-1.568268299E0,4.159269035E-1,-1.101212025E0
6.432587554E1,-5.067344666E0,-2.068045735E-1,-2.486037970E0
6.433590654E1,-5.353938580E0,1.846518517E0,-4.466488361E0
6.434593754E1,-3.274113417E0,3.851291418E0,-4.035329342E0
6.435596754E1,-9.771199822E-1,2.299951315E0,-3.376476049E0
6.436599854E1,-8.018499017E-1,7.193922997E-1,-2.692326546E0
6.437602854E1,-3.165770322E-2,-4.434714615E-1,-1.311911821E0
6.438605954E1,-8.438909054E-2,-9.557597637E-1,-7.165863514E-1
6.439609054E1,-6.596458554E-1,-2.897377014E-1,-3.202279806E-1
6.440612054E1,-1.276071310E0,-1.287674606E-1,2.467739284E-1
6.441615154E1,-1.493786573E0,7.119053602E-2,7.335035205E-1
6.442618154E1,-1.331424117E0,-3.287406266E-1,1.184774518E0
6.443621254E1,-1.043175459E0,-5.632142425E-1,1.418293715E0
6.444624354E1,-3.304775953E-1,-1.096134067E0,1.423575282E0
6.445627354E1,2.329269499E-1,-1.383115292E0,1.252584100E0
6.446630454E1,4.516742229E-1,-1.178172469E0,1.181326389E0
6.447633554E1,5.374508500E-1,-1.166909099E0,1.160238147E0
6.448636554E1,5.488185287E-1,-1.458650470E0,1.111351252E0
6.449639654E1,5.068895221E-1,-1.904417038E0,1.115760207E0
6.450642654E1,4.807644188E-1,-2.301837921E0,1.127153039E0
6.451645754E1,4.530117810E-1,-2.280656099E0,1.038289905E0
6.452648854E1,4.475848079E-1,-2.091412783E0,9.858195186E-1
6.453651854E1,3.807022274E-1,-1.870823503E0,9.372732043E-1
6.454654954E1,2.524411678E-1,-1.710766792E0,8.566139936E-1
6.455657954E1,2.449824661E-1,-1.841049433E0,7.410048842E-1
6.456661054E1,4.143856168E-1,-2.057337761E0,5.361862183E-1
6.457664154E1,5.755686760E-1,-2.036359072E0,2.331646830E-1
6.458667154E1,4.765651524E-1,-1.321956277E0,-9.549017251E-2
6.459670254E1,6.522122025E-2,-1.152255759E-1,-3.514820039E-1
6.460673254E1,-3.717475832E-1,6.092019081E-1,-4.864131808E-1
6.461676354E1,-6.518954039E-1,5.394377112E-1,-5.359951258E-1
6.462679454E1,-7.479282022E-1,6.120136380E-1,-5.896125436E-1
6.463682454E1,-7.317900658E-1,1.093488097E0,-6.376771927E-1
6.464685554E1,-6.221682429E-1,1.575992942E0,-7.077788115E-1
6.465688554E1,-5.561152697E-1,2.111789227E0,-7.390905619E-1
6.466691654E1,5.357418954E-2,2.552120686E0,-6.475430727E-1
6.467694754E1,3.064781904E0,3.839775085E0,4.483880699E-1
6.468697754E1,4.114189148E0,3.223606348E0,2.243441343E0
6.469700854E1,2.324005365E0,3.559070349E0,2.181152582E0
6.470703954E1,1.281611085E0,2.990679979E0,2.310047388E0
6.471706954E1,6.808775663E-1,2.494773388E0,1.631503224E0
6.472710054E1,1.133805439E-1,2.456951618E0,7.714719176E-1
6.473713054E1,4.854125082E-1,2.395886660E0,5.081375837E-1
6.474716154E1,1.350443125E0,8.879883289E-1,6.150536537E-1
6.475719254E1,1.701222777E0,-6.125742793E-1,5.120407343E-1
6.476722254E1,1.164363265E0,-1.293096304E0,1.731313616E-1
6.477725354E1,3.160092831E-1,-1.708385468E0,-2.523045540E-1
6.478728354E1,-6.523687840E-1,-1.979225516E0,-6.217116714E-1
6.479731454E1,-1.071809173E0,-1.429803252E0,-8.786721230E-1
6.480734554E1,-1.254442573E0,-6.488057375E-1,-1.066781521E0
6.481737554E1,-1.205431700E0,-2.257019132E-1,-1.256033540E0
6.482740654E1,-7.693721056E-1,-1.803338975E-1,-1.347723246E0
6.483743654E1,-3.521932065E-1,-3.888741136E-1,-1.122764111E0
6.484746754E1,-1.993506700E-1,-5.841498375E-1,-8.642504811E-1
6.485749854E1,-3.870278895E-1,-7.331132293E-1,-7.255782485E-1
6.486752854E1,-7.343016863E-1,-7.139129043E-1,-6.975119710E-1
6.487755954E1,-9.368988276E-1,-7.728961110E-1,-6.521669626E-1
6.488758954E1,-1.029380560E0,-1.111382604E0,-4.657803178E-1
6.489762054E1,-1.142883897E0,-1.583020926E0,-1.517499834E-1
6.490765154E1,-1.375231147E0,-1.844216585E0,3.130427301E-1
6.491768154E1,-1.559355855E0,-1.390363932E0,9.069125652E-1
6.492771254E1,-1.143731236E0,-6.748270988E-1,1.454682469E0
6.493774254E1,-2.624089420E-1,6.579707861E-1,1.634257913E0
6.494777354E1,6.521745920E-1,1.135175228E0,1.615502119E0
6.495780354E1,1.275246739E0,8.732210398E-1,1.439591289E0
6.496783454E1,1.470562220E0,6.431007385E-1,9.484237432E-1
6.497786554E1,1.413802743E0,5.702712536E-1,3.845102787E-1
6.498789554E1,1.110791206E0,6.239584684E-1,-8.736669272E-2
6.499792654E1,6.444126368E-1,8.169714212E-1,-4.546374381E-1
6.500795754E1,-8.970632404E-2,1.036242366E0,-8.819741607E-1
6.501798754E1,-1.743773222E0,3.636552691E-1,-1.462393999E0
6.502801854E1,-5.001819611E0,-2.178982258E0,-2.614333153E0
6.503804854E1,-4.818106651E0,1.430710912E0,-4.171931744E0
6.504807954E1,-2.718576908E0,3.387562513E0,-3.752334595E0
6.505811054E1,-8.726173043E-1,5.908139348E-1,-3.150334597E0
6.506814054E1,-9.652290344E-1,-3.379283249E-1,-2.044760227E0
6.507817217E1,-3.834729195E-1,-2.767070234E-1,-8.759441972E-1
6.508820217E1,-1.790382862E-1,9.874621779E-2,-1.029324085E-1
6.509823317E1,-6.138136983E-1,1.171238720E-2,1.875752956E-1
6.510826417E1,-1.404614329E0,-3.774116635E-1,5.232451558E-1
6.511829417E1,-1.548273206E0,-7.712270021E-1,7.867289186E-1
6.512832517E1,-1.378739834E0,-1.069167376E0,1.070442438E0
6.513835517E1,-8.670725822E-1,-1.290166497E0,1.226843953E0
6.514838617E1,-2.338066697E-1,-1.469631314E0,1.132589817E0
6.515841717E1,1.147071421E-1,-1.513726950E0,1.104293942E0
6.516844717E1,3.010823429E-1,-1.103386283E0,1.033230186E0
6.517847817E1,4.666022956E-1,-8.166688681E-1,1.099588871E0
6.518850917E1,5.752006769E-1,-9.926686883E-1,1.123355269E0
6.519853917E1,5.373032093E-1,-1.441664457E0,1.086208582E0
6.520857017E1,4.758720398E-1,-1.626027584E0,9.584327340E-1
6.521860017E1,4.621474147E-1,-1.638803363E0,8.340523839E-1
6.522863117E1,3.722436130E-1,-1.558655500E0,7.466309071E-1
6.523866217E1,2.438831925E-1,-1.336090922E0,6.172232032E-1
6.524869217E1,2.608946562E-1,-1.170174599E0,4.025506079E-1
6.525872317E1,4.127705693E-1,-1.374808908E0,7.876513153E-2
6.526875317E1,5.611534119E-1,-1.732913613E0,-3.173350394E-1
6.527878417E1,6.155995131E-1,-1.673220515E0,-6.998336315E-1
6.528881517E1,3.370166421E-1,-8.921681643E-1,-9.346136451E-1
6.529884517E1,-1.249905899E-1,1.638847142E-1,-1.074153900E0
6.530887617E1,-6.105663180E-1,4.252670407E-1,-1.030217409E0
6.531890617E1,-7.139086127E-1,4.198741615E-1,-1.024335861E0
6.532893717E1,-5.677042603E-1,8.481637239E-1,-1.181558013E0
6.533896817E1,-5.442748070E-1,8.566156626E-1,-8.294791579E-1
6.534899817E1,-3.126247823E-1,1.304691315E0,-5.127826929E-1
6.535902917E1,1.814366877E-1,1.900783658E0,-2.433877885E-1
6.536905917E1,1.127324462E0,2.343916893E0,5.102972314E-2
6.537909017E1,3.868882656E0,2.955515862E0,1.176388025E0
6.538912117E1,4.101936817E0,2.488943338E0,2.295024157E0
6.539915117E1,2.548707247E0,3.715859652E0,1.961860180E0
6.540918217E1,1.490445256E0,2.820501804E0,1.774772048E0
6.541921317E1,8.175457716E-1,2.462016344E0,7.165155411E-1
6.542924317E1,2.745354474E-1,2.301203489E0,6.969776470E-3
6.543927417E1,4.920502603E-1,1.795911551E0,8.397252113E-2
6.544930417E1,1.151091456E0,6.637260914E-1,5.906964540E-1
6.545933517E1,1.424406171E0,-2.658754587E-1,5.586473346E-1
6.546936617E1,7.416790128E-1,-2.613233328E-1,-3.858942166E-2
6.547939617E1,-5.878527835E-2,-6.393979788E-1,-4.881347120E-1
6.548942717E1,-8.753536344E-1,-1.024896622E0,-9.149246216E-1
6.549945717E1,-1.205197453E0,-9.774593115E-1,-1.208576798E0
6.550948817E1,-1.183338046E0,-8.054367304E-1,-1.474822760E0
6.551951917E1,-6.641696095E-1,-6.774010062E-1,-1.579536319E0
6.552954917E1,-1.029997170E-1,-8.211240768E-1,-1.467545629E0
6.553958017E1,5.491667986E-2,-1.093048811E0,-1.223315954E0
6.554961017E1,-1.639425196E-2,-1.000916243E0,-1.119359493E0
6.555964117E1,-1.964998245E-1,-1.029064059E0,-1.000124335E0
6.556967217E1,-3.114916682E-1,-9.715365767E-1,-8.045108914E-1
6.557970217E1,-4.195582867E-1,-8.898960948E-1,-5.176939964E-1
6.558973317E1,-6.277003288E-1,-1.027692556E0,-1.336603612E-1
6.559976317E1,-9.685167074E-1,-1.328734398E0,4.245511293E-1
6.560979417E1,-1.223502159E0,-1.533820510E0,1.109369159E0
6.561982517E1,-1.247152448E0,-1.390478969E0,1.804279566E0
6.562985517E1,-9.251160622E-1,-6.175898910E-1,2.198601723E0
6.563988617E1,-3.249527216E-1,6.170192361E-1,2.174013376E0
6.564991617E1,3.469468355E-1,1.424656630E0,1.858116508E0
6.565994717E1,7.997495532E-1,1.223890901E0,1.484453559E0
6.566997717E1,9.362125397E-1,9.610888958E-1,9.857055545E-1
6.568000817E1,7.868754268E-1,8.215065002E-1,4.711112082E-1
6.569003917E1,4.614656270E-1,8.390777707E-1,5.788384005E-4
6.570006917E1,-1.431133002E-1,9.251329899E-1,-5.000717640E-1
6.571010017E1,-1.130543590E0,9.596821666E-1,-1.129863977E0
6.572013017E1,-3.368228197E0,1.922487617E-1,-2.013040543E0
6.573016117E1,-4.613116264E0,3.683886230E-1,-3.732442856E0
6.574019217E1,-3.188054800E0,3.027504683E0,-4.282829762E0
6.575022217E1,-1.147594452E0,2.404277802E0,-4.246886730E0
6.576025317E1,2.758869231E-1,1.850654036E-1,-3.417279005E0
6.577028317E1,6.574243903E-1,-4.901420325E-2,-2.277282476E0
6.578031417E1,1.048769355E0,1.141768396E-1,-1.360209703E0
6.579034517E1,7.750213742E-1,6.634016037E-1,-6.213527918E-1
6.580037517E1,1.669162959E-1,1.056058049E0,5.229060352E-2
6.581040617E1,-2.796161771E-1,8.633565307E-1,7.100626230E-1
6.582043717E1,-2.857231200E-1,7.613064349E-2,1.060926557E0
6.583046717E1,-6.790371239E-2,-8.044800162E-1,1.328573465E0
6.584049817E1,2.703185976E-1,-1.195381045E0,1.341381669E0
6.585052817E1,6.011806726E-1,-1.327653885E0,1.278071761E0
6.586055917E1,8.807213902E-1,-1.124229789E0,1.319286108E0
6.587059017E1,1.073639750E0,-1.017486811E0,1.344123840E0
6.588062017E1,1.067206502E0,-1.116239071E0,1.358964920E0
6.589065117E1,1.016669273E0,-1.402060747E0,1.355350494E0
6.590068217E1,1.016645551E0,-1.764873624E0,1.340728998E0
6.591071217E1,9.478260279E-1,-1.911178350E0,1.193996787E0
6.592074317E1,9.185473323E-1,-1.887930632E0,1.100170970E0
6.593077317E1,8.419311047E-1,-1.738592267E0,1.026200891E0
6.594080417E1,7.623519897E-1,-1.751153231E0,9.586137533E-1
6.595083517E1,7.887223363E-1,-1.861148238E0,8.630478382E-1
6.596086517E1,9.335200787E-1,-1.741434097E0,6.321730018E-1
6.597089617E1,1.132189035E0,-1.497122884E0,2.721072733E-1
6.598092617E1,1.286728024E0,-1.078368068E0,-1.662205756E-1
6.599095717E1,1.254895568E0,-2.227943540E-1,-4.787273407E-1
6.600098817E1,9.815056324E-1,2.222245038E-1,-6.082313657E-1
6.601101817E1,6.383168101E-1,1.448434293E-1,-6.779177785E-1
6.602104917E1,4.392694533E-1,2.332241237E-1,-6.904588342E-1
6.603107917E1,2.885116339E-1,9.681889415E-1,-6.808839440E-1
6.604111017E1,1.799102426E-1,1.805498362E0,-7.806267142E-1
6.605114117E1,1.879607141E-1,2.521791458E0,-8.522862196E-1
6.606117117E1,1.419924498E0,3.421161890E0,-5.432740450E-1
6.607120217E1,3.723219633E0,3.907292604E0,1.134570718E0
6.608123267E1,2.558009148E0,3.378136396E0,1.655513048E0
6.609126267E1,1.409512758E0,3.683159351E0,1.852171540E0
6.610129367E1,6.873486638E-1,3.187159538E0,1.853615165E0
6.611132367E1,5.499814451E-2,3.032459259E0,1.287482142E0
6.612135467E1,-1.668038964E-1,2.707955360E0,7.329076529E-1
6.613138567E1,4.274621308E-1,1.459132671E0,8.004015088E-1
6.614141567E1,9.918271303E-1,-4.016211033E-1,1.164868116E0
6.615144667E1,7.627848983E-1,-1.071745992E0,1.025481701E0
6.616147667E1,-3.083738983E-1,-1.297304511E0,5.448961854E-1
6.617150767E1,-1.512107730E0,-1.381690025E0,-1.390227824E-1
6.618153867E1,-1.962707520E0,-1.173229098E0,-5.428833365E-1
6.619156867E1,-2.103254080E0,-8.326516151E-1,-7.054551840E-1
6.620159967E1,-2.082822800E0,-6.511703134E-1,-7.035830021E-1
6.621162967E1,-1.885153174E0,-5.450635552E-1,-7.361430526E-1
6.622166067E1,-1.515908957E0,-6.974492073E-1,-7.391304374E-1
6.623169167E1,-1.315032125E0,-1.057093382E0,-6.975609064E-1
6.624172167E1,-1.334016800E0,-1.421465158E0,-7.034061551E-1
6.625175267E1,-1.372368693E0,-1.550363660E0,-6.781542897E-1
6.626178267E1,-1.419652820E0,-1.551514030E0,-6.870989203E-1
6.627181367E1,-1.453806996E0,-1.869991899E0,-6.840370893E-1
6.628184467E1,-1.471452117E0,-2.258445501E0,-4.988523722E-1
6.629187467E1,-1.698275447E0,-2.270476341E0,-4.858212918E-2
6.630190567E1,-1.889714003E0,-1.130379081E0,6.020767093E-1
6.631193567E1,-1.333419442E0,-1.414699703E-1,1.153299689E0
6.632196667E1,-3.763700426E-1,1.014696956E0,1.524310946E0
6.633199667E1,6.331107616E-1,9.116337299E-1,1.796280742E0
6.634202767E1,1.284960270E0,8.098227978E-1,1.789193392E0
6.635205867E1,1.441146135E0,7.925327420E-1,1.382685065E0
6.636208867E1,1.277133226E0,6.670622230E-1,1.020422816E0
6.637211967E1,7.688769102E-1,8.284795880E-1,4.999794066E-1
6.638214967E1,-2.722893655E-1,8.674070239E-1,-1.881750226E-1
6.639218067E1,-2.578468084E0,2.016665637E-1,-1.221649885E0
6.640221167E1,-5.055130959E0,-2.798162401E-2,-3.109036684E0
6.641224167E1,-4.514948845E0,2.663364649E0,-4.162927628E0
6.642227267E1,-2.567365885E0,3.037364006E0,-3.699835300E0
6.643230267E1,-8.257949948E-1,9.199061990E-1,-3.225853920E0
6.644233367E1,-2.451223582E-1,-1.737035513E-1,-2.157558441E0
6.645236467E1,1.192047372E-1,-6.578771472E-1,-1.200615048E0
6.646239467E1,1.961611211E-1,-9.829878807E-2,-8.561251760E-1
6.647242567E1,-3.709598184E-1,1.230716780E-1,-4.884691536E-1
6.648245667E1,-7.480778694E-1,3.796140254E-1,2.886524983E-2
6.649248667E1,-7.329031825E-1,2.264191657E-1,6.245355606E-1
6.650251767E1,-8.062273264E-1,1.036020517E-1,1.209227681E0
6.651254767E1,-3.606559634E-1,-1.646373868E-1,1.583681107E0
6.652257867E1,2.124978006E-1,-4.928492904E-1,1.858560920E0
6.653260967E1,6.773283482E-1,-6.690576077E-1,1.935025811E0
6.654263967E1,8.994640112E-1,-8.327701092E-1,1.997560382E0
6.655267067E1,9.778158069E-1,-9.849224091E-1,1.978052378E0
6.656270067E1,9.971246719E-1,-1.329668045E0,1.936027408E0
6.657273167E1,9.094004631E-1,-1.693014264E0,1.790004730E0
6.658276267E1,7.636025548E-1,-1.787436485E0,1.527713180E0
6.659279267E1,6.470484734E-1,-1.827819109E0,1.240807176E0
6.660282367E1,5.580495596E-1,-1.679431200E0,9.258532524E-1
6.661285467E1,4.929347634E-1,-1.582257748E0,5.603482723E-1
6.662288467E1,4.904409945E-1,-1.592808843E0,1.808953881E-1
6.663291567E1,5.639761686E-1,-1.875041008E0,-1.899055839E-1
6.664294567E1,6.787190437E-1,-1.972798109E0,-5.702763200E-1
6.665297667E1,5.757801533E-1,-1.598394394E0,-8.980171680E-1
6.666300767E1,9.431719035E-2,-7.498555183E-1,-1.040971518E0
6.667303767E1,-5.626156926E-1,2.739541829E-1,-1.094505906E0
6.668306867E1,-8.670348525E-1,6.358796954E-1,-9.779720306E-1
6.669309867E1,-9.042999744E-1,6.655874848E-1,-8.350960612E-1
6.670312967E1,-8.565948606E-1,9.240952730E-1,-7.093193531E-1
6.671316067E1,-6.884686947E-1,1.370842099E0,-7.002574205E-1
6.672319067E1,-4.490872920E-1,1.825016260E0,-5.975475311E-1
6.673322167E1,5.111268163E-2,2.349165916E0,-4.531088173E-1
6.674325167E1,2.047305346E0,3.207437038E0,1.996884495E-1
6.675328267E1,4.254029274E0,3.888990641E0,2.245431423E0
6.676331367E1,2.290506601E0,3.109338045E0,2.239383698E0
6.677334367E1,9.545318484E-1,3.706616879E0,2.235068798E0
6.678337467E1,2.997709215E-1,3.606075287E0,1.776951194E0
6.679340567E1,-2.019169629E-1,3.268276691E0,8.725688457E-1
6.680343567E1,-2.561727464E-1,2.226576567E0,5.271815658E-1
6.681346667E1,3.836200237E-1,6.242201328E-1,1.014618039E0
6.682349667E1,9.994564652E-1,-6.817610264E-1,1.030842185E0
6.683352767E1,6.466693878E-1,-6.723201275E-1,5.116923451E-1
6.684355867E1,-2.538720667E-1,-6.757550836E-1,-2.613723874E-1
6.685358867E1,-1.119659662E0,-1.233641863E0,-9.866062403E-1
6.686361967E1,-1.432102203E0,-1.513714552E0,-1.340790868E0
6.687364967E1,-1.439941406E0,-1.343302011E0,-1.430512309E0
6.688368067E1,-1.294181585E0,-1.109231830E0,-1.462768555E0
6.689371167E1,-9.887980223E-1,-1.185756683E0,-1.360616803E0
6.690374167E1,-7.095096111E-1,-1.223729372E0,-1.145936608E0
6.691377267E1,-5.975793600E-1,-1.223847866E0,-9.612898827E-1
6.692380267E1,-6.855043173E-1,-1.365642905E0,-7.648737431E-1
6.693383367E1,-7.268059850E-1,-1.400342226E0,-5.736228228E-1
6.694386467E1,-8.214639425E-1,-1.493898749E0,-3.555476665E-1
6.695389467E1,-1.005473375E0,-1.874665737E0,-1.629390717E-1
6.696392567E1,-1.223419189E0,-2.225395918E0,6.525397301E-2
6.697395567E1,-1.501142740E0,-2.267435551E0,4.708286524E-1
6.698398667E1,-1.769471407E0,-1.436093807E0,1.022964001E0
6.699401667E1,-1.395898104E0,-5.068617463E-1,1.479244709E0
6.700404767E1,-5.357316136E-1,8.893135786E-1,1.752600193E0
6.701407867E1,4.079296589E-1,1.286235571E0,1.929136992E0
6.702410867E1,9.385802746E-1,1.079088449E0,1.878448009E0
6.703413967E1,9.968973994E-1,1.028840780E0,1.449170351E0
6.704416967E1,7.932940722E-1,1.002162099E0,8.618974686E-1
6.705420067E1,4.633813798E-1,1.032151699E0,1.987810135E-1
6.706423167E1,-1.687480509E-1,1.217425942E0,-4.958001077E-1
6.707426167E1,-1.257033825E0,1.352234602E0,-1.229381919E0
6.708429325E1,-3.753968239E0,3.137871623E-1,-2.205903053E0
6.709432325E1,-5.636538029E0,2.042894065E-1,-3.976646423E0
6.710435425E1,-4.282231331E0,3.147301435E0,-4.537385464E0
6.711438525E1,-1.762783170E0,2.623488903E0,-4.310437679E0
6.712441525E1,-4.376613200E-1,3.098471761E-1,-3.217791557E0
6.713444625E1,-2.147821635E-1,-1.776532382E-1,-1.780516624E0
6.714447625E1,4.330631495E-1,3.078740239E-1,-8.855922818E-1
6.715450725E1,6.705949903E-1,9.152707458E-1,-2.455803454E-1
6.716453825E1,2.221364528E-2,8.233004212E-1,2.535652816E-1
6.717456825E1,-7.381460071E-1,4.298769236E-1,6.298550367E-1
6.718459925E1,-1.003376484E0,-2.070372701E-1,9.597557783E-1
6.719463025E1,-1.007222056E0,-1.640575677E-1,1.132006049E0
6.720466025E1,-7.050075531E-1,-5.619726777E-1,1.135174751E0
6.721469125E1,-2.189553678E-1,-9.269258380E-1,1.050248146E0
6.722472125E1,1.521633118E-1,-1.224121451E0,1.073557138E0
6.723475225E1,3.226482272E-1,-1.241691709E0,1.173825622E0
6.724478325E1,3.017079234E-1,-1.247756004E0,1.271888733E0
6.725481325E1,2.532722056E-1,-1.570516825E0,1.311197877E0
6.726484425E1,1.683605611E-1,-1.823993921E0,1.290635228E0
6.727487425E1,1.881489158E-1,-2.034873724E0,1.220968723E0
6.728490525E1,2.216129601E-1,-2.036580324E0,1.152046323E0
6.729493625E1,2.162956893E-1,-1.870083332E0,1.131293178E0
6.730496625E1,1.092358604E-1,-1.612590075E0,1.057188869E0
6.731499725E1,7.521983981E-2,-1.463635683E0,9.546441436E-1
6.732502825E1,1.264727712E-1,-1.783499956E0,8.007375598E-1
6.733505825E1,4.006169736E-1,-2.047002077E0,4.815012217E-1
6.734508925E1,5.683096051E-1,-1.649581671E0,9.035335481E-2
6.735511925E1,3.753395975E-1,-4.257611632E-1,-2.399547845E-1
6.736515025E1,-3.825227171E-2,4.192443788E-1,-4.857046306E-1
6.737518125E1,-5.693321228E-1,4.898479581E-1,-6.221889853E-1
6.738521125E1,-9.681591988E-1,3.209153116E-1,-6.769070625E-1
6.739524225E1,-1.071877480E0,6.949631572E-1,-6.998574138E-1
6.740527225E1,-1.042038083E0,1.174749970E0,-7.407153845E-1
6.741530325E1,-9.377698898E-1,1.594788790E0,-7.479224801E-1
6.742533425E1,-5.968379378E-1,1.907947302E0,-6.894641519E-1
6.743536425E1,7.267872095E-1,2.445504904E0,-3.956716359E-1
6.744539525E1,4.210733414E0,3.860831499E0,1.339460135E0
6.745542525E1,3.513708591E0,2.861996174E0,2.055894136E0
6.746545625E1,1.806880951E0,3.694324017E0,1.834193110E0
6.747548725E1,1.104898095E0,3.186591625E0,1.813100338E0
6.748551725E1,8.829858303E-1,2.498099327E0,1.301429391E0
6.749554825E1,3.888171017E-1,2.325973272E0,8.432391882E-1
6.750557925E1,1.007001400E0,1.912046671E0,7.626411915E-1
6.751560925E1,1.690292835E0,4.257115424E-1,8.564244509E-1
6.752564025E1,1.873486996E0,-7.310824394E-1,4.493010342E-1
6.753567025E1,1.347767830E0,-1.099160552E0,-9.779958427E-2
6.754570125E1,3.719514906E-1,-1.488968253E0,-4.965012074E-1
6.755573225E1,-5.338071585E-1,-1.936116695E0,-6.347286105E-1
6.756576225E1,-1.054889560E0,-1.623544216E0,-6.436564326E-1
6.757579325E1,-1.256130457E0,-8.983617425E-1,-5.885124803E-1
6.758582325E1,-1.309745669E0,-5.220708251E-1,-5.395991802E-1
6.759585425E1,-1.139167786E0,-6.410054564E-1,-3.838415444E-1
6.760588425E1,-8.637499809E-1,-9.632108212E-1,-1.468253732E-1
6.761591525E1,-7.863952518E-1,-1.274493575E0,1.005473956E-1
6.762594625E1,-8.613629341E-1,-1.399440765E0,2.194049507E-1
6.763597625E1,-1.072874069E0,-1.359971642E0,1.687335223E-1
6.764600725E1,-1.251333237E0,-1.610591173E0,4.486716911E-2
6.765603725E1,-1.371990681E0,-2.031733036E0,-4.961859062E-2
6.766606825E1,-1.491383314E0,-2.248027563E0,-7.146800309E-2
6.767609925E1,-1.754444242E0,-1.644072175E0,-1.224462502E-2
6.768612925E1,-1.788211226E0,-1.328185797E-1,1.338733435E-1
6.769616025E1,-1.095960379E0,7.969397306E-1,3.228432536E-1
6.770619025E1,-2.400113493E-1,1.344623089E0,7.089137435E-1
6.771622125E1,4.658328593E-1,1.061789870E0,1.087613821E0
6.772625225E1,9.760715961E-1,9.500825405E-1,1.167881489E0
6.773628225E1,1.203208685E0,9.316814542E-1,9.202458858E-1
6.774631325E1,1.215889335E0,1.074340105E0,5.535483956E-1
6.775634325E1,7.876756787E-1,1.191444635E0,1.117070988E-1
6.776637425E1,-3.470256925E-1,8.536903858E-1,-5.204959512E-1
6.777640525E1,-2.954043150E0,-3.565799296E-1,-1.435893297E0
6.778643525E1,-4.792561531E0,4.521875381E-1,-3.180647135E0
6.779646625E1,-3.664344788E0,3.664572716E0,-3.867125273E0
6.780649625E1,-1.190251946E0,2.706882477E0,-3.209544659E0
6.781652725E1,-1.934708953E-1,8.358583450E-1,-2.863505840E0
6.782655825E1,2.840030789E-1,9.060748667E-2,-1.756081104E0
6.783658825E1,5.143212676E-1,-5.119987130E-1,-1.055067062E0
6.784661925E1,3.678536974E-3,-2.503753901E-1,-6.120861769E-1
6.785664925E1,-7.370072603E-1,-1.766606867E-1,-2.040624619E-1
6.786668025E1,-9.617319107E-1,-1.671424508E-1,1.625263542E-1
6.787671125E1,-6.835426688E-1,-7.873873711E-1,5.387364626E-1
6.788674125E1,-3.956595361E-1,-1.170284152E0,7.768928409E-1
6.789677225E1,1.719176024E-1,-1.343838692E0,8.261935711E-1
6.790680325E1,6.494488120E-1,-1.279082656E0,8.210546374E-1
6.791683325E1,8.406741619E-1,-9.573616385E-1,8.118891120E-1
6.792686425E1,8.728157878E-1,-6.717827320E-1,8.838701844E-1
6.793689425E1,8.931783438E-1,-7.380759716E-1,1.008910656E0
6.794692525E1,8.230176568E-1,-9.864330888E-1,1.148341775E0
6.795695625E1,6.858611107E-1,-1.237882376E0,1.240175366E0
6.796698625E1,5.033524632E-1,-1.392047524E0,1.245514512E0
6.797701725E1,2.998363376E-1,-1.508894444E0,1.220026731E0
6.798704725E1,5.039890856E-2,-1.451511979E0,1.173407555E0
6.799707825E1,-1.360910833E-1,-1.383850098E0,1.107786775E0
6.800710925E1,-2.419984192E-1,-1.343780756E0,9.036848545E-1
6.801713925E1,-1.861964017E-1,-1.342191100E0,5.884427428E-1
6.802717025E1,2.015712485E-2,-1.554061770E0,2.022266835E-1
6.803720125E1,2.623378038E-1,-1.493832231E0,-2.405723184E-1
6.804723125E1,3.390720785E-1,-1.018288970E0,-5.951393843E-1
6.805726225E1,9.077971429E-2,-2.776944339E-1,-7.585333586E-1
6.806729225E1,-2.909843922E-1,2.750220299E-1,-7.554289103E-1
6.807732325E1,-5.420139432E-1,3.527964652E-1,-6.764166355E-1
6.808735450E1,-5.987534523E-1,4.950008690E-1,-5.358096361E-1
6.809738450E1,-4.315953553E-1,9.222345352E-1,-4.607281983E-1
6.810741550E1,-2.724146545E-1,1.347356319E0,-3.855788410E-1
6.811744550E1,2.027685568E-2,1.898855686E0,-3.695817590E-1
6.812747650E1,1.402848005E0,2.944049358E0,-1.210867614E-1
6.813750750E1,4.501090527E0,3.018594503E0,1.914130807E0
6.814753750E1,3.157335043E0,3.465169668E0,2.017918348E0
6.815756850E1,2.148228407E0,3.733047485E0,2.182145596E0
6.816759850E1,1.336868286E0,3.097818613E0,1.726167083E0
6.817762950E1,6.330950260E-1,2.460686207E0,9.759173989E-1
6.818766050E1,6.199221611E-1,2.524850130E0,5.425097346E-1
6.819769050E1,1.140841484E0,1.993849397E0,6.006609201E-1
6.820772150E1,1.787491560E0,2.382212281E-1,8.751652241E-1
6.821775150E1,1.928288102E0,-9.477245808E-1,5.040183067E-1
6.822778250E1,1.048119664E0,-1.015854836E0,-4.625224322E-2
6.823781350E1,-1.123404354E-1,-1.128006935E0,-5.453129411E-1
6.824784350E1,-9.040727019E-1,-1.341776013E0,-9.329447150E-1
6.825787450E1,-1.240698099E0,-1.270396113E0,-1.127785325E0
6.826790450E1,-1.337134004E0,-8.313449621E-1,-1.234108806E0
6.827793550E1,-1.177263379E0,-6.484787464E-1,-1.211884737E0
6.828796650E1,-8.959589601E-1,-6.828598380E-1,-1.148204923E0
6.829799650E1,-6.752225757E-1,-9.558721781E-1,-1.000879884E0
6.830802750E1,-6.293230057E-1,-1.142568827E0,-8.854823709E-1
6.831805750E1,-6.236051917E-1,-1.103913784E0,-7.173964381E-1
6.832808850E1,-6.993755102E-1,-9.362894297E-1,-5.556390285E-1
6.833811950E1,-7.984395027E-1,-9.259774089E-1,-4.235076308E-1
6.834814950E1,-9.339246750E-1,-1.253575563E0,-2.260484844E-1
6.835818050E1,-1.103215456E0,-1.647535443E0,8.910786361E-2
6.836821050E1,-1.369515657E0,-1.946052432E0,5.847772956E-1
6.837824150E1,-1.636644602E0,-1.552530527E0,1.249679804E0
6.838827250E1,-1.259128094E0,-7.759074569E-1,1.752665401E0
6.839830250E1,-3.579884171E-1,7.009948492E-1,1.833429575E0
6.840833350E1,5.739904046E-1,1.457887888E0,1.694032073E0
6.841836350E1,1.202016115E0,1.169874787E0,1.514514327E0
6.842839450E1,1.469316483E0,8.140441179E-1,1.218372822E0
6.843842450E1,1.462667465E0,5.894919634E-1,8.427730203E-1
6.844845550E1,1.138628364E0,6.571212411E-1,3.678471446E-1
6.845848650E1,3.799315393E-1,8.789647222E-1,-2.644450665E-1
6.846851650E1,-1.142840385E0,8.002002239E-1,-1.047495842E0
6.847854750E1,-4.064040661E0,-1.865097731E-1,-2.128339291E0
6.848857850E1,-5.468804359E0,1.033325911E0,-4.121149540E0
6.849860850E1,-3.785398483E0,3.722262144E0,-4.234257698E0
6.850863950E1,-8.864430785E-1,2.746073246E0,-3.485694647E0
6.851866950E1,3.022229373E-1,3.474705517E-1,-2.890996456E0
6.852870050E1,2.402232140E-1,-6.987264156E-1,-1.800169826E0
6.853873150E1,4.488959908E-1,-4.528538287E-1,-1.202067733E0
6.854876150E1,-2.571273223E-2,-9.199962765E-2,-6.550034881E-1
6.855879250E1,-8.985738754E-1,1.891151369E-1,-8.523669839E-2
6.856882250E1,-1.225008845E0,1.607209295E-1,5.232501030E-1
6.857885350E1,-1.176970959E0,-3.108436465E-1,9.880146384E-1
6.858888450E1,-1.007249475E0,-5.744653940E-1,1.204502225E0
6.859891450E1,-3.927572668E-1,-9.527781010E-1,1.223542809E0
6.860894550E1,9.395162016E-2,-1.273875713E0,1.124608755E0
6.861897650E1,2.870816588E-1,-1.226217985E0,1.078566670E0
6.862900650E1,3.680997491E-1,-1.036449552E0,1.122110367E0
6.863903750E1,3.725253940E-1,-1.134009361E0,1.190642834E0
6.864906750E1,4.000659883E-1,-1.461349607E0,1.250479937E0
6.865909850E1,3.924608231E-1,-1.659319997E0,1.189837694E0
6.866912950E1,3.853074610E-1,-1.775008440E0,1.124539733E0
6.867915950E1,3.749719858E-1,-1.647667527E0,1.074082255E0
6.868919050E1,3.001894355E-1,-1.426029682E0,1.038192511E0
6.869922050E1,1.923247427E-1,-1.360808134E0,1.092333078E0
6.870925150E1,9.058578312E-2,-1.443664551E0,9.036663175E-1
6.871928250E1,8.979561925E-2,-1.464177012E0,5.892194510E-1
6.872931250E1,1.714462787E-1,-1.320095658E0,1.856973618E-1
6.873934350E1,4.542203248E-2,-7.630089521E-1,-2.567650080E-1
6.874937350E1,-3.271227777E-1,-5.712512508E-2,-6.247482300E-1
6.875940450E1,-7.338250279E-1,4.115685821E-1,-7.780991793E-1
6.876943550E1,-9.388566017E-1,4.675441384E-1,-7.643306851E-1
6.877946550E1,-9.082528949E-1,6.279325485E-1,-6.672691107E-1
6.878949650E1,-7.430537343E-1,8.729035258E-1,-5.556051731E-1
6.879952750E1,-4.715580642E-1,1.375428438E0,-5.598598123E-1
6.880955750E1,-2.092886418E-1,1.747802496E0,-5.813930631E-1
6.881958850E1,3.581162095E-1,2.408299685E0,-5.262387395E-1
6.882961850E1,2.988313675E0,4.015175343E0,3.008810580E-1
6.883964950E1,4.360427856E0,3.118119717E0,1.958386898E0
6.884968050E1,2.916429996E0,3.882730246E0,1.822023392E0
6.885971050E1,1.844604135E0,3.793862104E0,1.947578073E0
6.886974150E1,9.607862234E-1,2.780094385E0,1.516185880E0
6.887977150E1,5.593264103E-1,1.868561983E0,1.062459946E0
6.888980250E1,7.324981093E-1,1.980926752E0,6.147085428E-1
6.889983350E1,1.862707257E0,1.627094030E0,8.916434646E-1
6.890986350E1,2.758536816E0,-6.164604425E-1,9.787358046E-1
6.891989450E1,2.208065748E0,-1.673677087E0,7.572129965E-1
6.892992450E1,1.019921422E0,-1.684757233E0,1.768959612E-1
6.893995550E1,-2.121891826E-1,-1.917254329E0,-2.161570489E-1
6.894998650E1,-8.217211962E-1,-1.921290874E0,-5.076815486E-1
6.896001650E1,-9.889310002E-1,-1.119052291E0,-7.708729506E-1
6.897004750E1,-9.916115403E-1,-7.434472442E-1,-9.247286916E-1
6.898007750E1,-9.880085588E-1,-5.365116000E-1,-1.076121688E0
6.899010850E1,-9.634894133E-1,-4.478174448E-1,-1.147908926E0
6.900013950E1,-8.854473829E-1,-5.919110179E-1,-1.162057042E0
6.901016950E1,-8.235344291E-1,-6.961619258E-1,-1.097556114E0
6.902020050E1,-8.140599728E-1,-9.174447656E-1,-9.701753855E-1
6.903023050E1,-8.544805050E-1,-1.147585273E0,-8.233836889E-1
6.904026150E1,-9.050962925E-1,-1.092026472E0,-6.888386607E-1
6.905029250E1,-9.368624091E-1,-1.289560556E0,-5.450292826E-1
6.906032250E1,-1.080808163E0,-1.918579221E0,-3.692284822E-1
6.907035350E1,-1.278547168E0,-2.332047701E0,-6.056475639E-2
6.908038350E1,-1.623704314E0,-1.859992981E0,4.871409535E-1
6.909041350E1,-1.505860090E0,-8.129548430E-1,1.043555140E0
6.910044450E1,-7.524425387E-1,4.338694811E-1,1.422058225E0
6.911047450E1,1.753449291E-1,1.324266076E0,1.567482114E0
6.912050550E1,8.888526559E-1,9.797627926E-1,1.513387442E0
6.913053550E1,1.053156257E0,7.845556736E-1,1.125007868E0
6.914056650E1,1.047661901E0,5.223770738E-1,6.692285538E-1
6.915059750E1,8.360228539E-1,4.907530546E-1,1.811555773E-1
6.916062750E1,1.719737947E-1,6.862639785E-1,-4.198455811E-1
6.917065850E1,-1.113905072E0,8.279752135E-1,-1.122849464E0
6.918068850E1,-3.482710123E0,1.432251036E-1,-2.029785872E0
6.919071950E1,-4.825394154E0,7.458370924E-1,-3.689400196E0
6.920075050E1,-3.882809162E0,3.112626791E0,-4.042179585E0
6.921078050E1,-1.619661689E0,2.444111586E0,-3.434168577E0
6.922081150E1,-5.232955813E-1,3.659518957E-1,-2.875503302E0
6.923084150E1,-3.767225742E-1,-5.384137630E-1,-1.746742129E0
6.924087250E1,6.508521736E-2,-5.254324675E-1,-8.076026440E-1
6.925090350E1,2.289579213E-1,2.542727292E-1,-2.851800919E-1
6.926093350E1,-2.601073682E-1,3.774798810E-1,1.093384549E-1
6.927096450E1,-8.231351376E-1,3.413248956E-1,6.214075089E-1
6.928099450E1,-9.305390716E-1,-3.599131107E-1,9.677356482E-1
6.929102550E1,-7.246813178E-1,-7.061710358E-1,1.040429711E0
6.930105650E1,-2.351928055E-1,-1.093864918E0,8.979409337E-1
6.931108650E1,3.201592565E-1,-1.138941765E0,8.140307665E-1
6.932111750E1,7.541394234E-1,-1.126805782E0,7.731951475E-1
6.933114850E1,8.711233139E-1,-1.087583899E0,8.110082746E-1
6.934117850E1,8.675339222E-1,-1.089808702E0,9.974893928E-1
6.935120950E1,7.520512342E-1,-1.260637403E0,1.154073834E0
6.936123950E1,5.763342977E-1,-1.476296186E0,1.240944028E0
6.937127050E1,4.235961437E-1,-1.748512745E0,1.241527557E0
6.938130150E1,3.050820231E-1,-1.981672049E0,1.178002715E0
6.939133150E1,2.261134237E-1,-1.983861446E0,1.124257922E0
6.940136250E1,2.012807727E-1,-1.835260510E0,1.053005338E0
6.941139250E1,2.275136709E-1,-1.758888841E0,9.445317984E-1
6.942142350E1,3.179482222E-1,-1.674112678E0,6.985822320E-1
6.943145450E1,4.192062020E-1,-1.660499573E0,2.891766429E-1
6.944148450E1,4.332836866E-1,-1.502709031E0,-2.079990208E-1
6.945151550E1,2.800211906E-1,-8.233518600E-1,-6.372022033E-1
6.946154550E1,-7.496700436E-2,3.878824040E-2,-8.965799809E-1
6.947157650E1,-4.207688868E-1,4.690934420E-1,-9.630984068E-1
6.948160750E1,-5.989436507E-1,5.351518393E-1,-9.327426553E-1
6.949163750E1,-5.486483574E-1,8.641333580E-1,-8.499030471E-1
6.950166850E1,-4.016874135E-1,1.351447463E0,-8.211858869E-1
6.951169950E1,-2.384400219E-1,1.893456101E0,-8.332194090E-1
6.952172950E1,3.043196797E-1,2.292492151E0,-7.603542209E-1
6.953176050E1,2.950148106E0,3.397628307E0,-5.700609088E-2
6.954179050E1,5.414966106E0,3.003766537E0,2.020108938E0
6.955182150E1,3.571574450E0,2.627339125E0,1.841728449E0
6.956185250E1,2.073221207E0,2.787012577E0,1.817998052E0
6.957188250E1,1.179061174E0,1.830769420E0,1.283286333E0
6.958191350E1,5.095029473E-1,2.042893648E0,4.466681778E-1
6.959194350E1,4.116649330E-1,2.511289597E0,3.722318709E-1
6.960197450E1,1.186153173E0,1.552190661E0,9.437941909E-1
6.961200550E1,1.974695086E0,-4.600881040E-1,1.052496791E0
6.962203550E1,1.625978947E0,-1.483645558E0,7.963299751E-1
6.963206650E1,6.553201675E-1,-1.584358096E0,1.841489673E-1
6.964209650E1,-5.832907557E-1,-1.540932894E0,-5.375527740E-1
6.965212750E1,-1.230592489E0,-1.334552169E0,-9.803606272E-1
6.966215850E1,-1.351692200E0,-1.032588840E0,-1.131217718E0
6.967218850E1,-1.401152611E0,-7.978616953E-1,-1.145761490E0
6.968221950E1,-1.366450071E0,-6.982075572E-1,-1.106438041E0
6.969224950E1,-1.101302266E0,-5.120347142E-1,-1.088933468E0
6.970228050E1,-8.632624745E-1,-3.982966840E-1,-1.138440013E0
6.971231150E1,-7.922352552E-1,-5.906521678E-1,-1.089096308E0
6.972234150E1,-7.379181981E-1,-8.611291647E-1,-9.254319072E-1
6.973237250E1,-7.423642278E-1,-9.187273383E-1,-7.427844405E-1
6.974240250E1,-7.776942849E-1,-9.080235362E-1,-5.189961195E-1
6.975243350E1,-8.375924230E-1,-1.151932955E0,-2.523367107E-1
6.976246450E1,-1.064126134E0,-1.399386764E0,1.604479402E-1
6.977249450E1,-1.361966610E0,-1.540251613E0,7.373256087E-1
6.978252550E1,-1.451929212E0,-1.085429192E0,1.475588202E0
6.979255550E1,-8.203217983E-1,-5.424022079E-1,1.936070681E0
6.980258650E1,7.972700149E-2,1.006420016E0,1.965066075E0
6.981261750E1,8.687018156E-1,1.424198151E0,1.733821988E0
6.982264750E1,1.397774220E0,1.078826904E0,1.447383761E0
6.983267850E1,1.549303055E0,8.702527285E-1,9.374703169E-1
6.984270850E1,1.405452967E0,8.238573074E-1,4.471916556E-1
6.985273950E1,9.657464623E-1,8.558843732E-1,-9.190445393E-2
6.986277050E1,9.335959703E-2,9.422493577E-1,-6.928408742E-1
6.987280050E1,-1.307113886E0,7.424113750E-1,-1.390792847E0
6.988283150E1,-4.085920334E0,-6.072922349E-1,-2.392295837E0
6.989286150E1,-5.081281185E0,9.147773981E-1,-4.417614460E0
6.990289250E1,-3.015215158E0,3.915835142E0,-4.168846607E0
6.991292350E1,-7.238668203E-1,2.038529634E0,-3.562923908E0
6.992295350E1,-1.985780448E-1,4.792355299E-1,-2.748158455E0
6.993298450E1,2.786344886E-1,-4.965079203E-2,-1.407696724E0
6.994301450E1,8.061153889E-1,2.557203174E-1,-6.349065304E-1
6.995304550E1,5.444402695E-1,7.204284668E-1,-3.839042783E-1
6.996307650E1,-3.037730455E-1,5.577431321E-1,-1.806370914E-2
6.997310650E1,-8.188541532E-1,2.407270521E-1,5.216133595E-1
6.998313750E1,-9.298871756E-1,-4.662415385E-1,9.962145686E-1
6.999316850E1,-9.393189549E-1,-8.696646690E-1,1.266901493E0
7.000319850E1,-5.274068117E-1,-1.218380928E0,1.405065298E0
7.001322950E1,6.152053177E-2,-1.366951942E0,1.444466114E0
7.002325950E1,3.812668324E-1,-1.224094391E0,1.581748366E0
7.003329050E1,5.417318344E-1,-1.083325148E0,1.685769081E0
7.004332150E1,5.608458519E-1,-1.180910468E0,1.772911191E0
7.005335150E1,4.597820938E-1,-1.399384260E0,1.717410445E0
7.006338250E1,3.361291289E-1,-1.518881679E0,1.563826442E0
7.007341250E1,2.659925520E-1,-1.575850725E0,1.345538616E0
7.008344425E1,2.110816240E-1,-1.618162513E0,1.078595400E0
7.009347525E1,1.302388757E-1,-1.620352149E0,7.827940583E-1
7.010350525E1,1.630322486E-1,-1.644632459E0,4.669226408E-1
7.011353625E1,4.197896719E-1,-1.736002564E0,1.064555049E-1
7.012356725E1,7.757778764E-1,-1.872828841E0,-2.002727389E-1
7.013359725E1,8.956331611E-1,-1.661408663E0,-5.841863155E-1
7.014362825E1,7.856163979E-1,-1.002604961E0,-9.271854758E-1
7.015365825E1,5.117545724E-1,6.873090565E-2,-1.161854148E0
7.016368925E1,2.455123067E-1,7.325291038E-1,-1.239755273E0
7.017372025E1,2.460561320E-2,8.441188931E-1,-1.129076719E0
7.018375025E1,-7.634336501E-2,1.024098039E0,-9.984595180E-1
7.019378125E1,-6.852932274E-2,1.281657696E0,-8.012361526E-1
7.020381125E1,9.333973378E-2,1.637846947E0,-5.623854399E-1
7.021384225E1,4.599298835E-1,2.185795546E0,-2.650419772E-1
7.022387325E1,1.972784042E0,3.068995476E0,2.372243553E-1
7.023390325E1,4.555655003E0,3.378043175E0,1.828436017E0
7.024393425E1,2.829991579E0,3.131119728E0,2.062613010E0
7.025396425E1,1.169647574E0,4.177425861E0,1.968924999E0
7.026399525E1,2.699375153E-1,3.464416981E0,1.675065637E0
7.027402625E1,-1.440509558E-1,3.006232262E0,9.671729803E-1
7.028405625E1,-3.026078343E-1,2.287654638E0,4.893934131E-1
7.029408725E1,1.770029068E-1,9.357938766E-1,9.621688128E-1
7.030411825E1,7.684733868E-1,-7.166328430E-1,1.181593299E0
7.031414825E1,6.783432961E-1,-1.477292180E0,9.573501348E-1
7.032417925E1,-1.841109842E-1,-1.235292554E0,2.723350525E-1
7.033420925E1,-1.138512611E0,-9.757572412E-1,-3.884555697E-1
7.034424025E1,-1.614136577E0,-9.637227058E-1,-7.938294411E-1
7.035427125E1,-1.589503884E0,-8.549225330E-1,-9.299722910E-1
7.036430125E1,-1.378738403E0,-5.814698935E-1,-9.951965809E-1
7.037433225E1,-1.153398156E0,-5.394112468E-1,-9.894394279E-1
7.038436225E1,-9.746766686E-1,-5.074117780E-1,-9.328046441E-1
7.039439325E1,-8.399313688E-1,-3.606414795E-1,-8.762096167E-1
7.040442425E1,-8.779815435E-1,-3.803030550E-1,-7.706272602E-1
7.041445425E1,-8.669593334E-1,-6.127703190E-1,-6.768819690E-1
7.042448525E1,-7.800060511E-1,-9.280585051E-1,-4.990384877E-1
7.043451525E1,-7.314192057E-1,-1.145862699E0,-4.187150896E-1
7.044454625E1,-7.776788473E-1,-1.412422299E0,-3.866002858E-1
7.045457725E1,-8.947440386E-1,-1.931403279E0,-3.368427455E-1
7.046460725E1,-1.152323246E0,-2.307898521E0,-1.375099570E-1
7.047463825E1,-1.403664947E0,-1.671934366E0,2.207600474E-1
7.048466825E1,-1.013287902E0,-4.009266496E-1,5.692307353E-1
7.049469925E1,-2.827453613E-1,1.048912048E0,8.342091441E-1
7.050472925E1,6.328616738E-1,8.551713824E-1,1.135924339E0
7.051476025E1,1.348471999E0,5.527862906E-1,1.276426435E0
7.052479125E1,1.546324849E0,5.471670032E-1,1.092015862E0
7.053482125E1,1.480412245E0,3.378539681E-1,6.165049076E-1
7.054485225E1,1.143031597E0,4.600520432E-1,1.293864250E-1
7.055488225E1,5.359675884E-1,7.608472109E-1,-4.557815492E-1
7.056491325E1,-9.392481446E-1,9.009376764E-1,-1.221180201E0
7.057494425E1,-4.476141930E0,-6.385596395E-1,-2.474338531E0
7.058497425E1,-5.539785862E0,1.207849860E0,-4.476291180E0
7.059500525E1,-3.650756598E0,3.167952776E0,-3.895905018E0
7.060503525E1,-1.433554530E0,1.850626945E0,-3.260127783E0
7.061506625E1,-5.520995259E-1,4.489473701E-1,-2.142321825E0
7.062509725E1,-2.408417761E-1,-3.020390272E-1,-7.766985893E-1
7.063512725E1,1.497446597E-1,6.938539147E-1,1.876982003E-1
7.064515825E1,4.022240639E-1,7.397326827E-1,6.165840626E-1
7.065518925E1,-2.225301974E-2,6.090194583E-1,9.373409748E-1
7.066521925E1,-2.785995901E-1,2.707163803E-2,1.228857517E0
7.067525025E1,-4.395315349E-1,-5.528479218E-1,1.281699181E0
7.068528025E1,-3.984096646E-1,-6.697995663E-1,1.142693162E0
7.069531125E1,-7.551819831E-2,-1.158120275E0,9.606721997E-1
7.070534225E1,3.580955565E-1,-1.290528417E0,7.054446936E-1
7.071537225E1,6.210840344E-1,-1.356106997E0,6.320847869E-1
7.072540325E1,7.019304037E-1,-1.380185127E0,6.826803088E-1
7.073543325E1,6.684399843E-1,-1.439568877E0,8.065262437E-1
7.074546425E1,5.257624388E-1,-1.588664889E0,9.552968144E-1
7.075549525E1,3.935443759E-1,-1.785864711E0,1.035605311E0
7.076552525E1,2.854954004E-1,-1.995638967E0,1.051841021E0
7.077555625E1,2.157230973E-1,-2.082923412E0,1.059679031E0
7.078558725E1,1.291756928E-1,-1.849757433E0,1.063998342E0
7.079561725E1,3.909276053E-2,-1.685377836E0,1.019657493E0
7.080564825E1,4.926150665E-2,-1.688874364E0,8.496377468E-1
7.081567825E1,1.709670275E-1,-1.708962560E0,4.889027178E-1
7.082570925E1,3.383866549E-1,-1.451676250E0,2.428020723E-2
7.083574025E1,2.731846869E-1,-5.683396459E-1,-4.380262792E-1
7.084577025E1,-4.936725274E-2,3.709415793E-1,-8.346887231E-1
7.085580125E1,-5.900931358E-1,8.373736143E-1,-9.844291806E-1
7.086583125E1,-1.032712936E0,7.656677365E-1,-9.267640114E-1
7.087586225E1,-1.203092575E0,7.973096371E-1,-6.832200885E-1
7.088589325E1,-1.096935868E0,9.360272884E-1,-4.316685796E-1
7.089592325E1,-9.009451866E-1,1.260175228E0,-2.792816162E-1
7.090595425E1,-6.364623904E-1,1.667315602E0,-2.311982512E-1
7.091598425E1,-1.296700239E-1,1.966191411E0,-1.461487859E-1
7.092601525E1,1.362743855E0,2.477453232E0,2.421355695E-1
7.093604625E1,5.051702976E0,2.943107367E0,1.936562061E0
7.094607625E1,3.509603977E0,2.490861654E0,2.106330395E0
7.095610725E1,2.096707344E0,3.808576584E0,1.908323407E0
7.096613825E1,1.193620682E0,3.194882154E0,1.636606216E0
7.097616825E1,6.308736801E-1,2.424160480E0,9.446428418E-1
7.098619925E1,3.051586747E-1,1.901420474E0,8.251249790E-1
7.099622925E1,8.805040121E-1,1.108489990E0,1.003656864E0
7.100626025E1,1.671324849E0,-2.235051841E-1,1.382104278E0
7.101629125E1,1.656288505E0,-1.388042212E0,1.114019394E0
7.102632125E1,8.985141516E-1,-1.232020736E0,4.426717162E-1
7.103635225E1,2.216099761E-3,-1.029667377E0,-4.062179923E-1
7.104638225E1,-7.028959990E-1,-1.178155899E0,-8.999134302E-1
7.105641325E1,-9.870044589E-1,-1.182221770E0,-1.139332294E0
7.106644425E1,-1.044834375E0,-8.760761023E-1,-1.196562052E0
7.107647425E1,-1.007778287E0,-5.684824586E-1,-1.247590780E0
7.108650887E1,-8.409323096E-1,-4.997597933E-1,-1.225816488E0
7.109653888E1,-6.505874991E-1,-4.623830020E-1,-1.131154418E0
7.110656988E1,-6.655584574E-1,-6.278071404E-1,-9.618020058E-1
7.111660088E1,-7.130441666E-1,-8.941960931E-1,-7.413228154E-1
7.112663088E1,-6.028084755E-1,-1.075461507E0,-3.770500124E-1
7.113666188E1,-6.015653014E-1,-1.236544251E0,-8.135703951E-2
7.114669188E1,-7.276643515E-1,-1.354750156E0,1.370533258E-1
7.115672287E1,-8.617377281E-1,-1.562172651E0,3.816961050E-1
7.116675388E1,-1.077765942E0,-1.736036897E0,7.097426653E-1
7.117678388E1,-1.412481666E0,-1.565992117E0,1.183598876E0
7.118681487E1,-1.390069127E0,-1.065306664E0,1.741290450E0
7.119684488E1,-7.096728683E-1,1.104762778E-1,1.989771366E0
7.120687588E1,2.459553629E-1,1.419334412E0,1.898808122E0
7.121690688E1,8.912746310E-1,1.503380656E0,1.706884742E0
7.122693687E1,1.242352962E0,1.157379031E0,1.314518571E0
7.123696788E1,1.284442544E0,8.857129812E-1,7.454196811E-1
7.124699788E1,1.065196276E0,8.784193993E-1,1.480497420E-1
7.125702887E1,4.724080265E-1,8.342868686E-1,-3.629517853E-1
7.126705988E1,-7.160278559E-1,7.684162259E-1,-1.029409647E0
7.127708988E1,-3.032788515E0,-1.479537040E-1,-1.914352775E0
7.128712088E1,-5.162127018E0,-2.390135676E-1,-3.454903841E0
7.129715088E1,-4.259929180E0,2.867396355E0,-4.111003876E0
7.130718188E1,-1.728152633E0,2.715250492E0,-3.523677111E0
7.131721288E1,-1.705204844E-1,8.812901974E-1,-2.916242838E0
7.132724287E1,2.106660157E-1,1.806513667E-1,-2.087600470E0
7.133727388E1,6.910743117E-1,7.988765836E-1,-1.243390441E0
7.134730388E1,5.647813082E-1,1.253806829E0,-8.003259897E-1
7.135733487E1,-1.690586843E-2,1.345524073E0,-3.534566462E-1
7.136736588E1,-2.810685635E-1,9.685690403E-1,2.334848493E-1
7.137739588E1,-4.649287164E-1,2.234127373E-1,8.125331402E-1
7.138742688E1,-3.328526914E-1,-5.098340511E-1,1.290728450E0
7.139745787E1,8.845690638E-3,-1.148919463E0,1.388096929E0
7.140748788E1,2.945892811E-1,-1.251519322E0,1.358532310E0
7.141751888E1,3.511480689E-1,-8.793494701E-1,1.429411530E0
7.142754887E1,-1.345999837E-1,9.034592509E-1,1.389334917E0
7.143757988E1,3.687711060E-1,1.166067600E0,1.205959558E0
7.144761088E1,2.655001283E-1,3.661140054E-2,1.189984918E0
7.145764087E1,9.645357728E-2,-1.356137872E0,9.893204570E-1
7.146767188E1,5.030018687E-1,-2.613002539E0,8.644129038E-1
7.147770188E1,5.399303436E-1,-3.096837521E0,8.545113206E-1
7.148773288E1,2.312119305E-1,-2.805795431E0,8.074694872E-1
7.149776387E1,-2.052442729E-1,-1.965393782E0,5.740478039E-1
7.150779388E1,-2.598473132E-1,-1.800752044E0,2.769866288E-1
7.151782488E1,-1.254731230E-2,-2.024748802E0,-4.064358398E-2
7.152785587E1,2.202563733E-1,-2.118331194E0,-5.475971103E-1
7.153788588E1,4.665615559E-1,-1.935901642E0,-9.475830793E-1
7.154791688E1,3.718403876E-1,-8.481292725E-1,-1.140943170E0
7.155794688E1,-1.491400693E-2,1.611672491E-1,-1.056662321E0
7.156797788E1,-2.873004973E-1,4.103352726E-1,-8.553578258E-1
7.157800888E1,-3.574736714E-1,3.527838588E-1,-5.113860369E-1
7.158803888E1,-2.291519195E-1,3.473810852E-1,-2.380463630E-1
7.159806987E1,-6.318429857E-2,8.419349790E-1,-1.132115647E-1
7.160809988E1,2.216541022E-1,1.406005502E0,-2.424494363E-2
7.161813088E1,1.007721066E0,2.404190302E0,1.863484085E-1
7.162816187E1,3.632873058E0,3.659277201E0,9.243747592E-1
7.163819188E1,3.610150576E0,3.636643648E0,2.029384613E0
7.164822288E1,1.682996273E0,4.419880867E0,1.826483369E0
7.165825288E1,4.765560329E-1,4.254845142E0,1.818716526E0
7.166828387E1,-3.751298189E-1,3.549274683E0,1.320504904E0
7.167831488E1,-1.061655998E0,3.125463009E0,9.010131955E-1
7.168834488E1,-7.815428376E-1,3.236070871E0,1.176365972E0
7.169837587E1,6.000471711E-1,2.655448914E0,1.453058839E0
7.170840588E1,1.465188861E0,1.343506575E0,8.158966899E-1
7.171843688E1,1.243646860E0,4.471075535E-1,-3.335237205E-1
7.172846788E1,4.558733702E-1,-9.139916897E-1,-1.213627696E0
7.173849788E1,-5.583544374E-1,-2.076521158E0,-1.659657598E0
7.174852888E1,-1.117878675E0,-2.141281605E0,-1.743575931E0
7.175855888E1,-1.162146449E0,-1.972717047E0,-1.721282244E0
7.176858987E1,-1.274864197E0,-2.030825138E0,-1.655842304E0
7.177862088E1,-1.359669328E0,-1.986050606E0,-1.529026747E0
7.178865088E1,-1.423267484E0,-1.997399330E0,-1.361477494E0
7.179868187E1,-1.554482937E0,-2.352287054E0,-1.133739471E0
7.180871188E1,-1.694229722E0,-2.839375496E0,-7.992163301E-1
7.181874288E1,-1.878147483E0,-2.902854204E0,-5.555688739E-1
7.182877388E1,-2.136331558E0,-2.924523354E0,-3.272979259E-1
7.183880388E1,-2.380307674E0,-3.152701855E0,-1.068068221E-1
7.184883488E1,-2.622114182E0,-3.443249941E0,6.159843504E-2
7.185886488E1,-2.830261946E0,-3.851005793E0,2.486977875E-1
7.186889587E1,-2.963060141E0,-4.458883286E0,6.870496273E-1
7.187892688E1,-3.275463581E0,-4.688622952E0,1.350753903E0
7.188895688E1,-4.280690670E0,-3.708193064E0,2.051907063E0
7.189898787E1,-3.017564774E0,-2.193579972E-1,2.115160704E0
7.190901888E1,-1.270565748E0,1.245910764E0,2.392670631E0
7.191904888E1,-1.070234776E-1,8.935373425E-1,2.621623993E0
7.192907988E1,9.451299310E-1,4.618579894E-2,2.429538250E0
7.193910987E1,1.707501531E0,-6.897561550E-1,2.072429180E0
7.194914088E1,2.012714624E0,-3.262048364E-1,1.731375575E0
7.195917188E1,1.991490960E0,8.996210694E-1,1.405921698E0
7.196920187E1,1.799196362E0,2.348817348E0,1.107464194E0
7.197923288E1,5.958943367E-1,4.147773743E0,5.614802837E-1
7.198926288E1,-1.430073261E0,5.919845581E0,-9.773561954E-1
7.199929388E1,-2.169907093E0,5.518974304E0,-2.671480179E0
7.200932488E1,-1.905195355E0,4.607285023E0,-2.915347338E0
7.201935488E1,8.502798080E-1,6.192275882E-1,-1.887823820E0
7.202938588E1,2.393858910E0,1.835593104E0,-2.372318506E0
7.203941587E1,2.755878210E0,3.466465235E0,-2.691973209E0
7.204944688E1,2.143347025E0,2.297525406E0,-2.202483416E0
7.205947788E1,1.355704308E0,1.524345160E0,-1.552614450E0
7.206950787E1,9.990684390E-1,6.398856640E-1,-1.339210510E0
7.207953888E1,8.324864507E-1,6.473808885E-1,-9.374196529E-1
7.208956900E1,6.485056877E-1,9.572665691E-1,-4.349656105E-1
7.209960000E1,1.665262580E-1,9.741672873E-1,3.077040315E-1
7.210963100E1,-1.245559230E-1,1.896210760E-1,9.882056117E-1
7.211966100E1,-1.227901056E-1,-1.026390195E0,1.399235129E0
7.212969200E1,-1.851706505E-1,-1.780680776E0,1.502120256E0
7.213972300E1,-4.172560573E-1,-1.941703677E0,1.329808354E0
7.214975300E1,-5.624102950E-1,-1.903619170E0,1.072368503E0
7.215978400E1,-4.605906606E-1,-1.821462274E0,8.564064503E-1
7.216981400E1,-1.858898401E-1,-1.740835905E0,6.821153164E-1
7.217984500E1,5.465419963E-2,-1.907426000E0,5.034957528E-1
7.218987600E1,2.316295058E-1,-2.227110624E0,3.645597696E-1
7.219990600E1,4.564378262E-1,-2.593111515E0,2.029455155E-1
7.220993700E1,7.334228754E-1,-2.648616314E0,-9.434115142E-3
7.221996700E1,8.089812398E-1,-1.924127340E0,-2.580434978E-1
7.222999800E1,3.662626445E-1,-4.590512514E-1,-4.573249221E-1
7.224002900E1,-6.125108004E-1,7.146125436E-1,-4.871813059E-1
7.225005900E1,-1.271646738E0,8.236538172E-1,-4.173196554E-1
7.226009000E1,-1.308782458E0,7.383772731E-1,-2.846556008E-1
7.227012000E1,-1.042492986E0,1.059572935E0,-3.406530917E-1
7.228015100E1,-8.530208468E-1,1.441846848E0,-3.767837882E-1
7.229018200E1,-5.924475789E-1,1.745722890E0,-3.824483454E-1
7.230021200E1,-1.504296064E-2,1.974160075E0,-1.852068901E-1
7.231024300E1,1.788927436E0,-2.129785568E-1,5.604355931E-1
7.232027300E1,4.892819405E0,-3.281169891E0,2.188683033E0
7.233030400E1,3.439199448E0,2.579213142E0,2.308398008E0
7.234033500E1,2.533372402E0,3.406265497E0,2.536461353E0
7.235036500E1,9.236640930E-1,3.068902731E0,2.455433130E0
7.236039600E1,-1.478787661E-1,2.258093357E0,1.885458589E0
7.237042600E1,-1.100708723E0,1.059341908E0,1.051130652E0
7.238045700E1,-4.463312626E-1,3.308511674E-1,7.000659108E-1
7.239048800E1,1.013073549E-1,9.751352668E-2,7.738450766E-1
7.240051800E1,4.669935107E-1,-6.779513955E-1,8.700659871E-1
7.241054900E1,2.668747902E-1,-1.139862299E0,5.085775256E-1
7.242057900E1,-4.103376567E-1,-9.685218930E-1,-8.979111910E-2
7.243061000E1,-8.023488522E-1,-1.352735877E0,-6.166725159E-1
7.244064100E1,-8.858768344E-1,-1.530401707E0,-1.056710839E0
7.245067100E1,-9.337969422E-1,-1.426386952E0,-1.369480491E0
7.246070200E1,-1.070720077E0,-1.389853597E0,-1.411221862E0
7.247073200E1,-1.008813858E0,-1.196883082E0,-1.524081588E0
7.248076300E1,-9.066310525E-1,-1.018895268E0,-1.645996809E0
7.249079400E1,-8.213915229E-1,-1.207628250E0,-1.553921223E0
7.250082400E1,-7.034599781E-1,-1.598346233E0,-1.277224541E0
7.251085500E1,-6.226082444E-1,-1.919373751E0,-8.693531752E-1
7.252088500E1,-6.553521156E-1,-1.961766481E0,-4.981919825E-1
7.253091600E1,-8.512172103E-1,-1.661928415E0,-1.915918291E-1
7.254094700E1,-1.128155589E0,-1.268870950E0,1.567500681E-1
7.255097700E1,-1.386028647E0,-7.314525247E-1,6.144614220E-1
7.256100800E1,-1.491577268E0,-5.125785992E-2,1.053353667E0
7.257103800E1,-1.068527699E0,5.852240324E-1,1.377891302E0
7.258106900E1,-3.103557527E-1,1.123205304E0,1.539751649E0
7.259109900E1,4.148706794E-1,1.410863400E0,1.508900523E0
7.260113000E1,8.789663315E-1,1.428485036E0,1.396813154E0
7.261116100E1,1.132627010E0,1.251638889E0,1.153531313E0
7.262119100E1,1.114913702E0,1.068424821E0,8.004199266E-1
7.263122200E1,7.998740673E-1,1.151173472E0,2.922640443E-1
7.264125200E1,2.614680529E-1,1.287131786E0,-2.020511925E-1
7.265128300E1,-6.975141764E-1,1.354155302E0,-8.591406345E-1
7.266131400E1,-2.994775772E0,4.548968673E-1,-1.855909944E0
7.267134400E1,-4.406158447E0,1.011793494E0,-3.560945749E0
7.268137500E1,-2.909253836E0,2.955740690E0,-3.828871250E0
7.269140500E1,-3.943702579E-1,2.611489296E0,-3.118580103E0
7.270143600E1,7.798064351E-1,2.317534208E0,-2.417197466E0
7.271146700E1,8.401392698E-1,1.566895008E0,-1.449847698E0
7.272149700E1,9.469655752E-1,1.256744266E0,-1.046498895E0
7.273152800E1,3.750434816E-1,6.233135462E-1,-7.929505110E-1
7.274155900E1,-4.582788050E-1,3.442995250E-2,-2.353636175E-1
7.275158900E1,-8.875851035E-1,-2.830426767E-2,4.560230672E-1
7.276162000E1,-7.883815169E-1,-5.087549686E-1,9.448819160E-1
7.277165000E1,-4.198213816E-1,-7.233130932E-1,1.219434619E0
7.278168100E1,5.156079680E-2,-8.085384965E-1,1.316597819E0
7.279171200E1,3.476795256E-1,-6.150749922E-1,1.252251625E0
7.280174200E1,4.382430911E-1,-5.311266780E-1,1.163175225E0
7.281177300E1,3.634804189E-1,-5.480747819E-1,1.167422175E0
7.282180300E1,1.965516359E-1,-3.544345796E-1,1.123747468E0
7.283183400E1,7.128665596E-2,-5.090542436E-1,1.087798834E0
7.284186500E1,7.655519526E-3,-7.721326351E-1,1.008879900E0
7.285189500E1,-9.072085470E-2,-9.678140283E-1,8.704927564E-1
7.286192600E1,-1.487664431E-1,-1.155592680E0,7.454375625E-1
7.287195600E1,-1.404648423E-1,-1.295307636E0,6.816790700E-1
7.288198700E1,-9.129942209E-2,-1.367627978E0,6.189584732E-1
7.289201800E1,8.224413544E-2,-1.599349022E0,5.368105769E-1
7.290204800E1,3.553580344E-1,-1.878830194E0,4.467283487E-1
7.291207900E1,6.897022128E-1,-1.841661334E0,2.827428877E-1
7.292211000E1,8.470620513E-1,-1.183001161E0,3.760362417E-2
7.293214000E1,6.757664680E-1,-2.403727025E-1,-2.258586287E-1
7.294217100E1,2.324476689E-1,5.380069017E-1,-3.688847423E-1
7.295220100E1,-7.743988931E-2,5.900205374E-1,-3.819238245E-1
7.296223200E1,-5.731164292E-2,5.018522739E-1,-3.746311963E-1
7.297226300E1,-2.205165662E-2,7.304819822E-1,-3.678329289E-1
7.298229300E1,9.156148136E-2,1.173146129E0,-4.441567957E-1
7.299232400E1,4.940668643E-1,1.523613930E0,-3.627250493E-1
7.300235400E1,2.472716331E0,-6.455107331E-1,3.614617586E-1
7.301238500E1,5.066715240E0,-5.472917557E-1,1.610747457E0
7.302241600E1,3.809140682E0,3.453296185E0,1.894077778E0
7.303244600E1,2.598327637E0,3.928825617E0,2.192957401E0
7.304247700E1,9.443821311E-1,3.185326099E0,2.019246340E0
7.305250700E1,1.128696091E-2,2.006591558E0,1.322327018E0
7.306253800E1,-1.733282059E-1,9.832705855E-1,7.871588469E-1
7.307256900E1,4.126780331E-1,6.658644080E-1,8.236742616E-1
7.308259900E1,7.354845405E-1,-5.240231380E-2,7.814210653E-1
7.309262667E1,1.005358815E0,-8.846684098E-1,5.776863098E-1
7.310265667E1,3.269165456E-1,-1.388140559E0,2.902423441E-1
7.311268767E1,-3.356635571E-1,-1.595388055E0,-3.707692772E-2
7.312271867E1,-7.139924765E-1,-1.608515263E0,-2.834261358E-1
7.313274867E1,-9.046870470E-1,-1.196743369E0,-5.835680962E-1
7.314277967E1,-1.112907529E0,-8.947368860E-1,-7.309923768E-1
7.315280967E1,-1.231221914E0,-7.914677858E-1,-8.557084799E-1
7.316284067E1,-1.224174261E0,-9.604851604E-1,-9.015674591E-1
7.317287167E1,-1.116165161E0,-1.100698113E0,-8.719241023E-1
7.318290167E1,-9.565478563E-1,-1.299187899E0,-7.342619300E-1
7.319293267E1,-9.192151427E-1,-1.602850795E0,-5.510483980E-1
7.320296267E1,-1.073811173E0,-1.706319928E0,-4.194799960E-1
7.321299367E1,-1.208710670E0,-1.550098538E0,-3.977342248E-1
7.322302467E1,-1.352269888E0,-1.498099089E0,-4.537806809E-1
7.323305467E1,-1.514418364E0,-1.389940619E0,-5.042824745E-1
7.324308567E1,-1.780199409E0,-1.064649582E0,-4.112314582E-1
7.325311567E1,-2.059537411E0,-2.717638910E-1,-1.259142309E-1
7.326314667E1,-1.841962814E0,3.304949105E-1,2.037612945E-1
7.327317667E1,-1.101410151E0,5.600519180E-1,6.330533028E-1
7.328320767E1,-2.760109603E-1,8.910737634E-1,9.689416885E-1
7.329323867E1,4.973819256E-1,9.475748539E-1,1.155405521E0
7.330326867E1,1.031961679E0,9.087288976E-1,1.168285608E0
7.331329967E1,1.241153479E0,7.112771273E-1,1.007610917E0
7.332332967E1,1.210827947E0,7.026885748E-1,6.256332994E-1
7.333336067E1,9.386683106E-1,8.497070670E-1,1.692335606E-1
7.334339167E1,2.921186388E-1,1.268152714E0,-3.357352018E-1
7.335342167E1,-1.915006995E0,6.285969019E-1,-1.125229359E0
7.336345267E1,-4.484248638E0,9.180939198E-1,-2.842313051E0
7.337348267E1,-3.814301491E0,3.214224339E0,-4.040192127E0
7.338351367E1,-1.185871840E0,3.102556467E0,-3.299713850E0
7.339354467E1,8.256588131E-2,2.434683084E0,-2.836973906E0
7.340357467E1,8.596408367E-2,1.436115861E0,-2.013878345E0
7.341360567E1,2.328848243E-1,9.893943667E-1,-1.419536233E0
7.342363567E1,6.481423043E-3,5.829119682E-1,-9.387076497E-1
7.343366667E1,-7.539842129E-1,-5.641899630E-2,-4.742238820E-1
7.344369767E1,-1.485452175E0,-2.525505722E-1,2.044042796E-1
7.345372767E1,-1.509871483E0,-3.775183558E-1,6.772911549E-1
7.346375867E1,-1.118614554E0,-4.576925933E-1,9.706941247E-1
7.347378867E1,-3.685103953E-1,-4.670850337E-1,1.104018569E0
7.348381967E1,3.509157598E-1,-5.762519836E-1,1.041839838E0
7.349385067E1,6.535400748E-1,-7.223942876E-1,8.955566287E-1
7.350388067E1,6.097706556E-1,-7.640507817E-1,7.867558002E-1
7.351391167E1,4.228231609E-1,-7.373938560E-1,7.408348918E-1
7.352394267E1,2.404029220E-1,-9.121356010E-1,7.328153253E-1
7.353397267E1,8.345395327E-4,-1.122944713E0,7.008105516E-1
7.354400367E1,-1.498794556E-1,-1.337320566E0,6.852194667E-1
7.355403367E1,-1.985937357E-1,-1.408869028E0,7.080895901E-1
7.356406467E1,-2.132854611E-1,-1.323396325E0,7.527717352E-1
7.357409567E1,-1.854173541E-1,-1.241777420E0,8.444920778E-1
7.358412567E1,-1.134923324E-1,-1.491321683E0,8.527600169E-1
7.359415667E1,9.066133201E-2,-1.902199745E0,7.541519403E-1
7.360418767E1,4.126960039E-1,-2.058071613E0,5.125129223E-1
7.361421767E1,6.400319338E-1,-1.712676406E0,8.741489053E-2
7.362424867E1,5.669515729E-1,-8.552030325E-1,-4.478055239E-1
7.363427867E1,9.767328948E-2,2.302662730E-1,-8.519886732E-1
7.364430967E1,-5.842620730E-1,7.530944943E-1,-1.020244479E0
7.365434067E1,-8.950481415E-1,6.916207671E-1,-9.149886370E-1
7.366437067E1,-8.224455714E-1,8.837326169E-1,-7.489913106E-1
7.367440167E1,-6.229050159E-1,1.473200440E0,-7.093618512E-1
7.368443167E1,-3.958635330E-1,1.975542307E0,-6.023387313E-1
7.369446267E1,6.505014896E-1,1.456503868E0,-2.022000998E-1
7.370449367E1,4.004072666E0,-1.148102760E0,9.319851398E-1
7.371452367E1,5.419829845E0,1.321452141E0,2.105458260E0
7.372455467E1,3.623040199E0,3.863304615E0,2.038613319E0
7.373458467E1,2.073736191E0,3.839818954E0,2.234633684E0
7.374461567E1,6.465213895E-1,2.541867733E0,1.933806300E0
7.375464667E1,-3.759060800E-1,1.237836123E0,1.147194982E0
7.376467667E1,-3.211805224E-1,4.304209054E-1,5.255956054E-1
7.377470767E1,6.134132147E-1,-2.116126269E-1,9.077118039E-1
7.378473767E1,1.261290550E0,-1.078734040E0,9.286792874E-1
7.379476867E1,1.037309170E0,-1.732413054E0,5.514878035E-1
7.380479967E1,1.036010385E-1,-1.674210072E0,2.023035884E-1
7.381482967E1,-5.513378978E-1,-1.617849112E0,-1.915619522E-1
7.382486067E1,-8.942089081E-1,-1.618211746E0,-5.895872116E-1
7.383489067E1,-1.149848700E0,-1.146840453E0,-8.879664540E-1
7.384492167E1,-1.370573640E0,-9.345882535E-1,-1.099764466E0
7.385495267E1,-1.454970241E0,-9.821091890E-1,-1.256052136E0
7.386498267E1,-1.417298794E0,-1.195621967E0,-1.276703596E0
7.387501367E1,-1.222308040E0,-1.384787083E0,-1.194260836E0
7.388504367E1,-9.899961948E-1,-1.507958531E0,-1.008980274E0
7.389507467E1,-8.795037866E-1,-1.660446644E0,-8.190830946E-1
7.390510567E1,-8.998949528E-1,-1.563917756E0,-6.033206582E-1
7.391513567E1,-9.291495085E-1,-1.308472395E0,-3.760965466E-1
7.392516667E1,-9.726294279E-1,-1.154536724E0,-1.600297093E-1
7.393519667E1,-1.088590860E0,-8.934020400E-1,6.171733141E-2
7.394522767E1,-1.241233587E0,-4.173742831E-1,3.202562332E-1
7.395525867E1,-1.214368701E0,1.548426151E-1,6.212776303E-1
7.396528867E1,-7.724744678E-1,5.454785228E-1,9.181184173E-1
7.397531967E1,-1.464618929E-2,9.425856471E-1,1.182079196E0
7.398534967E1,7.334465384E-1,1.107042551E0,1.350239396E0
7.399538067E1,1.300909162E0,1.010204434E0,1.361828685E0
7.400541167E1,1.562244892E0,9.012682438E-1,1.211783528E0
7.401544167E1,1.492435217E0,9.059026837E-1,9.512531757E-1
7.402547267E1,1.113958836E0,8.625613451E-1,4.791670740E-1
7.403550267E1,4.536419213E-1,1.164983511E0,-1.285186261E-1
7.404553367E1,-7.785097361E-1,1.672178149E0,-8.772748113E-1
7.405556467E1,-3.838183641E0,9.871819019E-1,-2.052634954E0
7.406559467E1,-5.580417633E0,2.037478209E0,-4.029174328E0
7.407562567E1,-2.928118706E0,3.754650831E0,-3.894811630E0
7.408565567E1,-6.404888630E-1,3.450466156E0,-3.382133961E0
7.409568975E1,-1.607579589E-1,2.058083773E0,-2.771334648E0
7.410572075E1,2.182669044E-1,1.296549439E0,-1.718404531E0
7.411575075E1,4.717465639E-1,1.040792227E0,-1.007426023E0
7.412578175E1,-1.585396677E-1,7.361785173E-1,-5.439619422E-1
7.413581175E1,-1.004359841E0,5.016096830E-1,5.727522075E-4
7.414584275E1,-1.426549554E0,1.007270366E-1,4.706893563E-1
7.415587375E1,-1.326389194E0,-3.843411207E-1,7.112191916E-1
7.416590375E1,-8.054801226E-1,-8.588401079E-1,8.168891668E-1
7.417593475E1,-1.816637218E-1,-1.312607050E0,8.247358799E-1
7.418596575E1,2.218633294E-1,-1.621217251E0,7.660014629E-1
7.419599575E1,3.020926416E-1,-1.309354782E0,7.863722444E-1
7.420602675E1,2.752950191E-1,-1.184338093E0,7.889230847E-1
7.421605675E1,2.440167367E-1,-1.226398468E0,8.424763680E-1
7.422608775E1,2.523627281E-1,-1.364130974E0,9.288896322E-1
7.423611875E1,2.524511516E-1,-1.394814610E0,1.024830222E0
7.424614875E1,1.860340834E-1,-1.537287474E0,1.102636099E0
7.425617975E1,1.472222358E-1,-1.678654790E0,1.186013341E0
7.426620975E1,1.483452469E-1,-1.740976810E0,1.224506378E0
7.427624075E1,1.433510184E-1,-1.777508140E0,1.214997530E0
7.428627175E1,2.949461043E-1,-1.953453422E0,1.124873757E0
7.429630175E1,7.247549891E-1,-2.162474155E0,8.833673596E-1
7.430633275E1,1.246996760E0,-2.043469191E0,4.199546874E-1
7.431636375E1,1.466500163E0,-1.462495208E0,-1.583363563E-1
7.432639375E1,1.216960311E0,-4.198068082E-1,-6.697419286E-1
7.433642475E1,5.987250209E-1,6.864988208E-1,-9.685826898E-1
7.434645475E1,1.392003149E-1,7.298577428E-1,-1.102239847E0
7.435648575E1,-9.681194276E-2,7.008956075E-1,-1.086547971E0
7.436651675E1,-3.010786772E-1,9.113044739E-1,-1.120657682E0
7.437654675E1,-3.824827075E-1,1.280524015E0,-1.065030932E0
7.438657775E1,2.045983672E-1,1.132572293E0,-7.318768501E-1
7.439660775E1,3.138471365E0,-1.477815270E0,3.515013754E-1
7.440663875E1,5.568806171E0,5.713741183E-1,1.769519806E0
7.441666975E1,3.920275688E0,3.852725506E0,2.040481091E0
7.442669975E1,2.322453976E0,4.120476723E0,2.373340607E0
7.443673075E1,7.341270447E-1,3.466404200E0,2.183082342E0
7.444676075E1,-2.647954524E-1,2.771287680E0,1.231412530E0
7.445679175E1,-6.765710115E-1,2.439727306E0,7.712678313E-1
7.446682275E1,2.294972539E-1,1.499126196E0,1.513538241E0
7.447685275E1,8.257489204E-1,-4.615744054E-1,1.824528933E0
7.448688375E1,6.458879709E-1,-1.299598336E0,1.486232877E0
7.449691475E1,6.562858820E-2,-1.317088366E0,7.416666150E-1
7.450694475E1,-5.165150166E-1,-1.215332747E0,-4.341506213E-2
7.451697575E1,-8.726571798E-1,-1.267520308E0,-5.983057022E-1
7.452700575E1,-1.192950010E0,-1.184389353E0,-1.044775009E0
7.453703675E1,-1.311019897E0,-9.698222280E-1,-1.437086344E0
7.454706775E1,-1.346045852E0,-1.011594057E0,-1.741980433E0
7.455709775E1,-1.272634506E0,-1.179162741E0,-1.881056786E0
7.456712875E1,-1.127262592E0,-1.341268539E0,-1.846066713E0
7.457715875E1,-9.923915267E-1,-1.398030639E0,-1.674277067E0
7.458718975E1,-9.351590872E-1,-1.529955745E0,-1.383422017E0
7.459722075E1,-9.281522632E-1,-1.648689389E0,-1.008717418E0
7.460725075E1,-1.025797486E0,-1.553963542E0,-6.328798532E-1
7.461728175E1,-1.200211287E0,-1.488159776E0,-3.205789924E-1
7.462731175E1,-1.443564773E0,-1.363762975E0,-4.177382961E-2
7.463734275E1,-1.675679564E0,-8.910060525E-1,3.070488572E-1
7.464737375E1,-1.774261951E0,-1.529535800E-1,7.275276780E-1
7.465740375E1,-1.459803343E0,4.576876760E-1,1.089247823E0
7.466743475E1,-6.416582465E-1,8.940412998E-1,1.429304123E0
7.467746475E1,4.193371534E-1,1.316843152E0,1.669492245E0
7.468749575E1,1.311821222E0,1.436976552E0,1.794093251E0
7.469752675E1,1.758899570E0,1.442236066E0,1.618957877E0
7.470755675E1,1.712000012E0,1.407407045E0,1.206649303E0
7.471758775E1,1.521406889E0,1.124352217E0,7.807289362E-1
7.472761775E1,1.038901567E0,8.642253876E-1,2.691781521E-1
7.473764875E1,2.856978476E-1,9.564823508E-1,-3.655247688E-1
7.474767875E1,-1.248628020E0,7.207894325E-1,-1.169754148E0
7.475770975E1,-4.218823433E0,2.293517590E-1,-2.744863033E0
7.476774075E1,-4.813401222E0,2.090465069E0,-4.428270340E0
7.477777075E1,-2.076863289E0,2.961540937E0,-3.909781694E0
7.478780175E1,6.317491829E-2,2.727546453E0,-3.054068804E0
7.479783275E1,3.884826973E-2,7.470822930E-1,-2.434129477E0
7.480786275E1,3.567658365E-1,9.796533585E-1,-1.587564349E0
7.481789375E1,2.541260123E-1,5.436158776E-1,-1.013061881E0
7.482792375E1,-6.094837785E-1,2.735254467E-1,-4.686885774E-1
7.483795475E1,-1.388731599E0,2.149633467E-1,1.577274054E-1
7.484798575E1,-1.791834474E0,-2.584745884E-1,6.965384483E-1
7.485801575E1,-1.605708003E0,-5.283246636E-1,1.058420777E0
7.486804675E1,-9.825739861E-1,-5.880139470E-1,1.268066049E0
7.487807775E1,-3.218967319E-1,-9.152762294E-1,1.263802290E0
7.488810775E1,1.040386856E-1,-9.921613336E-1,1.210801840E0
7.489813875E1,1.830698550E-1,-9.687069058E-1,1.165711522E0
7.490816875E1,2.495602816E-1,-9.615960717E-1,1.161262393E0
7.491819975E1,3.524983823E-1,-9.422042966E-1,1.157607198E0
7.492823075E1,3.631439805E-1,-9.626604319E-1,1.043738723E0
7.493826075E1,2.671069205E-1,-1.073773980E0,8.594429493E-1
7.494829175E1,1.508626491E-1,-1.260903597E0,7.160917521E-1
7.495832175E1,1.372198164E-1,-1.374983907E0,6.123323441E-1
7.496835275E1,1.745310426E-1,-1.404445648E0,5.393866897E-1
7.497838375E1,2.536213398E-1,-1.702491641E0,4.024040401E-1
7.498841375E1,5.488096476E-1,-2.108211756E0,1.754535139E-1
7.499844475E1,9.450065494E-1,-2.267401457E0,-1.635868549E-1
7.500847575E1,1.085709810E0,-1.870040417E0,-5.829452872E-1
7.501850575E1,6.948427558E-1,-8.241558671E-1,-9.640726447E-1
7.502853675E1,-1.442749053E-1,5.090945363E-1,-1.182553172E0
7.503856675E1,-7.819722295E-1,9.201044440E-1,-1.154666662E0
7.504859775E1,-9.623557329E-1,8.137188554E-1,-9.596078992E-1
7.505862875E1,-8.547033072E-1,1.110550523E0,-6.939708591E-1
7.506865875E1,-6.699496508E-1,1.512999177E0,-5.444858670E-1
7.507868975E1,-4.197092056E-1,2.027473450E0,-3.496558666E-1
7.508871813E1,2.704108357E-1,1.903878927E0,-4.407968372E-3
7.509874813E1,3.129881144E0,-4.504564404E-1,9.844090939E-1
7.510877913E1,6.219570160E0,-6.785327792E-1,2.638473272E0
7.511880913E1,3.706562757E0,3.512501717E0,2.728754282E0
7.512884012E1,1.940889120E0,4.279305935E0,2.850616217E0
7.513887113E1,6.985337734E-1,3.091382742E0,2.585730553E0
7.514890113E1,-2.070706487E-1,2.082287073E0,1.579545856E0
7.515893212E1,-2.568259537E-1,1.429026484E0,1.054180503E0
7.516896213E1,3.423821628E-1,8.355300426E-1,5.766173005E-1
7.517899313E1,9.261939526E-1,-1.405342072E-1,4.676351547E-1
7.518902413E1,1.041676164E0,-1.393892765E0,3.446717262E-1
7.519905413E1,6.363478899E-1,-1.586366892E0,1.564544141E-1
7.520908513E1,-1.934263669E-2,-1.698067904E0,-1.612603664E-1
7.521911513E1,-4.290910065E-1,-1.702891350E0,-4.226051569E-1
7.522914612E1,-7.103356123E-1,-1.372844219E0,-6.693621874E-1
7.523917713E1,-9.861804843E-1,-8.290656209E-1,-9.918521047E-1
7.524920713E1,-1.176162839E0,-5.718731284E-1,-1.254490733E0
7.525923812E1,-1.245838881E0,-5.483433008E-1,-1.445107102E0
7.526926813E1,-1.281794906E0,-5.618853569E-1,-1.555052876E0
7.527929913E1,-1.311207175E0,-7.990880013E-1,-1.471767068E0
7.528933013E1,-1.203503847E0,-1.087441683E0,-1.178145170E0
7.529936013E1,-1.049129725E0,-1.384778857E0,-7.826305032E-1
7.530939113E1,-1.035350800E0,-1.499393344E0,-4.355094731E-1
7.531942113E1,-1.104947925E0,-1.491923213E0,-9.739136696E-2
7.532945212E1,-1.296209216E0,-1.359195828E0,2.826226056E-1
7.533948313E1,-1.606144190E0,-1.115791440E0,7.853635550E-1
7.534951313E1,-1.818758607E0,-5.712857842E-1,1.291956425E0
7.535954412E1,-1.556287646E0,1.588450745E-2,1.549725890E0
7.536957413E1,-8.111450672E-1,7.301386595E-1,1.641999125E0
7.537960513E1,5.722358823E-2,1.282409310E0,1.537999749E0
7.538963613E1,8.424293995E-1,1.409132481E0,1.367589951E0
7.539966612E1,1.300161839E0,1.109811902E0,1.114691138E0
7.540969713E1,1.261059046E0,9.912890792E-1,5.905575156E-1
7.541972713E1,1.054910183E0,7.872616649E-1,2.022971213E-1
7.542975812E1,7.642565966E-1,9.896551371E-1,-2.062952816E-1
7.543978913E1,2.271510363E-1,1.284003854E0,-6.576134562E-1
7.544981913E1,-9.410550594E-1,1.004936934E0,-1.246766925E0
7.545985013E1,-3.744147301E0,-6.940331459E-1,-2.229242086E0
7.546988013E1,-4.451046944E0,1.387502193E0,-3.995658636E0
7.547991113E1,-2.292976379E0,3.726518154E0,-3.525313854E0
7.548994213E1,-3.708711565E-1,2.526079178E0,-2.916455507E0
7.549997212E1,-5.895933509E-2,1.121745825E0,-2.366039515E0
7.551000313E1,1.878469884E-1,1.065672398E0,-1.397668719E0
7.552003413E1,2.746580839E-1,8.385545611E-1,-7.604022622E-1
7.553006412E1,-3.090132177E-1,4.437778890E-1,-1.516873986E-1
7.554009513E1,-8.705545664E-1,2.233727872E-1,4.812341332E-1
7.555012513E1,-1.139421940E0,1.910765767E-1,1.022393107E0
7.556015613E1,-1.065387368E0,9.675194323E-2,1.315074325E0
7.557018712E1,-5.685002804E-1,-1.112058684E-1,1.369879961E0
7.558021713E1,-1.496546157E-2,-2.876991332E-1,1.238474369E0
7.559024813E1,4.418660402E-1,-3.342792988E-1,9.862166643E-1
7.560027912E1,5.769913793E-1,-4.549846947E-1,6.987814307E-1
7.561030913E1,5.956590176E-1,-4.873326123E-1,5.285181999E-1
7.562034013E1,5.911353827E-1,-6.725890636E-1,4.482276142E-1
7.563037012E1,5.658227205E-1,-9.947372079E-1,3.896361291E-1
7.564040113E1,5.046643019E-1,-1.466735244E0,3.605594635E-1
7.565043213E1,4.998476803E-1,-1.782825947E0,3.692095578E-1
7.566046213E1,4.206532538E-1,-1.793831706E0,3.850037158E-1
7.567049312E1,2.217761427E-1,-1.774779081E0,4.313327670E-1
7.568052413E1,9.516388178E-2,-1.816469193E0,4.632592797E-1
7.569055413E1,1.652827710E-1,-2.081626177E0,3.437103629E-1
7.570058512E1,4.005951583E-1,-2.167993546E0,1.224046201E-1
7.571061513E1,4.594557583E-1,-1.609727740E0,-1.482799947E-1
7.572064613E1,1.559936255E-1,-3.756218553E-1,-3.515207171E-1
7.573067713E1,-3.434265554E-1,5.194066763E-1,-4.343889654E-1
7.574070713E1,-5.062556863E-1,3.284122050E-1,-3.163044155E-1
7.575073813E1,-3.210324347E-1,3.860529363E-1,-1.867666692E-1
7.576076813E1,-1.192652062E-1,9.104229808E-1,-2.279085070E-1
7.577079912E1,4.847335164E-3,1.413389444E0,-3.585946858E-1
7.578083013E1,8.857206255E-2,1.957145929E0,-6.124935746E-1
7.579086013E1,1.103005409E0,8.324496746E-1,-3.052206933E-1
7.580089112E1,5.040220737E0,-2.845343828E0,8.701196909E-1
7.581092213E1,4.877317905E0,1.984656334E0,1.789289832E0
7.582095213E1,3.518809319E0,4.403628826E0,1.953503489E0
7.583098313E1,2.105436563E0,4.287425041E0,2.143382072E0
7.584101312E1,5.591793060E-1,3.026160717E0,1.601871967E0
7.585104413E1,-2.538066208E-1,1.951555967E0,6.915091276E-1
7.586107513E1,3.542412817E-2,1.897570848E0,1.292769313E-1
7.587110512E1,7.187228799E-1,1.233828306E0,6.450335383E-1
7.588113613E1,1.472811341E0,-4.075932205E-1,8.326495290E-1
7.589116613E1,1.061318278E0,-9.926761985E-1,6.711844802E-1
7.590119713E1,1.992227584E-1,-1.312130690E0,3.129866719E-1
7.591122813E1,-5.246759057E-1,-1.955980897E0,1.615677029E-2
7.592125813E1,-8.219003677E-1,-1.776737094E0,-3.135471046E-1
7.593128913E1,-1.063241124E0,-1.241763830E0,-6.298224330E-1
7.594131912E1,-1.318716288E0,-8.715460896E-1,-9.586855173E-1
7.595135013E1,-1.220443249E0,-9.597080946E-1,-1.125176549E0
7.596138113E1,-9.967827797E-1,-1.135281205E0,-1.218183994E0
7.597141112E1,-7.993956208E-1,-1.423385024E0,-1.210061312E0
7.598144213E1,-7.903845906E-1,-1.772962451E0,-1.021069765E0
7.599147313E1,-8.913771510E-1,-1.829890966E0,-8.039169312E-1
7.600150313E1,-9.872642756E-1,-1.796214938E0,-6.198824048E-1
7.601153412E1,-1.015305877E0,-1.735923767E0,-5.218415856E-1
7.602156413E1,-1.057439566E0,-1.431413770E0,-3.516943157E-1
7.603159513E1,-1.186259389E0,-1.136114597E0,3.427208960E-2
7.604162512E1,-1.392225862E0,-5.842702389E-1,6.243795753E-1
7.605165613E1,-1.229481936E0,-1.916190833E-1,1.237552285E0
7.606168713E1,-6.293182969E-1,3.755293190E-1,1.693130970E0
7.607171712E1,2.441908270E-1,1.097482800E0,1.939277768E0
7.608174813E1,9.873209000E-1,1.432141542E0,1.929196358E0
7.609178042E1,1.426650286E0,1.358934879E0,1.680214524E0
7.610181142E1,1.466778517E0,1.080620408E0,1.024428368E0
7.611184242E1,1.159681320E0,7.256138921E-1,6.351352334E-1
7.612187242E1,6.436066031E-1,6.834871769E-1,1.420752108E-1
7.613190342E1,-4.867637157E-1,1.131354094E0,-6.154465079E-1
7.614193442E1,-2.819218159E0,2.522698641E-1,-1.663829923E0
7.615196442E1,-4.680217743E0,9.290750027E-1,-3.514131308E0
7.616199542E1,-3.471162319E0,3.270133018E0,-3.914266348E0
7.617202542E1,-4.717559814E-1,3.286593199E0,-3.295865774E0
7.618205642E1,4.379465580E-1,2.714691639E0,-2.852356434E0
7.619208742E1,5.354371667E-1,1.195160389E0,-1.883824706E0
7.620211742E1,5.315716267E-1,6.206123233E-1,-1.436793923E0
7.621214842E1,-3.133224845E-1,2.951832712E-1,-1.107439637E0
7.622217842E1,-1.295696735E0,2.155118734E-1,-3.866986632E-1
7.623220942E1,-1.674627423E0,9.165643156E-2,3.450332582E-1
7.624224042E1,-1.648062944E0,-1.147702411E-1,9.351130724E-1
7.625227042E1,-1.164406896E0,-3.326311409E-1,1.206251621E0
7.626230142E1,-4.677809775E-1,-5.178028345E-1,1.234469891E0
7.627233242E1,7.666596025E-2,-5.274545550E-1,1.125459671E0
7.628236242E1,3.111013770E-1,-6.043131351E-1,1.003783226E0
7.629239342E1,3.287370503E-1,-8.734607697E-1,8.935668468E-1
7.630242342E1,2.752152383E-1,-1.221801996E0,8.290299773E-1
7.631245442E1,1.589259803E-1,-1.609508038E0,7.481210828E-1
7.632248542E1,9.973524138E-3,-1.890152931E0,6.062742472E-1
7.633251542E1,-4.113631696E-2,-2.046449900E0,4.934907556E-1
7.634254642E1,-5.975397769E-3,-2.224528790E0,4.715415239E-1
7.635257742E1,-8.595895953E-3,-2.239958286E0,5.410915613E-1
7.636260742E1,7.329497486E-2,-2.303467035E0,6.135372519E-1
7.637263842E1,1.417972296E-1,-2.401979208E0,6.367226839E-1
7.638266842E1,3.121543527E-1,-2.640104532E0,5.165507197E-1
7.639269942E1,5.395637155E-1,-2.632716179E0,2.001792490E-1
7.640273042E1,5.797966123E-1,-2.056758881E0,-2.557352781E-1
7.641276042E1,2.074660659E-1,-6.880583763E-1,-6.876878142E-1
7.642279142E1,-4.491645396E-1,5.740789175E-1,-9.489760995E-1
7.643282242E1,-7.830654383E-1,6.229780316E-1,-9.547578692E-1
7.644285242E1,-8.020271659E-1,7.678306103E-1,-8.770492077E-1
7.645288342E1,-6.569082141E-1,1.396496773E0,-7.968425751E-1
7.646291342E1,-4.860323370E-1,1.862432003E0,-6.447046995E-1
7.647294442E1,-2.613346279E-1,2.345317364E0,-4.950455427E-1
7.648297542E1,2.196287960E-1,2.505303860E0,-3.307197392E-1
7.649300542E1,3.597218990E0,-6.621856689E-1,8.334884644E-1
7.650303642E1,5.946151257E0,-8.438311219E-1,2.477694988E0
7.651306642E1,2.930128098E0,3.942162991E0,2.074970722E0
7.652309742E1,1.355579615E0,4.326570034E0,2.259881020E0
7.653312842E1,2.378577888E-1,3.233437061E0,1.799224496E0
7.654315842E1,-5.000197291E-1,2.467701435E0,8.589723110E-1
7.655318942E1,-3.907016814E-1,1.839243650E0,4.295744002E-1
7.656322042E1,1.007109284E-1,6.944180727E-1,6.916723847E-1
7.657325042E1,5.847290158E-1,-7.030587196E-1,6.765643358E-1
7.658328142E1,7.519872785E-1,-1.405787349E0,3.689953387E-1
7.659331142E1,2.971622944E-1,-1.681886673E0,-1.034171879E-2
7.660334242E1,-3.051842749E-1,-1.773155570E0,-4.915552139E-1
7.661337342E1,-5.684061646E-1,-1.608355165E0,-8.432055116E-1
7.662340342E1,-7.960129976E-1,-1.093732953E0,-1.141929507E0
7.663343442E1,-1.017348647E0,-4.577316046E-1,-1.386816621E0
7.664346442E1,-1.026889205E0,-2.588903904E-1,-1.507811785E0
7.665349542E1,-8.932136893E-1,-4.659875929E-1,-1.441715360E0
7.666352642E1,-7.411764860E-1,-9.843335152E-1,-1.218718052E0
7.667355642E1,-6.830471158E-1,-1.441441655E0,-9.073005319E-1
7.668358742E1,-7.877524495E-1,-1.506560564E0,-5.898442864E-1
7.669361742E1,-9.395444393E-1,-1.383809090E0,-3.072753847E-1
7.670364842E1,-1.029357433E0,-1.477673888E0,-3.608995676E-2
7.671367942E1,-1.208294511E0,-1.532048225E0,2.629496753E-1
7.672370942E1,-1.484680891E0,-1.355005264E0,6.778064966E-1
7.673374042E1,-1.731166124E0,-6.865215302E-1,1.152302027E0
7.674377042E1,-1.501877189E0,5.638776720E-2,1.453672290E0
7.675380142E1,-7.378560901E-1,7.300628424E-1,1.571914792E0
7.676383242E1,2.434493005E-1,1.142513037E0,1.649244905E0
7.677386242E1,9.977611899E-1,1.292929888E0,1.641940713E0
7.678389342E1,1.441503525E0,1.118154407E0,1.490109086E0
7.679392342E1,1.534742713E0,1.040309429E0,1.189689517E0
7.680395442E1,1.275180936E0,9.729943871E-1,6.611250043E-1
7.681398542E1,6.701503992E-1,1.057805181E0,-4.601426888E-3
7.682401542E1,-5.700444803E-2,1.285744905E0,-6.798581481E-1
7.683404642E1,-1.529102683E0,7.264927626E-1,-1.444407940E0
7.684407642E1,-4.168740749E0,-5.984115005E-1,-2.549720049E0
7.685410742E1,-4.578584194E0,1.818453550E0,-4.215794563E0
7.686413842E1,-1.927855492E0,3.687454462E0,-3.677188873E0
7.687416842E1,3.822029829E-1,3.030148029E0,-2.966277599E0
7.688419942E1,4.969854951E-1,1.620116591E0,-2.337319136E0
7.689422942E1,7.783535123E-1,1.776818037E0,-1.486665249E0
7.690426042E1,7.794991732E-1,1.270529628E0,-1.011697412E0
7.691429142E1,8.299664408E-2,6.723070145E-1,-6.078169346E-1
7.692432142E1,-6.200163960E-1,2.868469357E-1,3.247065097E-2
7.693435242E1,-9.508351088E-1,1.701424718E-1,5.964114666E-1
7.694438342E1,-9.512324333E-1,-1.975758970E-1,9.726316929E-1
7.695441342E1,-4.873775244E-1,-6.000137329E-1,1.205282450E0
7.696444442E1,1.010447070E-1,-8.737694025E-1,1.274305701E0
7.697447542E1,4.181247950E-1,-9.821165204E-1,1.201618433E0
7.698450542E1,4.736967087E-1,-7.416101694E-1,1.210947037E0
7.699453642E1,4.138779640E-1,-4.989034534E-1,1.220221519E0
7.700456642E1,3.442307115E-1,-4.803936779E-1,1.175320387E0
7.701459742E1,2.203538418E-1,-8.014798164E-1,1.063261628E0
7.702462842E1,1.951771230E-1,-1.231249571E0,9.432918429E-1
7.703465842E1,2.013704777E-1,-1.551336408E0,8.149186969E-1
7.704468942E1,2.352751791E-1,-1.632237911E0,6.628593802E-1
7.705472042E1,2.419104278E-1,-1.560312986E0,5.506631136E-1
7.706475042E1,2.927443385E-1,-1.645398378E0,4.333849847E-1
7.707478142E1,5.011886358E-1,-1.919462204E0,2.401978225E-1
7.708481142E1,7.234864235E-1,-2.038373709E0,-1.924546435E-2
7.709484379E1,7.264636755E-1,-1.669155359E0,-2.756712735E-1
7.710487479E1,3.003736138E-1,-4.065213799E-1,-4.764376581E-1
7.711490479E1,-2.112103105E-1,6.019670367E-1,-5.526782274E-1
7.712493579E1,-3.888229132E-1,4.954858422E-1,-4.590420723E-1
7.713496579E1,-3.133635521E-1,3.370144069E-1,-3.006459475E-1
7.714499679E1,-2.154755741E-1,7.086215019E-1,-2.209098339E-1
7.715502779E1,-1.300291717E-1,1.192658782E0,-2.988471985E-1
7.716505779E1,6.885596365E-2,1.751828909E0,-2.176839113E-1
7.717508879E1,1.972224116E0,4.582477510E-1,3.096438944E-1
7.718511979E1,5.289889336E0,-7.869576812E-1,1.369287729E0
7.719514979E1,3.643122911E0,3.218938351E0,1.929720879E0
7.720518079E1,1.896349311E0,5.167762280E0,2.014368534E0
7.721521079E1,4.183019102E-1,4.653922558E0,2.025439024E0
7.722524179E1,-5.177054405E-1,3.451966524E0,1.522039771E0
7.723527279E1,-6.595013142E-1,2.117497683E0,8.758116961E-1
7.724530279E1,4.057679176E-1,1.053538322E0,6.834307909E-1
7.725533379E1,9.529424310E-1,-2.812506258E-1,8.043152094E-1
7.726536379E1,9.916440248E-1,-8.805568814E-1,5.619691610E-1
7.727539479E1,2.932482362E-1,-1.364705086E0,2.041357607E-1
7.728542579E1,-4.170583785E-1,-1.802646279E0,-1.320616901E-1
7.729545579E1,-7.748731971E-1,-1.943209767E0,-3.672641218E-1
7.730548679E1,-9.212560058E-1,-1.680945635E0,-5.796120763E-1
7.731551679E1,-1.023562193E0,-1.280288219E0,-7.923916578E-1
7.732554779E1,-1.024562001E0,-1.115598559E0,-9.309828281E-1
7.733557879E1,-9.530040026E-1,-1.205555797E0,-8.983635306E-1
7.734560879E1,-9.617687464E-1,-1.271657586E0,-8.485086560E-1
7.735563979E1,-8.678337336E-1,-1.317282915E0,-7.952184677E-1
7.736566979E1,-9.027094245E-1,-1.520978212E0,-6.880203485E-1
7.737570079E1,-9.788008332E-1,-1.657465219E0,-5.605195165E-1
7.738573179E1,-9.214291573E-1,-1.602240562E0,-4.086506069E-1
7.739576179E1,-8.710227013E-1,-1.535820365E0,-2.975885868E-1
7.740579279E1,-9.516643286E-1,-1.543336868E0,-1.538820416E-1
7.741582379E1,-1.259209991E0,-1.127068281E0,1.348977983E-1
7.742585379E1,-1.562082767E0,-3.277223110E-1,4.815516174E-1
7.743588479E1,-1.529186368E0,7.774594426E-1,7.587882876E-1
7.744591479E1,-8.909602761E-1,1.193159699E0,9.773190022E-1
7.745594579E1,-2.975159325E-3,1.217285633E0,1.097860575E0
7.746597679E1,7.533348799E-1,1.163764358E0,1.011192799E0
7.747600679E1,1.147632957E0,8.965563178E-1,8.086519837E-1
7.748603779E1,1.314408898E0,6.424265504E-1,4.167243838E-1
7.749606779E1,1.122139335E0,6.499134302E-1,1.169246212E-1
7.750609879E1,6.783843637E-1,1.028588533E0,-3.071739078E-1
7.751612879E1,-8.606326580E-1,8.561840057E-1,-1.043565035E0
7.752615979E1,-3.327131510E0,-3.296311200E-1,-2.226752996E0
7.753619079E1,-4.142693996E0,1.826704144E0,-4.073777676E0
7.754622079E1,-2.439668179E0,3.799354553E0,-3.846283197E0
7.755625179E1,-2.325471938E-1,3.030794382E0,-3.164644241E0
7.756628279E1,-5.635432154E-2,1.637572050E0,-2.560042143E0
7.757631279E1,5.617759377E-2,1.245265245E0,-1.608288884E0
7.758634379E1,2.405800857E-2,6.471053362E-1,-9.136629701E-1
7.759637379E1,-6.975119710E-1,2.041576207E-1,-1.783523709E-1
7.760640479E1,-1.334354520E0,-2.387554199E-2,6.777961254E-1
7.761643579E1,-1.612654567E0,-5.286512375E-1,1.326297283E0
7.762646579E1,-1.533015490E0,-8.716120720E-1,1.601948023E0
7.763649679E1,-1.112125397E0,-9.280701280E-1,1.601917028E0
7.764652779E1,-5.030664206E-1,-9.915487170E-1,1.449838042E0
7.765655779E1,-1.620956510E-2,-7.321521044E-1,1.233029246E0
7.766658879E1,2.481523156E-1,-5.044401288E-1,1.083051801E0
7.767661879E1,4.367125332E-1,-6.766551137E-1,1.069519877E0
7.768664979E1,4.186363518E-1,-9.017617106E-1,9.841243029E-1
7.769668079E1,4.005279839E-1,-1.209542751E0,9.298587441E-1
7.770671079E1,3.627587557E-1,-1.464991093E0,8.270130754E-1
7.771674179E1,3.890950680E-1,-1.523468375E0,5.984057784E-1
7.772677279E1,3.556050062E-1,-1.549170256E0,3.984447122E-1
7.773680279E1,2.821389735E-1,-1.593062043E0,2.556715012E-1
7.774683379E1,2.081081420E-1,-1.699248075E0,1.445532441E-1
7.775686379E1,2.629193068E-1,-1.971367240E0,-1.130011491E-2
7.776689479E1,3.996217549E-1,-2.267752409E0,-2.328873724E-1
7.777692579E1,5.336185098E-1,-2.375513315E0,-5.659327507E-1
7.778695579E1,5.941026211E-1,-2.056092501E0,-8.967919350E-1
7.779698679E1,3.125160336E-1,-9.603543282E-1,-1.154893875E0
7.780701779E1,-2.351358682E-1,4.306828678E-1,-1.206901908E0
7.781704779E1,-5.698996186E-1,6.363899708E-1,-1.066094160E0
7.782707879E1,-5.885910392E-1,6.163613796E-1,-7.793039083E-1
7.783710879E1,-4.112853706E-1,9.482284784E-1,-6.599726677E-1
7.784713979E1,-1.270283461E-1,1.468709946E0,-5.245674849E-1
7.785717079E1,1.214378119E0,1.288463950E0,-1.514221877E-1
7.786720079E1,4.840099812E0,-5.392505527E-1,1.147414804E0
7.787723179E1,4.300757408E0,2.167977810E0,2.303564072E0
7.788726179E1,2.364643574E0,3.771067619E0,2.296692133E0
7.789729279E1,7.894027829E-1,3.921283722E0,2.457661152E0
7.790732379E1,-8.673144132E-2,2.932207584E0,2.138306141E0
7.791735379E1,-1.402330250E-1,1.957511902E0,1.404017568E0
7.792738479E1,8.507665396E-1,1.423164606E0,6.960790753E-1
7.793741579E1,1.622860789E0,5.701599121E-1,4.161365032E-1
7.794744579E1,1.610504985E0,-1.165543914E0,3.115757406E-1
7.795747679E1,9.792435765E-1,-1.573457241E0,1.415256411E-1
7.796750679E1,3.126399219E-2,-1.435889244E0,-3.043844402E-1
7.797753779E1,-4.427838027E-1,-1.499384999E0,-5.824474096E-1
7.798756879E1,-6.584641337E-1,-1.347493768E0,-6.758686900E-1
7.799759879E1,-8.401575089E-1,-9.907829165E-1,-7.090115547E-1
7.800762979E1,-1.000156999E0,-7.130205631E-1,-7.454372048E-1
7.801765979E1,-9.893835187E-1,-6.711745262E-1,-7.255495787E-1
7.802769079E1,-9.296533465E-1,-6.523667574E-1,-7.387918830E-1
7.803772179E1,-9.134405255E-1,-6.069852710E-1,-7.357261181E-1
7.804775179E1,-9.825612903E-1,-6.652965546E-1,-7.175990343E-1
7.805778279E1,-1.072900653E0,-9.617202282E-1,-5.945101380E-1
7.806781279E1,-1.093427777E0,-1.430169225E0,-4.248262942E-1
7.807784379E1,-1.145365596E0,-1.684831023E0,-3.060596585E-1
7.808787479E1,-1.273751974E0,-1.715116858E0,-2.303438485E-1
7.809789963E1,-1.441341162E0,-1.438322186E0,-5.459820479E-2
7.810793063E1,-1.584826112E0,-7.083246708E-1,1.984132826E-1
7.811796063E1,-1.462509751E0,2.355798334E-1,4.775651991E-1
7.812799162E1,-8.371055722E-1,9.005788565E-1,7.638417482E-1
7.813802263E1,1.449473109E-2,1.113911271E0,1.059263706E0
7.814805263E1,7.075014710E-1,1.193314314E0,1.191210270E0
7.815808362E1,1.126423359E0,1.173198819E0,1.072304845E0
7.816811363E1,1.185834527E0,1.131164789E0,7.855513096E-1
7.817814463E1,1.068436623E0,1.072051048E0,4.242632687E-1
7.818817563E1,7.224109769E-1,1.032462358E0,1.515912563E-1
7.819820563E1,2.427831143E-1,1.250500202E0,-1.627234519E-1
7.820823663E1,-8.870272636E-1,1.054448366E0,-5.764383078E-1
7.821826763E1,-3.382678509E0,4.184580967E-2,-1.366015196E0
7.822829762E1,-4.733680248E0,1.141802669E0,-3.214801550E0
7.823832863E1,-3.240453720E0,3.810063839E0,-3.405128002E0
7.824835863E1,-6.150642633E-1,2.709706306E0,-2.861964941E0
7.825838962E1,-7.659102976E-2,1.572658539E0,-2.636370182E0
7.826842063E1,2.879390121E-1,1.068598270E0,-1.693452835E0
7.827845063E1,7.509882450E-1,8.976402879E-1,-1.326151490E0
7.828848163E1,1.534446925E-1,5.109480023E-1,-9.554849863E-1
7.829851162E1,-8.027399182E-1,4.982768595E-1,-3.383023143E-1
7.830854263E1,-1.312495947E0,5.838029385E-1,4.320950508E-1
7.831857363E1,-1.366740108E0,2.125513703E-1,8.633740544E-1
7.832860362E1,-1.051645041E0,-4.912326336E-1,1.047433853E0
7.833863463E1,-5.425525904E-1,-1.085458875E0,1.057486653E0
7.834866563E1,-1.441317499E-1,-1.227172613E0,1.005587816E0
7.835869563E1,2.638481557E-2,-1.417819858E0,1.017036676E0
7.836872663E1,-4.879888520E-2,-1.432597756E0,1.144995213E0
7.837875663E1,-1.489478052E-1,-1.344556808E0,1.245174050E0
7.838878763E1,-2.435384989E-1,-1.278925061E0,1.238432169E0
7.839881862E1,-2.742421031E-1,-1.306894422E0,1.188710570E0
7.840884863E1,-3.164995313E-1,-1.356302381E0,1.088367462E0
7.841887963E1,-2.908589244E-1,-1.411117554E0,9.730318785E-1
7.842891062E1,-1.381620616E-1,-1.417216420E0,9.142132998E-1
7.843894063E1,3.082621284E-2,-1.524695158E0,8.959969282E-1
7.844897163E1,2.232638448E-1,-1.751303792E0,8.540414572E-1
7.845900163E1,4.731569290E-1,-1.825134397E0,7.145764828E-1
7.846903262E1,7.844434381E-1,-1.747121334E0,3.993570507E-1
7.847906363E1,9.065750241E-1,-1.500209212E0,-3.857978433E-2
7.848909363E1,5.828821659E-1,-6.395316124E-1,-4.094127119E-1
7.849912462E1,5.546502396E-2,4.049736857E-1,-6.621847153E-1
7.850915563E1,-2.074432969E-1,4.653030932E-1,-7.556068301E-1
7.851918563E1,-2.281714827E-1,5.546542406E-1,-7.825449705E-1
7.852921663E1,-6.947371364E-2,1.015420318E0,-8.481609821E-1
7.853924663E1,1.285832077E-1,1.702457666E0,-7.956563830E-1
7.854927763E1,5.337128639E-1,1.976610065E0,-7.224820256E-1
7.855930863E1,2.089925289E0,8.668198586E-1,5.116246268E-2
7.856933862E1,5.609266758E0,-1.046828270E0,1.658460617E0
7.857936963E1,4.975051403E0,2.947009087E0,2.478235245E0
7.858940063E1,2.979686737E0,4.142029285E0,2.598339558E0
7.859943062E1,1.106336117E0,3.765577316E0,2.450626373E0
7.860946163E1,2.244528197E-2,2.676375866E0,1.707030654E0
7.861949163E1,-2.591021061E-1,1.882247210E0,8.088017106E-1
7.862952263E1,3.019888997E-1,1.374320626E0,6.032900810E-1
7.863955362E1,1.034480810E0,1.539512910E-2,1.345735788E0
7.864958363E1,1.043845415E0,-1.493920565E0,1.036379814E0
7.865961463E1,5.528160930E-1,-1.439614654E0,5.815533400E-1
7.866964462E1,-1.265214384E-1,-1.905652404E0,1.857652366E-1
7.867967563E1,-6.065297127E-1,-1.984549642E0,-8.706662804E-2
7.868970663E1,-8.646312952E-1,-1.607261181E0,-3.854253590E-1
7.869973662E1,-1.056804419E0,-9.432645440E-1,-7.232793570E-1
7.870976763E1,-1.157367706E0,-6.705603004E-1,-1.055980086E0
7.871979763E1,-1.072187543E0,-7.760887146E-1,-1.290840030E0
7.872982863E1,-9.263110161E-1,-9.797031283E-1,-1.419398308E0
7.873985962E1,-8.214185834E-1,-1.115125299E0,-1.434968233E0
7.874988963E1,-7.906164527E-1,-1.259153605E0,-1.291900635E0
7.875992063E1,-7.078232169E-1,-1.437921286E0,-1.018043160E0
7.876995062E1,-6.714686751E-1,-1.514813423E0,-7.615365982E-1
7.877998163E1,-7.599645257E-1,-1.411834598E0,-5.153384805E-1
7.879001263E1,-9.682298899E-1,-1.402989149E0,-2.510975003E-1
7.880004263E1,-1.256013989E0,-1.217508078E0,1.331264675E-1
7.881007363E1,-1.658594251E0,-5.927826762E-1,5.827292800E-1
7.882010463E1,-1.866018414E0,2.126353383E-1,1.063516498E0
7.883013463E1,-1.582654953E0,6.213043332E-1,1.446828008E0
7.884016562E1,-8.045699596E-1,8.173621297E-1,1.602579713E0
7.885019563E1,1.141417697E-1,1.159363151E0,1.725937963E0
7.886022663E1,8.739822507E-1,1.175360441E0,1.581107736E0
7.887025762E1,1.113878727E0,1.028348565E0,1.164133668E0
7.888028763E1,9.074837565E-1,7.384755015E-1,7.052217722E-1
7.889031863E1,4.528339803E-1,7.143107653E-1,1.936588883E-1
7.890034863E1,-4.119532406E-1,9.086126685E-1,-4.903434217E-1
7.891037963E1,-2.274859190E0,1.743876636E-1,-1.461146593E0
7.892041063E1,-4.014506817E0,1.921634376E-2,-2.924247265E0
7.893044063E1,-3.716644526E0,2.519234657E0,-4.072258949E0
7.894047162E1,-1.247161627E0,3.585914612E0,-3.461459637E0
7.895050163E1,5.103480816E-1,2.509056568E0,-2.984409332E0
7.896053263E1,4.201022685E-1,1.168606400E0,-2.409051418E0
7.897056363E1,4.102584124E-1,7.620474100E-1,-1.919702291E0
7.898059363E1,3.542828187E-2,2.751306891E-1,-1.598218918E0
7.899062463E1,-8.153377175E-1,1.140099764E-1,-1.062179685E0
7.900065463E1,-1.330030322E0,6.956081092E-2,-2.940008342E-1
7.901068562E1,-1.465020180E0,-2.648259699E-1,3.429370224E-1
7.902071663E1,-1.179772377E0,-1.023505688E0,7.244374752E-1
7.903074663E1,-5.410181284E-1,-1.489725590E0,1.047735691E0
7.904077762E1,5.432389304E-2,-1.415046334E0,1.121371150E0
7.905080863E1,3.161757290E-1,-8.898243904E-1,1.178889632E0
7.906083863E1,3.467405736E-1,-4.815148413E-1,1.209595203E0
7.907086963E1,2.813006043E-1,-5.789034367E-1,1.279055238E0
7.908090063E1,2.043289393E-1,-8.494237661E-1,1.268071413E0
7.909093063E1,1.366644055E-1,-1.158665061E0,1.200485945E0
7.910096217E1,6.637469679E-2,-1.362981677E0,1.123081446E0
7.911099217E1,7.456045598E-2,-1.377711535E0,1.000855446E0
7.912102317E1,1.007683203E-1,-1.366719842E0,9.076338410E-1
7.913105417E1,5.042338371E-2,-1.387090802E0,8.314341307E-1
7.914108417E1,-5.843136832E-2,-1.558050871E0,7.145515680E-1
7.915111517E1,-3.134835511E-2,-1.853830576E0,5.232052803E-1
7.916114617E1,2.006937712E-1,-2.099598646E0,2.235649377E-1
7.917117617E1,3.643045425E-1,-1.939106464E0,-1.650352776E-1
7.918120717E1,1.824839413E-1,-1.153240800E0,-5.739213228E-1
7.919123717E1,-2.986078262E-1,6.631939858E-2,-8.978143930E-1
7.920126817E1,-5.877128243E-1,4.993451238E-1,-1.089836478E0
7.921129917E1,-6.295769215E-1,4.620915055E-1,-9.119244218E-1
7.922132917E1,-4.721372724E-1,7.283090353E-1,-6.150527596E-1
7.923136017E1,-1.945088804E-1,1.266496658E0,-4.839386642E-1
7.924139017E1,7.507426292E-2,2.055359364E0,-5.118847489E-1
7.925142117E1,3.274841607E-1,2.386549950E0,-5.132754445E-1
7.926145217E1,3.103622437E0,-1.648229659E-1,2.061097026E-1
7.927148217E1,6.267695904E0,-4.544710219E-1,2.133044720E0
7.928151317E1,3.717659712E0,4.323661804E0,2.090579271E0
7.929154417E1,2.136809111E0,4.203621864E0,2.293508768E0
7.930157417E1,6.084342003E-1,3.165962458E0,1.970640898E0
7.931160517E1,-3.180219829E-1,2.110250711E0,1.201167345E0
7.932163517E1,-3.016407788E-1,1.464223981E0,3.591132462E-1
7.933166617E1,4.233489037E-1,9.129782319E-1,3.888208270E-1
7.934169717E1,1.430071950E0,-5.653645992E-1,7.240368128E-1
7.935172717E1,1.329289675E0,-1.675504446E0,6.108689904E-1
7.936175817E1,6.550986171E-1,-1.527223945E0,2.275258452E-1
7.937178917E1,-5.381220579E-2,-1.542945743E0,-1.021338105E-1
7.938181917E1,-4.616352320E-1,-1.445915103E0,-4.332067966E-1
7.939185017E1,-7.696705461E-1,-1.057514071E0,-8.048059344E-1
7.940188017E1,-9.697790146E-1,-6.733540297E-1,-1.137878299E0
7.941191117E1,-1.009661913E0,-5.780874491E-1,-1.377642632E0
7.942194217E1,-9.113783240E-1,-6.204482913E-1,-1.514998198E0
7.943197217E1,-7.868992686E-1,-8.254328966E-1,-1.497986674E0
7.944200317E1,-7.133268118E-1,-1.182926416E0,-1.312743902E0
7.945203317E1,-7.169857025E-1,-1.485068917E0,-1.030202150E0
7.946206417E1,-6.633864641E-1,-1.437080979E0,-7.867307663E-1
7.947209517E1,-6.872190833E-1,-1.160444856E0,-5.609551668E-1
7.948212517E1,-7.853555083E-1,-1.051340938E0,-3.580927551E-1
7.949215617E1,-1.031907439E0,-1.242934346E0,-4.372813180E-2
7.950218617E1,-1.324480653E0,-1.145701408E0,3.484190106E-1
7.951221717E1,-1.552568674E0,-5.002891421E-1,8.624538779E-1
7.952224817E1,-1.381370425E0,1.042852104E-1,1.345524311E0
7.953227817E1,-8.121658564E-1,6.646654010E-1,1.665177941E0
7.954230917E1,-8.446686715E-2,1.125032067E0,1.788141966E0
7.955233917E1,6.531208754E-1,1.223064899E0,1.766007066E0
7.956237017E1,1.032068372E0,1.153884530E0,1.608797550E0
7.957240117E1,1.180830479E0,9.605212212E-1,1.381439805E0
7.958243117E1,9.760863781E-1,9.165857434E-1,9.533749223E-1
7.959246217E1,4.010222852E-1,9.282301068E-1,3.910144269E-1
7.960249217E1,-3.987301588E-1,1.222144723E0,-3.077529073E-1
7.961252317E1,-2.024890661E0,1.121172309E0,-1.251874328E0
7.962255417E1,-4.773145676E0,1.888464838E-1,-2.767770529E0
7.963258417E1,-4.955854416E0,2.067674875E0,-4.354870319E0
7.964261517E1,-2.092899323E0,3.182975292E0,-3.510109425E0
7.965264617E1,-2.972724438E-1,2.353358269E0,-3.251960516E0
7.966267617E1,1.215531956E-2,1.465065598E0,-2.336127281E0
7.967270717E1,3.015336096E-1,9.735691547E-1,-1.479488015E0
7.968273717E1,1.725028753E-1,7.187345028E-1,-9.823690653E-1
7.969276817E1,-6.768138409E-1,8.078044653E-1,-5.647734404E-1
7.970279917E1,-1.397412300E0,8.128105998E-1,8.573839441E-3
7.971282917E1,-1.729168892E0,3.787582219E-1,5.304396749E-1
7.972286017E1,-1.688485861E0,-3.074678779E-1,8.909750581E-1
7.973289117E1,-1.202786446E0,-9.809400439E-1,1.061538219E0
7.974292117E1,-6.104589701E-1,-1.135840774E0,1.072008371E0
7.975295217E1,-1.632902622E-1,-1.072047114E0,9.441003799E-1
7.976298217E1,-1.184477843E-2,-8.957454562E-1,9.245215058E-1
7.977301317E1,8.967997879E-2,-9.784172177E-1,9.271085262E-1
7.978304417E1,1.215068102E-1,-1.136350632E0,9.657689929E-1
7.979307417E1,1.170052588E-1,-1.311495066E0,9.481974244E-1
7.980310517E1,1.275556386E-1,-1.422617912E0,8.471797109E-1
7.981313617E1,1.291314363E-1,-1.507763147E0,6.782646775E-1
7.982316617E1,2.027526051E-1,-1.638805032E0,5.142391324E-1
7.983319717E1,3.655503094E-1,-1.849579811E0,3.885693848E-1
7.984322817E1,4.968986213E-1,-2.051883459E0,3.120936751E-1
7.985325817E1,6.671289206E-1,-2.217073441E0,1.990131736E-1
7.986328917E1,9.144055843E-1,-2.185270548E0,-1.572974958E-2
7.987331917E1,1.213271737E0,-1.938981175E0,-3.638373911E-1
7.988335017E1,1.155635715E0,-1.154953122E0,-7.299406528E-1
7.989338117E1,6.249132156E-1,1.652554423E-1,-1.002871990E0
7.990341117E1,1.446128190E-1,1.049101710E0,-1.090733051E0
7.991344217E1,-7.639358938E-2,8.443014622E-1,-9.632996917E-1
7.992347217E1,-7.744088769E-2,8.622112274E-1,-6.372605562E-1
7.993350317E1,1.074634492E-1,1.234799981E0,-3.096427619E-1
7.994353417E1,3.519065380E-1,1.860588551E0,-1.227160096E-1
7.995356417E1,8.968827724E-1,2.179017305E0,9.938177466E-2
7.996359517E1,3.183917284E0,1.200462431E-1,6.565933228E-1
7.997362617E1,5.604990959E0,1.807527244E-1,2.025008917E0
7.998365617E1,3.838380814E0,3.652809143E0,2.250796795E0
7.999368717E1,2.015677929E0,4.350422859E0,2.130103827E0
8.000371717E1,4.679685235E-1,3.574903250E0,1.737708926E0
8.001374817E1,-1.682105958E-1,2.627908468E0,1.046487927E0
8.002377917E1,8.040818572E-2,1.936497450E0,4.069018066E-1
8.003380917E1,9.375439286E-1,1.069019675E0,6.945519447E-1
8.004384017E1,1.384849072E0,-4.108089507E-1,1.016596913E0
8.005387117E1,1.258160591E0,-1.573187232E0,1.025336385E0
8.006390117E1,6.895872355E-1,-1.501240849E0,5.211478472E-1
8.007393217E1,1.846425235E-2,-1.755600095E0,-2.304754592E-2
8.008396217E1,-3.351084590E-1,-1.635617256E0,-4.630603492E-1
8.009399288E1,-6.285827160E-1,-1.143759966E0,-8.344117999E-1
8.010402387E1,-8.281013966E-1,-6.877676845E-1,-1.102181911E0
8.011405388E1,-1.056384683E0,-6.571892500E-1,-1.216649652E0
8.012408488E1,-1.103528142E0,-9.406808019E-1,-1.183827996E0
8.013411487E1,-1.075673819E0,-1.247184277E0,-1.040162444E0
8.014414588E1,-1.057973623E0,-1.637674928E0,-7.895495296E-1
8.015417688E1,-1.094992280E0,-1.997481585E0,-5.769517422E-1
8.016420688E1,-1.147950888E0,-2.045840502E0,-4.008691013E-1
8.017423787E1,-1.289789200E0,-1.774715662E0,-3.413764834E-1
8.018426888E1,-1.360956550E0,-1.725913286E0,-3.242870867E-1
8.019429888E1,-1.548952341E0,-1.418463349E0,-2.142452747E-1
8.020432987E1,-1.925839305E0,-5.446223617E-1,-3.046775982E-2
8.021435988E1,-2.052906752E0,4.513284564E-1,2.771230638E-1
8.022439088E1,-1.605754256E0,6.540915966E-1,7.490888834E-1
8.023442188E1,-7.842066884E-1,8.163760900E-1,1.146682024E0
8.024445188E1,2.623078525E-1,1.001134872E0,1.393444538E0
8.025448288E1,1.128401756E0,1.091191053E0,1.589512825E0
8.026451288E1,1.635117173E0,9.395446777E-1,1.555899262E0
8.027454387E1,1.733196616E0,8.993229866E-1,1.225748301E0
8.028457488E1,1.463638306E0,9.066633582E-1,6.307665110E-1
8.029460488E1,7.575176954E-1,9.189255834E-1,-2.408214658E-2
8.030463587E1,-4.571023285E-1,1.007937312E0,-8.642275929E-1
8.031466588E1,-2.817343950E0,-9.671654552E-2,-1.958908677E0
8.032469688E1,-4.710212231E0,9.514063597E-1,-3.786273718E0
8.033472788E1,-3.446356535E0,3.408365726E0,-3.912409306E0
8.034475788E1,-3.808349967E-1,3.232109547E0,-3.058953285E0
8.035478888E1,4.346996173E-2,1.297191501E0,-2.637021303E0
8.036481988E1,-7.275514305E-2,7.389433384E-1,-1.700727582E0
8.037484987E1,-1.014476269E-2,3.724643886E-1,-1.052094460E0
8.038488088E1,-4.701705277E-1,2.275096439E-2,-5.830547214E-1
8.039491088E1,-9.291008711E-1,-4.646885395E-2,1.060006395E-1
8.040494188E1,-1.235844254E0,-2.240007669E-1,7.522403598E-1
8.041497288E1,-1.299488187E0,-5.965437293E-1,1.085483074E0
8.042500288E1,-9.574532509E-1,-1.037138343E0,1.191474080E0
8.043503388E1,-3.263857961E-1,-1.032795191E0,1.169656754E0
8.044506487E1,2.330082506E-1,-7.676636577E-1,1.021064520E0
8.045509488E1,4.986164570E-1,-4.818966091E-1,9.060438871E-1
8.046512588E1,6.009808183E-1,-5.283291936E-1,8.904978633E-1
8.047515587E1,6.080549955E-1,-6.614537239E-1,9.686030746E-1
8.048518688E1,6.453586817E-1,-9.042279124E-1,1.070527911E0
8.049521788E1,6.437144876E-1,-1.158933759E0,1.081843972E0
8.050524788E1,5.865643024E-1,-1.328573465E0,9.686108232E-1
8.051527888E1,4.762681723E-1,-1.550484300E0,8.447309732E-1
8.052530988E1,4.012850821E-1,-1.541937232E0,7.338449359E-1
8.053533988E1,4.416865706E-1,-1.561944723E0,6.334350109E-1
8.054537087E1,4.751543403E-1,-1.788553357E0,4.727217257E-1
8.055540188E1,6.286376715E-1,-2.203008652E0,2.210205197E-1
8.056543188E1,8.615941405E-1,-2.482204437E0,-1.113232672E-1
8.057546288E1,9.356135130E-1,-1.943320155E0,-4.846856594E-1
8.058549288E1,4.211432636E-1,-2.542152703E-1,-8.324644566E-1
8.059552388E1,-2.629988492E-1,1.076436877E0,-1.018931150E0
8.060555488E1,-5.384708047E-1,8.572665453E-1,-9.243503809E-1
8.061558487E1,-3.671526015E-1,6.493583322E-1,-6.741842031E-1
8.062561588E1,-1.967930943E-1,9.820457697E-1,-4.196591079E-1
8.063564588E1,3.363930061E-2,1.340469480E0,-2.158710957E-1
8.064567687E1,3.652103543E-1,1.861830950E0,-1.931208968E-1
8.065570788E1,1.008224726E0,1.830285788E0,-1.117186435E-2
8.066573788E1,4.678570271E0,-1.187005758E0,8.290191889E-1
8.067576888E1,5.250942707E0,9.824019670E-1,2.192251444E0
8.068579987E1,2.786043644E0,4.739225388E0,1.976225972E0
8.069582988E1,1.369126916E0,3.904133081E0,2.365005493E0
8.070586088E1,3.510856628E-1,2.274029255E0,2.036728144E0
8.071589187E1,-1.622444838E-1,1.560643435E0,9.650666714E-1
8.072592188E1,2.012506276E-1,1.133072853E0,2.070748210E-1
8.073595288E1,3.490579128E-1,6.290783882E-1,1.565988660E-1
8.074598287E1,8.344269991E-1,-4.331254363E-1,2.024381906E-1
8.075601388E1,8.290663362E-1,-1.258023262E0,3.125622869E-1
8.076604488E1,1.114707962E-1,-1.275028110E0,9.365560114E-2
8.077607488E1,-6.672210097E-1,-1.434609056E0,-1.832479089E-1
8.078610587E1,-1.174381375E0,-1.600555897E0,-3.735656738E-1
8.079613588E1,-1.470698833E0,-1.287878990E0,-6.180691123E-1
8.080616688E1,-1.636135459E0,-8.805589080E-1,-7.505784631E-1
8.081619787E1,-1.611515045E0,-8.314848542E-1,-9.293775558E-1
8.082622788E1,-1.455818176E0,-8.754907250E-1,-9.637480974E-1
8.083625888E1,-1.290951729E0,-1.049928784E0,-9.706882834E-1
8.084628988E1,-1.184670448E0,-1.255566359E0,-8.706812859E-1
8.085631988E1,-1.205625057E0,-1.481252193E0,-6.647712588E-1
8.086635088E1,-1.182514906E0,-1.511959672E0,-4.574822485E-1
8.087638088E1,-1.142678022E0,-1.457039952E0,-2.975226641E-1
8.088641187E1,-1.192323685E0,-1.385616899E0,-1.277415752E-1
8.089644288E1,-1.374027491E0,-1.188821077E0,9.785825014E-2
8.090647288E1,-1.506212115E0,-7.352067828E-1,4.603802562E-1
8.091650387E1,-1.358350277E0,-1.859446764E-1,9.476607442E-1
8.092653388E1,-7.481517792E-1,4.400604367E-1,1.345564842E0
8.093656488E1,3.391423225E-1,1.064443350E0,1.636206269E0
8.094659588E1,1.415228486E0,1.406133294E0,1.921191573E0
8.095662588E1,2.129712343E0,1.556282282E0,1.841144085E0
8.096665688E1,2.184680939E0,1.546926260E0,1.421901822E0
8.097668688E1,1.823606730E0,1.339128017E0,7.832667828E-1
8.098671787E1,1.225710154E0,1.163237929E0,1.365338862E-1
8.099674888E1,3.766489029E-1,1.194720745E0,-5.006700158E-1
8.100677888E1,-9.679635167E-1,1.243106365E0,-1.218923688E0
8.101680988E1,-3.717745304E0,3.951228410E-2,-2.209779501E0
8.102684088E1,-5.886560440E0,4.817475006E-2,-4.089550018E0
8.103687088E1,-3.948062658E0,3.260119438E0,-4.286257744E0
8.104690188E1,-7.748962045E-1,2.871955395E0,-3.296375036E0
8.105693187E1,-4.120660126E-1,8.160675764E-1,-2.810435534E0
8.106696288E1,-8.643133566E-3,1.446872652E-1,-1.365182519E0
8.107699388E1,1.532541513E-1,-1.631323546E-1,-5.270406604E-1
8.108702387E1,-2.869540453E-1,3.812652230E-1,-5.223350599E-3
8.109705475E1,-1.151472092E0,7.495061159E-1,4.767020047E-1
8.110708575E1,-1.652479172E0,6.161029935E-1,8.347566128E-1
8.111711575E1,-1.732752442E0,2.651537061E-1,1.039094806E0
8.112714675E1,-1.304247975E0,-7.281722873E-2,1.039131403E0
8.113717675E1,-5.814037323E-1,-2.206500918E-1,9.113164544E-1
8.114720775E1,2.031854391E-1,-3.875402510E-1,6.288264394E-1
8.115723875E1,5.942019224E-1,-7.380686998E-1,3.842212260E-1
8.116726875E1,6.088377237E-1,-1.103221059E0,3.911789954E-1
8.117729975E1,5.529707074E-1,-1.351221800E0,4.898786843E-1
8.118733075E1,5.739438534E-1,-1.615373611E0,5.802960992E-1
8.119736075E1,5.467545390E-1,-1.769892812E0,5.638278723E-1
8.120739175E1,5.235765576E-1,-1.972405195E0,4.843543768E-1
8.121742275E1,4.955715239E-1,-2.003467798E0,4.274253249E-1
8.122745275E1,5.164135695E-1,-1.843185663E0,4.565173388E-1
8.123748375E1,5.590561032E-1,-1.844999790E0,4.977073967E-1
8.124751375E1,6.389639974E-1,-2.103652239E0,5.007182956E-1
8.125754475E1,8.915757537E-1,-2.357968569E0,4.173845649E-1
8.126757575E1,1.229171634E0,-2.203459501E0,2.520508468E-1
8.127760575E1,1.084245324E0,-1.009039879E0,-5.226060003E-2
8.128763675E1,1.998471320E-1,8.757614493E-1,-3.026906252E-1
8.129766775E1,-5.347594619E-1,1.291267991E0,-4.680385888E-1
8.130769775E1,-7.585217953E-1,5.880502462E-1,-4.286624193E-1
8.131772875E1,-6.476328373E-1,7.363361120E-1,-2.990628779E-1
8.132775875E1,-2.665963769E-1,1.025498152E0,-1.308176219E-1
8.133778975E1,2.435709834E-1,1.534482598E0,-7.510267943E-2
8.134782075E1,8.106786609E-1,2.154285192E0,-1.146399304E-1
8.135785075E1,1.773839474E0,1.617339492E0,-1.203561425E-1
8.136788175E1,5.497532368E0,-2.220351696E0,1.183302402E0
8.137791275E1,3.736931562E0,3.463422298E0,1.249787092E0
8.138794275E1,2.337735653E0,3.911143303E0,1.334480882E0
8.139797375E1,1.072449088E0,3.455796003E0,1.349971771E0
8.140800375E1,1.660604477E-1,2.303309202E0,6.448019743E-1
8.141803475E1,-3.469820917E-1,1.947747946E0,1.379510015E-1
8.142806575E1,1.410243809E-1,1.493288636E0,4.173037410E-1
8.143809575E1,4.091000259E-1,3.342305720E-1,8.821139932E-1
8.144812675E1,1.704955250E-1,-1.396377325E0,1.053805470E0
8.145815775E1,-1.994417757E-1,-2.087313890E0,7.594950795E-1
8.146818775E1,-6.147252321E-1,-2.195526361E0,2.355603427E-1
8.147821875E1,-8.882520795E-1,-2.116611242E0,-2.521358132E-1
8.148824875E1,-1.191767812E0,-1.563189030E0,-5.611087680E-1
8.149827975E1,-1.403962612E0,-9.556988478E-1,-8.538122773E-1
8.150831075E1,-1.389582634E0,-7.923240066E-1,-1.109338880E0
8.151834075E1,-1.248309612E0,-8.202387691E-1,-1.400156856E0
8.152837175E1,-1.062388182E0,-9.939579368E-1,-1.468948245E0
8.153840175E1,-1.030085802E0,-1.321946740E0,-1.414586782E0
8.154843275E1,-1.105753303E0,-1.427342892E0,-1.152508378E0
8.155846375E1,-1.147701621E0,-1.329434395E0,-8.529354334E-1
8.156849375E1,-1.054331541E0,-1.336614966E0,-6.347784400E-1
8.157852475E1,-9.437807798E-1,-1.296275854E0,-4.253777862E-1
8.158855575E1,-1.063654900E0,-9.125090241E-1,-9.383071959E-2
8.159858575E1,-1.198695540E0,-2.285189778E-1,3.429953456E-1
8.160861675E1,-9.820007086E-1,4.240896180E-2,8.589318991E-1
8.161864675E1,-4.353568256E-1,2.463674098E-1,1.333479762E0
8.162867775E1,3.305410147E-1,4.202984273E-1,1.738849640E0
8.163870875E1,1.108150005E0,4.653018415E-1,1.945618510E0
8.164873875E1,1.447950840E0,7.434873581E-1,1.915964007E0
8.165876975E1,1.452169776E0,9.664450884E-1,1.548265100E0
8.166879975E1,1.118790269E0,9.499034882E-1,9.452502131E-1
8.167883075E1,4.544010758E-1,1.074792624E0,1.378567666E-1
8.168886175E1,-7.701252699E-1,1.386685729E0,-8.210110068E-1
8.169889175E1,-3.197793722E0,4.972215593E-1,-2.087874651E0
8.170892275E1,-4.633000851E0,9.024806619E-1,-3.918612719E0
8.171895275E1,-3.265469313E0,2.962260246E0,-4.215904713E0
8.172898375E1,-3.170225024E-1,2.845088959E0,-3.387878180E0
8.173901475E1,2.872764468E-1,1.957456589E0,-2.781051636E0
8.174904475E1,3.301512897E-1,1.361169219E0,-1.972247720E0
8.175907575E1,5.386248827E-1,8.238763213E-1,-1.346604705E0
8.176910675E1,-5.852266774E-2,5.241835713E-1,-8.094408512E-1
8.177913675E1,-7.712343931E-1,7.048537731E-1,-1.227466315E-1
8.178916775E1,-1.059495568E0,4.839076102E-1,5.791675448E-1
8.179919875E1,-1.087152481E0,9.326792508E-2,9.827890396E-1
8.180922875E1,-5.037409663E-1,-4.932027459E-1,1.148283958E0
8.181925975E1,2.883062661E-1,-7.281424999E-1,1.173492432E0
8.182928975E1,8.846006393E-1,-9.099565744E-1,1.025601387E0
8.183932075E1,1.104791641E0,-1.183934569E0,9.618152976E-1
8.184935175E1,1.125873446E0,-1.091214418E0,1.016989350E0
8.185938175E1,1.029162884E0,-9.759328365E-1,1.127405405E0
8.186941275E1,8.324245811E-1,-1.000539064E0,1.198306203E0
8.187944375E1,5.226203799E-1,-1.090288043E0,1.154505491E0
8.188947375E1,2.842099369E-1,-1.317584157E0,1.066393375E0
8.189950475E1,1.303903013E-1,-1.330014229E0,1.031584501E0
8.190953575E1,3.260354698E-2,-1.352966785E0,1.038170218E0
8.191956575E1,1.737719029E-2,-1.631865501E0,1.040466428E0
8.192959675E1,1.283374429E-1,-1.981498837E0,8.247792721E-1
8.193962675E1,4.453787804E-1,-2.397304058E0,4.230870008E-1
8.194965775E1,6.578449607E-1,-2.274123192E0,-1.287729144E-1
8.195968875E1,2.064729929E-1,-6.863274574E-1,-6.672233343E-1
8.196971875E1,-6.255648732E-1,9.637871385E-1,-1.030891180E0
8.197974975E1,-1.076639652E0,8.687863350E-1,-1.209609032E0
8.198977975E1,-1.155425429E0,6.676379442E-1,-1.128702998E0
8.199981075E1,-9.441091418E-1,9.759851098E-1,-8.571399450E-1
8.200984175E1,-5.016795993E-1,1.493225694E0,-6.094580293E-1
8.201987175E1,-4.849720374E-2,1.986068130E0,-4.120600224E-1
8.202990275E1,3.747817874E-1,2.497430801E0,-2.256648242E-1
8.203993375E1,1.131757021E0,2.113123894E0,-2.443531901E-2
8.204996375E1,4.706140041E0,-1.314462543E0,1.439713001E0
8.205999475E1,4.498497963E0,2.718998671E0,2.252844095E0
8.207002575E1,2.730445623E0,4.745724678E0,2.139477730E0
8.208005575E1,1.498510957E0,3.594412327E0,2.253798008E0
8.209008675E1,4.663099349E-1,2.379322767E0,1.735929966E0
8.210011688E1,1.361937970E-1,1.609017968E0,8.728429079E-1
8.211014787E1,5.421112180E-1,2.188348293E0,5.203308463E-1
8.212017888E1,7.957980633E-1,1.117913365E0,7.007964849E-1
8.213020888E1,1.197556853E0,-6.444380879E-1,6.789655089E-1
8.214023987E1,1.092609882E0,-1.665962458E0,3.789258003E-1
8.215027088E1,6.871548295E-1,-2.048773050E0,-1.652122587E-1
8.216030088E1,2.528286576E-1,-2.220067263E0,-6.921540499E-1
8.217033188E1,-1.362413615E-1,-1.865165591E0,-1.145853519E0
8.218036188E1,-4.464849830E-1,-1.510673523E0,-1.469630003E0
8.219039288E1,-5.482138991E-1,-1.307525396E0,-1.640817046E0
8.220042388E1,-5.115844607E-1,-1.369125724E0,-1.669948816E0
8.221045387E1,-3.842301071E-1,-1.655875444E0,-1.556649089E0
8.222048488E1,-5.264988542E-1,-1.873173475E0,-1.455436707E0
8.223051488E1,-7.478579283E-1,-2.013527155E0,-1.261633992E0
8.224054587E1,-9.041417837E-1,-1.951295018E0,-1.043421984E0
8.225057688E1,-1.077156425E0,-1.951459408E0,-8.590074182E-1
8.226060688E1,-1.282029986E0,-2.010225534E0,-6.576042771E-1
8.227063788E1,-1.634869099E0,-1.766979098E0,-3.252722919E-1
8.228066787E1,-1.989515662E0,-7.426581383E-1,1.596757323E-1
8.229069888E1,-1.873937607E0,1.385093629E-1,7.489116192E-1
8.230072988E1,-1.354508996E0,5.371784568E-1,1.321260095E0
8.231075987E1,-5.534372330E-1,7.793528438E-1,1.684087992E0
8.232079088E1,2.876910567E-1,1.186666369E0,1.775524139E0
8.233082188E1,9.115074873E-1,1.340645313E0,1.767052531E0
8.234085188E1,1.257326961E0,1.119154453E0,1.505789518E0
8.235088288E1,1.200949311E0,9.488967061E-1,1.140314937E0
8.236091288E1,7.388114333E-1,8.272277713E-1,6.177741289E-1
8.237094388E1,-9.644196182E-2,8.802757859E-1,-3.801135346E-2
8.238097487E1,-1.506732941E0,8.521780968E-1,-9.114863276E-1
8.239100488E1,-3.973427057E0,1.014219746E-1,-2.048614502E0
8.240103588E1,-5.507602692E0,1.264964461E0,-4.049624920E0
8.241106587E1,-3.670094252E0,3.656316280E0,-3.953932285E0
8.242109688E1,-4.118315578E-1,3.354524851E0,-3.371980667E0
8.243112788E1,2.706753314E-1,2.176747561E0,-2.663528442E0
8.244115788E1,6.334151626E-1,1.439654946E0,-1.689891458E0
8.245118887E1,8.523226380E-1,8.125844598E-1,-1.323061228E0
8.246121988E1,2.684530914E-1,3.732744157E-1,-8.720277548E-1
8.247124988E1,-3.354169428E-1,2.814648449E-1,-2.287402898E-1
8.248128087E1,-8.585907221E-1,1.470606923E-1,3.116507828E-1
8.249131088E1,-1.102058411E0,1.666147709E-1,6.864013672E-1
8.250134188E1,-6.856444478E-1,-2.049806267E-1,8.697041273E-1
8.251137288E1,1.032368094E-2,-7.191387415E-1,9.606462717E-1
8.252140288E1,5.998473763E-1,-9.625660777E-1,9.567149282E-1
8.253143388E1,8.037399054E-1,-1.014042854E0,1.031106353E0
8.254146488E1,9.048969150E-1,-8.337934613E-1,1.166833997E0
8.255149487E1,8.702925444E-1,-7.699877620E-1,1.221730828E0
8.256152588E1,7.126629949E-1,-8.587264419E-1,1.225854754E0
8.257155688E1,6.322888136E-1,-1.145491838E0,1.197229862E0
8.258158687E1,5.085277557E-1,-1.396500349E0,1.063857436E0
8.259161788E1,5.409212708E-1,-1.673084974E0,9.026035070E-1
8.260164788E1,5.941519737E-1,-1.831887484E0,7.933997512E-1
8.261167888E1,7.111749649E-1,-2.010687351E0,6.552256346E-1
8.262170987E1,9.086848497E-1,-2.201810360E0,4.300396144E-1
8.263173988E1,1.172425866E0,-2.549702644E0,-2.714272775E-2
8.264177088E1,1.373521447E0,-2.808680534E0,-6.427736878E-1
8.265180187E1,1.269244432E0,-2.136639833E0,-1.263801932E0
8.266183188E1,4.727846086E-1,-1.463231295E-1,-1.576976657E0
8.267186288E1,-2.540486753E-1,1.175966024E0,-1.657782555E0
8.268189287E1,-4.219087958E-1,1.043089986E0,-1.441867590E0
8.269192388E1,-3.402978182E-1,1.136938095E0,-1.031937122E0
8.270195488E1,-2.136898041E-1,1.359262824E0,-6.302718520E-1
8.271198488E1,-2.476666868E-2,1.946092606E0,-2.461230159E-1
8.272201587E1,1.893959641E-1,2.245633602E0,1.008210927E-1
8.273204688E1,8.943201303E-1,1.978552461E0,4.930022061E-1
8.274207688E1,3.814032555E0,-7.663401961E-1,1.495466590E0
8.275210787E1,6.009514809E0,3.089718223E-1,2.899105787E0
8.276213788E1,2.903422594E0,4.493395329E0,2.538134813E0
8.277216888E1,1.137241006E0,4.163359642E0,2.636156082E0
8.278219988E1,-1.573592126E-1,2.489050150E0,2.130058765E0
8.279222988E1,-7.238083482E-1,2.033856869E0,1.439243317E0
8.280226088E1,-6.390910745E-1,1.435888886E0,1.024110794E0
8.281229188E1,-9.088563174E-2,5.293546319E-1,1.066421151E0
8.282232187E1,8.122218847E-1,-5.745048523E-1,9.658867717E-1
8.283235288E1,9.420558810E-1,-1.131153703E0,4.945594966E-1
8.284238288E1,4.213005602E-1,-1.438150644E0,-3.475867957E-2
8.285241387E1,-2.571605146E-1,-1.744942904E0,-4.618909657E-1
8.286244488E1,-4.439468980E-1,-1.889039397E0,-7.239804268E-1
8.287247488E1,-7.100663781E-1,-1.462501049E0,-9.382536411E-1
8.288250588E1,-8.570798039E-1,-1.039411902E0,-1.163121104E0
8.289253687E1,-8.247334957E-1,-1.061005235E0,-1.285237551E0
8.290256688E1,-7.214590311E-1,-1.251605511E0,-1.331497908E0
8.291259788E1,-6.376627684E-1,-1.396407127E0,-1.247554064E0
8.292262787E1,-5.998759866E-1,-1.505968451E0,-1.059911013E0
8.293265888E1,-6.305124760E-1,-1.562057257E0,-8.097927570E-1
8.294268988E1,-6.731637716E-1,-1.491620898E0,-5.671707988E-1
8.295271988E1,-7.251722217E-1,-1.420117140E0,-3.693674505E-1
8.296275088E1,-8.112229705E-1,-1.447532892E0,-1.924243569E-1
8.297278088E1,-1.087124944E0,-1.165711880E0,6.578283757E-2
8.298281188E1,-1.531882763E0,-3.593858778E-1,4.084054530E-1
8.299284287E1,-1.538187742E0,3.590368032E-1,7.842828631E-1
8.300287288E1,-1.133642912E0,1.050379872E0,1.099756837E0
8.301290388E1,-3.120143116E-1,1.337862730E0,1.304972649E0
8.302293387E1,6.254015565E-1,1.360485196E0,1.425151944E0
8.303296488E1,1.372316241E0,1.195995331E0,1.400002956E0
8.304299588E1,1.528227568E0,8.834273219E-1,1.126954436E0
8.305302588E1,1.233470917E0,6.585390568E-1,5.623337030E-1
8.306305687E1,5.351280570E-1,6.771598458E-1,-1.080126986E-1
8.307308788E1,-4.061262608E-1,7.745706439E-1,-8.437896371E-1
8.308311788E1,-2.197495222E0,1.400935948E-1,-1.685873151E0
8.309314887E1,-4.493615150E0,-6.404753327E-1,-2.875022173E0
8.310317929E1,-4.244971752E0,2.207633734E0,-3.963881493E0
8.311321029E1,-1.597350240E0,3.620121717E0,-3.533963203E0
8.312324129E1,-7.756223530E-2,1.852727890E0,-3.001204729E0
8.313327129E1,-2.750076950E-1,3.790960312E-1,-2.136684418E0
8.314330229E1,9.055297077E-2,6.674127579E-1,-1.340680122E0
8.315333329E1,-2.756049633E-1,5.931490660E-1,-7.243775725E-1
8.316336329E1,-7.912483811E-1,4.843810499E-1,9.240512550E-2
8.317339429E1,-8.502380252E-1,1.428342313E-1,6.790004969E-1
8.318342429E1,-1.071541309E0,-3.852951229E-1,1.058750987E0
8.319345529E1,-9.816721082E-1,-6.223695874E-1,1.147861600E0
8.320348629E1,-3.030517697E-1,-7.891905308E-1,1.068255186E0
8.321351629E1,3.143234253E-1,-8.497273326E-1,8.524558544E-1
8.322354729E1,5.958517790E-1,-1.116074562E0,7.135450840E-1
8.323357829E1,6.126957536E-1,-1.136444569E0,7.103536725E-1
8.324360829E1,4.797371626E-1,-1.213393927E0,8.034548759E-1
8.325363929E1,4.110591114E-1,-1.457778692E0,8.640733957E-1
8.326367029E1,3.931173980E-1,-1.766048670E0,8.953753710E-1
8.327370029E1,3.555238843E-1,-2.010492325E0,8.981949687E-1
8.328373129E1,3.697289228E-1,-2.144910574E0,9.675247669E-1
8.329376129E1,3.983019292E-1,-2.069416523E0,1.048767567E0
8.330379229E1,4.343102872E-1,-2.053254604E0,1.124454141E0
8.331382329E1,5.280591846E-1,-2.148702145E0,1.134742379E0
8.332385329E1,8.118349910E-1,-2.361131907E0,9.349301457E-1
8.333388429E1,1.229070425E0,-2.244048357E0,5.001780391E-1
8.334391529E1,1.315361261E0,-1.692756176E0,-3.593891859E-2
8.335394529E1,7.530426383E-1,-1.887321919E-1,-6.218969226E-1
8.336397629E1,-1.756778732E-2,1.089771271E0,-1.028218508E0
8.337400629E1,-4.673518538E-1,9.422044158E-1,-1.216619372E0
8.338403729E1,-6.414344311E-1,1.176463008E0,-1.167075038E0
8.339406829E1,-4.782054424E-1,1.631401658E0,-1.008787632E0
8.340409829E1,-1.663910747E-1,2.039781094E0,-8.299334049E-1
8.341412929E1,1.493563503E-1,2.284528971E0,-7.101622224E-1
8.342416029E1,9.327036142E-1,2.052458286E0,-3.885767460E-1
8.343419029E1,4.113705158E0,4.114578012E-3,8.835535645E-1
8.344422129E1,5.814191341E0,8.490602374E-1,2.198390484E0
8.345425129E1,3.364597082E0,3.647412300E0,2.041752100E0
8.346428229E1,1.569794893E0,2.871825933E0,2.036970615E0
8.347431329E1,6.688643694E-1,1.741856694E0,1.561775804E0
8.348434329E1,9.016376734E-2,1.493036270E0,6.547401547E-1
8.349437429E1,2.031483129E-2,1.261513114E0,2.496814728E-1
8.350440529E1,5.091940165E-1,8.479870558E-1,7.584480643E-1
8.351443529E1,8.636636138E-1,-7.656122446E-1,1.169277191E0
8.352446629E1,7.099208832E-1,-1.823751092E0,1.113569140E0
8.353449629E1,8.635102212E-2,-1.835789800E0,6.634056568E-1
8.354452729E1,-5.288658142E-1,-1.602951407E0,9.010213614E-2
8.355455829E1,-8.523253202E-1,-1.416551828E0,-3.244528174E-1
8.356458829E1,-1.112736344E0,-1.066864491E0,-5.951676965E-1
8.357461929E1,-1.365781665E0,-7.901484370E-1,-7.523216009E-1
8.358465029E1,-1.507487893E0,-7.389392853E-1,-9.541772008E-1
8.359468029E1,-1.534400702E0,-8.701189756E-1,-1.103138447E0
8.360471129E1,-1.448953390E0,-1.031363487E0,-1.176989555E0
8.361474129E1,-1.304808736E0,-1.250350714E0,-1.099085569E0
8.362477229E1,-1.181142092E0,-1.498332024E0,-8.933164477E-1
8.363480329E1,-1.086006522E0,-1.559185982E0,-7.067734003E-1
8.364483329E1,-1.037631512E0,-1.272557735E0,-5.081084967E-1
8.365486429E1,-1.031818509E0,-9.640627503E-1,-3.394724727E-1
8.366489429E1,-1.144345403E0,-6.065956950E-1,-1.310700029E-1
8.367492529E1,-1.291187763E0,-3.593216417E-3,1.372704208E-1
8.368495629E1,-1.144344211E0,4.500262141E-1,4.066155851E-1
8.369498629E1,-7.335473299E-1,7.415632010E-1,7.068949938E-1
8.370501729E1,-1.327048540E-1,1.042464733E0,9.462040067E-1
8.371504729E1,6.016730666E-1,1.010126948E0,1.101931095E0
8.372507829E1,1.097688079E0,9.525012970E-1,1.178446889E0
8.373510929E1,1.194044709E0,9.872879386E-1,1.032157660E0
8.374513929E1,9.190734029E-1,8.381357193E-1,6.635180712E-1
8.375517029E1,3.449171185E-1,8.082188964E-1,1.453389972E-1
8.376520129E1,-3.851892650E-1,1.040939331E0,-4.505041242E-1
8.377523129E1,-1.677862644E0,9.832761884E-1,-1.192980409E0
8.378526229E1,-4.391482830E0,-2.941385508E-1,-2.432086468E0
8.379529229E1,-4.866878986E0,1.321712613E0,-3.821370840E0
8.380532329E1,-2.578353167E0,3.506815195E0,-3.455366135E0
8.381535429E1,-3.854636550E-1,1.720685482E0,-2.845597744E0
8.382538429E1,-3.994180858E-1,9.422840476E-1,-1.967904568E0
8.383541529E1,-3.563409671E-2,1.142391443E0,-1.068503141E0
8.384544629E1,1.708647460E-1,1.331598997E0,-6.195335388E-1
8.385547629E1,-3.087027967E-1,1.256978750E0,-8.148098737E-2
8.386550729E1,-4.730613828E-1,7.515203953E-1,4.002699256E-1
8.387553729E1,-7.579550147E-1,1.983310282E-1,8.245040178E-1
8.388556829E1,-8.659225106E-1,5.296322983E-3,9.854782224E-1
8.389559929E1,-3.277655244E-1,-4.732080400E-1,1.052958488E0
8.390562929E1,4.633304775E-1,-7.494401336E-1,9.671480656E-1
8.391566029E1,9.569242001E-1,-8.183614016E-1,8.199221492E-1
8.392569129E1,1.060144424E0,-9.009361863E-1,8.208185434E-1
8.393572129E1,1.049240828E0,-8.111027479E-1,8.652569652E-1
8.394575229E1,9.756664038E-1,-8.907195926E-1,8.992974758E-1
8.395578329E1,8.065564036E-1,-1.073339462E0,8.513326049E-1
8.396581329E1,6.907147169E-1,-1.415629983E0,7.363575697E-1
8.397584429E1,6.150061488E-1,-1.810345292E0,5.981374383E-1
8.398587429E1,6.101416349E-1,-1.907784224E0,4.695504308E-1
8.399590529E1,6.547998190E-1,-1.870921612E0,4.091953635E-1
8.400593629E1,6.861984730E-1,-2.007356405E0,3.281471133E-1
8.401596629E1,8.024719954E-1,-2.321487904E0,1.154711097E-1
8.402599729E1,1.014623284E0,-2.553605795E0,-1.908696443E-1
8.403602829E1,1.057452083E0,-2.130672216E0,-5.577750802E-1
8.404605829E1,5.935361385E-1,-6.054047346E-1,-8.438766003E-1
8.405608929E1,-6.206143275E-2,1.008765697E0,-9.587759376E-1
8.406611929E1,-3.452052474E-1,1.167256236E0,-9.171369076E-1
8.407615029E1,-3.221223652E-1,8.895591497E-1,-6.887717247E-1
8.408618129E1,-9.369610250E-2,1.025165081E0,-4.645708203E-1
8.409621129E1,2.068040669E-1,1.434336185E0,-3.229212761E-1
8.410624600E1,5.136492252E-1,1.942521095E0,-1.986211538E-1
8.411627700E1,1.270788670E0,2.223312616E0,9.844837338E-2
8.412630700E1,4.690728188E0,-1.341315210E-1,1.116252899E0
8.413633800E1,5.289219856E0,1.827668786E0,2.352962255E0
8.414636800E1,2.988396645E0,4.010524273E0,1.980283260E0
8.415639900E1,1.135606647E0,3.481782913E0,2.000684738E0
8.416643000E1,6.679204851E-2,2.893985271E0,1.724506378E0
8.417646000E1,-6.433300376E-1,2.688634157E0,1.254381061E0
8.418649100E1,-5.537581630E-3,1.973044038E0,1.181845784E0
8.419652200E1,9.544277191E-1,8.409869671E-1,1.492384434E0
8.420655200E1,1.135252118E0,-9.746313095E-1,1.421741962E0
8.421658300E1,9.851419330E-1,-2.013929844E0,8.857578635E-1
8.422661300E1,4.062223732E-1,-2.370633364E0,2.039753348E-1
8.423664400E1,-4.390090704E-2,-2.417166948E0,-4.062359035E-1
8.424667500E1,-3.751321137E-1,-1.946655035E0,-8.227750659E-1
8.425670500E1,-6.393051744E-1,-1.301290512E0,-1.160140395E0
8.426673600E1,-8.133861423E-1,-9.057974815E-1,-1.453878284E0
8.427676700E1,-7.752472758E-1,-8.358471394E-1,-1.633298039E0
8.428679700E1,-6.716774702E-1,-8.382972479E-1,-1.666197419E0
8.429682800E1,-6.746996641E-1,-9.429047704E-1,-1.549638391E0
8.430685800E1,-7.385377288E-1,-1.233681083E0,-1.286880255E0
8.431688900E1,-7.589644194E-1,-1.454779506E0,-9.681625366E-1
8.432692000E1,-8.476172686E-1,-1.571510911E0,-7.105157971E-1
8.433695000E1,-1.004563570E0,-1.591364741E0,-5.102010965E-1
8.434698100E1,-1.139875174E0,-1.643075109E0,-2.415914536E-1
8.435701100E1,-1.404803634E0,-1.425331116E0,1.896215081E-1
8.436704200E1,-1.717245221E0,-7.209835649E-1,7.881043553E-1
8.437707300E1,-1.603102088E0,-4.074246809E-2,1.384979486E0
8.438710300E1,-8.705734611E-1,6.215217710E-1,1.695958972E0
8.439713400E1,9.401829541E-2,1.113986373E0,1.824451447E0
8.440716400E1,8.551968932E-1,1.318491578E0,1.762352824E0
8.441719500E1,1.216609716E0,1.191649318E0,1.463623524E0
8.442722600E1,1.322282076E0,9.167059064E-1,1.174757361E0
8.443725600E1,1.034445882E0,6.472746730E-1,7.257848978E-1
8.444728700E1,4.270730019E-1,7.177999616E-1,1.119315773E-1
8.445731700E1,-4.584746361E-1,8.962990642E-1,-5.624662042E-1
8.446734800E1,-1.959246278E0,6.196272373E-1,-1.363745570E0
8.447737900E1,-4.512151241E0,-1.035969853E0,-2.472484589E0
8.448740900E1,-4.714458942E0,1.795441747E0,-3.950969696E0
8.449744000E1,-2.476541519E0,3.847401619E0,-3.561665058E0
8.450747100E1,-1.622141302E-1,2.264984131E0,-2.859863520E0
8.451750100E1,1.613183022E-1,7.715213895E-1,-2.020387650E0
8.452753200E1,5.935330987E-1,7.138301134E-1,-1.101599097E0
8.453756200E1,6.296133995E-1,-6.306197029E-3,-6.212252975E-1
8.454759300E1,-3.522694111E-2,-3.715172112E-1,-1.137934998E-1
8.455762400E1,-5.878792405E-1,-2.040577233E-1,5.432752371E-1
8.456765400E1,-8.062916994E-1,9.776552022E-2,9.879277945E-1
8.457768500E1,-7.258601189E-1,-1.355334967E-1,1.182833672E0
8.458771600E1,2.346682549E-2,-7.197934985E-1,1.263021946E0
8.459774600E1,7.837257981E-1,-9.365374446E-1,1.158093095E0
8.460777700E1,1.084673405E0,-8.103848100E-1,1.025289774E0
8.461780800E1,1.106723428E0,-6.152319908E-1,1.120289445E0
8.462783800E1,1.034373164E0,-5.277405381E-1,1.182804227E0
8.463786900E1,9.650229216E-1,-6.109253168E-1,1.201464772E0
8.464789900E1,9.375122190E-1,-8.518651724E-1,1.108733535E0
8.465793000E1,8.084083200E-1,-1.267683387E0,9.335185885E-1
8.466796100E1,7.349324822E-1,-1.527766347E0,7.720945477E-1
8.467799100E1,5.954916477E-1,-1.564482450E0,7.153514028E-1
8.468802200E1,4.738475382E-1,-1.537074566E0,6.784533262E-1
8.469805300E1,4.288713932E-1,-1.700176716E0,5.035219789E-1
8.470808300E1,5.582397580E-1,-2.085118055E0,1.928360462E-1
8.471811400E1,7.853918076E-1,-2.327120304E0,-2.301760465E-1
8.472814500E1,7.579079866E-1,-1.782693148E0,-7.629448771E-1
8.473817500E1,1.684130579E-1,-1.303428262E-1,-1.228618503E0
8.474820600E1,-5.735270977E-1,1.020303249E0,-1.496132731E0
8.475823600E1,-8.657326102E-1,8.596881032E-1,-1.487847090E0
8.476826700E1,-9.661561251E-1,7.333216667E-1,-1.194680214E0
8.477829800E1,-8.265933394E-1,1.007387757E0,-8.960433006E-1
8.478832800E1,-5.383399725E-1,1.612821698E0,-5.759156346E-1
8.479835900E1,-1.772902161E-1,2.005512238E0,-2.694886625E-1
8.480839000E1,2.499577999E-1,2.321169138E0,3.633969277E-2
8.481842000E1,1.793506861E0,7.118148804E-1,6.360123158E-1
8.482845100E1,5.805024624E0,-1.124620795E0,2.681607723E0
8.483848100E1,2.785193205E0,5.082408428E0,2.438822031E0
8.484851200E1,1.376325488E0,4.011444092E0,2.496151447E0
8.485854300E1,3.959426880E-1,3.019191504E0,2.313793421E0
8.486857300E1,-4.053910375E-1,2.441621304E0,1.455375314E0
8.487860400E1,-2.971769869E-1,2.021257162E0,1.122367620E0
8.488863500E1,3.393432796E-1,8.767678142E-1,1.471111536E0
8.489866500E1,6.416906118E-1,-7.801383734E-1,1.114547014E0
8.490869600E1,7.663156390E-1,-1.238925099E0,4.367232621E-1
8.491872600E1,3.754008114E-1,-1.679203272E0,1.029134914E-2
8.492875700E1,-1.402745396E-1,-1.969956040E0,-3.325762451E-1
8.493878800E1,-4.099201858E-1,-1.916937113E0,-7.751765251E-1
8.494881800E1,-7.849273682E-1,-1.548320770E0,-1.250544071E0
8.495884900E1,-9.269756675E-1,-1.244528174E0,-1.638794780E0
8.496887900E1,-8.693427444E-1,-1.363895297E0,-1.829177737E0
8.497891000E1,-8.080242276E-1,-1.399075031E0,-1.859631896E0
8.498894100E1,-7.497603893E-1,-1.361779332E0,-1.750587702E0
8.499897100E1,-7.034922242E-1,-1.464805484E0,-1.497621775E0
8.500900200E1,-7.130843997E-1,-1.569632292E0,-1.147032619E0
8.501903300E1,-8.195036054E-1,-1.679917574E0,-8.161754012E-1
8.502906300E1,-9.777627587E-1,-1.792321801E0,-4.973108470E-1
8.503909400E1,-1.246534705E0,-1.791942477E0,-8.828213066E-2
8.504912400E1,-1.623655319E0,-1.294181943E0,4.481815696E-1
8.505915500E1,-1.770507216E0,-7.645899057E-1,1.076197386E0
8.506918600E1,-1.576400280E0,-1.573614776E-1,1.652014136E0
8.507921600E1,-8.241823316E-1,6.275699735E-1,1.905932307E0
8.508924700E1,3.525942564E-2,1.255892754E0,1.948226452E0
8.509927287E1,7.536412477E-1,1.609029889E0,1.883532882E0
8.510930388E1,1.148435473E0,1.634612441E0,1.707710385E0
8.511933488E1,1.204759002E0,1.406699181E0,1.267972112E0
8.512936487E1,9.500569105E-1,1.110504270E0,6.816633940E-1
8.513939588E1,4.164013267E-1,1.106256127E0,-1.097040623E-1
8.514942588E1,-2.082622796E-1,1.183992147E0,-8.018135428E-1
8.515945688E1,-1.148825288E0,1.151785493E0,-1.482944727E0
8.516948787E1,-3.736536026E0,-5.957006812E-1,-2.517861843E0
8.517951788E1,-5.391204357E0,4.691804647E-1,-4.308553696E0
8.518954888E1,-3.615313530E0,4.149294853E0,-4.437430382E0
8.519957987E1,-8.370409012E-1,2.976726770E0,-3.792740822E0
8.520960988E1,-2.085974813E-1,2.903050482E-1,-2.561052799E0
8.521964088E1,8.097700030E-2,1.419101804E-1,-1.345779538E0
8.522967088E1,2.056100070E-1,7.445044816E-2,-5.834338069E-1
8.523970188E1,-2.116969228E-1,-1.723728776E-1,-1.920723617E-1
8.524973288E1,-9.423633814E-1,-3.496749699E-1,4.133541584E-1
8.525976288E1,-1.358753204E0,-5.144435167E-1,8.471453786E-1
8.526979387E1,-1.296838403E0,-7.396835685E-1,1.131069303E0
8.527982488E1,-6.501260996E-1,-9.441100359E-1,1.452774405E0
8.528985488E1,1.047794372E-1,-9.592269659E-1,1.546108365E0
8.529988587E1,6.581690907E-1,-9.211004972E-1,1.546266913E0
8.530991688E1,7.598651052E-1,-7.855410576E-1,1.665153980E0
8.531994688E1,7.282171249E-1,-2.920239866E-1,1.818774581E0
8.532997788E1,8.044785857E-1,-5.123747140E-2,1.864591956E0
8.534000788E1,9.314328432E-1,-1.655960828E-1,1.786425114E0
8.535003888E1,9.828488827E-1,-4.074734449E-1,1.565479875E0
8.536006988E1,7.842359543E-1,-7.487604618E-1,1.245146751E0
8.537009987E1,5.637490749E-1,-1.109493136E0,8.499236107E-1
8.538013088E1,4.209622145E-1,-1.471715689E0,3.924950361E-1
8.539016188E1,5.334416032E-1,-1.808392525E0,-1.701217294E-1
8.540019188E1,8.717659712E-1,-2.388815403E0,-8.413488269E-1
8.541022288E1,1.183563352E0,-2.843137503E0,-1.516986966E0
8.542025288E1,1.233365893E0,-2.532021761E0,-2.077854633E0
8.543028388E1,8.233132362E-1,-1.113388419E0,-2.502111912E0
8.544031487E1,5.820913240E-2,9.739176035E-1,-2.571073294E0
8.545034488E1,-3.572951257E-1,1.788177490E0,-2.341346025E0
8.546037588E1,-2.974789143E-1,1.316640139E0,-1.660246372E0
8.547040687E1,-4.423282295E-2,1.435924172E0,-8.117340207E-1
8.548043688E1,2.500305474E-1,1.647446990E0,-9.545790404E-2
8.549046788E1,3.941935897E-1,2.037911415E0,3.210490346E-1
8.550049788E1,6.573495269E-1,2.135296106E0,6.139799356E-1
8.551052888E1,2.187795639E0,4.704963267E-1,1.418063641E0
8.552055988E1,5.836642265E0,-1.814800858E0,3.088842154E0
8.553058988E1,3.977663040E0,3.026624918E0,3.323826075E0
8.554062087E1,1.946426392E0,4.305063248E0,3.067114353E0
8.555065188E1,4.274179637E-1,2.599599361E0,2.656631947E0
8.556068188E1,-3.296431005E-1,2.104441166E0,1.670102239E0
8.557071288E1,-4.557626843E-1,1.555233598E0,7.276263833E-1
8.558074388E1,3.256635740E-2,1.209476113E0,5.618393421E-1
8.559077388E1,1.140837193E0,5.920410752E-1,4.733920097E-1
8.560080488E1,1.567228317E0,-7.134329677E-1,3.358143568E-1
8.561083487E1,7.750034332E-1,-1.660842657E0,2.485476285E-1
8.562086588E1,-2.405624837E-1,-1.927442908E0,4.103202745E-2
8.563089688E1,-6.945465207E-1,-1.888844967E0,-2.121669501E-1
8.564092687E1,-8.880868554E-1,-1.312598825E0,-5.764113069E-1
8.565095788E1,-1.184272647E0,-7.654190660E-1,-1.006253242E0
8.566098788E1,-1.212981701E0,-6.966188550E-1,-1.356534719E0
8.567101888E1,-9.617838860E-1,-8.837807178E-1,-1.523543358E0
8.568104988E1,-7.744577527E-1,-1.275743246E0,-1.491166711E0
8.569107988E1,-7.793164253E-1,-1.681564212E0,-1.365124941E0
8.570111088E1,-8.100838661E-1,-1.798540115E0,-1.143490791E0
8.571114087E1,-9.062460661E-1,-1.638090491E0,-9.731982946E-1
8.572117188E1,-1.060250759E0,-1.504341722E0,-8.239971995E-1
8.573120288E1,-1.158634067E0,-1.494808435E0,-6.697884202E-1
8.574123287E1,-1.383149385E0,-1.361887336E0,-3.958715498E-1
8.575126388E1,-1.709521055E0,-8.989098668E-1,5.049503967E-2
8.576129488E1,-1.782290816E0,-2.598540783E-1,6.244713068E-1
8.577132488E1,-1.354758859E0,2.061460912E-1,1.180526257E0
8.578135587E1,-4.769687951E-1,6.874316931E-1,1.468542695E0
8.579138588E1,4.735245705E-1,1.216876388E0,1.627978444E0
8.580141688E1,1.309329391E0,1.375770211E0,1.652555108E0
8.581144787E1,1.706548929E0,1.330996037E0,1.396739841E0
8.582147788E1,1.769541860E0,1.110447526E0,1.053194046E0
8.583150888E1,1.442025781E0,6.972955465E-1,7.880119681E-1
8.584153887E1,7.196094394E-1,6.047081351E-1,3.434276283E-1
8.585156988E1,-4.681960344E-1,7.059100866E-1,-3.661210537E-1
8.586160088E1,-2.996204853E0,-2.278296351E-1,-1.364469051E0
8.587163088E1,-6.075480938E0,-8.049286604E-1,-3.361368656E0
8.588166187E1,-4.650625706E0,2.799557209E0,-4.012624264E0
8.589169188E1,-1.085501313E0,3.648470163E0,-3.419291258E0
8.590172288E1,-1.439154297E-1,1.508785725E0,-3.010762691E0
8.591175387E1,2.685570717E-1,5.021281838E-1,-1.931174994E0
8.592178388E1,3.628128767E-1,2.080826312E-1,-9.096726775E-1
8.593181488E1,3.312104642E-1,-2.348284870E-1,-3.748444021E-1
8.594184588E1,-1.996228695E-1,-4.783688188E-1,2.932611108E-1
8.595187588E1,-3.662081063E-1,-4.386962354E-1,6.517921090E-1
8.596190688E1,-6.146827936E-1,-1.585933417E-1,7.210067511E-1
8.597193788E1,-3.295908570E-1,-2.496209890E-1,7.088275552E-1
8.598196787E1,4.449386895E-1,-7.813963890E-1,7.052286863E-1
8.599199888E1,1.069240093E0,-1.014966846E0,6.647494435E-1
8.600202888E1,1.222660303E0,-7.514141798E-1,7.362280488E-1
8.601205987E1,1.305997252E0,-5.422812104E-1,9.317578673E-1
8.602209088E1,1.448929071E0,-7.781009078E-1,1.228348017E0
8.603212088E1,1.534844041E0,-1.205692410E0,1.390131116E0
8.604215188E1,1.444010019E0,-1.568467855E0,1.418780446E0
8.605218287E1,1.258915305E0,-2.112072229E0,1.487091660E0
8.606221288E1,1.080229521E0,-2.361172915E0,1.550799847E0
8.607224388E1,9.349027872E-1,-2.257280350E0,1.557842851E0
8.608227487E1,7.723902464E-1,-2.194334984E0,1.383637667E0
8.609230488E1,8.254902363E-1,-2.533684731E0,9.186995625E-1
8.610233592E1,1.097508430E0,-2.780885935E0,2.075608522E-1
8.611236592E1,9.957519770E-1,-1.728630543E0,-5.987561941E-1
8.612239692E1,-5.587830022E-2,5.161551237E-1,-1.272267103E0
8.613242792E1,-1.054608464E0,1.576213360E0,-1.713041544E0
8.614245792E1,-1.473968625E0,1.053404689E0,-1.968601584E0
8.615248892E1,-1.622439265E0,1.168118954E0,-1.813559532E0
8.616251992E1,-1.460644603E0,1.643776417E0,-1.770752668E0
8.617254992E1,-1.262163401E0,2.111605644E0,-1.535738826E0
8.618258092E1,-9.204418659E-1,2.475049496E0,-1.176696658E0
8.619261092E1,-5.061115623E-1,2.649167776E0,-6.969534159E-1
8.620264192E1,1.770011932E-1,2.591803312E0,-1.186545715E-1
8.621267292E1,3.844291925E0,-3.109053709E-3,1.595531106E0
8.622270292E1,5.665179253E0,8.363329768E-1,3.227131367E0
8.623273392E1,1.743448853E0,4.812986374E0,2.375294685E0
8.624276492E1,5.043070316E-1,4.029538631E0,2.462985277E0
8.625279492E1,-3.152149618E-1,3.150829315E0,2.004408598E0
8.626282592E1,-9.004965425E-1,2.197544575E0,1.114151597E0
8.627285592E1,-5.121866465E-1,1.296807647E0,7.539713383E-1
8.628288692E1,2.305811644E-1,3.899660110E-1,8.923759460E-1
8.629291792E1,8.128640056E-1,-8.835304379E-1,9.460682273E-1
8.630294792E1,7.933931351E-1,-1.511159062E0,6.796379089E-1
8.631297892E1,4.078896642E-1,-1.654613853E0,2.624148726E-1
8.632300992E1,-4.443606362E-2,-1.905199528E0,-3.097849786E-1
8.633303992E1,-3.055022955E-1,-1.514967680E0,-9.089010954E-1
8.634307092E1,-6.919918656E-1,-1.168302774E0,-1.398592710E0
8.635310092E1,-9.975675344E-1,-1.084130168E0,-1.741500497E0
8.636313192E1,-1.030675530E0,-1.239454627E0,-1.877836585E0
8.637316292E1,-8.660173416E-1,-1.459988356E0,-1.798096180E0
8.638319292E1,-6.701841354E-1,-1.753127337E0,-1.552818418E0
8.639322392E1,-6.425186992E-1,-2.098000526E0,-1.213805437E0
8.640325392E1,-7.555237412E-1,-2.088404417E0,-9.959497452E-1
8.641328492E1,-9.480673671E-1,-1.822321177E0,-8.670285344E-1
8.642331592E1,-1.125547886E0,-1.723405957E0,-6.956622601E-1
8.643334592E1,-1.345867753E0,-1.725404024E0,-4.306202531E-1
8.644337692E1,-1.626451850E0,-1.231985807E0,-3.661277890E-2
8.645340692E1,-1.724938154E0,-4.297314286E-1,5.418894291E-1
8.646343792E1,-1.415721416E0,2.902674675E-1,1.184395194E0
8.647346892E1,-6.516546011E-1,6.485344768E-1,1.660546064E0
8.648349892E1,3.612759709E-1,1.007117152E0,1.708031654E0
8.649352992E1,9.179722667E-1,1.406049371E0,1.729578495E0
8.650355992E1,1.435620785E0,1.332595110E0,1.642967343E0
8.651359092E1,1.433638811E0,1.302239895E0,1.403029323E0
8.652362192E1,9.576073885E-1,1.182115316E0,9.021537900E-1
8.653365192E1,2.105195671E-1,1.024585605E0,2.776232958E-1
8.654368292E1,-7.361334562E-1,9.965342879E-1,-5.195301175E-1
8.655371392E1,-2.291090727E0,8.664937615E-1,-1.437366486E0
8.656374392E1,-4.974176884E0,-4.639451504E-1,-2.765233517E0
8.657377492E1,-5.025618553E0,1.081806064E0,-4.329980850E0
8.658380492E1,-2.404395819E0,3.831786871E0,-3.984729052E0
8.659383592E1,3.438434303E-1,2.770113707E0,-3.385158062E0
8.660386692E1,6.263946891E-1,1.051751733E0,-2.500516891E0
8.661389692E1,9.784760475E-1,9.235742688E-1,-1.575859427E0
8.662392792E1,1.070084929E0,7.603353858E-1,-1.159015894E0
8.663395892E1,6.874589920E-1,8.603882194E-1,-6.672759652E-1
8.664398892E1,2.376549989E-1,6.952297091E-1,-1.454042792E-1
8.665401992E1,-3.068293333E-1,8.648815751E-1,2.924545407E-1
8.666404992E1,-4.171020985E-1,5.428206325E-1,5.642467737E-1
8.667408092E1,-1.560231000E-1,-3.363868892E-1,9.480801821E-1
8.668411192E1,3.124006093E-1,-8.855148554E-1,1.205040693E0
8.669414192E1,6.223707199E-1,-1.289895654E0,1.577003121E0
8.670417292E1,7.918943763E-1,-1.643687606E0,1.941333771E0
8.671420392E1,7.722855210E-1,-1.710488439E0,2.283485174E0
8.672423392E1,5.881918669E-1,-1.652708769E0,2.480860949E0
8.673426492E1,4.076377451E-1,-1.918177485E0,2.545876741E0
8.674429592E1,3.127307594E-1,-2.168214798E0,2.419552326E0
8.675432592E1,3.403551877E-1,-2.198206902E0,2.209312439E0
8.676435692E1,4.234220982E-1,-2.026823282E0,1.796050310E0
8.677438692E1,6.168588996E-1,-1.940695763E0,1.270262122E0
8.678441792E1,1.081814051E0,-2.502454281E0,5.952895880E-1
8.679444892E1,1.679407477E0,-3.122136354E0,-1.418352574E-1
8.680447892E1,2.062147141E0,-3.053011894E0,-8.153265119E-1
8.681450992E1,1.923781395E0,-1.722052693E0,-1.340929031E0
8.682454092E1,1.144505978E0,4.694702625E-1,-1.640861630E0
8.683457092E1,5.797269940E-1,1.079031706E0,-1.682754159E0
8.684460192E1,3.672221601E-1,6.377037168E-1,-1.420777678E0
8.685463192E1,4.042054713E-1,1.118308902E0,-1.182593942E0
8.686466292E1,6.131305099E-1,1.840956926E0,-1.085420966E0
8.687469392E1,8.207591176E-1,2.518143415E0,-9.817396998E-1
8.688472392E1,8.856280446E-1,2.741014957E0,-7.456588745E-1
8.689475492E1,9.064273238E-1,2.733164310E0,-4.618398845E-1
8.690478592E1,1.737728596E0,5.038095713E-1,3.816603720E-1
8.691481592E1,6.386262894E0,-3.153034210E0,3.315756083E0
8.692484692E1,3.625868082E0,3.839169025E0,2.592468739E0
8.693487692E1,1.540201664E0,3.762837648E0,2.386525869E0
8.694490792E1,-2.850400209E-1,3.272045851E0,1.950442672E0
8.695493892E1,-9.850503206E-1,2.530272007E0,1.213356614E0
8.696496892E1,-1.056089044E0,6.775378585E-1,7.567049861E-1
8.697499992E1,-9.302766323E-1,1.218887493E-1,8.173089027E-1
8.698503092E1,-8.059774339E-2,-8.400145173E-1,9.769087434E-1
8.699506092E1,2.639609873E-1,-1.458361626E0,7.912132144E-1
8.700509192E1,-2.116408199E-1,-1.239471197E0,3.422882557E-1
8.701512192E1,-7.264034748E-1,-1.036197901E0,-3.106490672E-1
8.702515292E1,-9.948748350E-1,-9.820114374E-1,-8.754530549E-1
8.703518392E1,-1.174470663E0,-6.657996774E-1,-1.406882048E0
8.704521392E1,-1.383800745E0,-3.940550387E-1,-1.849846840E0
8.705524492E1,-1.388568878E0,-4.142074585E-1,-2.105338097E0
8.706527492E1,-1.218098521E0,-6.222981215E-1,-2.140716553E0
8.707530592E1,-1.147260308E0,-9.463552833E-1,-2.007707357E0
8.708533692E1,-1.143328547E0,-1.293960452E0,-1.743845463E0
8.709536692E1,-1.205362439E0,-1.374915719E0,-1.417668462E0
8.710539829E1,-1.295925617E0,-1.288634062E0,-1.105805516E0
8.711542929E1,-1.443944693E0,-1.189202189E0,-7.788550854E-1
8.712545929E1,-1.609190106E0,-1.158645630E0,-3.912056684E-1
8.713549029E1,-1.888369203E0,-8.666191101E-1,1.309235692E-1
8.714552029E1,-2.085429430E0,-3.008023500E-1,7.294778228E-1
8.715555129E1,-1.868986130E0,1.564610898E-1,1.255784869E0
8.716558229E1,-1.051862359E0,5.304786563E-1,1.613409519E0
8.717561229E1,7.301214337E-2,8.001477122E-1,1.938797712E0
8.718564329E1,1.161170840E0,9.332004189E-1,2.180290461E0
8.719567329E1,1.743424177E0,1.176635146E0,2.070592403E0
8.720570429E1,1.752329111E0,1.063401699E0,1.746485829E0
8.721573529E1,1.390062213E0,8.976470828E-1,1.250201464E0
8.722576529E1,7.048006058E-1,7.892513275E-1,5.746132135E-1
8.723579629E1,-1.655942351E-1,6.546865702E-1,-2.063345462E-1
8.724582629E1,-1.268292665E0,6.807958484E-1,-1.054934502E0
8.725585729E1,-3.584263086E0,-5.906960964E-1,-2.093804598E0
8.726588829E1,-5.600536346E0,-3.806651533E-1,-4.172488213E0
8.727591829E1,-3.624172688E0,3.137467623E0,-4.265530586E0
8.728594929E1,-1.025182128E0,2.347042084E0,-3.600307941E0
8.729598029E1,-1.322242767E-1,1.195362210E0,-2.960114479E0
8.730601029E1,4.319693744E-1,7.352469563E-1,-1.455107212E0
8.731604129E1,9.262211323E-1,2.403557152E-1,-6.194331646E-1
8.732607129E1,5.041770339E-1,2.471995205E-1,-4.440318346E-1
8.733610229E1,-3.864234388E-1,3.338516057E-1,-3.194006979E-1
8.734613329E1,-8.530844450E-1,5.544448495E-1,-1.545453072E-2
8.735616329E1,-1.078609347E0,9.958395958E-1,4.505365789E-1
8.736619429E1,-5.817229152E-1,6.887857318E-1,7.407907248E-1
8.737622529E1,3.486734629E-1,-4.938404858E-1,9.753336906E-1
8.738625529E1,1.020347834E0,-1.264098883E0,1.050076127E0
8.739628629E1,1.198296547E0,-1.282672524E0,1.245812893E0
8.740631729E1,1.227310300E0,-1.193622589E0,1.446902633E0
8.741634729E1,1.140044332E0,-1.425637722E0,1.613790393E0
8.742637829E1,1.008083105E0,-1.561081290E0,1.640096903E0
8.743640829E1,9.241379499E-1,-1.662418365E0,1.550223231E0
8.744643929E1,8.505120277E-1,-1.772996187E0,1.412212849E0
8.745647029E1,8.510686755E-1,-1.869925380E0,1.249688387E0
8.746650029E1,9.107179046E-1,-1.833639026E0,1.162728548E0
8.747653129E1,9.404286146E-1,-1.886993527E0,9.888833165E-1
8.748656229E1,1.088955522E0,-2.369121075E0,7.311879992E-1
8.749659229E1,1.408924460E0,-3.024724960E0,2.638874054E-1
8.750662329E1,1.726214767E0,-3.241894007E0,-3.599701822E-1
8.751665329E1,1.627222061E0,-1.871858597E0,-1.036963582E0
8.752668429E1,7.602499127E-1,8.606392741E-1,-1.452595949E0
8.753671529E1,-7.243800163E-2,1.546494246E0,-1.707431436E0
8.754674529E1,-5.674385428E-1,6.300363541E-1,-1.667137384E0
8.755677629E1,-7.012514472E-1,5.166011453E-1,-1.410433650E0
8.756680729E1,-4.711066782E-1,9.088411927E-1,-9.539799094E-1
8.757683729E1,-4.657749832E-2,1.593993783E0,-5.273654461E-1
8.758686829E1,4.204781055E-1,2.254972935E0,-1.990724951E-1
8.759689829E1,8.692180514E-1,2.631794930E0,-9.490156081E-4
8.760692929E1,3.143093348E0,-7.583001256E-1,8.783813119E-1
8.761696029E1,5.341323853E0,2.547802329E-1,2.344515324E0
8.762699029E1,2.255486250E0,4.223191261E0,1.776092172E0
8.763702129E1,8.200366497E-1,3.721390724E0,1.806347847E0
8.764705229E1,-7.206441462E-2,3.886773109E0,1.329004765E0
8.765708229E1,-6.443143487E-1,3.435657978E0,6.329447627E-1
8.766711329E1,-1.611747891E-1,2.222917318E0,9.412382245E-1
8.767714329E1,1.474059522E-1,3.500947952E-1,1.546218753E0
8.768717429E1,-7.867628708E-3,-1.313130021E0,1.925264478E0
8.769720529E1,-7.043380756E-3,-2.045808792E0,1.571720719E0
8.770723529E1,-2.770234644E-1,-1.829900980E0,8.918902278E-1
8.771726629E1,-5.013515949E-1,-1.562494040E0,1.739062369E-1
8.772729729E1,-7.325766683E-1,-1.174087286E0,-5.860498548E-1
8.773732729E1,-9.678816199E-1,-7.832388878E-1,-1.276517153E0
8.774735829E1,-1.137148142E0,-7.297173142E-1,-1.807065487E0
8.775738829E1,-1.111276627E0,-9.026749730E-1,-2.072853327E0
8.776741929E1,-9.023659229E-1,-1.151607513E0,-1.987320542E0
8.777745029E1,-7.303537130E-1,-1.408783674E0,-1.717340946E0
8.778748029E1,-7.776756287E-1,-1.701678634E0,-1.401021957E0
8.779751129E1,-9.399505854E-1,-1.666984320E0,-1.106794238E0
8.780754129E1,-1.167819977E0,-1.387507558E0,-8.552944660E-1
8.781757229E1,-1.287382126E0,-1.399358392E0,-6.094450355E-1
8.782760329E1,-1.450509310E0,-1.279370189E0,-3.052712977E-1
8.783763329E1,-1.669852853E0,-7.464642525E-1,9.017933160E-2
8.784766429E1,-1.615779161E0,-1.573822498E-1,6.153911948E-1
8.785769429E1,-1.279361367E0,3.090059757E-1,1.192662477E0
8.786772529E1,-5.729923844E-1,4.422811866E-1,1.619618535E0
8.787775629E1,3.705663681E-1,5.106878877E-1,1.931515217E0
8.788778629E1,1.168897510E0,9.331571460E-1,2.074559450E0
8.789781729E1,1.575603247E0,1.309299350E0,1.905623794E0
8.790784729E1,1.510734677E0,1.445494533E0,1.487000585E0
8.791787829E1,8.511272073E-1,1.380503535E0,8.795764446E-1
8.792790929E1,-2.386153787E-1,1.238294840E0,8.529121429E-2
8.793793929E1,-1.880417347E0,1.502914786E0,-9.594109654E-1
8.794797029E1,-5.057466507E0,1.013717890E0,-2.410851479E0
8.795800129E1,-6.415915012E0,3.551237285E-1,-4.403125763E0
8.796803129E1,-4.143482208E0,3.006639719E0,-4.071323395E0
8.797806229E1,-3.829973340E-1,2.757517338E0,-3.251461744E0
8.798809229E1,3.885255158E-1,1.673940182E0,-2.471673012E0
8.799812329E1,6.454132199E-1,9.977757931E-1,-1.499883413E0
8.800815429E1,6.838943362E-1,7.910544872E-1,-1.267329097E0
8.801818429E1,3.792851865E-1,8.124465942E-1,-9.071856141E-1
8.802821529E1,1.018624306E-1,7.391543984E-1,-5.793777108E-1
8.803824629E1,-4.672411457E-2,7.875171304E-1,-1.792534590E-1
8.804827629E1,-9.601266682E-2,4.231662154E-1,2.028522342E-1
8.805830729E1,6.921277940E-2,-1.930522472E-1,5.042821169E-1
8.806833829E1,7.437800765E-1,-9.754523039E-1,6.119872928E-1
8.807836829E1,9.720369577E-1,-1.078311205E0,8.436753750E-1
8.808839929E1,1.077609301E0,-1.100551486E0,1.093457222E0
8.809842929E1,1.101641893E0,-1.135161877E0,1.388470650E0
8.810846017E1,9.580767155E-1,-1.271567464E0,1.521699548E0
8.811849117E1,7.705057859E-1,-1.565767407E0,1.409997582E0
8.812852117E1,6.113897562E-1,-1.724940300E0,1.285806656E0
8.813855217E1,6.038048267E-1,-1.835905433E0,1.273520112E0
8.814858317E1,6.161448359E-1,-1.733390331E0,1.327978849E0
8.815861317E1,5.933972001E-1,-1.794612169E0,1.374295473E0
8.816864417E1,6.286860108E-1,-2.015677452E0,1.256059647E0
8.817867517E1,8.888707161E-1,-2.523463964E0,9.599298835E-1
8.818870517E1,1.302166224E0,-2.975142479E0,3.880316913E-1
8.819873617E1,1.460648775E0,-2.452358007E0,-2.994811833E-1
8.820876617E1,7.921358347E-1,-3.616888523E-1,-8.744570017E-1
8.821879717E1,-1.888789833E-1,1.286230683E0,-1.293894410E0
8.822882817E1,-6.450118423E-1,9.395849109E-1,-1.392811775E0
8.823885817E1,-7.406973839E-1,4.968410730E-1,-1.261999726E0
8.824888917E1,-4.424743056E-1,9.575456381E-1,-1.027767301E0
8.825891917E1,3.804171830E-2,1.547816396E0,-7.513681054E-1
8.826895017E1,5.623774529E-1,2.183495283E0,-4.658162892E-1
8.827898117E1,7.819492221E-1,2.597145081E0,-2.945910096E-1
8.828901117E1,2.270891666E0,5.492779016E-1,1.383532137E-1
8.829904217E1,6.384924889E0,-9.149453640E-1,2.184556961E0
8.830907317E1,3.584283829E0,4.525376797E0,1.889876723E0
8.831910317E1,1.927926302E0,3.431840181E0,1.987857342E0
8.832913417E1,4.307379127E-1,3.332231760E0,1.681039929E0
8.833916417E1,-8.352548480E-1,3.111777306E0,1.148828983E0
8.834919517E1,-5.843592882E-1,2.355656624E0,8.449539542E-1
8.835922617E1,-5.798364431E-2,9.849642515E-1,1.929176927E0
8.836925617E1,9.136056900E-1,-7.881631851E-1,2.142589331E0
8.837928717E1,9.940879941E-1,-1.611251116E0,1.430932641E0
8.838931817E1,3.039001226E-1,-1.708076477E0,4.197401404E-1
8.839934817E1,-5.737968087E-1,-1.877741098E0,-4.128617346E-1
8.840937917E1,-1.009793878E0,-1.628960371E0,-1.003688455E0
8.841940917E1,-1.385227919E0,-1.023885727E0,-1.490986466E0
8.842944017E1,-1.636450768E0,-7.268083096E-1,-1.805456758E0
8.843947117E1,-1.479242802E0,-7.067959905E-1,-2.125380039E0
8.844950117E1,-1.051164150E0,-8.529769182E-1,-2.224174261E0
8.845953217E1,-7.818704247E-1,-1.002645135E0,-2.077030897E0
8.846956317E1,-7.482813001E-1,-1.197937012E0,-1.774304986E0
8.847959317E1,-7.576577663E-1,-1.368432045E0,-1.450659513E0
8.848962417E1,-7.711212635E-1,-1.349485397E0,-1.125296950E0
8.849965417E1,-7.821552753E-1,-1.313516498E0,-8.315218091E-1
8.850968517E1,-8.373711109E-1,-1.387865067E0,-3.720578253E-1
8.851971617E1,-1.074921012E0,-1.316400528E0,2.324227244E-1
8.852974617E1,-1.405498862E0,-9.862986207E-1,1.025397062E0
8.853977717E1,-1.389274359E0,-6.315205693E-1,1.749731541E0
8.854980717E1,-8.603508472E-1,7.274683565E-2,2.225467205E0
8.855983817E1,6.389227509E-2,9.586476088E-1,2.429748774E0
8.856986917E1,1.002464533E0,1.365370274E0,2.331764460E0
8.857989917E1,1.542868614E0,1.480631590E0,1.958809018E0
8.858993017E1,1.550536990E0,1.544616938E0,1.453237414E0
8.859996017E1,1.221718669E0,1.409607410E0,7.897095084E-1
8.860999117E1,4.364292324E-1,1.203045249E0,5.084611848E-2
8.862002217E1,-7.961392403E-1,9.980419874E-1,-8.658498526E-1
8.863005217E1,-2.944126844E0,3.711387217E-1,-1.918634176E0
8.864008317E1,-5.883113384E0,-5.783282518E-1,-3.605881691E0
8.865011317E1,-5.143812656E0,1.917596817E0,-4.391462326E0
8.866014417E1,-1.707103491E0,3.586692572E0,-3.598888159E0
8.867017517E1,3.105580509E-1,2.332302570E0,-3.320827484E0
8.868020517E1,8.506103754E-1,1.541681409E0,-2.029502153E0
8.869023617E1,1.474418879E0,8.223922849E-1,-9.290257692E-1
8.870026717E1,1.023225307E0,4.652437270E-1,-5.708657503E-1
8.871029717E1,1.687947810E-1,5.965723991E-1,-1.574858576E-1
8.872032817E1,-2.403929979E-1,4.809443653E-1,1.812280118E-1
8.873035917E1,-4.501094520E-1,5.004567504E-1,3.313851357E-1
8.874038917E1,-2.042227089E-1,-1.779332943E-2,4.850189090E-1
8.875042017E1,5.179754496E-1,-5.081594586E-1,5.900170803E-1
8.876045017E1,1.185373783E0,-1.153303862E0,6.657105088E-1
8.877048117E1,1.404368997E0,-1.338447690E0,8.039305806E-1
8.878051217E1,1.291720748E0,-1.256705165E0,1.012115121E0
8.879054217E1,9.876928329E-1,-1.161079407E0,1.198996305E0
8.880057317E1,5.798283815E-1,-1.308464885E0,1.304790974E0
8.881060417E1,2.605208158E-1,-1.606668115E0,1.272486687E0
8.882063417E1,6.686480343E-2,-1.828084588E0,1.255289316E0
8.883066517E1,1.466644257E-1,-1.910628915E0,1.238238692E0
8.884069617E1,2.729145288E-1,-1.744887352E0,1.198518157E0
8.885072617E1,3.686602116E-1,-1.657051802E0,1.150046468E0
8.886075717E1,4.198536277E-1,-1.799978256E0,1.017725468E0
8.887078717E1,5.928113461E-1,-2.174528599E0,7.503404617E-1
8.888081817E1,8.301210999E-1,-2.438819647E0,2.905084491E-1
8.889084917E1,7.734972239E-1,-1.746048093E0,-2.124824673E-1
8.890087917E1,2.855139971E-2,1.503204107E-1,-6.586796641E-1
8.891091017E1,-8.788537383E-1,1.211749077E0,-8.566769361E-1
8.892094117E1,-1.538080096E0,8.752956390E-1,-9.018462896E-1
8.893097117E1,-1.674468756E0,6.257145405E-1,-8.029224873E-1
8.894100217E1,-1.405853510E0,8.926218748E-1,-6.283956766E-1
8.895103217E1,-7.415499687E-1,1.333028197E0,-5.364920497E-1
8.896106317E1,-3.785037249E-2,1.897468090E0,-4.100276232E-1
8.897109417E1,6.377847791E-1,2.144860744E0,-9.706455469E-2
8.898112417E1,1.680091143E0,2.249298573E0,1.839940250E-1
8.899115517E1,5.573420048E0,-8.691772223E-1,1.467192292E0
8.900118617E1,5.103567123E0,2.416445017E0,2.170917034E0
8.901121617E1,2.903847218E0,3.823890448E0,1.835061312E0
8.902124717E1,1.235930681E0,2.892689705E0,1.704435945E0
8.903127717E1,6.345565617E-2,2.606597185E0,1.087809324E0
8.904130817E1,-8.250321150E-1,2.856970549E0,4.150291383E-1
8.905133917E1,-2.659685016E-1,2.493465662E0,2.933973968E-1
8.906136917E1,4.437301159E-1,5.945721865E-1,8.455633521E-1
8.907140017E1,7.159594893E-1,-8.977839351E-1,8.363584280E-1
8.908143117E1,3.385354578E-1,-1.653831363E0,5.535458922E-1
8.909146117E1,-3.023445308E-1,-1.823905468E0,1.349804103E-1
8.910149550E1,-6.890240908E-1,-1.777771950E0,-2.755512297E-1
8.911152550E1,-9.769986272E-1,-1.253591299E0,-6.407049894E-1
8.912155650E1,-1.106537461E0,-8.383339047E-1,-9.419058561E-1
8.913158750E1,-1.276187658E0,-6.169134378E-1,-1.272834182E0
8.914161750E1,-1.201606393E0,-8.196910620E-1,-1.396845102E0
8.915164850E1,-9.587565660E-1,-1.108263612E0,-1.407208562E0
8.916167950E1,-7.627894878E-1,-1.436118245E0,-1.286575437E0
8.917170950E1,-7.525373101E-1,-1.743976355E0,-1.098374367E0
8.918174050E1,-7.820709944E-1,-1.891745806E0,-8.831520677E-1
8.919177050E1,-7.910434604E-1,-1.760873795E0,-7.155770063E-1
8.920180150E1,-8.681669831E-1,-1.753615379E0,-5.805441141E-1
8.921183250E1,-1.000492692E0,-1.771781564E0,-3.671167195E-1
8.922186250E1,-1.234156132E0,-1.578492761E0,5.563132465E-2
8.923189350E1,-1.474351883E0,-1.055273175E0,6.239119768E-1
8.924192350E1,-1.399631500E0,-5.684707761E-1,1.203494906E0
8.925195450E1,-8.414674401E-1,1.445696205E-1,1.671703339E0
8.926198550E1,2.321537137E-1,7.115038633E-1,1.983036160E0
8.927201550E1,1.186168313E0,9.627427459E-1,2.109734058E0
8.928204650E1,1.616225123E0,1.299328804E0,1.908751845E0
8.929207650E1,1.624061704E0,1.418856978E0,1.408567905E0
8.930210750E1,1.154521108E0,1.308031678E0,8.105803728E-1
8.931213850E1,3.442550898E-1,1.211195827E0,1.058692709E-1
8.932216850E1,-7.968686819E-1,1.593206286E0,-6.597416401E-1
8.933219950E1,-3.826241732E0,1.243577957E0,-1.802262902E0
8.934222950E1,-6.881341457E0,3.763341904E-1,-4.308652878E0
8.935226050E1,-5.410224915E0,3.360728502E0,-4.797726154E0
8.936229150E1,-1.018146396E0,3.989617825E0,-3.609603643E0
8.937232150E1,4.207178056E-1,1.464730501E0,-3.144089222E0
8.938235250E1,7.790485620E-1,4.833809137E-1,-1.787928224E0
8.939238350E1,1.100081801E0,4.127172828E-1,-1.300658703E0
8.940241350E1,4.859814048E-1,3.768226504E-1,-1.267847300E0
8.941244450E1,-9.563973546E-2,4.258160889E-1,-6.698814034E-1
8.942247550E1,-3.336123526E-1,4.931285381E-1,-8.701104671E-2
8.943250550E1,-4.076891243E-1,6.879549026E-1,2.487889081E-1
8.944253650E1,-1.457701772E-1,8.184870332E-2,6.115244627E-1
8.945256750E1,6.250464916E-1,-8.774767518E-1,9.605285525E-1
8.946259750E1,1.077618837E0,-1.273077607E0,1.111169100E0
8.947262850E1,1.187197924E0,-1.391330123E0,1.304951191E0
8.948265850E1,1.278912663E0,-1.672741890E0,1.558060408E0
8.949268950E1,1.196013451E0,-1.803334236E0,1.738000035E0
8.950272050E1,1.052803993E0,-1.804122090E0,1.844239712E0
8.951275050E1,8.815521002E-1,-1.678509116E0,1.833843589E0
8.952278150E1,7.423396111E-1,-1.617487788E0,1.717702389E0
8.953281250E1,6.917272806E-1,-1.519275427E0,1.574373603E0
8.954284250E1,7.029743195E-1,-1.517668724E0,1.393819809E0
8.955287350E1,7.435605526E-1,-1.624083400E0,1.188811660E0
8.956290450E1,8.516521454E-1,-2.095533371E0,8.270667195E-1
8.957293450E1,1.198237419E0,-2.760519028E0,3.389415741E-1
8.958296550E1,1.426212072E0,-3.099897623E0,-1.681179106E-1
8.959299550E1,1.106908441E0,-2.138263226E0,-7.354136109E-1
8.960302650E1,5.484390538E-3,6.239212751E-1,-1.108366609E0
8.961305750E1,-8.560925722E-1,1.837529898E0,-1.333943605E0
8.962308750E1,-1.076498985E0,9.661127329E-1,-1.373393059E0
8.963311850E1,-1.002538800E0,8.330833316E-1,-1.131619573E0
8.964314950E1,-5.767987370E-1,1.056322217E0,-8.226649165E-1
8.965317950E1,7.401814312E-2,1.628154993E0,-4.961258173E-1
8.966321050E1,7.552086711E-1,2.356130362E0,-1.466349214E-1
8.967324050E1,1.339008331E0,2.572439909E0,1.569571942E-1
8.968327150E1,4.269470215E0,5.068570375E-1,1.017475963E0
8.969330250E1,6.370821476E0,7.521838546E-1,2.539320469E0
8.970333250E1,3.228064060E0,4.063601971E0,2.329993010E0
8.971336350E1,1.697659254E0,3.198676586E0,2.211192369E0
8.972339450E1,2.039111108E-1,2.528379679E0,1.723880768E0
8.973342450E1,-8.487725258E-1,1.992326617E0,1.030689240E0
8.974345550E1,-5.211315751E-1,1.175582051E0,9.786013365E-1
8.975348550E1,-3.475080803E-2,5.123593211E-1,8.404453397E-1
8.976351650E1,6.318191886E-1,-5.564383268E-1,9.753645062E-1
8.977354750E1,6.550356150E-1,-1.902303815E0,9.065206051E-1
8.978357750E1,8.656339347E-2,-1.742445230E0,3.996068239E-1
8.979360850E1,-4.898424149E-1,-1.449900031E0,-1.879200041E-1
8.980363950E1,-7.967496514E-1,-1.247005701E0,-6.338908672E-1
8.981366950E1,-9.819718003E-1,-9.357241392E-1,-1.069204807E0
8.982370050E1,-1.174242973E0,-7.360302210E-1,-1.471522450E0
8.983373050E1,-1.247506142E0,-8.702979684E-1,-1.704675317E0
8.984376150E1,-1.061785579E0,-7.324143648E-1,-1.978043199E0
8.985379250E1,-8.611495495E-1,-7.977789044E-1,-2.013051033E0
8.986382250E1,-8.667379022E-1,-1.046148181E0,-1.847629189E0
8.987385350E1,-9.498950839E-1,-1.210337639E0,-1.552125692E0
8.988388450E1,-9.046024084E-1,-1.220277786E0,-1.199358821E0
8.989391450E1,-8.838211298E-1,-1.115843773E0,-8.631501198E-1
8.990394550E1,-9.366281033E-1,-1.211870193E0,-5.422908664E-1
8.991397550E1,-1.111206412E0,-1.402787924E0,-1.216759235E-1
8.992400650E1,-1.492081046E0,-1.095052481E0,5.531099439E-1
8.993403750E1,-1.671565294E0,-4.004508853E-1,1.331294656E0
8.994406750E1,-1.275521278E0,1.619181782E-1,1.906093478E0
8.995409850E1,-3.845233917E-1,7.538218498E-1,2.093086481E0
8.996412850E1,6.101118922E-1,1.405288339E0,2.080264568E0
8.997415950E1,1.246170759E0,1.436651111E0,1.980592132E0
8.998419050E1,1.626299977E0,1.254055142E0,1.726276755E0
8.999422050E1,1.497534633E0,1.177209973E0,1.208479047E0
9.000425150E1,8.396744132E-1,8.777921796E-1,5.717350841E-1
9.001428150E1,-1.125892922E-1,8.874308467E-1,-1.717575788E-1
9.002431250E1,-1.405487299E0,8.730164766E-1,-1.073969007E0
9.003434350E1,-4.105875492E0,-2.398207411E-2,-2.270600796E0
9.004437350E1,-5.974578381E0,2.344846278E-1,-4.247697353E0
9.005440450E1,-4.200255871E0,3.609687805E0,-4.092797279E0
9.006443550E1,-6.796800494E-1,3.517992973E0,-3.476024389E0
9.007446550E1,2.832757533E-1,1.292478442E0,-2.970247507E0
9.008449650E1,6.613801718E-1,4.424515665E-1,-1.701406837E0
9.009452750E1,9.721210599E-1,-3.995821252E-2,-1.129020095E0
9.010455400E1,2.205261290E-1,-2.780706286E-1,-7.142720819E-1
9.011458500E1,-5.973842740E-1,-1.393046081E-1,-4.883287475E-4
9.012461500E1,-8.751804829E-1,-1.671357155E-1,5.077869296E-1
9.013464600E1,-1.071612120E0,-3.348634541E-1,8.843231797E-1
9.014467700E1,-5.199690461E-1,-6.694616675E-1,1.074087262E0
9.015470700E1,4.669454098E-1,-1.090702415E0,1.202679276E0
9.016473800E1,1.042987943E0,-1.255575776E0,1.171988726E0
9.017476900E1,1.229857087E0,-1.436078310E0,1.291294456E0
9.018479900E1,1.271261811E0,-1.447228909E0,1.486047983E0
9.019483000E1,1.238061547E0,-1.568462729E0,1.616958499E0
9.020486100E1,1.065327048E0,-1.471331358E0,1.671478510E0
9.021489100E1,9.683571458E-1,-1.370549679E0,1.582106233E0
9.022492200E1,8.665620685E-1,-1.442479849E0,1.379975796E0
9.023495300E1,7.463710904E-1,-1.556743026E0,1.159873247E0
9.024498300E1,6.975478530E-1,-1.484597445E0,9.536697865E-1
9.025501400E1,7.132487297E-1,-1.644257545E0,6.996269226E-1
9.026504400E1,8.759050369E-1,-2.145714998E0,2.339585572E-1
9.027507500E1,1.128134847E0,-2.660815001E0,-3.729214966E-1
9.028510600E1,1.118008971E0,-2.853128910E0,-1.088900089E0
9.029513600E1,6.789011955E-1,-1.791432619E0,-1.816726089E0
9.030516700E1,-2.214554846E-1,5.393923521E-1,-2.217490673E0
9.031519800E1,-9.619835615E-1,1.819660902E0,-2.249217033E0
9.032522800E1,-1.142929316E0,1.316875577E0,-1.884338617E0
9.033525900E1,-8.853155375E-1,1.350757122E0,-1.325612783E0
9.034528900E1,-3.706090152E-1,1.725095034E0,-8.709331155E-1
9.035532000E1,3.044074588E-2,1.981964350E0,-3.535007238E-1
9.036535100E1,4.771831036E-1,2.139804602E0,1.302880645E-1
9.037538100E1,8.930715919E-1,2.340989113E0,4.945998788E-1
9.038541200E1,2.961289167E0,1.004050612E0,1.170328617E0
9.039544300E1,7.184216499E0,-8.549368978E-1,3.240120173E0
9.040547300E1,3.324364901E0,4.034139633E0,2.612549305E0
9.041550400E1,1.859335065E0,3.548293352E0,2.301842213E0
9.042553500E1,5.681575537E-1,2.275785685E0,1.630106807E0
9.043556500E1,-4.541464448E-1,1.713453293E0,7.999572158E-1
9.044559600E1,-4.077776074E-1,1.165608287E0,3.195746243E-1
9.045562600E1,-3.396337628E-1,1.223281622E0,1.347724050E-1
9.046565700E1,4.818070829E-1,3.935919106E-1,5.226663351E-1
9.047568800E1,8.551723361E-1,-1.099169016E0,5.919759274E-1
9.048571800E1,4.365196824E-1,-1.597222447E0,5.960865021E-1
9.049574900E1,-1.942020804E-1,-1.389785886E0,3.482529819E-1
9.050578000E1,-3.328398466E-1,-1.013851404E0,-1.095763221E-2
9.051581000E1,-5.267562270E-1,-6.552091241E-1,-4.096368849E-1
9.052584100E1,-8.276199698E-1,-4.026823044E-1,-9.167536497E-1
9.053587100E1,-9.418737292E-1,-6.725956798E-1,-1.331990004E0
9.054590200E1,-9.024128914E-1,-1.059123993E0,-1.681498528E0
9.055593300E1,-7.334197760E-1,-1.318765283E0,-1.817827940E0
9.056596300E1,-6.078634858E-1,-1.502813220E0,-1.754004478E0
9.057599400E1,-6.390971541E-1,-1.690307379E0,-1.522310257E0
9.058602500E1,-6.551741362E-1,-1.722783089E0,-1.215635538E0
9.059605500E1,-7.173076868E-1,-1.710468888E0,-9.274048209E-1
9.060608600E1,-8.805360198E-1,-1.716727853E0,-6.805529594E-1
9.061611600E1,-1.142645478E0,-1.665954351E0,-3.605155349E-1
9.062614700E1,-1.506534457E0,-1.301934600E0,1.029636860E-1
9.063617800E1,-1.802209139E0,-6.112090349E-1,6.982135177E-1
9.064620800E1,-1.727018237E0,1.464289129E-1,1.320840836E0
9.065623900E1,-1.082141399E0,5.685539246E-1,1.773719192E0
9.066626900E1,-1.765710562E-1,9.320594668E-1,1.986406922E0
9.067630000E1,6.033985615E-1,1.197939515E0,1.916165709E0
9.068633100E1,1.005899191E0,1.330861926E0,1.754525661E0
9.069636100E1,1.057631016E0,1.366637468E0,1.464795232E0
9.070639200E1,8.710315824E-1,1.275893450E0,1.081384778E0
9.071642200E1,1.852172911E-1,1.167703629E0,5.208532214E-1
9.072645300E1,-9.281502366E-1,1.206385493E0,-2.473843247E-1
9.073648400E1,-3.261855125E0,4.516767859E-1,-1.345024824E0
9.074651400E1,-5.621178150E0,1.559348553E-1,-3.482959747E0
9.075654500E1,-4.547338963E0,3.215045929E0,-4.392744541E0
9.076657600E1,-1.656765223E0,3.687547207E0,-3.443131208E0
9.077660600E1,3.091171384E-1,1.830931425E0,-2.778543234E0
9.078663700E1,6.015721560E-1,1.589815974E0,-1.525906563E0
9.079666800E1,1.244576097E0,1.091073751E0,-1.022447228E0
9.080669800E1,6.980014443E-1,5.785889626E-1,-1.056029677E0
9.081672900E1,2.143548988E-2,7.222099304E-1,-6.387993693E-1
9.082675900E1,-2.001797259E-1,6.666302681E-1,-2.141556740E-1
9.083679000E1,-4.623827338E-1,9.824923873E-1,2.388237566E-1
9.084682100E1,-2.185890079E-1,3.819272220E-1,5.995137691E-1
9.085685100E1,4.539698660E-1,-5.696209073E-1,8.238785267E-1
9.086688200E1,9.626871347E-1,-1.181916475E0,1.047580004E0
9.087691300E1,1.238471985E0,-1.100569129E0,1.309614778E0
9.088694300E1,1.255749702E0,-1.152521014E0,1.619846940E0
9.089697400E1,1.145705342E0,-1.209042907E0,1.740413070E0
9.090700500E1,8.604832292E-1,-1.276845932E0,1.729253650E0
9.091703500E1,6.160739064E-1,-1.435945272E0,1.498513699E0
9.092706600E1,4.951903522E-1,-1.557631016E0,1.209018826E0
9.093709700E1,4.863611162E-1,-1.579603672E0,9.687147737E-1
9.094712700E1,5.204913616E-1,-1.578783631E0,8.559808135E-1
9.095715800E1,5.724748373E-1,-1.690204382E0,8.089643121E-1
9.096718800E1,7.421354651E-1,-2.153745174E0,7.503800392E-1
9.097721900E1,1.057971358E0,-2.680428982E0,5.452834368E-1
9.098725000E1,1.395840764E0,-3.052386522E0,2.206600755E-1
9.099728000E1,1.583813071E0,-2.711701870E0,-2.239613533E-1
9.100731100E1,1.141179681E0,-7.224364877E-1,-6.524142027E-1
9.101734200E1,2.350724339E-1,1.243012547E0,-9.497426748E-1
9.102737200E1,-1.765710413E-1,1.175121307E0,-1.090713382E0
9.103740300E1,-3.482069075E-1,3.762989938E-1,-8.117603064E-1
9.104743300E1,-1.755941361E-1,5.662758946E-1,-5.459960103E-1
9.105746400E1,1.749481261E-1,1.333724856E0,-4.374576509E-1
9.106749500E1,5.083990693E-1,2.243792057E0,-5.178736448E-1
9.107752500E1,8.197283149E-1,2.557401180E0,-1.908874512E-1
9.108755600E1,1.448789477E0,2.497575521E0,1.801889203E-2
9.109758700E1,5.783012867E0,-1.082816482E0,1.571738243E0
9.110761738E1,4.379971504E0,3.177812576E0,2.160317421E0
9.111764838E1,2.243748188E0,3.818853617E0,1.781322122E0
9.112767938E1,4.266355038E-1,3.784815073E0,1.447044730E0
9.113770938E1,-1.006320000E0,3.926382065E0,9.190852046E-1
9.114774038E1,-1.212554693E0,2.881693363E0,2.307707220E-1
9.115777038E1,-7.054386139E-1,2.140953064E0,7.114396095E-1
9.116780137E1,1.915453561E-2,9.863469005E-2,1.174973488E0
9.117783238E1,1.404007226E-1,-1.441282630E0,1.084753394E0
9.118786238E1,-1.521661729E-1,-1.941092968E0,7.164770961E-1
9.119789337E1,-5.398000479E-1,-2.089288950E0,2.008025944E-1
9.120792438E1,-7.903121114E-1,-1.766852856E0,-4.990817308E-1
9.121795438E1,-9.674530625E-1,-1.412332773E0,-1.057462215E0
9.122798538E1,-1.073529363E0,-1.238564610E0,-1.492544174E0
9.123801538E1,-1.159684062E0,-9.549348354E-1,-1.872508168E0
9.124804638E1,-1.076416850E0,-8.839554787E-1,-2.078000069E0
9.125807738E1,-8.503155708E-1,-9.297513366E-1,-2.065513134E0
9.126810737E1,-6.987462640E-1,-1.121517062E0,-1.826055884E0
9.127813838E1,-8.042145967E-1,-1.407291889E0,-1.471859455E0
9.128816938E1,-9.503925443E-1,-1.452286601E0,-1.117088079E0
9.129819937E1,-9.941823483E-1,-1.284355879E0,-7.893040180E-1
9.130823038E1,-9.779546261E-1,-1.311499834E0,-4.674407244E-1
9.131826038E1,-9.840925336E-1,-1.449152708E0,-1.162973344E-1
9.132829138E1,-1.165085435E0,-1.356987596E0,3.303797543E-1
9.133832237E1,-1.458498955E0,-7.372482419E-1,9.355673194E-1
9.134835238E1,-1.322018027E0,-2.185611054E-2,1.429444432E0
9.135838338E1,-7.550274730E-1,6.630268693E-1,1.721221209E0
9.136841337E1,1.189114749E-1,8.877723813E-1,1.913501143E0
9.137844438E1,1.008070827E0,9.729492068E-1,1.973859906E0
9.138847538E1,1.414503813E0,1.045643449E0,1.662265539E0
9.139850538E1,1.368572593E0,8.893609047E-1,1.295705318E0
9.140853638E1,1.014428616E0,7.741656303E-1,7.526561618E-1
9.141856738E1,2.152049989E-1,9.508638978E-1,6.069719046E-2
9.142859738E1,-1.218286633E0,1.084484100E0,-8.896347880E-1
9.143862837E1,-4.433564663E0,-1.935167238E-2,-2.250056505E0
9.144865838E1,-5.822138309E0,4.322719574E-1,-4.340129375E0
9.145868938E1,-3.897826195E0,3.803083897E0,-4.064552784E0
9.146872037E1,-6.975039840E-1,3.359392643E0,-3.588552952E0
9.147875038E1,3.297221065E-1,2.058874607E0,-2.953180552E0
9.148878138E1,7.850248814E-1,1.120452285E0,-1.797863483E0
9.149881238E1,1.116335273E0,4.511361420E-1,-1.278221846E0
9.150884237E1,3.461120129E-1,6.544198096E-2,-1.079571009E0
9.151887338E1,-4.165546000E-1,5.539180636E-1,-5.212010145E-1
9.152890338E1,-7.039504051E-1,4.051472247E-1,-7.114572078E-2
9.153893437E1,-8.398207426E-1,5.887804031E-1,4.673198760E-1
9.154896538E1,-3.760914505E-1,-8.032688871E-3,8.149409890E-1
9.155899538E1,3.666760623E-1,-8.043841720E-1,1.014794469E0
9.156902638E1,1.025760293E0,-1.042137623E0,9.945800304E-1
9.157905738E1,1.246883869E0,-1.257745624E0,1.123140454E0
9.158908738E1,1.291300058E0,-1.362704515E0,1.281569242E0
9.159911838E1,1.186084270E0,-1.537284136E0,1.433216095E0
9.160914937E1,9.818791151E-1,-1.633818150E0,1.447992682E0
9.161917938E1,7.470174432E-1,-1.731490731E0,1.360892296E0
9.162921038E1,5.897932053E-1,-1.864512086E0,1.264319897E0
9.163924137E1,5.805059671E-1,-1.899421811E0,1.216050863E0
9.164927138E1,5.091111064E-1,-1.745053291E0,1.206023812E0
9.165930238E1,4.071415067E-1,-1.754795909E0,1.172827125E0
9.166933338E1,3.952933550E-1,-2.006309032E0,9.869081974E-1
9.167936337E1,6.230891347E-1,-2.434903860E0,6.536944509E-1
9.168939438E1,9.182478189E-1,-2.641116619E0,1.684170067E-1
9.169942438E1,9.195844531E-1,-2.084800482E0,-3.942968547E-1
9.170945537E1,2.954223454E-1,-6.384848803E-2,-7.946000695E-1
9.171948638E1,-5.788545609E-1,1.235518336E0,-9.706004858E-1
9.172951638E1,-8.611219525E-1,6.895848513E-1,-1.050510526E0
9.173954738E1,-8.456594944E-1,3.831102550E-1,-8.330137134E-1
9.174957838E1,-6.379611492E-1,7.046586871E-1,-6.318187714E-1
9.175960838E1,-2.449608147E-1,1.587348700E0,-5.129749179E-1
9.176963938E1,2.373733371E-1,2.081526518E0,-1.976656467E-1
9.177966937E1,9.308493137E-1,2.539473295E0,-7.035304606E-2
9.178970038E1,4.071401596E0,5.389419794E-1,7.231520414E-1
9.179973138E1,6.135186672E0,7.554848790E-1,2.211711407E0
9.180976137E1,2.870009899E0,3.681884527E0,1.812473536E0
9.181979238E1,1.475650787E0,3.012501717E0,1.737077236E0
9.182982338E1,4.113343954E-1,2.325790882E0,1.493939042E0
9.183985338E1,-5.579081178E-1,2.137977839E0,8.374022245E-1
9.184988437E1,-2.920652628E-1,1.903654575E0,3.512756824E-1
9.185991538E1,1.786304414E-1,1.077316880E0,8.638691306E-1
9.186994538E1,6.659913063E-1,-1.489704251E-1,1.104013920E0
9.187997637E1,7.707565427E-1,-1.359204292E0,8.310593367E-1
9.189000638E1,4.408003762E-2,-1.673148274E0,3.859756291E-1
9.190003738E1,-6.373809576E-1,-2.052152872E0,-1.205169596E-2
9.191006838E1,-1.041044116E0,-1.703394413E0,-5.111789703E-1
9.192009838E1,-1.331416368E0,-1.138086438E0,-9.419570565E-1
9.193012938E1,-1.447855592E0,-8.820858002E-1,-1.216697931E0
9.194016038E1,-1.428764701E0,-9.200426936E-1,-1.378577471E0
9.195019037E1,-1.284040809E0,-9.555620551E-1,-1.462560415E0
9.196022138E1,-1.053970575E0,-1.064302683E0,-1.473330259E0
9.197025138E1,-8.900599480E-1,-1.262098312E0,-1.351479530E0
9.198028237E1,-8.750510812E-1,-1.464767694E0,-1.177902222E0
9.199031338E1,-8.775014281E-1,-1.523441672E0,-9.941470027E-1
9.200034338E1,-8.925259113E-1,-1.443306804E0,-8.022382855E-1
9.201037438E1,-9.771651626E-1,-1.465677977E0,-5.895425081E-1
9.202040537E1,-1.154716730E0,-1.555740476E0,-2.834653854E-1
9.203043538E1,-1.423593402E0,-1.409150481E0,1.783805639E-1
9.204046638E1,-1.572067499E0,-1.018449426E0,7.756155729E-1
9.205049637E1,-1.382575035E0,-2.584645152E-1,1.369122148E0
9.206052738E1,-7.192843556E-1,6.881077290E-1,1.785217404E0
9.207055838E1,3.339077532E-1,1.234295726E0,2.069834709E0
9.208058837E1,1.226476073E0,1.323385000E0,2.145440340E0
9.209061938E1,1.624176025E0,1.282709718E0,1.841465831E0
9.210064938E1,1.538256288E0,1.223950863E0,1.391075969E0
9.211068350E1,1.018862963E0,1.079919457E0,7.999884486E-1
9.212071450E1,-6.789775938E-2,8.825655580E-1,6.478457153E-2
9.213074450E1,-1.967352867E0,6.817381978E-1,-9.696574807E-1
9.214077550E1,-5.065653801E0,2.820427120E-1,-2.569856882E0
9.215080550E1,-5.611083031E0,1.382338643E0,-4.433726311E0
9.216083650E1,-3.282432795E0,3.663301468E0,-4.137599945E0
9.217086750E1,5.634143017E-4,3.140526056E0,-3.566269159E0
9.218089750E1,5.065801144E-1,1.161070824E0,-2.473750114E0
9.219092850E1,9.863488674E-1,1.300811648E0,-1.728560805E0
9.220095950E1,1.105195403E0,5.394243598E-1,-1.545734525E0
9.221098950E1,4.376700521E-1,6.973947883E-1,-1.209565282E0
9.222102050E1,2.074420750E-1,6.504870653E-1,-7.221319079E-1
9.223105150E1,-1.165525019E-1,7.189604044E-1,-2.162842005E-1
9.224108150E1,-3.397828043E-1,6.486076713E-1,2.025576234E-1
9.225111250E1,1.723422706E-1,-2.679397464E-1,5.063135028E-1
9.226114350E1,7.041819096E-1,-1.187234282E0,6.910195947E-1
9.227117350E1,9.394444823E-1,-1.246584415E0,8.306469917E-1
9.228120450E1,1.133478045E0,-1.203734040E0,1.031401753E0
9.229123450E1,1.169247270E0,-1.159691453E0,1.296242714E0
9.230126550E1,1.018739700E0,-1.312901020E0,1.445430398E0
9.231129650E1,7.581925392E-1,-1.588057995E0,1.485338688E0
9.232132650E1,5.591797233E-1,-1.822620034E0,1.461117864E0
9.233135750E1,5.066248775E-1,-2.008088589E0,1.427746058E0
9.234138850E1,5.169690251E-1,-1.947298884E0,1.424088717E0
9.235141850E1,5.008547902E-1,-1.859220862E0,1.381899238E0
9.236144950E1,5.277962685E-1,-1.940510392E0,1.276694894E0
9.237148050E1,6.948934197E-1,-2.139843702E0,9.979720712E-1
9.238151050E1,1.063011765E0,-2.364442825E0,5.459170938E-1
9.239154150E1,1.187894344E0,-2.238655329E0,7.450301200E-2
9.240157250E1,8.489785194E-1,-1.360071421E0,-3.764978945E-1
9.241160250E1,1.485280246E-1,3.076317608E-1,-6.538274884E-1
9.242163350E1,-3.211333454E-1,9.534083009E-1,-7.494199872E-1
9.243166350E1,-3.439116478E-1,4.379878938E-1,-6.671243310E-1
9.244169450E1,-1.482865959E-1,8.466961384E-1,-5.556424260E-1
9.245172550E1,2.022871375E-1,1.582964301E0,-5.162004828E-1
9.246175550E1,5.896593332E-1,2.361078262E0,-3.936896920E-1
9.247178650E1,1.288644075E0,3.403906345E0,-2.629726827E-1
9.248181750E1,4.671906471E0,1.520587206E0,8.595113754E-1
9.249184750E1,5.299363136E0,1.878844142E0,2.014691114E0
9.250187850E1,3.194809914E0,3.453773260E0,1.906302214E0
9.251190850E1,1.426388383E0,3.254868984E0,1.671388984E0
9.252193950E1,1.396537721E-1,2.763302803E0,1.240234375E0
9.253197050E1,-6.636791825E-1,3.197722435E0,6.421709657E-1
9.254200050E1,-2.543809712E-1,3.279403925E0,4.947755933E-1
9.255203150E1,9.295933247E-1,2.088171244E0,8.551191092E-1
9.256206250E1,1.598085880E0,-7.575349510E-2,1.163370132E0
9.257209250E1,1.381493211E0,-1.594122529E0,8.701090217E-1
9.258212350E1,4.746029675E-1,-2.091816187E0,4.474936426E-1
9.259215450E1,-1.399065256E-1,-2.441239595E0,-1.897207275E-2
9.260218450E1,-5.820066929E-1,-2.179758072E0,-4.302504063E-1
9.261221550E1,-8.461169004E-1,-1.741526127E0,-7.044345737E-1
9.262224550E1,-9.210851789E-1,-1.449696541E0,-1.022888064E0
9.263227650E1,-8.512238264E-1,-1.168513298E0,-1.350455880E0
9.264230750E1,-7.708101869E-1,-1.012070656E0,-1.634808779E0
9.265233750E1,-7.263476253E-1,-1.016652584E0,-1.703279734E0
9.266236850E1,-8.124728799E-1,-1.202075243E0,-1.610587120E0
9.267239950E1,-1.000407100E0,-1.399554253E0,-1.374811411E0
9.268242950E1,-1.043630600E0,-1.347300768E0,-1.117971897E0
9.269246050E1,-1.094477177E0,-1.225794077E0,-8.623683453E-1
9.270249050E1,-1.187271595E0,-1.335798860E0,-6.415433288E-1
9.271252150E1,-1.416705608E0,-1.498785615E0,-3.101070523E-1
9.272255250E1,-1.890050173E0,-1.052052498E0,2.611696720E-1
9.273258250E1,-2.045415878E0,-4.017058909E-1,9.930776954E-1
9.274261350E1,-1.599699736E0,5.146360993E-1,1.524333358E0
9.275264350E1,-7.375186682E-1,1.136943340E0,1.750048280E0
9.276267450E1,2.107311934E-1,1.196712732E0,1.804045796E0
9.277270550E1,8.513638973E-1,1.213113546E0,1.787864208E0
9.278273550E1,1.293966651E0,1.212427974E0,1.581479669E0
9.279276650E1,1.216241717E0,1.124528527E0,1.294217587E0
9.280279650E1,4.960677922E-1,9.982822537E-1,7.298146486E-1
9.281282750E1,-9.802544713E-1,8.003510237E-1,-1.728725731E-1
9.282285850E1,-3.265767813E0,-1.571210772E-1,-1.360834599E0
9.283288850E1,-5.133755207E0,-7.045675069E-2,-3.203697205E0
9.284291950E1,-4.275521755E0,2.716462374E0,-3.947117567E0
9.285295050E1,-1.503758192E0,3.551698923E0,-3.545844316E0
9.286298050E1,2.793090641E-1,2.261984825E0,-3.053837061E0
9.287301150E1,6.040716767E-1,1.316743612E0,-1.919287086E0
9.288304150E1,1.015546560E0,8.179917336E-1,-1.477129340E0
9.289307250E1,6.967878342E-1,3.242435753E-1,-1.121586323E0
9.290310350E1,1.623212397E-1,3.873702586E-1,-5.437204242E-1
9.291313350E1,2.410940826E-3,-3.645985574E-2,-6.458520889E-2
9.292316450E1,-3.817077577E-1,-1.037014052E-1,3.789034486E-1
9.293319550E1,-2.596470714E-1,-5.387881398E-1,6.307613254E-1
9.294322550E1,2.532670200E-1,-1.045453906E0,8.598924279E-1
9.295325650E1,6.502532363E-1,-1.002827883E0,1.058375359E0
9.296328750E1,9.289143682E-1,-8.668446541E-1,1.177030921E0
9.297331750E1,1.110209823E0,-8.288781047E-1,1.334047675E0
9.298334850E1,1.102022648E0,-1.076563835E0,1.445454478E0
9.299337950E1,9.438897967E-1,-1.351113439E0,1.458442688E0
9.300340950E1,6.930060983E-1,-1.670963526E0,1.414721489E0
9.301344050E1,4.418654144E-1,-1.853188992E0,1.348686337E0
9.302347150E1,4.473797381E-1,-1.775008798E0,1.346407413E0
9.303350150E1,4.251548648E-1,-1.534503222E0,1.317778707E0
9.304353250E1,2.627579868E-1,-1.593867660E0,1.177031159E0
9.305356250E1,2.997224033E-1,-1.909094095E0,8.557460308E-1
9.306359350E1,5.705964565E-1,-2.341252089E0,3.688600957E-1
9.307362450E1,7.695854902E-1,-2.592524052E0,-1.981327236E-1
9.308365450E1,5.571199656E-1,-1.837513089E0,-6.911371946E-1
9.309368550E1,-1.792419255E-1,1.260204315E-1,-1.003356934E0
9.310371650E1,-8.685050607E-1,9.670833349E-1,-1.215784669E0
9.311374313E1,-9.991429448E-1,5.656477809E-1,-1.143059015E0
9.312377413E1,-8.938705325E-1,6.038265228E-1,-9.307579398E-1
9.313380413E1,-5.813429952E-1,1.056862593E0,-6.663116217E-1
9.314383513E1,-8.140046895E-2,1.731272936E0,-3.707331121E-1
9.315386613E1,3.158512712E-1,2.601715326E0,-1.727720946E-1
9.316389612E1,9.283978939E-1,3.188699007E0,-8.976323158E-2
9.317392713E1,4.203577042E0,1.869965315E0,8.489983678E-1
9.318395813E1,6.027606010E0,1.248602748E0,2.465239048E0
9.319398813E1,3.119044781E0,3.543976068E0,2.196736813E0
9.320401913E1,1.353392839E0,3.349791765E0,2.109581709E0
9.321405013E1,2.514763772E-1,2.732299566E0,1.562573552E0
9.322408013E1,-8.175094724E-1,2.754889488E0,5.244477987E-1
9.323411112E1,-7.425718904E-1,2.191522598E0,1.314776242E-1
9.324414113E1,-2.289582491E-1,1.384025693E0,5.407724977E-1
9.325417213E1,8.591587543E-1,-5.150544643E-1,1.129474998E0
9.326420312E1,9.479879141E-1,-1.743662477E0,1.018564701E0
9.327423313E1,2.121471614E-1,-2.124860048E0,6.638702154E-1
9.328426413E1,-5.630602241E-1,-1.973101139E0,1.467637122E-1
9.329429513E1,-8.550611734E-1,-1.481849909E0,-4.152082801E-1
9.330432513E1,-9.943968654E-1,-1.132458925E0,-8.074829578E-1
9.331435613E1,-9.934245348E-1,-9.538041353E-1,-1.150780082E0
9.332438713E1,-1.069520235E0,-9.531413317E-1,-1.471862555E0
9.333441712E1,-1.024199605E0,-1.119903088E0,-1.597669721E0
9.334444813E1,-8.798035383E-1,-1.342106581E0,-1.482764482E0
9.335447813E1,-8.204451203E-1,-1.468357205E0,-1.292978883E0
9.336450913E1,-8.277620673E-1,-1.631339908E0,-1.061987758E0
9.337454013E1,-8.313168287E-1,-1.511417508E0,-8.186179996E-1
9.338457013E1,-8.616883755E-1,-1.378471971E0,-6.127796769E-1
9.339460113E1,-9.752295613E-1,-1.444033861E0,-4.030213952E-1
9.340463112E1,-1.211270809E0,-1.401490331E0,-7.983040065E-2
9.341466213E1,-1.568005443E0,-9.802586436E-1,4.298962355E-1
9.342469313E1,-1.527158499E0,-4.047270715E-1,1.001259446E0
9.343472312E1,-9.932988286E-1,3.723396659E-1,1.460296512E0
9.344475413E1,-7.726103067E-2,1.119764447E0,1.758464217E0
9.345478413E1,8.681334257E-1,1.354572892E0,1.882359266E0
9.346481513E1,1.477167010E0,1.359226584E0,1.709870100E0
9.347484613E1,1.680267930E0,1.082953453E0,1.384457707E0
9.348487613E1,1.426269531E0,9.061039686E-1,9.329637885E-1
9.349490713E1,5.782727003E-1,7.022493482E-1,2.409328818E-1
9.350493812E1,-8.490654826E-1,7.059863806E-1,-6.126816273E-1
9.351496813E1,-3.386304140E0,2.615513802E-1,-1.754063487E0
9.352499913E1,-5.648535728E0,5.207002759E-1,-3.642083168E0
9.353502912E1,-4.462886810E0,2.803263903E0,-4.196356297E0
9.354506013E1,-1.372832179E0,3.716040134E0,-3.898814440E0
9.355509113E1,3.617709577E-1,1.943043232E0,-3.314850092E0
9.356512113E1,4.778168201E-1,8.360110521E-1,-2.175459862E0
9.357515212E1,7.631881237E-1,8.217639327E-1,-1.664495826E0
9.358518313E1,3.475134671E-1,2.623642087E-1,-1.465722799E0
9.359521313E1,-2.398163378E-1,5.202934742E-1,-8.116171360E-1
9.360524412E1,-4.419419765E-1,2.455653548E-1,-1.499522328E-1
9.361527513E1,-7.043232918E-1,3.196486533E-1,4.620682597E-1
9.362530513E1,-5.325901508E-1,-2.660902143E-1,8.082339764E-1
9.363533613E1,3.824910149E-2,-1.127561808E0,9.451348186E-1
9.364536613E1,4.193290472E-1,-1.338625550E0,9.571299553E-1
9.365539713E1,5.681534410E-1,-1.261136889E0,1.009797812E0
9.366542813E1,6.104581952E-1,-1.235947609E0,1.149702430E0
9.367545812E1,5.692239404E-1,-1.339281440E0,1.290532708E0
9.368548913E1,3.898956776E-1,-1.341925144E0,1.374779582E0
9.369552013E1,2.744082212E-1,-1.421260238E0,1.344952941E0
9.370555012E1,2.385821939E-1,-1.548258424E0,1.306559443E0
9.371558113E1,2.965112627E-1,-1.575357437E0,1.294333577E0
9.372561213E1,4.789907932E-1,-1.441429138E0,1.285970092E0
9.373564213E1,5.631647706E-1,-1.272766113E0,1.213731647E0
9.374567312E1,6.613926291E-1,-1.541692019E0,1.085813165E0
9.375570413E1,8.916234374E-1,-2.073840141E0,8.225970268E-1
9.376573413E1,1.204078078E0,-2.519483328E0,3.836164474E-1
9.377576512E1,1.402817011E0,-2.109684467E0,-1.901882142E-1
9.378579513E1,8.806314468E-1,-1.801498793E-2,-6.538512707E-1
9.379582613E1,1.010134220E-1,1.184669852E0,-8.874778748E-1
9.380585713E1,-3.127741814E-1,5.187287331E-1,-8.698115349E-1
9.381588713E1,-4.079286754E-1,1.600523144E-1,-7.188532352E-1
9.382591813E1,-1.742882431E-1,6.389029622E-1,-5.988097787E-1
9.383594913E1,2.064779997E-1,1.426257491E0,-5.978816748E-1
9.384597912E1,4.674330354E-1,2.226580381E0,-5.373823643E-1
9.385601013E1,7.558051348E-1,2.648883820E0,-3.538876772E-1
9.386604013E1,2.026857138E0,2.221405983E0,7.568188012E-2
9.387607112E1,6.626444817E0,-6.876090765E-1,1.912314892E0
9.388610213E1,4.079394817E0,3.623283625E0,2.027511835E0
9.389613213E1,1.970432401E0,3.887470007E0,1.826488376E0
9.390616313E1,5.187449455E-1,3.496076822E0,1.567246437E0
9.391619412E1,-4.823053777E-1,3.117332458E0,9.961535931E-1
9.392622413E1,-5.999229550E-1,2.281898260E0,7.664454579E-1
9.393625513E1,-1.579966694E-1,1.417182922E0,9.755150676E-1
9.394628612E1,4.352625906E-1,2.536981739E-2,1.242162585E0
9.395631613E1,6.345319748E-1,-1.430001616E0,1.028109193E0
9.396634713E1,3.079902828E-1,-1.877866387E0,5.250285864E-1
9.397637712E1,-3.098372519E-1,-1.914026737E0,-6.298727542E-2
9.398640813E1,-6.458283663E-1,-1.738755941E0,-5.687899590E-1
9.399643913E1,-8.862034678E-1,-1.325487852E0,-8.905235529E-1
9.400646913E1,-9.975414872E-1,-9.052857161E-1,-1.225870013E0
9.401650012E1,-1.138348341E0,-9.435239434E-1,-1.606686234E0
9.402653113E1,-1.162868142E0,-1.042947292E0,-1.877082705E0
9.403656113E1,-9.885908961E-1,-1.123982191E0,-1.907243013E0
9.404659212E1,-8.770776391E-1,-1.297588229E0,-1.705627322E0
9.405662213E1,-9.225401878E-1,-1.707212448E0,-1.400602460E0
9.406665313E1,-1.015936136E0,-1.880772948E0,-1.060382962E0
9.407668413E1,-1.104646087E0,-1.837440014E0,-7.526776195E-1
9.408671413E1,-1.160432458E0,-1.773679256E0,-4.851417243E-1
9.409674513E1,-1.342457414E0,-1.744158626E0,-2.248153239E-1
9.410677587E1,-1.784236193E0,-1.115446806E0,1.787956357E-1
9.411680588E1,-1.940587521E0,-3.370144665E-1,7.520657778E-1
9.412683688E1,-1.528550148E0,3.124718070E-1,1.352522492E0
9.413686688E1,-5.556889176E-1,7.983138561E-1,1.785788417E0
9.414689788E1,5.200293064E-1,1.234647989E0,2.030580521E0
9.415692888E1,1.326383829E0,1.313680172E0,2.099072695E0
9.416695888E1,1.731559277E0,1.293704748E0,1.758311749E0
9.417698987E1,1.639621973E0,1.088444710E0,1.287751794E0
9.418701988E1,1.075823188E0,7.852465510E-1,8.280203938E-1
9.419705088E1,1.083845943E-1,7.571318746E-1,1.378557831E-1
9.420708187E1,-1.665504217E0,5.509651303E-1,-8.467972875E-1
9.421711188E1,-5.027560711E0,-4.703161120E-1,-2.501617908E0
9.422714288E1,-5.854510784E0,1.278967023E0,-4.431841373E0
9.423717288E1,-3.334519386E0,3.789428473E0,-4.068106174E0
9.424720387E1,-1.255321950E-1,2.771857738E0,-3.447813272E0
9.425723488E1,4.729948640E-1,1.153243661E0,-2.907221079E0
9.426726488E1,7.178975344E-1,9.286791682E-1,-1.693127275E0
9.427729587E1,8.640576601E-1,3.914958835E-1,-1.320129752E0
9.428732688E1,2.765995860E-1,2.006302923E-1,-8.330691457E-1
9.429735688E1,-3.469223529E-2,5.312236547E-1,-2.577376664E-1
9.430738788E1,-5.772591569E-3,4.555947781E-1,2.360382974E-1
9.431741888E1,1.214477234E-3,6.062255502E-1,6.449679732E-1
9.432744888E1,3.754880130E-1,-1.076855958E-1,9.375413060E-1
9.433747988E1,1.033797741E0,-8.234575391E-1,1.100498796E0
9.434751087E1,1.349640727E0,-1.037262440E0,1.096453667E0
9.435754088E1,1.440454721E0,-9.217262864E-1,1.218942881E0
9.436757188E1,1.420425415E0,-1.034225821E0,1.435647845E0
9.437760187E1,1.235141397E0,-1.379534483E0,1.565416813E0
9.438763288E1,1.045496702E0,-1.654837251E0,1.631243229E0
9.439766388E1,1.021879792E0,-1.938698173E0,1.565047979E0
9.440769388E1,9.689038396E-1,-2.190202236E0,1.518290877E0
9.441772487E1,8.957667947E-1,-2.159271479E0,1.490040302E0
9.442775588E1,7.312282324E-1,-1.995229006E0,1.496781707E0
9.443778588E1,5.050414205E-1,-2.100155354E0,1.369601488E0
9.444781687E1,4.235228300E-1,-2.572901487E0,9.531860948E-1
9.445784788E1,7.511265278E-1,-3.071796894E0,2.565103471E-1
9.446787788E1,1.013861895E0,-2.828227997E0,-5.112496018E-1
9.447790888E1,4.794657826E-1,-5.174127221E-1,-1.093421221E0
9.448793888E1,-5.895833969E-1,1.613843203E0,-1.312924623E0
9.449796988E1,-1.092879534E0,8.941911459E-1,-1.327529669E0
9.450800088E1,-1.315234303E0,3.072421253E-1,-1.148546576E0
9.451803087E1,-1.170385242E0,7.710225582E-1,-9.143701196E-1
9.452806188E1,-6.560121775E-1,1.314742327E0,-7.132613063E-1
9.453809288E1,8.409479633E-3,1.918135047E0,-3.594371676E-1
9.454812287E1,6.286827922E-1,2.371159077E0,-6.199007854E-2
9.455815388E1,1.220255256E0,2.871047020E0,1.546559483E-1
9.456818388E1,3.073119879E0,1.996011853E0,6.598092914E-1
9.457821488E1,5.723668575E0,3.043125570E-1,2.226418972E0
9.458824587E1,2.868698359E0,3.513374805E0,1.870713115E0
9.459827588E1,1.346191049E0,3.527680635E0,1.739782333E0
9.460830688E1,1.502701193E-1,2.926252365E0,1.416052461E0
9.461833787E1,-1.166519284E0,2.721359968E0,8.500217199E-1
9.462836788E1,-9.298759699E-1,2.271706581E0,6.619410515E-1
9.463839888E1,-4.205621183E-1,1.779807806E0,9.147384167E-1
9.464842988E1,2.700522840E-1,1.659969538E-1,1.366524220E0
9.465845988E1,5.400968194E-1,-1.213626266E0,9.557417631E-1
9.466849088E1,-1.313680857E-1,-8.056896329E-1,2.116261423E-1
9.467852088E1,-6.551160216E-1,-1.031345963E0,-6.618440747E-1
9.468855187E1,-9.321363568E-1,-1.405240774E0,-1.142775774E0
9.469858288E1,-1.063565731E0,-1.351949930E0,-1.377336860E0
9.470861288E1,-1.083975911E0,-1.250255704E0,-1.537121177E0
9.471864387E1,-1.015850425E0,-1.234814644E0,-1.610268354E0
9.472867488E1,-8.475419283E-1,-1.351374626E0,-1.660292149E0
9.473870488E1,-6.038147807E-1,-1.476948500E0,-1.509894848E0
9.474873588E1,-5.327478647E-1,-1.791350007E0,-1.311231256E0
9.475876588E1,-6.380425692E-1,-2.035892248E0,-1.015928745E0
9.476879688E1,-6.387231350E-1,-1.973042965E0,-7.913315296E-1
9.477882788E1,-6.665430665E-1,-1.831409931E0,-5.762602091E-1
9.478885787E1,-7.674873471E-1,-1.940652370E0,-3.332466483E-1
9.479888888E1,-9.811897874E-1,-1.926740527E0,3.285357356E-2
9.480891888E1,-1.371575952E0,-1.133559108E0,5.897814035E-1
9.481894987E1,-1.402445197E0,-2.243889421E-1,1.154094338E0
9.482898088E1,-9.784514904E-1,4.654554725E-1,1.680396795E0
9.483901088E1,-4.667720571E-2,8.592765331E-1,2.011932611E0
9.484904188E1,8.781725168E-1,8.853924274E-1,2.125412226E0
9.485907287E1,1.297660708E0,1.091812611E0,1.883101821E0
9.486910288E1,1.315316916E0,1.046219468E0,1.589054704E0
9.487913388E1,9.419694543E-1,9.116483331E-1,1.089576721E0
9.488916387E1,1.138799340E-1,1.055649757E0,3.940148950E-1
9.489919488E1,-1.078379750E0,1.420970201E0,-4.917871058E-1
9.490922588E1,-3.872044802E0,7.446187139E-1,-1.691170216E0
9.491925588E1,-6.755312920E0,2.895808220E-1,-3.776714563E0
9.492928688E1,-5.383330345E0,2.982549667E0,-4.442192554E0
9.493931688E1,-1.593107224E0,3.749871016E0,-3.824484587E0
9.494934788E1,3.113374114E-1,1.703206539E0,-3.157083511E0
9.495937887E1,3.765760660E-1,1.015994310E0,-2.007663250E0
9.496940888E1,1.069930673E0,1.136844039E0,-1.130052686E0
9.497943988E1,7.626237273E-1,6.289765835E-1,-8.757839799E-1
9.498947087E1,2.345853299E-1,4.819220603E-1,-2.206440419E-1
9.499950088E1,5.503340811E-2,3.093582690E-1,2.081328779E-1
9.500953188E1,-3.128101826E-1,4.867505133E-1,4.491128325E-1
9.501956288E1,-2.305430025E-1,1.246461049E-1,6.321183443E-1
9.502959287E1,3.499136269E-1,-6.585270166E-1,7.679915428E-1
9.503962388E1,9.001415968E-1,-9.437113404E-1,7.544581890E-1
9.504965488E1,1.121417999E0,-1.125896096E0,8.964616060E-1
9.505968487E1,1.279268622E0,-1.268736362E0,1.107037783E0
9.506971588E1,1.309849143E0,-1.445342422E0,1.391620874E0
9.507974688E1,1.131915331E0,-1.508678555E0,1.547111392E0
9.508977688E1,9.586061835E-1,-1.605226874E0,1.590450168E0
9.509980788E1,8.231655359E-1,-1.718636751E0,1.582841277E0
9.510984200E1,7.406403422E-1,-1.662237644E0,1.530443668E0
9.511987300E1,7.801526189E-1,-1.561763048E0,1.464002609E0
9.512990400E1,7.809137702E-1,-1.747108340E0,1.380478501E0
9.513993400E1,8.163013458E-1,-2.047585249E0,1.209409237E0
9.514996500E1,9.946891665E-1,-2.471274137E0,8.297164440E-1
9.515999600E1,1.177986026E0,-2.835150480E0,3.138519824E-1
9.517002600E1,1.131252527E0,-2.644908905E0,-2.486414015E-1
9.518005700E1,5.988276601E-1,-1.030193806E0,-7.416686416E-1
9.519008700E1,-2.432380468E-1,8.819922209E-1,-1.045888424E0
9.520011800E1,-5.430226326E-1,9.531990290E-1,-1.178584099E0
9.521014900E1,-5.287909508E-1,6.253505945E-1,-1.077464104E0
9.522017900E1,-2.632203102E-1,1.025904179E0,-9.087374210E-1
9.523021000E1,2.015974522E-1,1.645773530E0,-7.996464372E-1
9.524024100E1,5.831170678E-1,2.552464485E0,-6.719326973E-1
9.525027100E1,1.202814579E0,3.437217951E0,-4.652774632E-1
9.526030200E1,5.098024845E0,1.930897117E0,6.948130727E-1
9.527033300E1,6.041976452E0,2.155839443E0,2.218165159E0
9.528036300E1,3.720786572E0,3.336989403E0,1.999037743E0
9.529039400E1,1.670196176E0,3.345376253E0,1.690991402E0
9.530042400E1,2.706984580E-1,2.948628426E0,1.280782819E0
9.531045500E1,-7.478303313E-1,3.095246792E0,5.342070460E-1
9.532048600E1,-8.316706419E-1,3.285220861E0,4.904180467E-1
9.533051600E1,3.674249053E-1,2.085760593E0,1.204118252E0
9.534054700E1,1.152932525E0,-4.810973704E-1,1.715742469E0
9.535057800E1,8.667735457E-1,-1.795448661E0,1.443629384E0
9.536060800E1,-1.752558164E-3,-1.626835585E0,6.942677498E-1
9.537063900E1,-5.684748292E-1,-1.614983678E0,-9.224100411E-2
9.538066900E1,-8.690562248E-1,-1.421109200E0,-6.273877621E-1
9.539070000E1,-1.140309811E0,-9.925547242E-1,-1.105598569E0
9.540073100E1,-1.382517934E0,-8.268816471E-1,-1.354366064E0
9.541076100E1,-1.315157413E0,-1.042174935E0,-1.548124909E0
9.542079200E1,-1.023850918E0,-1.184002638E0,-1.575247049E0
9.543082300E1,-7.987892628E-1,-1.210070133E0,-1.420825124E0
9.544085300E1,-7.441009879E-1,-1.256595254E0,-1.229144335E0
9.545088400E1,-8.943913579E-1,-1.412029624E0,-1.076499820E0
9.546091400E1,-9.657217264E-1,-1.330760360E0,-9.816399217E-1
9.547094500E1,-8.657729626E-1,-1.368739724E0,-8.537796736E-1
9.548097600E1,-7.616487145E-1,-1.595398188E0,-6.279702783E-1
9.549100600E1,-8.613669872E-1,-1.920014381E0,-2.050402910E-1
9.550103700E1,-1.327454209E0,-1.828580022E0,4.527751505E-1
9.551106800E1,-1.752679348E0,-1.111743689E0,1.175900102E0
9.552109800E1,-1.563519597E0,-1.126178652E-1,1.707179189E0
9.553112900E1,-7.708978057E-1,9.532942772E-1,1.972112417E0
9.554115900E1,3.019702137E-1,1.322929025E0,2.010895967E0
9.555119000E1,7.018513083E-1,1.284861565E0,1.844349504E0
9.556122100E1,9.385016561E-1,1.161665082E0,1.387285590E0
9.557125100E1,6.649648547E-1,8.953289390E-1,7.597516775E-1
9.558128200E1,1.074621975E-1,7.794867754E-1,2.268406376E-2
9.559131200E1,-4.969575405E-1,9.067491889E-1,-7.076469064E-1
9.560134300E1,-1.511623740E0,1.187591553E0,-1.483799100E0
9.561137400E1,-3.958208799E0,-2.707355917E-1,-2.406657934E0
9.562140400E1,-5.273563862E0,1.575329304E-1,-4.046970844E0
9.563143500E1,-4.105049610E0,4.188775539E0,-4.005494595E0
9.564146500E1,-1.020054698E0,3.533043623E0,-3.238691807E0
9.565149600E1,2.197044939E-1,1.150379419E0,-2.601168156E0
9.566152700E1,5.170581341E-1,1.348287940E0,-1.464834094E0
9.567155700E1,8.075587153E-1,6.968345046E-1,-9.600798488E-1
9.568158800E1,1.673699170E-1,-5.420301855E-2,-6.869513988E-1
9.569161900E1,-7.625348568E-1,5.095754936E-2,-2.211875170E-1
9.570164900E1,-1.276790738E0,1.648822576E-1,2.180486917E-1
9.571168000E1,-1.162879467E0,2.249469459E-1,5.676324964E-1
9.572171100E1,-6.297324896E-1,-4.892931283E-1,7.990061045E-1
9.573174100E1,2.618448436E-1,-9.772668481E-1,7.851102352E-1
9.574177200E1,9.069463611E-1,-1.100967288E0,7.053403258E-1
9.575180300E1,1.056231141E0,-1.277546883E0,7.522555590E-1
9.576183300E1,1.058713198E0,-1.345530272E0,8.567596078E-1
9.577186400E1,1.042398453E0,-1.621035457E0,9.511427283E-1
9.578189400E1,9.873359203E-1,-1.722362638E0,9.343237877E-1
9.579192500E1,8.657228351E-1,-1.787919879E0,9.391689301E-1
9.580195600E1,7.596566081E-1,-1.871961236E0,9.851742387E-1
9.581198600E1,8.062383533E-1,-1.694683075E0,1.072967649E0
9.582201700E1,8.588517308E-1,-1.566699982E0,1.158003449E0
9.583204800E1,8.145052791E-1,-1.676015139E0,1.193666935E0
9.584207800E1,8.147689104E-1,-2.070871592E0,1.103318334E0
9.585210900E1,1.023726821E0,-2.667427063E0,7.563381791E-1
9.586214000E1,1.262380600E0,-3.026544809E0,1.994390190E-1
9.587217000E1,1.015956879E0,-1.802465558E0,-3.974939883E-1
9.588220100E1,-3.193513304E-2,8.473964930E-1,-7.904176116E-1
9.589223200E1,-8.544533253E-1,1.447538257E0,-1.022961020E0
9.590226200E1,-1.127943158E0,4.399789870E-1,-1.036876917E0
9.591229300E1,-1.062521458E0,4.293167889E-1,-8.180700541E-1
9.592232300E1,-6.426073313E-1,7.167400122E-1,-5.490492582E-1
9.593235400E1,-1.429237574E-1,1.442965388E0,-3.510101736E-1
9.594238500E1,3.012028337E-1,1.943191171E0,-1.016120538E-1
9.595241500E1,7.143180370E-1,2.444987535E0,4.741779342E-2
9.596244600E1,2.081032753E0,2.216774702E0,2.963170707E-1
9.597247700E1,6.218910217E0,-5.270935297E-1,2.053184748E0
9.598250700E1,3.130915403E0,4.082596779E0,1.904804230E0
9.599253800E1,2.042046070E0,3.961466551E0,1.925016403E0
9.600256800E1,1.167886615E0,3.082798958E0,1.540292382E0
9.601259900E1,1.814001650E-1,2.573652029E0,8.480930924E-1
9.602263000E1,5.802816898E-2,2.034325123E0,1.645304561E-1
9.603266000E1,2.648688257E-1,1.824402332E0,8.265446126E-2
9.604269100E1,8.825562596E-1,7.494332790E-1,5.657169819E-1
9.605272200E1,1.327736497E0,-6.842181087E-1,6.796964407E-1
9.606275200E1,8.874994516E-1,-7.348250747E-1,2.501059175E-1
9.607278300E1,-8.223904297E-3,-9.304779172E-1,-2.117177546E-1
9.608281300E1,-4.189339578E-1,-1.393006921E0,-5.407006741E-1
9.609284400E1,-6.500460505E-1,-1.039423108E0,-8.478237391E-1
9.610287500E1,-9.567487240E-1,-9.739711285E-1,-1.115461826E0
9.611290175E1,-1.104493737E0,-1.239320517E0,-1.340116382E0
9.612293275E1,-9.531213045E-1,-1.633678675E0,-1.441801429E0
9.613296375E1,-8.452733755E-1,-1.925580144E0,-1.422208428E0
9.614299375E1,-8.687598109E-1,-2.295994759E0,-1.256968021E0
9.615302475E1,-8.891287446E-1,-2.413955927E0,-1.047130823E0
9.616305475E1,-1.027928710E0,-2.366884232E0,-8.257603049E-1
9.617308575E1,-1.207563043E0,-2.263128757E0,-6.114428043E-1
9.618311675E1,-1.415248871E0,-2.016909361E0,-2.639053762E-1
9.619314675E1,-1.896424532E0,-1.265592813E0,3.030429184E-1
9.620317775E1,-2.084422350E0,-5.770456195E-1,8.822007775E-1
9.621320775E1,-1.802527666E0,1.375685539E-2,1.476773977E0
9.622323875E1,-1.014505148E0,9.252125025E-1,1.748243332E0
9.623326975E1,2.649385482E-2,1.400318503E0,1.891482949E0
9.624329975E1,9.043675661E-1,1.381021500E0,1.984011531E0
9.625333075E1,1.383245707E0,1.430585027E0,1.791760921E0
9.626336175E1,1.325821280E0,1.228997588E0,1.288049579E0
9.627339175E1,8.376583457E-1,1.055319428E0,6.729906201E-1
9.628342275E1,5.408314243E-2,9.542133212E-1,-4.445639253E-2
9.629345275E1,-1.286996722E0,7.888456583E-1,-9.254055023E-1
9.630348375E1,-4.173812866E0,-2.660683990E-1,-2.210869789E0
9.631351475E1,-6.021340847E0,6.008079648E-1,-4.387551308E0
9.632354475E1,-4.281394005E0,3.809190989E0,-4.198896408E0
9.633357575E1,-5.952814817E-1,3.345855713E0,-3.274015188E0
9.634360575E1,6.569075584E-1,1.252076149E0,-2.674904108E0
9.635363675E1,6.187536120E-1,9.864575863E-1,-1.634308219E0
9.636366775E1,9.330635667E-1,1.160988569E0,-1.081983447E0
9.637369775E1,3.883286417E-1,7.431349754E-1,-7.971339226E-1
9.638372875E1,-3.678461313E-1,5.014895797E-1,-2.456497252E-1
9.639375975E1,-5.868242383E-1,2.207919508E-1,1.275892407E-1
9.640378975E1,-7.004194856E-1,1.475433111E-1,4.006255865E-1
9.641382075E1,-5.150587559E-1,-3.041892648E-1,6.752843857E-1
9.642385175E1,2.280113846E-1,-6.471031904E-1,8.317549229E-1
9.643388175E1,7.679138184E-1,-8.724539280E-1,9.802593589E-1
9.644391275E1,9.278049469E-1,-9.771025777E-1,1.157010078E0
9.645394375E1,1.009093404E0,-9.278057218E-1,1.334925890E0
9.646397375E1,9.292127490E-1,-1.188531876E0,1.418524861E0
9.647400475E1,8.145314455E-1,-1.527478218E0,1.413285732E0
9.648403575E1,8.460968137E-1,-1.867850184E0,1.359193206E0
9.649406575E1,1.010630250E0,-2.136546373E0,1.321654558E0
9.650409675E1,1.015295506E0,-2.283061028E0,1.306479812E0
9.651412675E1,9.837287068E-1,-2.468018770E0,1.352401376E0
9.652415775E1,8.948659301E-1,-2.544247389E0,1.317821383E0
9.653418875E1,1.057143211E0,-2.547300577E0,1.175354838E0
9.654421875E1,1.393963814E0,-2.437539339E0,7.875860929E-1
9.655424975E1,1.740826607E0,-2.005891800E0,1.811528355E-1
9.656428075E1,1.515442014E0,-9.485772848E-1,-3.611580729E-1
9.657431075E1,7.788491845E-1,5.223007202E-1,-7.582493424E-1
9.658434175E1,2.343523502E-1,7.997869253E-1,-9.704340100E-1
9.659437175E1,4.878398031E-2,-1.544080675E-1,-9.230487943E-1
9.660440275E1,1.863096207E-1,-1.092419252E-1,-7.670767307E-1
9.661443375E1,1.606948972E-1,5.143870711E-1,-6.719667912E-1
9.662446375E1,3.498970270E-1,1.125339389E0,-5.881310105E-1
9.663449475E1,5.613719821E-1,2.194541693E0,-4.775411785E-1
9.664452575E1,1.129067898E0,3.949462414E0,-2.736764550E-1
9.665455575E1,4.943971634E0,2.669868946E0,1.087207198E0
9.666458675E1,4.836604118E0,2.076502800E0,2.314371109E0
9.667461775E1,2.275116444E0,3.428784132E0,2.229534388E0
9.668464775E1,5.743028522E-1,3.743749857E0,1.926430345E0
9.669467875E1,-7.241814137E-1,3.415348291E0,1.310666442E0
9.670470875E1,-1.503666878E0,3.274848461E0,6.352775693E-1
9.671473975E1,-7.226516008E-1,2.113631725E0,9.037770033E-1
9.672477075E1,4.608273804E-1,2.265536189E-1,1.192055702E0
9.673480075E1,9.350996017E-1,-9.389852881E-1,9.344543219E-1
9.674483175E1,3.953317106E-1,-1.111866474E0,1.886717081E-1
9.675486275E1,-5.178883672E-1,-1.271821022E0,-4.088916481E-1
9.676489275E1,-1.201910138E0,-1.735255837E0,-7.278142571E-1
9.677492375E1,-1.360240817E0,-1.415208817E0,-1.025167823E0
9.678495375E1,-1.442457318E0,-9.660823941E-1,-1.351570249E0
9.679498475E1,-1.515782714E0,-8.676674366E-1,-1.694668412E0
9.680501575E1,-1.306082964E0,-1.043441653E0,-1.866152048E0
9.681504575E1,-9.737817645E-1,-1.308198571E0,-1.851189852E0
9.682507675E1,-8.523892760E-1,-1.683067083E0,-1.708659053E0
9.683510775E1,-9.277267456E-1,-1.912258029E0,-1.478772402E0
9.684513775E1,-9.721195102E-1,-1.834995747E0,-1.268301487E0
9.685516875E1,-9.624605775E-1,-1.569031596E0,-1.045075059E0
9.686519875E1,-9.812065363E-1,-1.430983186E0,-7.690341473E-1
9.687522975E1,-1.081387639E0,-1.404150605E0,-3.728640974E-1
9.688526075E1,-1.352566957E0,-1.210240245E0,2.200610191E-1
9.689529075E1,-1.535784841E0,-8.586768508E-1,9.941478968E-1
9.690532175E1,-1.485952616E0,-1.436029375E-1,1.686156392E0
9.691535175E1,-9.323086143E-1,7.971857190E-1,1.976584196E0
9.692538275E1,2.190971561E-2,1.183247089E0,2.013190508E0
9.693541375E1,7.689081430E-1,1.107049584E0,1.772339225E0
9.694544375E1,1.204284668E0,6.321523190E-1,1.622461915E0
9.695547475E1,1.204744458E0,5.636404753E-1,1.358795643E0
9.696550475E1,8.283771873E-1,4.990231395E-1,8.070890903E-1
9.697553575E1,1.104330048E-1,5.280076265E-1,1.432211995E-1
9.698556675E1,-8.482647538E-1,1.104608893E0,-7.068156004E-1
9.699559675E1,-3.910819054E0,4.083441496E-1,-2.101742268E0
9.700562775E1,-5.998390675E0,4.622598588E-1,-4.406037807E0
9.701565875E1,-3.858632088E0,3.675679684E0,-3.913978338E0
9.702568875E1,-8.987326026E-1,3.042933941E0,-3.561631680E0
9.703571975E1,3.269134834E-2,1.901856422E0,-3.146643400E0
9.704574975E1,5.959765315E-1,1.318552971E0,-1.848148108E0
9.705578075E1,1.107306719E0,4.656777680E-1,-1.183691978E0
9.706581175E1,6.529576182E-1,3.455809057E-1,-9.337240458E-1
9.707584175E1,-6.193080917E-3,4.335846603E-1,-4.068360329E-1
9.708587275E1,-2.155108750E-1,3.052637279E-1,1.478074789E-1
9.709590375E1,-5.696107745E-1,4.695428908E-1,4.647521377E-1
9.710593375E1,-3.239842355E-1,-3.350798190E-1,6.164604425E-1
9.711596738E1,3.953710198E-1,-1.095201850E0,6.699368954E-1
9.712599837E1,7.496020794E-1,-1.127580047E0,6.597141027E-1
9.713602838E1,9.840679765E-1,-1.023957253E0,7.230779529E-1
9.714605938E1,1.130496025E0,-9.501179457E-1,8.837432265E-1
9.715609037E1,1.281072617E0,-1.153411388E0,1.021930695E0
9.716612038E1,1.215379357E0,-1.493127108E0,1.100498796E0
9.717615138E1,1.124918461E0,-2.060731411E0,1.154218078E0
9.718618138E1,1.136507750E0,-2.357479572E0,1.196133375E0
9.719621238E1,1.007676363E0,-2.288477659E0,1.255752563E0
9.720624338E1,7.352985740E-1,-2.171448231E0,1.312271237E0
9.721627338E1,3.918066621E-1,-2.095895767E0,1.287814379E0
9.722630437E1,3.278495073E-1,-2.365967035E0,1.124737859E0
9.723633538E1,5.702668428E-1,-2.734044790E0,6.936922073E-1
9.724636538E1,8.467743397E-1,-2.347151995E0,1.105169430E-1
9.725639637E1,5.774817467E-1,-4.274448156E-1,-3.172457516E-1
9.726642738E1,-2.172185928E-1,1.394261122E0,-5.906985998E-1
9.727645738E1,-5.241626501E-1,8.696341515E-1,-8.042311072E-1
9.728648838E1,-6.820366979E-1,3.703953326E-1,-7.260934114E-1
9.729651837E1,-5.716993809E-1,6.241112351E-1,-6.433178186E-1
9.730654938E1,-3.919948936E-1,1.002537131E0,-5.976414084E-1
9.731658038E1,-7.925947011E-2,1.580603361E0,-5.518039465E-1
9.732661037E1,3.172876239E-1,2.265494823E0,-4.705354571E-1
9.733664138E1,1.412436962E0,2.965838671E0,-3.169299960E-1
9.734667238E1,5.467336655E0,8.914266825E-1,1.130212307E0
9.735670238E1,4.322815895E0,2.412935257E0,1.837455869E0
9.736673338E1,2.479926586E0,3.486205578E0,1.843041301E0
9.737676338E1,8.592911363E-1,3.141926050E0,1.610530376E0
9.738679438E1,2.359038964E-2,2.830759048E0,1.059728265E0
9.739682537E1,-5.872939825E-1,3.087251663E0,4.569546282E-1
9.740685538E1,8.598966524E-3,2.520583868E0,3.010047078E-1
9.741688638E1,6.624845266E-1,1.040073037E0,1.224021912E0
9.742691737E1,1.093992233E0,-6.816259623E-1,1.123827457E0
9.743694738E1,5.663143992E-1,-9.246649146E-1,6.753110886E-1
9.744697838E1,-4.292239249E-1,-1.445823908E0,9.581527114E-2
9.745700838E1,-9.746758938E-1,-1.738057733E0,-4.964585006E-1
9.746703937E1,-1.067702532E0,-1.604048729E0,-9.112253189E-1
9.747707038E1,-1.186056495E0,-1.402686954E0,-1.224582911E0
9.748710038E1,-1.258866787E0,-1.602455616E0,-1.329941034E0
9.749713137E1,-1.051326513E0,-1.731300354E0,-1.339864373E0
9.750716238E1,-7.939824462E-1,-1.704823971E0,-1.275422812E0
9.751719238E1,-6.466925740E-1,-2.040841818E0,-1.170372605E0
9.752722338E1,-6.446027756E-1,-2.160863161E0,-9.909399152E-1
9.753725338E1,-6.653279662E-1,-1.892462969E0,-8.370372653E-1
9.754728438E1,-7.228826284E-1,-1.715759516E0,-6.883279085E-1
9.755731538E1,-8.659594655E-1,-1.788101435E0,-4.351825714E-1
9.756734537E1,-1.162012696E0,-1.803746939E0,-6.465137005E-2
9.757737638E1,-1.498467684E0,-1.129446030E0,4.864785969E-1
9.758740738E1,-1.397321343E0,-3.702495694E-1,1.035751820E0
9.759743737E1,-8.606370091E-1,4.210174084E-1,1.507835388E0
9.760746838E1,1.445438266E-1,9.602566957E-1,1.783569455E0
9.761749838E1,1.122953892E0,1.039598107E0,1.988648772E0
9.762752938E1,1.672822833E0,1.115524650E0,1.920943499E0
9.763756037E1,1.722730875E0,1.069111228E0,1.488230824E0
9.764759038E1,1.346660852E0,9.227084517E-1,9.383325577E-1
9.765762138E1,4.991066456E-1,8.769337535E-1,2.258800268E-1
9.766765137E1,-1.429948211E0,8.536475897E-1,-8.639739156E-1
9.767768238E1,-5.187786102E0,6.446819305E-1,-2.923776865E0
9.768771338E1,-5.859058857E0,1.864360929E0,-4.622289181E0
9.769774337E1,-3.102762699E0,3.571958780E0,-3.949306250E0
9.770777438E1,-1.882763207E-1,2.762410879E0,-3.363195896E0
9.771780538E1,5.584891438E-1,1.482009411E0,-2.380549669E0
9.772783538E1,7.741172910E-1,9.845088720E-1,-1.268157005E0
9.773786637E1,1.018771172E0,5.473023653E-1,-1.039717793E0
9.774789638E1,3.445829749E-1,5.042179674E-2,-7.020719647E-1
9.775792738E1,-2.129966766E-1,-2.214957029E-3,-1.011459678E-1
9.776795837E1,-3.361343145E-1,9.276848286E-3,5.177500248E-1
9.777798838E1,-6.225646734E-1,1.436616629E-1,9.495796561E-1
9.778801938E1,-2.507221699E-1,-5.187024474E-1,1.117284179E0
9.779805038E1,4.282287359E-1,-1.028747320E0,1.199860811E0
9.780808038E1,8.351685405E-1,-9.943320751E-1,1.096344709E0
9.781811138E1,9.950321317E-1,-8.100599647E-1,1.043254375E0
9.782814238E1,1.169615030E0,-6.708434820E-1,1.091950536E0
9.783817237E1,1.229905725E0,-7.039517164E-1,1.132905602E0
9.784820338E1,1.141767621E0,-9.446330667E-1,1.120975375E0
9.785823438E1,1.000240684E0,-1.392024517E0,1.058821559E0
9.786826437E1,9.008426070E-1,-1.811216831E0,1.005983949E0
9.787829538E1,9.362115264E-1,-2.017651320E0,1.032377601E0
9.788832538E1,1.009170175E0,-1.994174242E0,1.088830829E0
9.789835638E1,9.000331163E-1,-2.041501045E0,1.086118460E0
9.790838737E1,8.200272322E-1,-2.261176586E0,9.125291705E-1
9.791841738E1,1.081701040E0,-2.613694191E0,4.974938333E-1
9.792844838E1,1.225503802E0,-2.007625818E0,-4.412440956E-2
9.793847937E1,6.796354651E-1,-1.180090457E-1,-4.427708685E-1
9.794850938E1,-6.666427106E-2,1.029259920E0,-7.412907481E-1
9.795854038E1,-4.031888843E-1,5.259847641E-1,-8.797425628E-1
9.796857038E1,-4.918737710E-1,5.137145519E-1,-9.084650278E-1
9.797860138E1,-3.058587611E-1,8.732004166E-1,-7.415933013E-1
9.798863238E1,-2.014738135E-2,1.397369981E0,-5.400567055E-1
9.799866238E1,2.126189470E-1,1.937778950E0,-2.945349216E-1
9.800869337E1,5.344635844E-1,2.477119684E0,-6.324366480E-2
9.801872438E1,1.528675556E0,2.464364529E0,2.971315980E-1
9.802875438E1,5.797883034E0,2.708863616E-1,1.889194369E0
9.803878537E1,4.171999454E0,2.771331072E0,2.296057224E0
9.804881638E1,1.785700917E0,3.621673584E0,2.022125244E0
9.805884638E1,2.437828183E-1,3.237715483E0,1.806543350E0
9.806887738E1,-5.773438215E-1,2.693873882E0,1.247920632E0
9.807890737E1,-7.305497527E-1,2.336240768E0,4.566547871E-1
9.808893838E1,-3.025366962E-1,1.845144153E0,1.011928201E0
9.809896938E1,3.736265600E-1,6.902107000E-1,1.075824738E0
9.810899929E1,6.215743423E-1,-7.204244137E-1,9.069200754E-1
9.811903029E1,3.588262200E-1,-1.689500213E0,4.922069609E-1
9.812906129E1,-2.686691284E-1,-1.900679231E0,-5.767506734E-2
9.813909129E1,-7.005908489E-1,-1.715021729E0,-4.871391952E-1
9.814912229E1,-8.591133356E-1,-1.333045363E0,-8.186809421E-1
9.815915229E1,-9.011620879E-1,-8.506557941E-1,-1.137132168E0
9.816918329E1,-8.437014818E-1,-7.865305543E-1,-1.492357850E0
9.817921429E1,-8.414759040E-1,-8.420295715E-1,-1.807692409E0
9.818924429E1,-6.919644475E-1,-8.336281180E-1,-1.888671160E0
9.819927529E1,-6.402208805E-1,-9.673681855E-1,-1.740045071E0
9.820930629E1,-7.955356240E-1,-1.397465229E0,-1.428577542E0
9.821933629E1,-9.181900620E-1,-1.730425835E0,-1.070463538E0
9.822936729E1,-1.056163907E0,-1.815036893E0,-7.933374047E-1
9.823939729E1,-1.201858401E0,-1.865518808E0,-5.990943909E-1
9.824942829E1,-1.364183664E0,-1.811868072E0,-3.946843147E-1
9.825945929E1,-1.709977746E0,-9.314171076E-1,-6.403990835E-2
9.826948929E1,-1.916958570E0,1.078580469E-1,4.437867999E-1
9.827952029E1,-1.720690727E0,7.176278234E-1,1.026654124E0
9.828955029E1,-1.169492602E0,8.688732386E-1,1.409784794E0
9.829958129E1,-3.875655532E-1,9.790930748E-1,1.598124146E0
9.830961229E1,3.538840711E-1,1.097869396E0,1.528403640E0
9.831964229E1,6.209177375E-1,1.185489297E0,1.373494267E0
9.832967329E1,5.957260728E-1,8.714535832E-1,1.116206527E0
9.833970329E1,1.855268776E-1,9.246920347E-1,7.058092356E-1
9.834973429E1,-6.813664436E-1,1.196367264E0,1.284828782E-2
9.835976529E1,-2.473427296E0,5.949191451E-1,-1.003752708E0
9.836979529E1,-4.524395466E0,-8.595159054E-1,-2.485314846E0
9.837982629E1,-4.374307632E0,1.919677019E0,-3.855714798E0
9.838985729E1,-2.525516510E0,3.496410131E0,-3.742867708E0
9.839988729E1,1.019290648E-2,2.501438379E0,-3.387242794E0
9.840991829E1,8.305519819E-1,1.719107151E0,-2.340217352E0
9.841994829E1,1.389620900E0,1.371689200E0,-1.464859247E0
9.842997929E1,1.457153559E0,6.219622493E-1,-1.347217917E0
9.844001029E1,7.628118992E-1,1.834069192E-1,-8.758942485E-1
9.845004029E1,3.166693151E-1,2.652834058E-1,-2.016500384E-1
9.846007129E1,-6.391510367E-3,3.113489151E-1,2.823429704E-1
9.847010229E1,-7.095292211E-2,-2.236540988E-2,7.424820662E-1
9.848013229E1,5.282216072E-1,-8.156209588E-1,9.260574579E-1
9.849016329E1,1.079126477E0,-1.118958712E0,9.167249799E-1
9.850019429E1,1.358507991E0,-1.199004769E0,8.812641501E-1
9.851022429E1,1.447895408E0,-1.145303726E0,9.833977222E-1
9.852025529E1,1.401423693E0,-1.303088665E0,1.114234090E0
9.853028629E1,1.192612171E0,-1.674830794E0,1.168168187E0
9.854031629E1,9.807839394E-1,-2.043446064E0,1.115677357E0
9.855034729E1,8.309875131E-1,-2.236675262E0,1.106702209E0
9.856037729E1,8.037803173E-1,-2.188293219E0,1.188667297E0
9.857040829E1,7.530569434E-1,-1.872128844E0,1.326263189E0
9.858043929E1,6.142063737E-1,-1.757135749E0,1.427171707E0
9.859046929E1,5.244022012E-1,-1.904690266E0,1.440287828E0
9.860050029E1,6.945720315E-1,-2.203145266E0,1.191488028E0
9.861053129E1,1.107145548E0,-2.148399830E0,6.922311187E-1
9.862056129E1,9.544498324E-1,-9.734748602E-1,1.928262264E-1
9.863059229E1,8.582442999E-2,9.674390554E-1,-1.500139385E-1
9.864062329E1,-7.134472132E-1,1.007956862E0,-3.752599955E-1
9.865065329E1,-1.124254704E0,-6.738789380E-2,-6.211009622E-1
9.866068429E1,-1.231021285E0,-2.453948185E-2,-5.625721216E-1
9.867071429E1,-9.135922194E-1,5.078828335E-1,-5.916445255E-1
9.868074529E1,-3.042020500E-1,1.301889539E0,-5.337008834E-1
9.869077629E1,3.930326998E-1,1.960402966E0,-3.138449490E-1
9.870080629E1,9.582260251E-1,2.706787109E0,-1.696804315E-1
9.871083729E1,1.922485590E0,3.137652874E0,-1.007458419E-1
9.872086829E1,5.959250450E0,7.763126493E-1,1.528726935E0
9.873089829E1,4.192130089E0,3.655950069E0,1.839951873E0
9.874092929E1,2.454877138E0,3.424443007E0,1.784618855E0
9.875095929E1,1.052486420E0,2.856569290E0,1.529640436E0
9.876099029E1,-4.832001403E-2,2.487352848E0,8.054101467E-1
9.877102129E1,-5.939359069E-1,2.549535275E0,-3.701426461E-2
9.878105129E1,-3.871471882E-1,2.308432341E0,2.930790484E-1
9.879108229E1,2.279402316E-1,5.312839150E-1,9.346478581E-1
9.880111329E1,6.970326900E-1,-8.430113196E-1,1.009082317E0
9.881114329E1,4.084624052E-1,-1.481161356E0,6.627888083E-1
9.882117429E1,-4.805070758E-1,-1.399020433E0,1.770157367E-1
9.883120529E1,-9.500093460E-1,-1.451922297E0,-2.956623435E-1
9.884123529E1,-1.172536612E0,-1.079813719E0,-6.695146561E-1
9.885126629E1,-1.366301298E0,-6.412462592E-1,-9.654198289E-1
9.886129629E1,-1.482639432E0,-7.437775731E-1,-1.167160630E0
9.887132729E1,-1.431728125E0,-1.147031546E0,-1.288891077E0
9.888135829E1,-1.247380853E0,-1.638143778E0,-1.322192669E0
9.889138829E1,-1.118983269E0,-2.131007910E0,-1.221931338E0
9.890141929E1,-1.044203401E0,-2.450640678E0,-1.131995559E0
9.891144929E1,-1.117654800E0,-2.439868927E0,-1.022263408E0
9.892148029E1,-1.173401237E0,-2.241597891E0,-9.428984523E-1
9.893151129E1,-1.206339478E0,-2.023090124E0,-8.528397083E-1
9.894154129E1,-1.303425431E0,-1.873638511E0,-6.427926421E-1
9.895157229E1,-1.699058533E0,-1.133814573E0,-2.034637779E-1
9.896160329E1,-1.812858462E0,-2.850698531E-1,3.308321238E-1
9.897163329E1,-1.332770467E0,1.300349534E-1,9.264156222E-1
9.898166429E1,-5.028627515E-1,7.587460876E-1,1.379732966E0
9.899169429E1,5.417994857E-1,1.248168826E0,1.587518930E0
9.900172529E1,1.265094042E0,1.157515407E0,1.762680769E0
9.901175629E1,1.746977806E0,8.938406110E-1,1.628990889E0
9.902178629E1,1.668038130E0,6.878316998E-1,1.341706753E0
9.903181729E1,1.241885781E0,6.829328537E-1,9.194012284E-1
9.904184729E1,3.704399168E-1,1.054291129E0,2.371071428E-1
9.905187829E1,-1.964051127E0,1.026329041E0,-8.614819646E-1
9.906190929E1,-5.952506542E0,3.983424306E-1,-3.259636641E0
9.907193929E1,-5.974759102E0,2.129272699E0,-4.634176731E0
9.908197029E1,-2.710643768E0,3.782006741E0,-4.083032131E0
9.909200129E1,1.777181625E-1,2.940653801E0,-3.780092955E0
9.910203129E1,8.749228716E-1,7.874599099E-1,-2.454117060E0
9.911205942E1,7.104566693E-1,4.270239770E-1,-1.816402197E0
9.912208942E1,5.055962205E-1,7.803513408E-1,-1.647159576E0
9.913212042E1,-8.748096228E-2,9.368938208E-1,-1.067404151E0
9.914215142E1,-1.666307747E-1,6.619579792E-1,-2.788770795E-1
9.915218142E1,-2.223995030E-1,4.030063152E-1,5.171662569E-1
9.916221242E1,-3.064606190E-1,-3.118324466E-2,1.087752819E0
9.917224342E1,1.093216762E-1,-6.517895460E-1,1.295947194E0
9.918227342E1,5.743191838E-1,-1.038775444E0,1.400399208E0
9.919230442E1,7.471694946E-1,-9.058370590E-1,1.373940706E0
9.920233542E1,8.839236498E-1,-1.056940913E0,1.421614528E0
9.921236542E1,9.339295626E-1,-1.130627871E0,1.497633696E0
9.922239642E1,8.877912760E-1,-1.349218845E0,1.486409187E0
9.923242742E1,8.336305618E-1,-1.620693207E0,1.418529749E0
9.924245742E1,7.984958887E-1,-1.846271038E0,1.314801931E0
9.925248842E1,8.154610395E-1,-1.873499751E0,1.207735181E0
9.926251942E1,8.670879006E-1,-1.927624822E0,1.138527989E0
9.927254942E1,9.028173685E-1,-1.944768667E0,1.071153522E0
9.928258042E1,9.377940893E-1,-2.175368071E0,9.268246293E-1
9.929261042E1,1.043418527E0,-2.526756763E0,5.609832406E-1
9.930264142E1,1.373819113E0,-2.920464993E0,-4.557282850E-2
9.931267242E1,1.524742603E0,-2.523257971E0,-7.529952526E-1
9.932270242E1,8.146961927E-1,-9.534872323E-2,-1.147364974E0
9.933273342E1,-3.149323761E-1,1.863202810E0,-1.414198995E0
9.934276442E1,-8.114007115E-1,8.128387332E-1,-1.560702920E0
9.935279442E1,-1.084082842E0,4.844965637E-1,-1.371555448E0
9.936282542E1,-8.620648384E-1,9.096447825E-1,-1.022012830E0
9.937285542E1,-3.333219290E-1,1.465112567E0,-6.979899406E-1
9.938288642E1,2.520940006E-1,1.993670940E0,-3.004866540E-1
9.939291742E1,9.183761477E-1,2.711349249E0,1.678342223E-1
9.940294742E1,2.774749994E0,2.927947998E0,8.685200214E-1
9.941297842E1,7.048288345E0,8.106456995E-1,2.618797541E0
9.942300942E1,3.863750219E0,3.135787010E0,2.456680059E0
9.943303942E1,1.476274967E0,4.044363499E0,1.807933211E0
9.944307042E1,3.062924743E-1,4.197382450E0,1.507394314E0
9.945310042E1,-7.502839565E-1,3.252577066E0,1.393260360E0
9.946313142E1,-7.503806949E-1,2.471036196E0,1.061031580E0
9.947316242E1,1.381324083E-1,1.550501823E0,1.284404278E0
9.948319242E1,3.775043190E-1,-2.689845562E-1,1.398808837E0
9.949322342E1,4.344469607E-1,-1.488949060E0,1.080196500E0
9.950325442E1,2.969856001E-2,-1.697613358E0,6.169382930E-1
9.951328442E1,-6.158927083E-1,-1.560131073E0,-1.468802392E-1
9.952331542E1,-6.979722977E-1,-1.849858165E0,-7.492644191E-1
9.953334642E1,-8.643703461E-1,-1.323673725E0,-1.074526191E0
9.954337642E1,-1.003686070E0,-9.187399149E-1,-1.270293474E0
9.955340742E1,-1.025053382E0,-1.009520173E0,-1.476355553E0
9.956343742E1,-9.437255263E-1,-1.241690040E0,-1.625391006E0
9.957346842E1,-6.917310953E-1,-1.477000594E0,-1.504168749E0
9.958349942E1,-6.213402152E-1,-1.785870433E0,-1.273421407E0
9.959352942E1,-7.631477118E-1,-2.021547079E0,-1.034102798E0
9.960356042E1,-8.593786359E-1,-1.946138144E0,-7.586371899E-1
9.961359142E1,-9.275475740E-1,-1.790125608E0,-5.606295466E-1
9.962362142E1,-9.589583874E-1,-1.796947598E0,-4.409766197E-1
9.963365242E1,-1.165672660E0,-1.824069262E0,-2.310407013E-1
9.964368242E1,-1.643371701E0,-1.011190057E0,2.203755975E-1
9.965371342E1,-1.741752863E0,-2.078320086E-1,8.464635015E-1
9.966374442E1,-1.338211417E0,3.558764756E-1,1.507722855E0
9.967377442E1,-3.622758687E-1,7.240222692E-1,1.777693272E0
9.968380542E1,6.603921056E-1,9.594092965E-1,1.821263790E0
9.969383542E1,1.364830732E0,9.962656498E-1,1.832253933E0
9.970386642E1,1.672305465E0,8.351480365E-1,1.704348445E0
9.971389742E1,1.506988406E0,8.890078068E-1,1.354283094E0
9.972392742E1,7.437277436E-1,1.058761358E0,8.080679178E-1
9.973395842E1,-6.645070910E-1,1.298171878E0,-1.312901974E-1
9.974398842E1,-3.487575293E0,8.555731773E-1,-1.580972075E0
9.975401942E1,-5.557340145E0,7.718364596E-1,-3.931916237E0
9.976405042E1,-4.663239479E0,3.096688271E0,-4.100655079E0
9.977408042E1,-1.353399396E0,3.514128208E0,-3.505504847E0
9.978411142E1,3.750912845E-1,1.914456606E0,-3.321512222E0
9.979414242E1,5.652468204E-1,6.286686063E-1,-2.320804596E0
9.980417242E1,7.144021988E-1,2.576675639E-2,-1.758695960E0
9.981420342E1,3.439346552E-1,-1.330798864E-1,-1.385369062E0
9.982423442E1,-1.516963094E-1,-8.838863671E-2,-6.256060600E-1
9.983426442E1,-6.148714423E-1,1.847896427E-1,1.755332202E-1
9.984429542E1,-8.343371749E-1,3.649074137E-1,7.535023689E-1
9.985432642E1,-7.868593931E-1,9.148463607E-2,1.052426457E0
9.986435642E1,-6.606435776E-2,-6.272371411E-1,1.227947950E0
9.987438742E1,5.529709458E-1,-7.562366724E-1,9.940597415E-1
9.988441742E1,9.962645769E-1,-7.337198853E-1,7.970678210E-1
9.989444842E1,1.205439091E0,-9.099649191E-1,7.667716742E-1
9.990447942E1,1.279077291E0,-1.143002391E0,8.853313923E-1
9.991450942E1,1.121165991E0,-1.520189285E0,9.988231063E-1
9.992454042E1,8.980422616E-1,-1.897449851E0,9.661313295E-1
9.993457142E1,8.250141740E-1,-2.189465284E0,9.763941169E-1
9.994460142E1,9.380589128E-1,-2.305188179E0,1.039171696E0
9.995463242E1,9.490319490E-1,-2.210659742E0,1.130075812E0
9.996466342E1,8.241584897E-1,-2.314172268E0,1.195145130E0
9.997469342E1,7.749360800E-1,-2.489142895E0,1.214812517E0
9.998472442E1,1.049757361E0,-2.689164639E0,9.789412022E-1
9.999475542E1,1.401897311E0,-2.478676796E0,5.081441402E-1
1.000047854E2,1.145881414E0,-7.651982307E-1,2.760627307E-2
1.000148164E2,2.364896536E-1,1.152666569E0,-3.875826895E-1
1.000248464E2,-5.051229000E-1,1.193485379E0,-7.437698245E-1
1.000348774E2,-7.891429067E-1,3.330750465E-1,-8.486472368E-1
1.000449084E2,-7.896184921E-1,5.226899981E-1,-7.407037020E-1
1.000549384E2,-4.535424709E-1,9.345028400E-1,-5.495228171E-1
1.000649694E2,9.008400887E-2,1.740341425E0,-4.211857319E-1
1.000750004E2,6.950948238E-1,2.654801607E0,-2.259807885E-1
1.000850304E2,2.110746861E0,2.827308416E0,-1.571665518E-3
1.000950614E2,5.898988724E0,5.803655982E-1,1.639775753E0
1.001050914E2,3.881647348E0,3.681346655E0,1.732530594E0
1.001151222E2,2.182521105E0,3.594066620E0,1.562064886E0
1.001251532E2,8.639845252E-1,2.855264187E0,1.227079511E0
1.001351832E2,-9.561389685E-2,2.380246401E0,7.189020514E-1
1.001452142E2,-6.445649266E-1,2.374647141E0,4.722430408E-1
1.001552452E2,5.836309865E-2,2.586609364E0,7.064515352E-1
1.001652752E2,6.998496056E-1,1.200484633E0,1.224758744E0
1.001753062E2,8.853065372E-1,-6.186162829E-1,1.253508925E0
1.001853372E2,3.877789080E-1,-1.277462244E0,9.694887400E-1
1.001953672E2,-5.399996042E-1,-1.184868336E0,4.403357208E-1
1.002053982E2,-9.632440805E-1,-1.132338524E0,-9.818476439E-2
1.002154282E2,-1.289967775E0,-7.537240982E-1,-4.517439008E-1
1.002254592E2,-1.588985085E0,-6.274847388E-1,-6.542719603E-1
1.002354902E2,-1.868670225E0,-8.039647341E-1,-7.886414528E-1
1.002455202E2,-1.901467085E0,-1.078765750E0,-9.898644686E-1
1.002555512E2,-1.728157401E0,-1.416306973E0,-1.254884124E0
1.002655822E2,-1.521636963E0,-1.797451496E0,-1.319748282E0
1.002756122E2,-1.469281673E0,-2.300017357E0,-1.243862271E0
1.002856432E2,-1.521900892E0,-2.718253136E0,-1.124783158E0
1.002956732E2,-1.553647637E0,-2.796674013E0,-1.097486854E0
1.003057042E2,-1.650586605E0,-2.570681095E0,-1.049897671E0
1.003157352E2,-1.858974457E0,-2.196095943E0,-9.096828103E-1
1.003257652E2,-2.292446852E0,-1.111447692E0,-4.932958782E-1
1.003357962E2,-2.343884230E0,-1.559800506E-1,1.331221126E-2
1.003458272E2,-1.707837462E0,3.162645996E-1,6.485391259E-1
1.003558572E2,-6.144082546E-1,7.721253633E-1,1.262841940E0
1.003658882E2,6.863365769E-1,1.052771807E0,1.741303921E0
1.003759182E2,1.714991689E0,1.190069556E0,1.990486741E0
1.003859492E2,2.203203678E0,1.264504194E0,1.942322731E0
1.003959802E2,2.323073626E0,1.145365834E0,1.617694259E0
1.004060102E2,2.013790607E0,1.003453493E0,1.203050971E0
1.004160412E2,1.291735053E0,8.542218208E-1,5.631577969E-1
1.004260712E2,2.665345967E-1,8.579210639E-1,-2.029305696E-1
1.004361022E2,-2.013871670E0,3.997713029E-1,-1.237626195E0
1.004461332E2,-5.564858437E0,6.919017434E-2,-3.359885931E0
1.004561632E2,-5.036386490E0,2.612113714E0,-4.152693272E0
1.004661942E2,-1.801305175E0,3.456507444E0,-3.574593544E0
1.004762252E2,-1.909566820E-1,1.815768123E0,-3.567383289E0
1.004862552E2,-3.144286573E-2,1.030794501E0,-2.569976330E0
1.004962862E2,2.198665887E-1,5.614404678E-1,-1.484622002E0
1.005063172E2,3.994047940E-1,7.682631612E-1,-1.004501700E0
1.005163472E2,3.827057034E-2,5.520219207E-1,-2.452224940E-1
1.005263782E2,-1.633768827E-1,1.401584595E-1,4.077630639E-1
1.005364092E2,-3.685968816E-1,1.650243849E-1,1.044701457E0
1.005464392E2,-5.895631909E-1,7.174499333E-2,1.324804068E0
1.005564702E2,-4.520599544E-1,-5.865468979E-1,1.451787591E0
1.005665002E2,-2.901986241E-3,-9.419731498E-1,1.337926984E0
1.005765312E2,8.994886279E-2,-8.522132039E-1,1.146209717E0
1.005865622E2,1.906319112E-1,-7.676808238E-1,1.098706722E0
1.005965922E2,3.393028677E-1,-7.055316567E-1,1.082906961E0
1.006066232E2,4.080567062E-1,-1.056160808E0,1.123964071E0
1.006166542E2,4.391528666E-1,-1.362707734E0,1.006338358E0
1.006266842E2,6.100190878E-1,-1.668037653E0,1.008083820E0
1.006367152E2,8.437886834E-1,-1.864870787E0,1.107437849E0
1.006467462E2,1.045331240E0,-1.950426102E0,1.254461527E0
1.006567762E2,1.046334267E0,-2.040593386E0,1.311136246E0
1.006668072E2,8.714868426E-1,-2.307223797E0,1.266907692E0
1.006768382E2,8.951593637E-1,-2.642220736E0,1.049823046E0
1.006868682E2,1.274304509E0,-2.465231180E0,6.244179010E-1
1.006968992E2,1.161622167E0,-7.865848541E-1,1.537390500E-1
1.007069292E2,3.854852021E-1,1.033882737E0,-2.658208609E-1
1.007169602E2,-1.164410263E-1,8.609858155E-1,-6.325903535E-1
1.007269912E2,-3.357555568E-1,1.866504364E-2,-7.820661664E-1
1.007370212E2,-3.927101791E-1,3.517583013E-1,-7.700579762E-1
1.007470522E2,-1.710249484E-1,7.651627660E-1,-6.414923668E-1
1.007570832E2,2.225758731E-1,1.438881993E0,-5.295248628E-1
1.007671132E2,6.156178117E-1,2.392251968E0,-3.618741632E-1
1.007771442E2,1.745603204E0,3.309111595E0,-1.346990615E-1
1.007871742E2,6.910937309E0,-1.623440236E-1,1.635276198E0
1.007972052E2,4.887226582E0,2.563048124E0,2.286773443E0
1.008072362E2,2.490048170E0,3.584391832E0,2.124054909E0
1.008172662E2,8.104841709E-1,3.434538364E0,2.004069090E0
1.008272972E2,-4.826355278E-1,3.197252989E0,1.280962706E0
1.008373282E2,-9.477560520E-1,2.920288563E0,3.429936171E-1
1.008473582E2,-3.047871590E-1,1.805580020E0,9.080188870E-1
1.008573892E2,4.679985344E-1,-7.721085101E-2,1.261065125E0
1.008674202E2,8.638089895E-1,-1.548377633E0,1.195004344E0
1.008774502E2,3.886221647E-1,-2.150454760E0,7.711190581E-1
1.008874812E2,-5.061321259E-1,-2.132933617E0,2.180823535E-1
1.008975122E2,-8.128750324E-1,-1.473054290E0,-4.461600780E-1
1.009075422E2,-1.085885286E0,-8.954580426E-1,-8.390330672E-1
1.009175732E2,-1.372673988E0,-3.794092834E-1,-1.133143544E0
1.009276032E2,-1.573701620E0,-4.866894186E-1,-1.340088248E0
1.009376342E2,-1.642933965E0,-6.488051414E-1,-1.513042450E0
1.009476652E2,-1.555826306E0,-6.748686433E-1,-1.633062124E0
1.009576952E2,-1.365588188E0,-6.366959214E-1,-1.651684284E0
1.009677262E2,-1.330877304E0,-8.664125800E-1,-1.564400315E0
1.009777572E2,-1.364733219E0,-1.189761043E0,-1.372025728E0
1.009877872E2,-1.362920046E0,-1.434942126E0,-1.176289320E0
1.009978182E2,-1.383078337E0,-1.608691573E0,-9.895152450E-1
1.010078482E2,-1.412560463E0,-1.817189455E0,-7.813117504E-1
1.010178792E2,-1.597539306E0,-1.945279598E0,-4.190057218E-1
1.010279102E2,-2.036053181E0,-1.280367255E0,2.698790431E-1
1.010379402E2,-2.106092215E0,-5.296276808E-1,1.069435596E0
1.010479712E2,-1.560391545E0,2.673452795E-1,1.726661801E0
1.010580022E2,-4.253453016E-1,9.744870067E-1,2.063932896E0
1.010680322E2,7.196536064E-1,1.373996496E0,2.251791239E0
1.010780632E2,1.448358893E0,1.519029379E0,2.065686703E0
1.010880932E2,1.594410777E0,1.510744333E0,1.302183509E0
1.010981242E2,1.098499060E0,7.581807971E-1,9.244795442E-1
1.011081552E2,6.931418777E-1,5.588617921E-1,3.822785914E-1
1.011181854E2,5.827305093E-2,5.133861899E-1,-2.948399484E-1
1.011282164E2,-7.101923823E-1,6.428765059E-1,-9.882010818E-1
1.011382464E2,-2.323502302E0,2.981316149E-1,-1.846954823E0
1.011482774E2,-5.546554565E0,-9.902307987E-1,-3.355006695E0
1.011583084E2,-4.401916504E0,2.384144306E0,-4.249053478E0
1.011683384E2,-2.106205463E0,3.436812401E0,-3.413481474E0
1.011783694E2,-5.128906965E-1,1.694083333E0,-3.224709749E0
1.011884004E2,-2.881104350E-1,1.333657861E0,-2.111233950E0
1.011984304E2,3.254555166E-1,1.147829652E0,-1.003893375E0
1.012084614E2,5.234040618E-1,7.865741253E-1,-5.271506906E-1
1.012184924E2,-5.372344702E-2,3.384367824E-1,-7.693371922E-2
1.012285224E2,-8.566990495E-1,1.617357731E-1,2.477277666E-1
1.012385534E2,-1.151555061E0,1.838815510E-1,5.033509731E-1
1.012485844E2,-1.100914955E0,1.217099428E-1,6.949218512E-1
1.012586144E2,-3.214048147E-1,-4.556468725E-1,7.954791188E-1
1.012686454E2,5.519596934E-1,-7.552437782E-1,7.214446664E-1
1.012786754E2,8.602632284E-1,-6.913492084E-1,7.419475317E-1
1.012887064E2,1.028920174E0,-6.382464170E-1,8.694980741E-1
1.012987374E2,1.045390844E0,-9.851441383E-1,1.045747161E0
1.013087674E2,9.561443329E-1,-1.338255405E0,1.057852387E0
1.013187984E2,8.862088919E-1,-1.695830822E0,9.653383493E-1
1.013288294E2,8.354282975E-1,-1.976348281E0,9.727672338E-1
1.013388594E2,8.368291259E-1,-2.099441290E0,1.084073305E0
1.013488904E2,8.157734275E-1,-1.914166927E0,1.238725662E0
1.013589214E2,6.384250522E-1,-1.804085135E0,1.302841783E0
1.013689514E2,3.827067912E-1,-1.982378960E0,1.246585965E0
1.013789824E2,4.407021701E-1,-2.479194403E0,9.155526757E-1
1.013890134E2,8.353422284E-1,-2.960901976E0,3.451654315E-1
1.013990434E2,1.015081644E0,-2.510599852E0,-3.573455513E-1
1.014090744E2,3.518396616E-1,6.734056026E-2,-8.498650789E-1
1.014191044E2,-5.504563451E-1,1.571092844E0,-1.011425614E0
1.014291354E2,-7.168407440E-1,5.151713490E-1,-1.053071618E0
1.014391664E2,-6.421409845E-1,3.561488986E-1,-7.666990757E-1
1.014491964E2,-2.912569046E-1,6.838878393E-1,-4.513370693E-1
1.014592274E2,1.933332235E-1,1.205883384E0,-1.011156812E-1
1.014692584E2,5.722330809E-1,2.223145247E0,1.052274108E-1
1.014792884E2,1.315012097E0,3.018145323E0,1.989536285E-1
1.014893194E2,5.778882980E0,6.472145915E-1,1.588491440E0
1.014993504E2,4.693042755E0,2.567779303E0,2.318326712E0
1.015093804E2,2.613250256E0,3.467983484E0,2.039145470E0
1.015194114E2,1.492339134E0,2.533873796E0,1.652958155E0
1.015294414E2,3.611055613E-1,2.077158451E0,1.102272153E0
1.015394724E2,-9.426648915E-2,1.805094838E0,3.033564985E-1
1.015495034E2,4.592462908E-3,1.669069648E0,3.169194162E-1
1.015595334E2,5.726172924E-1,8.503683805E-1,8.368790150E-1
1.015695644E2,8.020379543E-1,-5.130239725E-1,1.120507360E0
1.015795954E2,2.558569014E-1,-1.139870882E0,9.285346866E-1
1.015896254E2,-7.263523936E-1,-1.381037116E0,4.207238853E-1
1.015996564E2,-1.160169125E0,-1.859309673E0,-5.786080658E-2
1.016096874E2,-1.457230806E0,-1.434332371E0,-4.207791388E-1
1.016197174E2,-1.710486770E0,-1.004816651E0,-8.369550705E-1
1.016297484E2,-1.874655366E0,-1.094865561E0,-1.180837989E0
1.016397784E2,-1.687356353E0,-1.408648014E0,-1.450749636E0
1.016498094E2,-1.361851215E0,-1.625676513E0,-1.513838172E0
1.016598404E2,-1.064627886E0,-1.648649216E0,-1.442046285E0
1.016698704E2,-8.437892795E-1,-1.631583333E0,-1.285241723E0
1.016799014E2,-7.574373484E-1,-1.479680061E0,-1.177438021E0
1.016899314E2,-7.303299904E-1,-1.379974008E0,-1.121867537E0
1.016999624E2,-7.401288152E-1,-1.407087684E0,-9.562129974E-1
1.017099934E2,-8.968100548E-1,-1.524704337E0,-6.550094485E-1
1.017200234E2,-1.234548688E0,-1.338880181E0,-1.031582505E-1
1.017300544E2,-1.432647347E0,-9.780422449E-1,5.668430924E-1
1.017400854E2,-1.193874240E0,-2.889546156E-1,1.209126472E0
1.017501154E2,-3.713314533E-1,6.559367776E-1,1.643119693E0
1.017601464E2,7.747982144E-1,1.184808850E0,1.924908280E0
1.017701764E2,1.651407719E0,1.295380116E0,2.077230215E0
1.017802074E2,1.994168997E0,1.434959412E0,1.826284409E0
1.017902384E2,1.754823089E0,1.302061081E0,1.352900147E0
1.018002684E2,1.150640607E0,1.080420613E0,7.190853953E-1
1.018102994E2,3.392374218E-1,9.049157500E-1,5.236173514E-3
1.018203304E2,-7.226083279E-1,7.101814151E-1,-7.431392670E-1
1.018303604E2,-2.247547388E0,4.557460845E-1,-1.615241051E0
1.018403914E2,-5.049585342E0,-3.973147571E-1,-2.878227472E0
1.018504214E2,-4.945883274E0,1.405906916E0,-4.132628441E0
1.018604524E2,-2.567528248E0,3.702371359E0,-3.924664259E0
1.018704834E2,-5.872685909E-1,2.249421358E0,-3.588923693E0
1.018805134E2,-1.809524894E-1,1.282698274E0,-2.440880060E0
1.018905444E2,3.840176761E-1,7.262879014E-1,-1.284530759E0
1.019005754E2,7.429289818E-1,2.890583277E-1,-5.729775429E-1
1.019106054E2,3.440102935E-1,4.610130489E-1,-2.534711957E-1
1.019206364E2,-3.753630221E-1,5.607856512E-1,-2.552938461E-2
1.019306674E2,-8.123357892E-1,7.292859554E-1,2.869276404E-1
1.019406974E2,-8.679646850E-1,8.070963025E-1,5.307576060E-1
1.019507284E2,-3.347442746E-1,1.897313595E-1,6.511948705E-1
1.019607594E2,3.357405961E-1,-5.032396317E-1,6.950131655E-1
1.019707894E2,7.587943077E-1,-6.471388936E-1,6.931365728E-1
1.019808204E2,1.021524310E0,-6.454904079E-1,8.916224837E-1
1.019908514E2,1.137356043E0,-9.386110306E-1,1.034672737E0
1.020008814E2,1.115689039E0,-1.542451382E0,1.038386226E0
1.020109124E2,1.016885638E0,-2.090443134E0,1.036631227E0
1.020209424E2,1.067898989E0,-2.423933506E0,1.171289682E0
1.020309734E2,1.303605556E0,-2.054033041E0,1.333804965E0
1.020410044E2,1.298918128E0,-1.642182469E0,1.473033667E0
1.020510344E2,1.116827846E0,-1.729780436E0,1.448887348E0
1.020610654E2,1.133929372E0,-2.142693043E0,1.329042196E0
1.020710964E2,1.671529770E0,-2.607918024E0,1.011217356E0
1.020811264E2,1.987182498E0,-2.008922100E0,5.487055779E-1
1.020911574E2,1.376018286E0,3.978619725E-2,2.139604688E-1
1.021011884E2,5.849685669E-1,1.160080791E0,-1.968419701E-1
1.021112184E2,9.772350639E-2,1.931646168E-1,-5.021564364E-1
1.021212489E2,-1.699223071E-1,-2.438191026E-1,-5.312738419E-1
1.021312789E2,-1.242693812E-1,2.188040912E-1,-6.359050870E-1
1.021413099E2,1.805578917E-1,6.002081633E-1,-6.287776232E-1
1.021513409E2,3.751598001E-1,1.116977096E0,-5.116293430E-1
1.021613709E2,5.558472872E-1,1.776832461E0,-3.627464175E-1
1.021714019E2,8.499063849E-1,3.443701744E0,-3.567390442E-1
1.021814329E2,5.958608627E0,4.030344784E-1,1.469628811E0
1.021914629E2,4.293705463E0,3.070435047E0,2.241338253E0
1.022014939E2,1.820628047E0,3.827043533E0,2.056960821E0
1.022115249E2,7.032925636E-2,3.538335800E0,1.846194506E0
1.022215549E2,-1.206352830E0,3.047894716E0,1.214124680E0
1.022315859E2,-1.483822346E0,2.041663885E0,7.434452176E-1
1.022416159E2,-1.000777364E0,1.348248720E0,7.325488925E-1
1.022516469E2,2.850763500E-1,-1.183639616E-1,1.149760008E0
1.022616779E2,8.131774664E-1,-1.720257521E0,1.084088326E0
1.022717079E2,2.103963196E-1,-2.291445255E0,8.135663271E-1
1.022817389E2,-7.602958083E-1,-1.663838148E0,5.922491476E-2
1.022917699E2,-9.461376071E-1,-1.368277907E0,-4.317048788E-1
1.023017999E2,-1.097280502E0,-8.941908479E-1,-1.066872001E0
1.023118309E2,-1.235956907E0,-6.171112061E-1,-1.689915061E0
1.023218619E2,-1.248225808E0,-6.336848736E-1,-2.113697052E0
1.023318919E2,-1.156402111E0,-6.565607190E-1,-2.294647455E0
1.023419229E2,-1.046265006E0,-7.317404747E-1,-2.256440639E0
1.023519529E2,-1.065068841E0,-1.039590359E0,-2.004891872E0
1.023619839E2,-1.236644387E0,-1.469290972E0,-1.596214175E0
1.023720149E2,-1.351115227E0,-1.557834387E0,-1.152966022E0
1.023820449E2,-1.456458688E0,-1.542330027E0,-7.810502648E-1
1.023920759E2,-1.550216913E0,-1.531186819E0,-4.958720803E-1
1.024021069E2,-1.738565564E0,-1.460107207E0,-1.852854639E-1
1.024121369E2,-2.063791037E0,-7.966963053E-1,2.701335251E-1
1.024221679E2,-2.095657110E0,-1.228667125E-1,8.109557629E-1
1.024321979E2,-1.640551686E0,2.730151713E-1,1.276178241E0
1.024422289E2,-8.032158613E-1,6.321716905E-1,1.590251207E0
1.024522599E2,1.639483273E-1,8.149635792E-1,1.753752351E0
1.024622899E2,9.655880332E-1,8.910721540E-1,1.901947618E0
1.024723209E2,1.344553471E0,9.651699662E-1,1.823685169E0
1.024823509E2,1.228554130E0,1.074326992E0,1.456506848E0
1.024923819E2,5.700268745E-1,9.906268716E-1,8.786723614E-1
1.025024129E2,-4.913586676E-1,9.647004604E-1,1.006052643E-2
1.025124429E2,-2.399802923E0,5.351851583E-1,-1.124026179E0
1.025224739E2,-5.393137932E0,-7.614746690E-1,-2.881822109E0
1.025325049E2,-5.641570568E0,1.098736286E0,-4.475231647E0
1.025425349E2,-3.425561905E0,3.242354393E0,-3.813053131E0
1.025525659E2,-5.051177740E-1,2.358692169E0,-3.310072422E0
1.025625959E2,1.183655262E-1,1.168067098E0,-2.421408176E0
1.025726269E2,5.115101337E-1,2.557035685E-1,-1.096126199E0
1.025826579E2,8.967806101E-1,4.198249802E-2,-7.327200770E-1
1.025926879E2,2.934043109E-1,7.505200803E-2,-5.169800520E-1
1.026027189E2,-3.693078756E-1,5.150834918E-1,-1.464301944E-1
1.026127499E2,-6.422212124E-1,4.545077085E-1,2.984521985E-1
1.026227799E2,-4.934423566E-1,2.539666295E-1,7.120038271E-1
1.026328109E2,1.544412225E-1,-6.227745414E-1,9.832292199E-1
1.026428419E2,9.601931572E-1,-1.094152451E0,9.593577385E-1
1.026528719E2,1.387465477E0,-8.003952503E-1,9.225969315E-1
1.026629029E2,1.550511360E0,-7.758846283E-1,1.062213659E0
1.026729339E2,1.464522243E0,-9.781355858E-1,1.268711090E0
1.026829639E2,1.174679995E0,-1.488133669E0,1.297362089E0
1.026929949E2,9.265126586E-1,-1.833963752E0,1.275597215E0
1.027030259E2,8.046336174E-1,-2.135829926E0,1.362321734E0
1.027130559E2,6.718413234E-1,-2.215286493E0,1.419167876E0
1.027230869E2,4.770364165E-1,-2.055101395E0,1.421213150E0
1.027331169E2,3.787696064E-1,-2.022415876E0,1.333250761E0
1.027431479E2,4.073389173E-1,-2.338459969E0,1.105079889E0
1.027531789E2,6.758482456E-1,-2.727693558E0,6.332625151E-1
1.027632089E2,9.149591327E-1,-2.322989464E0,3.348268941E-2
1.027732399E2,6.491557956E-1,-7.104592919E-1,-4.603258371E-1
1.027832709E2,-1.746201217E-1,9.870499372E-1,-8.929808140E-1
1.027933009E2,-7.173337936E-1,1.003000855E0,-1.116405845E0
1.028033319E2,-9.483198524E-1,4.901582599E-1,-1.020534992E0
1.028133629E2,-8.261429071E-1,8.314391375E-1,-8.189759851E-1
1.028233929E2,-3.517526388E-1,1.322786808E0,-6.385611892E-1
1.028334239E2,1.848640889E-1,2.059667110E0,-4.132042229E-1
1.028434539E2,7.192640901E-1,2.513725042E0,-2.562651932E-1
1.028534849E2,9.979726672E-1,2.836781025E0,-1.300369650E-1
1.028635159E2,1.293544769E0,2.416384220E0,-1.333960146E-1
1.028735459E2,4.703433514E0,-1.760420084E0,1.328098774E0
1.028835769E2,3.993911982E0,2.283134699E0,1.933284879E0
1.028936079E2,2.254952669E0,3.688913584E0,1.550308347E0
1.029036379E2,8.654783368E-1,3.011946917E0,1.095723271E0
1.029136689E2,-4.352472126E-1,2.937104225E0,5.464870334E-1
1.029236999E2,-6.135776043E-1,2.406443596E0,-6.918974221E-2
1.029337299E2,-5.985600948E-1,1.988881230E0,2.404392660E-1
1.029437609E2,1.614772826E-1,9.870027304E-1,7.710248232E-1
1.029537909E2,6.753934622E-1,-6.652620435E-1,9.267520905E-1
1.029638219E2,-9.503613412E-2,-1.110428929E0,5.851327181E-1
1.029738529E2,-1.081239820E0,-1.272976518E0,1.260125935E-1
1.029838829E2,-1.586646199E0,-1.546345472E0,-3.092043996E-1
1.029939139E2,-1.746933579E0,-1.263410926E0,-6.377308965E-1
1.030039449E2,-1.837698460E0,-9.089517593E-1,-9.185095429E-1
1.030139749E2,-1.716500163E0,-8.592979908E-1,-1.135471106E0
1.030240059E2,-1.415211439E0,-9.804878235E-1,-1.286793470E0
1.030340359E2,-1.036754847E0,-1.344698548E0,-1.208919644E0
1.030440669E2,-8.691266775E-1,-1.746963620E0,-1.006678700E0
1.030540979E2,-9.940303564E-1,-1.885774970E0,-8.035057187E-1
1.030641279E2,-1.151941419E0,-1.795895696E0,-5.902677178E-1
1.030741589E2,-1.294627309E0,-1.689331651E0,-3.461464047E-1
1.030841899E2,-1.481854677E0,-1.680336595E0,-8.928983659E-2
1.030942199E2,-1.758687258E0,-1.420817614E0,2.740506828E-1
1.031042509E2,-1.942458987E0,-6.543483734E-1,7.679597735E-1
1.031142810E2,-1.628707886E0,-3.533386439E-2,1.238674521E0
1.031243120E2,-9.248418212E-1,7.444975376E-1,1.558395505E0
1.031343430E2,1.035841852E-1,1.094141006E0,1.638994932E0
1.031443730E2,9.259014726E-1,9.372636676E-1,1.809296012E0
1.031544040E2,1.458099961E0,1.084388614E0,1.657662749E0
1.031644350E2,1.529851913E0,1.165456891E0,1.311168671E0
1.031744650E2,1.137395144E0,1.218859076E0,7.851123810E-1
1.031844960E2,4.462633133E-1,1.134474397E0,1.273992211E-1
1.031945260E2,-3.989115357E-1,1.136094093E0,-5.403435230E-1
1.032045570E2,-1.406674027E0,1.359394789E0,-1.285110593E0
1.032145880E2,-4.234273911E0,-2.606371343E-1,-2.263385057E0
1.032246180E2,-6.072822571E0,-2.081822008E-1,-4.196978569E0
1.032346490E2,-3.676749706E0,4.354559422E0,-3.990077972E0
1.032446800E2,-8.774563074E-1,2.628866196E0,-3.489474773E0
1.032547100E2,9.340257198E-2,1.312040091E0,-2.691388130E0
1.032647410E2,5.254530311E-1,1.251666427E0,-1.568937182E0
1.032747720E2,1.002385736E0,8.250038028E-1,-9.001485109E-1
1.032848020E2,6.395034194E-1,4.698281884E-1,-3.689211309E-1
1.032948330E2,-7.225407660E-2,3.632955253E-2,1.204268709E-1
1.033048630E2,-4.997603893E-1,1.683807969E-1,3.934738636E-1
1.033148940E2,-5.895571709E-1,4.189000726E-1,6.770568490E-1
1.033249250E2,-2.395363301E-1,-9.568761289E-2,8.400529623E-1
1.033349550E2,3.484293222E-1,-7.612726092E-1,1.063844204E0
1.033449860E2,6.311036348E-1,-8.640908599E-1,1.128636241E0
1.033550170E2,7.458484769E-1,-8.489820957E-1,1.267916560E0
1.033650470E2,8.409739137E-1,-8.230575323E-1,1.336315632E0
1.033750780E2,8.597108126E-1,-8.705611229E-1,1.308361292E0
1.033851090E2,8.483673930E-1,-1.191888809E0,1.265792489E0
1.033951390E2,8.809793591E-1,-1.711606383E0,1.285130978E0
1.034051700E2,1.028031349E0,-1.899619699E0,1.289598703E0
1.034152010E2,1.210320115E0,-1.800632238E0,1.281561852E0
1.034252310E2,1.205242038E0,-1.767416954E0,1.210675359E0
1.034352620E2,1.102501869E0,-2.005300522E0,9.763572812E-1
1.034452930E2,1.243803620E0,-2.499813795E0,5.737128854E-1
1.034553230E2,1.662455082E0,-2.759848356E0,-7.138893008E-3
1.034653540E2,1.651544452E0,-1.173564672E0,-5.199508071E-1
1.034753840E2,8.572597504E-1,1.374616623E0,-7.836458683E-1
1.034854150E2,3.331831992E-1,1.276666641E0,-7.943459153E-1
1.034954460E2,1.575480402E-1,4.063091576E-1,-6.017860770E-1
1.035054760E2,2.872631550E-1,4.091387689E-1,-4.217516184E-1
1.035155070E2,4.861369729E-1,8.180603385E-1,-3.488083184E-1
1.035255380E2,6.940923333E-1,1.396196604E0,-3.914162219E-1
1.035355680E2,8.718212843E-1,2.062702656E0,-4.335642755E-1
1.035455990E2,1.170059443E0,2.151886463E0,-1.697523445E-1
1.035556300E2,2.621610403E0,1.718379140E0,4.792290330E-1
1.035656600E2,6.371282578E0,-1.422820091E-1,2.232426405E0
1.035756910E2,3.547583342E0,3.097541332E0,2.374134064E0
1.035857220E2,1.673285604E0,3.982198238E0,2.167845964E0
1.035957520E2,2.050498966E-3,3.649060726E0,1.736613035E0
1.036057830E2,-6.802335382E-1,3.349856615E0,1.014406085E0
1.036158140E2,-7.220644355E-1,2.463806152E0,2.714536786E-1
1.036258440E2,-5.338841081E-1,2.079154253E0,3.473471105E-1
1.036358750E2,3.295733333E-1,4.317269921E-1,6.729769111E-1
1.036459050E2,5.649826527E-1,-1.184628248E0,7.705711126E-1
1.036559360E2,-4.689271748E-1,-1.005520105E0,3.416421413E-1
1.036659670E2,-1.361327171E0,-1.207595706E0,2.421997674E-2
1.036759970E2,-1.631978869E0,-1.367734313E0,-3.956020176E-1
1.036860280E2,-1.882819057E0,-8.338807225E-1,-8.814773560E-1
1.036960590E2,-1.971199751E0,-7.248222828E-1,-1.254792571E0
1.037060890E2,-1.890914559E0,-1.080181718E0,-1.470494986E0
1.037161200E2,-1.695379138E0,-1.377357006E0,-1.596834898E0
1.037261510E2,-1.436274052E0,-1.632346153E0,-1.508397460E0
1.037361810E2,-1.340004802E0,-1.993673921E0,-1.360598564E0
1.037462120E2,-1.418413281E0,-2.203047037E0,-1.147587180E0
1.037562420E2,-1.413843989E0,-2.159816265E0,-9.034135938E-1
1.037662730E2,-1.449427485E0,-2.143702984E0,-6.562712193E-1
1.037763040E2,-1.625460863E0,-2.142778873E0,-2.987161577E-1
1.037863340E2,-2.065213203E0,-1.437140584E0,2.355725616E-1
1.037963650E2,-2.439423561E0,-4.373048544E-1,7.977367043E-1
1.038063960E2,-2.071152210E0,3.753896356E-1,1.272805452E0
1.038164260E2,-1.270213604E0,8.617275953E-1,1.468689203E0
1.038264570E2,-3.366065025E-1,1.448611259E0,1.522434235E0
1.038364870E2,6.253761649E-1,1.318215370E0,1.529678941E0
1.038465180E2,1.214625955E0,8.847403526E-1,1.538025856E0
1.038565490E2,1.477253318E0,5.771514773E-1,1.410332441E0
1.038665790E2,1.215314150E0,5.552296638E-1,9.444686770E-1
1.038766100E2,5.795491338E-1,7.249531150E-1,2.310608923E-1
1.038866410E2,-4.494286180E-1,1.318440437E0,-6.364627481E-1
1.038966710E2,-3.128722668E0,3.375354111E-1,-1.903660655E0
1.039067020E2,-5.755591393E0,8.242616057E-2,-4.103505611E0
1.039167330E2,-4.328100204E0,3.839962959E0,-4.099347115E0
1.039267630E2,-1.532370806E0,3.454601288E0,-3.723284006E0
1.039367940E2,-6.479969621E-2,1.869134188E0,-3.215593815E0
1.039468250E2,4.687784612E-1,1.147321701E0,-2.128158569E0
1.039568550E2,7.871489525E-1,9.462448955E-1,-1.317735195E0
1.039668860E2,5.378054380E-1,8.352445960E-1,-1.121067643E0
1.039769170E2,-2.804684341E-1,7.133171707E-2,-7.159811258E-1
1.039869470E2,-6.902769804E-1,-6.055485010E-1,-3.836840987E-1
1.039969780E2,-8.544231653E-1,-6.277746558E-1,4.910611734E-2
1.040070090E2,-6.831451654E-1,-7.113816738E-1,5.186675191E-1
1.040170390E2,-1.425884664E-2,-1.379991531E0,8.134225607E-1
1.040270700E2,4.420535564E-1,-1.404426575E0,9.993996620E-1
1.040371010E2,6.543406248E-1,-1.228178144E0,1.237718821E0
1.040471310E2,6.919465661E-1,-1.200051427E0,1.452425718E0
1.040571620E2,6.340398192E-1,-1.450981259E0,1.587467909E0
1.040671930E2,5.404459238E-1,-1.739577651E0,1.607981205E0
1.040772230E2,4.831203222E-1,-1.929302692E0,1.529946446E0
1.040872540E2,5.132172704E-1,-2.244607449E0,1.529268384E0
1.040972850E2,6.363981962E-1,-2.218168974E0,1.544045687E0
1.041073150E2,6.831824780E-1,-1.962492347E0,1.531062603E0
1.041173461E2,6.146432161E-1,-1.858350158E0,1.415816307E0
1.041273771E2,6.028676033E-1,-2.161617994E0,1.160751343E0
1.041374071E2,1.021016955E0,-2.606595278E0,6.498789191E-1
1.041474381E2,1.503086448E0,-2.361955166E0,9.763378650E-3
1.041574691E2,1.170942783E0,-4.963748753E-1,-5.141339302E-1
1.041674991E2,2.453577667E-1,1.372470975E0,-8.796988726E-1
1.041775301E2,-4.046046138E-1,1.015457869E0,-1.020592213E0
1.041875611E2,-6.917243004E-1,4.977824986E-1,-9.202222228E-1
1.041975911E2,-6.101458669E-1,6.494949460E-1,-7.720263004E-1
1.042076221E2,-3.145509362E-1,1.127711892E0,-6.086935401E-1
1.042176521E2,2.699417435E-2,1.667832017E0,-6.121206284E-1
1.042276831E2,4.586233497E-1,2.313452005E0,-3.699809015E-1
1.042377141E2,2.476025581E0,2.172671556E0,2.607387304E-1
1.042477441E2,6.500028610E0,1.113308072E0,2.133788586E0
1.042577751E2,3.487085104E0,3.199244261E0,2.115373135E0
1.042678061E2,1.390187979E0,3.678505182E0,1.782409072E0
1.042778371E2,1.326003522E-1,3.512008905E0,1.460280180E0
1.042878671E2,-8.009138107E-1,3.204448700E0,8.590707779E-1
1.042978981E2,-7.990763783E-1,2.754532814E0,4.793036878E-1
1.043079281E2,-1.267435551E-1,2.108519793E0,6.484460831E-1
1.043179591E2,4.230463207E-1,2.259433270E-1,8.716430068E-1
1.043279901E2,4.780842662E-1,-1.154035568E0,9.600067139E-1
1.043380201E2,-1.263981313E-1,-1.470417500E0,5.720005631E-1
1.043480511E2,-9.556180835E-1,-1.681603432E0,-8.766141720E-3
1.043580821E2,-1.317582011E0,-1.850884914E0,-3.660774231E-1
1.043681121E2,-1.592286348E0,-1.196448445E0,-7.193822265E-1
1.043781431E2,-1.629168153E0,-7.771909833E-1,-1.064731836E0
1.043881741E2,-1.577087164E0,-8.429939747E-1,-1.298504710E0
1.043982041E2,-1.330339313E0,-1.099014044E0,-1.414301395E0
1.044082351E2,-1.024435759E0,-1.462238908E0,-1.319299817E0
1.044182661E2,-8.734390736E-1,-1.814930320E0,-1.092051744E0
1.044282961E2,-9.749633074E-1,-1.998823762E0,-9.507347345E-1
1.044383271E2,-1.109761477E0,-1.816716313E0,-8.544771075E-1
1.044483581E2,-1.201500535E0,-1.660793066E0,-7.957757115E-1
1.044583881E2,-1.297442436E0,-1.811094761E0,-6.508293748E-1
1.044684191E2,-1.523036122E0,-1.981188178E0,-3.484703004E-1
1.044784501E2,-1.941898942E0,-1.407167196E0,1.845069975E-1
1.044884801E2,-1.962528944E0,-4.145633876E-1,7.529659271E-1
1.044985111E2,-1.433395982E0,4.960743785E-1,1.225079656E0
1.045085421E2,-4.605051875E-1,8.842644095E-1,1.585426211E0
1.045185721E2,6.028400660E-1,8.281678557E-1,1.873042822E0
1.045286031E2,1.355525017E0,8.451095819E-1,1.882799387E0
1.045386341E2,1.597370744E0,7.661923170E-1,1.682737947E0
1.045486641E2,1.340370893E0,6.705041528E-1,1.254858732E0
1.045586951E2,6.510359049E-1,5.755766630E-1,6.605687141E-1
1.045687261E2,-1.797558367E-1,6.311581731E-1,-7.391168177E-2
1.045787561E2,-1.438369155E0,1.114575624E0,-1.032101631E0
1.045887871E2,-5.189899445E0,-1.508753896E-1,-2.620849609E0
1.045988181E2,-6.540592670E0,8.738967776E-1,-4.828361511E0
1.046088481E2,-3.456997871E0,3.843477249E0,-4.246069431E0
1.046188791E2,-2.834321558E-1,2.759308815E0,-3.502817631E0
1.046289101E2,1.331280172E-1,1.701011539E0,-2.681806803E0
1.046389401E2,8.179178238E-1,1.897189260E0,-1.317793012E0
1.046489711E2,1.175946474E0,1.551274300E0,-8.779217005E-1
1.046590021E2,7.494650483E-1,6.024746895E-1,-5.992240310E-1
1.046690321E2,2.786751390E-1,-2.322987616E-1,-3.267017007E-1
1.046790631E2,-1.660719700E-2,-5.312505960E-1,-2.732587047E-2
1.046890941E2,-3.841612339E-1,5.819429085E-2,3.141465187E-1
1.046991241E2,-2.561145425E-1,-3.464089334E-1,5.652768016E-1
1.047091551E2,2.786857188E-1,-9.712783694E-1,8.201740980E-1
1.047191861E2,5.076295733E-1,-1.130127907E0,1.026327729E0
1.047292161E2,6.211321354E-1,-1.021813631E0,1.221213937E0
1.047392471E2,6.533322930E-1,-9.205026627E-1,1.435820818E0
1.047492781E2,5.441155434E-1,-9.623334408E-1,1.463894606E0
1.047593081E2,5.340545774E-1,-1.153058171E0,1.488327146E0
1.047693391E2,5.970609784E-1,-1.454681039E0,1.535297275E0
1.047793701E2,7.382977605E-1,-1.691822767E0,1.597193718E0
1.047894011E2,9.192869663E-1,-1.710201502E0,1.644421935E0
1.047994311E2,9.352018833E-1,-1.762307405E0,1.620607972E0
1.048094621E2,8.671568036E-1,-1.945266485E0,1.435610175E0
1.048194931E2,9.915705919E-1,-2.228944778E0,9.998590350E-1
1.048295231E2,1.337244034E0,-2.240691185E0,3.339145780E-1
1.048395541E2,1.107646585E0,-5.243981481E-1,-2.930700183E-1
1.048495851E2,2.269258648E-1,1.321794510E0,-7.780817151E-1
1.048596151E2,-4.188589752E-1,9.244563580E-1,-1.046926260E0
1.048696461E2,-6.782055497E-1,4.035143256E-1,-1.060545921E0
1.048796771E2,-5.234980583E-1,6.825281978E-1,-1.084161401E0
1.048897071E2,-1.035378352E-1,1.340125442E0,-1.070502639E0
1.048997381E2,3.687017858E-1,1.848366618E0,-1.090273976E0
1.049097691E2,8.791954517E-1,2.200369596E0,-9.007306695E-1
1.049197991E2,1.222103357E0,2.261188745E0,-4.796903431E-1
1.049298301E2,2.906898737E0,1.770177484E0,1.329941005E-1
1.049398611E2,7.190040112E0,-2.893072069E-1,2.244717121E0
1.049498911E2,3.658995152E0,3.523325205E0,2.154597521E0
1.049599221E2,1.953867078E0,3.802229404E0,2.094088316E0
1.049699531E2,2.365809828E-1,3.589398861E0,1.773380280E0
1.049799831E2,-1.036657810E0,3.245291948E0,1.319665551E0
1.049900141E2,-1.198133230E0,2.358832359E0,8.522773981E-1
1.050000451E2,-9.161048532E-1,1.598453164E0,1.102213264E0
1.050100751E2,2.091672421E-1,-3.071464300E-1,1.274903774E0
1.050201061E2,5.105026364E-1,-1.459605575E0,1.150854945E0
1.050301371E2,-1.392660588E-1,-1.542462945E0,6.226822138E-1
1.050401671E2,-9.460129738E-1,-1.640015483E0,4.696679860E-2
1.050501981E2,-1.332155347E0,-1.184508920E0,-5.405041575E-1
1.050602291E2,-1.391065478E0,-6.418653727E-1,-8.895387650E-1
1.050702601E2,-1.499214768E0,-4.507593215E-1,-1.205913067E0
1.050802901E2,-1.495763540E0,-6.225477457E-1,-1.458745956E0
1.050903211E2,-1.275202990E0,-9.197623730E-1,-1.574020863E0
1.051003521E2,-9.284068346E-1,-1.278622866E0,-1.515641093E0
1.051103821E2,-8.679828644E-1,-1.657952666E0,-1.352751017E0
1.051204164E2,-9.039433599E-1,-1.937638998E0,-1.211686850E0
1.051304474E2,-8.999233246E-1,-1.884354472E0,-1.025490642E0
1.051404774E2,-8.486295342E-1,-1.788954496E0,-8.428057432E-1
1.051505084E2,-8.549593091E-1,-1.833570719E0,-6.024370790E-1
1.051605394E2,-9.978001118E-1,-2.001761675E0,-2.316056490E-1
1.051705694E2,-1.374001503E0,-1.676262617E0,3.041539192E-1
1.051806004E2,-1.691603899E0,-9.344272017E-1,9.618319273E-1
1.051906314E2,-1.625172496E0,-1.995783858E-2,1.360257626E0
1.052006614E2,-1.062749624E0,7.719852924E-1,1.536320210E0
1.052106924E2,-1.205152422E-1,7.231682539E-1,1.777136087E0
1.052207224E2,9.113947749E-1,4.326699376E-1,1.915963054E0
1.052307534E2,1.532712340E0,5.105341077E-1,1.853394985E0
1.052407844E2,1.664616227E0,6.652066112E-1,1.538061619E0
1.052508144E2,1.281924963E0,6.426158547E-1,9.640740752E-1
1.052608454E2,4.501963556E-1,6.206129193E-1,1.848944873E-1
1.052708764E2,-8.780898452E-1,1.097812295E0,-7.967780828E-1
1.052809064E2,-4.107590199E0,1.020242274E-1,-2.241658926E0
1.052909374E2,-6.736663818E0,5.862082541E-2,-4.516883850E0
1.053009684E2,-4.512883186E0,2.859575272E0,-4.366901398E0
1.053109994E2,-9.768307209E-1,3.206262112E0,-3.555824280E0
1.053210294E2,1.759264171E-1,1.568161845E0,-2.918488979E0
1.053310604E2,3.657341599E-1,5.010081530E-1,-1.707053661E0
1.053410914E2,3.789343536E-1,5.747130513E-1,-9.860715866E-1
1.053511214E2,5.330388434E-3,7.222162485E-1,-7.337170839E-1
1.053611524E2,-4.504517019E-1,5.661989748E-2,-3.385799229E-1
1.053711834E2,-6.787301302E-1,-2.017221749E-1,-4.997368157E-2
1.053812134E2,-8.001526594E-1,-1.001975834E-1,3.082115054E-1
1.053912444E2,-6.434549093E-1,-2.533293366E-1,7.761986852E-1
1.054012754E2,-4.247582331E-2,-7.133514285E-1,1.123092055E0
1.054113064E2,4.830750227E-1,-8.048022389E-1,1.227067947E0
1.054213364E2,6.019375324E-1,-8.177002072E-1,1.268242359E0
1.054313674E2,6.248928905E-1,-7.561470866E-1,1.352626443E0
1.054413984E2,6.676704288E-1,-1.097368240E0,1.377544045E0
1.054514284E2,6.907768250E-1,-1.610202193E0,1.372566342E0
1.054614594E2,7.118260264E-1,-1.987749815E0,1.374052167E0
1.054714904E2,7.526192665E-1,-2.127756596E0,1.350976348E0
1.054815204E2,8.671936393E-1,-1.972144604E0,1.326040864E0
1.054915514E2,9.272004962E-1,-1.785018444E0,1.257701993E0
1.055015824E2,8.438908458E-1,-1.902920365E0,1.187684417E0
1.055116124E2,7.854751945E-1,-2.245184898E0,9.429973960E-1
1.055216434E2,1.077770591E0,-2.499603748E0,4.372192025E-1
1.055316744E2,1.406641364E0,-1.830327988E0,-1.184152737E-1
1.055417054E2,1.009012341E0,2.509270310E-1,-4.753715992E-1
1.055517354E2,1.292048860E-2,1.609120250E0,-7.169692516E-1
1.055617664E2,-7.639794946E-1,6.920073032E-1,-9.109468460E-1
1.055717974E2,-1.085229397E0,-1.193094924E-1,-8.070486784E-1
1.055818274E2,-9.753972292E-1,2.146734446E-1,-8.432680964E-1
1.055918584E2,-4.979510307E-1,7.831289172E-1,-6.207988262E-1
1.056018894E2,1.977044642E-1,1.302363276E0,-4.405028224E-1
1.056119194E2,8.444867134E-1,2.106162548E0,-1.684247255E-1
1.056219504E2,2.195055246E0,2.880737543E0,-9.374208748E-3
1.056319814E2,5.846072197E0,1.251383066E0,1.522288322E0
1.056420114E2,3.901057005E0,3.656487465E0,1.738156199E0
1.056520424E2,2.007020235E0,4.105531216E0,1.408284545E0
1.056620734E2,7.391070724E-1,4.090290546E0,1.043865085E0
1.056721034E2,-2.110957652E-1,3.787200689E0,4.234833717E-1
1.056821344E2,-4.036940336E-1,3.131129026E0,3.219178319E-1
1.056921654E2,3.178862631E-1,1.767903328E0,1.015791416E0
1.057021964E2,5.362284184E-1,-4.175319672E-1,1.622174263E0
1.057122264E2,4.322128296E-1,-2.108357191E0,1.772138715E0
1.057222574E2,-1.403220445E-1,-2.055630445E0,1.143694878E0
1.057322884E2,-6.492015123E-1,-1.382063508E0,2.321686149E-1
1.057423184E2,-7.609021664E-1,-1.353828549E0,-4.433292449E-1
1.057523494E2,-1.038931131E0,-1.033915877E0,-9.593633413E-1
1.057623804E2,-1.255313873E0,-9.377770424E-1,-1.290622950E0
1.057724104E2,-1.435739398E0,-9.217929840E-1,-1.561463237E0
1.057824414E2,-1.339987993E0,-1.172973394E0,-1.644007087E0
1.057924724E2,-1.126366019E0,-1.567172289E0,-1.534325361E0
1.058025024E2,-1.066779017E0,-1.866868854E0,-1.298592448E0
1.058125334E2,-1.066796064E0,-1.898162007E0,-1.049755931E0
1.058225644E2,-1.094109535E0,-1.722593904E0,-8.581786156E-1
1.058325944E2,-1.061912179E0,-1.613417268E0,-6.843751073E-1
1.058426254E2,-1.010393262E0,-1.757161379E0,-4.885383248E-1
1.058526564E2,-1.081052065E0,-1.911767364E0,-1.835230291E-1
1.058626864E2,-1.448330402E0,-1.523153901E0,3.899988830E-1
1.058727174E2,-1.667615294E0,-8.192005754E-1,1.114646554E0
1.058827484E2,-1.286066413E0,-3.481606767E-2,1.782262087E0
1.058927784E2,-3.403397799E-1,9.939049482E-1,2.093252659E0
1.059028094E2,8.196786642E-1,1.523144603E0,2.170022011E0
1.059128404E2,1.739612103E0,1.538417935E0,2.061977148E0
1.059228704E2,2.161738873E0,1.266718507E0,1.764560461E0
1.059329014E2,2.213912487E0,9.658949375E-1,1.343367457E0
1.059429324E2,1.865990996E0,8.139594197E-1,7.491025925E-1
1.059529624E2,1.032545447E0,5.642063022E-1,-3.658265574E-3
1.059629934E2,-2.183668017E-1,6.627969742E-1,-8.634397984E-1
1.059730244E2,-2.676258087E0,7.054251432E-1,-1.996438503E0
1.059830544E2,-6.999285698E0,4.782170951E-1,-4.296072960E0
1.059930854E2,-5.763090611E0,2.703418493E0,-4.841291428E0
1.060031164E2,-1.429565191E0,4.435398102E0,-3.868585825E0
1.060131464E2,2.402056158E-1,2.593712330E0,-3.677207947E0
1.060231774E2,3.003836274E-1,1.011959076E0,-2.558771133E0
1.060332084E2,3.380801380E-1,3.321206272E-1,-1.433399200E0
1.060432394E2,-7.956732810E-2,3.784465790E-1,-9.691575766E-1
1.060532694E2,-7.407106757E-1,6.768958569E-1,-4.288596511E-1
1.060633004E2,-1.017089009E0,2.923488617E-1,1.590243727E-2
1.060733314E2,-1.053121328E0,2.847838700E-1,4.176938236E-1
1.060833614E2,-9.577369690E-1,1.588804126E-1,7.544309497E-1
1.060933924E2,-2.719599307E-1,-6.265968680E-1,9.724498391E-1
1.061034234E2,3.390956223E-1,-8.331520557E-1,9.376028776E-1
1.061134534E2,4.304361939E-1,-1.018947840E0,8.694086671E-1
1.061234813E2,4.535341859E-1,-1.067326069E0,8.175737262E-1
1.061335123E2,4.480675161E-1,-1.401295543E0,7.999910116E-1
1.061435433E2,4.783198535E-1,-1.942751765E0,8.565391898E-1
1.061535733E2,5.903095007E-1,-2.366331816E0,1.046152234E0
1.061636043E2,7.697346807E-1,-2.370354652E0,1.165103674E0
1.061736353E2,1.031908035E0,-2.225266695E0,1.302189827E0
1.061836652E2,1.065643430E0,-2.086541891E0,1.446800470E0
1.061936963E2,8.402662277E-1,-2.214944601E0,1.527315021E0
1.062037273E2,6.291303039E-1,-2.248911619E0,1.486284733E0
1.062137572E2,7.655078173E-1,-2.257748604E0,1.260474801E0
1.062237883E2,1.031197667E0,-1.693445086E0,8.051325083E-1
1.062338193E2,6.490900517E-1,-7.666102052E-2,3.558527231E-1
1.062438503E2,-6.173682958E-2,1.276201606E0,-1.322117150E-1
1.062538802E2,-4.242060781E-1,7.049226165E-1,-4.942098558E-1
1.062639113E2,-5.708482265E-1,1.450715512E-1,-5.518355370E-1
1.062739423E2,-4.075535536E-1,4.725226164E-1,-5.721112490E-1
1.062839722E2,-3.505134210E-2,1.041680694E0,-6.025847197E-1
1.062940033E2,3.624435663E-1,1.818386555E0,-6.682103276E-1
1.063040343E2,6.627103090E-1,2.446853638E0,-5.997255445E-1
1.063140643E2,1.349168062E0,2.977994204E0,-6.017343998E-1
1.063240953E2,6.341350079E0,4.499303401E-1,1.066098094E0
1.063341263E2,4.278394699E0,3.442071676E0,1.629087687E0
1.063441563E2,2.227953196E0,4.177891731E0,1.547377229E0
1.063541872E2,6.704183817E-1,3.748077869E0,1.311518073E0
1.063642183E2,-4.918406904E-1,3.105549097E0,7.645781040E-1
1.063742483E2,-1.107747436E0,2.749629736E0,2.838500738E-1
1.063842792E2,-5.777048469E-1,2.422690392E0,6.814538240E-1
1.063943103E2,6.491702795E-1,8.598067760E-1,1.111474395E0
1.064043413E2,1.076459765E0,-1.052640676E0,1.102692485E0
1.064143713E2,5.144094229E-1,-1.911054730E0,7.259737253E-1
1.064244022E2,-3.769096732E-1,-2.211138725E0,3.043934107E-1
1.064344333E2,-7.512012720E-1,-1.922035694E0,-2.471870743E-2
1.064444633E2,-1.041579247E0,-1.259589791E0,-3.386004269E-1
1.064544942E2,-1.308524132E0,-6.952000856E-1,-7.869374752E-1
1.064645253E2,-1.466341257E0,-8.315599561E-1,-1.099390268E0
1.064745553E2,-1.442235947E0,-1.118096352E0,-1.305747509E0
1.064845863E2,-1.232919455E0,-1.307616949E0,-1.350413203E0
1.064946172E2,-1.103470087E0,-1.511526942E0,-1.282195568E0
1.065046473E2,-1.181025624E0,-1.833842278E0,-1.169449925E0
1.065146783E2,-1.317800164E0,-1.973023057E0,-1.015711188E0
1.065247092E2,-1.396620989E0,-1.887879252E0,-9.371021986E-1
1.065347393E2,-1.467679143E0,-1.836412311E0,-8.456255198E-1
1.065447703E2,-1.572968364E0,-1.906215549E0,-6.618064046E-1
1.065548013E2,-1.874540925E0,-1.735597253E0,-2.547909915E-1
1.065648313E2,-2.166602612E0,-9.463035464E-1,4.454466105E-1
1.065748623E2,-2.061120272E0,-3.215963766E-2,1.231908917E0
1.065848933E2,-1.361405134E0,6.969631910E-1,1.798378825E0
1.065949232E2,-2.534635663E-1,9.846562147E-1,1.901519895E0
1.066049543E2,7.940056920E-1,9.125041962E-1,2.190841436E0
1.066149853E2,1.529224038E0,9.454848170E-1,2.088465929E0
1.066250152E2,1.606520653E0,1.148401022E0,1.621751904E0
1.066350463E2,1.136837602E0,1.082477450E0,9.724861979E-1
1.066450773E2,2.604365349E-1,8.728666902E-1,2.669521570E-1
1.066551073E2,-8.955570459E-1,6.163893342E-1,-6.134979129E-1
1.066651382E2,-3.458328247E0,-4.738474488E-1,-1.881120563E0
1.066751693E2,-6.283620834E0,-7.426483035E-1,-4.071050644E0
1.066851993E2,-5.108253479E0,2.777865171E0,-4.460411072E0
1.066952302E2,-1.681811571E0,2.969329119E0,-3.566125154E0
1.067052613E2,-1.901050210E-1,1.256580949E0,-3.092594862E0
1.067152923E2,-8.265686035E-2,1.271241665E0,-1.745404840E0
1.067253223E2,7.396531701E-1,6.526641250E-1,-7.127889991E-1
1.067353533E2,7.074273229E-1,4.082888067E-1,-3.121249378E-1
1.067453843E2,-1.091045663E-1,9.160190821E-2,1.821707934E-1
1.067554143E2,-6.086073518E-1,-1.827423126E-1,5.556833744E-1
1.067654452E2,-7.736964226E-1,4.477944970E-2,7.912318707E-1
1.067754763E2,-6.492990851E-1,-3.205186129E-1,8.512054682E-1
1.067855063E2,9.701211937E-3,-9.282200933E-1,8.730003238E-1
1.067955373E2,6.637765169E-1,-8.250950575E-1,7.623563409E-1
1.068055683E2,9.927383065E-1,-6.647623777E-1,7.583650947E-1
1.068155993E2,1.077987194E0,-4.324071705E-1,8.616403341E-1
1.068256293E2,1.103828073E0,-6.034468412E-1,1.011884689E0
1.068356602E2,9.932507277E-1,-1.092651606E0,1.074178934E0
1.068456913E2,9.326472282E-1,-1.645945549E0,1.123695612E0
1.068557213E2,8.519496918E-1,-1.768297553E0,1.167774677E0
1.068657522E2,9.308248758E-1,-1.757773757E0,1.267275214E0
1.068757833E2,9.043674469E-1,-1.606358886E0,1.343174458E0
1.068858133E2,7.909348011E-1,-1.743853688E0,1.343032837E0
1.068958443E2,7.396079898E-1,-2.094053745E0,1.144351363E0
1.069058752E2,1.028804660E0,-2.632688046E0,7.468957305E-1
1.069159063E2,1.353104472E0,-2.793426275E0,1.495234072E-1
1.069259363E2,1.013451099E0,-1.253503203E0,-4.278571606E-1
1.069359672E2,-1.253419667E-1,1.170361757E0,-8.700615168E-1
1.069459983E2,-8.936834931E-1,1.344461322E0,-1.144627810E0
1.069560283E2,-9.827223420E-1,4.209042490E-1,-1.122612476E0
1.069660593E2,-7.773012519E-1,5.691928864E-1,-9.022096992E-1
1.069760902E2,-4.033716321E-1,8.035262823E-1,-7.187011242E-1
1.069861203E2,1.633390598E-2,1.456622005E0,-6.063899994E-1
1.069961513E2,3.890651464E-1,2.067107439E0,-3.860115409E-1
1.070061822E2,1.308411121E0,2.931957483E0,-1.476808786E-1
1.070162123E2,5.649117470E0,1.561249971E0,1.255157590E0
1.070262433E2,4.409854412E0,2.264090300E0,1.806653976E0
1.070362743E2,1.866441846E0,3.402083158E0,1.364529848E0
1.070463043E2,5.592449307E-1,3.583801985E0,1.149145126E0
1.070563353E2,-4.579043984E-1,3.313164234E0,9.123586416E-1
1.070663663E2,-7.891132236E-1,2.874004126E0,5.590113401E-1
1.070763972E2,7.316505164E-2,2.304944754E0,5.940276384E-1
1.070864273E2,8.738858700E-1,9.904962182E-1,8.801127076E-1
1.070964583E2,9.030147195E-1,-4.833695590E-1,7.130720615E-1
1.071064892E2,3.383044004E-1,-8.500623107E-1,2.734767497E-1
1.071165193E2,-6.238712072E-1,-1.191828132E0,-2.314258516E-1
1.071265554E2,-1.211373448E0,-1.840544224E0,-5.248188972E-1
1.071365864E2,-1.430956364E0,-1.741687655E0,-7.218970656E-1
1.071466164E2,-1.789838433E0,-1.565525532E0,-9.025047421E-1
1.071566474E2,-2.018716574E0,-1.594698071E0,-1.069989085E0
1.071666784E2,-1.948808551E0,-1.546909332E0,-1.177373886E0
1.071767084E2,-1.641221642E0,-1.533587098E0,-1.170454144E0
1.071867394E2,-1.439068675E0,-1.718402743E0,-1.063270807E0
1.071967704E2,-1.391556501E0,-1.814062476E0,-9.479942918E-1
1.072068004E2,-1.397625804E0,-1.688349605E0,-8.883963227E-1
1.072168314E2,-1.455287457E0,-1.650796175E0,-7.507739663E-1
1.072268624E2,-1.567541122E0,-1.864336848E0,-5.211886168E-1
1.072368924E2,-1.737966418E0,-1.999007344E0,-1.269933730E-1
1.072469234E2,-1.932718515E0,-1.857757688E0,5.182560086E-1
1.072569544E2,-1.947903514E0,-1.328788161E0,1.247973084E0
1.072669844E2,-1.493402958E0,-3.536306024E-1,1.874591231E0
1.072770154E2,-4.870409369E-1,8.164379597E-1,2.205570221E0
1.072870464E2,7.256531119E-1,1.291546464E0,2.294903278E0
1.072970764E2,1.482572436E0,1.387791276E0,2.179736376E0
1.073071074E2,1.681405067E0,1.360084772E0,1.765638590E0
1.073171384E2,1.366412520E0,1.145050287E0,1.150860906E0
1.073271684E2,6.915027499E-1,9.589816332E-1,4.946468472E-1
1.073371994E2,-3.010408878E-1,7.476110458E-1,-3.155607879E-1
1.073472304E2,-2.345563650E0,2.571770847E-1,-1.371464729E0
1.073572614E2,-5.730449677E0,-3.901153803E-1,-3.157503605E0
1.073672914E2,-5.576839924E0,2.470147848E0,-4.806855679E0
1.073773224E2,-2.688317537E0,4.101883411E0,-3.849734306E0
1.073873534E2,-4.733565450E-2,2.142328739E0,-3.511303425E0
1.073973834E2,2.380905002E-1,1.156484365E0,-2.499596596E0
1.074074144E2,7.960693240E-1,5.176234841E-1,-1.401319385E0
1.074174454E2,1.280740738E0,4.263751581E-2,-1.133749247E0
1.074274754E2,3.936997652E-1,3.834242746E-2,-8.744766712E-1
1.074375064E2,-6.444616914E-1,4.046669006E-1,-3.335825503E-1
1.074475374E2,-1.084808826E0,9.749839306E-1,1.310673505E-1
1.074575684E2,-1.177701235E0,8.030484319E-1,4.647606611E-1
1.074675984E2,-5.909335613E-1,4.049496353E-2,7.355041504E-1
1.074776294E2,2.081825212E-2,-4.001505971E-1,7.872312665E-1
1.074876604E2,5.103739500E-1,-5.325605273E-1,8.332695961E-1
1.074976904E2,7.637574673E-1,-7.023754120E-1,9.737494588E-1
1.075077214E2,9.596132636E-1,-1.191718221E0,1.149939060E0
1.075177524E2,9.947831631E-1,-1.756355762E0,1.216865301E0
1.075277824E2,8.794101477E-1,-2.031783104E0,1.218153954E0
1.075378134E2,8.343345523E-1,-2.074136019E0,1.289495587E0
1.075478444E2,9.423097968E-1,-1.944693208E0,1.384148955E0
1.075578754E2,1.000052094E0,-1.810505271E0,1.486211658E0
1.075679054E2,9.429456592E-1,-1.941444874E0,1.510246754E0
1.075779364E2,9.208954573E-1,-2.375180960E0,1.412624598E0
1.075879674E2,1.240929127E0,-2.773573399E0,1.043493748E0
1.075979974E2,1.619219184E0,-2.577869892E0,5.017699599E-1
1.076080284E2,1.198191881E0,-5.498546362E-1,3.922280669E-2
1.076180594E2,1.343871653E-1,1.569496512E0,-3.863079846E-1
1.076280894E2,-5.067037940E-1,1.053933620E0,-7.465590239E-1
1.076381204E2,-7.412534952E-1,5.134274065E-2,-8.540881276E-1
1.076481514E2,-6.906143427E-1,3.903784752E-1,-8.264638782E-1
1.076581814E2,-4.459193945E-1,8.316696286E-1,-7.637174129E-1
1.076682124E2,-3.265193477E-2,1.481871247E0,-7.516105175E-1
1.076782434E2,3.332791626E-1,1.792554021E0,-5.243119001E-1
1.076882744E2,7.451359630E-1,2.658786058E0,-3.703798652E-1
1.076983044E2,2.559650183E0,1.867072701E0,8.721923456E-3
1.077083354E2,6.127302170E0,5.467100069E-3,1.709692359E0
1.077183664E2,2.888783455E0,4.389782429E0,1.372566462E0
1.077283964E2,1.378549337E0,4.032728672E0,1.211500287E0
1.077384274E2,6.163671240E-2,3.959705353E0,8.926972747E-1
1.077484584E2,-1.065410614E0,3.253026009E0,5.616165996E-1
1.077584884E2,-9.045473933E-1,2.307840586E0,5.837621093E-1
1.077685194E2,-1.352830082E-1,1.456726432E0,1.256289363E0
1.077785504E2,7.301127911E-1,-3.229461312E-1,1.506076813E0
1.077885804E2,7.377318740E-1,-1.341576695E0,1.156799197E0
1.077986114E2,1.270391941E-1,-1.412560821E0,4.521462321E-1
1.078086424E2,-3.612566888E-1,-1.737290144E0,-2.646462619E-1
1.078186734E2,-6.129712462E-1,-1.708577037E0,-8.128659725E-1
1.078287034E2,-8.647782803E-1,-1.370651126E0,-1.054049850E0
1.078387344E2,-1.191416025E0,-1.431210876E0,-1.267734766E0
1.078487654E2,-1.331752658E0,-1.489929795E0,-1.391282558E0
1.078587954E2,-1.215970635E0,-1.351031542E0,-1.395804644E0
1.078688264E2,-1.007543564E0,-1.309404731E0,-1.290442348E0
1.078788574E2,-1.033917308E0,-1.526268244E0,-1.131405115E0
1.078888874E2,-1.188896418E0,-1.681220055E0,-9.461857080E-1
1.078989184E2,-1.295296073E0,-1.778220892E0,-8.193137646E-1
1.079089494E2,-1.360285759E0,-1.882890463E0,-6.988928914E-1
1.079189794E2,-1.554693103E0,-2.124559402E0,-4.693992734E-1
1.079290104E2,-2.016593695E0,-1.706493258E0,3.358051181E-2
1.079390414E2,-2.302524328E0,-7.396593094E-1,7.529724836E-1
1.079490714E2,-1.951816797E0,2.003182918E-1,1.480990171E0
1.079591024E2,-9.850259423E-1,7.980088592E-1,1.917027116E0
1.079691334E2,1.612458974E-1,1.063686132E0,2.163057327E0
1.079791634E2,1.010975599E0,1.207843304E0,2.085323334E0
1.079891944E2,1.444971085E0,1.124119401E0,1.770515919E0
1.079992254E2,1.536377072E0,8.527075648E-1,1.462743282E0
1.080092554E2,1.367710114E0,8.357573748E-1,1.068700910E0
1.080192864E2,6.475245357E-1,7.467809319E-1,4.430896640E-1
1.080293174E2,-7.489400506E-1,9.791343808E-1,-4.739337564E-1
1.080393474E2,-4.017479420E0,-1.722633094E-1,-1.856010795E0
1.080493784E2,-6.534890652E0,2.190855592E-1,-4.156568527E0
1.080594094E2,-4.594577789E0,3.671600580E0,-4.051080704E0
1.080694394E2,-7.310502529E-1,3.776028156E0,-3.239705563E0
1.080794704E2,5.746622086E-1,2.212596893E0,-2.968576193E0
1.080895014E2,9.650591016E-1,9.130647182E-1,-1.866667747E0
1.080995324E2,1.289763331E0,5.213206410E-1,-1.172935843E0
1.081095624E2,7.379516363E-1,9.560667723E-2,-1.101952314E0
1.081195881E2,3.846543655E-2,-2.445120066E-1,-5.236333609E-1
1.081296191E2,-2.990047038E-1,-2.534301281E-1,7.807883620E-2
1.081396491E2,-5.990971327E-1,4.674050212E-1,6.378982067E-1
1.081496801E2,-2.685090899E-1,3.651896119E-2,9.420140386E-1
1.081597111E2,4.519071281E-1,-7.224742174E-1,1.060491204E0
1.081697421E2,8.476310372E-1,-9.885455966E-1,9.817209840E-1
1.081797721E2,9.733157158E-1,-1.060253024E0,9.837064147E-1
1.081898031E2,1.052663922E0,-8.299956918E-1,1.058000088E0
1.081998341E2,1.045266151E0,-1.024692178E0,1.233021736E0
1.082098641E2,9.086882472E-1,-1.464240074E0,1.308791161E0
1.082198951E2,8.011657596E-1,-1.879209042E0,1.380141497E0
1.082299261E2,8.362880349E-1,-2.116100073E0,1.399670124E0
1.082399561E2,9.535204172E-1,-2.023425579E0,1.417376757E0
1.082499871E2,9.287192822E-1,-2.035616398E0,1.462522507E0
1.082600181E2,8.537707329E-1,-2.219729424E0,1.416629553E0
1.082700491E2,9.270452857E-1,-2.527945995E0,1.198920488E0
1.082800791E2,1.351573944E0,-2.696567059E0,7.129404545E-1
1.082901101E2,1.620953441E0,-1.783335924E0,1.271469891E-1
1.083001411E2,8.044770956E-1,6.442930698E-1,-3.298591673E-1
1.083101711E2,-2.851699889E-1,1.498808026E0,-7.270027995E-1
1.083202021E2,-8.783118725E-1,3.697632849E-1,-1.025558710E0
1.083302331E2,-1.036367655E0,2.548478544E-1,-9.792377949E-1
1.083402631E2,-8.801974654E-1,6.206082702E-1,-8.477386236E-1
1.083502941E2,-3.352366090E-1,1.184946418E0,-7.275633216E-1
1.083603251E2,2.947370708E-1,1.903983116E0,-4.885843396E-1
1.083703551E2,7.590476871E-1,2.503044605E0,-3.139895499E-1
1.083803861E2,1.203185678E0,3.067970991E0,-2.853051722E-1
1.083904171E2,3.198110819E0,2.206960201E0,1.629166007E-1
1.084004471E2,6.160485268E0,7.688192278E-2,2.273142815E0
1.084104781E2,2.712514877E0,4.109269142E0,1.673117757E0
1.084205091E2,1.529481173E0,3.337600708E0,1.315470695E0
1.084305401E2,3.077516332E-3,3.617414713E0,6.432403922E-1
1.084405701E2,-8.393335938E-1,2.881936312E0,-9.021067619E-2
1.084506011E2,-8.518584967E-1,1.654638648E0,-1.020645052E-1
1.084606321E2,-6.229954958E-1,1.162386656E0,2.417013943E-1
1.084706621E2,4.045540392E-1,-2.247245014E-1,6.294693947E-1
1.084806931E2,5.627849102E-1,-1.022796869E0,5.438402295E-1
1.084907241E2,-2.349888682E-1,-8.875181675E-1,1.595109105E-1
1.085007541E2,-1.052790761E0,-9.526985288E-1,-1.400632858E-1
1.085107851E2,-1.305234194E0,-1.226130009E0,-4.244193733E-1
1.085208161E2,-1.524827361E0,-1.090598822E0,-5.895177722E-1
1.085308461E2,-1.736640930E0,-1.158362627E0,-8.307499290E-1
1.085408771E2,-1.739315033E0,-1.527342081E0,-9.756173491E-1
1.085509081E2,-1.541385889E0,-1.809507966E0,-1.037222862E0
1.085609391E2,-1.372012258E0,-1.905177474E0,-1.077423573E0
1.085709691E2,-1.315097332E0,-2.033906221E0,-1.021239877E0
1.085810001E2,-1.321970463E0,-2.073109627E0,-9.798645973E-1
1.085910311E2,-1.302710176E0,-1.917579174E0,-9.195874333E-1
1.086010611E2,-1.313174725E0,-1.964624166E0,-8.280138373E-1
1.086110921E2,-1.505222321E0,-2.109236479E0,-5.784390569E-1
1.086211231E2,-1.881790638E0,-1.833017468E0,-6.409610063E-2
1.086311531E2,-2.031265497E0,-9.995346069E-1,6.115765572E-1
1.086411841E2,-1.585692406E0,-9.830918163E-2,1.293809772E0
1.086512151E2,-6.016942859E-1,7.418317199E-1,1.851837635E0
1.086612451E2,5.346099734E-1,9.687937498E-1,2.143176317E0
1.086712761E2,1.476647258E0,1.066625953E0,2.171163797E0
1.086813071E2,1.968152761E0,1.200724363E0,1.868733406E0
1.086913371E2,1.901921153E0,1.252929091E0,1.464535236E0
1.087013681E2,1.467269301E0,1.109572172E0,9.625269771E-1
1.087113991E2,6.997082233E-1,7.937897444E-1,2.523412704E-1
1.087214291E2,-3.168046772E-1,8.305400014E-1,-6.185744405E-1
1.087314601E2,-2.213579655E0,5.631672740E-1,-1.623139977E0
1.087414911E2,-6.325955868E0,-8.804675937E-1,-3.511441708E0
1.087515211E2,-5.892847538E0,2.230598927E0,-4.666603088E0
1.087615521E2,-2.209391832E0,3.883880377E0,-3.420743465E0
1.087715831E2,-1.394300014E-1,2.067719698E0,-3.296051741E0
1.087816131E2,1.749865264E-1,1.527355671E0,-2.405147791E0
1.087916441E2,6.725455523E-1,6.826102138E-1,-1.157158256E0
1.088016751E2,9.195753336E-1,5.144473314E-1,-6.872171760E-1
1.088117061E2,2.502204776E-1,5.052863955E-1,-2.133565098E-1
1.088217361E2,-4.149247706E-1,4.716847837E-1,9.216053784E-2
1.088317671E2,-7.179962993E-1,4.599441886E-1,3.599448800E-1
1.088417981E2,-7.146364450E-1,8.951718211E-1,6.779713035E-1
1.088518281E2,-1.728959829E-1,1.605645865E-1,7.577748895E-1
1.088618591E2,4.499265850E-1,-4.857259989E-1,5.538883209E-1
1.088718901E2,5.859068632E-1,-8.161444068E-1,5.555881858E-1
1.088819211E2,6.886916161E-1,-1.009649396E0,6.737287045E-1
1.088919511E2,7.364613414E-1,-1.270894289E0,8.383405209E-1
1.089019821E2,7.731857896E-1,-1.647725940E0,9.023583531E-1
1.089120131E2,8.093632460E-1,-1.953480840E0,8.732433915E-1
1.089220431E2,9.621652961E-1,-2.309533596E0,9.970151186E-1
1.089320741E2,1.070320487E0,-2.314570904E0,1.055415988E0
1.089421051E2,1.077258229E0,-2.095201969E0,1.228363514E0
1.089521351E2,8.606223464E-1,-2.093617916E0,1.345112324E0
1.089621661E2,6.643598676E-1,-2.336032629E0,1.335421681E0
1.089721971E2,8.913377523E-1,-2.848620892E0,1.128559828E0
1.089822281E2,1.607902646E0,-2.716081381E0,6.932408810E-1
1.089922581E2,1.534395695E0,-4.887998104E-1,2.775390148E-1
1.090022891E2,5.590345263E-1,2.070257902E0,-3.335548937E-2
1.090123201E2,-1.364335138E-2,1.267016411E0,-2.796671689E-1
1.090223501E2,-3.035161793E-1,1.522618681E-1,-2.384465188E-1
1.090323811E2,-2.216991633E-1,4.291523099E-1,-3.391957581E-1
1.090424121E2,7.990228012E-3,1.039336801E0,-6.397299767E-1
1.090524421E2,2.049417794E-1,1.624444962E0,-9.005318880E-1
1.090624731E2,3.390274048E-1,1.860068083E0,-7.492206693E-1
1.090725041E2,5.064108968E-1,2.179023504E0,-6.627041698E-1
1.090825341E2,1.609262705E0,1.978703618E0,-5.751980543E-1
1.090925651E2,5.922314644E0,-4.007405043E-2,1.150711298E0
1.091025961E2,3.496705532E0,3.754958630E0,1.232412219E0
1.091126271E2,1.703810334E0,3.946935654E0,1.154905081E0
1.091226611E2,6.134154797E-1,3.585659742E0,1.028155208E0
1.091326921E2,-6.269056797E-1,3.286454916E0,5.561570525E-1
1.091427231E2,-7.957863212E-1,2.758756161E0,5.325691700E-1
1.091527531E2,-1.174727753E-1,1.704090118E0,1.352519512E0
1.091627841E2,3.456053734E-1,-2.528634965E-1,1.716521978E0
1.091728151E2,3.248335123E-1,-1.308805823E0,1.439708471E0
1.091828451E2,-6.863492727E-2,-1.712443352E0,8.788347244E-1
1.091928761E2,-5.929852128E-1,-1.987872958E0,1.968572587E-1
1.092029071E2,-7.984451652E-1,-1.847080469E0,-2.893411517E-1
1.092129371E2,-1.018948555E0,-1.315830112E0,-6.365944147E-1
1.092229681E2,-1.129903555E0,-1.052266121E0,-9.994828701E-1
1.092329991E2,-1.127030134E0,-1.206009984E0,-1.279573321E0
1.092430291E2,-9.372245669E-1,-1.368576288E0,-1.386041641E0
1.092530601E2,-7.836520672E-1,-1.437390327E0,-1.330369473E0
1.092630911E2,-8.954212070E-1,-1.526594520E0,-1.160485625E0
1.092731221E2,-1.129274368E0,-1.702408671E0,-1.004820108E0
1.092831521E2,-1.224144459E0,-1.620430470E0,-8.019447923E-1
1.092931831E2,-1.282973886E0,-1.780738115E0,-6.647214293E-1
1.093032141E2,-1.382383347E0,-1.999794483E0,-4.975976944E-1
1.093132441E2,-1.763218641E0,-1.676613808E0,-1.323060840E-1
1.093232751E2,-2.186654568E0,-6.630482674E-1,4.091015160E-1
1.093333061E2,-2.013429403E0,1.585988849E-1,1.017415285E0
1.093433361E2,-1.283194304E0,7.906333208E-1,1.422526002E0
1.093533671E2,-2.734364867E-1,1.158516288E0,1.504853845E0
1.093633981E2,5.829812288E-1,7.688421011E-1,1.935913682E0
1.093734281E2,1.399423003E0,7.745039463E-1,2.036584139E0
1.093834591E2,1.635419607E0,9.352286458E-1,1.813735247E0
1.093934901E2,1.400538325E0,8.976586461E-1,1.381968617E0
1.094035201E2,7.082189918E-1,7.333528399E-1,6.776717305E-1
1.094135511E2,-5.203794837E-1,9.052056670E-1,-2.746657729E-1
1.094235821E2,-3.066715717E0,3.446630239E-1,-1.531286836E0
1.094336121E2,-6.264285564E0,-4.364863932E-1,-3.668663740E0
1.094436431E2,-5.259079456E0,2.678676844E0,-4.304724693E0
1.094536741E2,-1.555642009E0,3.890945673E0,-2.983750343E0
1.094637041E2,2.880383730E-1,2.001905918E0,-2.737653971E0
1.094737351E2,7.593832016E-1,1.573397398E0,-1.808445573E0
1.094837661E2,1.234235644E0,5.692839026E-1,-1.136138201E0
1.094937971E2,1.172222257E0,-4.013196528E-1,-9.010347128E-1
1.095038271E2,1.584679037E-1,-7.578085661E-1,-5.140933990E-1
1.095138581E2,-6.778627038E-1,-4.657531679E-1,-1.025688127E-1
1.095238891E2,-9.601659775E-1,-1.689601094E-1,2.397834659E-1
1.095339191E2,-6.733356714E-1,-3.449952602E-1,7.133414149E-1
1.095439501E2,1.387656927E-1,-9.729220271E-1,1.031749368E0
1.095539811E2,8.100593686E-1,-1.135738969E0,1.258407712E0
1.095640121E2,1.093652725E0,-7.854606509E-1,1.451880813E0
1.095740421E2,1.133814454E0,-6.059455276E-1,1.704439282E0
1.095840731E2,1.105012655E0,-8.619080782E-1,1.903893828E0
1.095941041E2,9.330466390E-1,-1.100944281E0,2.112690687E0
1.096041341E2,8.190079331E-1,-1.280640602E0,2.145797014E0
1.096141651E2,6.680644751E-1,-1.430672765E0,2.050995350E0
1.096241961E2,4.845931828E-1,-1.637272239E0,1.885016441E0
1.096342261E2,3.852526546E-1,-1.728808999E0,1.622707605E0
1.096442571E2,4.540967345E-1,-1.801086307E0,1.280310631E0
1.096542881E2,5.605983734E-1,-2.046809435E0,7.308735847E-1
1.096643191E2,7.639083266E-1,-2.448227882E0,-1.027299650E-2
1.096743491E2,9.035691023E-1,-2.853965998E0,-8.381736279E-1
1.096843801E2,8.143715858E-1,-2.626822472E0,-1.622994781E0
1.096944111E2,2.266067863E-1,-9.033626914E-1,-2.065376043E0
1.097044411E2,-7.138872147E-1,1.262555718E0,-2.200588226E0
1.097144721E2,-1.139540195E0,1.238234878E0,-2.122986555E0
1.097245031E2,-1.183601379E0,9.459103346E-1,-1.785407066E0
1.097345331E2,-9.566282630E-1,1.485229492E0,-1.302869081E0
1.097445641E2,-5.194693208E-1,2.122540236E0,-8.616635799E-1
1.097545951E2,-1.146615483E-3,2.729615450E0,-3.258799016E-1
1.097646261E2,1.218535900E0,3.028804064E0,5.521065593E-1
1.097746561E2,5.903260708E0,9.069808722E-1,2.828006029E0
1.097846871E2,4.026533127E0,1.940605044E0,3.436633587E0
1.097947181E2,1.486363173E0,2.783165693E0,2.818578482E0
1.098047481E2,-4.567678273E-1,3.339209557E0,2.147284746E0
1.098147791E2,-1.166607857E0,3.642229080E0,1.543887019E0
1.098248101E2,-1.275144219E0,3.040575743E0,1.078527331E0
1.098348401E2,-6.137888432E-1,2.806644678E0,1.083462358E0
1.098448711E2,4.060460329E-1,1.042557001E0,1.010662436E0
1.098549021E2,8.609209061E-1,-6.090662479E-1,5.939848423E-1
1.098649321E2,4.304233491E-1,-1.194122195E0,1.825240552E-1
1.098749631E2,-5.418221951E-1,-1.227974176E0,-2.544442117E-1
1.098849941E2,-1.053531528E0,-9.358134866E-1,-4.971005321E-1
1.098950251E2,-1.271458507E0,-5.120403767E-1,-7.195938230E-1
1.099050551E2,-1.549694657E0,-3.015667498E-1,-1.082559347E0
1.099150861E2,-1.734676838E0,-7.984291315E-1,-1.411009073E0
1.099251171E2,-1.695256472E0,-1.235795617E0,-1.609957099E0
1.099351471E2,-1.364887357E0,-1.533353567E0,-1.565256953E0
1.099451781E2,-1.115537763E0,-2.063176155E0,-1.288420320E0
1.099552091E2,-1.117009640E0,-2.452378035E0,-1.034651399E0
1.099652391E2,-1.214976430E0,-2.390869141E0,-8.529840708E-1
1.099752701E2,-1.280860305E0,-2.137505293E0,-7.273334861E-1
1.099853011E2,-1.367943764E0,-2.140118361E0,-5.965392590E-1
1.099953311E2,-1.605967999E0,-2.230244160E0,-3.540578485E-1
1.100053621E2,-2.076161861E0,-1.441717744E0,1.383302808E-1
1.100153931E2,-2.184798479E0,-5.130624771E-1,7.523611784E-1
1.100254231E2,-1.661453724E0,3.687545955E-1,1.317269802E0
1.100354541E2,-6.811772585E-1,1.458358407E0,1.539248347E0
1.100454851E2,2.947106957E-1,1.882446527E0,1.610040545E0
1.100555151E2,1.115195870E0,1.872562766E0,1.380601406E0
1.100655461E2,1.676538825E0,1.463742852E0,1.168933392E0
1.100755771E2,1.611264944E0,8.932473063E-1,9.076927900E-1
1.100856071E2,1.270956159E0,8.207437992E-1,4.732867479E-1
1.100956381E2,4.911038280E-2,8.137065172E-1,-2.424203008E-1
1.101056691E2,-2.489320040E0,1.299460232E-1,-1.370912194E0
1.101157001E2,-5.552265644E0,2.246136963E-2,-3.390273571E0
1.101257264E2,-5.618561268E0,1.962601423E0,-4.771965981E0
1.101357574E2,-2.814372063E0,3.390004873E0,-4.094220638E0
1.101457884E2,7.004117966E-1,2.973839521E0,-3.352853060E0
1.101558184E2,1.173186421E0,1.526641488E0,-2.726898193E0
1.101658494E2,1.223388314E0,9.943339825E-1,-2.206115484E0
1.101758804E2,9.980037212E-1,8.595273495E-1,-2.019353151E0
1.101859104E2,1.843497604E-1,6.212511659E-1,-1.430756688E0
1.101959414E2,2.691640705E-2,1.230866164E-1,-6.513378620E-1
1.102059724E2,-4.549600929E-2,1.408698708E-1,-5.932835490E-2
1.102160034E2,-1.390206218E-1,2.053780258E-1,4.379975200E-1
1.102260334E2,1.272944063E-1,-5.339996815E-1,6.622090340E-1
1.102360644E2,3.205648065E-1,-5.678375959E-1,7.900102735E-1
1.102460954E2,4.813675284E-1,-6.112676263E-1,8.413137197E-1
1.102561254E2,6.890822649E-1,-1.090498924E0,9.263281226E-1
1.102661564E2,7.497195005E-1,-1.669334888E0,1.021455407E0
1.102761874E2,6.796551347E-1,-2.291405678E0,1.148067951E0
1.102862184E2,5.496414304E-1,-2.447072029E0,1.294949532E0
1.102962484E2,5.390132070E-1,-2.427144051E0,1.496562481E0
1.103062794E2,7.307810783E-1,-2.339925528E0,1.711771250E0
1.103163104E2,9.510389566E-1,-2.363255739E0,1.871721268E0
1.103263404E2,1.001199365E0,-2.298579216E0,1.919098854E0
1.103363714E2,9.224322438E-1,-2.310474634E0,1.887783766E0
1.103464024E2,8.914085627E-1,-2.502252340E0,1.723314643E0
1.103564334E2,1.135305882E0,-2.245171785E0,1.257537246E0
1.103664634E2,1.186618567E0,-9.004605412E-1,6.928408742E-1
1.103764944E2,4.729570448E-1,1.019330263E0,1.373995394E-1
1.103865254E2,-1.665153354E-1,9.126008153E-1,-4.734449387E-1
1.103965554E2,-6.729578376E-1,-5.639316440E-1,-7.469760776E-1
1.104065864E2,-9.041492343E-1,-4.178942740E-1,-7.967332602E-1
1.104166174E2,-8.924872875E-1,4.492816627E-1,-7.750940919E-1
1.104266474E2,-7.345855236E-1,1.315435767E0,-7.685235143E-1
1.104366784E2,-3.797648549E-1,2.022426844E0,-5.737195015E-1
1.104467094E2,6.196543202E-2,2.660965443E0,-3.564279377E-1
1.104567394E2,9.182419181E-1,3.401957750E0,-1.754015535E-1
1.104667704E2,7.783379555E0,-6.921933889E-1,2.034797907E0
1.104768014E2,4.061502457E0,3.827648401E0,1.950281978E0
1.104868324E2,2.222062349E0,4.108480453E0,1.489344239E0
1.104968624E2,7.528731227E-1,4.615068436E0,1.234446645E0
1.105068934E2,-7.725780606E-1,3.786331654E0,7.322210670E-1
1.105169244E2,-1.030442119E0,2.322479725E0,6.211738586E-1
1.105269544E2,-7.598943114E-1,1.571532965E0,5.836355686E-1
1.105369854E2,7.944178581E-2,1.982644200E-1,1.320931911E0
1.105470164E2,8.273857832E-1,-1.385217667E0,1.241290331E0
1.105570464E2,4.696035683E-1,-1.239396811E0,7.141309381E-1
1.105670774E2,-2.552558780E-1,-1.077560186E0,-6.161059067E-2
1.105771084E2,-8.150246739E-1,-1.375062346E0,-6.738988757E-1
1.105871394E2,-9.727368355E-1,-1.200163245E0,-9.980601668E-1
1.105971694E2,-1.183380246E0,-7.992047071E-1,-1.213856459E0
1.106072004E2,-1.325687051E0,-7.904671431E-1,-1.255127192E0
1.106172314E2,-1.159068584E0,-1.007530451E0,-1.245713353E0
1.106272614E2,-8.628277183E-1,-1.210710168E0,-1.130186558E0
1.106372924E2,-7.579581738E-1,-1.437307715E0,-9.675886631E-1
1.106473234E2,-8.791554570E-1,-1.612321973E0,-7.798011899E-1
1.106573534E2,-1.013712168E0,-1.586092949E0,-6.630716324E-1
1.106673844E2,-1.045644522E0,-1.568984628E0,-6.087476611E-1
1.106774154E2,-1.063639879E0,-1.774176598E0,-5.225395560E-1
1.106874454E2,-1.239926815E0,-2.066480875E0,-2.491069585E-1
1.106974764E2,-1.829839826E0,-1.395215273E0,2.654672563E-1
1.107075074E2,-2.091062307E0,-5.117443204E-1,8.234447837E-1
1.107175374E2,-1.787826777E0,4.312158525E-1,1.347551823E0
1.107275684E2,-7.494603395E-1,9.300453663E-1,1.711894155E0
1.107375994E2,4.785673022E-1,8.689603806E-1,2.017479181E0
1.107476304E2,1.416796327E0,8.874651194E-1,2.101315260E0
1.107576604E2,1.894890428E0,9.905333519E-1,1.748089671E0
1.107676914E2,1.737869620E0,9.177427292E-1,1.253487706E0
1.107777224E2,1.311560512E0,8.958469033E-1,6.179769039E-1
1.107877524E2,6.046069860E-1,9.337306619E-1,-6.253713369E-2
1.107977834E2,-8.338841796E-1,9.202332497E-1,-9.517383575E-1
1.108078144E2,-4.684551716E0,-1.020139813E0,-2.464608908E0
1.108178444E2,-6.530595303E0,9.655951262E-1,-4.887662411E0
1.108278754E2,-4.003267288E0,4.448353291E0,-4.225769043E0
1.108379064E2,-3.766110539E-1,2.963796854E0,-3.082328558E0
1.108479364E2,3.138225079E-1,1.900798202E0,-2.809377909E0
1.108579674E2,7.844201922E-1,1.260945678E0,-1.687309980E0
1.108679984E2,1.055208802E0,5.160051584E-1,-1.049015522E0
1.108780294E2,5.058456659E-1,-3.763563335E-1,-8.181020021E-1
1.108880594E2,-4.250702858E-1,-4.916592240E-1,-3.655315936E-1
1.108980904E2,-8.544682264E-1,-2.348451763E-1,-5.579878576E-3
1.109081214E2,-9.701503515E-1,3.923106194E-1,3.521878421E-1
1.109181514E2,-6.877169013E-1,-1.101411730E-1,5.600652695E-1
1.109281824E2,3.710418567E-2,-8.143686056E-1,7.165606022E-1
1.109382134E2,3.934528232E-1,-1.157115698E0,6.940658092E-1
1.109482444E2,4.888821244E-1,-1.037881970E0,8.036937714E-1
1.109582744E2,5.543609858E-1,-1.042106390E0,9.585223198E-1
1.109683054E2,5.631123781E-1,-1.420068383E0,1.117718697E0
1.109783364E2,5.585386753E-1,-1.801733851E0,1.243505359E0
1.109883664E2,6.169077158E-1,-2.048989773E0,1.371752739E0
1.109983974E2,7.234286666E-1,-2.116865158E0,1.507434487E0
1.110084284E2,8.284256458E-1,-2.088908195E0,1.612984896E0
1.110184594E2,8.816261292E-1,-1.986462355E0,1.634008169E0
1.110284894E2,8.044293523E-1,-1.973133802E0,1.541419625E0
1.110385204E2,7.774792314E-1,-2.127939463E0,1.294989944E0
1.110485514E2,9.567368627E-1,-2.321178675E0,8.043376207E-1
1.110585814E2,1.180469275E0,-2.023618221E0,1.951539665E-1
1.110686124E2,8.688677549E-1,-5.152950883E-1,-3.536931574E-1
1.110786434E2,1.226133555E-1,1.186944842E0,-7.364871502E-1
1.110886744E2,-4.110859931E-1,1.076857209E0,-9.375113249E-1
1.110987044E2,-5.751478076E-1,2.294349074E-1,-8.657175303E-1
1.111087354E2,-3.812819421E-1,2.776501179E-1,-7.004129887E-1
1.111187664E2,2.600510418E-2,6.611006260E-1,-5.036814213E-1
1.111288001E2,5.058808923E-1,1.427799463E0,-3.110560179E-1
1.111388311E2,9.774863720E-1,2.324250937E0,-2.407297194E-1
1.111488621E2,1.347958803E0,3.086977959E0,-2.325724661E-1
1.111588921E2,3.377064466E0,2.540335178E0,1.212096885E-1
1.111689231E2,5.716989517E0,3.230442703E-1,2.076198578E0
1.111789541E2,2.771192789E0,4.208225250E0,1.891194105E0
1.111889851E2,1.601832509E0,3.873012543E0,1.747177005E0
1.111990151E2,3.618252277E-1,3.478602409E0,1.310416341E0
1.112090461E2,-4.398645759E-1,2.722382784E0,5.451797247E-1
1.112190771E2,-3.418429494E-1,1.724557519E0,4.107049108E-1
1.112291071E2,-1.640167683E-1,5.597236156E-1,7.233395576E-1
1.112391381E2,5.763152838E-1,-5.416475534E-1,1.030909181E0
1.112491691E2,4.590400755E-1,-9.325548410E-1,7.546794415E-1
1.112592001E2,-3.476321995E-1,-5.050286055E-1,2.055884600E-1
1.112692301E2,-7.849283218E-1,-6.636398435E-1,-2.187492400E-1
1.112792611E2,-8.427087665E-1,-8.326910734E-1,-5.400474668E-1
1.112892921E2,-1.038251281E0,-7.490020394E-1,-8.386951089E-1
1.112993221E2,-1.374498487E0,-1.044152737E0,-1.094612718E0
1.113093531E2,-1.333278894E0,-1.356037617E0,-1.247760177E0
1.113193841E2,-1.131283522E0,-1.538482666E0,-1.357120037E0
1.113294141E2,-9.365350604E-1,-1.686845303E0,-1.348743558E0
1.113394451E2,-9.123834968E-1,-1.949180722E0,-1.197750688E0
1.113494761E2,-9.130095840E-1,-1.923920155E0,-1.036895752E0
1.113595061E2,-9.750171900E-1,-1.823994398E0,-8.402231336E-1
1.113695371E2,-1.110506535E0,-1.731705785E0,-5.883594155E-1
1.113795681E2,-1.288594604E0,-1.780308127E0,-2.312649786E-1
1.113895981E2,-1.571456075E0,-1.722157478E0,3.399164677E-1
1.113996291E2,-1.884907484E0,-1.243718028E0,1.103892922E0
1.114096601E2,-1.808583140E0,-6.394643188E-1,1.831443191E0
1.114196911E2,-1.202749252E0,3.761081398E-1,2.173284769E0
1.114297211E2,-1.786229163E-1,1.232805967E0,2.156653881E0
1.114397521E2,7.752527595E-1,1.453417778E0,2.008017540E0
1.114497831E2,1.441985965E0,1.150530577E0,1.895369649E0
1.114598131E2,1.632845521E0,8.562886715E-1,1.592586517E0
1.114698441E2,1.371255755E0,8.280775547E-1,1.088444114E0
1.114798751E2,7.418112159E-1,5.206242800E-1,4.228285849E-1
1.114899051E2,-7.437358797E-2,5.406978726E-1,-3.595564663E-1
1.114999361E2,-1.116751194E0,9.398354292E-1,-1.168469429E0
1.115099671E2,-3.175169945E0,4.922174513E-1,-2.124279022E0
1.115199971E2,-7.112492561E0,-1.299565077E0,-3.985401154E0
1.115300281E2,-5.270472527E0,3.043673754E0,-4.526442051E0
1.115400591E2,-1.916251659E0,3.958506584E0,-3.666211128E0
1.115500901E2,-7.060369253E-1,1.763888240E0,-3.334803343E0
1.115601201E2,-3.329570889E-1,1.265308857E0,-2.005216122E0
1.115701511E2,5.970975757E-2,8.841916919E-1,-8.194879889E-1
1.115801821E2,7.487397641E-2,8.274531364E-1,-4.105999470E-1
1.115902121E2,-4.780339599E-1,2.622862160E-1,-1.480863243E-1
1.116002431E2,-1.091409564E0,-2.375771552E-1,5.583275110E-2
1.116102741E2,-1.331866026E0,-1.458411217E-1,3.185296357E-1
1.116203051E2,-1.149477363E0,1.961204112E-1,5.727052093E-1
1.116303351E2,-5.071897507E-1,-4.652271867E-1,7.091967463E-1
1.116403661E2,-3.945787251E-2,-8.133115172E-1,6.320046782E-1
1.116503971E2,1.587532163E-1,-9.510846138E-1,6.099241376E-1
1.116604271E2,2.694013119E-1,-8.433188200E-1,6.029044390E-1
1.116704581E2,3.763389587E-1,-1.065944433E0,6.657683849E-1
1.116804891E2,4.203108847E-1,-1.464367747E0,7.410115600E-1
1.116905201E2,5.742293596E-1,-1.721818686E0,8.234878182E-1
1.117005501E2,8.114631176E-1,-1.907733321E0,9.695327282E-1
1.117105811E2,1.087377787E0,-1.871967435E0,1.124787569E0
1.117206121E2,1.186681151E0,-1.702078938E0,1.281735539E0
1.117306431E2,1.124007940E0,-1.754634261E0,1.419953823E0
1.117406731E2,9.763219953E-1,-1.890789151E0,1.441865563E0
1.117507041E2,9.708741903E-1,-2.158013821E0,1.292472243E0
1.117607351E2,1.288879633E0,-2.221558332E0,9.293799400E-1
1.117707651E2,1.352122545E0,-1.345601320E0,4.445541501E-1
1.117807961E2,6.802868247E-1,3.937586248E-1,-1.927416027E-2
1.117908271E2,2.863341942E-2,9.139168859E-1,-4.481259286E-1
1.118008571E2,-3.578270674E-1,2.482983172E-1,-6.683725119E-1
1.118108881E2,-4.481713474E-1,2.295038551E-1,-6.872084737E-1
1.118209191E2,-2.715703249E-1,6.293698549E-1,-7.357867360E-1
1.118309501E2,4.626889154E-2,1.119962692E0,-8.211274743E-1
1.118409801E2,2.241326123E-1,1.861502051E0,-9.092341661E-1
1.118510111E2,5.334624648E-1,2.764778376E0,-8.716777563E-1
1.118610421E2,3.198498964E0,2.663352251E0,-4.537433982E-1
1.118710721E2,6.481482029E0,1.027103901E0,1.259277940E0
1.118811031E2,3.614115715E0,2.773550510E0,1.393626213E0
1.118911341E2,1.417213321E0,3.751773596E0,1.180127978E0
1.119011641E2,1.363885999E-1,3.735507250E0,9.844518900E-1
1.119111951E2,-7.726556063E-1,3.418439150E0,4.512122273E-1
1.119212261E2,-1.093453050E0,3.349859953E0,3.910944462E-1
1.119312571E2,1.227896288E-1,1.945427418E0,1.180914283E0
1.119412871E2,8.920786977E-1,-6.230926514E-1,1.566174746E0
1.119513181E2,4.211958945E-1,-1.999495029E0,1.295426607E0
1.119613491E2,-2.250164449E-1,-2.168289900E0,6.747316718E-1
1.119713791E2,-6.039453745E-1,-2.179787874E0,2.448253185E-1
1.119814101E2,-6.957383752E-1,-1.792736411E0,-2.171520144E-1
1.119914411E2,-1.033913970E0,-1.183759093E0,-7.890107036E-1
1.120014721E2,-1.211551666E0,-1.173927069E0,-1.225561380E0
1.120115021E2,-1.217778683E0,-1.196652055E0,-1.518044710E0
1.120215331E2,-9.967219830E-1,-1.032457590E0,-1.621544361E0
1.120315641E2,-8.543701768E-1,-1.048848271E0,-1.525063276E0
1.120415941E2,-8.565265536E-1,-1.230686665E0,-1.375438929E0
1.120516251E2,-9.033837914E-1,-1.364237547E0,-1.176127434E0
1.120616561E2,-8.604366779E-1,-1.389626145E0,-1.016582370E0
1.120716861E2,-8.314694762E-1,-1.476275086E0,-8.582006693E-1
1.120817171E2,-8.839970827E-1,-1.736071229E0,-6.092937589E-1
1.120917481E2,-1.044508815E0,-2.048472881E0,-1.693688184E-1
1.121017781E2,-1.412467957E0,-1.925993085E0,5.481783152E-1
1.121118091E2,-1.801985741E0,-1.287332177E0,1.368437648E0
1.121218401E2,-1.729302049E0,-2.229509801E-1,1.996773958E0
1.121318695E2,-1.050695300E0,8.435997367E-1,2.224762678E0
1.121419005E2,-2.731844783E-2,1.064964890E0,2.271049500E0
1.121519315E2,8.345183134E-1,9.388365149E-1,2.234382629E0
1.121619625E2,1.248316884E0,1.008728981E0,1.867395997E0
1.121719925E2,1.165070176E0,8.099548817E-1,1.326846719E0
1.121820235E2,5.862782598E-1,8.705154061E-1,6.267694831E-1
1.121920545E2,-4.797222614E-1,1.099441051E0,-3.070335686E-1
1.122020845E2,-2.735775948E0,4.087502360E-1,-1.561752677E0
1.122121155E2,-5.391325951E0,-6.757951975E-1,-3.423744202E0
1.122221465E2,-4.823380947E0,2.186377525E0,-4.394708157E0
1.122321765E2,-2.261875868E0,3.994828701E0,-3.457151413E0
1.122422075E2,5.053439736E-1,2.885689497E0,-2.801476955E0
1.122522385E2,9.201323986E-1,1.724125743E0,-2.029588699E0
1.122622695E2,1.367861152E0,8.082875013E-1,-1.244554996E0
1.122722995E2,1.280015707E0,-1.469630599E-1,-1.118053794E0
1.122823305E2,4.838610590E-1,-6.462876201E-1,-8.612409830E-1
1.122923615E2,-2.951827943E-1,-5.690317154E-1,-3.694643080E-1
1.123023915E2,-6.240065098E-1,-1.874179579E-2,1.006612480E-1
1.123124225E2,-6.511039138E-1,1.049646959E-1,5.792874694E-1
1.123224535E2,-3.642334044E-2,-6.932736635E-1,9.097807407E-1
1.123324845E2,6.253764033E-1,-9.354453087E-1,1.045259833E0
1.123425145E2,1.006453156E0,-8.683858514E-1,1.057052255E0
1.123525455E2,1.188526869E0,-7.489840984E-1,1.141680598E0
1.123625765E2,1.218747497E0,-7.835556865E-1,1.205985069E0
1.123726075E2,1.138815403E0,-1.160364389E0,1.218357921E0
1.123826375E2,9.315447211E-1,-1.623757362E0,1.122963309E0
1.123926685E2,7.660905123E-1,-1.941396117E0,1.022659063E0
1.124026995E2,6.663682461E-1,-1.881868005E0,1.015323997E0
1.124127295E2,5.825346112E-1,-1.511353016E0,1.076694608E0
1.124227605E2,4.113283455E-1,-1.335572243E0,1.110241771E0
1.124327915E2,2.539727986E-1,-1.448925495E0,1.024467468E0
1.124428215E2,4.579589069E-1,-1.770309210E0,7.939307690E-1
1.124528525E2,8.723654151E-1,-1.630942225E0,4.690584242E-1
1.124628835E2,6.475100517E-1,-2.435304672E-1,1.450790614E-1
1.124729145E2,-1.944187433E-1,1.239948511E0,-1.284989566E-1
1.124829445E2,-9.010476470E-1,9.190911055E-1,-3.472445905E-1
1.124929755E2,-1.077969193E0,1.927202567E-3,-4.650710821E-1
1.125030065E2,-8.932145834E-1,3.967744112E-1,-4.568531513E-1
1.125130365E2,-4.970811009E-1,5.466491580E-1,-3.051514924E-1
1.125230675E2,1.353903562E-1,1.157941580E0,-1.823976189E-1
1.125330985E2,7.568163872E-1,2.100917578E0,-9.773145616E-2
1.125431295E2,1.234619260E0,3.051861763E0,-1.988468617E-1
1.125531595E2,2.673889399E0,2.518475533E0,-1.462265253E-1
1.125631905E2,4.453249931E0,8.639502525E-1,1.197731137E0
1.125732215E2,2.507353306E0,3.926770449E0,1.304482341E0
1.125832515E2,1.396819711E0,3.412793398E0,1.207979441E0
1.125932825E2,4.317371249E-1,3.237610102E0,8.629909158E-1
1.126033135E2,-4.530354142E-1,3.089091539E0,1.791449934E-1
1.126133435E2,-8.345508575E-1,2.545858622E0,2.704983354E-1
1.126233745E2,4.816889297E-3,1.683175445E0,7.777929306E-1
1.126334055E2,7.273556590E-1,3.810913116E-2,1.116962552E0
1.126434365E2,6.359999776E-1,-1.456271529E0,9.791572690E-1
1.126534665E2,-4.084903002E-2,-1.941645145E0,6.906905770E-1
1.126634975E2,-6.426865458E-1,-1.861367226E0,2.280589193E-1
1.126735285E2,-9.535861015E-1,-1.445800424E0,-2.609709203E-1
1.126835585E2,-1.109013081E0,-1.065676689E0,-7.064952254E-1
1.126935895E2,-1.266548872E0,-9.197126031E-1,-1.003931999E0
1.127036205E2,-1.438079119E0,-1.080103874E0,-1.204838157E0
1.127136505E2,-1.432866454E0,-1.056350350E0,-1.392697573E0
1.127236815E2,-1.361045718E0,-1.419243336E0,-1.483606339E0
1.127337125E2,-1.354996085E0,-1.949708223E0,-1.303239465E0
1.127437435E2,-1.398490191E0,-2.255691528E0,-1.106503248E0
1.127537735E2,-1.482801914E0,-2.100060701E0,-9.556593299E-1
1.127638045E2,-1.623545766E0,-2.050062180E0,-7.865614295E-1
1.127738355E2,-1.777647734E0,-2.097917080E0,-5.967124104E-1
1.127838655E2,-1.998071909E0,-2.008293629E0,-3.032639623E-1
1.127938965E2,-2.300454140E0,-1.145152569E0,2.631627023E-1
1.128039275E2,-2.160092592E0,-5.095678568E-1,9.522390366E-1
1.128139575E2,-1.489584804E0,-5.550729111E-3,1.563712597E0
1.128239885E2,-3.755977452E-1,6.405434608E-1,2.037233829E0
1.128340195E2,7.604972124E-1,1.074007988E0,2.373024225E0
1.128440495E2,1.612924576E0,1.281551838E0,2.396717072E0
1.128540805E2,1.986941934E0,1.277930737E0,2.049228907E0
1.128641115E2,1.848954082E0,1.169710398E0,1.416000366E0
1.128741425E2,1.453441739E0,9.096966386E-1,8.788608313E-1
1.128841725E2,6.422185898E-1,5.791671276E-1,1.751261801E-1
1.128942035E2,-8.411740661E-1,5.628049374E-1,-7.657254934E-1
1.129042345E2,-4.122743607E0,-4.842796326E-1,-2.138723135E0
1.129142645E2,-6.363271713E0,4.806632400E-1,-4.462097168E0
1.129242955E2,-4.212040901E0,4.584829807E0,-4.241744995E0
1.129343265E2,-2.576885819E-1,4.200123787E0,-3.189992189E0
1.129443565E2,9.287068248E-1,1.449462533E0,-2.875532866E0
1.129543875E2,9.264298081E-1,5.768994689E-1,-1.683830500E0
1.129644185E2,1.171671152E0,1.395686567E-1,-1.155033231E0
1.129744495E2,7.976093888E-1,-1.562209278E-1,-9.116296768E-1
1.129844795E2,3.118759021E-3,-1.729452461E-1,-3.958448470E-1
1.129945105E2,-3.134938180E-1,4.674422741E-2,1.146362498E-1
1.130045415E2,-5.901473165E-1,5.521594882E-1,5.535064340E-1
1.130145715E2,-3.285481930E-1,-1.261081845E-1,8.945540190E-1
1.130246025E2,3.318815231E-1,-8.478307128E-1,1.093116522E0
1.130346335E2,6.848414540E-1,-9.507128596E-1,1.110782027E0
1.130446645E2,8.876091838E-1,-9.115682840E-1,1.205989599E0
1.130546945E2,1.009865999E0,-8.909168243E-1,1.258547664E0
1.130647255E2,1.030939698E0,-1.140866160E0,1.355826020E0
1.130747565E2,8.598076105E-1,-1.289323807E0,1.269927263E0
1.130847875E2,7.825254798E-1,-1.423554301E0,1.187284589E0
1.130948175E2,7.940788269E-1,-1.604372859E0,1.189452648E0
1.131048485E2,9.289383292E-1,-1.517856479E0,1.213288188E0
1.131148795E2,9.880879521E-1,-1.508536935E0,1.212420821E0
1.131249065E2,9.464190602E-1,-1.797537327E0,1.057001114E0
1.131349375E2,1.157961369E0,-2.320729017E0,6.683550477E-1
1.131449685E2,1.547414064E0,-2.802042961E0,8.110391349E-2
1.131549985E2,1.401381731E0,-1.831270456E0,-4.071730971E-1
1.131650295E2,3.051299155E-1,9.607514739E-1,-6.601468325E-1
1.131750605E2,-5.546157360E-1,1.395596623E0,-9.069030881E-1
1.131850915E2,-9.883456230E-1,5.816250443E-1,-9.543635845E-1
1.131951215E2,-1.060718894E0,4.067083001E-1,-8.612933159E-1
1.132051525E2,-7.495822906E-1,6.749191880E-1,-7.391143441E-1
1.132151835E2,-2.148208469E-1,1.204393387E0,-6.373213530E-1
1.132252135E2,3.288685977E-1,1.666157961E0,-3.715966046E-1
1.132352445E2,8.449721932E-1,2.085297823E0,-6.202115119E-2
1.132452755E2,1.419462562E0,2.631864548E0,1.107505187E-1
1.132553065E2,5.803290844E0,4.653719962E-1,1.163268447E0
1.132653365E2,5.400300980E0,1.428292036E0,2.165431023E0
1.132753675E2,2.297912359E0,4.378575325E0,1.521641493E0
1.132853985E2,1.245313764E0,3.310772896E0,1.154459476E0
1.132954285E2,-2.327536345E-1,2.853089809E0,6.629666686E-1
1.133054595E2,-1.000700831E0,2.261119127E0,2.667232156E-1
1.133154905E2,-9.882255793E-1,1.658030987E0,3.696186841E-1
1.133255215E2,-9.100565314E-1,1.004199624E0,8.035616279E-1
1.133355515E2,-1.461059153E-1,-6.341525316E-1,1.023924947E0
1.133455825E2,-1.971898228E-1,-1.490993142E0,8.481413722E-1
1.133556135E2,-8.885881901E-1,-1.197381020E0,3.569537997E-1
1.133656435E2,-1.260875821E0,-1.277676225E0,-1.938512623E-1
1.133756745E2,-1.255034208E0,-1.135528684E0,-5.284734368E-1
1.133857055E2,-1.454918742E0,-5.755952001E-1,-8.034654260E-1
1.133957355E2,-1.650851488E0,-5.804480314E-1,-1.001428366E0
1.134057665E2,-1.728637934E0,-7.849220634E-1,-1.241319180E0
1.134157975E2,-1.567169428E0,-9.364581108E-1,-1.255627751E0
1.134258275E2,-1.401322722E0,-1.130967975E0,-1.157836080E0
1.134358585E2,-1.433857799E0,-1.515721560E0,-9.647044539E-1
1.134458895E2,-1.391013861E0,-1.696033716E0,-7.836211324E-1
1.134559205E2,-1.230924606E0,-1.750429273E0,-6.519432664E-1
1.134659505E2,-1.146904707E0,-1.713485599E0,-5.161730051E-1
1.134759815E2,-1.204437017E0,-1.744412303E0,-3.075065911E-1
1.134860125E2,-1.558731318E0,-1.387539506E0,1.487070620E-1
1.134960425E2,-1.769458175E0,-6.593630314E-1,7.780394554E-1
1.135060735E2,-1.639635086E0,4.148057848E-2,1.406541705E0
1.135161045E2,-8.941121697E-1,7.882516980E-1,1.788483024E0
1.135261345E2,9.801130742E-2,1.217054963E0,2.077154398E0
1.135361655E2,1.061793327E0,1.188852906E0,2.121048927E0
1.135461965E2,1.550980687E0,1.166958928E0,1.798521399E0
1.135562265E2,1.740491986E0,8.039391637E-1,1.437898517E0
1.135662575E2,1.506949902E0,4.711337686E-1,9.682880640E-1
1.135762885E2,9.099717140E-1,4.390224218E-1,3.609890938E-1
1.135863195E2,-6.487781554E-2,5.809552670E-1,-4.353929162E-1
1.135963495E2,-2.783994913E0,-2.883087695E-1,-1.688696146E0
1.136063805E2,-6.253039360E0,-8.079131246E-1,-3.938350439E0
1.136164115E2,-4.459796906E0,2.979803801E0,-4.245861053E0
1.136264415E2,-1.236640096E0,3.750186682E0,-3.383753538E0
1.136364725E2,3.421534598E-1,2.452235937E0,-3.151725292E0
1.136465035E2,5.964035988E-1,1.334791780E0,-1.996311307E0
1.136565335E2,8.417994976E-1,5.869197249E-1,-1.186620593E0
1.136665645E2,2.887877226E-1,2.481483370E-1,-8.981443644E-1
1.136765955E2,-6.215593219E-1,4.728659242E-2,-3.938058615E-1
1.136866265E2,-9.237256646E-1,-1.964302361E-1,-9.384920821E-3
1.136966565E2,-8.433756828E-1,1.894812845E-2,3.968206346E-1
1.137066875E2,-4.304094315E-1,-1.838060617E-1,7.346133590E-1
1.137167185E2,3.465718031E-1,-9.099153280E-1,8.967162371E-1
1.137267495E2,6.238352656E-1,-9.288666248E-1,7.571497560E-1
1.137367795E2,7.325947881E-1,-7.150270343E-1,7.202870250E-1
1.137468105E2,8.088137507E-1,-7.641831636E-1,7.188892961E-1
1.137568415E2,7.257114053E-1,-1.282445669E0,7.178530097E-1
1.137668715E2,6.527070403E-1,-1.947577357E0,7.523161769E-1
1.137769025E2,6.336103082E-1,-2.296043634E0,9.428387284E-1
1.137869335E2,7.823048234E-1,-2.269068003E0,1.244127393E0
1.137969645E2,8.587378263E-1,-2.008430004E0,1.541979074E0
1.138069945E2,7.317765355E-1,-1.859130383E0,1.698728085E0
1.138170255E2,5.942964554E-1,-2.017460585E0,1.695139289E0
1.138270565E2,5.647584200E-1,-2.327114344E0,1.536794782E0
1.138370865E2,7.826801538E-1,-2.560828686E0,1.199887872E0
1.138471175E2,1.045920968E0,-2.061636209E0,6.346088648E-1
1.138571485E2,6.588281989E-1,-2.978853583E-1,8.558646590E-2
1.138671795E2,-1.529617161E-1,1.252713203E0,-3.402860761E-1
1.138772095E2,-6.110030413E-1,8.844810128E-1,-6.279200315E-1
1.138872405E2,-7.614181638E-1,3.543827832E-1,-6.916571259E-1
1.138972715E2,-6.016907692E-1,7.639844418E-1,-7.456955910E-1
1.139073015E2,-3.162775040E-1,1.163636446E0,-7.437239289E-1
1.139173325E2,-8.614949882E-2,1.825834036E0,-8.245098591E-1
1.139273635E2,4.505315423E-2,2.278210878E0,-7.899488211E-1
1.139373935E2,2.943154275E-1,2.860062122E0,-7.950799465E-1
1.139474245E2,3.266843796E0,1.671445966E0,2.856454439E-2
1.139574555E2,5.752224445E0,7.307720184E-1,1.906792164E0
1.139674865E2,2.743267536E0,3.650720596E0,1.868342400E0
1.139775165E2,1.286328435E0,3.604849339E0,1.863126397E0
1.139875475E2,7.673639804E-2,3.307183266E0,1.465694070E0
1.139975785E2,-9.861977696E-1,2.915891171E0,7.953992486E-1
1.140076085E2,-1.106539011E0,2.584992170E0,2.110500485E-1
1.140176395E2,-3.026670218E-1,1.899545670E0,5.846611857E-1
1.140276705E2,7.699775100E-1,9.325000644E-2,8.671578765E-1
1.140377015E2,1.047516942E0,-1.083327174E0,6.107687354E-1
1.140477315E2,3.174882829E-1,-1.495374680E0,2.315083146E-1
1.140577625E2,-6.467446089E-1,-1.916336060E0,-1.488315612E-1
1.140677935E2,-8.292905688E-1,-1.667137504E0,-4.985956848E-1
1.140778235E2,-1.306738615E0,-1.081312060E0,-9.197253585E-1
1.140878545E2,-1.612765670E0,-1.182439208E0,-1.289998055E0
1.140978855E2,-1.633140922E0,-1.589688182E0,-1.634630799E0
1.141079155E2,-1.440385461E0,-1.867403269E0,-1.773205996E0
1.141179465E2,-1.256307840E0,-2.043944836E0,-1.712373257E0
1.141279771E2,-1.161537528E0,-2.072343588E0,-1.599847913E0
1.141380081E2,-1.191269040E0,-1.988561034E0,-1.504436970E0
1.141480381E2,-1.232365251E0,-1.865141034E0,-1.362236142E0
1.141580691E2,-1.340064526E0,-1.922458887E0,-1.096490979E0
1.141681001E2,-1.651190281E0,-1.878908634E0,-6.062408686E-1
1.141781301E2,-2.043900013E0,-1.250290513E0,1.555017829E-1
1.141881611E2,-1.933995008E0,-8.469306231E-1,9.825928211E-1
1.141981921E2,-1.317724109E0,2.360803820E-2,1.594671726E0
1.142082221E2,-3.237886131E-1,8.086999655E-1,1.955875397E0
1.142182531E2,6.595274806E-1,1.290803432E0,2.129870892E0
1.142282841E2,1.427875400E0,1.327296615E0,2.099831343E0
1.142383141E2,1.704825401E0,1.341250777E0,1.806454420E0
1.142483451E2,1.466432214E0,1.222842216E0,1.394994617E0
1.142583761E2,1.019772410E0,1.123829603E0,8.319750428E-1
1.142684071E2,3.639232516E-1,8.601223826E-1,1.165153831E-1
1.142784371E2,-4.588140249E-1,7.230819464E-1,-6.158893704E-1
1.142884681E2,-1.897056937E0,3.992200196E-1,-1.451750398E0
1.142984991E2,-4.804315090E0,-1.265362620E0,-2.779236555E0
1.143085291E2,-4.601097584E0,1.884174943E0,-4.070146084E0
1.143185601E2,-2.537425041E0,4.074412346E0,-3.899994612E0
1.143285911E2,-5.159772635E-1,2.295582294E0,-3.621879101E0
1.143386211E2,5.458795279E-2,1.301607490E0,-2.599466324E0
1.143486521E2,5.588395596E-1,1.078914165E0,-1.468761444E0
1.143586831E2,9.403613210E-1,6.086249948E-1,-7.495627999E-1
1.143687141E2,5.339276195E-1,6.574846506E-1,-2.146323323E-1
1.143787441E2,-3.588404655E-1,4.775748253E-1,5.850414187E-2
1.143887751E2,-9.123662710E-1,5.321430564E-1,2.996245325E-1
1.143988061E2,-1.058871031E0,8.067210913E-1,6.033367515E-1
1.144088371E2,-7.088657022E-1,1.432490796E-1,8.932149410E-1
1.144188671E2,7.438461483E-2,-4.629058540E-1,8.526600599E-1
1.144288981E2,4.859432876E-1,-4.438074529E-1,8.417831659E-1
1.144389291E2,6.059048176E-1,-7.508880496E-1,8.985436559E-1
1.144489591E2,6.930809617E-1,-1.081964850E0,9.875320792E-1
1.144589901E2,7.408404946E-1,-1.761788011E0,1.040113568E0
1.144690211E2,7.492368221E-1,-2.083164454E0,1.106504679E0
1.144790521E2,8.331817985E-1,-2.330752611E0,1.313931584E0
1.144890821E2,1.112647295E0,-2.300342560E0,1.575068831E0
1.144991131E2,1.209343195E0,-2.186550617E0,1.774197102E0
1.145091441E2,1.153623104E0,-2.092162848E0,1.830731392E0
1.145191741E2,1.014477730E0,-2.246495247E0,1.704313517E0
1.145292051E2,1.111772776E0,-2.618896961E0,1.355334878E0
1.145392361E2,1.512084246E0,-2.683655500E0,7.294611931E-1
1.145492671E2,1.374559402E0,-1.059882879E0,8.859911561E-2
1.145592971E2,5.578275919E-1,1.207529545E0,-3.393309414E-1
1.145693281E2,-8.561296761E-2,9.084795117E-1,-6.593976617E-1
1.145793591E2,-4.336604476E-1,-1.006590724E-1,-9.202407002E-1
1.145893891E2,-5.642580986E-1,1.448659152E-1,-8.655971289E-1
1.145994201E2,-1.826212406E-1,7.077668309E-1,-8.296121955E-1
1.146094511E2,2.429450154E-1,1.535720468E0,-7.802966237E-1
1.146194821E2,6.498648524E-1,2.237529039E0,-8.183430433E-1
1.146295121E2,8.534662127E-1,2.508847237E0,-5.975311399E-1
1.146395431E2,9.421332479E-1,2.661754847E0,-4.530906081E-1
1.146495741E2,2.965399981E0,1.933941096E-1,4.204299748E-1
1.146596041E2,6.109357357E0,-4.122185707E-1,2.171989679E0
1.146696351E2,2.735367537E0,4.431734085E0,1.733723640E0
1.146796661E2,1.286504149E0,2.830565929E0,1.518371582E0
1.146896971E2,8.335196972E-2,2.481759071E0,8.016031981E-1
1.146997271E2,-1.061622739E0,2.183308363E0,3.580031395E-1
1.147097581E2,-1.152480721E0,1.550955415E0,2.108796388E-1
1.147197891E2,-7.360595465E-1,1.122645378E0,9.539295435E-1
1.147298191E2,2.444858551E-1,-5.360687375E-1,1.437723517E0
1.147398501E2,2.132427096E-1,-1.553006053E0,1.157693744E0
1.147498811E2,-6.100227833E-1,-1.308279514E0,5.946499109E-1
1.147599121E2,-1.324631691E0,-1.406710744E0,-1.217036247E-1
1.147699421E2,-1.486440420E0,-1.392736793E0,-6.017271876E-1
1.147799731E2,-1.556743264E0,-1.055014372E0,-8.764812350E-1
1.147900041E2,-1.672608972E0,-9.902143478E-1,-1.108217239E0
1.148000341E2,-1.622506380E0,-1.118680716E0,-1.349735498E0
1.148100651E2,-1.445268869E0,-1.190919757E0,-1.467175126E0
1.148200961E2,-1.297888160E0,-1.361773252E0,-1.414230347E0
1.148301261E2,-1.333501816E0,-1.607728839E0,-1.241720676E0
1.148401571E2,-1.442553997E0,-1.714848638E0,-1.053946018E0
1.148501881E2,-1.495503426E0,-1.595709801E0,-9.214209914E-1
1.148602181E2,-1.572044253E0,-1.561299086E0,-8.288041949E-1
1.148702491E2,-1.693482041E0,-1.650298357E0,-6.220072508E-1
1.148802801E2,-2.002247095E0,-1.049061537E0,-2.165542841E-1
1.148903111E2,-2.022798300E0,-2.053572536E-1,3.454026282E-1
1.149003411E2,-1.586876273E0,4.250297546E-1,8.951472640E-1
1.149103721E2,-7.370409369E-1,7.541227937E-1,1.398262739E0
1.149204031E2,1.541449130E-1,8.385276794E-1,1.665809751E0
1.149304331E2,9.513911009E-1,8.833217025E-1,1.845069289E0
1.149404641E2,1.450439692E0,8.953688145E-1,1.730797291E0
1.149504951E2,1.489434838E0,8.918105364E-1,1.439355969E0
1.149605251E2,1.047864079E0,8.856967092E-1,9.796570539E-1
1.149705561E2,9.362374246E-2,8.766099215E-1,2.924409211E-1
1.149805871E2,-1.888570547E0,4.836328328E-1,-7.198489308E-1
1.149906181E2,-5.104698658E0,-8.508027792E-1,-2.201412678E0
1.150006481E2,-5.310334206E0,1.127585769E0,-3.849111080E0
1.150106791E2,-3.053502083E0,3.962382078E0,-3.546538115E0
1.150207101E2,-1.411431935E-3,3.487351894E0,-3.113993168E0
1.150307401E2,6.808083653E-1,2.042543888E0,-2.377884388E0
1.150407711E2,9.647012949E-1,1.125843763E0,-1.331205130E0
1.150508021E2,1.160454750E0,5.803176761E-1,-1.140185714E0
1.150608331E2,4.384272993E-1,6.655023247E-2,-8.742650747E-1
1.150708631E2,-2.575078607E-1,-5.065516755E-2,-6.058227420E-1
1.150808941E2,-4.403623641E-1,-1.688827276E-1,-3.271642327E-1
1.150909251E2,-5.847531557E-1,-1.431794465E-2,6.968515366E-2
1.151009551E2,-1.167505458E-1,-7.849240899E-1,4.485041201E-1
1.151109861E2,4.820439219E-1,-1.304876208E0,7.605985999E-1
1.151210171E2,9.475380778E-1,-1.390669227E0,8.810610771E-1
1.151310486E2,1.136298418E0,-1.436911583E0,9.890894890E-1
1.151410786E2,1.292291999E0,-1.579091668E0,1.091744781E0
1.151511096E2,1.287909985E0,-1.925972342E0,1.176637173E0
1.151611406E2,1.223419666E0,-2.153270006E0,1.200896144E0
1.151711716E2,1.158679247E0,-2.286389828E0,1.248195648E0
1.151812016E2,1.165308356E0,-2.327410698E0,1.326179147E0
1.151912326E2,1.232155800E0,-2.171926260E0,1.455378175E0
1.152012636E2,1.281667709E0,-2.075406790E0,1.558557034E0
1.152112936E2,1.238402128E0,-2.176699162E0,1.577462792E0
1.152213246E2,1.339712501E0,-2.362435579E0,1.412652254E0
1.152313556E2,1.687487602E0,-2.310367584E0,9.944283962E-1
1.152413866E2,1.700101972E0,-1.110687733E0,4.119236767E-1
1.152514166E2,8.763259053E-1,1.231332421E0,7.879415527E-3
1.152614476E2,3.301146626E-2,1.559588552E0,-3.515503705E-1
1.152714786E2,-4.500773847E-1,3.385696113E-1,-5.742092133E-1
1.152815086E2,-7.328611016E-1,2.395745963E-1,-6.047213078E-1
1.152915396E2,-6.088851094E-1,7.198598385E-1,-8.013881445E-1
1.153015706E2,-3.783834577E-1,1.367552638E0,-8.120501041E-1
1.153116006E2,-4.905784503E-3,1.533350587E0,-5.392116308E-1
1.153216316E2,5.743157268E-1,2.417477846E0,-2.451688349E-1
1.153316626E2,2.221468925E0,3.174255371E0,1.676137596E-1
1.153416936E2,5.994475365E0,6.288530678E-2,2.015215158E0
1.153517236E2,3.386722803E0,2.806375980E0,2.024756432E0
1.153617546E2,1.165007353E0,3.797979355E0,1.614565730E0
1.153717856E2,-3.147754371E-1,4.183290482E0,1.360391378E0
1.153818166E2,-9.632042646E-1,4.064021587E0,7.450022101E-1
1.153918466E2,-8.698995709E-1,2.884729385E0,2.504279017E-1
1.154018776E2,-1.101440750E-2,1.741311789E0,8.880365491E-1
1.154119086E2,6.303356290E-1,-7.104386091E-1,1.582478285E0
1.154219386E2,1.802456975E-1,-1.645823836E0,1.395703673E0
1.154319696E2,-6.287078261E-1,-1.131850719E0,8.556016088E-1
1.154420006E2,-9.591323137E-1,-1.276709557E0,2.684872746E-1
1.154520306E2,-1.117273211E0,-9.750394225E-1,-2.837392688E-1
1.154620616E2,-1.258805037E0,-7.022259831E-1,-7.753382921E-1
1.154720926E2,-1.406463861E0,-8.290459514E-1,-1.251520038E0
1.154821236E2,-1.410868168E0,-1.103767037E0,-1.596669436E0
1.154921536E2,-1.273556232E0,-1.394370317E0,-1.765727639E0
1.155021846E2,-1.063399553E0,-1.608107448E0,-1.768463492E0
1.155122156E2,-1.019302964E0,-1.836644292E0,-1.613745213E0
1.155222456E2,-1.135050058E0,-1.916566253E0,-1.389721870E0
1.155322766E2,-1.250514150E0,-1.831365824E0,-1.222548604E0
1.155423076E2,-1.363302827E0,-1.845424294E0,-1.045541525E0
1.155523376E2,-1.520017862E0,-2.069416761E0,-8.395714760E-1
1.155623686E2,-1.884859800E0,-1.828153968E0,-4.967256784E-1
1.155723996E2,-2.282005072E0,-9.086549878E-1,8.593859524E-2
1.155824306E2,-2.014098167E0,-3.502489924E-1,7.946507931E-1
1.155924606E2,-1.196371794E0,3.106799722E-1,1.455818057E0
1.156024916E2,4.020398483E-2,7.890598774E-1,1.736255050E0
1.156125226E2,9.399636388E-1,1.087538242E0,1.946262360E0
1.156225526E2,1.619342446E0,1.401731491E0,1.876037121E0
1.156325836E2,1.864508152E0,1.444532633E0,1.658892751E0
1.156426146E2,1.553220630E0,1.280320287E0,1.259083271E0
1.156526446E2,7.600483298E-1,1.154370189E0,6.469952464E-1
1.156626756E2,-2.841975987E-1,1.018033147E0,-7.430992275E-2
1.156727066E2,-1.697361231E0,8.423998952E-1,-8.676881194E-1
1.156827366E2,-4.986549854E0,-1.812409163E-1,-2.077280045E0
1.156927676E2,-6.497025490E0,4.357199371E-1,-4.106469631E0
1.157027986E2,-4.206364632E0,4.003256798E0,-3.865029573E0
1.157128296E2,-6.430580020E-1,3.503657818E0,-3.573065996E0
1.157228596E2,3.540790379E-1,2.121096611E0,-2.991853952E0
1.157328906E2,6.629611850E-1,8.003590703E-1,-1.627825737E0
1.157429216E2,1.097208261E0,-7.970351726E-2,-1.091469407E0
1.157529516E2,7.718178034E-1,-3.260910511E-1,-9.183150530E-1
1.157629826E2,-4.183702469E-1,-1.966193765E-1,-5.086987615E-1
1.157730136E2,-8.304982185E-1,-3.270708770E-2,-1.772703081E-1
1.157830446E2,-9.453635812E-1,5.157618523E-1,1.059273183E-1
1.157930746E2,-6.978641152E-1,1.541920155E-1,4.993025362E-1
1.158031056E2,9.401108325E-2,-4.491588473E-1,6.378061175E-1
1.158131366E2,7.045660019E-1,-3.572979271E-1,6.697664261E-1
1.158231676E2,9.811674953E-1,-4.098229110E-1,8.325843215E-1
1.158331976E2,1.206795335E0,-6.409106255E-1,9.899075627E-1
1.158432286E2,1.248705029E0,-1.098968506E0,1.149031758E0
1.158532596E2,1.126062274E0,-1.517169476E0,1.183110356E0
1.158632896E2,1.023977995E0,-1.715605378E0,1.152458191E0
1.158733206E2,1.015471339E0,-1.901384950E0,1.199760318E0
1.158833516E2,1.094616771E0,-1.867564082E0,1.270750761E0
1.158933826E2,1.065759420E0,-1.741405725E0,1.357253551E0
1.159034126E2,9.018777609E-1,-1.713671207E0,1.448797345E0
1.159134436E2,7.847881913E-1,-1.856251478E0,1.398748040E0
1.159234746E2,9.245037436E-1,-2.132945776E0,1.192413211E0
1.159335046E2,1.239972353E0,-2.099565744E0,7.183210254E-1
1.159435356E2,1.066469908E0,-7.363151312E-1,2.361314893E-1
1.159535666E2,2.453611046E-1,8.992695808E-1,-1.332504004E-1
1.159635976E2,-3.353792131E-1,7.005703449E-1,-4.530265629E-1
1.159736276E2,-5.819564462E-1,-1.154486910E-1,-5.262670517E-1
1.159836586E2,-3.852319717E-1,2.767228186E-1,-5.430005193E-1
1.159936896E2,3.822148964E-2,8.843933344E-1,-6.986805797E-1
1.160037196E2,4.462707639E-1,1.520806670E0,-6.497210264E-1
1.160137506E2,7.317106724E-1,2.123802423E0,-5.861930251E-1
1.160237816E2,9.244061112E-1,3.165704250E0,-6.373166442E-1
1.160338116E2,4.470343590E0,1.494293571E0,1.047278568E-1
1.160438426E2,4.966289997E0,1.593552232E0,1.421005368E0
1.160538736E2,2.298956633E0,3.693688631E0,1.422394514E0
1.160639046E2,6.804627776E-1,3.605115414E0,1.250194311E0
1.160739346E2,-5.543826222E-1,3.484300137E0,9.312580824E-1
1.160839656E2,-1.093129396E0,2.876446009E0,3.377574682E-1
1.160939966E2,-8.967596889E-1,2.349198818E0,6.387971044E-1
1.161040266E2,1.546770930E-1,8.834005594E-1,1.389220834E0
1.161140576E2,5.131109953E-1,-9.590425491E-1,1.528582335E0
1.161240886E2,1.335860491E-1,-1.875307560E0,1.091220140E0
1.161341231E2,-7.192642689E-1,-1.749753594E0,3.276387155E-1
1.161441531E2,-1.072376013E0,-1.648917198E0,-3.810420334E-1
1.161541841E2,-1.244272351E0,-1.257425547E0,-7.893785238E-1
1.161642151E2,-1.389981389E0,-9.084129333E-1,-1.201737046E0
1.161742451E2,-1.427568674E0,-1.030199766E0,-1.571747422E0
1.161842761E2,-1.339202285E0,-1.216886282E0,-1.921566248E0
1.161943071E2,-1.133419514E0,-1.374107838E0,-2.062405586E0
1.162043371E2,-9.804046154E-1,-1.500144601E0,-1.986194015E0
1.162143681E2,-9.857604504E-1,-1.659857631E0,-1.748266220E0
1.162243991E2,-1.080639482E0,-1.851421952E0,-1.442589402E0
1.162344301E2,-1.188404083E0,-1.817854643E0,-1.183591127E0
1.162444601E2,-1.311582565E0,-1.759618282E0,-9.579814672E-1
1.162544911E2,-1.485832334E0,-1.813163638E0,-7.270749211E-1
1.162645221E2,-1.827126622E0,-1.666914463E0,-2.613346875E-1
1.162745521E2,-2.022191286E0,-1.036823273E0,3.519027531E-1
1.162845831E2,-1.687331200E0,-2.503220141E-1,7.540557981E-1
1.162946141E2,-8.245787024E-1,5.746385455E-1,1.236906290E0
1.163046441E2,2.672432661E-1,5.766487122E-1,1.646101236E0
1.163146751E2,1.099864364E0,5.986300111E-1,1.910916090E0
1.163247061E2,1.499988675E0,6.510609984E-1,2.041321278E0
1.163347361E2,1.507030129E0,1.025540829E0,1.785284281E0
1.163447671E2,1.138040900E0,1.113616824E0,1.344430208E0
1.163547981E2,4.167551100E-1,1.055516720E0,7.259726524E-1
1.163648291E2,-6.784662008E-1,1.367251754E0,-1.741574109E-1
1.163748591E2,-3.636174917E0,4.442058504E-1,-1.504682899E0
1.163848901E2,-6.453851223E0,1.112393588E-1,-4.033615589E0
1.163949211E2,-4.930259705E0,3.235524893E0,-4.080288887E0
1.164049511E2,-1.677069426E0,3.122344255E0,-3.358927488E0
1.164149821E2,-9.430883825E-2,2.472996235E0,-2.658267975E0
1.164250131E2,4.582603574E-1,1.792692780E0,-1.240885139E0
1.164350431E2,1.243889809E0,1.156972528E0,-4.169194400E-1
1.164450741E2,1.212123871E0,7.422283888E-1,-3.426952958E-1
1.164551051E2,4.702933133E-1,1.706183851E-1,-2.356590778E-1
1.164651361E2,-1.141426936E-1,-4.974594712E-2,-1.640232503E-1
1.164751661E2,-4.353503287E-1,1.958162189E-1,3.783416376E-2
1.164851971E2,-3.617003262E-1,-1.485669911E-1,2.108927667E-1
1.164952281E2,3.727582693E-1,-9.812686443E-1,3.352918327E-1
1.165052591E2,9.915298820E-1,-1.084852815E0,4.413181543E-1
1.165152891E2,1.250657201E0,-6.020758748E-1,6.626596451E-1
1.165253201E2,1.385941863E0,-2.580490112E-1,9.749693871E-1
1.165353511E2,1.350759506E0,-5.161028504E-1,1.252764106E0
1.165453811E2,1.214468479E0,-1.058315754E0,1.364549279E0
1.165554121E2,1.064454198E0,-1.570827723E0,1.386076093E0
1.165654431E2,9.120060205E-1,-1.874537468E0,1.423036218E0
1.165754741E2,8.319934011E-1,-2.081106424E0,1.563894749E0
1.165855041E2,7.580528855E-1,-2.118242741E0,1.745473862E0
1.165955351E2,6.111955047E-1,-2.128527880E0,1.883186817E0
1.166055661E2,4.951357245E-1,-2.300741911E0,1.864362478E0
1.166155961E2,8.742248416E-1,-2.756001472E0,1.597895503E0
1.166256271E2,1.562366247E0,-2.674312592E0,1.023068786E0
1.166356581E2,1.292111278E0,-6.723902225E-1,4.457978904E-1
1.166456891E2,1.152801663E-1,1.363492012E0,-3.631412983E-2
1.166557191E2,-7.386257052E-1,7.332267165E-1,-5.503463149E-1
1.166657501E2,-1.312897444E0,1.578547508E-1,-7.562643290E-1
1.166757811E2,-1.446870923E0,3.674070239E-1,-7.832725644E-1
1.166858111E2,-1.045311570E0,8.450204134E-1,-7.972440720E-1
1.166958421E2,-4.323085546E-1,1.328782320E0,-7.305654287E-1
1.167058731E2,2.853361368E-1,2.031875849E0,-5.928805470E-1
1.167159031E2,1.436317086E0,3.471538544E0,-5.907807946E-1
1.167259341E2,5.553174973E0,2.323053837E0,6.854139566E-1
1.167359651E2,5.227796078E0,2.070584536E0,2.025109529E0
1.167459961E2,2.840280771E0,3.067619324E0,1.839627028E0
1.167560261E2,7.408080697E-1,3.745847702E0,1.493529797E0
1.167660571E2,-3.964120746E-1,4.125599861E0,8.631905317E-1
1.167760881E2,-1.408420444E0,4.221126080E0,2.736778557E-1
1.167861181E2,-1.026063442E0,3.513986826E0,6.837841868E-1
1.167961491E2,8.511356264E-2,9.810848236E-1,1.590924740E0
1.168061801E2,6.268807054E-1,-1.117610931E0,1.804033041E0
1.168162111E2,3.136568367E-1,-1.589457512E0,1.105152845E0
1.168262411E2,-2.486190051E-1,-1.129209757E0,2.958239615E-1
1.168362721E2,-2.490490675E-1,-1.263229489E0,-2.046986967E-1
1.168463031E2,-4.376815557E-1,-1.009473443E0,-6.394429803E-1
1.168563331E2,-8.316808939E-1,-7.808594704E-1,-9.415997863E-1
1.168663641E2,-1.168633342E0,-8.834489584E-1,-1.210510373E0
1.168763951E2,-1.377278924E0,-1.075610757E0,-1.441758394E0
1.168864251E2,-1.385309458E0,-1.330402017E0,-1.502550960E0
1.168964561E2,-1.217575073E0,-1.529571176E0,-1.383276820E0
1.169064871E2,-1.161112309E0,-1.777623534E0,-1.142331362E0
1.169165181E2,-1.162678003E0,-2.031590462E0,-9.457326531E-1
1.169265481E2,-1.169796109E0,-1.940090179E0,-8.258768320E-1
1.169365791E2,-1.227127790E0,-1.857676029E0,-7.840981483E-1
1.169466101E2,-1.337234616E0,-2.027976990E0,-7.962930202E-1
1.169566401E2,-1.461493611E0,-2.273135185E0,-6.486958265E-1
1.169666711E2,-1.787829876E0,-2.041146517E0,-2.500057220E-1
1.169767021E2,-2.128671169E0,-1.294663310E0,4.380169809E-1
1.169867321E2,-1.932443857E0,-5.217677355E-1,1.237373710E0
1.169967631E2,-1.061364055E0,4.575555623E-1,1.813487172E0
1.170067941E2,2.460248917E-1,9.629934430E-1,2.155531406E0
1.170168241E2,1.322938681E0,1.355695844E0,2.275285482E0
1.170268551E2,1.812126994E0,1.560631752E0,1.863607287E0
1.170368861E2,1.731382012E0,1.158699155E0,1.407404065E0
1.170469161E2,1.327599406E0,1.002092004E0,7.918967605E-1
1.170569471E2,6.612465382E-1,8.026099205E-1,1.608717740E-1
1.170669781E2,-3.667004108E-1,6.777060628E-1,-5.149745941E-1
1.170770091E2,-2.659273863E0,-3.002139181E-2,-1.446750641E0
1.170870391E2,-5.696269512E0,-2.954126000E-1,-2.999444723E0
1.170970701E2,-5.083679199E0,2.771477938E0,-4.069515705E0
1.171071011E2,-2.389545918E0,3.880851984E0,-3.465923548E0
1.171171311E2,-2.051420063E-1,2.300024271E0,-3.535919905E0
1.171271574E2,2.622470260E-1,1.576713085E0,-2.455164909E0
1.171371884E2,8.552803993E-1,-1.367088109E-1,-1.408100486E0
1.171472184E2,9.015027881E-1,-2.101795673E-1,-1.101420164E0
1.171572494E2,-2.094869018E-1,1.948859394E-1,-6.529251337E-1
1.171672804E2,-8.227862716E-1,1.529954821E-1,-6.611245871E-2
1.171773114E2,-1.201013803E0,-9.019525722E-3,3.143425286E-1
1.171873414E2,-1.287626743E0,-7.372093853E-3,6.391029954E-1
1.171973724E2,-7.502626181E-1,-5.208469629E-1,7.830757499E-1
1.172074034E2,-2.514906228E-1,-8.879751563E-1,8.248205185E-1
1.172174334E2,1.192977801E-1,-6.574732065E-1,7.249332666E-1
1.172274644E2,4.046376348E-1,-5.789781213E-1,7.439695001E-1
1.172374954E2,6.133781672E-1,-8.352936506E-1,8.410410881E-1
1.172475264E2,5.866402984E-1,-1.309470296E0,9.748569131E-1
1.172575564E2,5.301604867E-1,-1.673499346E0,1.116148233E0
1.172675874E2,4.500829577E-1,-1.770707369E0,1.146859527E0
1.172776184E2,5.090586543E-1,-1.813211441E0,1.213263392E0
1.172876494E2,6.949291825E-1,-1.808184981E0,1.297854662E0
1.172976794E2,7.842555046E-1,-1.891520500E0,1.389567733E0
1.173077104E2,7.104737163E-1,-2.032750130E0,1.397872806E0
1.173177414E2,7.358990312E-1,-2.259539604E0,1.240319252E0
1.173277714E2,1.120354295E0,-2.410428524E0,8.609194160E-1
1.173378024E2,1.410604358E0,-1.842662692E0,2.912364304E-1
1.173478334E2,8.578247428E-1,1.737728566E-1,-1.664744169E-1
1.173578634E2,-1.027964428E-2,1.429054141E0,-5.681577921E-1
1.173678944E2,-5.020765662E-1,5.868756175E-1,-8.143617511E-1
1.173779254E2,-7.743039727E-1,3.749844432E-1,-8.099217415E-1
1.173879564E2,-6.840979457E-1,8.044844270E-1,-8.419185281E-1
1.173979864E2,-3.173754215E-1,1.341754556E0,-7.780448198E-1
1.174080174E2,3.521298245E-2,1.924558878E0,-6.967984438E-1
1.174180484E2,3.041045666E-1,2.211618662E0,-5.670385361E-1
1.174280784E2,6.760967970E-1,2.531594753E0,-2.961100638E-1
1.174381094E2,4.656684875E0,5.800666213E-1,8.336656094E-1
1.174481404E2,5.943511009E0,1.162165165E0,2.169207096E0
1.174581704E2,2.513564825E0,3.805026293E0,1.585288048E0
1.174682014E2,8.072788119E-1,3.732952833E0,1.270246744E0
1.174782324E2,-3.527983129E-1,3.370325565E0,8.506432176E-1
1.174882634E2,-1.142214656E0,2.771150589E0,7.246498466E-1
1.174982934E2,-9.431625605E-1,2.050520182E0,5.824463964E-1
1.175083244E2,-4.344689548E-1,1.079133153E0,1.301373601E0
1.175183554E2,4.203822911E-1,-1.406858563E0,1.547014952E0
1.175283854E2,2.065759897E-1,-1.872821808E0,1.161840081E0
1.175384164E2,-3.007713258E-1,-1.554351330E0,4.073256254E-1
1.175484474E2,-6.754980683E-1,-1.517448783E0,-3.200627565E-1
1.175584784E2,-7.421118617E-1,-1.305618882E0,-7.555327415E-1
1.175685084E2,-7.907001376E-1,-9.315088987E-1,-1.118362904E0
1.175785394E2,-9.622865915E-1,-7.789062858E-1,-1.406596541E0
1.175885704E2,-1.000370860E0,-8.994912505E-1,-1.617368102E0
1.175986004E2,-8.327689171E-1,-8.698952198E-1,-1.667804480E0
1.176086314E2,-7.197222710E-1,-9.182827473E-1,-1.514133215E0
1.176186624E2,-7.931145430E-1,-1.151633143E0,-1.288954139E0
1.176286924E2,-1.024122477E0,-1.314168215E0,-1.069302440E0
1.176387234E2,-1.122356415E0,-1.262328386E0,-9.031644464E-1
1.176487544E2,-1.187564969E0,-1.427255869E0,-8.081068993E-1
1.176587844E2,-1.239208102E0,-1.783724308E0,-7.033026218E-1
1.176688154E2,-1.379526496E0,-1.947588921E0,-4.354887605E-1
1.176788464E2,-1.734037638E0,-1.400455236E0,1.188949943E-1
1.176888774E2,-1.871695042E0,-7.941029072E-1,8.390190601E-1
1.176989074E2,-1.737598896E0,1.312554479E-1,1.514522552E0
1.177089384E2,-1.012462258E0,6.439312696E-1,2.008179426E0
1.177189694E2,8.338638395E-2,8.860923052E-1,2.284211636E0
1.177289994E2,1.075829029E0,1.068703651E0,2.352297783E0
1.177390304E2,1.506850839E0,1.204824209E0,2.103734016E0
1.177490614E2,1.408104300E0,1.023725986E0,1.681296825E0
1.177590914E2,8.653377891E-1,7.552447319E-1,1.008067369E0
1.177691224E2,-6.072505563E-2,8.253964186E-1,2.307774425E-1
1.177791534E2,-1.900858045E0,6.653931737E-1,-8.501781225E-1
1.177891834E2,-4.946569920E0,-1.135620832E0,-2.443790436E0
1.177992144E2,-4.958514690E0,9.815487266E-1,-4.180007935E0
1.178092454E2,-2.890317440E0,3.720593929E0,-3.781010151E0
1.178192754E2,5.815489963E-2,3.137697935E0,-3.600257874E0
1.178293064E2,1.192534924E0,1.946175694E0,-2.948373795E0
1.178393374E2,1.745569468E0,8.381436467E-1,-1.926039934E0
1.178493684E2,1.887630224E0,-2.638193313E-3,-1.751657486E0
1.178593984E2,9.316777587E-1,-4.716111720E-1,-1.666966319E0
1.178694294E2,-5.473607033E-2,-2.849997580E-1,-1.132431269E0
1.178794604E2,-6.620841622E-1,-9.143230505E-3,-4.757285714E-1
1.178894904E2,-9.566220045E-1,2.964590192E-1,3.148542345E-1
1.178995214E2,-5.465369821E-1,-5.889422297E-1,9.148879051E-1
1.179095524E2,1.543228626E-1,-1.266078115E0,1.244788051E0
1.179195834E2,5.852120519E-1,-1.076326370E0,1.332641840E0
1.179296134E2,8.500874043E-1,-8.495770693E-1,1.465101600E0
1.179396444E2,9.700676203E-1,-9.212265611E-1,1.613215685E0
1.179496754E2,9.234103560E-1,-1.334072351E0,1.643374681E0
1.179597054E2,7.419672012E-1,-1.752473354E0,1.575505257E0
1.179697364E2,6.196394563E-1,-2.003300667E0,1.446855187E0
1.179797674E2,6.614614129E-1,-1.860872984E0,1.324226975E0
1.179897984E2,7.917272449E-1,-1.707591653E0,1.319557905E0
1.179998284E2,8.445322514E-1,-1.472930312E0,1.283352375E0
1.180098594E2,9.366914630E-1,-1.664009929E0,1.211346865E0
1.180198904E2,1.115696907E0,-2.026172876E0,9.836235642E-1
1.180299204E2,1.517049670E0,-2.189043760E0,5.638251901E-1
1.180399514E2,1.581141114E0,-1.646215200E0,4.155994952E-2
1.180499824E2,9.367956519E-1,2.072762847E-1,-3.984839916E-1
1.180600134E2,-7.359968871E-2,1.295306683E0,-7.592732906E-1
1.180700434E2,-5.709000230E-1,4.376018047E-1,-1.049642682E0
1.180800744E2,-7.558819652E-1,3.408659995E-1,-1.080635071E0
1.180901054E2,-6.551902294E-1,6.269823909E-1,-9.593182206E-1
1.181001354E2,-2.905833125E-1,1.086685061E0,-8.114107847E-1
1.181101664E2,1.644862145E-1,1.843505979E0,-7.128466964E-1
1.181201974E2,5.762751698E-1,2.334090471E0,-4.780218303E-1
1.181302285E2,1.254657626E0,3.423552990E0,-2.592788339E-1
1.181402595E2,6.100512028E0,6.947314143E-1,1.512876511E0
1.181502905E2,4.437503338E0,1.541339993E0,2.245070457E0
1.181603215E2,1.685596704E0,3.348057270E0,1.673377633E0
1.181703515E2,3.671299517E-1,3.926035404E0,1.294253469E0
1.181803825E2,-7.417916656E-1,3.685387611E0,6.377668381E-1
1.181904135E2,-1.125623226E0,2.836074591E0,8.462129161E-3
1.182004435E2,-7.336195707E-1,1.727181792E0,3.100430667E-1
1.182104745E2,-1.312860698E-1,1.447895020E-1,8.570054770E-1
1.182205055E2,2.800010741E-1,-1.289286256E0,9.541358352E-1
1.182305355E2,-6.850394420E-3,-1.503780246E0,6.418697834E-1
1.182405665E2,-7.855680585E-1,-1.358108759E0,2.506290972E-1
1.182505975E2,-1.011847496E0,-1.274067998E0,-8.772286773E-2
1.182606285E2,-1.243482351E0,-9.618258476E-1,-4.441651702E-1
1.182706585E2,-1.577102423E0,-8.072953820E-1,-9.227243066E-1
1.182806895E2,-1.761857271E0,-1.092072606E0,-1.351581097E0
1.182907205E2,-1.720061421E0,-1.409946203E0,-1.657157540E0
1.183007505E2,-1.532558322E0,-1.582810879E0,-1.710570931E0
1.183107815E2,-1.386725187E0,-1.720737934E0,-1.543649793E0
1.183208125E2,-1.371447086E0,-1.976304293E0,-1.312105417E0
1.183308425E2,-1.368937373E0,-1.913338661E0,-1.054853320E0
1.183408735E2,-1.360639334E0,-1.743313909E0,-8.227511048E-1
1.183509045E2,-1.397176623E0,-1.678197742E0,-5.930476189E-1
1.183609345E2,-1.480902791E0,-1.648171425E0,-2.551620603E-1
1.183709655E2,-1.747049212E0,-1.290331960E0,2.806350589E-1
1.183809965E2,-1.797766924E0,-7.249199748E-1,9.809999466E-1
1.183910265E2,-1.315993905E0,-1.981919557E-1,1.582704186E0
1.184010575E2,-3.641447723E-1,4.128433466E-1,1.899005532E0
1.184110885E2,6.573013067E-1,8.243992329E-1,2.138390779E0
1.184211195E2,1.507998824E0,9.196229577E-1,2.225198746E0
1.184311495E2,2.041139364E0,1.240391731E0,1.957669139E0
1.184411805E2,2.065615416E0,1.323419809E0,1.524462700E0
1.184512115E2,1.588906169E0,1.221014977E0,8.740311265E-1
1.184612415E2,7.334642410E-1,1.051823258E0,8.910942078E-2
1.184712725E2,-5.036803484E-1,1.062926173E0,-7.661845088E-1
1.184813035E2,-3.625199080E0,-1.381615549E-1,-2.011255741E0
1.184913335E2,-6.883105755E0,-2.338384837E-2,-4.350834846E0
1.185013645E2,-4.961700916E0,3.424112320E0,-4.278910160E0
1.185113955E2,-1.214660048E0,3.531689882E0,-3.677281618E0
1.185214255E2,4.263108373E-1,2.116401911E0,-3.299184561E0
1.185314565E2,6.767705083E-1,9.304080606E-1,-1.757519007E0
1.185414875E2,1.183310151E0,1.350210160E-1,-8.231111765E-1
1.185515185E2,8.648535609E-1,2.982371151E-1,-6.135254502E-1
1.185615485E2,-5.156223103E-2,5.351010561E-1,-5.273434520E-1
1.185715795E2,-6.129230261E-1,2.408616990E-1,-1.199895218E-1
1.185816105E2,-7.763411403E-1,3.443551362E-1,2.302826792E-1
1.185916405E2,-8.307180405E-1,5.140873790E-2,4.899403453E-1
1.186016715E2,-2.539167702E-1,-9.862720370E-1,7.004576325E-1
1.186117025E2,3.181520700E-1,-1.225882173E0,7.561491132E-1
1.186217335E2,5.384911895E-1,-1.037597537E0,9.032462239E-1
1.186317635E2,7.644286752E-1,-9.437195659E-1,1.090919495E0
1.186417945E2,8.709027171E-1,-1.254304051E0,1.246213794E0
1.186518255E2,7.702066898E-1,-1.606319904E0,1.324027300E0
1.186618555E2,7.153180242E-1,-1.894082189E0,1.372259736E0
1.186718865E2,7.106601596E-1,-1.913861752E0,1.364017487E0
1.186819175E2,7.889375091E-1,-1.888074398E0,1.407310963E0
1.186919485E2,9.155361652E-1,-1.764912009E0,1.463028312E0
1.187019785E2,9.536868930E-1,-1.832485557E0,1.483924985E0
1.187120095E2,9.688959122E-1,-2.006846189E0,1.406906962E0
1.187220405E2,1.214801788E0,-2.148796797E0,1.113848686E0
1.187320705E2,1.616075397E0,-2.070948124E0,5.890160203E-1
1.187421015E2,1.406561255E0,-5.005661845E-1,7.765815407E-2
1.187521325E2,4.921699464E-1,1.510771275E0,-1.754998118E-1
1.187621635E2,-1.748519540E-1,1.298374534E0,-3.841453791E-1
1.187721935E2,-5.329379439E-1,8.290570229E-2,-3.961011171E-1
1.187822245E2,-6.489018202E-1,3.679570556E-1,-5.273415446E-1
1.187922555E2,-4.485394359E-1,9.979948997E-1,-6.829133034E-1
1.188022855E2,-1.488022208E-1,1.494714499E0,-6.502965689E-1
1.188123165E2,2.754318714E-1,1.910637856E0,-4.632630050E-1
1.188223475E2,6.207984686E-1,2.483654737E0,-3.516308963E-1
1.188323775E2,1.709282756E0,2.779268980E0,-9.544064850E-2
1.188424085E2,7.031869888E0,-2.743699253E-1,1.929054976E0
1.188524395E2,3.689228296E0,3.015585423E0,1.908844471E0
1.188624695E2,1.689373732E0,4.098174095E0,1.470558524E0
1.188725005E2,2.286410332E-1,3.868705750E0,1.088670254E0
1.188825315E2,-7.946117520E-1,2.981595278E0,4.963440299E-1
1.188925625E2,-8.912786245E-1,1.749546647E0,1.731680781E-1
1.189025925E2,-5.526235700E-1,9.102466106E-1,7.361263037E-1
1.189126235E2,5.782757327E-2,-3.198342323E-1,1.309057236E0
1.189226545E2,4.146748781E-1,-1.489130139E0,1.189741373E0
1.189326845E2,1.220110506E-1,-1.853865504E0,7.970763445E-1
1.189427155E2,-5.322427750E-1,-1.888982058E0,2.411192954E-1
1.189527465E2,-8.131687045E-1,-1.708633900E0,-2.974296808E-1
1.189627765E2,-9.789851308E-1,-1.364987493E0,-7.245527506E-1
1.189728075E2,-1.099760532E0,-9.501767755E-1,-1.152498722E0
1.189828385E2,-1.235971212E0,-9.579392076E-1,-1.473352909E0
1.189928695E2,-1.310306430E0,-1.024908662E0,-1.575315475E0
1.190028995E2,-1.220125437E0,-8.000653386E-1,-1.549864888E0
1.190129305E2,-1.167072058E0,-8.074068427E-1,-1.415094495E0
1.190229615E2,-1.255526781E0,-1.089673996E0,-1.180894494E0
1.190329915E2,-1.309722662E0,-1.234929204E0,-8.914146423E-1
1.190430225E2,-1.381931305E0,-1.371740699E0,-6.908096075E-1
1.190530535E2,-1.456550717E0,-1.543402433E0,-5.622318983E-1
1.190630835E2,-1.498650074E0,-1.749058843E0,-3.783518076E-1
1.190731145E2,-1.771325231E0,-1.428591609E0,3.406373411E-2
1.190831455E2,-1.979403377E0,-7.447246313E-1,6.651814580E-1
1.190931755E2,-1.710060596E0,2.455024049E-3,1.255211473E0
1.191032065E2,-1.091893911E0,7.811387181E-1,1.788729191E0
1.191132375E2,-1.076076478E-1,1.056527615E0,2.120771170E0
1.191232675E2,7.674248815E-1,1.040874124E0,2.222959995E0
1.191332977E2,1.233669996E0,1.115672946E0,1.911257625E0
1.191433287E2,1.235946536E0,1.019818783E0,1.425387621E0
1.191533597E2,9.270783663E-1,9.407407641E-1,8.751140833E-1
1.191633897E2,3.498012424E-1,7.678210139E-1,2.462561578E-1
1.191734207E2,-6.788873076E-1,5.783368349E-1,-5.831184983E-1
1.191834517E2,-3.295880318E0,-5.602015257E-1,-1.755893946E0
1.191934817E2,-6.297295094E0,-6.035721302E-1,-3.971995354E0
1.192035127E2,-4.801734924E0,3.537240744E0,-4.442988873E0
1.192135437E2,-1.271906495E0,3.867264986E0,-3.655985117E0
1.192235737E2,2.674212158E-1,1.943309784E0,-3.474867344E0
1.192336047E2,4.967470765E-1,1.698225975E0,-2.241625547E0
1.192436357E2,1.118250132E0,8.667475581E-1,-1.529913425E0
1.192536667E2,9.851344228E-1,1.622039825E-1,-1.158069849E0
1.192636967E2,1.492310017E-1,-3.858202398E-1,-6.256349087E-1
1.192737277E2,-5.496240258E-1,-5.268263221E-1,-9.212122858E-2
1.192837587E2,-8.377521038E-1,1.636255085E-1,2.823997140E-1
1.192937887E2,-6.523705125E-1,1.716922596E-2,6.466048360E-1
1.193038197E2,-3.886225447E-2,-8.455384970E-1,8.112266660E-1
1.193138507E2,4.735707045E-1,-1.103903532E0,8.254628778E-1
1.193238817E2,6.569897532E-1,-1.035036564E0,8.916642666E-1
1.193339117E2,8.059821725E-1,-9.524913430E-1,1.022148252E0
1.193439427E2,8.425034881E-1,-1.337191105E0,1.165814638E0
1.193539737E2,7.715422511E-1,-1.798538446E0,1.256886244E0
1.193640037E2,7.361688018E-1,-2.080386877E0,1.407218099E0
1.193740347E2,7.751564384E-1,-2.102146149E0,1.567218423E0
1.193840657E2,8.649955988E-1,-1.846461296E0,1.746825337E0
1.193940967E2,8.312131166E-1,-1.720716953E0,1.877501607E0
1.194041267E2,7.579528689E-1,-1.710181594E0,1.901133418E0
1.194141577E2,8.502521515E-1,-1.976792216E0,1.726877809E0
1.194241887E2,1.296144962E0,-2.060631752E0,1.221172690E0
1.194342187E2,1.544007778E0,-1.406329513E0,5.478361249E-1
1.194442497E2,9.458185434E-1,8.920809627E-2,-8.705617487E-2
1.194542807E2,-1.261946410E-1,1.097648382E0,-6.417648792E-1
1.194643107E2,-8.418759704E-1,5.258391500E-1,-1.053305864E0
1.194743417E2,-1.273360610E0,4.221931696E-1,-1.007413745E0
1.194843727E2,-1.304248333E0,7.340947390E-1,-9.853622913E-1
1.194944037E2,-8.769429922E-1,1.148631811E0,-9.103567600E-1
1.195044337E2,-3.960354924E-1,1.832845211E0,-8.011727333E-1
1.195144647E2,1.714806706E-1,2.146337986E0,-6.597203016E-1
1.195244957E2,9.289565682E-1,2.805491209E0,-5.089122057E-1
1.195345257E2,5.185155392E0,9.768561125E-1,5.582851171E-1
1.195445567E2,6.030479431E0,6.593390703E-1,2.063615799E0
1.195545877E2,2.913108110E0,3.371047497E0,1.698418856E0
1.195646177E2,1.166616559E0,3.319505453E0,1.531888723E0
1.195746487E2,-3.306213021E-2,2.693175077E0,1.066353798E0
1.195846797E2,-8.318990469E-1,2.159620047E0,3.321844339E-1
1.195947107E2,-4.931385517E-1,1.883607507E0,1.592762768E-1
1.196047407E2,3.589989543E-1,1.256667018E0,6.075253487E-1
1.196147717E2,9.165397286E-1,-6.427993178E-1,8.639882803E-1
1.196248027E2,7.081608176E-1,-1.961639881E0,7.749859095E-1
1.196348327E2,-2.928575277E-1,-2.059552431E0,3.762430549E-1
1.196448637E2,-9.752158523E-1,-1.579344988E0,5.706731975E-2
1.196548947E2,-1.208281636E0,-1.114643097E0,-1.795388311E-1
1.196649247E2,-1.447785974E0,-6.275828481E-1,-4.187287986E-1
1.196749557E2,-1.584516883E0,-4.396097958E-1,-8.593147397E-1
1.196849867E2,-1.627220035E0,-7.650727034E-1,-1.125047684E0
1.196950177E2,-1.469400287E0,-1.013203502E0,-1.393017650E0
1.197050477E2,-1.267600775E0,-1.115851998E0,-1.489691854E0
1.197150787E2,-1.112817287E0,-1.309926629E0,-1.428782463E0
1.197251097E2,-1.117428064E0,-1.535735011E0,-1.234291553E0
1.197351397E2,-1.141253829E0,-1.666930795E0,-1.047865152E0
1.197451707E2,-1.190088034E0,-1.661245704E0,-8.742047548E-1
1.197552017E2,-1.332623363E0,-1.760865211E0,-6.781436801E-1
1.197652317E2,-1.567106962E0,-1.874746442E0,-4.149589539E-1
1.197752627E2,-1.848442554E0,-1.496870875E0,6.461751461E-2
1.197852937E2,-1.997585297E0,-8.538411856E-1,7.567927241E-1
1.197953237E2,-1.626064301E0,-2.155706882E-1,1.480810642E0
1.198053547E2,-8.272223473E-1,8.494070172E-1,1.943396807E0
1.198153857E2,2.810212374E-1,1.344787955E0,2.186145544E0
1.198254167E2,1.168881655E0,1.386767387E0,2.209185123E0
1.198354467E2,1.676489711E0,1.412395477E0,1.933652520E0
1.198454777E2,1.694770694E0,1.303608298E0,1.605842710E0
1.198555087E2,1.255643129E0,1.167273641E0,1.008755565E0
1.198655387E2,2.800596356E-1,9.323144555E-1,2.819102407E-1
1.198755697E2,-1.058283210E0,6.722738147E-1,-6.352850795E-1
1.198856007E2,-3.743177414E0,-3.730646074E-1,-1.759450674E0
1.198956307E2,-5.843128681E0,1.190982088E-1,-3.554280758E0
1.199056617E2,-4.474605083E0,3.072728395E0,-4.010124683E0
1.199156927E2,-1.608874559E0,3.728551626E0,-3.643070221E0
1.199257227E2,3.197750747E-1,2.370748997E0,-3.308076382E0
1.199357537E2,6.486645341E-1,1.244107246E0,-2.015726566E0
1.199457847E2,1.375078201E0,3.508092463E-1,-1.158245802E0
1.199558157E2,1.069061041E0,-1.406281292E-1,-1.073751211E0
1.199658457E2,3.675647974E-1,-5.989677832E-2,-7.627461553E-1
1.199758767E2,-1.448135525E-1,1.780761033E-1,-1.861382127E-1
1.199859077E2,-3.317602873E-1,2.025674134E-1,2.387805134E-1
1.199959377E2,-4.035356641E-1,-1.583745331E-1,5.753912926E-1
1.200059687E2,2.692084201E-2,-8.468089700E-1,7.110623717E-1
1.200159997E2,3.828363121E-1,-7.428826094E-1,8.031268120E-1
1.200260307E2,6.736603975E-1,-3.152317405E-1,8.658970594E-1
1.200360607E2,9.531508684E-1,-2.835534513E-1,1.045712948E0
1.200460917E2,1.076364517E0,-7.124745846E-1,1.125360012E0
1.200561227E2,1.037817121E0,-1.406802535E0,1.159159541E0
1.200661527E2,9.655658007E-1,-1.664953589E0,1.173456430E0
1.200761837E2,1.058200717E0,-1.637762427E0,1.255801082E0
1.200862147E2,1.159137726E0,-1.642471075E0,1.402210593E0
1.200962457E2,1.169725895E0,-1.695760131E0,1.526765943E0
1.201062757E2,1.010033607E0,-1.857052207E0,1.617304444E0
1.201163067E2,7.413155437E-1,-2.013067484E0,1.650408864E0
1.201263377E2,7.674549222E-1,-2.067904949E0,1.587546587E0
1.201363685E2,9.822306037E-1,-1.687292576E0,1.285278082E0
1.201463995E2,9.337862134E-1,-3.407981992E-1,7.373535633E-1
1.201564305E2,4.310359955E-1,7.024334073E-1,1.577219218E-1
1.201664615E2,-3.031896800E-2,1.594913900E-1,-3.262339830E-1
1.201764915E2,-4.785548151E-1,-4.777508676E-1,-5.262663960E-1
1.201865225E2,-6.191759706E-1,1.404154953E-2,-5.947301984E-1
1.201965535E2,-3.993437886E-1,5.105615854E-1,-7.286027670E-1
1.202065835E2,2.803772129E-2,1.461685777E0,-9.669761062E-1
1.202166145E2,3.557047844E-1,2.019696712E0,-8.824194074E-1
1.202266455E2,8.885713816E-1,2.980346680E0,-7.048490644E-1
1.202366755E2,3.214318752E0,2.221601248E0,-1.864554733E-1
1.202467065E2,5.509883404E0,4.776284099E-1,1.615329146E0
1.202567375E2,3.131617069E0,3.407656193E0,1.556339145E0
1.202667685E2,9.579489231E-1,3.745677233E0,1.112828135E0
1.202767985E2,-3.854936063E-1,4.286097050E0,7.691349387E-1
1.202868295E2,-1.288069606E0,3.941157579E0,3.565505147E-1
1.202968605E2,-1.195143700E0,3.277475119E0,4.195071161E-1
1.203068905E2,-1.480846703E-1,1.490506530E0,1.237032771E0
1.203169215E2,4.450031519E-1,-9.348697066E-1,1.551243782E0
1.203269525E2,3.277667984E-2,-1.987197757E0,1.254376888E0
1.203369835E2,-6.096528769E-1,-1.674653769E0,6.827275157E-1
1.203470135E2,-9.836176038E-1,-1.672765732E0,2.101694942E-1
1.203570445E2,-1.187582135E0,-1.035239577E0,-2.898603082E-1
1.203670755E2,-1.233932853E0,-5.288788080E-1,-7.994465232E-1
1.203771055E2,-1.440811515E0,-4.612385035E-1,-1.328701496E0
1.203871365E2,-1.468606591E0,-8.210861683E-1,-1.697519541E0
1.203971675E2,-1.402542710E0,-1.127044439E0,-1.811414361E0
1.204071975E2,-1.276806831E0,-1.393245339E0,-1.676698923E0
1.204172285E2,-1.266918778E0,-1.630481601E0,-1.417005539E0
1.204272595E2,-1.393273950E0,-2.015666723E0,-1.158578634E0
1.204372895E2,-1.520251632E0,-2.324738979E0,-9.399088025E-1
1.204473205E2,-1.613092899E0,-2.530323982E0,-7.529327869E-1
1.204573515E2,-1.724261522E0,-2.720490694E0,-6.161968112E-1
1.204673825E2,-2.004568338E0,-2.735618591E0,-3.937989473E-1
1.204774125E2,-2.635019779E0,-1.292134881E0,1.100178584E-1
1.204874435E2,-2.681346178E0,-7.283885777E-2,6.962737441E-1
1.204974745E2,-1.976885200E0,5.981909037E-1,1.207029581E0
1.205075045E2,-8.013368249E-1,6.234589219E-1,1.596998334E0
1.205175355E2,2.608996332E-1,5.245919824E-1,1.940403581E0
1.205275665E2,1.144454002E0,6.748953462E-1,2.026931047E0
1.205375965E2,1.453771949E0,1.209899545E0,1.985220194E0
1.205476275E2,1.441715956E0,1.479949117E0,1.747612834E0
1.205576585E2,9.832116961E-1,1.606485963E0,1.281232595E0
1.205676885E2,5.629456416E-2,1.672610402E0,4.905859828E-1
1.205777195E2,-2.283262253E0,8.062869906E-1,-6.856544614E-1
1.205877505E2,-5.840347290E0,-1.310848236E0,-2.690278769E0
1.205977805E2,-5.489840031E0,2.095458746E0,-4.015648842E0
1.206078115E2,-2.794427633E0,3.651426792E0,-3.528083801E0
1.206178425E2,2.157299072E-1,2.801481724E0,-3.175771236E0
1.206278735E2,9.873784184E-1,2.323823929E0,-2.199651480E0
1.206379035E2,1.916094899E0,1.386262536E0,-1.396590114E0
1.206479345E2,2.088889599E0,2.130620927E-1,-1.540729403E0
1.206579655E2,1.053250909E0,-3.696295619E-1,-1.264187813E0
1.206679955E2,2.618333101E-1,-3.307858109E-1,-8.837367892E-1
1.206780265E2,-2.230553478E-1,2.316868603E-1,-6.081102490E-1
1.206880575E2,-5.785084367E-1,7.074946165E-1,-7.649608701E-2
1.206980885E2,-2.786620855E-1,5.428805202E-2,4.947407842E-1
1.207081185E2,1.353130937E-1,-3.298992515E-1,8.844248652E-1
1.207181495E2,4.897465408E-1,-4.548337460E-1,1.223099351E0
1.207281805E2,8.384166956E-1,-7.694839835E-1,1.544270635E0
1.207382105E2,1.021201372E0,-1.316977501E0,1.780757666E0
1.207482415E2,8.981057405E-1,-1.898664117E0,1.828617215E0
1.207582725E2,7.288149595E-1,-2.050993681E0,1.853955030E0
1.207683035E2,6.605463624E-1,-2.052784681E0,1.887396693E0
1.207783335E2,7.120404243E-1,-1.922686219E0,1.849532962E0
1.207883645E2,7.743908167E-1,-1.860672951E0,1.814001799E0
1.207983955E2,7.494596243E-1,-1.861679316E0,1.717057228E0
1.208084255E2,8.088799119E-1,-2.134005785E0,1.597297072E0
1.208184565E2,9.913602471E-1,-2.470434666E0,1.274911642E0
1.208284875E2,1.418934941E0,-2.398988724E0,6.664331555E-1
1.208385185E2,1.390987635E0,-1.275378942E0,-3.261303529E-3
1.208485485E2,7.438091040E-1,5.629580021E-1,-5.550754666E-1
1.208585795E2,1.731103472E-2,8.077315092E-1,-1.093379736E0
1.208686105E2,-7.811694741E-1,-1.709530652E-1,-1.427666187E0
1.208786405E2,-1.276578903E0,7.834837586E-2,-1.485634685E0
1.208886715E2,-1.157836914E0,7.116951346E-1,-1.257881045E0
1.208987025E2,-5.618818998E-1,1.273606896E0,-9.857417345E-1
1.209087325E2,3.169024289E-1,1.783866882E0,-5.702160597E-1
1.209187635E2,1.168459654E0,2.430204391E0,-2.605985105E-1
1.209287945E2,1.676243424E0,3.286131382E0,-2.198591530E-1
1.209388255E2,3.219737053E0,3.081789494E0,1.688353419E-1
1.209488555E2,6.591433048E0,-3.287061453E-1,2.462992430E0
1.209588865E2,3.275774717E0,2.873036861E0,2.178020954E0
1.209689175E2,1.476645350E0,3.416263819E0,2.085001707E0
1.209789475E2,1.469538212E-1,2.865893126E0,1.557505608E0
1.209889785E2,-1.076728940E0,2.587674618E0,1.028387427E0
1.209990095E2,-1.099521637E0,1.858334899E0,4.441591203E-1
1.210090405E2,-4.582502246E-1,1.159767389E0,8.020672202E-1
1.210190705E2,5.632675290E-1,-8.177499175E-1,1.243745446E0
1.210291015E2,8.258793354E-1,-1.907083273E0,9.500558972E-1
1.210391325E2,1.740075201E-1,-1.493413687E0,3.483769894E-1
1.210491625E2,-4.989801943E-1,-1.212068677E0,-2.574634552E-1
1.210591935E2,-7.792997360E-1,-1.039042354E0,-7.135806680E-1
1.210692245E2,-9.523342252E-1,-8.498667479E-1,-9.855723381E-1
1.210792545E2,-1.149877191E0,-7.607461810E-1,-1.401326299E0
1.210892855E2,-1.229902267E0,-1.065561771E0,-1.714177489E0
1.210993165E2,-1.257660389E0,-1.367444396E0,-1.900052309E0
1.211093475E2,-1.108663559E0,-1.461765170E0,-1.880608559E0
1.211193775E2,-1.044908047E0,-1.733737826E0,-1.685846210E0
1.211294085E2,-1.114634871E0,-2.104684353E0,-1.365800858E0
1.211394388E2,-1.209315538E0,-2.140415668E0,-1.081430197E0
1.211494688E2,-1.440737128E0,-2.048819304E0,-8.156945705E-1
1.211594998E2,-1.779986501E0,-2.074110985E0,-5.251583457E-1
1.211695308E2,-2.113952637E0,-1.765121937E0,-8.438903093E-2
1.211795608E2,-2.280638218E0,-6.751843691E-1,5.176595449E-1
1.211895918E2,-2.094293356E0,2.050846219E-1,1.084210873E0
1.211996228E2,-1.280428648E0,9.066352844E-1,1.472447872E0
1.212096528E2,-2.486245185E-1,1.273769259E0,1.828474283E0
1.212196838E2,7.131451964E-1,1.269400597E0,2.046027660E0
1.212297148E2,1.338652134E0,1.170892000E0,2.015961170E0
1.212397448E2,1.388693452E0,1.210123777E0,1.791844487E0
1.212497758E2,8.661093116E-1,1.286754489E0,1.283837199E0
1.212598068E2,-4.700302780E-1,1.411721230E0,4.672193527E-1
1.212698378E2,-3.172115803E0,8.297203779E-1,-7.977261543E-1
1.212798678E2,-6.576662064E0,8.810060471E-2,-2.950292826E0
1.212898988E2,-6.416771412E0,1.889544964E0,-4.288805485E0
1.212999298E2,-3.425321817E0,3.639937162E0,-3.898849964E0
1.213099598E2,-5.770652294E-1,3.760968447E0,-3.597700357E0
1.213199908E2,3.133943975E-1,2.415511847E0,-2.538083792E0
1.213300218E2,9.326677918E-1,5.427078605E-1,-1.763262391E0
1.213400518E2,8.505289555E-1,2.365676165E-1,-1.812860370E0
1.213500828E2,-4.074037448E-2,-4.212078452E-2,-1.676900268E0
1.213601138E2,-4.532113075E-1,-1.608421057E-1,-1.207654476E0
1.213701448E2,-6.041949987E-1,6.539136916E-2,-7.616004944E-1
1.213801748E2,-6.657539606E-1,5.262186527E-1,-4.689669982E-2
1.213902058E2,-2.119301558E-1,-5.630332828E-1,5.165694952E-1
1.214002368E2,2.482776493E-1,-9.372510910E-1,7.097799778E-1
1.214102668E2,5.497937799E-1,-6.976777315E-1,9.354730844E-1
1.214202978E2,1.020662785E0,-8.380066156E-1,1.205108285E0
1.214303288E2,1.330811143E0,-1.262604833E0,1.509542704E0
1.214403598E2,1.266399145E0,-1.681271791E0,1.678953052E0
1.214503898E2,9.917435050E-1,-1.868371844E0,1.722884774E0
1.214604208E2,8.379555345E-1,-1.736877799E0,1.764186382E0
1.214704518E2,9.442378879E-1,-1.646539688E0,1.835467935E0
1.214804828E2,1.025057316E0,-1.639286399E0,1.881275654E0
1.214905128E2,9.582538605E-1,-1.784331441E0,1.851969719E0
1.215005438E2,9.652856588E-1,-2.081969023E0,1.744052291E0
1.215105748E2,1.222793460E0,-2.360467196E0,1.439828396E0
1.215206048E2,1.619770169E0,-2.208947420E0,8.604758382E-1
1.215306358E2,1.495640755E0,-1.156729460E0,2.025718689E-1
1.215406668E2,6.252896190E-1,7.630981207E-1,-3.586890697E-1
1.215506968E2,-1.963433176E-1,1.213244319E0,-9.753192663E-1
1.215607278E2,-8.151738048E-1,1.908709109E-1,-1.273990989E0
1.215707588E2,-1.142746091E0,2.498917580E-1,-1.353361011E0
1.215807898E2,-1.046555400E0,7.841991186E-1,-1.160687447E0
1.215908198E2,-4.885632694E-1,1.405680418E0,-9.166034460E-1
1.216008508E2,1.475737542E-1,2.136276960E0,-5.965652466E-1
1.216108818E2,6.316872835E-1,2.587767124E0,-2.483460158E-1
1.216209118E2,7.068994641E-1,3.093628645E0,-1.508269161E-1
1.216309428E2,2.910267591E0,1.381711602E0,6.725445986E-1
1.216409738E2,6.785058498E0,-4.328711927E-1,2.508269310E0
1.216510038E2,3.012884617E0,3.744715214E0,2.025873899E0
1.216610348E2,1.161158919E0,3.667677879E0,1.746111631E0
1.216710658E2,-1.745579988E-1,3.518336773E0,1.239938498E0
1.216810968E2,-1.323537827E0,3.262429714E0,8.114486933E-1
1.216911268E2,-9.290241599E-1,2.169833660E0,6.187845469E-1
1.217011578E2,-4.528650343E-1,1.184928417E0,1.236122251E0
1.217111888E2,1.935355365E-1,-6.097326279E-1,1.490790009E0
1.217212188E2,5.277351141E-1,-1.706519008E0,9.804434180E-1
1.217312498E2,-3.276065737E-2,-1.948510885E0,3.882664442E-1
1.217412808E2,-5.373367071E-1,-1.979049683E0,-1.629509032E-1
1.217513108E2,-7.177520990E-1,-1.265256166E0,-7.548869848E-1
1.217613418E2,-8.395273089E-1,-6.145050526E-1,-1.210555196E0
1.217713728E2,-9.502383471E-1,-8.349670768E-1,-1.485485315E0
1.217814038E2,-8.549944162E-1,-1.417465448E0,-1.463005066E0
1.217914338E2,-5.830253959E-1,-1.493098855E0,-1.373801112E0
1.218014648E2,-4.465365410E-1,-1.493061066E0,-1.299269080E0
1.218114958E2,-6.470934749E-1,-1.794604540E0,-1.160963297E0
1.218215258E2,-8.114810586E-1,-1.882058024E0,-1.026174307E0
1.218315568E2,-7.559435964E-1,-1.794721246E0,-9.297680855E-1
1.218415878E2,-7.377179861E-1,-1.744299054E0,-8.359928727E-1
1.218516178E2,-9.347506762E-1,-1.899874806E0,-6.694023609E-1
1.218616488E2,-1.412784696E0,-1.384946227E0,-3.172709644E-1
1.218716798E2,-1.755611420E0,-4.461221695E-1,1.866089255E-1
1.218817098E2,-1.568799615E0,3.195773959E-1,6.288121343E-1
1.218917408E2,-8.717616200E-1,9.080973268E-1,1.031848431E0
1.219017718E2,7.766408473E-2,5.561781526E-1,1.449464798E0
1.219118028E2,9.274303913E-1,1.921506971E-1,1.826242685E0
1.219218328E2,1.531978965E0,2.451542467E-1,1.918820977E0
1.219318638E2,1.608231902E0,6.010425091E-1,1.498468399E0
1.219418948E2,1.348795772E0,6.399257183E-1,1.100538373E0
1.219519248E2,5.376519561E-1,7.384565473E-1,4.615654945E-1
1.219619558E2,-5.520762801E-1,1.167645931E0,-3.400600851E-1
1.219719868E2,-2.686143637E0,1.326844215E0,-1.373252749E0
1.219820168E2,-7.840991974E0,-1.158019066E0,-3.807118177E0
1.219920478E2,-6.158078671E0,2.590712309E0,-4.597962379E0
1.220020788E2,-2.308761120E0,4.610013008E0,-3.405738831E0
1.220121088E2,-2.372219414E-2,3.266549110E0,-3.218344212E0
1.220221398E2,3.940438628E-1,2.132997751E0,-1.743749261E0
1.220321708E2,1.027468324E0,9.544399977E-1,-7.361611128E-1
1.220422018E2,9.764983654E-1,4.952857196E-1,-3.768783212E-1
1.220522318E2,5.481725335E-1,-2.415967584E-1,6.164880004E-3
1.220622628E2,7.874163985E-2,-7.412185669E-1,2.117228359E-1
1.220722938E2,-1.391898096E-1,-3.465932906E-1,3.745903671E-1
1.220823238E2,-1.249107271E-1,-2.364963442E-1,6.422420740E-1
1.220923548E2,3.912329674E-1,-8.068841696E-1,8.549974561E-1
1.221023858E2,8.619884849E-1,-1.078842282E0,7.657813430E-1
1.221124168E2,9.317476749E-1,-1.036519885E0,7.490138412E-1
1.221224468E2,1.044583321E0,-6.099040508E-1,9.599345922E-1
1.221324777E2,1.101919413E0,-7.213745117E-1,1.202591538E0
1.221425087E2,1.018387794E0,-1.196137905E0,1.433798671E0
1.221525387E2,9.561747313E-1,-1.627706289E0,1.592579126E0
1.221625697E2,8.804650307E-1,-1.970216155E0,1.737511039E0
1.221726007E2,8.280861974E-1,-1.743427277E0,1.809902310E0
1.221826317E2,7.911620140E-1,-1.450098515E0,1.835975647E0
1.221926617E2,6.566985846E-1,-1.215639591E0,1.710517645E0
1.222026927E2,6.060284376E-1,-1.383327127E0,1.468577743E0
1.222127237E2,7.862868309E-1,-1.812411427E0,1.105257869E0
1.222227537E2,1.004590869E0,-1.732344866E0,6.425961852E-1
1.222327847E2,6.203812361E-1,-4.052089155E-2,1.675955504E-1
1.222428157E2,-1.101105213E-1,1.093336105E0,-4.024474025E-1
1.222528467E2,-5.626549125E-1,4.061092436E-1,-8.218173981E-1
1.222628767E2,-7.805230021E-1,1.397087127E-1,-7.942613959E-1
1.222729077E2,-6.167570353E-1,3.796656132E-1,-7.581958175E-1
1.222829387E2,-1.983280331E-1,8.223610520E-1,-6.497691870E-1
1.222929687E2,2.546621561E-1,1.631477118E0,-5.125472546E-1
1.223029997E2,5.872752666E-1,2.279351234E0,-4.133482873E-1
1.223130307E2,8.276156187E-1,2.824439287E0,-4.222094119E-1
1.223230607E2,1.478189945E0,2.396511078E0,-2.467262596E-1
1.223330917E2,6.025620937E0,-1.048423171E0,1.716834307E0
1.223431227E2,3.758197784E0,2.200708628E0,2.018409967E0
1.223531537E2,2.007319689E0,3.344529152E0,1.801170111E0
1.223631837E2,6.379790306E-1,2.839807749E0,1.357187033E0
1.223732147E2,-7.964215875E-1,3.036379099E0,5.389058590E-1
1.223832457E2,-1.091298819E0,2.276068687E0,-6.139782444E-2
1.223932757E2,-9.232669473E-1,1.864190102E0,6.521295756E-2
1.224033067E2,-2.354417145E-1,3.057270944E-1,8.005356789E-1
1.224133377E2,3.334482312E-1,-1.309380174E0,1.105649114E0
1.224233687E2,-1.196430847E-1,-1.648630857E0,9.047421217E-1
1.224333987E2,-9.706134796E-1,-1.637845516E0,4.353663325E-1
1.224434297E2,-1.450598359E0,-1.535284281E0,-2.685775049E-2
1.224534607E2,-1.611003757E0,-1.074631691E0,-4.806171954E-1
1.224634907E2,-1.521157742E0,-9.063580632E-1,-8.760534525E-1
1.224735217E2,-1.384796381E0,-1.367494464E0,-1.118778586E0
1.224835527E2,-1.382367849E0,-1.847293019E0,-1.167623162E0
1.224935827E2,-1.267673492E0,-1.780990243E0,-1.124056101E0
1.225036137E2,-1.224142790E0,-1.756774664E0,-1.122908592E0
1.225136447E2,-1.286952138E0,-2.003202915E0,-1.064585328E0
1.225236747E2,-1.359466076E0,-2.000521898E0,-1.001978874E0
1.225337057E2,-1.424000263E0,-1.805257559E0,-9.295358658E-1
1.225437367E2,-1.554974437E0,-1.783063769E0,-8.665100336E-1
1.225537677E2,-1.787989616E0,-1.619567513E0,-6.552274227E-1
1.225637977E2,-2.161128759E0,-7.191241980E-1,-1.870830953E-1
1.225738287E2,-2.024607420E0,1.027283967E-1,4.049591422E-1
1.225838597E2,-1.305931687E0,5.158200860E-1,1.053604960E0
1.225938897E2,-2.761414349E-1,6.569472551E-1,1.593661785E0
1.226039207E2,7.169334292E-1,5.623552799E-1,1.976363897E0
1.226139517E2,1.343338609E0,6.179860234E-1,1.873457432E0
1.226239817E2,1.644100070E0,7.407130003E-1,1.708762288E0
1.226340127E2,1.676504493E0,7.449806929E-1,1.576680064E0
1.226440437E2,1.272224069E0,1.153222561E0,1.097582459E0
1.226540737E2,7.142304629E-2,1.491691232E0,2.864096463E-1
1.226641047E2,-3.300818682E0,4.360407889E-1,-1.182846665E0
1.226741357E2,-6.845189095E0,7.739261389E-1,-3.888098240E0
1.226841657E2,-5.633595467E0,3.334977865E0,-4.275510788E0
1.226941967E2,-1.788689137E0,4.204202652E0,-3.355407000E0
1.227042277E2,2.277507484E-1,2.384232283E0,-3.000388384E0
1.227142587E2,3.261015117E-1,1.151867867E0,-1.859816194E0
1.227242887E2,6.907811761E-1,8.790110350E-1,-1.367581248E0
1.227343197E2,6.113522053E-1,4.320161641E-1,-1.241150260E0
1.227443507E2,-4.643574357E-2,7.898712531E-3,-7.838628888E-1
1.227543807E2,-4.341652989E-1,-6.622226536E-2,-3.133228719E-1
1.227644117E2,-5.516666174E-1,4.216603339E-1,1.308939904E-1
1.227744427E2,-4.860204160E-1,3.961387575E-1,5.276498199E-1
1.227844737E2,1.602925658E-1,-6.191498637E-1,8.251675367E-1
1.227945037E2,5.348663926E-1,-9.271901846E-1,8.089570403E-1
1.228045347E2,7.020311356E-1,-9.445883632E-1,8.864026070E-1
1.228145657E2,9.250968695E-1,-1.219362378E0,9.801271558E-1
1.228245957E2,9.255277514E-1,-1.787055135E0,1.106837392E0
1.228346267E2,8.860290051E-1,-2.328366041E0,1.222803950E0
1.228446577E2,8.382729292E-1,-2.427319288E0,1.369146466E0
1.228546887E2,8.659238815E-1,-2.467834473E0,1.577311516E0
1.228647187E2,8.857799172E-1,-2.386899710E0,1.844497442E0
1.228747497E2,8.138304949E-1,-2.215716362E0,2.041729212E0
1.228847807E2,8.096339107E-1,-2.161910295E0,2.046247244E0
1.228948107E2,1.072705984E0,-2.515996695E0,1.796297073E0
1.229048417E2,1.715738177E0,-2.642889023E0,1.223902225E0
1.229148727E2,1.899092555E0,-1.928142190E0,4.904716015E-1
1.229249037E2,1.175530314E0,-2.581201494E-3,-1.387342811E-1
1.229349337E2,1.208825335E-1,1.008943200E0,-6.611750126E-1
1.229449647E2,-7.430722117E-1,5.444855094E-1,-1.073129654E0
1.229549957E2,-1.361293674E0,4.283478260E-1,-1.241869092E0
1.229650257E2,-1.400026321E0,9.495436549E-1,-1.182996392E0
1.229750567E2,-8.616285920E-1,1.631874800E0,-1.075669885E0
1.229850877E2,-9.697875939E-4,2.261069775E0,-8.526684642E-1
1.229951177E2,7.074285150E-1,2.648440361E0,-6.387957931E-1
1.230051487E2,1.253161550E0,2.881909370E0,-5.009510517E-1
1.230151797E2,3.086087704E0,2.147540569E0,-6.704948843E-2
1.230252107E2,6.514724731E0,2.538652718E-1,1.789411545E0
1.230352407E2,3.210844755E0,3.117902040E0,1.822770834E0
1.230452717E2,1.642860532E0,3.376571655E0,1.581049323E0
1.230553027E2,9.093090147E-2,2.568645239E0,1.055130959E0
1.230653327E2,-1.141625524E0,2.404868841E0,6.639208198E-1
1.230753637E2,-1.078824043E0,1.787587404E0,6.355319619E-1
1.230853947E2,-5.407310724E-1,1.315903783E0,1.058492661E0
1.230954247E2,7.193104923E-2,1.120812539E-2,1.423968911E0
1.231054557E2,6.396855712E-1,-1.469447851E0,1.266716719E0
1.231154867E2,1.279564500E-1,-1.736206889E0,9.222729802E-1
1.231255177E2,-7.261147499E-1,-1.491952419E0,2.464212924E-1
1.231355479E2,-1.178777695E0,-1.004818439E0,-3.050233424E-1
1.231455789E2,-1.263604999E0,-6.051802635E-1,-7.969955206E-1
1.231556099E2,-1.337513447E0,-4.771963656E-1,-1.249166846E0
1.231656399E2,-1.297399044E0,-7.701057792E-1,-1.569074750E0
1.231756709E2,-1.214200377E0,-9.675946832E-1,-1.692133546E0
1.231857019E2,-1.055631042E0,-9.740349650E-1,-1.696495295E0
1.231957319E2,-1.013885736E0,-1.119074941E0,-1.556021810E0
1.232057629E2,-1.129022598E0,-1.483264327E0,-1.312010765E0
1.232157939E2,-1.225378156E0,-1.582329512E0,-1.045722842E0
1.232258239E2,-1.359206557E0,-1.622577071E0,-8.069328666E-1
1.232358549E2,-1.571330309E0,-1.770472050E0,-6.032856107E-1
1.232458859E2,-1.829883814E0,-1.869548321E0,-3.256257772E-1
1.232559169E2,-2.166193724E0,-1.174092293E0,1.497697979E-1
1.232659469E2,-2.161369324E0,-3.470593691E-1,7.367347479E-1
1.232759779E2,-1.708878040E0,4.168955386E-1,1.298536301E0
1.232860089E2,-8.163795471E-1,1.068656802E0,1.697744727E0
1.232960389E2,1.912775189E-1,1.130842447E0,2.010287523E0
1.233060699E2,9.414753318E-1,1.124099493E0,2.090023756E0
1.233161009E2,1.377244711E0,1.184394717E0,1.975363970E0
1.233261309E2,1.289133191E0,1.321795702E0,1.543840170E0
1.233361619E2,7.369818091E-1,1.149514794E0,9.403700829E-1
1.233461929E2,-4.882861301E-2,9.943525791E-1,1.765518039E-1
1.233562229E2,-1.722999692E0,4.421520829E-1,-9.163595438E-1
1.233662539E2,-5.165037155E0,-1.333197355E0,-2.766749620E0
1.233762849E2,-5.518455982E0,1.386718631E0,-4.706727505E0
1.233863149E2,-2.995789528E0,3.690559149E0,-4.024052143E0
1.233963459E2,-4.408074319E-1,2.614578485E0,-3.839982033E0
1.234063769E2,4.435247779E-1,1.895396948E0,-2.980447769E0
1.234164079E2,1.143545747E0,1.130058408E0,-1.862153530E0
1.234264379E2,1.490401149E0,5.255703330E-1,-1.550277710E0
1.234364689E2,1.014085770E0,2.938853204E-1,-1.133411288E0
1.234464999E2,3.787319064E-1,-5.779547244E-2,-6.416357160E-1
1.234565299E2,6.287198514E-2,2.092753947E-1,-5.286945403E-2
1.234665609E2,-2.431020439E-1,4.383983314E-1,5.623228550E-1
1.234765919E2,-3.762408718E-2,-4.317898452E-1,9.844288826E-1
1.234866229E2,4.060446918E-1,-8.679926991E-1,1.092222214E0
1.234966529E2,5.863662362E-1,-7.396491170E-1,1.257486224E0
1.235066839E2,8.970130682E-1,-6.281721592E-1,1.495246053E0
1.235167149E2,1.112162352E0,-7.127643228E-1,1.688286424E0
1.235267449E2,1.061858892E0,-9.106824994E-1,1.757484674E0
1.235367759E2,9.963226318E-1,-1.316653371E0,1.794340849E0
1.235468069E2,9.569023252E-1,-1.603292823E0,1.842059374E0
1.235568379E2,9.207555652E-1,-1.793543339E0,1.874764085E0
1.235668679E2,9.104139805E-1,-1.635076284E0,1.900642991E0
1.235768989E2,7.998344898E-1,-1.410035133E0,1.774062395E0
1.235869299E2,7.035005093E-1,-1.568185091E0,1.461770892E0
1.235969599E2,9.232336879E-1,-2.140790701E0,9.797057509E-1
1.236069909E2,1.243798614E0,-2.428618431E0,3.622633219E-1
1.236170219E2,1.120616794E0,-1.610450983E0,-2.990941107E-1
1.236270529E2,3.211702108E-1,1.210128441E-1,-8.852382898E-1
1.236370829E2,-4.712524116E-1,5.911871195E-1,-1.456005812E0
1.236471139E2,-6.840915084E-1,9.270384163E-2,-1.583100080E0
1.236571449E2,-4.875109494E-1,4.839991927E-1,-1.355482221E0
1.236671749E2,-1.148295030E-1,7.535451651E-1,-1.009864330E0
1.236772059E2,3.812294900E-1,1.433753729E0,-6.425554752E-1
1.236872369E2,7.690621614E-1,2.190944433E0,-4.036821723E-1
1.236972669E2,9.826751351E-1,2.853984833E0,-3.070511520E-1
1.237072979E2,1.328087211E0,2.785705805E0,-2.924450636E-1
1.237173289E2,5.814507008E0,-6.222386360E-1,1.448600531E0
1.237273599E2,3.663860798E0,2.212247849E0,1.787003040E0
1.237373899E2,1.787763596E0,3.159379244E0,1.473083735E0
1.237474209E2,1.969182193E-1,2.640953779E0,1.320784688E0
1.237574519E2,-1.019638062E0,2.801554203E0,6.675611734E-1
1.237674819E2,-1.439663291E0,2.743577719E0,6.394693255E-2
1.237775129E2,-7.722674608E-1,2.172690153E0,8.200077415E-1
1.237875439E2,4.625122529E-3,-9.984849393E-2,1.766608238E0
1.237975739E2,3.800401688E-1,-1.448443651E0,1.599446297E0
1.238076049E2,-1.212264150E-1,-1.357200027E0,8.864845037E-1
1.238176359E2,-9.025085568E-1,-1.436842918E0,8.660564572E-2
1.238276659E2,-1.274351478E0,-1.336479306E0,-5.351899862E-1
1.238376969E2,-1.471790314E0,-8.835451007E-1,-9.811362624E-1
1.238477279E2,-1.535838366E0,-9.482833743E-1,-1.317417383E0
1.238577589E2,-1.712985396E0,-1.173273802E0,-1.534989715E0
1.238677889E2,-1.540948629E0,-1.339612126E0,-1.564574003E0
1.238778199E2,-1.331323504E0,-1.653791785E0,-1.438912392E0
1.238878509E2,-1.233931661E0,-2.095079899E0,-1.267854691E0
1.238978809E2,-1.235257626E0,-2.284484148E0,-1.078688860E0
1.239079119E2,-1.336753845E0,-2.165032864E0,-9.428665638E-1
1.239179429E2,-1.480693817E0,-1.968016863E0,-8.495212197E-1
1.239279729E2,-1.683791876E0,-1.809696913E0,-6.749638319E-1
1.239380039E2,-2.111122131E0,-9.949932098E-1,-3.475791812E-1
1.239480349E2,-2.140896082E0,2.048607320E-1,6.254495680E-2
1.239580649E2,-1.619552255E0,6.967628598E-1,6.082481742E-1
1.239680959E2,-6.202186942E-1,9.258990884E-1,1.150205255E0
1.239781269E2,2.919130921E-1,1.114253402E0,1.568491459E0
1.239881569E2,1.053182244E0,1.205712676E0,1.710679293E0
1.239981879E2,1.564733624E0,1.164237618E0,1.496523976E0
1.240082189E2,1.721694469E0,8.604210615E-1,1.431593418E0
1.240182499E2,1.289437175E0,9.427812696E-1,1.110760212E0
1.240282799E2,-6.313450336E-1,8.748089075E-1,3.003608286E-1
1.240383109E2,-4.117098331E0,8.409224451E-2,-1.393409729E0
1.240483419E2,-6.127476215E0,1.339704871E0,-3.881707907E0
1.240583719E2,-5.034236431E0,2.897121191E0,-3.919258118E0
1.240684029E2,-1.848317981E0,2.819289684E0,-3.400854588E0
1.240784339E2,2.047310024E-1,2.900277376E0,-2.985422611E0
1.240884639E2,8.159402609E-1,1.609230280E0,-1.967460871E0
1.240984949E2,9.807205200E-1,6.844730973E-1,-1.549194455E0
1.241085259E2,3.549287617E-1,3.056171536E-1,-1.382360816E0
1.241185559E2,-2.828028798E-1,3.339449465E-1,-8.370578289E-1
1.241285869E2,-5.405591130E-1,5.130925775E-1,-2.223238349E-1
1.241386222E2,-4.055197239E-1,5.084474683E-1,2.767617106E-1
1.241486532E2,-1.689617783E-1,-2.177939750E-2,8.078042865E-1
1.241586832E2,4.185130298E-1,-1.047420859E0,9.959574938E-1
1.241687142E2,6.496234536E-1,-1.226331592E0,1.064030290E0
1.241787452E2,9.234842062E-1,-1.253978610E0,1.033693671E0
1.241887752E2,1.242399096E0,-1.530893803E0,1.083274007E0
1.241988062E2,1.313108444E0,-1.797192693E0,1.118209004E0
1.242088372E2,1.171761751E0,-2.163902760E0,1.177296042E0
1.242188682E2,9.716990590E-1,-2.341565609E0,1.216876388E0
1.242288982E2,8.680349588E-1,-2.413511515E0,1.304376125E0
1.242389292E2,8.673641086E-1,-2.384392023E0,1.416215181E0
1.242489602E2,8.543897271E-1,-2.323363304E0,1.517717838E0
1.242589902E2,8.137850761E-1,-2.369081020E0,1.552265882E0
1.242690212E2,9.308353066E-1,-2.584997654E0,1.493455648E0
1.242790522E2,1.356911659E0,-2.817140102E0,1.235438704E0
1.242890832E2,1.888837576E0,-2.663746595E0,7.023244500E-1
1.242991132E2,1.818763733E0,-1.400053501E0,1.398904175E-1
1.243091442E2,7.020893693E-1,9.081061482E-1,-2.608354092E-1
1.243191752E2,-1.942593604E-1,1.245903015E0,-7.008163929E-1
1.243292052E2,-7.377945781E-1,3.172298968E-1,-9.334104657E-1
1.243392362E2,-6.888411641E-1,6.205966473E-1,-8.772970438E-1
1.243492672E2,-3.219971359E-1,1.172133088E0,-7.395833731E-1
1.243592972E2,2.164595574E-1,1.873715997E0,-7.439905405E-1
1.243693282E2,6.182128191E-1,2.558629513E0,-8.277706504E-1
1.243793592E2,1.172710061E0,2.925587416E0,-5.880927444E-1
1.243893892E2,3.829122066E0,2.553587914E0,2.059177905E-1
1.243994202E2,6.540304184E0,1.330860257E0,1.986492157E0
1.244094512E2,3.372055054E0,2.954610109E0,1.841791153E0
1.244194822E2,1.507190466E0,3.540904522E0,1.552032351E0
1.244295122E2,9.443516284E-2,3.450868130E0,1.279440761E0
1.244395432E2,-1.047495723E0,3.404555321E0,7.437965274E-1
1.244495742E2,-8.730449080E-1,2.881358147E0,7.097962499E-1
1.244596042E2,-2.670875788E-1,1.929627895E0,1.310206175E0
1.244696352E2,2.059444189E-1,-1.166702360E-1,1.690625668E0
1.244796662E2,3.726146817E-1,-1.700645208E0,1.556460381E0
1.244896972E2,-1.389833391E-1,-2.006963730E0,1.104932785E0
1.244997272E2,-6.785892248E-1,-1.819487691E0,5.381920338E-1
1.245097582E2,-1.008660913E0,-8.745105863E-1,-1.658311039E-1
1.245197892E2,-1.202114701E0,-2.517042458E-1,-7.567306757E-1
1.245298192E2,-1.308343887E0,-4.896571338E-1,-1.184592009E0
1.245398502E2,-1.326914787E0,-9.589852691E-1,-1.390698433E0
1.245498812E2,-1.231449246E0,-1.373499393E0,-1.544292569E0
1.245599112E2,-1.096792459E0,-1.694227576E0,-1.598544955E0
1.245699422E2,-1.072099924E0,-2.039282799E0,-1.590373039E0
1.245799732E2,-1.208001494E0,-2.305268526E0,-1.495204926E0
1.245900032E2,-1.275164247E0,-2.411596537E0,-1.404519439E0
1.246000342E2,-1.260143518E0,-2.248629332E0,-1.311404228E0
1.246100652E2,-1.379380465E0,-1.956919789E0,-1.103454471E0
1.246200952E2,-1.877577424E0,-8.635302186E-1,-5.862644911E-1
1.246301262E2,-1.958345532E0,2.234179378E-1,1.918837428E-1
1.246401572E2,-1.325210810E0,4.771485627E-1,8.973115683E-1
1.246501872E2,-4.832885563E-1,1.052245378E0,1.280485034E0
1.246602182E2,4.048209488E-1,1.419892073E0,1.792108178E0
1.246702492E2,1.265421510E0,1.284386992E0,2.059060574E0
1.246802802E2,1.639869928E0,1.262775064E0,1.987321258E0
1.246903102E2,1.598505259E0,1.135000229E0,1.645063758E0
1.247003412E2,1.220173120E0,1.143051147E0,1.213507771E0
1.247103722E2,1.720424742E-1,1.224941134E0,5.028083920E-1
1.247204022E2,-1.883373022E0,8.523035645E-1,-5.667316914E-1
1.247304332E2,-5.147445202E0,-1.441319585E-1,-2.365183115E0
1.247404642E2,-5.533072948E0,1.897984385E0,-3.939992428E0
1.247504942E2,-3.315933943E0,3.635920048E0,-3.796378374E0
1.247605252E2,-7.394297123E-1,2.939703226E0,-3.948611736E0
1.247705562E2,9.599325061E-2,2.171747446E0,-3.441393614E0
1.247805862E2,6.578584909E-1,9.263313562E-2,-2.431039333E0
1.247906172E2,8.672490120E-1,-5.934916735E-1,-2.056137800E0
1.248006482E2,-2.483995631E-2,-2.289479226E-1,-1.641810656E0
1.248106792E2,-8.639646769E-1,2.726155818E-1,-9.046638012E-1
1.248207092E2,-1.057798743E0,3.517399132E-1,-1.315734088E-1
1.248307402E2,-1.066779733E0,2.487863749E-1,5.750412941E-1
1.248407712E2,-6.054447889E-1,-8.332263827E-1,9.745724201E-1
1.248508012E2,-9.639219381E-3,-1.127120376E0,1.216457963E0
1.248608322E2,5.273308158E-1,-1.108556390E0,1.294716835E0
1.248708632E2,8.973919749E-1,-9.955468178E-1,1.378001809E0
1.248808942E2,1.032636046E0,-1.218998194E0,1.417602420E0
1.248909242E2,9.560019970E-1,-1.735975623E0,1.463785410E0
1.249009552E2,7.853583694E-1,-2.014384270E0,1.453510404E0
1.249109862E2,7.958869338E-1,-2.125458002E0,1.559488535E0
1.249210162E2,1.017942667E0,-1.899109125E0,1.618564248E0
1.249310472E2,1.027968884E0,-1.659716964E0,1.712665915E0
1.249410782E2,8.544112444E-1,-1.741975784E0,1.762581468E0
1.249511092E2,7.458837032E-1,-1.972629786E0,1.715944409E0
1.249611392E2,9.137670994E-1,-2.464688778E0,1.416799307E0
1.249711702E2,1.275039792E0,-2.790448666E0,7.983816266E-1
1.249812012E2,1.311849833E0,-1.639318109E0,4.063695297E-2
1.249912312E2,5.517652631E-1,9.539374113E-1,-5.420648456E-1
1.250012622E2,-2.967059314E-1,1.341589928E0,-1.076366663E0
1.250112932E2,-9.157574773E-1,1.938077062E-1,-1.135779500E0
1.250213232E2,-9.472252727E-1,3.135008812E-1,-9.053199291E-1
1.250313542E2,-6.124981642E-1,7.923684120E-1,-6.910803318E-1
1.250413852E2,1.038030609E-1,1.731406212E0,-5.379573703E-1
1.250514152E2,6.923973560E-1,2.475264549E0,-3.083939552E-1
1.250614462E2,9.193481803E-1,2.842246294E0,-3.557154834E-1
1.250714772E2,1.467326641E0,2.627526999E0,-1.310224533E-1
1.250815082E2,6.841466427E0,-1.064405799E0,2.244821548E0
1.250915382E2,3.586207151E0,3.231850147E0,2.222979069E0
1.251015692E2,1.948270202E0,3.511691809E0,2.121612549E0
1.251116002E2,6.868661046E-1,2.550592899E0,1.615352869E0
1.251216302E2,-8.364019990E-1,2.541844130E0,1.036121845E0
1.251316612E2,-1.242691278E0,2.086400270E0,3.131357133E-1
1.251416915E2,-1.221485615E0,1.971781135E0,4.273763001E-1
1.251517215E2,-6.255870461E-1,8.852159381E-1,9.303027987E-1
1.251617525E2,4.700704217E-1,-9.481056333E-1,1.118016720E0
1.251717835E2,2.359130681E-1,-1.216771960E0,7.285637259E-1
1.251818145E2,-6.635465026E-1,-9.227916002E-1,9.866233915E-2
1.251918445E2,-1.357704401E0,-8.067156076E-1,-4.664324820E-1
1.252018755E2,-1.690281034E0,-3.907661438E-1,-8.890893459E-1
1.252119065E2,-1.856927633E0,-3.113166094E-1,-1.171481133E0
1.252219365E2,-1.875822783E0,-8.558641672E-1,-1.249063611E0
1.252319675E2,-1.684399247E0,-1.293252468E0,-1.264118195E0
1.252419985E2,-1.241172910E0,-1.603910089E0,-1.123915792E0
1.252520285E2,-1.060804725E0,-1.972547770E0,-1.043526053E0
1.252620595E2,-1.077302217E0,-2.379347563E0,-9.175130129E-1
1.252720905E2,-1.085208297E0,-2.441755533E0,-7.614882588E-1
1.252821205E2,-1.083868623E0,-2.157155514E0,-6.340476871E-1
1.252921515E2,-1.195101976E0,-2.021998644E0,-4.661815166E-1
1.253021825E2,-1.609914899E0,-1.715481758E0,-1.553243697E-1
1.253122125E2,-2.123287916E0,-5.400346518E-1,3.870915174E-1
1.253222435E2,-1.919151425E0,2.342892736E-1,9.732167721E-1
1.253322745E2,-1.070242167E0,6.918547153E-1,1.409936070E0
1.253423045E2,-2.879181877E-2,1.129567266E0,1.679033756E0
1.253523355E2,9.578773975E-1,1.148330808E0,1.854372859E0
1.253623665E2,1.698969603E0,1.190422177E0,1.594980478E0
1.253723975E2,1.850267053E0,9.744758010E-1,1.380159259E0
1.253824275E2,1.784390450E0,7.808203697E-1,1.126390576E0
1.253924585E2,1.180794239E0,8.673033118E-1,6.285959482E-1
1.254024895E2,1.190828606E-1,9.442641139E-1,-7.823680341E-2
1.254125195E2,-1.689567327E0,9.989822507E-1,-1.048769951E0
1.254225505E2,-6.119150639E0,-4.820853770E-1,-2.895429850E0
1.254325815E2,-7.232705593E0,9.662558436E-1,-4.657732964E0
1.254426115E2,-3.857202768E0,3.564451456E0,-3.889937401E0
1.254526425E2,-5.180192590E-1,2.481873989E0,-3.238303900E0
1.254626735E2,-3.161612153E-2,8.897347450E-1,-2.473110437E0
1.254727035E2,6.929904222E-2,6.576021910E-1,-1.230400562E0
1.254827345E2,2.090547383E-1,1.308166385E0,-7.447692752E-1
1.254927655E2,-1.222358346E-1,1.114136696E0,-3.627140522E-1
1.255027965E2,-2.842302620E-1,8.373752236E-2,-7.366114110E-2
1.255128265E2,-4.529995918E-1,-4.241331518E-1,1.860865504E-1
1.255228575E2,-5.722342134E-1,2.766641229E-2,4.277206063E-1
1.255328885E2,-2.317772955E-1,-1.009040773E-1,7.075535655E-1
1.255429185E2,2.653617263E-1,-4.206813276E-1,8.685864806E-1
1.255529495E2,6.647469401E-1,-6.313059330E-1,8.922497034E-1
1.255629805E2,8.030385375E-1,-8.548494577E-1,9.474865198E-1
1.255730115E2,8.239747286E-1,-1.279207110E0,9.850224257E-1
1.255830415E2,7.203372717E-1,-1.785467982E0,9.505814314E-1
1.255930725E2,6.827089787E-1,-1.916810513E0,9.713426232E-1
1.256031035E2,7.506074905E-1,-2.048364878E0,1.156795502E0
1.256131335E2,9.085132480E-1,-2.154259682E0,1.292975903E0
1.256231645E2,1.081229806E0,-2.100522995E0,1.444437504E0
1.256331955E2,1.135936737E0,-2.080133915E0,1.496101141E0
1.256432255E2,1.171051621E0,-2.322511435E0,1.323018193E0
1.256532565E2,1.499796510E0,-2.749383926E0,9.113782644E-1
1.256632875E2,1.875823975E0,-2.422427654E0,4.184586406E-1
1.256733185E2,1.377128601E0,-4.603641927E-1,1.094288900E-1
1.256833485E2,3.795965910E-1,1.564632535E0,-1.481679976E-1
1.256933795E2,-2.736072838E-1,1.255682468E0,-4.693710506E-1
1.257034105E2,-7.246887684E-1,6.434593797E-1,-6.146886349E-1
1.257134405E2,-6.755198836E-1,7.879198790E-1,-6.441144347E-1
1.257234715E2,-2.416683137E-1,1.328969717E0,-7.603453398E-1
1.257335025E2,1.875259131E-1,1.566089034E0,-6.658302546E-1
1.257435325E2,5.715705156E-1,1.987274408E0,-6.092149615E-1
1.257535635E2,9.853282571E-1,2.525163174E0,-3.183223903E-1
1.257635945E2,3.404624939E0,2.474441290E0,4.037193358E-1
1.257736245E2,6.037049770E0,5.613375902E-1,2.063195705E0
1.257836555E2,2.627167702E0,2.758172512E0,1.706028938E0
1.257936865E2,1.116973758E0,3.699835539E0,1.414124846E0
1.258037175E2,-2.168701440E-1,3.540426731E0,1.115760446E0
1.258137475E2,-1.036276340E0,3.004953861E0,7.142940164E-1
1.258237785E2,-7.686570883E-1,2.115940571E0,6.264761686E-1
1.258338095E2,-3.429114223E-1,1.241975904E0,1.005861521E0
1.258438395E2,3.255761266E-1,-7.324143648E-1,1.391543269E0
1.258538705E2,3.234242797E-1,-1.913512945E0,1.041008234E0
1.258639015E2,-3.997417986E-1,-2.242688179E0,6.420695782E-1
1.258739315E2,-9.230707884E-1,-2.438836575E0,9.752155840E-2
1.258839625E2,-1.315107942E0,-2.027497053E0,-2.478732318E-1
1.258939935E2,-1.657280207E0,-1.329153776E0,-9.407352805E-1
1.259040245E2,-1.793095469E0,-1.375697374E0,-1.528057098E0
1.259140545E2,-1.765392661E0,-1.665275097E0,-1.841355324E0
1.259240855E2,-1.584127665E0,-1.651231050E0,-1.927947044E0
1.259341165E2,-1.360047221E0,-1.450197577E0,-1.847539544E0
1.259441465E2,-1.323724031E0,-1.443722606E0,-1.714412928E0
1.259541775E2,-1.364656806E0,-1.463602543E0,-1.528727531E0
1.259642085E2,-1.373994470E0,-1.410855293E0,-1.331909895E0
1.259742385E2,-1.406873822E0,-1.453288555E0,-1.114732862E0
1.259842695E2,-1.614577174E0,-1.766404152E0,-7.763383389E-1
1.259943005E2,-1.975837588E0,-2.008733511E0,-1.488312930E-1
1.260043305E2,-2.533535957E0,-1.385839820E0,6.754709482E-1
1.260143615E2,-2.457628727E0,-8.052338958E-1,1.430852056E0
1.260243925E2,-1.793032527E0,6.932961941E-1,1.839065075E0
1.260344225E2,-5.469442606E-1,1.351217389E0,2.049335003E0
1.260444535E2,6.911881566E-1,1.131396532E0,2.234859943E0
1.260544845E2,1.400390267E0,1.271259904E0,2.144501209E0
1.260645145E2,1.591389179E0,1.268160701E0,1.801682949E0
1.260745455E2,1.238868594E0,1.240374923E0,1.244028926E0
1.260845765E2,4.080566168E-1,1.069188356E0,5.120609999E-1
1.260946065E2,-6.932443976E-1,8.964740038E-1,-3.777908683E-1
1.261046375E2,-2.651811600E0,1.151686683E-1,-1.533685088E0
1.261146685E2,-6.822520256E0,-1.886076927E0,-3.603671551E0
1.261246985E2,-6.164388180E0,2.137643576E0,-4.784838200E0
1.261347259E2,-2.766260386E0,3.683151484E0,-4.318482399E0
1.261447569E2,-3.855146170E-1,2.106317997E0,-3.741851330E0
1.261547879E2,-4.657116905E-2,1.388078570E0,-2.363186836E0
1.261648179E2,9.631659389E-1,6.402862072E-1,-1.324364543E0
1.261748489E2,1.110164762E0,1.991817653E-1,-7.661108971E-1
1.261848799E2,8.210712075E-1,1.163337976E-1,-5.885246992E-1
1.261949099E2,3.245128989E-1,-3.216755092E-1,-4.493007958E-1
1.262049409E2,1.315082982E-2,1.218005866E-1,-2.033973783E-1
1.262149719E2,-9.340304136E-2,6.396083236E-1,8.912369609E-2
1.262250029E2,2.762137949E-1,-1.959668398E-1,4.190324545E-1
1.262350329E2,7.719678879E-1,-1.098314762E0,5.059940219E-1
1.262450639E2,1.107834816E0,-1.170724392E0,7.509726882E-1
1.262550949E2,1.520289183E0,-1.005487204E0,1.069729090E0
1.262651249E2,1.824850082E0,-9.098474383E-1,1.382259607E0
1.262751559E2,1.838793635E0,-9.483711720E-1,1.515539885E0
1.262851869E2,1.586163044E0,-1.310727954E0,1.555046439E0
1.262952179E2,1.399873137E0,-1.732346773E0,1.623617768E0
1.263052479E2,1.421772361E0,-1.822678685E0,1.777568221E0
1.263152789E2,1.357323408E0,-1.478716016E0,1.893358231E0
1.263253099E2,1.123175740E0,-1.359794855E0,1.826349139E0
1.263353399E2,1.054655790E0,-1.653649449E0,1.521177769E0
1.263453709E2,1.401515961E0,-2.019042492E0,9.644066691E-1
1.263554019E2,1.536910772E0,-1.346956730E0,3.067933917E-1
1.263654319E2,6.384388208E-1,1.040714979E0,-2.140276283E-1
1.263754629E2,-5.435351729E-1,1.729608893E0,-6.199314594E-1
1.263854939E2,-1.257708788E0,4.357886910E-1,-8.873957992E-1
1.263955239E2,-1.596051693E0,3.213625252E-1,-8.946657181E-1
1.264055549E2,-1.393347502E0,5.910368562E-1,-8.353860378E-1
1.264155859E2,-9.055725336E-1,1.129710674E0,-6.956877708E-1
1.264256169E2,-2.441282272E-1,1.801379800E0,-5.302492380E-1
1.264356469E2,3.740220666E-1,2.156538963E0,-2.339280993E-1
1.264456779E2,9.677454829E-1,2.715742111E0,8.091881871E-2
1.264557089E2,2.785181284E0,2.500660181E0,5.563231707E-1
1.264657389E2,5.759823799E0,-9.074701667E-1,2.320157766E0
1.264757699E2,2.611047983E0,3.374173164E0,1.839593053E0
1.264858009E2,1.398588419E0,3.551998138E0,1.378148913E0
1.264958309E2,2.668048441E-1,3.221273661E0,7.574682832E-1
1.265058619E2,-9.964504242E-1,2.855666876E0,3.826484680E-1
1.265158929E2,-9.527645111E-1,1.707866192E0,1.710219532E-1
1.265259239E2,-8.167533875E-1,1.541572452E0,4.888181984E-1
1.265359539E2,-5.978475325E-3,4.186289608E-1,8.816781640E-1
1.265459849E2,3.786451519E-1,-9.720470309E-1,7.326086760E-1
1.265560159E2,-2.707046270E-1,-1.163392425E0,3.187824488E-1
1.265660459E2,-1.125213504E0,-1.373157382E0,-3.147791028E-1
1.265760769E2,-1.276572347E0,-1.639247298E0,-7.719485164E-1
1.265861079E2,-1.277909160E0,-1.576455355E0,-1.084015608E0
1.265961379E2,-1.300626159E0,-1.596660256E0,-1.189351916E0
1.266061689E2,-1.270874381E0,-2.043435097E0,-1.207025290E0
1.266161999E2,-1.238759279E0,-2.118538380E0,-1.097727656E0
1.266262299E2,-1.178115129E0,-1.868763566E0,-1.107879281E0
1.266362609E2,-1.235461712E0,-1.954196215E0,-1.087514043E0
1.266462919E2,-1.345854163E0,-2.119872332E0,-1.093030691E0
1.266563219E2,-1.319174886E0,-2.074025869E0,-1.116723537E0
1.266663529E2,-1.288184524E0,-2.097869635E0,-1.104533553E0
1.266763839E2,-1.355599523E0,-2.226843596E0,-9.657731652E-1
1.266864139E2,-1.540490627E0,-1.792107463E0,-6.871236563E-1
1.266964449E2,-1.893821478E0,-4.984818101E-1,-8.385773748E-2
1.267064759E2,-1.531073809E0,2.970942557E-1,5.610697865E-1
1.267165069E2,-6.895589232E-1,5.239095688E-1,1.213793278E0
1.267265369E2,3.298848569E-1,3.932369053E-1,1.808457375E0
1.267365679E2,1.382529378E0,5.604403019E-1,2.093347073E0
1.267465989E2,1.943893313E0,1.068039060E0,1.965737224E0
1.267566289E2,1.992058992E0,1.428331256E0,1.676905155E0
1.267666599E2,1.630578995E0,1.611005187E0,1.244190812E0
1.267766909E2,8.252311349E-1,1.678202391E0,5.682544112E-1
1.267867209E2,-6.904315352E-1,1.734488964E0,-3.378714323E-1
1.267967519E2,-5.025371552E0,-9.617744386E-2,-1.941213131E0
1.268067829E2,-7.829737663E0,9.239026904E-1,-4.812850475E0
1.268168129E2,-5.383159637E0,4.018722057E0,-4.714293003E0
1.268268439E2,-1.167453885E0,2.798974752E0,-3.963784933E0
1.268368749E2,-5.361719523E-3,1.473833799E0,-3.155003786E0
1.268469049E2,6.534375548E-1,7.503352165E-1,-1.788771152E0
1.268569359E2,1.597930789E0,7.832193971E-1,-1.368137956E0
1.268669669E2,1.329906583E0,4.087419063E-2,-1.089370251E0
1.268769979E2,9.587178230E-1,-4.416668713E-1,-6.525676250E-1
1.268870279E2,6.501930356E-1,-3.769833148E-1,-3.470734358E-1
1.268970589E2,1.910302490E-1,6.255458593E-1,-9.485742450E-2
1.269070899E2,1.987472028E-1,2.615995407E-1,2.624682784E-1
1.269171199E2,5.084318519E-1,-8.425257206E-1,5.394617915E-1
1.269271509E2,6.434820294E-1,-1.084218383E0,6.819822788E-1
1.269371819E2,9.404740334E-1,-1.255088925E0,1.006427765E0
1.269472129E2,1.240455627E0,-1.613232851E0,1.398038268E0
1.269572429E2,1.341618776E0,-1.786988974E0,1.637750387E0
1.269672739E2,1.238490582E0,-1.808193922E0,1.785178661E0
1.269773049E2,1.061909437E0,-1.599814296E0,1.835096717E0
1.269873349E2,9.187365174E-1,-1.635769725E0,1.815537095E0
1.269973659E2,1.003272295E0,-1.766949058E0,1.820319414E0
1.270073969E2,1.307380915E0,-1.891982079E0,1.799715757E0
1.270174269E2,1.498757482E0,-2.134168863E0,1.713824034E0
1.270274579E2,1.686051130E0,-2.336920977E0,1.375333548E0
1.270374889E2,2.073259830E0,-2.490999222E0,8.234558105E-1
1.270475189E2,2.271290302E0,-2.029410124E0,1.890737116E-1
1.270575499E2,1.495333433E0,4.500599802E-1,-3.232428432E-1
1.270675809E2,5.362604856E-1,2.188837767E0,-6.410732269E-1
1.270776119E2,1.872545667E-2,1.037799478E0,-8.635947108E-1
1.270876419E2,-4.727116525E-1,6.210302114E-1,-7.852777243E-1
1.270976729E2,-4.943144023E-1,8.761311769E-1,-7.753680944E-1
1.271077039E2,-3.573513627E-1,1.572464705E0,-7.119117975E-1
1.271177339E2,-8.766901493E-2,2.011047840E0,-6.390370727E-1
1.271277649E2,1.239158362E-1,2.411830187E0,-5.689865351E-1
1.271377958E2,3.853026927E-1,2.662847996E0,-3.626655638E-1
1.271478257E2,2.922409534E0,1.206378937E0,6.141876578E-1
1.271578568E2,6.660899639E0,-4.949736297E-1,2.410602093E0
1.271678878E2,3.160688639E0,2.361954451E0,1.962365508E0
1.271779187E2,1.060829520E0,3.235008001E0,1.186095595E0
1.271879488E2,-5.170018673E-1,3.604688168E0,5.627160668E-1
1.271979798E2,-1.492511630E0,2.970996141E0,1.275052130E-1
1.272080108E2,-1.232342958E0,2.088177919E0,3.607241809E-1
1.272180408E2,-5.720486045E-1,1.163525224E0,1.017197132E0
1.272280718E2,-1.860090494E-1,-8.285158873E-1,1.457730055E0
1.272381028E2,-2.279106975E-1,-1.880898118E0,1.257830024E0
1.272481327E2,-7.192870378E-1,-1.827264071E0,7.163549066E-1
1.272581638E2,-9.374800920E-1,-1.301752806E0,-1.119869063E-3
1.272681948E2,-9.334554672E-1,-7.179353833E-1,-6.533349752E-1
1.272782247E2,-9.263765216E-1,-5.302286148E-1,-1.114991784E0
1.272882558E2,-9.843198061E-1,-6.102641821E-1,-1.576210380E0
1.272982868E2,-9.884554744E-1,-1.039778829E0,-1.903140545E0
1.273083168E2,-7.592409253E-1,-1.392649889E0,-1.915417314E0
1.273183477E2,-5.209894776E-1,-1.461217046E0,-1.772301793E0
1.273283788E2,-5.711891055E-1,-1.607715130E0,-1.557177663E0
1.273384098E2,-7.440314889E-1,-1.667343855E0,-1.295232654E0
1.273484397E2,-8.067063689E-1,-1.594078779E0,-1.015105247E0
1.273584708E2,-8.470737338E-1,-1.538165450E0,-6.968710423E-1
1.273685018E2,-9.676668048E-1,-1.678508520E0,-3.847723603E-1
1.273785318E2,-1.271038651E0,-1.414812088E0,1.063969452E-2
1.273885627E2,-1.622611403E0,-3.856370151E-1,5.773522258E-1
1.273985938E2,-1.543511271E0,3.907841444E-1,1.146271944E0
1.274086238E2,-1.080518365E0,6.995467544E-1,1.521040916E0
1.274186547E2,-1.889777035E-1,8.759540319E-1,1.638343573E0
1.274286858E2,6.206026077E-1,8.246295452E-1,1.748395801E0
1.274387158E2,1.060077786E0,8.036696911E-1,1.847935200E0
1.274487468E2,1.309833527E0,9.911237359E-1,1.743063092E0
1.274587778E2,1.164790630E0,1.230822325E0,1.437031865E0
1.274688078E2,6.010714173E-1,1.199334741E0,8.915899992E-1
1.274788388E2,-3.340611458E-1,1.258513927E0,8.144737035E-2
1.274888697E2,-1.715818048E0,1.732922554E0,-9.075042009E-1
1.274988998E2,-5.509323120E0,-4.975995421E-1,-2.501257181E0
1.275089308E2,-7.324739933E0,-4.297083244E-2,-4.752202988E0
1.275189618E2,-4.788289070E0,3.924416542E0,-4.182240963E0
1.275289918E2,-9.857752323E-1,2.983666420E0,-3.521772385E0
1.275390228E2,5.642410368E-2,1.902744412E0,-2.637336016E0
1.275490538E2,7.680566907E-1,8.355747461E-1,-1.007297397E0
1.275590837E2,1.123540163E0,4.826523960E-1,-4.457683563E-1
1.275691148E2,8.526568413E-1,2.897825539E-1,-3.339965641E-1
1.275791458E2,3.354427814E-1,-7.118946314E-1,-2.729443908E-1
1.275891767E2,3.533994779E-2,-8.765404820E-1,-1.593801230E-1
1.275992068E2,-2.801586092E-1,9.083865210E-3,-6.377316266E-2
1.276092378E2,-7.470510900E-2,-2.140069455E-1,2.412138283E-1
1.276192688E2,5.299219489E-1,-7.123866677E-1,4.759672284E-1
1.276292988E2,9.379956126E-1,-4.267414212E-1,7.574890852E-1
1.276393298E2,1.217422962E0,-3.774417937E-1,1.075801492E0
1.276493608E2,1.386797309E0,-5.657811761E-1,1.405425787E0
1.276593917E2,1.425891995E0,-9.440163374E-1,1.570681334E0
1.276694218E2,1.409389853E0,-1.300979018E0,1.639955521E0
1.276794528E2,1.291691780E0,-1.463675499E0,1.665832996E0
1.276894838E2,1.250262499E0,-1.596231580E0,1.682477832E0
1.276995138E2,1.265779614E0,-1.491448402E0,1.727035761E0
1.277095448E2,1.235274315E0,-1.267417789E0,1.724945545E0
1.277195758E2,1.108004689E0,-1.332732081E0,1.611560941E0
1.277296057E2,1.071159720E0,-1.773042679E0,1.350470185E0
1.277396368E2,1.316820145E0,-2.426915407E0,8.715946674E-1
1.277496678E2,1.522040009E0,-2.510303974E0,1.875122488E-1
1.277596988E2,1.111209631E0,-6.328273416E-1,-4.582025707E-1
1.277697288E2,-9.857488424E-2,1.356017470E0,-9.922093153E-1
1.277797598E2,-9.427778125E-1,6.614729166E-1,-1.385814905E0
1.277897908E2,-1.418283582E0,2.512616515E-1,-1.443561316E0
1.277998207E2,-1.446255565E0,6.528527737E-1,-1.250399232E0
1.278098518E2,-9.075210690E-1,8.447554708E-1,-8.419721723E-1
1.278198828E2,-9.245289862E-2,1.521561980E0,-5.649373531E-1
1.278299127E2,5.909859538E-1,2.115784168E0,-3.393619061E-1
1.278399438E2,1.137669206E0,2.211203098E0,-1.005883794E-2
1.278499748E2,1.806892395E0,2.314106703E0,2.946559787E-1
1.278600048E2,6.412259102E0,-1.133361697E0,2.021377325E0
1.278700357E2,3.859107018E0,1.786510348E0,2.173351765E0
1.278800668E2,2.302057266E0,2.991997242E0,1.699144840E0
1.278900978E2,8.801225424E-1,2.870045900E0,1.495687008E0
1.279001277E2,-4.013993442E-1,2.721332073E0,8.929718733E-1
1.279101588E2,-7.325109243E-1,2.075507641E0,2.686876953E-1
1.279201898E2,-6.517939568E-1,1.758275747E0,3.412503302E-1
1.279302198E2,-1.099855602E-1,9.781259298E-1,9.669366479E-1
1.279402508E2,7.263580561E-1,-5.787140727E-1,1.258614659E0
1.279502818E2,3.643499911E-1,-1.038726807E0,9.932597280E-1
1.279603118E2,-6.415640712E-1,-9.727855325E-1,4.384114444E-1
1.279703427E2,-1.238759756E0,-1.212215781E0,-1.850831788E-3
1.279803738E2,-1.355421901E0,-1.158448219E0,-3.794668317E-1
1.279904038E2,-1.477084994E0,-1.168415785E0,-7.474068403E-1
1.280004347E2,-1.551159024E0,-1.674570084E0,-1.057492733E0
1.280104658E2,-1.425975680E0,-2.022557259E0,-1.368417025E0
1.280204958E2,-1.218359113E0,-2.142229080E0,-1.565378904E0
1.280305268E2,-1.086697936E0,-2.351017237E0,-1.595431447E0
1.280405577E2,-1.063126802E0,-2.579771042E0,-1.472114325E0
1.280505888E2,-1.059843659E0,-2.359744310E0,-1.374919415E0
1.280606188E2,-1.093494892E0,-1.934169888E0,-1.380387664E0
1.280706497E2,-1.194306254E0,-1.634974480E0,-1.272953391E0
1.280806808E2,-1.417945981E0,-1.352186203E0,-8.903658390E-1
1.280907108E2,-1.857920408E0,-5.205060244E-1,-2.576733232E-1
1.281007418E2,-1.763114810E0,-3.542906418E-2,5.585581064E-1
1.281107727E2,-1.219249129E0,3.644972742E-1,1.415041089E0
1.281208028E2,-1.186174080E-1,7.610243559E-1,1.922041535E0
1.281308338E2,9.894410968E-1,9.262805581E-1,2.320542097E0
1.281408660E2,1.837814331E0,1.191879988E0,2.333720207E0
1.281508960E2,2.076130152E0,1.360740542E0,2.020170689E0
1.281609270E2,1.791530728E0,1.331568480E0,1.493528247E0
1.281709580E2,1.139856100E0,1.282546759E0,8.687794209E-1
1.281809880E2,9.891334176E-2,1.090695143E0,9.117929637E-2
1.281910190E2,-2.133666754E0,6.672817469E-1,-9.983757734E-1
1.282010500E2,-6.272468090E0,6.228268147E-2,-3.179661512E0
1.282110800E2,-6.071632862E0,2.373341560E0,-4.487234592E0
1.282211110E2,-2.812712193E0,3.735615492E0,-3.929858685E0
1.282311420E2,-1.250166595E-1,2.446843147E0,-3.686693430E0
1.282411720E2,5.455321074E-1,1.534235358E0,-2.796880960E0
1.282512030E2,9.764303565E-1,6.513723731E-1,-1.785943389E0
1.282612340E2,1.162957072E0,3.519321680E-1,-1.533269882E0
1.282712650E2,5.168204904E-1,2.899247222E-2,-1.112824917E0
1.282812950E2,1.768506616E-1,-3.251243234E-1,-5.923748612E-1
1.282913260E2,-5.560095981E-2,7.502085716E-2,-1.997928470E-1
1.283013570E2,-2.933008671E-1,5.070253015E-1,2.716606855E-1
1.283113870E2,-5.491603911E-2,-1.719169468E-1,6.169947982E-1
1.283214180E2,4.208390713E-1,-8.042371273E-1,7.489448786E-1
1.283314490E2,6.478643417E-1,-7.828978896E-1,8.833931684E-1
1.283414790E2,8.591414094E-1,-9.782029390E-1,9.827303886E-1
1.283515100E2,9.484480023E-1,-1.595580697E0,1.014721870E0
1.283615410E2,8.839726448E-1,-2.144777775E0,1.102625370E0
1.283715720E2,8.289880157E-1,-2.178049803E0,1.210973024E0
1.283816020E2,9.100669026E-1,-2.081681490E0,1.407816291E0
1.283916330E2,1.169142723E0,-2.090233088E0,1.674243093E0
1.284016640E2,1.292175651E0,-2.031031847E0,1.830366850E0
1.284116940E2,1.259139776E0,-2.163608789E0,1.883402467E0
1.284217250E2,1.316787243E0,-2.455367088E0,1.757925749E0
1.284317560E2,1.689441323E0,-2.306165695E0,1.318868637E0
1.284417860E2,1.903230667E0,-1.250601172E0,6.806753874E-1
1.284518170E2,1.070342183E0,8.469686508E-1,2.072303891E-1
1.284618480E2,1.565618664E-1,1.196887970E0,-3.160517216E-1
1.284718790E2,-3.442036808E-1,1.675348282E-1,-7.462911010E-1
1.284819090E2,-7.541363239E-1,2.502451539E-1,-9.430584908E-1
1.284919400E2,-7.801255584E-1,6.665046215E-1,-1.068844438E0
1.285019710E2,-4.594232440E-1,1.372699499E0,-1.105013728E0
1.285120010E2,6.274478510E-3,1.877122164E0,-9.858795404E-1
1.285220320E2,5.645665526E-1,2.452075481E0,-7.573209405E-1
1.285320630E2,9.355189800E-1,3.060513735E0,-4.891995490E-1
1.285420930E2,1.712404251E0,3.014925718E0,-7.226411998E-2
1.285521240E2,6.279304981E0,-5.820268393E-1,1.892929316E0
1.285621550E2,3.219322681E0,2.364393711E0,2.039320946E0
1.285721850E2,1.597323418E0,3.138191938E0,1.689478040E0
1.285822160E2,2.565643191E-1,3.030516386E0,1.330520749E0
1.285922470E2,-8.077787757E-1,2.662037373E0,7.759690285E-1
1.286022770E2,-1.064710140E0,2.206825495E0,4.114640355E-1
1.286123080E2,-7.277490497E-1,1.767175078E0,4.406630397E-1
1.286223390E2,1.149124578E-1,4.469345212E-1,9.643557668E-1
1.286323700E2,7.507449985E-1,-1.501007199E0,1.026596665E0
1.286424000E2,3.474542201E-1,-2.005523443E0,7.690466046E-1
1.286524310E2,-2.946247160E-1,-1.915259600E0,2.144455910E-1
1.286624620E2,-4.893180132E-1,-1.567302585E0,-2.535040379E-1
1.286724920E2,-6.969854832E-1,-8.619879484E-1,-8.135272861E-1
1.286825230E2,-9.183444977E-1,-7.646573782E-1,-1.316164613E0
1.286925540E2,-9.385003448E-1,-1.274618745E0,-1.614060044E0
1.287025840E2,-7.321040034E-1,-1.514975429E0,-1.705340624E0
1.287126150E2,-5.624096990E-1,-1.366743088E0,-1.633077741E0
1.287226460E2,-5.767678618E-1,-1.491094828E0,-1.466753721E0
1.287326760E2,-7.316309810E-1,-1.639578104E0,-1.260113835E0
1.287427070E2,-8.967735767E-1,-1.597296953E0,-1.039635301E0
1.287527380E2,-1.102553129E0,-1.590517879E0,-8.800624609E-1
1.287627680E2,-1.250175357E0,-1.743948936E0,-6.602352858E-1
1.287727990E2,-1.427255750E0,-1.748601675E0,-2.758028805E-1
1.287828300E2,-1.694935679E0,-9.088124037E-1,3.406446278E-1
1.287928600E2,-1.498164296E0,-1.435092688E-1,9.679670334E-1
1.288028910E2,-9.203799963E-1,4.850848913E-1,1.534850717E0
1.288129220E2,6.637816876E-2,6.623919010E-1,1.850219250E0
1.288229520E2,8.731260896E-1,6.778355837E-1,1.976384640E0
1.288329830E2,1.256598473E0,8.547146916E-1,1.950822234E0
1.288430140E2,1.389801621E0,1.004592061E0,1.714596987E0
1.288530440E2,1.135444283E0,1.117807269E0,1.332874537E0
1.288630750E2,4.971552193E-1,1.205760360E0,8.036500812E-1
1.288731060E2,-6.658012867E-1,1.322668076E0,7.771558594E-3
1.288831370E2,-3.530533075E0,2.253112644E-1,-1.212649941E0
1.288931670E2,-6.641681671E0,-4.871656895E-1,-3.472169161E0
1.289031980E2,-5.125404358E0,3.023704529E0,-3.740198374E0
1.289132290E2,-1.870352745E0,3.412861109E0,-3.553093195E0
1.289232590E2,-1.760020256E-1,2.354790688E0,-3.382801533E0
1.289332900E2,3.752855361E-1,1.297981381E0,-2.067701817E0
1.289433210E2,1.142268777E0,4.724138677E-1,-1.471414566E0
1.289533510E2,1.052206039E0,-8.960371464E-2,-1.354639411E0
1.289633820E2,3.675693870E-1,-4.436648488E-1,-9.922266006E-1
1.289734130E2,3.036717139E-2,-5.467047691E-1,-6.229051948E-1
1.289834440E2,-2.771978378E-1,-8.146481588E-3,-3.189940751E-1
1.289934740E2,-1.681092680E-1,1.707832217E-1,2.217028737E-1
1.290035050E2,3.469399810E-1,-8.248081207E-1,5.859479308E-1
1.290135360E2,7.335011959E-1,-1.207023859E0,6.975802779E-1
1.290235660E2,9.479868412E-1,-1.011447906E0,8.574876785E-1
1.290335970E2,1.283629060E0,-1.111932755E0,1.100156784E0
1.290436280E2,1.447982550E0,-1.563297272E0,1.261606693E0
1.290536580E2,1.430106878E0,-1.922727942E0,1.420241237E0
1.290636890E2,1.434768558E0,-2.172750235E0,1.647105813E0
1.290737200E2,1.539129972E0,-2.178288460E0,2.012271881E0
1.290837510E2,1.509999990E0,-2.046657324E0,2.285000324E0
1.290937810E2,1.254738927E0,-1.997695923E0,2.370740891E0
1.291038120E2,1.165565491E0,-2.168272734E0,2.224051952E0
1.291138430E2,1.566317558E0,-2.293017864E0,1.672711015E0
1.291238730E2,1.836189866E0,-1.403772473E0,9.015530944E-1
1.291339040E2,1.151904702E0,5.065928102E-1,1.846772432E-1
1.291439381E2,4.590994865E-2,1.161325932E0,-4.700864851E-1
1.291539681E2,-6.631321311E-1,-6.218731031E-2,-1.071513891E0
1.291639991E2,-1.041241646E0,-1.644103527E-1,-1.165787101E0
1.291740301E2,-1.090224028E0,3.895820379E-1,-1.230899572E0
1.291840601E2,-8.559777141E-1,1.222899437E0,-1.193749547E0
1.291940911E2,-4.120056927E-1,1.914801836E0,-1.022753596E0
1.292041221E2,1.290636957E-1,2.505877256E0,-9.678778052E-1
1.292141531E2,6.969192624E-1,2.912686348E0,-5.678926110E-1
1.292241831E2,2.051817179E0,2.566955090E0,-1.995936930E-1
1.292342141E2,6.648921490E0,-7.494671345E-1,2.079740286E0
1.292442451E2,3.084651232E0,3.293511868E0,1.858811140E0
1.292542751E2,1.537254095E0,2.983288527E0,1.427497506E0
1.292643061E2,-1.315393597E-1,3.591518402E0,1.011267304E0
1.292743371E2,-1.340952277E0,3.096256971E0,4.528249204E-1
1.292843671E2,-1.201846361E0,2.425589800E0,3.679744601E-1
1.292943981E2,-5.372669697E-1,1.655563354E0,8.538740873E-1
1.293044291E2,3.292551041E-1,-1.166234016E-1,1.304354072E0
1.293144591E2,6.145083904E-1,-1.619693637E0,1.392761707E0
1.293244901E2,1.165311784E-2,-2.004022598E0,1.124198198E0
1.293345211E2,-7.409648299E-1,-1.472448230E0,4.308971763E-1
1.293445521E2,-9.574917555E-1,-8.914357424E-1,-3.652923703E-1
1.293545821E2,-1.225293517E0,-4.744755328E-1,-1.007056355E0
1.293646131E2,-1.460998178E0,-8.117995262E-1,-1.453967571E0
1.293746441E2,-1.418157697E0,-1.394930243E0,-1.628705382E0
1.293846741E2,-1.189638495E0,-1.693570733E0,-1.711892962E0
1.293947051E2,-8.947976828E-1,-1.711696148E0,-1.657073379E0
1.294047361E2,-1.057631254E0,-2.028273106E0,-1.599256754E0
1.294147661E2,-1.159219742E0,-2.022021770E0,-1.468857050E0
1.294247971E2,-1.198041439E0,-1.902753353E0,-1.310445309E0
1.294348281E2,-1.301008701E0,-1.863075852E0,-1.086824298E0
1.294448581E2,-1.493656397E0,-1.885995030E0,-7.388825417E-1
1.294548891E2,-1.894958496E0,-1.220953345E0,-1.342543513E-1
1.294649201E2,-1.975016832E0,-5.879903436E-1,7.189185619E-1
1.294749501E2,-1.549240351E0,4.200284928E-2,1.534343004E0
1.294849811E2,-5.214045644E-1,5.764827728E-1,1.987634897E0
1.294950121E2,6.287805438E-1,1.147261977E0,2.073971510E0
1.295050421E2,1.321248174E0,1.311671615E0,2.194433928E0
1.295150731E2,1.802697062E0,1.221475959E0,2.173055172E0
1.295251041E2,1.866560221E0,1.582913995E0,1.863768816E0
1.295351341E2,1.267861128E0,1.489561200E0,1.297939897E0
1.295451651E2,2.412162870E-1,1.403954744E0,4.780045748E-1
1.295551961E2,-1.407483935E0,1.288366556E0,-5.888590813E-1
1.295652261E2,-4.997265816E0,3.026449382E-1,-2.213143826E0
1.295752571E2,-7.009383678E0,6.475580335E-1,-4.480981350E0
1.295852881E2,-4.734930992E0,3.202125072E0,-4.149599552E0
1.295953181E2,-1.245883226E0,3.111134768E0,-3.835251570E0
1.296053491E2,1.450075358E-1,2.481780529E0,-3.231264114E0
1.296153801E2,7.124620676E-1,6.976166368E-1,-1.732105374E0
1.296254111E2,9.841060638E-1,2.275602221E-1,-1.364916444E0
1.296354411E2,4.204797745E-1,4.410820454E-2,-1.204044819E0
1.296454721E2,-2.135613412E-1,-1.909780651E-1,-7.827659845E-1
1.296555031E2,-4.130302370E-1,-2.540365234E-2,-2.929191291E-1
1.296655331E2,-6.863003969E-1,7.246533036E-1,3.166800365E-2
1.296755641E2,-3.047914505E-1,4.889690876E-2,3.285473585E-1
1.296855951E2,5.313183069E-1,-9.267532229E-1,4.750140309E-1
1.296956251E2,8.853561878E-1,-9.326350093E-1,6.232716441E-1
1.297056561E2,1.181592703E0,-9.377418756E-1,6.793125272E-1
1.297156871E2,1.517194629E0,-1.238922954E0,9.012126923E-1
1.297257181E2,1.558441401E0,-1.792928934E0,1.060453773E0
1.297357481E2,1.440742373E0,-2.001198053E0,1.045113444E0
1.297457791E2,1.304670215E0,-1.854949117E0,1.109865308E0
1.297558101E2,1.256458759E0,-1.746388793E0,1.206425428E0
1.297658401E2,1.372935891E0,-1.638252974E0,1.365622520E0
1.297758711E2,1.429027915E0,-1.765019178E0,1.522437692E0
1.297859021E2,1.427314639E0,-2.163556576E0,1.590519786E0
1.297959321E2,1.617861748E0,-2.680586576E0,1.441863298E0
1.298059631E2,2.151086092E0,-3.067231655E0,9.312841296E-1
1.298159941E2,2.353708982E0,-2.726128340E0,2.166186273E-1
1.298260251E2,1.431323647E0,-1.056422889E-1,-3.569199741E-1
1.298360551E2,2.873473242E-2,2.021083832E0,-8.138629198E-1
1.298460861E2,-9.535871148E-1,1.116569638E0,-1.255695939E0
1.298561171E2,-1.416796446E0,5.547176600E-1,-1.409178853E0
1.298661471E2,-1.362206459E0,9.703121781E-1,-1.240952730E0
1.298761781E2,-7.768810987E-1,1.326985598E0,-9.518765807E-1
1.298862091E2,6.174837425E-2,1.951599598E0,-7.963527441E-1
1.298962391E2,7.096456885E-1,2.037105560E0,-3.371646106E-1
1.299062701E2,1.215400338E0,2.321609735E0,3.480150178E-2
1.299163011E2,3.909642935E0,1.210878849E0,9.708234072E-1
1.299263321E2,6.182203770E0,-5.347039923E-2,2.539516449E0
1.299363621E2,2.655188322E0,2.943463087E0,2.105562687E0
1.299463931E2,1.059618831E0,3.229898930E0,1.696965575E0
1.299564241E2,-1.549556106E-1,2.597409725E0,1.171624899E0
1.299664541E2,-8.167452812E-1,2.171525478E0,5.634731054E-1
1.299764851E2,-4.959291518E-1,1.754257917E0,4.035857320E-1
1.299865161E2,-1.564720646E-2,1.237646461E0,9.055500627E-1
1.299965461E2,2.346633822E-1,-5.942374468E-2,1.248286605E0
1.300065771E2,3.908985257E-1,-1.838146091E0,1.241205215E0
1.300166081E2,-9.559387714E-2,-2.236939430E0,7.675037384E-1
1.300266381E2,-5.861113667E-1,-1.704657793E0,-6.570404395E-3
1.300366691E2,-8.201090693E-1,-9.878630638E-1,-6.043186188E-1
1.300467001E2,-1.137120366E0,-6.304572821E-1,-1.328450799E0
1.300567311E2,-1.357335210E0,-9.570361376E-1,-1.822324395E0
1.300667611E2,-1.323963404E0,-1.400625110E0,-2.163790226E0
1.300767921E2,-9.905064702E-1,-1.549374461E0,-2.199286461E0
1.300868231E2,-7.139481306E-1,-1.736357450E0,-1.962362528E0
1.300968531E2,-7.821578383E-1,-1.776268125E0,-1.661480188E0
1.301068841E2,-8.979472518E-1,-1.658129215E0,-1.428918600E0
1.301169151E2,-9.820171595E-1,-1.410282969E0,-1.155445457E0
1.301269451E2,-1.080581546E0,-1.284506202E0,-7.641122341E-1
1.301369761E2,-1.375603199E0,-1.104141712E0,-2.023078054E-1
1.301470063E2,-1.652243018E0,-7.607199550E-1,5.350444913E-1
1.301570363E2,-1.606122971E0,-2.926558554E-1,1.240459561E0
1.301670673E2,-1.118197680E0,3.225242198E-1,1.758268118E0
1.301770983E2,-1.997776777E-1,8.867181540E-1,2.181655645E0
1.301871283E2,7.998968363E-1,1.247742891E0,2.308523417E0
1.301971593E2,1.366292834E0,1.423623204E0,2.259742975E0
1.302071903E2,1.541827083E0,1.573597789E0,1.887944341E0
1.302172203E2,1.282863259E0,1.471258163E0,1.366240144E0
1.302272513E2,4.712007344E-1,1.298885107E0,7.009931207E-1
1.302372823E2,-8.093185425E-1,1.500260472E0,-2.073255330E-1
1.302473123E2,-3.629132986E0,6.602517962E-1,-1.527975440E0
1.302573433E2,-6.682130337E0,-3.313940465E-1,-4.021622181E0
1.302673743E2,-5.338579655E0,3.174665689E0,-4.550560951E0
1.302774043E2,-1.884138107E0,3.895513058E0,-4.135837555E0
1.302874353E2,2.631979883E-1,2.686811686E0,-3.626836061E0
1.302974663E2,1.049004197E0,9.360499382E-1,-2.108538389E0
1.303074973E2,1.770201564E0,-2.929061651E-1,-1.361878276E0
1.303175273E2,1.401439548E0,-3.982920647E-1,-1.316228509E0
1.303275583E2,4.928773642E-1,-8.746948093E-2,-1.120545626E0
1.303375893E2,2.595561147E-1,-5.602693185E-2,-8.161042333E-1
1.303476193E2,-1.937836856E-1,3.694969416E-1,-3.761523962E-1
1.303576503E2,-1.732740849E-1,2.840565443E-1,2.310036421E-1
1.303676813E2,5.690482855E-1,-6.712198257E-1,7.151200175E-1
1.303777123E2,1.022359967E0,-9.077506661E-1,9.021173716E-1
1.303877423E2,1.337545872E0,-8.692868948E-1,1.083673477E0
1.303977733E2,1.510843754E0,-9.646800160E-1,1.258917212E0
1.304078043E2,1.480988145E0,-1.286426306E0,1.488900661E0
1.304178343E2,1.431626797E0,-1.718247890E0,1.564611793E0
1.304278653E2,1.335547328E0,-2.013270140E0,1.647859454E0
1.304378963E2,1.388679385E0,-2.106918097E0,1.770725250E0
1.304479273E2,1.463575721E0,-1.832276464E0,1.922683597E0
1.304579573E2,1.262714148E0,-1.710221052E0,1.937611699E0
1.304679883E2,1.100504160E0,-1.976872206E0,1.867278457E0
1.304780193E2,1.296332359E0,-2.371642351E0,1.645670056E0
1.304880493E2,1.662579656E0,-2.299795151E0,1.172255397E0
1.304980803E2,1.432203293E0,-8.164712191E-1,5.631951094E-1
1.305081113E2,3.879578710E-1,1.037688851E0,-8.902370930E-2
1.305181423E2,-3.988927305E-1,7.458283901E-1,-7.723786831E-1
1.305281723E2,-9.306786060E-1,-2.307890058E-1,-1.082684398E0
1.305382033E2,-1.296790957E0,1.933632195E-1,-1.156895876E0
1.305482343E2,-1.216739058E0,7.129163742E-1,-1.092576265E0
1.305582643E2,-7.116827369E-1,1.604245067E0,-1.086018920E0
1.305682953E2,-2.150676101E-1,2.151398897E0,-7.341738343E-1
1.305783263E2,4.296526909E-1,2.495832920E0,-3.831117451E-1
1.305883563E2,9.571796060E-1,3.023603678E0,-1.015759259E-1
1.305983873E2,2.871914148E0,1.330740690E0,4.723393619E-1
1.306084183E2,6.581787109E0,-7.607375383E-1,2.440147638E0
1.306184493E2,3.000401497E0,3.183968782E0,2.040451765E0
1.306284793E2,1.513702154E0,2.830662012E0,1.700268149E0
1.306385103E2,-5.378346145E-2,2.921017170E0,1.136495113E0
1.306485413E2,-1.163643360E0,2.481731892E0,4.625806212E-1
1.306585713E2,-1.103110909E0,2.183061123E0,1.950507313E-1
1.306686023E2,-9.087529182E-1,1.970097423E0,3.304364979E-1
1.306786333E2,-1.808831468E-3,4.443874657E-1,8.827158213E-1
1.306886643E2,5.247130394E-1,-1.081136465E0,8.936480880E-1
1.306986943E2,-1.289694570E-2,-1.345268607E0,6.036394238E-1
1.307087253E2,-9.371166229E-1,-1.168301582E0,5.950098485E-2
1.307187563E2,-1.184265256E0,-8.929602504E-1,-3.965182900E-1
1.307287863E2,-1.329454422E0,-5.508643985E-1,-8.107135892E-1
1.307388173E2,-1.473109961E0,-8.532912135E-1,-1.228190660E0
1.307488483E2,-1.426437378E0,-1.590598822E0,-1.486083150E0
1.307588783E2,-1.147740006E0,-2.010570288E0,-1.558490396E0
1.307689093E2,-8.294996619E-1,-2.110642433E0,-1.491468430E0
1.307789403E2,-7.715049386E-1,-2.219894886E0,-1.386418939E0
1.307889703E2,-8.573958874E-1,-2.254741907E0,-1.278894424E0
1.307990013E2,-9.196862578E-1,-2.115921736E0,-1.098065734E0
1.308090323E2,-1.011133313E0,-1.886562824E0,-8.487816453E-1
1.308190633E2,-1.316403866E0,-1.538922191E0,-4.818712771E-1
1.308290933E2,-1.730592251E0,-7.905782461E-1,8.124803007E-2
1.308391243E2,-1.761021137E0,-8.570212871E-2,7.949163914E-1
1.308491553E2,-1.177308202E0,3.527511060E-1,1.423273087E0
1.308591853E2,-1.146806106E-1,5.070748329E-1,1.892937064E0
1.308692163E2,9.729277492E-1,7.956373692E-1,2.051633358E0
1.308792473E2,1.692937732E0,9.406456947E-1,1.998470545E0
1.308892773E2,2.151493073E0,1.047382474E0,1.812287450E0
1.308993083E2,2.080761671E0,1.281118155E0,1.420485497E0
1.309093393E2,1.467469811E0,1.358334899E0,8.460986018E-1
1.309193693E2,4.407753348E-1,1.281122446E0,8.616318554E-2
1.309294003E2,-1.467856765E0,1.326953292E0,-9.511873126E-1
1.309394313E2,-6.255753517E0,3.643555939E-2,-3.175135612E0
1.309494623E2,-7.067663193E0,1.188326955E0,-4.850221634E0
1.309594923E2,-3.869904757E0,3.681023359E0,-4.259254456E0
1.309695233E2,-4.171922803E-1,3.481087923E0,-3.791347265E0
1.309795543E2,5.241321325E-1,1.684543133E0,-2.703128099E0
1.309895843E2,7.377901077E-1,9.511234164E-1,-1.319933653E0
1.309996153E2,7.264021635E-1,1.476631284E0,-1.039380312E0
1.310096463E2,5.289894938E-1,7.729372978E-1,-8.278558850E-1
1.310196773E2,2.597222030E-1,1.272455007E-1,-4.621720314E-1
1.310297073E2,-3.770575300E-2,7.899402641E-3,-1.119863018E-1
1.310397383E2,-1.381077170E-1,4.170625806E-1,2.099771798E-1
1.310497693E2,1.775301397E-1,-1.632295549E-1,4.810041487E-1
1.310597993E2,5.769070387E-1,-7.543100715E-1,7.188851237E-1
1.310698303E2,7.301466465E-1,-5.701812506E-1,8.230927587E-1
1.310798613E2,9.920625091E-1,-9.332546592E-1,9.199355245E-1
1.310898923E2,1.103367448E0,-1.663710237E0,9.478718042E-1
1.310999223E2,1.153751969E0,-2.222964287E0,1.027249575E0
1.311099533E2,1.220132232E0,-2.418122530E0,1.291592836E0
1.311199843E2,1.256214976E0,-2.433049917E0,1.617272973E0
1.311300153E2,1.397439957E0,-2.429799080E0,1.944028735E0
1.311400453E2,1.489147186E0,-2.454739094E0,2.194888592E0
1.311500729E2,1.446163535E0,-2.718530893E0,2.258840561E0
1.311601039E2,1.550211787E0,-2.984249830E0,2.079927444E0
1.311701339E2,2.036782980E0,-2.909302235E0,1.584680200E0
1.311801649E2,2.268920660E0,-2.088087082E0,8.345321417E-1
1.311901959E2,1.182600260E0,5.146365762E-1,2.513642609E-1
1.312002269E2,7.081836462E-2,1.696004152E0,-3.972380459E-1
1.312102569E2,-5.641343594E-1,4.654446244E-1,-9.351768494E-1
1.312202879E2,-9.380453825E-1,1.315311790E-1,-1.147807121E0
1.312303189E2,-9.073641300E-1,6.535447836E-1,-1.187143326E0
1.312403489E2,-6.495586038E-1,1.351149797E0,-1.103139877E0
1.312503799E2,-1.143165231E-1,1.983678222E0,-9.532009959E-1
1.312604109E2,5.317873955E-1,2.457798958E0,-6.099141836E-1
1.312704419E2,1.017288446E0,3.019855022E0,-3.700581789E-1
1.312804719E2,2.176266909E0,2.673969507E0,7.240595669E-2
1.312905029E2,7.274249554E0,-1.225772619E0,2.262539625E0
1.313005339E2,3.620223522E0,2.754235268E0,2.196281433E0
1.313105639E2,1.812114835E0,2.968284369E0,1.798977971E0
1.313205949E2,2.012265287E-2,2.945590496E0,1.411078691E0
1.313306259E2,-1.216239691E0,2.456343889E0,7.256922722E-1
1.313406569E2,-1.282856345E0,1.611275434E0,3.481840789E-1
1.313506869E2,-7.373994589E-1,1.504139066E0,5.600465536E-1
1.313607179E2,1.599939018E-1,4.016413689E-1,1.160023093E0
1.313707489E2,7.741041780E-1,-1.297795296E0,1.252245665E0
1.313807789E2,1.529787481E-1,-1.740948915E0,8.447141051E-1
1.313908099E2,-5.801210403E-1,-1.617789268E0,1.835287064E-1
1.314008409E2,-7.637645006E-1,-1.268873692E0,-4.052810967E-1
1.314108719E2,-1.046759725E0,-9.262428880E-1,-8.990564346E-1
1.314209019E2,-1.420994401E0,-1.050236106E0,-1.326025724E0
1.314309329E2,-1.466712594E0,-1.136687398E0,-1.685987115E0
1.314409639E2,-1.219607472E0,-1.231210113E0,-1.837387919E0
1.314509939E2,-8.607558608E-1,-1.407314539E0,-1.726313353E0
1.314610249E2,-7.569362521E-1,-1.703798175E0,-1.539341688E0
1.314710559E2,-8.847330809E-1,-1.843323827E0,-1.276812673E0
1.314810869E2,-9.647457004E-1,-1.686983585E0,-1.048720241E0
1.314911169E2,-1.098036408E0,-1.510191202E0,-7.871057391E-1
1.315011479E2,-1.263161659E0,-1.580995679E0,-3.956202567E-1
1.315111789E2,-1.698935270E0,-1.308580875E0,2.302635908E-1
1.315212089E2,-2.005681276E0,-5.158010125E-1,9.624429941E-1
1.315312399E2,-1.727024913E0,3.156717420E-1,1.525312185E0
1.315412709E2,-8.162769675E-1,8.823323846E-1,1.698043823E0
1.315513009E2,3.048957288E-1,1.249895215E0,1.873691320E0
1.315613319E2,1.263846874E0,1.143504620E0,1.890035033E0
1.315713629E2,1.882987618E0,1.211070418E0,1.562718630E0
1.315813939E2,1.835122347E0,8.706257343E-1,1.315168858E0
1.315914239E2,1.533411980E0,7.452480793E-1,8.696979284E-1
1.316014549E2,8.443045020E-1,7.529836297E-1,2.647299170E-1
1.316114859E2,-2.378342748E-1,8.042329550E-1,-5.051965714E-1
1.316215159E2,-2.301327944E0,7.136130929E-1,-1.599616766E0
1.316315469E2,-7.240489960E0,-5.724596381E-1,-4.046223164E0
1.316415779E2,-6.276785374E0,1.847690940E0,-4.945287228E0
1.316516079E2,-2.373966694E0,3.274834633E0,-3.908212423E0
1.316616389E2,-5.505388975E-1,2.519788504E0,-3.650198460E0
1.316716699E2,3.347577900E-2,1.995450497E0,-2.334552765E0
1.316817009E2,5.349217653E-1,8.804069757E-1,-1.169888496E0
1.316917309E2,7.055004239E-1,6.909555793E-1,-7.061336637E-1
1.317017619E2,3.391424417E-1,1.481240690E-1,-2.769796848E-1
1.317117929E2,-5.364079028E-2,-7.658536434E-1,2.266721800E-2
1.317218239E2,-3.634340763E-1,-7.058962584E-1,1.636728197E-1
1.317318539E2,-5.122216940E-1,-5.142579228E-2,3.932311535E-1
1.317418849E2,2.145988941E-1,-5.836085081E-1,5.229937434E-1
1.317519159E2,9.553901553E-1,-1.092109799E0,4.441969097E-1
1.317619459E2,1.111420631E0,-9.244511127E-1,4.479152560E-1
1.317719769E2,1.287306905E0,-6.608719230E-1,5.313014984E-1
1.317820079E2,1.307679057E0,-1.091479897E0,7.034254670E-1
1.317920389E2,1.358547568E0,-1.803171635E0,8.891420960E-1
1.318020689E2,1.403070092E0,-2.278744221E0,1.170010448E0
1.318120999E2,1.575033545E0,-2.513218880E0,1.512114048E0
1.318221309E2,1.699625850E0,-2.417886019E0,1.879946113E0
1.318321619E2,1.502484560E0,-2.056070566E0,2.132433653E0
1.318421919E2,1.147483110E0,-2.006006241E0,2.193269968E0
1.318522229E2,1.020045519E0,-2.124483824E0,2.004322290E0
1.318622539E2,1.451091647E0,-2.214626312E0,1.478493094E0
1.318722849E2,1.520736456E0,-1.434803486E0,6.745478511E-1
1.318823149E2,4.939203858E-1,6.629586816E-1,1.756860875E-3
1.318923459E2,-5.640374422E-1,1.116079092E0,-7.131314278E-1
1.319023769E2,-1.221887350E0,-6.505719572E-2,-1.121913314E0
1.319124069E2,-1.709988475E0,1.438369006E-1,-1.188980699E0
1.319224379E2,-1.634658337E0,5.134342313E-1,-1.123635769E0
1.319324689E2,-1.173704743E0,1.215339661E0,-9.902619720E-1
1.319424989E2,-5.256478786E-1,1.836625218E0,-7.166967988E-1
1.319525299E2,2.378439605E-1,2.278939247E0,-4.329950809E-1
1.319625609E2,9.039513469E-1,2.895095825E0,-2.717030048E-1
1.319725919E2,2.082695484E0,2.310538530E0,7.811463624E-2
1.319826219E2,6.764500141E0,-7.509091496E-1,2.185980558E0
1.319926529E2,3.729800463E0,3.223889351E0,2.234256506E0
1.320026839E2,2.069287062E0,3.097264290E0,2.004294872E0
1.320127149E2,5.532594323E-1,3.102805376E0,1.390533209E0
1.320227449E2,-6.699490547E-1,2.418208122E0,5.978681445E-1
1.320327759E2,-9.157068729E-1,1.940558791E0,3.124917857E-2
1.320428069E2,-7.776539922E-1,2.543116093E0,-1.404641569E-1
1.320528369E2,2.562759817E-1,1.962030768E0,4.730125964E-1
1.320628679E2,1.246075630E0,5.392940715E-2,8.369476199E-1
1.320728989E2,8.982864618E-1,-9.519071579E-1,7.041767836E-1
1.320829299E2,-3.677440882E-1,-1.066630006E0,2.736381590E-1
1.320929599E2,-1.076848626E0,-8.455076814E-1,-2.848954201E-1
1.321029909E2,-1.146576285E0,-5.986099243E-1,-6.808185577E-1
1.321130219E2,-1.246941924E0,-1.068343163E0,-9.311711788E-1
1.321230519E2,-1.451633334E0,-1.783141732E0,-1.168030262E0
1.321330829E2,-1.284675598E0,-2.194526672E0,-1.377565861E0
1.321431136E2,-1.107052803E0,-2.338680744E0,-1.365427971E0
1.321531446E2,-1.011888027E0,-2.322102070E0,-1.278227925E0
1.321631746E2,-1.053256869E0,-2.360965252E0,-1.256669283E0
1.321732056E2,-1.129628539E0,-2.386013985E0,-1.255360007E0
1.321832366E2,-1.162350535E0,-2.182277441E0,-1.213734508E0
1.321932666E2,-1.305715919E0,-1.936347723E0,-1.075442076E0
1.322032976E2,-1.634522796E0,-1.369082212E0,-6.956201792E-1
1.322133286E2,-1.896455050E0,-4.284549952E-1,-5.104359612E-2
1.322233586E2,-1.596352935E0,1.618650407E-1,6.895369887E-1
1.322333896E2,-8.989733458E-1,3.991385698E-1,1.532858372E0
1.322434206E2,7.556132972E-2,8.496701121E-1,2.080047846E0
1.322534516E2,9.520063400E-1,1.343198061E0,2.230412006E0
1.322634816E2,1.653218508E0,1.367079139E0,2.216610432E0
1.322735126E2,1.970987678E0,1.476699471E0,1.867823243E0
1.322835436E2,1.787350416E0,1.475127101E0,1.393970013E0
1.322935736E2,1.199795842E0,1.502947569E0,7.792809606E-1
1.323036046E2,-1.848263741E-1,1.227831125E0,-6.808935851E-2
1.323136356E2,-4.012063980E0,-1.002344675E-2,-1.844518423E0
1.323236666E2,-6.552279472E0,1.397218585E0,-4.600734711E0
1.323336966E2,-4.792426586E0,3.342190981E0,-4.468255043E0
1.323437276E2,-1.321869731E0,2.966630220E0,-4.267076492E0
1.323537586E2,4.782945663E-2,2.638030529E0,-3.898016453E0
1.323637886E2,7.746213078E-1,9.829112291E-1,-2.534803867E0
1.323738196E2,1.336265802E0,3.930291533E-2,-1.754388690E0
1.323838506E2,1.090088844E0,-3.016315103E-1,-1.294753075E0
1.323938816E2,2.258090824E-1,-2.661070824E-1,-5.922916532E-1
1.324039116E2,-8.942137659E-2,-3.677927703E-2,-1.261698604E-1
1.324139426E2,-4.606325030E-1,4.634907246E-1,3.355988562E-1
1.324239736E2,-4.456713498E-1,1.622875035E-1,7.564483285E-1
1.324340046E2,1.029680744E-1,-8.143165708E-1,9.238303900E-1
1.324440346E2,2.864556015E-1,-1.200933099E0,9.281560779E-1
1.324540656E2,6.463913918E-1,-1.690273285E0,9.215442538E-1
1.324640966E2,9.045560360E-1,-2.254818916E0,9.442116022E-1
1.324741276E2,1.123032808E0,-2.570402384E0,1.149419546E0
1.324841576E2,1.130782247E0,-2.391428709E0,1.389665604E0
1.324941886E2,1.171702743E0,-2.317102432E0,1.738793492E0
1.325042196E2,1.291347623E0,-2.373009205E0,2.072597027E0
1.325142496E2,1.251500368E0,-2.381651402E0,2.273617506E0
1.325242806E2,1.151821017E0,-2.643056631E0,2.335892200E0
1.325343116E2,1.361485004E0,-2.954974651E0,2.046714067E0
1.325443426E2,2.121923447E0,-2.889966249E0,1.278212786E0
1.325543726E2,2.061227322E0,-1.139259815E0,5.360965729E-1
1.325644036E2,7.740654945E-1,1.624947667E0,4.396319855E-3
1.325744346E2,-2.181271315E-1,1.560706854E0,-5.628399253E-1
1.325844646E2,-8.700092435E-1,1.630890369E-1,-9.811773896E-1
1.325944956E2,-1.239583492E0,4.272804856E-1,-1.122743845E0
1.326045266E2,-1.171333909E0,9.043985009E-1,-1.243957877E0
1.326145576E2,-7.108845711E-1,1.593711853E0,-1.159187078E0
1.326245876E2,6.347447634E-2,1.827365994E0,-8.293063045E-1
1.326346186E2,8.400567770E-1,2.211761475E0,-4.780111015E-1
1.326446496E2,1.361875892E0,2.731451273E0,-1.672208607E-1
1.326546806E2,2.686796904E0,1.805584669E0,3.448301852E-1
1.326647106E2,6.418250561E0,-5.996204019E-1,2.126821756E0
1.326747416E2,3.496808290E0,3.488074780E0,1.987799406E0
1.326847726E2,1.767222166E0,3.322516680E0,1.603620052E0
1.326948026E2,4.257935882E-1,2.946422100E0,1.114773750E0
1.327048336E2,-5.472906828E-1,2.419395685E0,5.758605003E-1
1.327148646E2,-6.653390527E-1,2.042247772E0,2.581334710E-1
1.327248956E2,-5.210928917E-1,1.908701897E0,4.491460621E-1
1.327349256E2,1.530882269E-1,3.245286942E-1,1.167866468E0
1.327449566E2,6.144315600E-1,-1.528033972E0,1.202972889E0
1.327549876E2,1.963984072E-1,-1.636194825E0,7.607682943E-1
1.327650176E2,-4.991664588E-1,-1.473778367E0,4.431920871E-2
1.327750486E2,-7.824173570E-1,-1.185067177E0,-5.654802322E-1
1.327850796E2,-1.001054764E0,-6.620213389E-1,-1.068453789E0
1.327951106E2,-1.161976457E0,-5.433847308E-1,-1.299978256E0
1.328051406E2,-1.268915415E0,-8.606028557E-1,-1.369455338E0
1.328151716E2,-1.098604918E0,-1.051953554E0,-1.358056545E0
1.328252026E2,-8.008326888E-1,-1.282844901E0,-1.265565991E0
1.328352326E2,-7.546470761E-1,-1.614060163E0,-1.180481195E0
1.328452636E2,-9.241683483E-1,-1.917351246E0,-1.034582853E0
1.328552946E2,-9.807943106E-1,-2.016284466E0,-9.267960191E-1
1.328653256E2,-9.621752501E-1,-1.903859496E0,-8.160400987E-1
1.328753556E2,-9.995889068E-1,-1.935501337E0,-6.271737218E-1
1.328853866E2,-1.435774803E0,-1.385798931E0,-2.151213735E-1
1.328954176E2,-1.807532072E0,-2.425810993E-1,3.887461424E-1
1.329054476E2,-1.531755209E0,4.584642351E-1,9.883317351E-1
1.329154786E2,-7.145578861E-1,9.474887848E-1,1.439759612E0
1.329255096E2,3.061670661E-1,1.091145277E0,1.797668219E0
1.329355396E2,1.140443087E0,9.254508615E-1,1.885285735E0
1.329455706E2,1.470588803E0,9.453349710E-1,1.612090707E0
1.329556016E2,1.651868820E0,6.469983459E-1,1.481260538E0
1.329656326E2,1.462264895E0,7.733467221E-1,1.090550303E0
1.329756626E2,8.045655489E-1,7.478134036E-1,4.756423533E-1
1.329856936E2,-5.360124633E-2,1.092601061E0,-1.747755855E-1
1.329957246E2,-1.918935418E0,1.099732757E0,-1.134990215E0
1.330057546E2,-6.250760555E0,-7.631255984E-1,-3.104652643E0
1.330157856E2,-5.996948719E0,1.921958327E0,-4.433422565E0
1.330258166E2,-3.067274332E0,4.113739491E0,-3.670828104E0
1.330358476E2,-4.086945653E-1,2.365422726E0,-3.413150072E0
1.330458776E2,1.511278301E-1,1.343241096E0,-2.222793341E0
1.330559086E2,5.525088310E-1,9.877075553E-1,-1.039988279E0
1.330659396E2,8.846011162E-1,1.048007488E0,-5.711263418E-1
1.330759696E2,4.994902015E-1,4.727761447E-1,-3.224387169E-1
1.330860006E2,1.962995529E-2,-4.319514930E-1,-2.689456008E-2
1.330960316E2,-2.407124043E-1,-6.545238495E-1,2.163109034E-1
1.331060626E2,-2.900480926E-1,-1.461525112E-1,3.705218136E-1
1.331160926E2,1.591283679E-1,-7.275543809E-1,5.263013244E-1
1.331261236E2,8.098831177E-1,-1.110560298E0,5.214339495E-1
1.331361546E2,1.099612474E0,-1.115862131E0,5.193095207E-1
1.331461866E2,1.201298952E0,-1.174188972E0,4.712102413E-1
1.331562166E2,1.077053189E0,-1.554381371E0,4.891119897E-1
1.331662476E2,1.091675401E0,-2.135149002E0,5.922170281E-1
1.331762786E2,1.217626691E0,-2.548879623E0,8.512427211E-1
1.331863096E2,1.438143730E0,-2.820544004E0,1.226372480E0
1.331963396E2,1.569112659E0,-2.767282724E0,1.650677681E0
1.332063706E2,1.460514188E0,-2.559777737E0,2.016299963E0
1.332164016E2,1.167811990E0,-2.433245182E0,2.272858858E0
1.332264316E2,9.334450960E-1,-2.367658377E0,2.223060608E0
1.332364626E2,1.216150522E0,-2.169276714E0,1.892406344E0
1.332464936E2,1.563213348E0,-6.945569515E-1,1.169182420E0
1.332565246E2,6.844639778E-1,1.563678145E0,6.531893611E-1
1.332665546E2,-3.191614151E-1,1.460948586E0,-2.118372358E-3
1.332765856E2,-1.019475341E0,-1.147964224E-1,-4.747479558E-1
1.332866166E2,-1.512589812E0,-3.666827679E-1,-7.100185156E-1
1.332966466E2,-1.762863517E0,2.442937791E-1,-9.795735478E-1
1.333066776E2,-1.814154148E0,1.033892393E0,-1.058913827E0
1.333167086E2,-1.323273063E0,1.628180027E0,-1.016199112E0
1.333267396E2,-5.983848572E-1,2.134432793E0,-7.642964125E-1
1.333367696E2,3.328080475E-1,2.957960844E0,-4.965312779E-1
1.333468006E2,5.385988235E0,2.417447805E0,6.408354044E-1
1.333568316E2,6.638004780E0,9.486175179E-1,2.544047594E0
1.333668626E2,3.497621775E0,3.054831028E0,2.058572769E0
1.333768926E2,1.428786159E0,4.025935173E0,1.605416536E0
1.333869236E2,-2.189040184E-1,3.960080385E0,1.032107234E0
1.333969546E2,-1.756400704E0,3.608325481E0,3.244528770E-1
1.334069846E2,-1.498733640E0,2.702453136E0,-2.505234480E-1
1.334170156E2,-4.538340569E-1,1.775240302E0,4.460276365E-1
1.334270466E2,9.744459391E-1,-7.520338893E-1,8.077768683E-1
1.334370776E2,7.877447605E-1,-2.144379139E0,8.081361055E-1
1.334471076E2,1.806978136E-2,-1.892979503E0,4.305963218E-1
1.334571386E2,-2.337507308E-1,-1.385448694E0,4.359775037E-2
1.334671696E2,-3.403870761E-1,-7.476327419E-1,-2.319952399E-1
1.334771996E2,-7.558050156E-1,-1.894677281E-1,-6.014380455E-1
1.334872306E2,-9.246056080E-1,-2.901231647E-1,-9.946900010E-1
1.334972616E2,-1.014310718E0,-8.163757920E-1,-1.300425410E0
1.335072926E2,-9.970225096E-1,-1.137541652E0,-1.550409079E0
1.335173226E2,-9.156813025E-1,-1.233056664E0,-1.636466980E0
1.335273536E2,-7.892842889E-1,-1.361902595E0,-1.547204375E0
1.335373846E2,-6.874708533E-1,-1.568441153E0,-1.398855686E0
1.335474146E2,-6.231749654E-1,-1.756041646E0,-1.179503798E0
1.335574456E2,-5.690320730E-1,-1.841044903E0,-1.012987733E0
1.335674766E2,-5.903611779E-1,-1.949992180E0,-8.682020307E-1
1.335775066E2,-7.647423148E-1,-2.123053551E0,-6.284997463E-1
1.335875376E2,-1.224896431E0,-1.460296988E0,-1.521771699E-1
1.335975686E2,-1.597678781E0,-3.515170217E-1,4.902100563E-1
1.336075996E2,-1.318260550E0,3.138293922E-1,1.110466242E0
1.336176296E2,-4.584805965E-1,7.317648530E-1,1.510385156E0
1.336276606E2,4.847959280E-1,1.170732021E0,1.619339943E0
1.336376916E2,1.139285803E0,1.237861514E0,1.595228672E0
1.336477216E2,1.504743576E0,1.123679161E0,1.376757145E0
1.336577526E2,1.555098653E0,9.833363891E-1,9.827767611E-1
1.336677836E2,1.350027561E0,9.682516456E-1,4.582315385E-1
1.336778146E2,8.901817203E-1,1.069582701E0,-1.105797142E-1
1.336878446E2,1.901382059E-1,1.124229312E0,-6.921626925E-1
1.336978756E2,-1.400996208E0,5.283989310E-1,-1.319853306E0
1.337079066E2,-4.636534214E0,-5.543671250E-1,-2.656285048E0
1.337179366E2,-5.539552689E0,2.558436871E0,-4.364777565E0
1.337279676E2,-3.420945168E0,4.595266342E0,-4.255844116E0
1.337379986E2,-1.187804818E0,2.753751040E0,-4.383503914E0
1.337480296E2,-1.175326183E-1,1.994804621E0,-3.409002304E0
1.337580596E2,8.737510443E-1,5.167347193E-1,-1.976465940E0
1.337680906E2,1.176468730E0,1.380751729E-1,-1.235319853E0
1.337781216E2,9.315317273E-1,-1.920510828E-1,-8.400472999E-1
1.337881516E2,-6.966483593E-2,-7.627744973E-2,-2.315976918E-1
1.337981826E2,-7.565438747E-1,1.431787461E-1,3.616893589E-1
1.338082136E2,-8.665708303E-1,3.512842655E-1,5.787234306E-1
1.338182446E2,-5.464556813E-1,-1.418668777E-1,6.993083954E-1
1.338282746E2,5.188530684E-2,-7.935522795E-1,6.017276049E-1
1.338383056E2,3.579906523E-1,-7.934835553E-1,4.112313986E-1
1.338483366E2,4.650328457E-1,-5.789502859E-1,4.355514050E-1
1.338583676E2,5.997014642E-1,-9.227039218E-1,5.437926650E-1
1.338683976E2,5.972203016E-1,-1.661539912E0,7.069808245E-1
1.338784286E2,5.483829975E-1,-2.120954752E0,8.166332841E-1
1.338884596E2,5.768247247E-1,-2.058365345E0,9.667226076E-1
1.338984906E2,6.205623150E-1,-1.956013083E0,1.077191591E0
1.339085206E2,6.619288921E-1,-1.911921620E0,1.251765132E0
1.339185516E2,6.754574776E-1,-1.849922657E0,1.351419806E0
1.339285826E2,5.909788013E-1,-1.734196782E0,1.367924571E0
1.339386126E2,4.400985241E-1,-1.741976142E0,1.332478762E0
1.339486436E2,3.693709075E-1,-1.918209076E0,1.237266183E0
1.339586746E2,4.667272866E-1,-1.863140464E0,1.031822324E0
1.339687056E2,4.201847613E-1,-8.310837746E-1,6.611550450E-1
1.339787356E2,-1.853181720E-1,9.197398424E-1,3.277565837E-1
1.339887666E2,-8.232687116E-1,1.519800067E0,-6.211497262E-2
1.339987976E2,-1.214012265E0,4.456712604E-1,-4.286093414E-1
1.340088276E2,-1.473292947E0,1.391251087E-1,-5.180240870E-1
1.340188586E2,-1.536631465E0,3.786413074E-1,-5.907110572E-1
1.340288896E2,-1.392511249E0,9.579734206E-1,-7.300085425E-1
1.340389206E2,-1.201434851E0,1.574784875E0,-7.038382292E-1
1.340489506E2,-9.156298637E-1,1.745402217E0,-6.111521721E-1
1.340589816E2,-6.523883343E-1,2.084592581E0,-5.783686638E-1
1.340690126E2,-5.338300467E-1,2.296793938E0,-5.810576081E-1
1.340790426E2,6.538859606E-1,2.351778984E0,-2.421687692E-1
1.340890736E2,9.695384026E0,2.123260498E-1,3.096237659E0
1.340991046E2,4.714179039E0,3.039190054E0,2.471280336E0
1.341091356E2,3.137752771E0,3.797182798E0,2.783507109E0
1.341191656E2,1.626113176E0,3.924186945E0,2.726160049E0
1.341291966E2,9.087090194E-2,4.033946514E0,2.013190508E0
1.341392276E2,-9.710102081E-1,3.248489618E0,1.683880091E0
1.341492580E2,-3.413254321E-1,9.176268578E-1,1.172975183E0
1.341592880E2,2.691009045E-1,-7.325242162E-1,1.156801343E0
1.341693190E2,9.856158495E-1,-1.639593959E0,3.774152398E-1
1.341793500E2,6.570805311E-1,-8.734461665E-1,-2.594743967E-1
1.341893800E2,2.236863598E-2,-3.668625057E-1,-7.173834443E-1
1.341994110E2,-2.578760684E-1,-7.778100967E-1,-7.702935338E-1
1.342094420E2,-7.462490350E-2,-1.184668303E0,-5.438105464E-1
1.342194730E2,1.363416612E-1,-1.295751095E0,-2.655486166E-1
1.342295030E2,2.741136253E-1,-1.109835148E0,-1.451532841E-1
1.342395340E2,4.964955747E-1,-7.745059133E-1,-1.249537468E-1
1.342495650E2,7.206608653E-1,-5.078517199E-1,-2.009948492E-1
1.342595950E2,7.959625721E-1,-4.714758396E-1,-4.080313742E-1
1.342696260E2,7.770549059E-1,-5.833659768E-1,-6.204676628E-1
1.342796570E2,9.142191410E-1,-6.530374289E-1,-9.049198627E-1
1.342896880E2,1.047789931E0,-7.638528347E-1,-9.950501919E-1
1.342997180E2,1.156811833E0,-9.997341037E-1,-8.798868060E-1
1.343097490E2,1.279782891E0,-1.244197249E0,-5.217465758E-1
1.343197800E2,1.394638896E0,-1.455513239E0,1.489294507E-2
1.343298100E2,1.417708516E0,-1.569931030E0,6.520018578E-1
1.343398410E2,1.448391318E0,-1.464469314E0,1.314358592E0
1.343498720E2,1.525624871E0,-7.711088061E-1,1.875672579E0
1.343599030E2,1.777202845E0,3.467833698E-1,2.149717093E0
1.343699330E2,2.149786472E0,9.063738585E-1,2.214713097E0
1.343799640E2,2.498744011E0,1.539146543E0,2.054210424E0
1.343899950E2,2.639780045E0,1.870435357E0,1.649977684E0
1.344000250E2,2.411781311E0,2.104698420E0,1.112671614E0
1.344100560E2,1.828934550E0,2.096842527E0,5.622745156E-1
1.344200870E2,1.079593539E0,1.847639561E0,3.154082224E-2
1.344301180E2,3.287062347E-1,1.227276325E0,-4.466719329E-1
1.344401480E2,-2.995526493E-1,7.260722518E-1,-8.253718615E-1
1.344501790E2,-4.948290288E-1,8.550493717E-1,-1.071068883E0
1.344602100E2,-2.739595175E-1,1.087066889E0,-1.139396548E0
1.344702400E2,-1.763457805E-1,-1.092640907E-1,-1.366471887E0
1.344802710E2,-1.368191123E0,-4.096662998E0,-1.876779675E0
1.344903020E2,-2.275886297E0,-1.339756250E0,-3.162122965E0
1.345003330E2,-3.557409286E0,1.729797125E0,-4.763596535E0
1.345103630E2,-2.878047228E0,3.558899641E0,-5.324940205E0
1.345203940E2,-1.386331320E0,4.806128979E0,-4.496819019E0
1.345304250E2,-7.702535987E-1,5.229263306E0,-3.032696962E0
1.345404560E2,-1.004437923E0,3.474955559E0,-1.189251065E0
1.345504860E2,-1.072702527E0,9.862890244E-1,-2.865526974E-1
1.345605170E2,-1.302343130E0,-1.040083289E0,-1.491525024E-1
1.345705480E2,-2.729704618E0,-1.740017653E0,1.747628897E-1
1.345805780E2,-3.041487455E0,-9.726053476E-1,4.397780299E-1
1.345906090E2,-2.769502878E0,-4.559796751E-1,7.387244105E-1
1.346006400E2,-2.686398268E0,-1.150814816E-1,7.984958291E-1
1.346106710E2,-2.474244356E0,2.692722976E-1,8.156165481E-1
1.346207010E2,-2.327917337E0,4.546962082E-1,8.629739881E-1
1.346307320E2,-2.597338200E0,5.037466884E-1,7.922706604E-1
1.346407630E2,-3.051588058E0,4.974994361E-1,6.580654383E-1
1.346507940E2,-3.473749876E0,2.862783670E-1,3.363573551E-1
1.346608240E2,-3.517467260E0,-2.010374814E-1,5.257624015E-2
1.346708550E2,-3.200896025E0,-7.690317631E-1,-8.348906785E-2
1.346808860E2,-2.807944536E0,-1.292573929E0,-2.422832400E-1
1.346909160E2,-2.537786007E0,-1.668965816E0,-3.662154078E-1
1.347009470E2,-2.354380608E0,-1.852792621E0,-4.241636693E-1
1.347109780E2,-2.089851379E0,-1.870547771E0,-4.330632389E-1
1.347210090E2,-1.866612077E0,-1.698513508E0,-4.246391058E-1
1.347310390E2,-1.792111397E0,-1.281569362E0,-4.389472306E-1
1.347410700E2,-1.760439157E0,-7.118088007E-1,-5.254328847E-1
1.347511010E2,-1.783586979E0,-7.510414720E-2,-6.396114826E-1
1.347611320E2,-1.839567065E0,1.458705664E-1,-7.251830697E-1
1.347711620E2,-1.548022747E0,2.544556856E-1,-7.028192282E-1
1.347811930E2,-6.441265941E-1,-1.505730152E-1,-3.828406930E-1
1.347912240E2,2.089145660E0,-8.883755207E-1,6.253693104E-1
1.348012540E2,3.458756685E0,3.135658026E0,1.418213129E0
1.348112850E2,2.777812481E0,3.185352802E0,1.436682343E0
1.348213160E2,1.946251392E0,2.290282249E0,1.022618890E0
1.348313470E2,8.267405033E-1,2.786718845E0,4.919584095E-1
1.348413770E2,4.916945696E-1,1.984287500E0,-1.315957308E-1
1.348514080E2,2.667941153E-1,1.152726650E0,-8.167163134E-1
1.348614390E2,8.833087087E-1,-1.804037541E-1,-1.151541948E0
1.348714700E2,1.879489303E0,-1.403829336E0,-1.096107483E0
1.348815000E2,1.972893834E0,-2.172782898E0,-8.204860091E-1
1.348915310E2,1.200495362E0,-2.397654772E0,-2.800333500E-1
1.349015620E2,3.805320263E-1,-1.850488424E0,2.971192002E-1
1.349115920E2,-1.684372686E-2,-1.619116306E0,6.081639528E-1
1.349216230E2,-1.578383893E-1,-1.480615139E0,7.141420245E-1
1.349316540E2,-1.069919169E-1,-1.409434557E0,7.130817175E-1
1.349416850E2,-6.676592678E-2,-1.292091131E0,6.106573343E-1
1.349517150E2,-8.977480978E-2,-1.259295225E0,4.719872475E-1
1.349617460E2,-1.222222298E-1,-1.406247377E0,3.195031583E-1
1.349717770E2,-2.259087861E-1,-1.675894380E0,1.426783353E-1
1.349818080E2,-3.786200285E-1,-1.949675322E0,-3.868878260E-2
1.349918380E2,-5.525272489E-1,-2.107528687E0,-2.177269310E-1
1.350018690E2,-7.601009011E-1,-2.165875673E0,-3.515385389E-1
1.350119000E2,-9.825767279E-1,-2.084406853E0,-4.807731509E-1
1.350219310E2,-1.234305620E0,-1.867097020E0,-6.164686680E-1
1.350319610E2,-1.451354146E0,-1.639420867E0,-7.463809848E-1
1.350419920E2,-1.600976944E0,-1.482954025E0,-8.428254724E-1
1.350520230E2,-1.630919218E0,-1.376371741E0,-8.934733868E-1
1.350620530E2,-1.598132491E0,-1.259621143E0,-8.873550296E-1
1.350720840E2,-1.531264663E0,-1.146778703E0,-7.935428023E-1
1.350821150E2,-1.431336999E0,-1.063524008E0,-6.792953610E-1
1.350921460E2,-1.378344774E0,-9.972223043E-1,-5.792067051E-1
1.351021760E2,-1.317286730E0,-9.547627568E-1,-4.906970859E-1
1.351122070E2,-1.281068206E0,-8.789165020E-1,-4.129255712E-1
1.351222380E2,-1.247083068E0,-8.153047562E-1,-3.322264552E-1
1.351322680E2,-1.206722856E0,-7.330179811E-1,-2.687920034E-1
1.351422990E2,-1.128979087E0,-6.978288293E-1,-2.000669986E-1
1.351523294E2,-9.991493821E-1,-6.913844943E-1,-1.180696115E-1
1.351623604E2,-8.506861329E-1,-7.128096223E-1,-3.289905563E-2
1.351723904E2,-7.524361610E-1,-7.571730614E-1,2.904124558E-2
1.351824214E2,-6.778703332E-1,-7.750029564E-1,6.760408729E-2
1.351924524E2,-6.028783917E-1,-8.335512280E-1,9.112618864E-2
1.352024834E2,-5.146728754E-1,-8.907266259E-1,7.323134691E-2
1.352125134E2,-4.326761663E-1,-9.826142192E-1,5.305679515E-4
1.352225444E2,-3.653314710E-1,-1.045617938E0,-7.155986875E-2
1.352325754E2,-3.526508808E-1,-1.060264349E0,-1.311490536E-1
1.352426064E2,-3.612664640E-1,-1.024868011E0,-1.757804304E-1
1.352526364E2,-3.909575343E-1,-9.328892231E-1,-2.126323730E-1
1.352626674E2,-4.347105920E-1,-8.035847545E-1,-2.325112820E-1
1.352726984E2,-4.642032981E-1,-6.708758473E-1,-2.277571559E-1
1.352827284E2,-4.638568461E-1,-5.561841726E-1,-2.116074860E-1
1.352927594E2,-4.151836336E-1,-4.411796927E-1,-1.704292297E-1
1.353027904E2,-3.219285309E-1,-3.116779029E-1,-1.010586768E-1
1.353128214E2,-2.158613354E-1,-1.772664189E-1,-1.178140193E-2
1.353228514E2,-1.085231453E-1,-9.330334514E-2,8.621547371E-2
1.353328824E2,-1.620009914E-2,-8.771078289E-2,1.814507246E-1
1.353429134E2,5.110437423E-2,-1.352042556E-1,2.487591952E-1
1.353529444E2,9.357525408E-2,-2.055841982E-1,2.739135921E-1
1.353629744E2,1.470339447E-1,-2.710122168E-1,2.423351556E-1
1.353730054E2,2.048016638E-1,-3.002285957E-1,1.576755643E-1
1.353830364E2,2.507025599E-1,-2.943475246E-1,5.848587304E-2
1.353930664E2,2.815859616E-1,-2.659299076E-1,-2.636574581E-2
1.354030974E2,2.862808406E-1,-2.274783850E-1,-8.155150712E-2
1.354131284E2,2.652985454E-1,-1.798954308E-1,-9.514584392E-2
1.354231594E2,2.286190987E-1,-1.389975399E-1,-6.429472566E-2
1.354331894E2,1.718034297E-1,-1.013615876E-1,-1.253333874E-3
1.354432204E2,1.043964252E-1,-6.857780367E-2,7.370266318E-2
1.354532514E2,3.783353418E-2,-2.380283177E-2,1.451064795E-1
1.354632824E2,-2.453849837E-2,7.385979407E-3,2.124051005E-1
1.354733124E2,-7.890446484E-2,4.192800447E-2,2.596378326E-1
1.354833434E2,-1.079986989E-1,7.676934451E-2,2.863506675E-1
1.354933744E2,-1.228779927E-1,1.171331182E-1,2.918313444E-1
1.355034054E2,-1.391347349E-1,1.629139185E-1,2.844994068E-1
1.355134354E2,-1.543040425E-1,2.088940293E-1,2.690308392E-1
1.355234664E2,-1.644338965E-1,2.430272400E-1,2.547576427E-1
1.355334974E2,-1.581779569E-1,2.682895064E-1,2.454812527E-1
1.355435284E2,-1.403925717E-1,2.967272699E-1,2.312959284E-1
1.355535584E2,-1.290822923E-1,3.264953494E-1,2.303885520E-1
1.355635894E2,-1.196285933E-1,3.503847122E-1,2.328213602E-1
1.355736204E2,-1.123762652E-1,3.656319678E-1,2.343511730E-1
1.355836504E2,-1.103597209E-1,3.830327988E-1,2.476131767E-1
1.355936814E2,-1.024938524E-1,3.896517456E-1,2.569231689E-1
1.356037124E2,-1.048307866E-1,4.026674032E-1,2.719841301E-1
1.356137434E2,-1.126312912E-1,4.234255552E-1,2.834393084E-1
1.356237734E2,-1.185240671E-1,4.433510602E-1,2.904919088E-1
1.356338044E2,-1.218496710E-1,4.428113103E-1,2.873336077E-1
1.356438354E2,-1.283275485E-1,4.306145608E-1,2.801505327E-1
1.356538664E2,-1.413205415E-1,4.316080809E-1,2.670164108E-1
1.356638964E2,-1.614108831E-1,4.105512798E-1,2.512536943E-1
1.356739274E2,-1.845435947E-1,4.014005959E-1,2.360007912E-1
1.356839584E2,-1.314249784E-1,6.993103027E-1,2.985688448E-1
1.356939894E2,-1.339070499E-1,3.380770087E-1,2.409755886E-1
1.357040194E2,-1.928049773E-1,5.984705091E-1,3.090547621E-1
1.357140504E2,-7.165443152E-2,5.723670721E-1,3.401524425E-1
1.357240814E2,-1.566521376E-1,4.620030224E-1,3.601181805E-1
1.357341124E2,-2.417521775E-1,4.468985200E-1,3.826400936E-1
1.357441424E2,-3.230004013E-1,3.831253946E-1,4.269428551E-1
1.357541734E2,-4.142718017E-1,2.852790356E-1,4.791133106E-1
1.357642044E2,-4.733974636E-1,2.207157761E-1,5.364447832E-1
1.357742344E2,-4.953844845E-1,2.431900203E-1,5.872798562E-1
1.357842654E2,-4.815237820E-1,2.483440340E-1,6.351246238E-1
1.357942964E2,-4.459171593E-1,2.610912323E-1,6.841737032E-1
1.358043274E2,-3.962960839E-1,3.045194149E-1,7.227117419E-1
1.358143574E2,-3.219733834E-1,3.214927018E-1,7.644135356E-1
1.358243884E2,-2.410284579E-1,2.879299521E-1,8.046174049E-1
1.358344194E2,-1.876578629E-1,3.032874167E-1,8.400589228E-1
1.358444504E2,-1.895356625E-1,3.703657985E-1,8.556154966E-1
1.358544804E2,-2.566033900E-1,3.925217092E-1,8.533896208E-1
1.358645114E2,-3.809631467E-1,3.280982375E-1,8.509323597E-1
1.358745424E2,-4.594880342E-1,3.126028180E-1,8.332971931E-1
1.358845734E2,-4.992727339E-1,2.492771298E-1,8.182879090E-1
1.358946034E2,-4.896049500E-1,2.055684924E-1,7.897742391E-1
1.359046344E2,-4.320521951E-1,2.199178785E-1,7.544937134E-1
1.359146654E2,-3.292719722E-1,1.878415346E-1,7.028435469E-1
1.359246964E2,-2.189444155E-1,1.523613185E-1,6.368264556E-1
1.359347264E2,-1.153326854E-1,1.254924387E-1,5.519751310E-1
1.359447574E2,-3.444955498E-2,1.166571379E-1,4.642045498E-1
1.359547884E2,3.553487360E-2,1.526153386E-1,3.772670627E-1
1.359648194E2,1.129005030E-1,1.600700617E-1,2.982636094E-1
1.359748494E2,1.844471842E-1,1.861211061E-1,2.274184227E-1
1.359848804E2,2.475989908E-1,2.918784320E-1,1.675726622E-1
1.359949114E2,2.555297017E-1,3.979446888E-1,8.169396222E-2
1.360049424E2,2.598453462E-1,4.910615981E-1,2.470923401E-2
1.360149724E2,2.420715988E-1,5.363563895E-1,-2.639600262E-2
1.360250034E2,1.906491667E-1,5.422707200E-1,-5.957525969E-2
1.360350344E2,1.173540652E-1,5.148822665E-1,-8.887915313E-2
1.360450654E2,4.662982747E-2,4.680529833E-1,-1.180729866E-1
1.360550954E2,-1.800553687E-2,4.393391609E-1,-1.570319384E-1
1.360651264E2,-6.081611663E-2,4.439022243E-1,-1.988595575E-1
1.360751574E2,-7.359676063E-2,4.455541372E-1,-2.249566317E-1
1.360851874E2,-6.322854012E-2,4.215598702E-1,-2.606413662E-1
1.360952184E2,-4.127388448E-2,4.220374823E-1,-3.226598501E-1
1.361052494E2,-3.263033181E-2,4.214912653E-1,-4.175749123E-1
1.361152804E2,-4.747147113E-2,4.083372355E-1,-5.603623390E-1
1.361253104E2,-9.564592689E-2,3.950416744E-1,-7.293511033E-1
1.361353414E2,-1.761673838E-1,3.812016547E-1,-8.857112527E-1
1.361453771E2,-2.850208879E-1,3.415152431E-1,-9.545840621E-1
1.361554081E2,-4.146734178E-1,3.363185525E-1,-8.741839528E-1
1.361654381E2,-5.714552402E-1,3.188585937E-1,-6.039156914E-1
1.361754691E2,-6.569952965E-1,2.085713893E-1,-2.236175537E-1
1.361855001E2,-6.761426330E-1,2.747035325E-1,2.130079716E-1
1.361955311E2,-6.164436936E-1,2.119825184E-1,5.910203457E-1
1.362055611E2,-5.478411913E-1,3.202831745E-1,9.503628016E-1
1.362155921E2,-4.454885423E-1,3.931467831E-1,1.221373916E0
1.362256231E2,-3.291672468E-1,3.945595920E-1,1.345136166E0
1.362356541E2,-1.693904102E-1,4.583825767E-1,1.366325498E0
1.362456841E2,-5.040304735E-2,5.270686746E-1,1.271734834E0
1.362557151E2,3.899708763E-2,6.083986163E-1,1.106477857E0
1.362657461E2,1.000631079E-1,6.708250046E-1,9.067697525E-1
1.362757771E2,1.097122058E-1,6.683026552E-1,6.499987245E-1
1.362858071E2,1.094424278E-1,6.841159463E-1,4.284937680E-1
1.362958381E2,1.212683171E-1,7.204753160E-1,2.350502163E-1
1.363058691E2,1.542206705E-1,7.496574521E-1,8.926478028E-2
1.363158991E2,1.632190049E-1,7.690758109E-1,4.835461266E-3
1.363259301E2,1.030336991E-1,8.647317886E-1,-4.889994115E-2
1.363359611E2,-2.468026057E-2,8.021843433E-1,-7.815965265E-2
1.363459921E2,-1.662485749E-1,6.906945705E-1,-1.017314754E-2
1.363560221E2,-1.655204296E-1,4.784141183E-1,1.463860739E-2
1.363660531E2,-2.047426701E-1,3.840000033E-1,7.609317452E-2
1.363760841E2,-2.487744689E-1,3.502496183E-1,9.734616429E-2
1.363861151E2,-2.494091094E-1,3.327830136E-1,9.039558470E-2
1.363961451E2,-2.211341709E-1,3.471952975E-1,7.325943559E-3
1.364061761E2,-2.051322907E-1,3.783550858E-1,-1.316258162E-1
1.364162071E2,-1.785274595E-1,4.309544265E-1,-2.983000576E-1
1.364262371E2,-1.448949277E-1,4.634907842E-1,-4.692276120E-1
1.364362681E2,-1.303111613E-1,5.171651840E-1,-6.166255474E-1
1.364462991E2,-1.309175640E-1,5.402702689E-1,-7.200773954E-1
1.364563301E2,-9.677003324E-2,5.719982386E-1,-7.728284001E-1
1.364663601E2,2.963424847E-2,6.179447174E-1,-8.207213879E-1
1.364763911E2,2.089962363E-1,6.112500429E-1,-7.945328951E-1
1.364864221E2,3.611242771E-1,5.978375673E-1,-7.716113329E-1
1.364964531E2,5.639617443E-1,5.531899333E-1,-7.084972858E-1
1.365064831E2,7.054517269E-1,5.437210798E-1,-6.439816952E-1
1.365165141E2,8.251211047E-1,5.279228091E-1,-5.710999370E-1
1.365265451E2,9.471008182E-1,6.252203584E-1,-4.941276610E-1
1.365365761E2,1.021274090E0,6.577212214E-1,-4.087935090E-1
1.365466061E2,1.167689919E0,7.354349494E-1,-3.808758557E-1
1.365566371E2,1.288453579E0,7.506843209E-1,-3.397786319E-1
1.365666681E2,1.470663071E0,8.385361433E-1,-2.886800170E-1
1.365766981E2,1.668963790E0,7.805214524E-1,-2.643871009E-1
1.365867291E2,1.886579752E0,7.260054946E-1,-2.635495365E-1
1.365967601E2,2.093861580E0,7.092825174E-1,-2.631112337E-1
1.366067911E2,2.361489058E0,7.203649879E-1,-2.185046226E-1
1.366168211E2,2.606646538E0,7.855747342E-1,-2.405901104E-1
1.366268521E2,2.753710032E0,8.207412362E-1,-2.397232503E-1
1.366368831E2,2.767003059E0,7.771110535E-1,-2.400338203E-1
1.366469141E2,2.722615719E0,7.623773813E-1,-2.850377858E-1
1.366569441E2,2.680136919E0,6.611011028E-1,-2.915644050E-1
1.366669751E2,2.504457712E0,7.647433281E-1,-2.419875115E-1
1.366770061E2,2.180267096E0,6.715697050E-1,-1.764455885E-1
1.366870371E2,2.469796181E0,7.004021406E-1,-1.855453402E-1
1.366970671E2,2.816332579E0,6.434800625E-1,-4.992542788E-2
1.367070981E2,3.009666681E0,6.034485102E-1,1.330563724E-1
1.367171291E2,3.126025438E0,4.772128761E-1,2.114733011E-1
1.367271601E2,3.203171492E0,4.453143179E-1,2.847414017E-1
1.367371901E2,3.143987179E0,3.144664764E-1,3.330512047E-1
1.367472211E2,3.062655926E0,2.263773680E-1,3.946706057E-1
1.367572521E2,3.117763281E0,2.280559242E-1,4.615642130E-1
1.367672831E2,3.336558819E0,2.267054319E-1,5.350741148E-1
1.367773131E2,3.583187342E0,1.645553559E-1,5.662657619E-1
1.367873441E2,3.717506647E0,3.831434622E-2,5.722213984E-1
1.367973751E2,3.782369852E0,-7.234168053E-2,5.843742490E-1
1.368074051E2,3.903958797E0,-2.539346516E-1,6.249131560E-1
1.368174361E2,3.990104914E0,-3.370270431E-1,6.190420985E-1
1.368274671E2,4.163780689E0,-4.298608601E-1,5.658406615E-1
1.368374981E2,4.339675903E0,-6.102597117E-1,5.151826143E-1
1.368475281E2,4.645723820E0,-9.535656571E-1,5.535324216E-1
1.368575591E2,5.093786240E0,-1.488517523E0,5.624947548E-1
1.368675901E2,5.519665718E0,-2.249978781E0,5.411713123E-1
1.368776211E2,5.624600410E0,-2.820215702E0,5.396233201E-1
1.368876511E2,5.875463963E0,-3.534790993E0,4.107151330E-1
1.368976821E2,6.046107292E0,-4.434214592E0,2.280719578E-1
1.369077131E2,4.675542355E0,-2.512193680E0,-6.833574176E-2
1.369177441E2,3.563283205E0,-1.878443599E0,8.595884442E-1
1.369277741E2,4.311818600E0,1.573047042E-2,-1.547457129E-1
1.369378051E2,4.262200832E0,1.416706324E0,-5.176943541E-1
1.369478361E2,3.937830210E0,2.033180475E0,-1.225703768E-2
1.369578671E2,4.458570957E0,2.523286104E0,-4.304316267E-2
1.369678981E2,5.035530567E0,2.783356190E0,6.611794233E-2
1.369779281E2,5.509063244E0,2.460113525E0,1.676353216E-1
1.369879591E2,5.658156395E0,1.835306525E0,4.131553173E-1
1.369979901E2,5.392842770E0,1.207747579E0,6.321386695E-1
1.370080201E2,4.998876095E0,6.504853964E-1,8.211919665E-1
1.370180511E2,4.706303120E0,6.283223629E-1,8.472520113E-1
1.370280821E2,4.169275284E0,5.195788145E-1,6.926792264E-1
1.370381131E2,3.447850704E0,3.270397782E-1,4.686844349E-1
1.370481431E2,2.762406826E0,4.230240881E-1,2.506682277E-1
1.370581741E2,2.195682049E0,5.765684843E-1,3.960248083E-2
1.370682051E2,1.707584500E0,6.928588748E-1,-1.656273752E-1
1.370782361E2,1.180774212E0,9.372290969E-1,-3.743013740E-1
1.370882661E2,6.891781688E-1,1.093446374E0,-5.662409663E-1
1.370982971E2,2.139873952E-1,1.041131735E0,-6.957033873E-1
1.371083281E2,-4.744682312E-1,2.481667995E-1,-6.267759800E-1
1.371183591E2,-1.012901068E0,-2.281498462E-1,-7.653938532E-1
1.371283891E2,-9.777038693E-1,-1.903537214E-1,-8.473460078E-1
1.371384201E2,-6.550960541E-1,-5.098557100E-2,-7.564849854E-1
1.371484473E2,-3.965854347E-1,2.842366099E-1,-6.413389444E-1
1.371584783E2,1.317993104E-1,4.176619053E-1,-4.055664241E-1
1.371685093E2,8.128029108E-1,6.094920635E-1,-2.003312670E-2
1.371785393E2,1.452650189E0,7.618436813E-1,1.575595737E-1
1.371885703E2,1.967165232E0,1.027705193E0,2.469059527E-1
1.371986013E2,2.240258932E0,7.330244780E-1,2.154224366E-1
1.372086323E2,2.406841278E0,2.025773674E-1,1.592302769E-1
1.372186623E2,2.581104994E0,-2.794375122E-1,9.280019253E-2
1.372286933E2,2.820951939E0,-6.904676557E-1,2.363496646E-2
1.372387243E2,3.069586039E0,-7.485778928E-1,-5.568166822E-2
1.372487543E2,3.237145662E0,-5.559328198E-1,-2.610673010E-1
1.372587853E2,3.112761974E0,-1.147783846E-1,-4.669759274E-1
1.372688163E2,2.626115084E0,6.583247781E-1,-4.540633261E-1
1.372788473E2,1.953780770E0,9.935498238E-1,2.949886210E-2
1.372888783E2,1.470085025E0,1.019514322E0,1.890144944E-1
1.372989083E2,1.089059830E0,-5.659435987E-1,-1.872402430E-1
1.373089393E2,6.084470749E-1,-3.684419990E-1,-2.765341699E-1
1.373189703E2,-3.053762615E-1,-7.642811537E-1,6.724909544E-1
1.373290013E2,5.743792653E-1,-6.144503951E-1,1.205574796E-1
1.373390313E2,3.720502928E-2,-5.168754458E-1,5.889626145E-1
1.373490623E2,-2.041274309E-1,-1.668564677E-1,4.972233474E-1
1.373590933E2,-8.365430236E-1,-4.687914848E-1,7.778581381E-1
1.373691243E2,-8.221616745E-1,-1.291771650E0,7.144972682E-1
1.373791543E2,-4.039235413E-1,-1.502112031E0,6.229558587E-1
1.373891853E2,6.991192698E-2,-1.570703864E0,5.253318548E-1
1.373992163E2,1.209656745E-1,-1.501201391E0,4.314784706E-1
1.374092473E2,-9.960319102E-2,-1.282816529E0,3.889597654E-1
1.374192773E2,-1.374690682E-1,-1.073056698E0,3.045094013E-1
1.374293083E2,-2.518017590E-1,-1.079087973E0,2.607085183E-2
1.374393393E2,-3.211078942E-1,-1.036952972E0,-2.375417948E-1
1.374493703E2,-2.765114009E-1,-9.873587489E-1,-4.949805140E-1
1.374594003E2,-1.844551265E-1,-7.700731754E-1,-6.829398870E-1
1.374694313E2,-1.119891275E-2,-6.625501513E-1,-8.843528628E-1
1.374794623E2,1.582651287E-1,-4.976558685E-1,-1.035116434E0
1.374894933E2,3.153370321E-1,-4.131740034E-1,-1.002374172E0
1.374995233E2,4.481557310E-1,-2.726934254E-1,-7.517328262E-1
1.375095543E2,5.194014311E-1,8.717260510E-2,-4.618930221E-1
1.375195853E2,6.400256753E-1,6.733086705E-1,-2.172549218E-1
1.375296163E2,7.692651749E-1,7.742975950E-1,-8.722748607E-3
1.375396463E2,1.183912516E0,1.143201232E0,2.183389366E-1
1.375496773E2,1.528039575E0,1.113561153E0,5.867843628E-1
1.375597083E2,1.701890349E0,8.233070970E-1,9.737915397E-1
1.375697393E2,2.316267490E0,1.378757879E-2,5.861809850E-1
1.375797693E2,4.003965378E0,1.748718023E-1,5.529481769E-1
1.375898003E2,4.979414940E0,1.034450889E0,1.077909231E0
1.375998313E2,5.362565041E0,1.324953437E0,1.333725691E0
1.376098623E2,6.029483318E0,1.139123678E0,1.485676408E0
1.376198923E2,6.878149509E0,1.047028065E0,1.508525848E0
1.376299233E2,7.484819412E0,1.440600634E0,1.207275152E0
1.376399543E2,7.605623722E0,2.315100670E0,7.488697171E-1
1.376499853E2,7.704272270E0,3.612719297E0,5.357060432E-1
1.376600153E2,7.511914253E0,4.659832001E0,4.385783076E-1
1.376700463E2,7.471843243E0,6.108245373E0,5.087909102E-1
1.376800773E2,6.827640057E0,7.030457497E0,9.392948747E-1
1.376901083E2,6.428349018E0,7.538797379E0,1.683622241E0
1.377001383E2,5.963448048E0,7.520644188E0,2.421087027E0
1.377101693E2,4.372992516E0,6.682435513E0,2.922121048E0
1.377202003E2,2.723659039E0,5.025032997E0,2.951113939E0
1.377302313E2,9.669492245E-1,3.172652960E0,2.943886042E0
1.377402613E2,-6.921849251E-1,1.974233389E0,1.985361934E0
1.377502923E2,-1.605984688E0,1.426987052E0,2.520107329E-1
1.377603233E2,-3.084066153E0,6.035200953E-1,-1.614983678E0
1.377703543E2,-4.647913456E0,-1.341625571E0,-3.289043665E0
1.377803843E2,-6.983987808E0,-2.708049774E0,-4.127599716E0
1.377904153E2,-1.010545158E1,-2.194088459E0,-4.096613407E0
1.378004463E2,-4.551187038E0,-3.888687372E0,-1.328561604E-1
1.378104773E2,3.394996643E0,-3.166480780E0,1.140927911E0
1.378205073E2,3.645118713E0,1.603684783E0,6.330838799E-1
1.378305383E2,4.174926281E0,2.243661880E0,2.944006622E-1
1.378405693E2,3.341777802E0,-8.518556133E-3,1.572975665E-1
1.378506003E2,2.171435833E0,-1.223268270E0,-2.142562717E-1
1.378606303E2,1.208987594E0,-5.028552413E-1,-6.213915944E-1
1.378706613E2,7.473320961E-1,-2.946416140E-1,-7.541150451E-1
1.378806923E2,1.558153927E-1,-9.956421852E-1,-8.904927373E-1
1.378907233E2,-4.927399755E-1,-1.337632060E0,-9.213598371E-1
1.379007533E2,-8.919796944E-1,-1.392687798E0,-9.716694951E-1
1.379107843E2,-1.007075429E0,-1.189682245E0,-9.166480899E-1
1.379208153E2,-9.564911127E-1,-8.279210925E-1,-7.566002011E-1
1.379308463E2,-1.106073856E0,-4.367397428E-1,-6.700628996E-1
1.379408763E2,-1.217282534E0,-2.685672045E-1,-5.940534472E-1
1.379509073E2,-1.280607462E0,-2.898195088E-1,-4.392111003E-1
1.379609383E2,-1.054747701E0,2.823562920E-2,-2.764655054E-1
1.379709693E2,-7.595900893E-1,2.913615406E-1,-1.034601703E-1
1.379809993E2,-7.268311381E-1,5.100888014E-1,1.330285668E-1
1.379910303E2,-6.030197740E-1,6.903144717E-1,5.162825063E-2
1.380010613E2,-5.425522923E-1,3.516019285E-1,5.731100217E-3
1.380110923E2,-3.469185531E-1,1.452721283E-2,-4.399943724E-2
1.380211223E2,-1.797500700E-1,-2.489033490E-1,-6.434494257E-2
1.380311533E2,-3.657586128E-2,-4.174439013E-1,-7.226944715E-2
1.380411843E2,1.323543787E-1,-5.374943018E-1,-5.675478280E-2
1.380512153E2,2.091610134E-1,-5.988465548E-1,-2.316965908E-2
1.380612453E2,2.408103943E-1,-6.115570068E-1,-1.119184867E-2
1.380712763E2,2.806470394E-1,-5.702961087E-1,-8.282078430E-3
1.380813073E2,2.991653085E-1,-5.183954835E-1,5.281217862E-3
1.380913383E2,3.400064707E-1,-4.702524543E-1,2.494440228E-2
1.381013683E2,3.980816603E-1,-4.190233946E-1,5.609437078E-2
1.381113993E2,4.490026236E-1,-3.570833206E-1,1.039146259E-1
1.381214303E2,4.924775958E-1,-3.018641174E-1,1.246836632E-1
1.381314613E2,4.951295555E-1,-2.631295025E-1,1.299588531E-1
1.381414913E2,4.691852927E-1,-2.228146791E-1,1.302718818E-1
1.381515215E2,4.297622442E-1,-1.967503130E-1,1.398672462E-1
1.381615525E2,3.896111548E-1,-2.145337462E-1,1.578115225E-1
1.381715835E2,3.689604700E-1,-2.745819092E-1,1.684247553E-1
1.381816135E2,3.622266054E-1,-3.380941153E-1,1.583426595E-1
1.381916445E2,3.631640375E-1,-4.129055142E-1,1.369308531E-1
1.382016755E2,3.865844905E-1,-5.221731663E-1,1.052162945E-1
1.382117065E2,4.255369604E-1,-5.790862441E-1,7.302001119E-2
1.382217365E2,4.626549482E-1,-6.186804771E-1,5.304916203E-2
1.382317675E2,5.562970042E-1,-5.953018665E-1,6.933785230E-2
1.382417985E2,6.138287783E-1,-6.493902802E-1,7.054468989E-2
1.382518295E2,5.909253359E-1,-7.176499963E-1,6.816302240E-2
1.382618595E2,5.531767011E-1,-7.625430226E-1,5.007466301E-2
1.382718905E2,5.080227852E-1,-7.768388987E-1,3.046767414E-2
1.382819215E2,5.002864003E-1,-7.870659232E-1,2.508831955E-2
1.382919525E2,5.496858954E-1,-7.754263282E-1,4.224839807E-2
1.383019825E2,6.415854096E-1,-8.350527287E-1,1.420145035E-1
1.383120135E2,8.638879657E-1,-1.147202969E0,1.455786228E-1
1.383220445E2,1.016777754E0,-1.361105561E0,1.453043669E-1
1.383320755E2,8.960412145E-1,-1.394167423E0,6.391710043E-2
1.383421055E2,7.303066254E-1,-1.351839900E0,2.951721475E-2
1.383521365E2,6.883354783E-1,-1.473204374E0,1.149330437E-1
1.383621675E2,7.026054263E-1,-1.405043602E0,8.494543284E-2
1.383721985E2,6.545510888E-1,-1.208651781E0,4.368294775E-2
1.383822285E2,6.593719125E-1,-1.140515566E0,-1.101747807E-2
1.383922595E2,6.830748320E-1,-1.075966477E0,-5.069405213E-2
1.384022905E2,7.152403593E-1,-8.612383604E-1,-5.216717720E-2
1.384123215E2,7.060852051E-1,-6.735683084E-1,-6.719166785E-2
1.384223515E2,6.564049721E-1,-5.799816251E-1,-4.411856458E-2
1.384323825E2,6.423770189E-1,-5.013038516E-1,-1.627228595E-2
1.384424135E2,6.845116615E-1,-4.277255833E-1,-1.949502621E-4
1.384524445E2,7.157856822E-1,-3.590778112E-1,2.692401968E-2
1.384624745E2,7.500534654E-1,-2.885763645E-1,5.914095789E-2
1.384725055E2,7.802696824E-1,-1.908628643E-1,7.195343077E-2
1.384825365E2,8.096498847E-1,-6.605108827E-2,7.029180974E-2
1.384925675E2,8.472236395E-1,4.634203017E-2,9.174676985E-2
1.385025975E2,8.417649269E-1,1.763407588E-1,9.203467518E-2
1.385126285E2,7.834070325E-1,2.255407870E-1,6.632798165E-2
1.385226595E2,6.959261298E-1,2.302920371E-1,9.126313031E-3
1.385326905E2,6.021362543E-1,2.315676808E-1,-6.389170885E-2
1.385427205E2,5.415942669E-1,1.283465624E-1,-1.257703155E-1
1.385527515E2,4.735742509E-1,2.602391690E-2,-1.617437601E-1
1.385627825E2,4.396497011E-1,-3.193521127E-2,-1.575719565E-1
1.385728135E2,3.963450789E-1,1.349724922E-2,-1.189140454E-1
1.385828435E2,3.998008072E-1,5.969493091E-2,-1.223384291E-1
1.385928745E2,4.130359292E-1,7.067407668E-2,-1.377115250E-1
1.386029055E2,4.026465714E-1,1.384477764E-1,-1.615582258E-1
1.386129365E2,4.019179344E-1,2.184179723E-1,-2.182289660E-1
1.386229665E2,4.326166213E-1,1.850466430E-1,-2.330254614E-1
1.386329975E2,4.587890804E-1,2.045844048E-1,-2.435859591E-1
1.386430285E2,4.901457429E-1,2.470658422E-1,-2.464177161E-1
1.386530595E2,5.182319880E-1,2.794823647E-1,-2.523690760E-1
1.386630895E2,5.140771270E-1,3.242599368E-1,-2.359061986E-1
1.386731205E2,5.064666271E-1,3.641966879E-1,-2.440828979E-1
1.386831515E2,5.001680255E-1,3.728339970E-1,-2.267927080E-1
1.386931825E2,6.238447428E-1,3.910777271E-1,-1.474419534E-1
1.387032125E2,7.347642779E-1,3.288702369E-1,-4.414486140E-2
1.387132435E2,8.088406324E-1,2.499589175E-1,1.956886798E-2
1.387232745E2,7.795860171E-1,1.266206950E-1,3.680168465E-2
1.387333055E2,7.862087488E-1,-2.132988162E-2,6.058104709E-2
1.387433355E2,7.111440897E-1,2.360521629E-2,7.770161331E-2
1.387533665E2,5.278080702E-1,1.599654555E-1,1.912219077E-2
1.387633975E2,3.222010434E-1,2.834074497E-1,-2.856779285E-2
1.387734285E2,1.365369111E-1,2.466965616E-1,-1.692556739E-1
1.387834585E2,4.832920060E-2,-1.766074896E-1,-3.410852849E-1
1.387934895E2,1.494434662E-2,-2.956414819E-1,-4.048703909E-1
1.388035205E2,-1.410717368E-1,-8.240178227E-3,-2.905711234E-1
1.388135515E2,-2.666459419E-3,6.649821065E-3,-9.611855447E-2
1.388235815E2,3.183166683E-1,8.325770497E-2,1.047342047E-1
1.388336125E2,5.589793324E-1,8.473283052E-2,1.823962480E-1
1.388436435E2,6.113842130E-1,1.044959649E-1,2.017277777E-1
1.388536745E2,5.809884667E-1,1.407421231E-1,2.196993232E-1
1.388637045E2,4.732702672E-1,1.932987273E-1,1.924912483E-1
1.388737355E2,3.467773199E-1,2.398459911E-1,1.607897729E-1
1.388837665E2,2.619723976E-1,3.220954835E-1,1.745964736E-1
1.388937975E2,2.506611645E-1,4.026758075E-1,2.514292002E-1
1.389038275E2,3.211615980E-1,4.510116875E-1,3.701381981E-1
1.389138585E2,3.496030867E-1,5.414862037E-1,4.658018947E-1
1.389238895E2,3.424977958E-1,6.227557063E-1,5.462337136E-1
1.389339205E2,3.411212265E-1,7.614659071E-1,6.110507846E-1
1.389439515E2,3.285290897E-1,7.802015543E-1,6.169294119E-1
1.389539815E2,3.294297755E-1,5.979723334E-1,5.764003396E-1
1.389640125E2,3.479313850E-1,3.956431448E-1,5.135714412E-1
1.389740435E2,3.234292269E-1,2.314161360E-1,4.406913221E-1
1.389840735E2,2.947743237E-1,1.446152627E-1,3.962785304E-1
1.389941045E2,2.932699025E-1,1.397960186E-1,4.026046097E-1
1.390041355E2,2.687602043E-1,1.871869266E-1,4.288599193E-1
1.390141665E2,2.265049070E-1,2.311730385E-1,4.617017806E-1
1.390241965E2,4.410973191E-2,5.330945253E-1,4.485242069E-1
1.390342275E2,-3.623997048E-2,5.917168260E-1,4.418319464E-1
1.390442585E2,2.741593868E-2,4.492890835E-1,4.154104590E-1
1.390542895E2,1.681650579E-1,1.988896132E-1,3.888334632E-1
1.390643205E2,1.960247606E-1,1.202893034E-1,3.638932705E-1
1.390743505E2,1.843515933E-1,8.131686598E-2,3.525940180E-1
1.390843815E2,1.713926196E-1,2.283249050E-2,3.626306653E-1
1.390944125E2,1.849204004E-1,-8.754462004E-2,3.796733022E-1
1.391044425E2,2.163911611E-1,-2.142394632E-1,3.960147500E-1
1.391144735E2,2.357408851E-1,-3.179722428E-1,4.019317627E-1
1.391245045E2,2.925496101E-1,-3.041909933E-1,4.803691506E-1
1.391345355E2,5.033915639E-1,-2.595382929E-1,6.370146871E-1
1.391445655E2,7.299427390E-1,-2.393404394E-1,8.294246793E-1
1.391545974E2,8.295918107E-1,-1.496025622E-1,8.878890872E-1
1.391646284E2,8.371481299E-1,-8.289432526E-2,8.569409251E-1
1.391746594E2,7.969916463E-1,-4.129814729E-2,7.955899835E-1
1.391846904E2,7.521139979E-1,-3.997530788E-3,7.421314716E-1
1.391947204E2,7.569628358E-1,2.379441820E-2,6.831467152E-1
1.392047514E2,7.698622942E-1,8.463856578E-2,6.265737414E-1
1.392147824E2,7.801412940E-1,6.635171175E-2,5.735954642E-1
1.392248124E2,7.628262043E-1,6.541611999E-2,5.206198096E-1
1.392348434E2,7.550972104E-1,1.113740280E-1,4.594102800E-1
1.392448744E2,7.491838336E-1,1.210483089E-1,4.039847553E-1
1.392549054E2,7.040017247E-1,2.149705589E-1,3.237833977E-1
1.392649354E2,6.662170887E-1,3.560280800E-1,2.300185263E-1
1.392749664E2,6.325635314E-1,3.818320036E-1,1.271797717E-1
1.392849974E2,6.210514307E-1,3.426392972E-1,5.468162894E-2
1.392950284E2,5.929755569E-1,2.959966958E-1,2.477033809E-2
1.393050584E2,5.394826531E-1,2.534296513E-1,1.007780433E-2
1.393150894E2,4.478936493E-1,1.927825361E-1,-1.722146198E-2
1.393251204E2,3.114410341E-1,1.648432463E-1,-8.781326562E-2
1.393351514E2,9.232786298E-2,1.856095046E-1,-1.407110989E-1
1.393451814E2,-1.221048683E-1,4.295648038E-1,-8.491617441E-2
1.393552124E2,4.413791001E-2,5.387070179E-1,-3.298585862E-2
1.393652434E2,1.297769696E-1,4.091671705E-1,-8.277661353E-2
1.393752744E2,1.433258057E-1,9.372929484E-2,-1.588045359E-1
1.393853044E2,1.329641938E-1,-1.515767872E-1,-2.263756692E-1
1.393953354E2,1.281515956E-1,-2.696557641E-1,-2.979569137E-1
1.394053664E2,9.484720975E-2,-2.975667417E-1,-3.470030129E-1
1.394153974E2,1.190825030E-1,-3.001449406E-1,-3.646544516E-1
1.394254274E2,1.844308376E-1,-1.835758388E-1,-3.265090883E-1
1.394354584E2,2.386906147E-1,-5.497124791E-2,-2.531264722E-1
1.394454894E2,3.152666390E-1,-5.994983390E-2,-1.787563115E-1
1.394555204E2,3.224124312E-1,-1.022006124E-1,-9.073403478E-2
1.394655504E2,2.621875405E-1,-1.205763966E-1,-1.045707427E-2
1.394755814E2,1.975398511E-1,-9.763805568E-2,8.089094609E-2
1.394856124E2,1.805624515E-1,-7.417943329E-2,1.676970571E-1
1.394956434E2,1.791360527E-1,-3.717773780E-2,2.369304597E-1
1.395056744E2,2.207451314E-1,-4.179029912E-2,2.549586892E-1
1.395157044E2,2.613093257E-1,-1.081802398E-1,2.626760006E-1
1.395257354E2,2.669527233E-1,-1.386913955E-1,2.875798643E-1
1.395357664E2,2.886526883E-1,-1.384024471E-1,3.092465401E-1
1.395457974E2,3.092507422E-1,-1.356765926E-1,3.517174423E-1
1.395558274E2,3.239274323E-1,-1.216790080E-1,4.021215141E-1
1.395658584E2,3.507119715E-1,-1.149861887E-1,4.371553659E-1
1.395758894E2,3.550718427E-1,-1.290870905E-1,4.372650981E-1
1.395859204E2,3.727661669E-1,-1.306512505E-1,4.319790602E-1
1.395959504E2,4.278049171E-1,-1.537392735E-1,4.305201769E-1
1.396059814E2,5.363768935E-1,-1.932050139E-1,4.140169621E-1
1.396160124E2,6.384113431E-1,-2.171127498E-1,3.751334846E-1
1.396260434E2,6.942773461E-1,-2.831378281E-1,3.285619318E-1
1.396360734E2,6.956315637E-1,-3.098495901E-1,2.759208381E-1
1.396461044E2,7.056319118E-1,-2.285139412E-1,2.565960884E-1
1.396561354E2,8.290377259E-1,-1.857145429E-1,2.615010738E-1
1.396661664E2,9.489589334E-1,-1.718638241E-1,2.527247965E-1
1.396761964E2,9.979346991E-1,-1.805896759E-1,2.392185628E-1
1.396862274E2,1.011571288E0,-1.109591797E-1,2.168615609E-1
1.396962584E2,1.034597874E0,-3.480395675E-2,1.894267350E-1
1.397062894E2,1.060058713E0,-4.528032616E-3,1.334987134E-1
1.397163194E2,1.092823029E0,-8.324368857E-3,7.571984082E-2
1.397263504E2,1.116791725E0,-2.851966582E-2,3.250260279E-2
1.397363814E2,1.123932242E0,-4.212495685E-2,-6.547594443E-3
1.397464124E2,1.112168074E0,-3.435536474E-2,-5.639379472E-2
1.397564424E2,1.086257577E0,-1.084870473E-2,-1.160624549E-1
1.397664734E2,1.034309387E0,1.496325992E-2,-1.844381243E-1
1.397765044E2,9.548534155E-1,7.488731295E-2,-2.851394415E-1
1.397865354E2,7.187573314E-1,2.886154354E-1,-4.263288677E-1
1.397965654E2,5.961983800E-1,5.333692431E-1,-2.733209431E-1
1.398065964E2,7.881698012E-1,7.392748594E-1,-3.838798404E-1
1.398166274E2,6.698945761E-1,5.358322263E-1,-4.472161829E-1
1.398266584E2,5.107681155E-1,5.334870219E-1,-4.270302057E-1
1.398366894E2,5.583204627E-1,7.542651892E-1,-2.137269527E-1
1.398467194E2,8.316180110E-1,5.732422471E-1,-9.185703844E-2
1.398567504E2,7.538475990E-1,2.406957150E-1,-3.499481454E-2
1.398667814E2,5.229377747E-1,1.142180264E-1,-4.048396274E-2
1.398768124E2,2.950432897E-1,1.365773976E-1,-4.258839414E-2
1.398868424E2,1.177961603E-1,1.967333555E-1,1.421476807E-2
1.398968734E2,4.581731185E-2,1.775202453E-1,1.185507551E-1
1.399069044E2,4.218245670E-2,7.949836552E-2,2.405448109E-1
1.399169354E2,7.114433497E-2,-2.679771371E-2,3.460246325E-1
1.399269654E2,7.665535063E-2,-1.206076071E-1,3.979776204E-1
1.399369964E2,7.854459435E-2,-1.464959234E-1,3.800207078E-1
1.399470274E2,1.152245253E-1,-2.057677954E-1,3.176923692E-1
1.399570584E2,1.963755637E-1,-2.424501628E-1,2.496670038E-1
1.399670884E2,3.121992350E-1,-2.321577072E-1,1.726974994E-1
1.399771194E2,3.844385445E-1,-1.304918081E-1,8.866359293E-2
1.399871504E2,5.055148005E-1,-7.896901667E-2,9.995711036E-3
1.399971814E2,6.003115773E-1,-1.589018293E-2,-3.788020089E-2
1.400072114E2,6.307707429E-1,9.193181992E-2,-7.619554549E-2
1.400172424E2,6.154786348E-1,1.813349426E-1,-7.477474958E-2
1.400272734E2,5.779839158E-1,2.099303454E-1,-4.836441576E-2
1.400373044E2,5.478507876E-1,1.545288712E-1,-2.454243973E-2
1.400473354E2,4.899201095E-1,1.266410500E-1,-2.592249773E-2
1.400573654E2,4.157827497E-1,1.154914647E-1,-3.388028964E-2
1.400673964E2,3.396059275E-1,1.824680865E-1,-5.299139023E-2
1.400774274E2,2.410196960E-1,2.257042378E-1,-8.097589016E-2
1.400874584E2,2.223723084E-1,1.661336124E-1,-7.292836159E-2
1.400974884E2,2.482244074E-1,4.100099206E-2,-5.409528688E-2
1.401075194E2,2.420285046E-1,-2.664092556E-2,-4.348497093E-2
1.401175504E2,2.755984366E-1,-9.351929277E-2,-1.916418597E-2
1.401275814E2,2.975664735E-1,-1.075856984E-1,2.610489354E-2
1.401376114E2,2.128643841E-1,2.039490081E-2,4.059435427E-2
1.401476424E2,1.477307826E-1,1.757562160E-1,5.415999517E-2
1.401576768E2,7.080271095E-2,3.021799326E-1,4.656572267E-2
1.401677077E2,-2.932181023E-2,3.610157073E-1,1.506010443E-2
1.401777378E2,-1.020554006E-1,2.779160440E-1,-5.675336719E-2
1.401877688E2,-4.496826604E-2,8.000521362E-2,-9.284147620E-2
1.401977997E2,4.275040329E-2,-1.349164248E-1,-1.394044459E-1
1.402078308E2,7.361920178E-2,-2.756103575E-1,-1.882947683E-1
1.402178618E2,1.320752129E-2,-3.348667622E-1,-2.497267127E-1
1.402278918E2,-8.166825026E-2,-3.318329453E-1,-3.137642443E-1
1.402379227E2,-1.977719516E-1,-3.151834011E-1,-3.528671563E-1
1.402479538E2,-3.280791640E-1,-3.277396858E-1,-4.262766540E-1
1.402579848E2,-4.272440970E-1,-4.175108373E-1,-4.843319654E-1
1.402680147E2,-4.286857247E-1,-5.183948278E-1,-4.989407957E-1
1.402780458E2,-3.008742332E-1,-6.334761381E-1,-4.165982604E-1
1.402880768E2,-4.737802148E-1,-4.035856426E-1,-3.988520205E-1
1.402981078E2,-4.740433395E-1,-3.445380330E-1,-3.414577246E-1
1.403081377E2,-2.977058589E-1,-2.062034160E-1,-1.578100175E-1
1.403181688E2,-1.483840346E-1,2.164951116E-1,2.214562893E-2
1.403281998E2,-1.444011331E-1,6.974500418E-1,8.197030425E-2
1.403382307E2,-1.031991094E-1,8.662246466E-1,1.370292902E-1
1.403482618E2,-8.865818381E-2,8.328060508E-1,1.270581335E-1
1.403582918E2,-7.960583270E-2,8.484315872E-1,1.785825789E-1
1.403683228E2,-9.028004855E-2,1.262590408E0,5.469658971E-2
1.403783537E2,5.985245481E-2,1.364456296E0,-7.450214028E-2
1.403883848E2,1.739447713E-1,8.999837637E-1,-1.737941355E-1
1.403984148E2,2.345442027E-1,2.478411347E-1,-2.411960810E-1
1.404084457E2,1.868676096E-1,-1.852169484E-1,-2.567842007E-1
1.404184768E2,9.992258996E-2,-6.764711142E-1,-2.390720695E-1
1.404285078E2,1.539664902E-2,-8.721952438E-1,-2.435581982E-1
1.404385378E2,-1.283317506E-1,-1.100949407E0,-2.006416321E-1
1.404485688E2,-1.453404725E-1,-1.074935317E0,-1.824062020E-1
1.404585998E2,-1.933460683E-1,-1.182333112E0,-6.886339933E-2
1.404686308E2,-2.769274414E-1,-1.165702820E0,-1.650395095E-1
1.404786617E2,2.899425570E-3,-5.514070988E-1,-1.790376157E-1
1.404886918E2,-3.971486986E-1,-1.354867458E0,8.444252610E-2
1.404987228E2,-1.011693120E0,-2.029673576E0,2.897333503E-1
1.405087538E2,-1.292412400E0,-1.540624499E0,2.458781153E-1
1.405187848E2,-1.536900759E0,-1.308219194E0,1.109149754E-1
1.405288148E2,-1.743155599E0,-8.124620914E-1,-2.380279265E-2
1.405388458E2,-1.609099269E0,-4.154960811E-1,-5.561478436E-2
1.405488767E2,-1.402940989E0,-3.746891320E-1,-1.230189726E-1
1.405589078E2,-1.115471482E0,-1.409112662E-1,-2.090318799E-1
1.405689388E2,-7.574499846E-1,1.120727509E-1,-2.498663515E-1
1.405789688E2,-4.535087347E-1,4.241475463E-1,-2.807901800E-1
1.405889998E2,-2.256670147E-1,7.274857759E-1,-2.664897442E-1
1.405990308E2,-7.083429396E-2,9.602335095E-1,-2.484995574E-1
1.406090618E2,-6.184240431E-2,1.010136962E0,-2.873027027E-1
1.406190917E2,-8.935205638E-2,8.371987939E-1,-2.923906744E-1
1.406291228E2,-1.184423938E-1,5.276560783E-1,-1.791820526E-1
1.406391538E2,-3.421726078E-2,3.006240129E-1,-7.355523109E-2
1.406491848E2,-7.059734315E-3,1.535236686E-1,-2.248180471E-2
1.406592148E2,7.681394927E-3,-6.229145452E-2,-4.593146965E-2
1.406692458E2,-7.870417088E-2,-2.684521973E-1,-1.220564917E-1
1.406792768E2,-1.365722716E-1,-4.480342269E-1,-1.729156822E-1
1.406893077E2,-1.468915939E-1,-4.999229312E-1,-1.824692786E-1
1.406993378E2,-1.196826100E-1,-4.661338031E-1,-1.489866823E-1
1.407093688E2,-7.170987129E-2,-3.710500300E-1,-1.152150258E-1
1.407193997E2,-1.271552965E-2,-2.629888058E-1,-5.953391641E-2
1.407294308E2,2.261023410E-2,-2.003744096E-1,3.467374481E-4
1.407394618E2,6.357071549E-2,-1.075640544E-1,5.723664910E-2
1.407494918E2,8.049580455E-2,-1.831268519E-2,9.388408810E-2
1.407595227E2,8.469161391E-2,7.830200344E-2,1.085778102E-1
1.407695538E2,6.493362784E-2,1.454122514E-1,1.173839122E-1
1.407795848E2,2.692925185E-2,1.911392510E-1,1.145018414E-1
1.407896147E2,-1.963745803E-2,2.279484868E-1,1.206161007E-1
1.407996458E2,-6.839780509E-2,2.223523855E-1,9.108536690E-2
1.408096768E2,-1.082489565E-1,2.150108963E-1,9.082247317E-2
1.408197078E2,-1.528651714E-1,1.695877463E-1,8.787488937E-2
1.408297387E2,-2.002841085E-1,9.933488816E-2,7.146955281E-2
1.408397688E2,-2.442704737E-1,7.648373488E-3,6.278045475E-2
1.408497998E2,-2.897734940E-1,-7.089693844E-2,6.954613328E-2
1.408598307E2,-3.329294920E-1,-1.234927699E-1,9.121813625E-2
1.408698618E2,-3.625926673E-1,-1.346404403E-1,1.314198375E-1
1.408798918E2,-3.786171675E-1,-1.149418354E-1,1.778967977E-1
1.408899228E2,-3.815974295E-1,-7.167529315E-2,2.179459035E-1
1.408999537E2,-3.690297008E-1,4.500322975E-4,2.504620552E-1
1.409099848E2,-3.470196426E-1,8.655005693E-2,2.788110673E-1
1.409200148E2,-3.386847377E-1,1.669322550E-1,3.036200106E-1
1.409300457E2,-3.307484686E-1,2.377776802E-1,3.139892817E-1
1.409400768E2,-3.252314627E-1,3.088308275E-1,2.952949703E-1
1.409501078E2,-3.201518357E-1,3.759155571E-1,2.620608807E-1
1.409601388E2,-3.151030242E-1,4.003069103E-1,2.144424766E-1
1.409701688E2,-3.171188235E-1,3.729908168E-1,1.625444293E-1
1.409801998E2,-2.955956757E-1,3.300351202E-1,1.191074774E-1
1.409902308E2,-2.898615599E-1,3.010722697E-1,8.146943152E-2
1.410002617E2,-2.786006629E-1,2.825446725E-1,4.214626551E-2
1.410102918E2,-2.516612411E-1,2.610294223E-1,-4.901028238E-3
1.410203228E2,-1.982989460E-1,2.347325832E-1,-4.762878269E-2
1.410303538E2,-1.510816067E-1,2.164660543E-1,-8.993107080E-2
1.410403847E2,-1.016773060E-1,1.786561012E-1,-1.417431384E-1
1.410504158E2,-7.614713162E-2,1.382690966E-1,-1.983106285E-1
1.410604458E2,-5.015308410E-2,1.002159864E-1,-2.565502524E-1
1.410704767E2,-2.024731413E-2,6.263374537E-2,-3.027819395E-1
1.410805078E2,6.773916073E-3,2.413322590E-2,-3.303129077E-1
1.410905388E2,3.265093639E-2,-1.506410725E-2,-3.218399286E-1
1.411005688E2,5.461828783E-2,-4.697596654E-2,-2.915003896E-1
1.411105998E2,6.701843441E-2,-5.015047640E-2,-2.459922880E-1
1.411206308E2,6.139623374E-2,-4.381401464E-2,-1.964889169E-1
1.411306618E2,3.235939518E-2,-3.392227739E-2,-1.485980451E-1
1.411406927E2,-1.221393142E-2,-2.654718794E-2,-1.011154801E-1
1.411507188E2,-5.426595733E-2,-1.122750342E-2,-5.679846182E-2
1.411607498E2,-9.954182804E-2,-1.040565129E-2,-2.411482111E-2
1.411707807E2,-1.376713663E-1,-4.956908524E-3,2.345433459E-4
1.411808118E2,-1.751907766E-1,-1.465028245E-2,1.924525201E-2
1.411908418E2,-2.102629542E-1,-2.117705159E-2,3.741109744E-2
1.412008727E2,-2.469794154E-1,-3.212291002E-2,5.903862789E-2
1.412109038E2,-2.845590115E-1,-3.899554536E-2,7.274654508E-2
1.412209348E2,-3.227607310E-1,-4.728836566E-2,8.109715581E-2
1.412309658E2,-3.499419689E-1,-5.499864370E-2,7.878435403E-2
1.412409957E2,-3.726222515E-1,-6.070899218E-2,6.975304335E-2
1.412510268E2,-3.912550509E-1,-5.375193059E-2,5.589360744E-2
1.412610578E2,-4.103126228E-1,-3.462404385E-2,4.157964885E-2
1.412710887E2,-4.225697517E-1,-1.209692564E-3,2.853527293E-2
1.412811198E2,-4.267107248E-1,5.551058054E-2,2.149840444E-2
1.412911498E2,-4.171515107E-1,6.902623177E-2,1.091144420E-2
1.413011808E2,-4.044381082E-1,9.496089071E-2,1.643537171E-2
1.413112117E2,-3.709447682E-1,1.243022978E-1,1.960982569E-2
1.413212428E2,-3.253258765E-1,1.414922029E-1,3.134477884E-2
1.413312728E2,-2.659782171E-1,1.517022997E-1,4.305249825E-2
1.413413037E2,-1.913042367E-1,1.615591943E-1,5.724102259E-2
1.413513348E2,-1.143133342E-1,1.645631343E-1,7.878075540E-2
1.413613658E2,-4.449190944E-2,1.536148787E-1,1.087519750E-1
1.413713968E2,1.764632761E-2,1.177378520E-1,1.472429037E-1
1.413814267E2,5.452631414E-2,1.011804491E-1,1.952634156E-1
1.413914578E2,6.733032316E-2,8.809848875E-2,2.469061166E-1
1.414014888E2,5.380732194E-2,7.220847160E-2,2.960299551E-1
1.414115197E2,1.727881469E-2,6.558481604E-2,3.313382566E-1
1.414215498E2,-3.119710833E-2,4.251065850E-2,3.553378582E-1
1.414315808E2,-9.684973955E-2,6.206008047E-2,3.731006682E-1
1.414416118E2,-1.768612266E-1,3.359168768E-2,3.629894257E-1
1.414516427E2,-2.407057583E-1,4.302787408E-2,3.618442118E-1
1.414616738E2,-2.842974365E-1,-1.921499334E-2,3.464237154E-1
1.414717038E2,-3.227286935E-1,-3.051645868E-2,3.409730792E-1
1.414817347E2,-3.248600066E-1,-6.224375963E-2,3.239866495E-1
1.414917658E2,-3.319976330E-1,-6.811944395E-2,3.084739447E-1
1.415017968E2,-3.175539970E-1,-5.028744787E-2,2.846194804E-1
1.415118268E2,-3.194663823E-1,-2.602763660E-2,2.385100424E-1
1.415218578E2,-3.208669424E-1,1.485641301E-2,1.922999322E-1
1.415318888E2,-3.118731380E-1,4.793883860E-2,1.378102154E-1
1.415419198E2,-3.028516769E-1,6.871229410E-2,1.208248287E-1
1.415519507E2,-2.990131974E-1,7.667853683E-2,6.941311806E-2
1.415619808E2,-2.792453468E-1,7.169735432E-2,5.970216170E-2
1.415720118E2,-2.751110196E-1,7.989716530E-2,6.666586548E-2
1.415820428E2,-2.731730342E-1,8.383890986E-2,7.902266830E-2
1.415920738E2,-2.718247175E-1,7.778783888E-2,1.014833450E-1
1.416021048E2,-2.732343376E-1,6.291807443E-2,1.274997592E-1
1.416121348E2,-2.790818810E-1,4.386882856E-2,1.517104954E-1
1.416221657E2,-2.876998484E-1,3.942614049E-2,1.743369699E-1
1.416321968E2,-2.908529937E-1,2.937679738E-2,1.936908662E-1
1.416422278E2,-2.837910950E-1,2.278707176E-2,2.009245455E-1
1.416522578E2,-2.578926980E-1,1.583168283E-2,1.995120198E-1
1.416622888E2,-2.183378488E-1,5.410734564E-3,1.889118403E-1
1.416723198E2,-1.779774725E-1,-3.424572572E-2,1.682351679E-1
1.416823508E2,-1.422735453E-1,-7.183517516E-2,1.455152184E-1
1.416923817E2,-1.122170687E-1,-9.144171327E-2,1.248941645E-1
1.417024118E2,-7.871823013E-2,-7.680870593E-2,1.006820425E-1
1.417124428E2,-3.241680562E-2,-4.444633797E-2,8.351007849E-2
1.417224738E2,1.204706356E-2,1.791732386E-3,5.898236483E-2
1.417325048E2,6.720740348E-2,5.969431996E-2,3.081476688E-2
1.417425348E2,1.238733456E-1,1.288323849E-1,3.440402448E-3
1.417525658E2,1.566455513E-1,1.755796075E-1,-8.998915553E-3
1.417625967E2,1.834787577E-1,2.112910002E-1,-2.491636388E-2
1.417726278E2,2.048161626E-1,2.263750136E-1,-3.481467813E-2
1.417826588E2,2.217229754E-1,2.407033443E-1,-4.015085474E-2
1.417926887E2,2.269103080E-1,2.434442937E-1,-3.968933225E-2
1.418027198E2,2.325492799E-1,2.381424606E-1,-3.980251774E-2
1.418127508E2,2.409025133E-1,2.356088012E-1,-3.645073995E-2
1.418227818E2,2.522973716E-1,2.350146621E-1,-2.921945788E-2
1.418328127E2,2.763205171E-1,2.464834005E-1,-2.732579969E-2
1.418428428E2,2.976764143E-1,2.438623160E-1,-2.990746871E-2
1.418528738E2,3.260364830E-1,2.231477499E-1,-3.634994850E-2
1.418629047E2,3.490027785E-1,1.939962506E-1,-4.035853967E-2
1.418729358E2,3.720006645E-1,1.787532568E-1,-3.572743014E-2
1.418829658E2,3.829076290E-1,1.645114720E-1,-2.102092281E-2
1.418929968E2,3.811719716E-1,1.572842598E-1,-6.526477635E-3
1.419030277E2,3.746182024E-1,1.484034210E-1,6.035386585E-3
1.419130588E2,3.558551073E-1,1.318040788E-1,1.146142744E-2
1.419230898E2,3.426490426E-1,1.141499877E-1,1.372458227E-2
1.419331197E2,3.471958637E-1,8.719427884E-2,1.545163430E-2
1.419431508E2,3.772845268E-1,6.266497076E-2,1.877286285E-2
1.419531818E2,4.274549484E-1,3.939371184E-2,2.856053971E-2
1.419632128E2,4.788435698E-1,1.908178255E-2,3.157337755E-2
1.419732437E2,5.265014768E-1,1.951678284E-2,4.027141631E-2
1.419832738E2,5.558476448E-1,3.448401392E-2,4.843773320E-2
1.419933048E2,5.868943334E-1,4.454647005E-2,5.733805150E-2
1.420033357E2,5.966998339E-1,6.481339037E-2,6.642022729E-2
1.420133668E2,6.076192856E-1,6.373451650E-2,8.709516376E-2
1.420233968E2,5.779676437E-1,7.662022114E-2,1.091059297E-1
1.420334278E2,5.483051538E-1,5.033075437E-2,1.173042729E-1
1.420434587E2,5.175685287E-1,4.294284619E-3,1.163583174E-1
1.420534898E2,4.841354489E-1,-3.378953785E-2,9.833040088E-2
1.420635208E2,4.449433088E-1,-6.139479950E-2,7.578115165E-2
1.420735507E2,4.020008147E-1,-7.259067148E-2,4.115095735E-2
1.420835818E2,3.415475786E-1,-1.604230553E-1,6.154198200E-2
1.420936128E2,2.380799502E-1,-1.332560461E-2,4.855785519E-2
1.421036438E2,2.346372753E-1,3.878846392E-2,-2.225959487E-2
1.421136747E2,3.383055627E-1,-2.894624174E-1,-6.064929813E-2
1.421237048E2,2.161293179E-1,-2.039935738E-1,-1.900754720E-1
1.421337358E2,2.571074665E-1,-2.409048676E-1,-2.794930637E-1
1.421437667E2,1.824571937E-1,-2.134668529E-1,-3.308446705E-1
1.421537979E2,1.138297170E-1,-1.605505347E-1,-3.186741471E-1
1.421638279E2,9.096594155E-2,-7.582473010E-2,-2.669464946E-1
1.421738589E2,1.106185839E-1,-1.541603729E-2,-2.173501402E-1
1.421838899E2,1.415213794E-1,4.964445531E-2,-1.800264716E-1
1.421939209E2,1.486456245E-1,7.717090100E-2,-1.644951999E-1
1.422039519E2,1.275770962E-1,3.603624552E-2,-1.643364727E-1
1.422139819E2,5.605156720E-2,-1.322205178E-3,-1.652289927E-1
1.422240129E2,-1.526602358E-2,-8.786562085E-2,-1.600619256E-1
1.422340439E2,-7.658875734E-2,-1.715648621E-1,-1.491357088E-1
1.422440749E2,-1.237227172E-1,-2.747820616E-1,-1.357043087E-1
1.422541059E2,-1.898337305E-1,-2.814218104E-1,-1.247848496E-1
1.422641359E2,-2.303486615E-1,-3.156663477E-1,-1.243483648E-1
1.422741669E2,-2.668448985E-1,-3.250234425E-1,-1.363692284E-1
1.422841979E2,-3.015930355E-1,-3.326030672E-1,-1.589397937E-1
1.422942289E2,-3.306948841E-1,-3.475708961E-1,-1.825960726E-1
1.423042599E2,-3.424575627E-1,-3.719412088E-1,-2.088782787E-1
1.423142899E2,-3.379662633E-1,-4.327503145E-1,-2.262457460E-1
1.423243209E2,-3.559457958E-1,-4.155430794E-1,-2.427669317E-1
1.423343519E2,-3.600992262E-1,-4.342630506E-1,-2.527484000E-1
1.423443829E2,-3.509861827E-1,-4.453649521E-1,-2.664767206E-1
1.423544129E2,-3.349460959E-1,-4.550977349E-1,-2.765679955E-1
1.423644439E2,-3.116282523E-1,-4.461327195E-1,-2.860469818E-1
1.423744749E2,-2.788510919E-1,-4.136223197E-1,-2.840481400E-1
1.423845059E2,-2.467149645E-1,-3.814625144E-1,-2.692529559E-1
1.423945369E2,-2.119326890E-1,-3.326971233E-1,-2.507195175E-1
1.424045669E2,-1.791422516E-1,-2.838603258E-1,-2.300296724E-1
1.424145979E2,-1.309793144E-1,-2.464906871E-1,-2.077365071E-1
1.424246289E2,-7.435783744E-2,-2.098149657E-1,-1.841701865E-1
1.424346599E2,-5.772066303E-3,-1.834200025E-1,-1.670099646E-1
1.424446909E2,5.938935652E-2,-1.560919732E-1,-1.600391418E-1
1.424547209E2,9.586635977E-2,-1.073197424E-1,-1.485251188E-1
1.424647519E2,1.412628591E-1,-9.748549014E-2,-1.480603963E-1
1.424747829E2,1.834621429E-1,-1.031916067E-1,-1.410365403E-1
1.424848139E2,2.270336002E-1,-1.074452102E-1,-1.344952881E-1
1.424948439E2,2.746961117E-1,-1.132787019E-1,-1.231136248E-1
1.425048749E2,3.159298599E-1,-1.154851317E-1,-1.123640463E-1
1.425149059E2,3.441490531E-1,-1.116192713E-1,-1.003918350E-1
1.425249369E2,3.612334728E-1,-1.122941151E-1,-8.702702820E-2
1.425349679E2,3.656146526E-1,-1.019674465E-1,-7.512906939E-2
1.425449979E2,3.608664870E-1,-8.554053307E-2,-5.811173469E-2
1.425550289E2,3.450067639E-1,-7.341464609E-2,-3.756090999E-2
1.425650599E2,3.208926618E-1,-6.730668992E-2,-1.180814020E-2
1.425750909E2,2.847606242E-1,-7.999224961E-2,1.015001163E-2
1.425851219E2,2.487991750E-1,-9.899363667E-2,2.463014983E-2
1.425951519E2,2.096755356E-1,-1.088512242E-1,2.624844387E-2
1.426051829E2,1.465655416E-1,-1.125066727E-1,1.311879233E-2
1.426152139E2,7.459155470E-2,-1.102523729E-1,-6.266552955E-3
1.426252449E2,-1.190498844E-2,-1.091900393E-1,-3.236073628E-2
1.426352749E2,-1.013444960E-1,-1.164218187E-1,-5.478432402E-2
1.426453059E2,-1.721379608E-1,-1.228972971E-1,-7.737964392E-2
1.426553369E2,-2.317959517E-1,-1.298565716E-1,-9.701097012E-2
1.426653679E2,-2.776779532E-1,-1.363810599E-1,-1.176864207E-1
1.426753989E2,-3.103852570E-1,-1.445224881E-1,-1.334830523E-1
1.426854289E2,-3.407423496E-1,-1.268862486E-1,-1.484960914E-1
1.426954599E2,-3.586755097E-1,-1.226755828E-1,-1.545019895E-1
1.427054909E2,-3.668103814E-1,-1.378942132E-1,-1.545520574E-1
1.427155219E2,-3.736521006E-1,-1.973888129E-1,-9.108936787E-2
1.427255529E2,-3.497680724E-1,-1.169347167E-1,-4.137667269E-2
1.427355829E2,-2.833883166E-1,5.127246492E-3,-3.362604231E-2
1.427456139E2,-1.105473116E-1,-2.913432196E-2,-3.535150364E-2
1.427556449E2,2.831702679E-2,-3.941774964E-1,-6.412782520E-2
1.427656759E2,2.566569746E-1,-6.610429883E-1,-2.161019295E-2
1.427757059E2,-1.490917243E-2,-3.471927047E-1,-1.741389483E-1
1.427857369E2,-1.157023683E-1,-5.334408879E-1,-2.253262401E-1
1.427957679E2,-1.019800305E-1,-4.917421341E-1,-2.773337960E-1
1.428057989E2,-8.064144850E-2,-5.066009760E-1,-3.241766691E-1
1.428158299E2,-1.086453348E-2,-5.355625749E-1,-3.556973338E-1
1.428258599E2,1.733023822E-1,-5.968211293E-1,-3.525292575E-1
1.428358909E2,3.918019235E-1,-7.255040407E-1,-3.255125284E-1
1.428459219E2,4.691968262E-1,-8.286167979E-1,-3.137618601E-1
1.428559529E2,3.966969252E-1,-8.182645440E-1,-2.646883428E-1
1.428659829E2,3.452012241E-1,-7.475094199E-1,-1.670289040E-1
1.428760139E2,4.061207473E-1,-7.047362328E-1,-1.329933405E-1
1.428860449E2,4.973896444E-1,-8.090024590E-1,-1.229122132E-1
1.428960759E2,5.880352855E-1,-9.904986024E-1,-1.363759637E-1
1.429061069E2,6.380393505E-1,-1.009234786E0,-1.378891766E-1
1.429161369E2,5.832403302E-1,-8.166438937E-1,-1.200343892E-1
1.429261679E2,5.542350411E-1,-6.996152997E-1,-9.943962842E-2
1.429361989E2,5.394214392E-1,-6.202428937E-1,-6.098444760E-2
1.429462299E2,5.150292516E-1,-7.154378295E-1,-1.037422940E-1
1.429562609E2,6.033365726E-1,-9.143846631E-1,-1.280946136E-1
1.429662909E2,6.604299545E-1,-9.433076382E-1,-1.656390578E-1
1.429763219E2,5.337949991E-1,-8.820541501E-1,-2.138103247E-1
1.429863529E2,4.054210782E-1,-9.566852450E-1,-2.885346413E-1
1.429963839E2,2.282756567E-1,-1.033729911E0,-4.074333310E-1
1.430064149E2,1.398051828E-1,-1.133573771E0,-4.905726910E-1
1.430164449E2,1.357582957E-1,-1.210902929E0,-4.347615540E-1
1.430264759E2,2.051855773E-1,-1.295588613E0,-3.605222106E-1
1.430365069E2,3.585647345E-1,-1.455154896E0,-2.652131617E-1
1.430465379E2,4.532438517E-1,-1.493455887E0,-1.743293554E-1
1.430565689E2,4.748617113E-1,-1.318209767E0,-1.775839627E-1
1.430665989E2,4.060272574E-1,-1.227538228E0,-8.720161021E-2
1.430766299E2,3.471538126E-1,-1.086580753E0,3.126716614E-2
1.430866609E2,4.480670989E-1,-1.092279315E0,7.825464755E-2
1.430966919E2,4.520480931E-1,-9.779266119E-1,1.423253864E-1
1.431067229E2,4.220896661E-1,-7.520404458E-1,1.552222818E-1
1.431167539E2,3.599954545E-1,-4.813947976E-1,1.571525186E-1
1.431267839E2,2.312699854E-1,-2.023429275E-1,1.410113573E-1
1.431368149E2,1.398752332E-1,-4.896398261E-2,1.107649952E-1
1.431468459E2,5.989702791E-2,9.535750747E-2,5.514008179E-2
1.431568808E2,-4.584603012E-4,1.860544682E-1,-1.683513820E-2
1.431669117E2,-5.953855813E-2,2.909177840E-1,-6.890925765E-2
1.431769418E2,-1.708651781E-1,4.788021445E-1,-1.206155419E-1
1.431869728E2,-3.048773110E-1,7.467433214E-1,-2.468115538E-1
1.431970037E2,-2.908262014E-1,3.491608202E-1,-1.925315708E-1
1.432070348E2,-3.085325062E-1,3.368239701E-1,-1.120614856E-1
1.432170658E2,-3.853648007E-1,4.614939690E-1,-1.197713092E-1
1.432270958E2,-3.130168319E-1,2.194528431E-1,-1.811445132E-2
1.432371267E2,-1.905391663E-1,2.873273790E-1,6.936197728E-2
1.432471578E2,-6.489202380E-2,2.856386602E-1,1.538251936E-1
1.432571888E2,5.203735456E-2,4.730173945E-1,1.548496783E-1
1.432672197E2,1.211045757E-1,4.956832528E-1,1.162349135E-1
1.432772498E2,1.179967001E-1,4.325551987E-1,9.561084956E-2
1.432872808E2,3.980867937E-2,1.999781579E-1,1.275320351E-1
1.432973118E2,2.544259187E-3,-1.525635459E-2,2.082923502E-1
1.433073427E2,-5.666926503E-2,-7.448532432E-2,2.115531266E-1
1.433173738E2,-1.336750835E-1,-1.242065281E-1,1.090182215E-1
1.433274038E2,-2.562585175E-1,1.796039641E-1,-8.705914021E-2
1.433374347E2,-3.647282422E-1,1.273276210E-1,-2.290537506E-1
1.433474658E2,-3.929643929E-1,1.829916835E-1,-3.379437327E-1
1.433574968E2,-3.122738302E-1,2.494620532E-2,-3.343331516E-1
1.433675278E2,-2.346187085E-1,-1.162865534E-1,-3.266142309E-1
1.433775578E2,-2.082527429E-1,-2.045126855E-1,-3.462578654E-1
1.433875888E2,-1.239133626E-1,-4.279431105E-1,-2.753836811E-1
1.433976198E2,-4.166839644E-3,-5.983216763E-1,-2.262277156E-1
1.434076507E2,-8.954014629E-5,-7.103259563E-1,-1.633736491E-1
1.434176818E2,-3.702814132E-2,-6.634775996E-1,-1.322377324E-1
1.434277118E2,-2.320127562E-2,-6.180682778E-1,-1.002877876E-1
1.434377428E2,3.788980097E-2,-6.086294055E-1,-1.116859466E-1
1.434477738E2,7.413781434E-2,-5.823674798E-1,-1.413410455E-1
1.434578048E2,9.198075533E-2,-4.025830328E-1,-1.962138861E-1
1.434678358E2,7.294714451E-2,-1.771387011E-1,-3.508543074E-1
1.434778657E2,2.666544914E-2,-1.132559329E-1,-3.112852871E-1
1.434878968E2,1.248463467E-1,-1.497585475E-1,-2.895783782E-1
1.434979278E2,2.032221854E-1,-1.800189614E-1,-3.088303804E-1
1.435079588E2,2.896507978E-1,-1.562710255E-1,-2.275424600E-1
1.435179897E2,3.542841375E-1,-2.551977634E-1,-1.737072915E-1
1.435280208E2,3.703326285E-1,-2.472165376E-1,-1.584649533E-1
1.435380508E2,4.020799994E-1,-2.353220284E-1,-1.145747602E-1
1.435480817E2,3.876629472E-1,-1.003740728E-1,-1.569525748E-1
1.435581128E2,4.062869251E-1,-2.464373037E-2,-8.696725965E-2
1.435681438E2,3.174148500E-1,1.311786175E-1,-2.032990754E-2
1.435781748E2,3.160649836E-1,2.444807142E-1,7.919745147E-2
1.435882048E2,4.107933640E-1,3.209549785E-1,1.656633615E-1
1.435982358E2,4.380088747E-1,3.476260602E-1,2.295208722E-1
1.436082668E2,4.326125085E-1,4.435286224E-1,2.767370939E-1
1.436182977E2,3.497062624E-1,5.080356002E-1,3.182044625E-1
1.436283288E2,3.606318831E-1,5.587344766E-1,2.800813019E-1
1.436383588E2,3.055270016E-1,5.167085528E-1,2.713007927E-1
1.436483898E2,2.841633856E-1,4.146634042E-1,3.121510148E-1
1.436584208E2,2.531844378E-1,2.817748487E-1,3.375938237E-1
1.436684518E2,2.215149403E-1,3.833153248E-1,3.719994426E-1
1.436784828E2,1.972502023E-1,3.592604697E-1,3.932441473E-1
1.436885127E2,1.712835729E-1,4.314643443E-1,3.323320448E-1
1.436985438E2,2.262952626E-1,3.510817289E-1,3.116620779E-1
1.437085748E2,2.905863523E-1,3.015874326E-1,2.677968740E-1
1.437186058E2,2.994495630E-1,3.582489789E-1,1.245913729E-1
1.437286368E2,2.750986814E-1,2.869870663E-1,2.120826021E-2
1.437386668E2,2.277652025E-1,1.324819028E-1,-5.237780139E-2
1.437486978E2,2.067179680E-1,1.354617178E-1,-1.185354404E-2
1.437587287E2,1.626623273E-1,7.133553922E-2,4.752768204E-2
1.437687598E2,1.458127797E-1,4.286022112E-2,1.911514252E-1
1.437787908E2,1.120083705E-1,-4.855627567E-2,2.457566559E-1
1.437888218E2,1.004963294E-1,-7.131192833E-4,2.997101545E-1
1.437988518E2,-1.324630380E-1,4.021292627E-1,3.712150753E-1
1.438088828E2,-2.688373625E-1,4.345116913E-1,4.094104171E-1
1.438189138E2,-1.369199157E-1,1.089576408E-1,5.110595226E-1
1.438289447E2,-1.449306495E-2,8.074970543E-2,4.679772556E-1
1.438389758E2,6.605380680E-3,1.328993142E-1,4.043321609E-1
1.438490058E2,4.763538484E-3,2.462876439E-1,3.977312446E-1
1.438590368E2,-8.300629258E-2,1.796661913E-1,4.414860010E-1
1.438690678E2,-1.419500411E-1,3.484900892E-1,4.774304330E-1
1.438790988E2,-1.661709100E-1,2.630316615E-1,5.686551332E-1
1.438891298E2,-1.343701035E-1,1.790523380E-1,6.197987795E-1
1.438991597E2,-2.193807513E-1,2.099552602E-1,6.813685298E-1
1.439091908E2,-3.075223565E-1,3.583819866E-1,7.028013468E-1
1.439192218E2,-4.209285676E-1,5.540903807E-1,7.647705674E-1
1.439292528E2,-5.730853677E-1,7.798060775E-1,8.627535701E-1
1.439392838E2,-7.633342743E-1,1.242088675E0,9.254260659E-1
1.439493138E2,-9.373297691E-1,1.492919803E0,9.704955220E-1
1.439593448E2,-1.009962082E0,1.502476811E0,8.475235701E-1
1.439693757E2,-9.601332545E-1,1.399501920E0,7.548056245E-1
1.439794068E2,-8.158673644E-1,1.105246305E0,6.387580037E-1
1.439894378E2,-9.915667772E-1,1.170206070E0,2.918645144E-1
1.439994677E2,-8.249825835E-1,1.318192124E0,5.238085389E-1
1.440094988E2,-8.531545401E-1,1.538010478E0,4.170455933E-1
1.440195298E2,-1.085313916E0,2.401322603E0,2.069517076E-1
1.440295608E2,-1.210966587E0,2.856281996E0,1.837487891E-2
1.440395907E2,-1.147475719E0,2.594562292E0,-6.089548022E-2
1.440496218E2,-1.179292798E0,2.629555702E0,-1.089036837E-2
1.440596528E2,-1.338438034E0,3.266671896E0,-1.819642484E-1
1.440696837E2,-1.483194947E0,4.117733002E0,-1.159226522E-1
1.440797138E2,-1.506716490E0,4.528439522E0,-1.882781684E-1
1.440897448E2,-1.344101191E0,4.119585514E0,6.244939566E-2
1.440997758E2,-1.264973640E0,3.587959528E0,1.954002678E-1
1.441098067E2,-1.003626227E0,2.876182556E0,1.525209695E-1
1.441198368E2,-7.951184511E-1,2.258831978E0,2.835845053E-1
1.441298678E2,-6.668944359E-1,1.867879391E0,6.054200530E-1
1.441398987E2,-5.181192160E-1,1.680697560E0,6.040849686E-1
1.441499298E2,-3.649421632E-1,1.310098767E0,6.712853312E-1
1.441599598E2,9.086958319E-2,-3.872272372E-1,4.714747369E-1
1.441699908E2,3.145410120E-1,-1.376001716E0,4.083218575E-1
1.441800217E2,4.211680293E-1,-7.404272556E-1,2.138750106E-1
1.441900528E2,2.998203505E-3,5.228823423E-1,3.544299901E-1
1.442000828E2,-2.055215985E-1,1.269032359E0,2.767558396E-1
1.442101137E2,-1.777466983E-1,1.005314708E0,3.512915969E-1
1.442201448E2,-9.699530900E-2,6.317687035E-1,2.942691147E-1
1.442301748E2,-1.227265075E-1,7.125847340E-1,2.795948386E-1
1.442402058E2,-1.972767115E-1,1.193849206E0,1.904173046E-1
1.442502368E2,-3.363762796E-1,1.188445449E0,1.272420585E-1
1.442602678E2,-3.259845674E-1,1.011451960E0,2.616035007E-2
1.442702978E2,-2.775115669E-1,7.944908142E-1,-6.635573506E-2
1.442803287E2,-2.069372088E-1,7.931214571E-1,-1.750691831E-1
1.442903598E2,-1.300442964E-1,7.907693982E-1,-3.093555868E-1
1.443003908E2,-2.677134052E-2,4.070057273E-1,-4.385986030E-1
1.443104208E2,3.563371301E-2,2.028733119E-2,-6.728243828E-1
1.443204518E2,1.163989156E-1,-4.718834758E-1,-9.015635848E-1
1.443304828E2,1.175496578E-1,-5.860489607E-1,-1.158074021E0
1.443405138E2,-3.714657947E-2,-3.675442338E-1,-1.546923637E0
1.443505437E2,-1.916916817E-1,-8.828569204E-2,-1.944228649E0
1.443605748E2,-5.575211048E-1,2.727869526E-2,-2.743963718E0
1.443706058E2,-6.515786052E-1,3.574515581E-1,-3.537271500E0
1.443806368E2,-3.282161057E-1,2.675650418E-1,-3.432743311E0
1.443906668E2,-6.382673979E-1,2.119779438E-1,-3.983201504E0
1.444006978E2,-3.811893165E-1,5.359890461E-1,-4.549910069E0
1.444107288E2,-4.228971899E-3,4.900103509E-1,-4.213952065E0
1.444207587E2,-2.457413450E-2,3.170727789E-1,-4.303957462E0
1.444307898E2,-7.625250518E-2,-1.325170100E-1,-4.761685371E0
1.444408208E2,-1.633898616E-1,-1.097726583E0,-5.236785412E0
1.444508517E2,-5.098279715E-1,-1.698300481E0,-5.409950733E0
1.444608818E2,-6.261385679E-1,-1.127071142E0,-5.074340820E0
1.444709128E2,-5.409978628E-1,-5.842505097E-1,-4.164823055E0
1.444809438E2,-7.696844935E-1,-7.718949318E-1,-4.579517365E0
1.444909747E2,-4.223718643E0,-8.028689384E0,-1.043561268E1
1.445010048E2,-7.027771950E0,-1.255649376E1,-1.404360294E1
1.445110358E2,-4.589888096E0,-3.337880611E0,-1.187878418E1
1.445210667E2,-6.383331418E-1,3.045773983E0,-8.593665123E0
1.445310978E2,2.748161554E0,4.090732098E0,-7.003486633E0
1.445411288E2,3.891760111E0,2.627346277E0,-6.015108585E0
1.445511588E2,6.080915928E0,-7.545410395E-1,-3.931769848E0
1.445611897E2,3.588687420E0,2.031655312E-1,1.205672264E0
1.445712208E2,4.888143539E0,-5.777620792E0,2.957806349E0
1.445812518E2,4.688764095E0,-4.395619392E0,3.897479773E0
1.445912827E2,5.241782665E0,-4.803860664E0,3.271723986E0
1.446013128E2,4.810132027E0,-4.406767368E0,2.240837097E0
1.446113438E2,3.288481236E0,-3.279500484E0,1.393242717E0
1.446213748E2,1.152385473E0,-3.418053389E0,9.076770544E-1
1.446314057E2,-8.850128651E-1,-4.693306923E0,7.152181268E-1
1.446414358E2,-2.099623203E0,-6.052554607E0,7.031282187E-1
1.446514668E2,-2.118874550E0,-7.052166939E0,7.613720894E-1
1.446614977E2,-1.087274194E0,-7.310678482E0,7.409278154E-1
1.446715288E2,5.959387422E-1,-6.835487843E0,6.697207689E-1
1.446815598E2,2.295572996E0,-5.460330963E0,3.740254343E-1
1.446915898E2,3.519122839E0,-3.822720528E0,-2.291805446E-1
1.447016208E2,4.284564018E0,-2.668275118E0,-9.056711793E-1
1.447116518E2,4.608731270E0,-2.098798752E0,-1.384020448E0
1.447216828E2,4.272464752E0,-1.780976534E0,-1.463546276E0
1.447317127E2,3.439383268E0,-1.974687696E0,-1.171124458E0
1.447417438E2,2.628588915E0,-2.620388746E0,-7.449213266E-1
1.447517748E2,2.156218529E0,-3.016701937E0,-3.134181499E-1
1.447618058E2,2.179546833E0,-2.661795139E0,9.968648106E-2
1.447718368E2,2.296467781E0,-1.318008423E0,4.164654911E-1
1.447818668E2,2.402224541E0,5.648030639E-1,4.700948596E-1
1.447918978E2,2.411726475E0,1.675194025E0,1.089689881E-2
1.448019287E2,2.317820549E0,1.650476217E0,-4.352755249E-1
1.448119598E2,2.211430550E0,9.533575177E-1,-4.551056921E-1
1.448219908E2,2.246996164E0,-5.258774757E-2,-3.095678687E-1
1.448320208E2,2.472220182E0,-1.083494782E0,-2.817783058E-1
1.448420518E2,2.954098940E0,-1.811925650E0,-2.300654650E-1
1.448520828E2,3.566246510E0,-1.904012918E0,-5.902608484E-2
1.448621138E2,4.243432999E0,-1.667982340E0,2.332639843E-1
1.448721437E2,4.776277065E0,-1.127501249E0,4.823270738E-1
1.448821748E2,5.018448830E0,-6.214949489E-1,6.269791722E-1
1.448922058E2,4.850853920E0,-2.132318169E-1,7.047405243E-1
1.449022368E2,4.339249611E0,-4.074460641E-2,7.707694769E-1
1.449122678E2,3.632091522E0,-1.125649959E-1,7.559610009E-1
1.449222978E2,2.923578262E0,-4.177236259E-1,6.757457852E-1
1.449323288E2,2.155652523E0,-1.255438447E0,5.035108924E-1
1.449423597E2,1.868991494E0,-1.477258682E0,2.057695985E-1
1.449523908E2,1.650593162E0,-2.052683592E0,-7.765384763E-2
1.449624208E2,2.307168245E0,-1.963150978E0,-3.623146117E-1
1.449724517E2,3.266058922E0,-1.022507310E0,-6.372162104E-1
1.449824828E2,3.800474167E0,-6.119602919E-1,-5.216218233E-1
1.449925138E2,4.047417164E0,-3.109234273E-1,-3.550660908E-1
1.450025448E2,4.050882816E0,2.293188497E-2,-3.298878670E-1
1.450125747E2,3.835293770E0,1.179619953E-1,-7.802820206E-2
1.450226058E2,3.204549313E0,-1.127612710E0,3.853404522E-1
1.450326368E2,2.519652128E0,-1.372157216E0,9.526494145E-1
1.450426677E2,1.781383038E0,-1.852186084E0,1.376412988E0
1.450526978E2,1.389478683E0,-1.650774598E0,1.461454868E0
1.450627288E2,1.217445016E0,-1.138173461E0,1.313426971E0
1.450727598E2,9.380610585E-1,-5.333157778E-1,1.054367185E0
1.450827907E2,7.163070440E-1,-2.738742530E-1,6.087408662E-1
1.450928218E2,5.999588966E-1,-2.914212942E-1,6.157472730E-2
1.451028518E2,6.719853282E-1,-7.059127092E-1,-3.904814720E-1
1.451128827E2,9.449303150E-1,-1.167965174E0,-6.148120761E-1
1.451229138E2,1.326975584E0,-1.365100741E0,-6.355698109E-1
1.451329448E2,1.767064571E0,-1.275554657E0,-4.982212186E-1
1.451429748E2,2.029755831E0,-1.175728798E0,-3.147263229E-1
1.451530057E2,1.922211528E0,-1.659119248E0,-1.988950670E-1
1.451630371E2,1.627602816E0,-2.057966471E0,-1.418520510E-1
1.451730681E2,1.427853227E0,-1.259172082E0,-1.017951742E-1
1.451830991E2,1.239544988E0,-6.371577829E-2,-1.494420767E-1
1.451931291E2,1.144926667E0,4.286758006E-1,-2.701384127E-1
1.452031601E2,1.167635083E0,2.627720591E-3,-4.867917597E-1
1.452131911E2,1.201459408E0,-7.475618720E-1,-5.910041928E-1
1.452232221E2,1.256726503E0,-4.719019830E-1,-3.238133192E-1
1.452332531E2,1.284401774E0,-1.253893077E-1,-5.272427574E-2
1.452432831E2,1.152724624E0,-2.360635698E-1,6.293408573E-2
1.452533141E2,8.889955282E-1,-3.588118553E-1,1.705661416E-2
1.452633451E2,5.876480341E-1,-3.981011808E-1,1.433735043E-1
1.452733761E2,3.193238676E-1,-3.262347281E-1,2.737139463E-1
1.452834061E2,1.441650838E-1,-3.187477887E-1,3.538524508E-1
1.452934371E2,2.185514383E-2,-5.454965234E-1,3.207421601E-1
1.453034681E2,-6.401214749E-2,-7.553941607E-1,1.122242287E-1
1.453134991E2,2.687239945E-1,-3.872446716E-1,-4.628707767E-1
1.453235301E2,9.508989453E-1,-3.752625287E-1,-9.388746023E-1
1.453335601E2,1.186769485E0,-5.241907835E-1,-1.289491534E0
1.453435911E2,1.079274058E0,-4.972346723E-1,-1.319038033E0
1.453536221E2,9.316086769E-1,-7.855684757E-1,-1.123730063E0
1.453636531E2,7.947620749E-1,-1.311514974E0,-9.478904605E-1
1.453736831E2,6.594681740E-1,-1.787018299E0,-1.006833434E0
1.453837141E2,5.327699184E-1,-1.840999603E0,-1.154242516E0
1.453937451E2,1.374867857E-1,-1.256980062E0,-1.161953449E0
1.454037761E2,-3.813074827E-1,-7.066984773E-1,-1.071295023E0
1.454138071E2,-6.530995369E-1,-5.211229920E-1,-9.524368644E-1
1.454238371E2,-7.589379549E-1,-4.621794522E-1,-8.148638606E-1
1.454338681E2,-7.391024828E-1,-5.294293165E-1,-7.643053532E-1
1.454438991E2,-6.298336387E-1,-6.056602597E-1,-8.290497065E-1
1.454539301E2,-4.673102796E-1,-5.608477592E-1,-1.040194392E0
1.454639611E2,-2.865053713E-1,-4.711926579E-1,-1.327673197E0
1.454739911E2,-4.392185248E-3,-3.644765913E-1,-1.544195056E0
1.454840221E2,4.030460417E-1,-4.243114293E-1,-1.639614463E0
1.454940531E2,7.698019743E-1,-7.728803754E-1,-1.504188418E0
1.455040841E2,1.049664617E0,-9.334527850E-1,-1.297581911E0
1.455141141E2,1.174481034E0,-1.004057646E0,-1.144300580E0
1.455241451E2,1.240633488E0,-8.939514160E-1,-9.483795166E-1
1.455341761E2,1.278605103E0,-8.580299020E-1,-2.094439268E-1
1.455442071E2,1.300753117E0,-9.424644113E-1,6.621117890E-2
1.455542381E2,1.425665259E0,-1.147431493E0,6.459756941E-2
1.455642681E2,1.752572775E0,-1.022028208E0,-6.086611375E-2
1.455742991E2,2.031978607E0,-8.387284279E-1,-2.862116396E-1
1.455843301E2,2.085730076E0,-1.025520444E0,-6.012656093E-1
1.455943611E2,2.763732910E0,4.091973007E-1,-1.308201909E0
1.456043911E2,2.938139439E0,3.844826818E-1,-1.862293243E0
1.456144221E2,2.533043623E0,-6.377700567E-1,-1.589124203E0
1.456244531E2,2.402392626E0,-7.942749858E-1,-1.149225235E0
1.456344841E2,2.242281675E0,-1.040856838E0,-8.621462584E-1
1.456445151E2,1.797690868E0,-9.498338699E-1,-6.775847673E-1
1.456545451E2,1.066195369E0,-7.342821360E-1,-7.770413160E-1
1.456645761E2,3.924208879E-1,-4.535087347E-1,-8.145712018E-1
1.456746071E2,-4.694849253E-2,-6.022380590E-1,-7.625412941E-1
1.456846381E2,-2.413372993E-1,-9.358142614E-1,-7.538126111E-1
1.456946681E2,-4.020540118E-1,-1.170792460E0,-8.191628456E-1
1.457046991E2,-5.755575895E-1,-1.510901213E0,-8.822989464E-1
1.457147301E2,-6.888915896E-1,-1.490355730E0,-8.680995107E-1
1.457247611E2,-6.892876625E-1,-1.685715318E0,-9.071026444E-1
1.457347921E2,-4.726879895E-1,-2.275492430E0,-1.113588691E0
1.457448221E2,-2.423995733E-1,-2.854090214E0,-1.554793954E0
1.457548531E2,-2.081385404E-1,-3.027753830E0,-2.235908508E0
1.457648841E2,-5.042450428E-1,-2.767316103E0,-2.736598730E0
1.457749151E2,-9.638453722E-1,-2.546988487E0,-2.837178469E0
1.457849461E2,-9.836415648E-1,-2.530297041E0,-2.491325617E0
1.457949761E2,-4.455051124E-1,-2.296752691E0,-1.877795219E0
1.458050071E2,3.088759482E-1,-2.174099922E0,-1.302257538E0
1.458150381E2,9.698283076E-1,-2.207787991E0,-9.248378277E-1
1.458250691E2,1.484902143E0,-2.252645016E0,-8.610950708E-1
1.458350991E2,1.773639679E0,-2.313193321E0,-9.373503923E-1
1.458451301E2,1.794046521E0,-2.148897886E0,-1.039899707E0
1.458551611E2,1.505819321E0,-1.731123924E0,-1.136257172E0
1.458651921E2,1.093987703E0,-1.199132919E0,-1.214533210E0
1.458752221E2,6.093081236E-1,-6.233893633E-1,-1.180319309E0
1.458852531E2,1.669193953E-1,-2.042769492E-1,-1.041852951E0
1.458952841E2,-2.315832376E-1,7.030002028E-2,-7.944500446E-1
1.459053151E2,-3.843705356E-1,1.868630648E-1,-6.365940571E-1
1.459153461E2,-3.138391376E-1,1.099128872E-1,-5.918872952E-1
1.459253761E2,-1.355215013E-1,-1.860232204E-1,-6.109616160E-1
1.459354071E2,7.786560804E-2,-4.071737230E-1,-6.615648866E-1
1.459454381E2,2.402316332E-1,-5.855907798E-1,-7.509627342E-1
1.459554691E2,2.762895226E-1,-6.820009351E-1,-8.773142695E-1
1.459655001E2,1.837777346E-1,-6.454871297E-1,-1.020196915E0
1.459755301E2,-1.710897312E-3,-5.435953736E-1,-1.143732667E0
1.459855611E2,-8.836580068E-2,-2.094905078E-1,-1.166819215E0
1.459955921E2,1.707966067E-2,9.197480232E-2,-1.043042421E0
1.460056231E2,3.050397336E-1,2.797219455E-1,-8.214129210E-1
1.460156531E2,6.520451307E-1,3.786791563E-1,-5.381037593E-1
1.460256841E2,9.607422948E-1,4.589311481E-1,-5.111879706E-1
1.460357151E2,1.032875299E0,7.030383348E-1,-7.088717818E-1
1.460457461E2,9.932512045E-1,8.048440814E-1,-1.000777125E0
1.460557771E2,6.925057173E-1,9.171950817E-1,-1.353893399E0
1.460658071E2,2.276899219E-1,1.032633185E0,-1.610051513E0
1.460758381E2,-1.357998699E-1,1.082329869E0,-1.787333846E0
1.460858691E2,-2.234417647E-1,1.021026373E0,-1.914387226E0
1.460959001E2,-1.130175069E-1,8.993968964E-1,-1.962981224E0
1.461059301E2,4.053560644E-2,7.003609538E-1,-1.877726912E0
1.461159611E2,1.803885847E-1,5.317157507E-1,-1.648144364E0
1.461259921E2,2.934649289E-1,3.277664483E-1,-1.382509589E0
1.461360231E2,3.293430209E-1,1.092325374E-1,-1.160275936E0
1.461460541E2,2.821517885E-1,7.362365723E-4,-1.012311935E0
1.461560804E2,1.737092137E-1,-3.213497577E-3,-9.121043682E-1
1.461661114E2,1.064952984E-1,5.620260537E-2,-8.410891891E-1
1.461761424E2,9.449536353E-2,1.474848539E-1,-8.366869688E-1
1.461861734E2,1.312319338E-1,1.018379629E-1,-9.385563731E-1
1.461962044E2,1.377090067E-1,3.520693481E-1,-1.112417579E0
1.462062344E2,1.181707159E-1,8.338328004E-1,-1.152043819E0
1.462162654E2,1.487903893E-1,1.274647951E0,-9.726034999E-1
1.462262964E2,2.507254779E-1,1.383423686E0,-6.636911035E-1
1.462363274E2,3.208408952E-1,1.062924147E0,-4.590071738E-1
1.462463574E2,3.223797977E-1,2.424747050E-1,-5.157270432E-1
1.462563884E2,4.184141755E-1,-4.661863446E-1,-6.304706931E-1
1.462664194E2,5.890561938E-1,-8.167225122E-1,-6.964060068E-1
1.462764504E2,7.167187929E-1,-1.180164099E0,-8.800194860E-1
1.462864814E2,7.618209124E-1,-1.494078398E0,-1.088473916E0
1.462965114E2,6.445891261E-1,-1.743712425E0,-1.208721757E0
1.463065424E2,3.952525854E-1,-1.872842073E0,-1.202621818E0
1.463165734E2,1.321602017E-1,-2.003582239E0,-1.115721822E0
1.463266044E2,2.158487588E-2,-1.955661416E0,-9.936813712E-1
1.463366344E2,7.254046947E-2,-1.854719043E0,-9.216564298E-1
1.463466654E2,1.935234666E-1,-1.829850078E0,-9.473265409E-1
1.463566964E2,2.864824235E-1,-1.566425681E0,-9.798328280E-1
1.463667274E2,3.527323902E-1,-1.445278406E0,-9.920880795E-1
1.463767584E2,4.193921387E-1,-1.074400783E0,-9.374280572E-1
1.463867884E2,5.229384899E-1,-6.462195516E-1,-7.840700150E-1
1.463968194E2,6.195142269E-1,-3.181338608E-1,-5.901823044E-1
1.464068504E2,7.108641267E-1,-6.880063564E-2,-4.171403050E-1
1.464168814E2,7.913384438E-1,8.689814806E-2,-4.215382338E-1
1.464269114E2,8.330707550E-1,2.094036490E-1,-4.716963172E-1
1.464369424E2,7.994486094E-1,2.329688966E-1,-4.908497632E-1
1.464469734E2,7.109161019E-1,3.296738565E-1,-4.551372826E-1
1.464570044E2,6.019235849E-1,4.277463555E-1,-3.620630205E-1
1.464670354E2,5.078486204E-1,5.854082704E-1,-2.344020456E-1
1.464770654E2,4.952308536E-1,5.848593712E-1,-1.619861722E-1
1.464870964E2,5.887099504E-1,4.181608260E-1,-1.264757663E-1
1.464971274E2,7.117375731E-1,2.387239635E-1,-8.728814870E-2
1.465071584E2,7.631497383E-1,1.112905815E-1,-7.455445081E-2
1.465171894E2,7.116388679E-1,1.019086409E-2,-7.121510804E-2
1.465272194E2,6.140812635E-1,-6.496643275E-2,-8.191467077E-2
1.465372504E2,5.265194774E-1,-1.375913620E-1,-8.753633499E-2
1.465472814E2,4.893325865E-1,-2.176762968E-1,-8.443647623E-2
1.465573124E2,4.930690229E-1,-2.821935117E-1,-8.216480166E-2
1.465673424E2,5.034861565E-1,-3.407283127E-1,-6.778148562E-2
1.465773734E2,5.165185928E-1,-3.808373809E-1,-5.213674158E-2
1.465874044E2,5.251694918E-1,-3.979762495E-1,-3.059084713E-2
1.465974354E2,5.343955159E-1,-3.788608909E-1,-2.303279564E-2
1.466074664E2,5.389290452E-1,-3.528984487E-1,-3.131640330E-2
1.466174964E2,5.578143001E-1,-3.643340766E-1,-2.713470906E-2
1.466275274E2,5.921602845E-1,-3.655104637E-1,-2.806379646E-2
1.466375584E2,6.161897182E-1,-3.615415394E-1,-1.814165711E-2
1.466475894E2,6.035285592E-1,-3.356545568E-1,-8.046671748E-3
1.466576204E2,5.624660254E-1,-2.942985892E-1,1.527657732E-3
1.466676504E2,5.131625533E-1,-2.416636646E-1,-8.223444223E-3
1.466776814E2,4.701327384E-1,-2.353311926E-1,-1.132948883E-2
1.466877124E2,4.547237158E-1,-3.047822714E-1,-1.827508444E-3
1.466977434E2,4.584750235E-1,-3.851799071E-1,2.260177396E-3
1.467077734E2,4.329183102E-1,-4.506229758E-1,-1.159154996E-2
1.467178044E2,3.872656226E-1,-5.315868258E-1,-1.000217535E-2
1.467278354E2,3.106706738E-1,-6.309806705E-1,-1.679306664E-2
1.467378664E2,2.745822072E-1,-7.095593810E-1,7.534643635E-3
1.467478974E2,2.447070777E-1,-6.935794950E-1,2.350376919E-3
1.467579274E2,2.120316774E-1,-6.523020864E-1,1.777460799E-2
1.467679584E2,1.630576998E-1,-6.026731730E-1,2.487984486E-2
1.467779894E2,1.017139181E-1,-5.645276308E-1,4.175975919E-2
1.467880204E2,8.203019947E-2,-5.240032077E-1,5.201133713E-2
1.467980514E2,8.805400133E-2,-4.699636102E-1,5.915979296E-2
1.468080814E2,8.708603680E-2,-4.161002040E-1,6.073485315E-2
1.468181124E2,1.043702215E-1,-3.834322691E-1,5.671081319E-2
1.468281434E2,1.368287057E-1,-3.244979382E-1,3.305008262E-2
1.468381744E2,1.749854237E-1,-2.772526741E-1,4.678427055E-2
1.468482044E2,2.208009213E-1,-2.853990793E-1,8.311491460E-2
1.468582354E2,2.567975521E-1,-2.415634543E-1,4.171874374E-2
1.468682664E2,2.494244277E-1,-1.760368645E-1,4.727616906E-2
1.468782974E2,2.127037048E-1,-1.110573336E-1,5.223017931E-2
1.468883284E2,2.173145413E-1,-5.622316524E-2,6.447599083E-2
1.468983584E2,2.267370820E-1,2.456888929E-2,4.182447493E-2
1.469083894E2,2.222796828E-1,1.004371792E-1,4.513782263E-2
1.469184204E2,2.067689002E-1,1.569641083E-1,5.767358840E-2
1.469284514E2,1.952073723E-1,2.206008881E-1,5.321277305E-2
1.469384824E2,1.460712403E-1,2.689923942E-1,6.268137693E-2
1.469485124E2,1.002158672E-1,3.082644343E-1,5.799074844E-2
1.469585434E2,5.353518203E-2,3.085390031E-1,6.874619424E-2
1.469685744E2,2.554798499E-2,3.094074428E-1,7.461155951E-2
1.469786054E2,7.074169815E-3,3.176296949E-1,9.042167664E-2
1.469886354E2,2.632709965E-2,3.301235735E-1,9.356451780E-2
1.469986664E2,5.784294382E-2,3.310093582E-1,9.046699852E-2
1.470086974E2,9.947448969E-2,2.818598747E-1,1.122095883E-1
1.470187284E2,1.306217462E-1,2.484446913E-1,1.279826909E-1
1.470287594E2,1.289011687E-1,2.276931107E-1,1.572643965E-1
1.470387894E2,1.119621396E-1,2.268811017E-1,1.686400771E-1
1.470488204E2,9.772000462E-2,2.899787426E-1,1.808486730E-1
1.470588514E2,1.164982170E-1,3.496756256E-1,2.097197324E-1
1.470688824E2,1.599138081E-1,2.380417436E-1,1.949514449E-1
1.470789134E2,1.411968470E-1,5.033123121E-2,1.864873767E-1
1.470889434E2,3.617608547E-2,-1.559449881E-1,1.324651837E-1
1.470989744E2,-8.684118837E-2,-2.953079641E-1,1.278813630E-1
1.471090054E2,-1.265932769E-1,-4.127180576E-1,1.286421120E-1
1.471190364E2,-1.127115488E-1,-4.311513901E-1,1.362896413E-1
1.471290664E2,-1.172344685E-1,-3.781344593E-1,1.349199116E-1
1.471390974E2,-1.682768911E-1,-2.718314528E-1,9.530778229E-2
1.471491284E2,-2.565078437E-1,-1.271873415E-1,3.746194392E-2
1.471591627E2,-3.535134792E-1,-5.970203876E-2,-1.975340955E-2
1.471691937E2,-3.830645382E-1,-8.851231635E-2,-8.500625193E-2
1.471792237E2,-3.905530870E-1,-1.495498419E-1,-1.099036112E-1
1.471892547E2,-3.974883854E-1,-2.624236345E-1,-1.186966002E-1
1.471992857E2,-4.089460969E-1,-3.905451000E-1,-1.281739920E-1
1.472093167E2,-4.227295518E-1,-4.564493001E-1,-1.429587901E-1
1.472193477E2,-4.140031636E-1,-4.837935567E-1,-1.477988213E-1
1.472293777E2,-4.009760618E-1,-5.327887535E-1,-2.335170060E-1
1.472394087E2,-3.655879796E-1,-6.107866168E-1,-2.228574455E-1
1.472494397E2,-2.905930877E-1,-6.321771741E-1,-1.876101494E-1
1.472594707E2,-1.921783835E-1,-5.688024759E-1,-1.548873633E-1
1.472695007E2,-1.195511073E-1,-4.489498734E-1,-1.162350178E-1
1.472795317E2,-8.711034805E-2,-2.996362746E-1,-8.025570959E-2
1.472895627E2,-7.719422877E-2,-1.396103501E-1,-6.914316863E-2
1.472995937E2,-1.097692177E-1,2.801758237E-4,-7.663650811E-2
1.473096247E2,-1.692788154E-1,7.059395313E-2,-8.213987947E-2
1.473196547E2,-2.262243778E-1,9.549184889E-2,-9.709165990E-2
1.473296857E2,-2.587653995E-1,1.076423973E-1,-9.815731645E-2
1.473397167E2,-2.574812174E-1,7.965363562E-2,-9.128103405E-2
1.473497477E2,-2.209931165E-1,2.855484374E-3,-7.349614054E-2
1.473597787E2,-1.864226311E-1,-5.708268285E-2,-4.661046714E-2
1.473698087E2,-1.667820960E-1,-7.385217398E-2,-3.867973387E-2
1.473798397E2,-1.551243812E-1,-4.793428630E-2,1.945187803E-3
1.473898707E2,-1.716280282E-1,-3.383596987E-2,2.869470045E-2
1.473999017E2,-2.034592032E-1,-6.836199015E-2,4.460921884E-2
1.474099327E2,-2.317322195E-1,-7.487487793E-2,5.358872190E-2
1.474199627E2,-2.298517674E-1,-1.715112850E-2,4.914151132E-2
1.474299937E2,-1.942863762E-1,3.205315024E-2,3.652774170E-2
1.474400247E2,-1.804187745E-1,2.244446054E-2,1.670689881E-2
1.474500557E2,-1.877634227E-1,-1.049386337E-4,-1.440586336E-2
1.474600857E2,-1.954285353E-1,-2.602308802E-2,-4.621732235E-2
1.474701167E2,-2.042366266E-1,-3.839541227E-2,-5.757376552E-2
1.474801477E2,-2.081027329E-1,-5.604977161E-2,-6.077195704E-2
1.474901787E2,-2.031938881E-1,-6.860858202E-2,-7.051579654E-2
1.475002097E2,-1.946526021E-1,-7.894989848E-2,-6.347546726E-2
1.475102397E2,-1.599563360E-1,-1.387891620E-1,-1.143978611E-1
1.475202707E2,-9.909859300E-2,-1.272092015E-1,-1.571676880E-1
1.475303017E2,-1.987535134E-2,1.419863291E-2,-2.369579822E-1
1.475403327E2,3.429334238E-2,9.164655209E-2,-3.501100838E-1
1.475503637E2,-2.000074834E-2,1.768197864E-1,-4.052535594E-1
1.475603937E2,-1.239665598E-1,3.518909216E-1,-4.413212538E-1
1.475704247E2,-2.190770358E-1,5.923671722E-1,-4.767258465E-1
1.475804557E2,-2.476245314E-1,8.303325772E-1,-4.863129556E-1
1.475904867E2,-2.179789543E-1,9.722934961E-1,-4.157112837E-1
1.476005167E2,-1.697565615E-1,9.670883417E-1,-2.778133452E-1
1.476105477E2,-1.452846080E-1,9.032846689E-1,-1.040485054E-1
1.476205787E2,-2.149076313E-1,8.804773688E-1,8.971350640E-2
1.476306097E2,-3.535908461E-1,9.198698401E-1,2.615443468E-1
1.476406407E2,-4.759633541E-1,9.657656550E-1,3.213496208E-1
1.476506707E2,-5.088542700E-1,1.031411529E0,2.988669872E-1
1.476607017E2,-3.661511838E-1,1.210352778E0,2.737147510E-1
1.476707327E2,-7.750277221E-2,1.475268364E0,1.977917105E-1
1.476807637E2,2.092898488E-1,1.768009424E0,1.300454289E-1
1.476907947E2,3.803380728E-1,1.951926112E0,8.285890520E-2
1.477008247E2,4.455202818E-1,1.992402196E0,5.799350888E-2
1.477108557E2,5.029983521E-1,1.985284090E0,9.532352537E-2
1.477208867E2,5.759380460E-1,1.858055830E0,4.969559237E-2
1.477309177E2,6.639696956E-1,1.767819881E0,-5.534509569E-2
1.477409477E2,7.195610404E-1,1.787883401E0,-1.439809501E-1
1.477509787E2,6.962045431E-1,1.785342574E0,-2.217671722E-1
1.477610097E2,6.465075612E-1,1.745837569E0,-2.810531557E-1
1.477710407E2,6.233573556E-1,1.534687161E0,-2.988497317E-1
1.477810717E2,6.180651188E-1,1.542636156E0,-3.059739470E-1
1.477911017E2,5.324066281E-1,1.883164883E0,-3.138685524E-1
1.478011327E2,5.019715428E-1,1.825320244E0,-3.398511410E-1
1.478111637E2,5.684313178E-1,1.654576778E0,-3.874935210E-1
1.478211947E2,6.833381653E-1,1.418737411E0,-3.977251351E-1
1.478312257E2,7.902064323E-1,1.033346057E0,-3.874861896E-1
1.478412557E2,8.515105247E-1,7.487055659E-1,-3.558443785E-1
1.478512867E2,8.354593515E-1,5.692486763E-1,-3.141450286E-1
1.478613177E2,7.914152145E-1,4.027627110E-1,-2.912420928E-1
1.478713487E2,7.431461811E-1,2.932339013E-1,-2.771750689E-1
1.478813797E2,7.168663740E-1,1.137128994E-1,-2.756032944E-1
1.478914097E2,7.454515696E-1,-4.747290909E-2,-2.709383965E-1
1.479014407E2,7.884408236E-1,-5.691488087E-2,-2.390670031E-1
1.479114717E2,7.989608645E-1,-1.400869191E-1,-1.949568838E-1
1.479215027E2,8.149323463E-1,-2.831828296E-1,-1.539551169E-1
1.479315337E2,8.084153533E-1,-3.819180131E-1,-1.280046552E-1
1.479415637E2,7.517946362E-1,-5.404368639E-1,-9.740787745E-2
1.479515947E2,6.842831969E-1,-6.724473834E-1,-7.981658727E-2
1.479616257E2,6.273652911E-1,-7.392452955E-1,-7.286467403E-2
1.479716567E2,6.335824728E-1,-7.598835230E-1,-6.049075723E-2
1.479816867E2,6.691184044E-1,-8.425632715E-1,-6.736304611E-2
1.479917177E2,7.309377789E-1,-8.612226844E-1,-5.763744190E-2
1.480017487E2,7.703397870E-1,-8.602801561E-1,-4.431045055E-2
1.480117797E2,7.847164273E-1,-8.384222388E-1,-5.038835108E-2
1.480218107E2,7.970622778E-1,-8.017297387E-1,-7.527212799E-2
1.480318407E2,8.133060932E-1,-7.318518162E-1,-1.125265807E-1
1.480418717E2,8.278472424E-1,-6.562870145E-1,-1.494177580E-1
1.480519027E2,8.481369615E-1,-6.423161626E-1,-1.779772043E-1
1.480619337E2,9.040942192E-1,-6.995632052E-1,-2.012644112E-1
1.480719647E2,9.808236361E-1,-7.539814711E-1,-2.285148650E-1
1.480819947E2,9.217320681E-1,-4.974567592E-1,-2.341514528E-1
1.480920257E2,5.119113922E-1,4.235607758E-2,-2.005995512E-1
1.481020567E2,1.749562472E-1,1.779181659E-1,-1.972317100E-1
1.481120877E2,1.007086262E-1,1.219615936E-1,-3.009378016E-1
1.481221187E2,4.668986425E-2,1.057671756E-1,-3.261174560E-1
1.481321487E2,-7.302524149E-2,8.374163508E-2,-2.887062728E-1
1.481421797E2,-2.173344791E-1,7.644537091E-2,-2.785971761E-1
1.481522107E2,-3.677524924E-1,7.035213709E-2,-3.036535978E-1
1.481622382E2,-4.453452826E-1,-6.178590003E-3,-3.387964070E-1
1.481722683E2,-4.094534516E-1,-2.458051443E-1,-3.916432261E-1
1.481822993E2,-2.485332787E-1,-4.163715839E-1,-4.031861722E-1
1.481923302E2,-7.394281030E-2,-5.275547504E-1,-3.600928783E-1
1.482023613E2,6.416127086E-2,-5.883038044E-1,-3.441546559E-1
1.482123923E2,-6.448534876E-2,-3.679028153E-1,-2.613257468E-1
1.482224223E2,-4.751032293E-1,-1.558062583E-1,-1.981071085E-1
1.482324532E2,-8.840376139E-1,-7.002350688E-2,-1.838684529E-1
1.482424843E2,-1.128543019E0,-8.601631969E-2,-1.723169982E-1
1.482525153E2,-1.182769656E0,-1.866227090E-1,-1.732433587E-1
1.482625462E2,-1.104797959E0,-3.187445402E-1,-1.302122623E-1
1.482725763E2,-9.076893926E-1,-4.633776248E-1,-9.346704185E-2
1.482826073E2,-7.349517345E-1,-6.078895330E-1,-6.782718748E-2
1.482926383E2,-6.096801162E-1,-5.668597221E-1,-6.312543899E-2
1.483026692E2,-5.298106074E-1,-5.351630449E-1,-3.910718858E-2
1.483127003E2,-4.597794414E-1,-5.207429528E-1,-3.149734065E-2
1.483227303E2,-3.783298731E-1,-5.058524609E-1,-1.857861318E-2
1.483327612E2,-3.019167781E-1,-4.463778138E-1,2.347232401E-2
1.483427923E2,-2.156892121E-1,-3.763436079E-1,6.013340130E-2
1.483528233E2,-1.228501052E-1,-3.202450871E-1,7.017369568E-2
1.483628543E2,-5.458769575E-2,-2.263249904E-1,4.549019411E-2
1.483728842E2,-4.190974310E-2,-9.794314951E-2,2.566265874E-3
1.483829153E2,-8.169976622E-2,3.865769599E-3,-1.295889728E-2
1.483929463E2,-1.009659171E-1,6.851568073E-2,-1.639338583E-2
1.484029772E2,-6.964394450E-2,1.191242635E-1,-2.294795774E-2
1.484130073E2,-3.415445238E-2,1.483023614E-1,-4.346298054E-3
1.484230383E2,-1.810411364E-2,1.685439944E-1,1.353443228E-2
1.484330693E2,1.075338200E-2,1.177630126E-1,2.592140809E-2
1.484431002E2,3.597058356E-2,6.620261818E-2,3.151750937E-2
1.484531313E2,4.142592102E-2,4.113041610E-2,3.394325823E-2
1.484631613E2,1.170131378E-2,1.179143414E-2,2.575457282E-2
1.484731922E2,-3.332001716E-2,-1.594620943E-2,8.219532669E-3
1.484832233E2,-6.894112378E-2,-1.612730324E-2,6.859723479E-3
1.484932543E2,-8.681870252E-2,1.463938691E-2,8.927689865E-3
1.485032853E2,-9.794059396E-2,2.537565492E-2,2.014572173E-2
1.485133152E2,-8.212148398E-2,4.586901143E-2,2.646693215E-2
1.485233463E2,-5.327785388E-2,8.525077254E-2,2.647412196E-2
1.485333773E2,-3.931728378E-2,1.174929589E-1,2.126116306E-2
1.485434082E2,-3.739847615E-2,1.272561103E-1,3.439933434E-2
1.485534383E2,-3.297269344E-2,6.416870654E-2,4.439688474E-2
1.485634693E2,2.376835048E-2,1.696497574E-2,4.685870931E-2
1.485735003E2,8.414654434E-2,1.177957747E-3,5.628077686E-2
1.485835312E2,1.159063354E-1,8.968731016E-2,5.924221501E-2
1.485935623E2,1.406988353E-1,1.409830153E-1,6.263424456E-2
1.486035923E2,1.342787445E-1,1.729436219E-1,7.177314907E-2
1.486136232E2,1.373715401E-1,2.201754153E-1,9.189269692E-2
1.486236543E2,1.572190225E-1,2.238604277E-1,9.105034173E-2
1.486336853E2,2.037219554E-1,2.379254401E-1,9.653426707E-2
1.486437163E2,2.675025165E-1,2.848889530E-1,9.627913684E-2
1.486537463E2,3.369638324E-1,3.392443955E-1,9.296210110E-2
1.486637773E2,4.014821053E-1,3.871967494E-1,8.410043269E-2
1.486738083E2,4.227856696E-1,4.261719584E-1,7.504288107E-2
1.486838392E2,3.958560526E-1,4.238068163E-1,6.722170860E-2
1.486938703E2,3.537678719E-1,3.825164139E-1,6.327219307E-2
1.487039003E2,2.973464131E-1,3.076605499E-1,7.740426064E-2
1.487139313E2,2.049734890E-1,2.434810102E-1,8.784709126E-2
1.487239623E2,8.963064849E-2,1.888348013E-1,7.572331280E-2
1.487339933E2,-8.048604243E-3,1.281565130E-1,6.149806827E-2
1.487440233E2,-6.929118931E-2,7.921959460E-2,4.902116209E-2
1.487540542E2,-6.737379730E-2,7.648414373E-2,4.497700185E-2
1.487640853E2,-4.005535692E-2,8.938556165E-2,4.745826870E-2
1.487741163E2,-2.240806073E-2,1.203648299E-1,5.570071191E-2
1.487841473E2,-3.150089085E-2,1.539092064E-1,6.794672459E-2
1.487941773E2,-3.746439517E-2,1.603928059E-1,6.814554334E-2
1.488042083E2,-3.396260366E-2,1.378965378E-1,6.756684184E-2
1.488142393E2,-3.543622047E-2,1.163006723E-1,7.114347816E-2
1.488242702E2,-2.007457241E-2,6.339644641E-2,7.398001105E-2
1.488343013E2,1.147888415E-2,4.325444251E-2,7.632277906E-2
1.488443313E2,6.973606348E-2,5.061515421E-2,7.027847320E-2
1.488543623E2,1.056986228E-1,1.126490608E-1,5.104555190E-2
1.488643933E2,1.020567492E-1,1.812632829E-1,2.183254063E-2
1.488744243E2,8.581402153E-2,2.499111146E-1,-7.209544536E-3
1.488844553E2,7.292671502E-2,3.272596598E-1,-2.460451424E-2
1.488944852E2,6.028317288E-2,3.994913697E-1,-3.706689179E-2
1.489045163E2,5.195866525E-2,4.359242022E-1,-4.083686322E-2
1.489145473E2,7.574576139E-2,4.008285403E-1,-5.838736147E-2
1.489245783E2,1.687205210E-2,5.943431258E-1,-8.439739048E-2
1.489346083E2,-2.907412648E-1,7.588462830E-1,-1.031438783E-1
1.489446393E2,-5.285748839E-1,7.877544165E-1,-8.568925411E-2
1.489546703E2,-5.863749981E-1,7.452397346E-1,-5.863581970E-2
1.489647012E2,-4.714455009E-1,5.777543187E-1,-7.483687252E-3
1.489747323E2,-2.181200385E-1,3.974478841E-1,1.530926581E-2
1.489847623E2,5.734614283E-2,1.730813831E-1,2.514378726E-2
1.489947932E2,2.720574439E-1,-7.424972951E-2,3.646050766E-2
1.490048243E2,3.425883353E-1,-2.596875131E-1,6.959529221E-2
1.490148553E2,1.672559083E-1,-3.346601427E-1,1.089979187E-1
1.490248863E2,-1.969287097E-1,-3.990055621E-1,1.136344820E-1
1.490349162E2,-5.159146190E-1,-4.875689745E-1,1.157881692E-1
1.490449473E2,-7.159464955E-1,-5.897209048E-1,1.112224460E-1
1.490549783E2,-7.863476276E-1,-7.678778172E-1,1.174454242E-1
1.490650092E2,-7.957765460E-1,-8.742055893E-1,1.226657480E-1
1.490750403E2,-7.988620996E-1,-9.484967589E-1,1.109331101E-1
1.490850703E2,-8.489665389E-1,-9.898923635E-1,9.430779517E-2
1.490951013E2,-9.262862802E-1,-9.592454433E-1,7.178186625E-2
1.491051322E2,-9.904663563E-1,-9.512456059E-1,4.944699630E-2
1.491151633E2,-1.040414691E0,-1.004073858E0,2.772918344E-2
1.491251943E2,-1.053320408E0,-1.073843122E0,2.126356214E-2
1.491352242E2,-1.044118524E0,-1.233295560E0,5.955072492E-2
1.491452553E2,-1.049950957E0,-1.290423036E0,1.023434624E-1
1.491552863E2,-1.055533051E0,-1.236014485E0,1.101407185E-1
1.491653174E2,-1.074643850E0,-1.142567277E0,8.869161457E-2
1.491753484E2,-1.098892570E0,-9.724894762E-1,6.172404438E-2
1.491853784E2,-1.103734493E0,-8.283509612E-1,5.154731125E-2
1.491954094E2,-1.081912041E0,-8.988144994E-1,3.705653176E-2
1.492054404E2,-1.001878142E0,-1.086309552E0,6.211181730E-2
1.492154714E2,-8.718213439E-1,-1.225293398E0,1.297546774E-1
1.492255014E2,-7.356544733E-1,-1.352483630E0,1.999332458E-1
1.492355324E2,-6.695765853E-1,-1.412431002E0,2.472966462E-1
1.492455634E2,-6.795109510E-1,-1.451625228E0,2.954697907E-1
1.492555944E2,-7.520128489E-1,-1.397443652E0,3.277623653E-1
1.492656254E2,-8.294450641E-1,-1.270541668E0,3.396142423E-1
1.492756554E2,-8.861583471E-1,-1.133919954E0,3.543950915E-1
1.492856864E2,-8.782905340E-1,-1.073074460E0,3.476341367E-1
1.492957174E2,-8.232455850E-1,-1.082892537E0,3.249139786E-1
1.493057484E2,-7.495897412E-1,-1.143333793E0,3.097379506E-1
1.493157794E2,-6.861203909E-1,-1.213654399E0,2.926070392E-1
1.493258094E2,-6.392900348E-1,-1.277606964E0,2.723843455E-1
1.493358404E2,-6.111822128E-1,-1.352239847E0,2.507793307E-1
1.493458714E2,-5.943022966E-1,-1.353603482E0,2.267903835E-1
1.493559024E2,-5.647156239E-1,-1.127989769E0,1.825311333E-1
1.493659334E2,-5.346083641E-1,-8.340919614E-1,1.255136579E-1
1.493759634E2,-4.834256470E-1,-5.700267553E-1,8.614788204E-2
1.493859944E2,-4.351678193E-1,-3.427733481E-1,5.253292993E-2
1.493960254E2,-4.066199958E-1,-8.025512099E-2,5.776815861E-2
1.494060564E2,-3.922114968E-1,3.279632702E-2,9.494908154E-2
1.494160864E2,-3.754521012E-1,6.953778863E-2,1.314978153E-1
1.494261174E2,-3.714443147E-1,9.377522022E-2,1.577222347E-1
1.494361484E2,-3.692917228E-1,1.058361232E-1,1.777348220E-1
1.494461794E2,-3.823851645E-1,1.953939646E-1,1.786086261E-1
1.494562104E2,-4.184799790E-1,3.055343330E-1,1.646270007E-1
1.494662404E2,-4.701844752E-1,5.523544550E-1,1.432830989E-1
1.494762714E2,-5.326812863E-1,6.023177505E-1,1.369591951E-1
1.494863024E2,-5.736055374E-1,4.943356514E-1,8.617937565E-2
1.494963334E2,-5.565595031E-1,4.123089314E-1,1.544717699E-2
1.495063644E2,-5.053948760E-1,3.442406654E-1,-2.604034543E-2
1.495163944E2,-4.560795724E-1,2.841622829E-1,-6.239397451E-2
1.495264254E2,-3.992900550E-1,2.126798481E-1,-7.982196659E-2
1.495364564E2,-2.948586941E-1,1.553320587E-1,-6.974980235E-2
1.495464874E2,-1.526200771E-1,1.781710535E-1,-5.104615167E-2
1.495565184E2,-1.069104765E-2,2.233252674E-1,-4.551135749E-2
1.495665484E2,1.037393883E-1,2.310612202E-1,-4.173180088E-2
1.495765794E2,2.078076005E-1,2.461044937E-1,-6.347210705E-2
1.495866104E2,2.851389050E-1,2.525940537E-1,-6.633021683E-2
1.495966414E2,3.170252442E-1,2.451851964E-1,-5.235584080E-2
1.496066724E2,3.146928549E-1,2.273233682E-1,-3.342449293E-2
1.496167024E2,2.970871031E-1,2.203371376E-1,-1.820030622E-2
1.496267334E2,2.929607928E-1,2.356324643E-1,-5.163363367E-2
1.496367644E2,3.264327347E-1,3.138439059E-1,-1.283521354E-1
1.496467954E2,3.428774774E-1,4.844596088E-1,-2.372376025E-1
1.496568264E2,3.201561570E-1,6.572126150E-1,-3.156507909E-1
1.496668564E2,2.902387381E-1,7.512081265E-1,-3.104874790E-1
1.496768874E2,2.830537856E-1,9.065435529E-1,-3.123579621E-1
1.496869184E2,2.943448126E-1,1.074052334E0,-3.346795142E-1
1.496969494E2,3.453191221E-1,1.175096393E0,-3.300177157E-1
1.497069804E2,4.537771344E-1,1.195077538E0,-3.143865466E-1
1.497170104E2,6.154394746E-1,1.145621777E0,-3.009586632E-1
1.497270414E2,7.776377201E-1,9.437274933E-1,-3.271247447E-1
1.497370724E2,8.485900760E-1,3.949246407E-1,-3.857031763E-1
1.497471034E2,8.409428596E-1,-3.096447289E-1,-4.845317602E-1
1.497571334E2,7.947137952E-1,-8.774758577E-1,-5.523455143E-1
1.497671644E2,7.707130909E-1,-1.071323156E0,-5.293450952E-1
1.497771954E2,7.520028949E-1,-1.058367968E0,-4.980574548E-1
1.497872264E2,7.242418528E-1,-9.541251659E-1,-4.223121107E-1
1.497972574E2,7.261087298E-1,-7.752226591E-1,-3.611516654E-1
1.498072874E2,7.656705379E-1,-5.620027781E-1,-3.378857374E-1
1.498173184E2,7.797159553E-1,-4.381333590E-1,-3.248178363E-1
1.498273494E2,7.522361279E-1,-4.042659402E-1,-3.062966168E-1
1.498373804E2,7.122776508E-1,-3.996005356E-1,-2.858366966E-1
1.498474114E2,6.650155783E-1,-3.496465683E-1,-1.859543175E-1
1.498574414E2,5.384148955E-1,-4.266212583E-1,-1.328614950E-1
1.498674724E2,3.908408582E-1,-4.656836987E-1,-5.127369612E-2
1.498775034E2,2.050124109E-1,-3.547061384E-1,2.898154594E-2
1.498875344E2,-4.940948635E-2,7.825779170E-2,9.221963584E-2
1.498975654E2,-1.439327896E-1,4.679171443E-1,1.506770849E-1
1.499075954E2,-1.258185059E-1,5.539053082E-1,1.209074780E-1
1.499176264E2,-1.246779785E-2,6.134122610E-1,1.209366135E-2
1.499276574E2,1.637362540E-1,7.175593972E-1,-1.388596296E-1
1.499376884E2,3.924112618E-1,9.154533148E-1,-2.638241947E-1
1.499477194E2,5.512539148E-1,9.516111016E-1,-4.216969013E-1
1.499577494E2,7.602322102E-1,1.052668571E0,-4.503675401E-1
1.499677804E2,4.736827314E-1,1.615144730E0,-4.698456228E-1
1.499778114E2,-1.119258180E-1,1.727790117E0,-3.289064765E-1
1.499878424E2,-4.362003207E-1,1.139241695E0,-2.763026655E-1
1.499978734E2,-4.141015410E-1,8.069754839E-1,-3.372972608E-1
1.500079034E2,-3.816141784E-1,6.863329411E-1,-3.967211545E-1
1.500179344E2,-3.552630842E-1,6.164339185E-1,-3.375208378E-1
1.500279654E2,-3.987711370E-1,4.863744676E-1,-2.376778573E-1
1.500379964E2,-3.606484532E-1,1.697272956E-1,-2.670885026E-1
1.500480274E2,-2.362726927E-1,-8.962915838E-2,-2.553594112E-1
1.500580574E2,-1.288406551E-1,-2.773457468E-1,-2.120615095E-1
1.500680884E2,-1.476308405E-1,-3.884693384E-1,-9.470932186E-2
1.500781194E2,-3.443761170E-1,-5.199471712E-1,1.249746047E-2
1.500881504E2,-6.486864686E-1,-5.695288181E-1,6.878257543E-2
1.500981814E2,-1.014857769E0,-4.965265691E-1,1.087287292E-1
1.501082114E2,-1.360570192E0,-2.840124369E-1,1.350980252E-1
1.501182424E2,-1.583825231E0,-2.702373639E-2,1.251302958E-1
1.501282734E2,-1.638929725E0,1.511702389E-1,8.315248787E-2
1.501383044E2,-1.521246433E0,2.871489525E-1,5.550796539E-2
1.501483354E2,-1.286949039E0,2.765469253E-1,7.877858356E-3
1.501583653E2,-9.464113116E-1,2.503806055E-1,-2.875129133E-2
1.501683963E2,-5.790684819E-1,2.517324090E-1,-3.759298846E-2
1.501784273E2,-2.201397717E-1,3.365795910E-1,2.600816265E-2
1.501884582E2,8.932406455E-2,3.778609931E-1,1.033868343E-1
1.501984893E2,3.115181923E-1,4.061976373E-1,1.697623432E-1
1.502085193E2,4.126205742E-1,2.843081951E-1,1.957795620E-1
1.502185502E2,4.321827590E-1,1.864401251E-1,2.587189376E-1
1.502285813E2,3.975510001E-1,1.241226718E-1,3.171553612E-1
1.502386123E2,3.114889264E-1,1.032717600E-1,3.460916281E-1
1.502486433E2,1.966486275E-1,1.209226623E-1,3.401711583E-1
1.502586732E2,6.941369176E-2,1.439762264E-1,3.119169772E-1
1.502687043E2,-3.947656602E-2,1.620497704E-1,2.721754313E-1
1.502787353E2,-1.162663102E-1,1.537520140E-1,2.532047927E-1
1.502887662E2,-1.571700573E-1,1.501309127E-1,2.623833716E-1
1.502987973E2,-1.297767460E-1,1.485850364E-1,2.706598639E-1
1.503088273E2,-4.871705174E-2,1.358599216E-1,2.663655281E-1
1.503188583E2,3.741259128E-2,9.618968517E-2,2.507344186E-1
1.503288892E2,9.428253025E-2,5.258442461E-2,2.508934140E-1
1.503389203E2,1.183270216E-1,1.292032562E-2,2.793317437E-1
1.503489503E2,1.059555784E-1,-8.083227091E-3,3.176423907E-1
1.503589812E2,6.389512122E-2,2.038266510E-3,3.540340662E-1
1.503690123E2,2.977444790E-3,3.427103534E-2,3.788547218E-1
1.503790433E2,-5.436670780E-2,6.185183302E-2,3.908799291E-1
1.503890743E2,-8.806501329E-2,5.991144851E-2,3.896303773E-1
1.503991052E2,-9.167572856E-2,2.862960473E-2,3.704181612E-1
1.504091353E2,-8.550331742E-2,6.754668429E-3,3.368474245E-1
1.504191663E2,-6.694582105E-2,3.379944339E-2,3.158663809E-1
1.504291972E2,-2.564392611E-2,8.043538779E-2,2.896595597E-1
1.504392283E2,3.538539633E-2,1.060094759E-1,2.521177530E-1
1.504492593E2,1.134386510E-1,9.967301786E-2,2.009935826E-1
1.504592893E2,1.831516922E-1,1.055658758E-1,1.211737469E-1
1.504693202E2,2.186564207E-1,1.608206183E-1,3.452301770E-2
1.504793513E2,2.195469886E-1,2.816248834E-1,-4.862548411E-2
1.504893823E2,2.089436203E-1,4.043145776E-1,-1.223021001E-1
1.504994132E2,2.289723456E-1,5.020061135E-1,-1.822374910E-1
1.505094433E2,3.121577799E-1,5.579926968E-1,-2.214016765E-1
1.505194743E2,4.507614374E-1,5.380049348E-1,-2.381120324E-1
1.505295053E2,6.224280000E-1,4.766055346E-1,-2.271994352E-1
1.505395362E2,8.000416756E-1,4.034342766E-1,-2.141397595E-1
1.505495673E2,9.769445658E-1,4.094311893E-1,-2.292606533E-1
1.505595973E2,1.064404845E0,3.932264149E-1,-2.447224706E-1
1.505696282E2,1.090810299E0,2.977356017E-1,-3.304437697E-1
1.505796593E2,7.948462963E-1,7.769014835E-1,-2.871829271E-1
1.505896903E2,-3.273882568E-1,1.340918422E0,-2.373741120E-1
1.505997213E2,-8.987462521E-1,7.180696130E-1,-2.139763832E-1
1.506097513E2,-8.357343078E-1,-8.187048137E-2,-2.890439630E-1
1.506197823E2,-6.256079674E-1,-3.963421583E-1,-3.423606753E-1
1.506298133E2,-5.196490288E-1,-2.570748031E-1,-2.583981454E-1
1.506398442E2,-3.446501195E-1,-2.312417179E-1,-1.831285954E-1
1.506498753E2,-2.396107912E-1,-4.032424986E-1,-1.524417847E-1
1.506599053E2,-2.674997747E-1,-4.568179846E-1,-1.012895256E-1
1.506699363E2,-4.232976437E-1,-5.015449524E-1,-2.279232442E-2
1.506799673E2,-6.883207560E-1,-5.375860333E-1,4.893991724E-2
1.506899983E2,-9.797371626E-1,-4.562198520E-1,9.414228797E-2
1.507000293E2,-1.242353678E0,-2.910529077E-1,1.331292838E-1
1.507100592E2,-1.420022249E0,-1.044292301E-1,1.277632862E-1
1.507200903E2,-1.474616051E0,2.008672804E-2,7.982973009E-2
1.507301213E2,-1.400166869E0,8.126912266E-2,2.283355221E-2
1.507401523E2,-1.201103687E0,1.301314235E-1,-2.009202912E-2
1.507501832E2,-8.919835091E-1,1.566589028E-1,-3.377828002E-2
1.507602133E2,-5.162845254E-1,1.544220895E-1,-2.410511300E-2
1.507702443E2,-1.235854179E-1,1.387408674E-1,1.577172801E-2
1.507802752E2,1.877981126E-1,7.488635927E-2,7.890104502E-2
1.507903063E2,3.677252829E-1,1.410876401E-2,1.795704067E-1
1.508003373E2,4.368123412E-1,1.454255078E-2,3.025262058E-1
1.508103673E2,4.346277416E-1,-9.983565658E-3,3.841022849E-1
1.508203983E2,3.883750439E-1,-9.132120013E-2,4.145751297E-1
1.508304293E2,3.039570749E-1,-1.411441565E-1,3.974030614E-1
1.508404603E2,1.928605139E-1,-9.850113839E-2,3.738996685E-1
1.508504912E2,6.733641773E-2,-2.342689410E-2,3.138171732E-1
1.508605213E2,-4.673435166E-2,-4.871893674E-3,2.340656519E-1
1.508705523E2,-1.405985355E-1,-3.424465889E-3,1.595866084E-1
1.508805833E2,-2.389063388E-1,2.288867347E-2,9.005649388E-2
1.508906143E2,-3.184035420E-1,5.968823284E-2,8.889322728E-2
1.509006453E2,-3.530510068E-1,1.169829443E-1,8.730651438E-2
1.509106753E2,-3.604482114E-1,5.806344002E-2,6.710404158E-2
1.509207062E2,-3.352340162E-1,-5.463189259E-2,8.252555877E-2
1.509307373E2,-2.886702418E-1,-1.566293687E-1,1.226972044E-1
1.509407683E2,-2.264739126E-1,-2.402163893E-1,1.615068913E-1
1.509507993E2,-1.838897020E-1,-2.823846042E-1,2.149757147E-1
1.509608293E2,-1.501099020E-1,-2.750386298E-1,2.333953083E-1
1.509708603E2,-1.179069579E-1,-2.617276311E-1,1.972591430E-1
1.509808913E2,-7.232996076E-2,-1.815550476E-1,1.569663286E-1
1.509909222E2,-1.952587441E-2,-4.365656525E-2,9.475914389E-2
1.510009533E2,2.889389917E-2,7.504843920E-2,2.273828723E-2
1.510109833E2,7.644783705E-2,1.073525846E-1,-2.127976902E-2
1.510210142E2,1.142999306E-1,1.362908781E-1,-3.381840885E-3
1.510310453E2,1.476400495E-1,1.734901667E-1,4.963051155E-2
1.510410763E2,1.852167100E-1,2.108679116E-1,9.356547892E-2
1.510511073E2,2.333022207E-1,2.147665024E-1,1.299650371E-1
1.510611382E2,2.782745957E-1,2.253089249E-1,1.447734982E-1
1.510711683E2,3.156374097E-1,2.587611377E-1,1.530599296E-1
1.510811993E2,3.578537703E-1,2.849118710E-1,1.491322219E-1
1.510912303E2,3.884417713E-1,2.876144648E-1,1.564188898E-1
1.511012613E2,4.069201648E-1,2.700203955E-1,1.551855057E-1
1.511112923E2,4.243705273E-1,2.862965763E-1,1.496927291E-1
1.511213223E2,4.320753217E-1,3.158118129E-1,1.210235357E-1
1.511313532E2,4.309341609E-1,3.169748187E-1,6.300231069E-2
1.511413843E2,4.275481999E-1,3.061983287E-1,-2.307930961E-2
1.511514153E2,4.348375499E-1,3.063418865E-1,-1.149248108E-1
1.511614468E2,4.265938699E-1,3.168627620E-1,-1.860456467E-1
1.511714768E2,4.040597975E-1,3.344116509E-1,-2.299388051E-1
1.511815078E2,3.803403378E-1,3.660238385E-1,-2.490980178E-1
1.511915388E2,3.785823882E-1,3.898434043E-1,-2.604183257E-1
1.512015698E2,4.135712087E-1,4.831661284E-1,-2.822655439E-1
1.512116008E2,5.156661868E-1,6.159201860E-1,-3.036672473E-1
1.512216308E2,7.010934353E-1,7.171332240E-1,-3.342359066E-1
1.512316618E2,9.600868821E-1,7.252249718E-1,-3.774843216E-1
1.512416928E2,1.239666224E0,6.322568059E-1,-4.239728451E-1
1.512517238E2,1.459722161E0,5.167927742E-1,-4.600959718E-1
1.512617548E2,4.296419024E-1,1.705632567E0,-3.435788155E-1
1.512717848E2,-7.349336743E-1,1.403747559E0,-2.523226738E-1
1.512818158E2,-9.582670331E-1,1.204685196E-1,-2.361243218E-1
1.512918468E2,-6.486050487E-1,-4.863372743E-1,-3.485845327E-1
1.513018778E2,-3.574116826E-1,-5.739204884E-1,-2.495110929E-1
1.513119088E2,-1.866567284E-1,-4.447867274E-1,-7.404633611E-2
1.513219388E2,1.142200828E-1,-4.843064249E-1,8.257068694E-2
1.513319698E2,3.607395589E-1,-7.496768832E-1,1.434787810E-1
1.513420008E2,3.993569613E-1,-8.022358418E-1,1.713209897E-1
1.513520318E2,2.080104500E-1,-7.762660384E-1,2.460628748E-1
1.513620628E2,-1.166265458E-1,-7.878155112E-1,3.299147189E-1
1.513720938E2,-4.490915835E-1,-7.567172647E-1,3.921655715E-1
1.513821238E2,-7.262222171E-1,-6.488271356E-1,4.121972620E-1
1.513921548E2,-9.352974296E-1,-5.482102633E-1,3.896975219E-1
1.514021858E2,-1.081515670E0,-4.356678426E-1,3.576526344E-1
1.514122168E2,-1.152135491E0,-3.019268215E-1,3.213308454E-1
1.514222478E2,-1.099742055E0,-1.691554487E-1,2.875683308E-1
1.514322778E2,-9.073603749E-1,-8.393269032E-2,2.588903606E-1
1.514423088E2,-5.875003338E-1,-8.037258685E-2,2.315964401E-1
1.514523398E2,-1.866908818E-1,-9.169075638E-2,2.208156884E-1
1.514623708E2,2.067391425E-1,-1.157852858E-1,2.470769584E-1
1.514724018E2,4.914590418E-1,-1.539702117E-1,2.995777130E-1
1.514824318E2,6.436118484E-1,-1.312847733E-1,3.436034024E-1
1.514924628E2,6.665003896E-1,-8.007698506E-2,3.306777477E-1
1.515024938E2,5.850294232E-1,-4.862659052E-2,2.703333795E-1
1.515125248E2,4.624198973E-1,2.099350095E-2,1.922745407E-1
1.515225558E2,3.293626308E-1,9.223771840E-2,1.214215383E-1
1.515325858E2,2.208526731E-1,1.197931841E-1,6.982012838E-2
1.515426168E2,1.446679533E-1,8.373285085E-2,3.279214352E-2
1.515526478E2,8.808404207E-2,1.442461461E-2,8.679881692E-3
1.515626788E2,3.887775168E-2,-2.750876173E-2,-2.454727329E-2
1.515727098E2,-1.905052736E-2,-1.063124649E-2,-2.412143350E-2
1.515827398E2,-6.077960134E-2,3.460538015E-2,-4.711293429E-2
1.515927708E2,-9.600869566E-2,1.096077450E-2,-9.272462875E-2
1.516028018E2,-1.123174429E-1,-5.003309995E-2,-1.100247726E-1
1.516128328E2,-1.043822914E-1,-8.906518668E-2,-9.645863622E-2
1.516228638E2,-7.436811179E-2,-1.359068751E-1,-7.780303806E-2
1.516328948E2,-2.668048441E-2,-1.605064869E-1,-5.139379948E-2
1.516429248E2,2.103398368E-2,-9.884403646E-2,-3.908855468E-2
1.516529558E2,8.437594026E-2,-5.812323838E-2,-5.974323303E-2
1.516629868E2,1.465366483E-1,-7.451335341E-2,-1.015013754E-1
1.516730178E2,1.935390234E-1,-6.019406766E-2,-1.420125812E-1
1.516830488E2,2.322126031E-1,-7.825955749E-3,-1.618677676E-1
1.516930788E2,2.732191682E-1,4.489531368E-2,-1.816737056E-1
1.517031098E2,3.095079064E-1,6.238082051E-2,-2.142108530E-1
1.517131408E2,3.273873329E-1,5.793440342E-2,-2.561830580E-1
1.517231718E2,3.371308148E-1,5.835609511E-2,-2.933968604E-1
1.517332028E2,3.443149626E-1,1.729254797E-2,-3.109822273E-1
1.517432328E2,3.731001914E-1,2.278769389E-4,-3.323717713E-1
1.517532638E2,3.890192211E-1,3.239645623E-3,-3.681414723E-1
1.517632948E2,3.892556727E-1,4.795827717E-2,-4.196088314E-1
1.517733258E2,3.757332265E-1,9.978952259E-2,-4.623043835E-1
1.517833568E2,3.790712059E-1,1.306318492E-1,-4.969656765E-1
1.517933868E2,3.810017407E-1,1.686618030E-1,-5.308938026E-1
1.518034178E2,3.743408322E-1,1.779914498E-1,-5.496776700E-1
1.518134488E2,3.551572859E-1,1.927456260E-1,-5.334270597E-1
1.518234798E2,3.546662033E-1,2.487159371E-1,-4.942351580E-1
1.518335108E2,4.038859308E-1,3.450011909E-1,-4.535873532E-1
1.518435408E2,5.363205671E-1,4.034573138E-1,-4.251474440E-1
1.518535718E2,7.385618091E-1,4.066749513E-1,-4.161472619E-1
1.518636028E2,8.137537837E-1,5.705249310E-1,-4.367879033E-1
1.518736338E2,-2.545778640E-2,1.096149564E0,-3.542664051E-1
1.518836648E2,-6.645690203E-1,4.109637737E-1,-3.215790689E-1
1.518936948E2,-6.005660892E-1,-3.414239585E-1,-3.735248148E-1
1.519037258E2,-3.251707554E-1,-7.433600426E-1,-4.147073030E-1
1.519137568E2,-1.664601862E-1,-7.120772004E-1,-2.640189826E-1
1.519237878E2,-1.446728408E-2,-5.919474959E-1,-1.147279218E-1
1.519338188E2,1.601932049E-1,-6.714417934E-1,-1.243537292E-2
1.519438488E2,1.704042405E-1,-8.082838058E-1,6.533826143E-2
1.519538798E2,2.129412070E-2,-9.157910943E-1,1.645743102E-1
1.519639108E2,-2.411431372E-1,-9.101806283E-1,2.790077031E-1
1.519739418E2,-5.193134546E-1,-7.832586169E-1,3.839817643E-1
1.519839728E2,-7.165806293E-1,-6.125191450E-1,4.357675016E-1
1.519940038E2,-8.304347396E-1,-4.852599800E-1,4.346766770E-1
1.520040338E2,-8.697904348E-1,-3.852021098E-1,4.173384607E-1
1.520140648E2,-8.233337402E-1,-2.688851058E-1,3.928637207E-1
1.520240958E2,-6.729889512E-1,-1.628940403E-1,3.418046236E-1
1.520341268E2,-4.467521012E-1,-1.498533338E-1,3.118549883E-1
1.520441578E2,-1.821146309E-1,-1.823916584E-1,2.935448289E-1
1.520541878E2,-3.838222474E-2,-1.539040953E-1,2.415817380E-1
1.520642188E2,-1.428327560E-1,2.928631008E-1,2.147646844E-1
1.520742498E2,-2.768568695E-1,8.166200519E-1,2.161647081E-1
1.520842808E2,-3.284109235E-1,1.015297294E0,1.330534965E-1
1.520943118E2,-2.365435809E-1,1.089018941E0,6.056891382E-2
1.521043418E2,-7.610133290E-2,9.929001331E-1,-1.058040000E-2
1.521143728E2,1.370420903E-1,9.714976549E-1,-1.529772282E-1
1.521244038E2,2.917055786E-1,7.879946828E-1,-2.359938622E-1
1.521344348E2,3.658693135E-1,6.264015436E-1,-2.689062655E-1
1.521444658E2,3.286348581E-1,5.245741606E-1,-2.904559374E-1
1.521544958E2,2.285431474E-1,5.048974156E-1,-2.998795509E-1
1.521645256E2,1.412774920E-1,5.030353069E-1,-2.875336409E-1
1.521745566E2,1.122998968E-1,5.215642452E-1,-2.709597349E-1
1.521845876E2,1.512045115E-1,5.838825703E-1,-2.269079089E-1
1.521946186E2,2.284961045E-1,6.749365330E-1,-1.832525730E-1
1.522046486E2,3.156125247E-1,7.916104198E-1,-1.724470258E-1
1.522146796E2,3.863668740E-1,9.059409499E-1,-1.914350986E-1
1.522247106E2,4.215472043E-1,1.030843973E0,-2.064735144E-1
1.522347416E2,4.374361336E-1,1.096620321E0,-2.074349076E-1
1.522447726E2,4.159251750E-1,1.047534704E0,-1.779601872E-1
1.522548026E2,3.466158807E-1,9.190654159E-1,-1.327770054E-1
1.522648336E2,2.489737570E-1,7.933897972E-1,-6.831011921E-2
1.522748646E2,1.384506971E-1,7.181743979E-1,-4.544189200E-3
1.522848956E2,5.514739454E-2,6.873201132E-1,4.651364684E-2
1.522949266E2,-3.550008638E-3,6.255624890E-1,6.221644580E-2
1.523049566E2,-2.865769900E-2,5.678929687E-1,6.476567686E-2
1.523149876E2,-2.124132775E-2,5.434063077E-1,6.211822480E-2
1.523250186E2,-3.818382742E-3,4.882344604E-1,7.093267143E-2
1.523350496E2,1.641045511E-2,3.808819056E-1,8.663254231E-2
1.523450806E2,3.671651334E-2,2.333508432E-1,1.227505133E-1
1.523551106E2,3.489597514E-2,3.730571270E-2,1.742209047E-1
1.523651416E2,-2.609486878E-2,-1.974223554E-1,2.132007629E-1
1.523751726E2,-1.688134074E-1,-4.376828671E-1,2.421607822E-1
1.523852036E2,-3.400245607E-1,-6.185362935E-1,2.840419114E-1
1.523952346E2,-4.920756221E-1,-7.542712092E-1,3.164533675E-1
1.524052656E2,-6.068559885E-1,-8.671466708E-1,3.194383383E-1
1.524152956E2,-6.743758917E-1,-9.258939028E-1,3.060125411E-1
1.524253266E2,-7.231061459E-1,-9.020603299E-1,2.867542207E-1
1.524353576E2,-7.282886505E-1,-9.526041746E-1,2.767516673E-1
1.524453886E2,-7.138269544E-1,-1.076808453E0,2.780040801E-1
1.524554196E2,-6.921083331E-1,-1.112191677E0,2.810627222E-1
1.524654496E2,-6.591120958E-1,-1.103394151E0,3.089321256E-1
1.524754806E2,-6.169515848E-1,-1.203751087E0,3.471857607E-1
1.524855116E2,-5.739462376E-1,-1.382036448E0,4.097774625E-1
1.524955426E2,-4.636602402E-1,-1.520030737E0,5.267499089E-1
1.525055736E2,-2.657629550E-1,-1.647745967E0,7.059628963E-1
1.525156036E2,1.165881753E-2,-1.853828549E0,8.644174933E-1
1.525256346E2,3.069257140E-1,-2.063020706E0,9.503704906E-1
1.525356656E2,5.668023229E-1,-2.103414536E0,9.883170724E-1
1.525456966E2,6.691541672E-1,-2.121491909E0,1.013033748E0
1.525557276E2,5.097959638E-1,-1.990897417E0,1.003518224E0
1.525657576E2,2.692909837E-1,-1.849860311E0,9.682240486E-1
1.525757886E2,8.492780477E-2,-1.873511314E0,9.612644315E-1
1.525858196E2,-1.535246670E-1,-1.863224149E0,8.618609309E-1
1.525958506E2,-4.438987076E-1,-1.882918239E0,7.344478965E-1
1.526058816E2,-8.527103066E-1,-2.032755375E0,6.018564105E-1
1.526159116E2,-1.395204067E0,-2.228617668E0,3.880506456E-1
1.526259426E2,-1.887551069E0,-2.134961843E0,9.848795086E-2
1.526359736E2,-2.189607859E0,-1.486930966E0,-2.003661394E-1
1.526460046E2,-2.289705753E0,-7.457858324E-1,-3.830000758E-1
1.526560356E2,-2.308050156E0,-1.660508215E-1,-5.115069151E-1
1.526660656E2,-2.285672903E0,4.875185341E-2,-5.862009525E-1
1.526760966E2,-2.243423939E0,2.234501392E-2,-5.503444076E-1
1.526861276E2,-2.231246233E0,-6.410520524E-2,-3.750495613E-1
1.526961586E2,-2.166850805E0,-1.245784089E-1,-1.235707104E-1
1.527061896E2,-1.947559595E0,-1.160687804E-1,3.634648398E-2
1.527162196E2,-1.614765406E0,-2.094465494E-2,6.696857512E-2
1.527262506E2,-1.167403579E0,1.569038033E-1,7.329767197E-2
1.527362816E2,-7.325735688E-1,3.330759108E-1,1.444405615E-1
1.527463126E2,-3.718856871E-1,4.170519710E-1,2.083842009E-1
1.527563436E2,-2.697023153E-1,2.534207106E-1,2.768532932E-1
1.527663736E2,-3.847941458E-1,-1.215319186E-1,3.714914024E-1
1.527764046E2,-6.254770756E-1,-3.658378124E-1,4.986768067E-1
1.527864356E2,-9.380303621E-1,-5.634385347E-1,5.409957767E-1
1.527964666E2,-1.185327411E0,-5.851531625E-1,5.017999411E-1
1.528064976E2,-1.251664519E0,-4.012829661E-1,4.590005577E-1
1.528165276E2,-1.206843019E0,-1.267672628E-1,4.303468168E-1
1.528265586E2,-1.109504104E0,1.449757665E-1,4.059371650E-1
1.528365896E2,-9.507089257E-1,4.096761346E-1,4.220202565E-1
1.528466206E2,-7.564291954E-1,7.085981965E-1,4.815143943E-1
1.528566516E2,-5.960469842E-1,8.288063407E-1,4.652046561E-1
1.528666816E2,-5.164163709E-1,7.199475765E-1,3.812692165E-1
1.528767126E2,-5.005772710E-1,4.775924683E-1,2.338288873E-1
1.528867436E2,-4.878719747E-1,3.387971818E-1,1.076482013E-1
1.528967746E2,-4.986170232E-1,3.561442196E-1,3.488025069E-2
1.529068056E2,-5.108860731E-1,3.716419041E-1,-2.184477076E-2
1.529168356E2,-4.608545899E-1,2.754604816E-1,-7.768939435E-2
1.529268666E2,-3.804197907E-1,1.435311139E-1,-1.269423068E-1
1.529368976E2,-3.330695927E-1,6.574975699E-2,-1.719358712E-1
1.529469286E2,-2.953406870E-1,8.246136829E-3,-1.995197237E-1
1.529569596E2,-2.533809841E-1,-5.930387974E-2,-2.110765129E-1
1.529669896E2,-1.989352256E-1,-9.979712963E-2,-2.334149480E-1
1.529770206E2,-1.183295995E-1,-3.445806727E-2,-2.758138180E-1
1.529870516E2,1.456079446E-2,6.637594849E-2,-3.195959926E-1
1.529970826E2,1.746924073E-1,1.344045401E-1,-3.709896803E-1
1.530071136E2,2.659361660E-1,1.576228291E-1,-4.033471346E-1
1.530171436E2,2.677268684E-1,1.514940858E-1,-3.904773891E-1
1.530271746E2,1.594900340E-1,9.759362042E-2,-3.250076175E-1
1.530372056E2,-6.442721933E-2,5.728801340E-2,-2.512404621E-1
1.530472366E2,-3.622533679E-1,5.023309961E-2,-2.123282999E-1
1.530572676E2,-6.209664345E-1,5.910142511E-2,-2.025853992E-1
1.530672976E2,-7.532457113E-1,1.069143787E-1,-2.091456950E-1
1.530773286E2,-7.297944427E-1,1.340754181E-1,-1.995588392E-1
1.530873596E2,-5.661973953E-1,1.464201063E-1,-1.794326752E-1
1.530973906E2,-1.302986443E-1,2.299975604E-1,-1.958824843E-1
1.531074216E2,3.339877427E-1,7.108122110E-2,-2.970360816E-1
1.531174516E2,5.411172509E-1,-3.934904635E-1,-2.891648412E-1
1.531274826E2,4.932021797E-1,-6.201466918E-1,-1.843631566E-1
1.531375136E2,3.393141031E-1,-5.034176707E-1,-7.898905873E-2
1.531475446E2,1.392888427E-1,-2.480197251E-1,-1.307208836E-2
1.531575756E2,-6.553248316E-2,-6.972242147E-2,2.758692391E-2
1.531676060E2,-2.181756645E-1,9.038137272E-3,9.376332164E-2
1.531776370E2,-3.030905426E-1,-1.845047809E-2,1.858575493E-1
1.531876680E2,-2.296984345E-1,-5.724353343E-2,2.163740396E-1
1.531976990E2,-2.605290338E-2,-1.236848757E-1,1.695697755E-1
1.532077300E2,2.099615037E-1,-2.996924818E-1,7.733580470E-2
1.532177600E2,4.414725006E-1,-3.810824156E-1,-1.029045135E-2
1.532277910E2,6.394075751E-1,-4.107698500E-1,-6.261478364E-2
1.532378220E2,7.447822094E-1,-4.016943276E-1,-1.150172725E-1
1.532478530E2,7.803452015E-1,-3.177764714E-1,-1.546371728E-1
1.532578840E2,7.675659657E-1,-1.834838986E-1,-1.797225624E-1
1.532679140E2,7.346414924E-1,-3.036273271E-2,-2.105058283E-1
1.532779450E2,6.511689425E-1,5.890403315E-2,-2.346625626E-1
1.532879760E2,5.531222820E-1,1.222337261E-1,-2.380429059E-1
1.532980070E2,4.746053815E-1,1.602348983E-1,-2.294992059E-1
1.533080380E2,4.335000217E-1,1.161692515E-1,-2.117754370E-1
1.533180680E2,4.215523005E-1,-8.049096912E-3,-1.753327399E-1
1.533280990E2,4.211285710E-1,-1.446617097E-1,-1.321105212E-1
1.533381300E2,4.264325202E-1,-2.398761064E-1,-6.920079142E-2
1.533481610E2,4.261564612E-1,-3.017516136E-1,-9.102716111E-3
1.533581920E2,4.318191409E-1,-3.562438786E-1,-5.560711958E-3
1.533682220E2,4.846024811E-1,-3.731150925E-1,-5.704485252E-2
1.533782530E2,5.442135930E-1,-3.230164945E-1,-9.099429846E-2
1.533882840E2,6.025224328E-1,-2.473544925E-1,-1.096867397E-1
1.533983150E2,6.539536715E-1,-2.402108312E-1,-8.751858771E-2
1.534083460E2,6.882669926E-1,-3.004411161E-1,-2.816314995E-2
1.534183760E2,7.248449326E-1,-3.728812337E-1,1.475395635E-2
1.534284070E2,7.927488685E-1,-4.068979621E-1,1.750465296E-2
1.534384380E2,8.622919917E-1,-3.906700015E-1,-1.646689512E-2
1.534484690E2,8.972820044E-1,-3.257046640E-1,-5.489649624E-2
1.534585000E2,8.818532228E-1,-2.745309770E-1,-8.365037292E-2
1.534685300E2,7.998791337E-1,-3.190581799E-1,-9.546314180E-2
1.534785610E2,7.031523585E-1,-4.513863921E-1,-1.049043164E-1
1.534885920E2,6.133408546E-1,-5.335725546E-1,-1.125937328E-1
1.534986230E2,5.491498709E-1,-4.698593318E-1,-1.199752167E-1
1.535086530E2,5.279331803E-1,-3.079873919E-1,-1.274730265E-1
1.535186840E2,5.505924225E-1,-5.344032124E-2,-1.394053251E-1
1.535287150E2,6.085646749E-1,2.296750247E-1,-1.684529781E-1
1.535387460E2,6.767642498E-1,4.706506133E-1,-2.085452676E-1
1.535487770E2,7.359295487E-1,5.842579007E-1,-2.489070594E-1
1.535588070E2,7.908108830E-1,5.802343488E-1,-2.701002359E-1
1.535688380E2,8.585609794E-1,4.447735846E-1,-2.866061032E-1
1.535788690E2,9.080233574E-1,2.155782282E-1,-2.773974240E-1
1.535889000E2,9.102278948E-1,3.425210714E-2,-2.680393457E-1
1.535989310E2,8.804470897E-1,-8.488973230E-2,-3.062599599E-1
1.536089610E2,8.414552212E-1,-2.705101371E-1,-3.206056654E-1
1.536189920E2,8.085169792E-1,-3.459388316E-1,-2.857390344E-1
1.536290230E2,7.323524356E-1,-2.616506815E-1,-2.123267800E-1
1.536390540E2,6.677388549E-1,4.005379230E-2,-1.541050225E-1