id,Route9,distance,angle,Z_1
,Run9,0,235.713123023435,156.459014892578
,Run9,1,235.713123023435,156.4580078125
,Run9,2,235.713123023435,156.460006713867
,Run9,3,235.713123023435,156.476013183594
,Run9,4,235.713123023435,156.475006103516
,Run9,5,235.713123023435,156.47200012207
,Run9,6,235.713123023435,156.471008300781
,Run9,7,235.713123023435,156.454010009766
,Run9,8,235.713123023435,156.452011108398
,Run9,9,235.713123023435,156.452011108398
,Run9,10,235.713123023435,156.444000244141
,Run9,11,235.713123023435,156.448013305664
,Run9,12,235.713123023435,156.424011230469
,Run9,13,235.713123023435,156.428009033203
,Run9,14,235.713123023435,156.428009033203
,Run9,15,235.713123023435,156.441009521484
,Run9,16,235.713123023435,156.415008544922
,Run9,17,235.713123023435,156.428009033203
,Run9,18,235.713123023435,156.410003662109
,Run9,19,235.713123023435,156.421005249023
,Run9,20,235.713123023435,156.434005737305
,Run9,21,235.713123023435,156.421005249023
,Run9,22,235.713123023435,156.425003051758
,Run9,23,235.713123023435,156.401000976562
,Run9,24,235.713123023435,156.415008544922
,Run9,25,235.713123023435,156.417007446289
,Run9,26,235.713123023435,156.427001953125
,Run9,27,235.713123023435,156.442001342773
,Run9,28,235.713123023435,156.410003662109
,Run9,29,235.713123023435,156.406005859375
,Run9,30,235.713123023435,156.422012329102
,Run9,31,235.713123023435,156.421005249023
,Run9,32,260.311213439147,156.421005249023
,Run9,33,260.311213439147,156.412002563477
,Run9,34,260.311213439147,156.401000976562
,Run9,35,260.311213439147,156.439010620117
,Run9,36,260.311213439147,156.407012939453
,Run9,37,260.311213439147,156.405014038086
,Run9,38,260.311213439147,156.411010742188
,Run9,39,260.311213439147,156.410003662109
,Run9,40,260.311213439147,156.422012329102
,Run9,41,260.311213439147,156.388000488281
,Run9,42,260.311213439147,156.40901184082
,Run9,43,260.311213439147,156.424011230469
,Run9,44,260.311213439147,156.432006835938
,Run9,45,260.311213439147,156.453002929688
,Run9,46,260.311213439147,156.476013183594
,Run9,47,260.311213439147,156.416000366211
,Run9,48,260.311213439147,156.424011230469
,Run9,49,260.311213439147,156.434005737305
,Run9,50,260.311213439147,156.43000793457
,Run9,51,260.311213439147,156.43000793457
,Run9,52,260.311213439147,156.400009155273
,Run9,53,260.311213439147,156.402008056641
,Run9,54,260.311213439147,156.404006958008
,Run9,55,260.311213439147,156.408004760742
,Run9,56,260.311213439147,156.414001464844
,Run9,57,260.311213439147,156.385009765625
,Run9,58,260.311213439147,156.407012939453
,Run9,59,260.311213439147,156.369003295898
,Run9,60,260.311213439147,156.368011474609
,Run9,61,260.311213439147,156.359008789062
,Run9,62,260.311213439147,156.349014282227
,Run9,63,260.311213439147,156.355010986328
,Run9,64,260.311213439147,156.349014282227
,Run9,65,260.311213439147,156.350006103516
,Run9,66,260.311213439147,156.348007202148
,Run9,67,260.311213439147,156.343002319336
,Run9,68,260.311213439147,156.3330078125
,Run9,69,260.311213439147,156.316009521484
,Run9,70,260.311213439147,156.317001342773
,Run9,71,260.311213439147,156.356002807617
,Run9,72,260.311213439147,156.341003417969
,Run9,73,260.311213439147,156.329010009766
,Run9,74,260.311213439147,156.314010620117
,Run9,75,260.311213439147,156.308013916016
,Run9,76,260.311213439147,156.297012329102
,Run9,77,260.311213439147,156.324005126953
,Run9,78,260.311213439147,156.318008422852
,Run9,79,260.311213439147,156.30500793457
,Run9,80,252.645975363262,156.295013427734
,Run9,81,252.645975363262,156.287002563477
,Run9,82,252.645975363262,156.306015014648
,Run9,83,252.645975363262,156.293014526367
,Run9,84,252.645975363262,156.260009765625
,Run9,85,252.645975363262,156.309005737305
,Run9,86,252.645975363262,156.279006958008
,Run9,87,252.645975363262,156.279006958008
,Run9,88,252.645975363262,156.25700378418
,Run9,89,252.645975363262,156.280014038086
,Run9,90,252.645975363262,156.245010375977
,Run9,91,252.645975363262,156.238006591797
,Run9,92,252.645975363262,156.25700378418
,Run9,93,252.645975363262,156.234008789062
,Run9,94,252.645975363262,156.216003417969
,Run9,95,252.645975363262,156.205001831055
,Run9,96,252.645975363262,156.18000793457
,Run9,97,252.645975363262,156.106002807617
,Run9,98,252.645975363262,156.049011230469
,Run9,99,252.645975363262,156.047012329102
,Run9,100,216.384351815785,156.048004150391
,Run9,101,216.384351815785,156.087005615234
,Run9,102,216.384351815785,156.118011474609
,Run9,103,216.384351815785,156.197006225586
,Run9,104,216.384351815785,156.206008911133
,Run9,105,216.384351815785,156.168014526367
,Run9,106,216.384351815785,156.190002441406
,Run9,107,216.384351815785,156.202011108398
,Run9,108,216.384351815785,156.221008300781
,Run9,109,216.384351815785,156.235000610352
,Run9,110,216.384351815785,156.200012207031
,Run9,111,216.384351815785,156.240005493164
,Run9,112,216.384351815785,156.23600769043
,Run9,113,216.384351815785,156.254013061523
,Run9,114,216.384351815785,156.247009277344
,Run9,115,216.384351815785,156.231002807617
,Run9,116,216.384351815785,156.238006591797
,Run9,117,216.384351815785,156.247009277344
,Run9,118,216.384351815785,156.243011474609
,Run9,119,216.384351815785,156.238006591797
,Run9,120,216.384351815785,156.226013183594
,Run9,121,216.384351815785,156.230010986328
,Run9,122,216.384351815785,156.22900390625
,Run9,123,216.384351815785,156.238006591797
,Run9,124,216.384351815785,156.242004394531
,Run9,125,216.384351815785,156.214004516602
,Run9,126,216.384351815785,156.214004516602
,Run9,127,216.384351815785,156.226013183594
,Run9,128,206.89623696553,156.253005981445
,Run9,129,206.89623696553,156.248001098633
,Run9,130,206.89623696553,156.277008056641
,Run9,131,206.89623696553,156.301010131836
,Run9,132,206.89623696553,156.31201171875
,Run9,133,206.89623696553,156.31201171875
,Run9,134,206.89623696553,156.320007324219
,Run9,135,206.89623696553,156.334014892578
,Run9,136,206.89623696553,156.346008300781
,Run9,137,206.89623696553,156.363006591797
,Run9,138,206.89623696553,156.374008178711
,Run9,139,206.89623696553,156.384002685547
,Run9,140,206.89623696553,156.399002075195
,Run9,141,206.89623696553,156.412002563477
,Run9,142,206.89623696553,156.412002563477
,Run9,143,206.89623696553,156.411010742188
,Run9,144,206.89623696553,156.433013916016
,Run9,145,206.89623696553,156.421005249023
,Run9,146,206.89623696553,156.434005737305
,Run9,147,206.89623696553,156.449005126953
,Run9,148,206.89623696553,156.417007446289
,Run9,149,206.89623696553,156.476013183594
,Run9,150,206.89623696553,156.485000610352
,Run9,151,206.89623696553,156.482009887695
,Run9,152,206.89623696553,156.482009887695
,Run9,153,206.89623696553,156.466003417969
,Run9,154,206.89623696553,156.463012695312
,Run9,155,206.89623696553,156.444000244141
,Run9,156,206.89623696553,156.459014892578
,Run9,157,206.89623696553,156.448013305664
,Run9,158,206.89623696553,156.435012817383
,Run9,159,206.89623696553,156.424011230469
,Run9,160,206.89623696553,156.416000366211
,Run9,161,206.89623696553,156.416000366211
,Run9,162,206.89623696553,156.396011352539
,Run9,163,206.89623696553,156.367004394531
,Run9,164,206.89623696553,156.360000610352
,Run9,165,206.89623696553,156.335006713867
,Run9,166,206.89623696553,156.330001831055
,Run9,167,206.89623696553,156.353012084961
,Run9,168,206.89623696553,156.328002929688
,Run9,169,206.89623696553,156.316009521484
,Run9,170,206.89623696553,156.316009521484
,Run9,171,206.89623696553,156.335006713867
,Run9,172,206.89623696553,156.317001342773
,Run9,173,206.89623696553,156.296005249023
,Run9,174,206.89623696553,156.292007446289
,Run9,175,206.89623696553,156.298004150391
,Run9,176,206.89623696553,156.262008666992
,Run9,177,206.89623696553,156.267013549805
,Run9,178,206.89623696553,156.234008789062
,Run9,179,206.89623696553,156.234008789062
,Run9,180,206.89623696553,156.214004516602
,Run9,181,206.89623696553,156.226013183594
,Run9,182,206.89623696553,156.18000793457
,Run9,183,206.89623696553,156.209014892578
,Run9,184,206.89623696553,156.217010498047
,Run9,185,206.89623696553,156.191009521484
,Run9,186,206.89623696553,156.203002929688
,Run9,187,206.89623696553,156.182006835938
,Run9,188,206.89623696553,156.185012817383
,Run9,189,206.89623696553,156.150009155273
,Run9,190,206.89623696553,156.160003662109
,Run9,191,206.89623696553,156.143005371094
,Run9,192,206.89623696553,156.154006958008
,Run9,193,206.89623696553,156.128005981445
,Run9,194,206.89623696553,156.15299987793
,Run9,195,206.89623696553,156.160003662109
,Run9,196,206.89623696553,156.161010742188
,Run9,197,206.89623696553,156.193008422852
,Run9,198,206.89623696553,156.140014648438
,Run9,199,206.89623696553,156.175003051758
,Run9,200,206.89623696553,156.154006958008
,Run9,201,206.89623696553,156.179000854492
,Run9,202,206.89623696553,156.165008544922
,Run9,203,206.89623696553,156.200012207031
,Run9,204,206.89623696553,156.185012817383
,Run9,205,206.89623696553,156.207000732422
,Run9,206,206.89623696553,156.23600769043
,Run9,207,206.89623696553,156.172012329102
,Run9,208,206.89623696553,156.207000732422
,Run9,209,206.89623696553,156.171005249023
,Run9,210,206.89623696553,156.207000732422
,Run9,211,206.89623696553,156.182006835938
,Run9,212,206.89623696553,156.207000732422
,Run9,213,206.89623696553,156.185012817383
,Run9,214,206.89623696553,156.202011108398
,Run9,215,206.89623696553,156.23600769043
,Run9,216,206.89623696553,156.200012207031
,Run9,217,206.89623696553,156.22200012207
,Run9,218,202.988716802084,156.219009399414
,Run9,219,202.988716802084,156.226013183594
,Run9,220,202.988716802084,156.231002807617
,Run9,221,202.988716802084,156.244003295898
,Run9,222,202.988716802084,156.276000976562
,Run9,223,202.988716802084,156.263000488281
,Run9,224,202.988716802084,156.285003662109
,Run9,225,202.988716802084,156.263000488281
,Run9,226,202.988716802084,156.273010253906
,Run9,227,202.988716802084,156.291000366211
,Run9,228,202.988716802084,156.264007568359
,Run9,229,202.988716802084,156.269012451172
,Run9,230,202.988716802084,156.274002075195
,Run9,231,202.988716802084,156.274002075195
,Run9,232,202.988716802084,156.286010742188
,Run9,233,202.988716802084,156.25
,Run9,234,202.988716802084,156.275009155273
,Run9,235,202.988716802084,156.283004760742
,Run9,236,202.988716802084,156.25700378418
,Run9,237,202.988716802084,156.273010253906
,Run9,238,202.988716802084,156.263000488281
,Run9,239,202.988716802084,156.277008056641
,Run9,240,202.988716802084,156.288009643555
,Run9,241,202.988716802084,156.273010253906
,Run9,242,202.988716802084,156.285003662109
,Run9,243,202.988716802084,156.27799987793
,Run9,244,202.988716802084,156.296005249023
,Run9,245,202.988716802084,156.308013916016
,Run9,246,202.988716802084,156.297012329102
,Run9,247,202.988716802084,156.317001342773
,Run9,248,202.988716802084,156.304000854492
,Run9,249,202.988716802084,156.308013916016
,Run9,250,202.988716802084,156.3330078125
,Run9,251,202.988716802084,156.307006835938
,Run9,252,202.988716802084,156.324005126953
,Run9,253,202.988716802084,156.332000732422
,Run9,254,202.988716802084,156.292007446289
,Run9,255,202.988716802084,156.313003540039
,Run9,256,202.988716802084,156.291000366211
,Run9,257,202.988716802084,156.281005859375
,Run9,258,202.988716802084,156.293014526367
,Run9,259,202.988716802084,156.266006469727
,Run9,260,202.988716802084,156.271011352539
,Run9,261,202.988716802084,156.244003295898
,Run9,262,202.988716802084,156.261001586914
,Run9,263,202.988716802084,156.267013549805
,Run9,264,202.988716802084,156.251007080078
,Run9,265,202.988716802084,156.261001586914
,Run9,266,202.988716802084,156.233001708984
,Run9,267,202.988716802084,156.22900390625
,Run9,268,202.988716802084,156.248001098633
,Run9,269,202.988716802084,156.231002807617
,Run9,270,202.988716802084,156.243011474609
,Run9,271,202.988716802084,156.224014282227
,Run9,272,202.988716802084,156.216003417969
,Run9,273,202.988716802084,156.220001220703
,Run9,274,202.988716802084,156.205001831055
,Run9,275,202.988716802084,156.190002441406
,Run9,276,202.988716802084,156.186004638672
,Run9,277,202.988716802084,156.178009033203
,Run9,278,202.988716802084,156.188003540039
,Run9,279,202.988716802084,156.181015014648
,Run9,280,202.988716802084,156.190002441406
,Run9,281,202.988716802084,156.197006225586
,Run9,282,202.988716802084,156.182006835938
,Run9,283,202.988716802084,156.198013305664
,Run9,284,202.988716802084,156.193008422852
,Run9,285,202.988716802084,156.193008422852
,Run9,286,202.988716802084,156.176010131836
,Run9,287,202.988716802084,156.185012817383
,Run9,288,202.988716802084,156.195007324219
,Run9,289,202.988716802084,156.189010620117
,Run9,290,202.988716802084,156.179000854492
,Run9,291,202.988716802084,156.179000854492
,Run9,292,202.988716802084,156.18000793457
,Run9,293,202.988716802084,156.162002563477
,Run9,294,202.988716802084,156.156005859375
,Run9,295,202.988716802084,156.154006958008
,Run9,296,202.988716802084,156.145004272461
,Run9,297,202.988716802084,156.179000854492
,Run9,298,202.988716802084,156.178009033203
,Run9,299,202.988716802084,156.185012817383
,Run9,300,202.988716802084,156.186004638672
,Run9,301,202.988716802084,156.15901184082
,Run9,302,211.263731694516,156.200012207031
,Run9,303,211.263731694516,156.200012207031
,Run9,304,211.263731694516,156.194000244141
,Run9,305,211.263731694516,156.194000244141
,Run9,306,211.263731694516,156.193008422852
,Run9,307,211.263731694516,156.194000244141
,Run9,308,211.263731694516,156.191009521484
,Run9,309,211.263731694516,156.182006835938
,Run9,310,211.263731694516,156.170013427734
,Run9,311,211.263731694516,156.18000793457
,Run9,312,211.263731694516,156.161010742188
,Run9,313,211.263731694516,156.157012939453
,Run9,314,211.263731694516,156.176010131836
,Run9,315,211.263731694516,156.155014038086
,Run9,316,211.263731694516,156.189010620117
,Run9,317,211.263731694516,156.189010620117
,Run9,318,211.263731694516,156.179000854492
,Run9,319,211.263731694516,156.170013427734
,Run9,320,211.263731694516,156.179000854492
,Run9,321,211.263731694516,156.168014526367
,Run9,322,211.263731694516,156.176010131836
,Run9,323,211.263731694516,156.165008544922
,Run9,324,211.263731694516,156.165008544922
,Run9,325,211.263731694516,156.155014038086
,Run9,326,211.263731694516,156.170013427734
,Run9,327,211.263731694516,156.167007446289
,Run9,328,211.263731694516,156.190002441406
,Run9,329,211.263731694516,156.186004638672
,Run9,330,211.263731694516,156.210006713867
,Run9,331,211.263731694516,156.188003540039
,Run9,332,211.263731694516,156.203002929688
,Run9,333,211.263731694516,156.195007324219
,Run9,334,211.263731694516,156.209014892578
,Run9,335,211.263731694516,156.204010009766
,Run9,336,211.263731694516,156.217010498047
,Run9,337,211.263731694516,156.198013305664
,Run9,338,211.263731694516,156.205001831055
,Run9,339,211.263731694516,156.213012695312
,Run9,340,211.263731694516,156.209014892578
,Run9,341,211.263731694516,156.21501159668
,Run9,342,211.263731694516,156.218002319336
,Run9,343,211.263731694516,156.25700378418
,Run9,344,211.263731694516,156.249008178711
,Run9,345,211.263731694516,156.271011352539
,Run9,346,211.263731694516,156.255004882812
,Run9,347,211.263731694516,156.260009765625
,Run9,348,211.263731694516,156.276000976562
,Run9,349,211.263731694516,156.224014282227
,Run9,350,211.263731694516,156.244003295898
,Run9,351,211.263731694516,156.244003295898
,Run9,352,211.263731694516,156.262008666992
,Run9,353,211.263731694516,156.209014892578
,Run9,354,211.263731694516,156.255004882812
,Run9,355,211.263731694516,156.193008422852
,Run9,356,211.263731694516,156.221008300781
,Run9,357,211.263731694516,156.182006835938
,Run9,358,211.263731694516,156.205001831055
,Run9,359,211.263731694516,156.188003540039
,Run9,360,211.263731694516,156.182006835938
,Run9,361,211.263731694516,156.167007446289
,Run9,362,211.263731694516,156.179000854492
,Run9,363,211.263731694516,156.175003051758
,Run9,364,211.263731694516,156.157012939453
,Run9,365,211.263731694516,156.157012939453
,Run9,366,211.263731694516,156.156005859375
,Run9,367,211.263731694516,156.143005371094
,Run9,368,211.263731694516,156.124008178711
,Run9,369,211.263731694516,156.142013549805
,Run9,370,211.263731694516,156.125
,Run9,371,211.263731694516,156.120010375977
,Run9,372,211.263731694516,156.120010375977
,Run9,373,211.263731694516,156.129013061523
,Run9,374,211.263731694516,156.136001586914
,Run9,375,211.263731694516,156.121002197266
,Run9,376,211.263731694516,156.125
,Run9,377,211.263731694516,156.118011474609
,Run9,378,213.554936221018,156.121002197266
,Run9,379,213.554936221018,156.128005981445
,Run9,380,213.554936221018,156.13200378418
,Run9,381,213.554936221018,156.130004882812
,Run9,382,213.554936221018,156.120010375977
,Run9,383,213.554936221018,156.110000610352
,Run9,384,213.554936221018,156.112014770508
,Run9,385,213.554936221018,156.105010986328
,Run9,386,213.554936221018,156.113006591797
,Run9,387,213.554936221018,156.130004882812
,Run9,388,213.554936221018,156.120010375977
,Run9,389,213.554936221018,156.116012573242
,Run9,390,213.554936221018,156.108001708984
,Run9,391,213.554936221018,156.108001708984
,Run9,392,213.554936221018,156.091003417969
,Run9,393,213.554936221018,156.11100769043
,Run9,394,213.554936221018,156.081008911133
,Run9,395,213.554936221018,156.073013305664
,Run9,396,213.554936221018,156.069000244141
,Run9,397,213.554936221018,156.05500793457
,Run9,398,213.554936221018,156.05500793457
,Run9,399,213.554936221018,156.02799987793
,Run9,400,213.554936221018,156
,Run9,401,213.554936221018,155.985000610352
,Run9,402,213.554936221018,155.985000610352
,Run9,403,213.554936221018,156.00700378418
,Run9,404,213.554936221018,156.026000976562
,Run9,405,213.554936221018,155.995010375977
,Run9,406,213.554936221018,155.990005493164
,Run9,407,213.554936221018,155.991012573242
,Run9,408,213.554936221018,155.990005493164
,Run9,409,213.554936221018,155.990005493164
,Run9,410,213.554936221018,155.970001220703
,Run9,411,213.554936221018,155.970001220703
,Run9,412,213.554936221018,155.961013793945
,Run9,413,213.554936221018,155.956008911133
,Run9,414,213.554936221018,155.95100402832
,Run9,415,213.554936221018,155.953002929688
,Run9,416,213.554936221018,155.924011230469
,Run9,417,213.554936221018,155.945007324219
,Run9,418,213.554936221018,155.934005737305
,Run9,419,213.554936221018,155.935012817383
,Run9,420,213.554936221018,155.93701171875
,Run9,421,213.554936221018,155.945007324219
,Run9,422,213.554936221018,155.925003051758
,Run9,423,213.554936221018,155.938003540039
,Run9,424,213.554936221018,155.93000793457
,Run9,425,213.554936221018,155.899002075195
,Run9,426,213.554936221018,155.906005859375
,Run9,427,213.554936221018,155.906005859375
,Run9,428,213.554936221018,155.911010742188
,Run9,429,213.554936221018,155.891006469727
,Run9,430,213.554936221018,155.916000366211
,Run9,431,213.554936221018,155.879013061523
,Run9,432,213.554936221018,155.885009765625
,Run9,433,213.554936221018,155.921005249023
,Run9,434,213.554936221018,155.884002685547
,Run9,435,213.554936221018,155.897003173828
,Run9,436,213.554936221018,155.867004394531
,Run9,437,213.554936221018,155.910003662109
,Run9,438,213.554936221018,155.889007568359
,Run9,439,213.554936221018,155.901000976562
,Run9,440,213.554936221018,155.885009765625
,Run9,441,213.554936221018,155.902008056641
,Run9,442,213.554936221018,155.896011352539
,Run9,443,213.554936221018,155.907012939453
,Run9,444,213.554936221018,155.894012451172
,Run9,445,213.554936221018,155.894012451172
,Run9,446,213.554936221018,155.922012329102
,Run9,447,213.554936221018,155.920013427734
,Run9,448,213.554936221018,155.911010742188
,Run9,449,213.554936221018,155.892013549805
,Run9,450,213.554936221018,155.896011352539
,Run9,451,213.554936221018,155.88200378418
,Run9,452,213.554936221018,155.883010864258
,Run9,453,213.554936221018,155.889007568359
,Run9,454,213.554936221018,155.859008789062
,Run9,455,213.554936221018,155.873001098633
,Run9,456,213.554936221018,155.855010986328
,Run9,457,213.554936221018,155.865005493164
,Run9,458,213.554936221018,155.857009887695
,Run9,459,213.554936221018,155.865005493164
,Run9,460,213.554936221018,155.860000610352
,Run9,461,213.554936221018,155.887008666992
,Run9,462,213.554936221018,155.906005859375
,Run9,463,213.554936221018,155.906005859375
,Run9,464,213.554936221018,155.888000488281
,Run9,465,213.554936221018,155.894012451172
,Run9,466,213.554936221018,155.876007080078
,Run9,467,213.554936221018,155.85400390625
,Run9,468,213.554936221018,155.878005981445
,Run9,469,213.554936221018,155.878005981445
,Run9,470,213.554936221018,155.852005004883
,Run9,471,213.554936221018,155.878005981445
,Run9,472,213.554936221018,155.873001098633
,Run9,473,213.554936221018,155.865005493164
,Run9,474,213.554936221018,155.853012084961
,Run9,475,213.554936221018,155.884002685547
,Run9,476,213.554936221018,155.885009765625
,Run9,477,213.554936221018,155.890014648438
,Run9,478,213.554936221018,155.853012084961
,Run9,479,213.554936221018,155.859008789062
,Run9,480,213.554936221018,155.881011962891
,Run9,481,213.554936221018,155.881011962891
,Run9,482,213.554936221018,155.880004882812
,Run9,483,213.554936221018,155.871002197266
,Run9,484,213.554936221018,155.895004272461
,Run9,485,213.554936221018,155.878005981445
,Run9,486,213.554936221018,155.900009155273
,Run9,487,213.554936221018,155.900009155273
,Run9,488,213.554936221018,155.894012451172
,Run9,489,213.554936221018,155.894012451172
,Run9,490,213.554936221018,155.88200378418
,Run9,491,213.554936221018,155.878005981445
,Run9,492,213.554936221018,155.875
,Run9,493,213.554936221018,155.908004760742
,Run9,494,213.554936221018,155.885009765625
,Run9,495,213.554936221018,155.896011352539
,Run9,496,213.554936221018,155.898010253906
,Run9,497,213.554936221018,155.874008178711
,Run9,498,213.554936221018,155.878005981445
,Run9,499,213.554936221018,155.895004272461
,Run9,500,213.554936221018,155.911010742188
,Run9,501,213.554936221018,155.900009155273
,Run9,502,213.554936221018,155.886001586914
,Run9,503,213.554936221018,155.846008300781
,Run9,504,213.554936221018,155.851013183594
,Run9,505,213.554936221018,155.851013183594
,Run9,506,213.554936221018,155.816009521484
,Run9,507,213.554936221018,155.807006835938
,Run9,508,213.554936221018,155.779006958008
,Run9,509,213.554936221018,155.786010742188
,Run9,510,213.554936221018,155.761001586914
,Run9,511,213.554936221018,155.77799987793
,Run9,512,213.554936221018,155.771011352539
,Run9,513,213.554936221018,155.774002075195
,Run9,514,213.554936221018,155.747009277344
,Run9,515,213.554936221018,155.768005371094
,Run9,516,213.986167109755,155.725006103516
,Run9,517,213.986167109755,155.761001586914
,Run9,518,213.986167109755,155.768005371094
,Run9,519,213.986167109755,155.748001098633
,Run9,520,213.986167109755,155.751007080078
,Run9,521,213.986167109755,155.71501159668
,Run9,522,213.986167109755,155.735000610352
,Run9,523,213.986167109755,155.735000610352
,Run9,524,213.986167109755,155.767013549805
,Run9,525,213.986167109755,155.740005493164
,Run9,526,213.986167109755,155.741012573242
,Run9,527,213.986167109755,155.737014770508
,Run9,528,213.986167109755,155.737014770508
,Run9,529,213.986167109755,155.759002685547
,Run9,530,213.986167109755,155.767013549805
,Run9,531,213.986167109755,155.786010742188
,Run9,532,213.986167109755,155.767013549805
,Run9,533,213.986167109755,155.783004760742
,Run9,534,213.986167109755,155.783004760742
,Run9,535,213.986167109755,155.756011962891
,Run9,536,213.986167109755,155.752014160156
,Run9,537,213.986167109755,155.783004760742
,Run9,538,213.986167109755,155.789001464844
,Run9,539,213.986167109755,155.772003173828
,Run9,540,213.986167109755,155.767013549805
,Run9,541,213.986167109755,155.793014526367
,Run9,542,213.986167109755,155.782012939453
,Run9,543,213.986167109755,155.781005859375
,Run9,544,213.986167109755,155.797012329102
,Run9,545,213.986167109755,155.797012329102
,Run9,546,213.986167109755,155.797012329102
,Run9,547,213.986167109755,155.808013916016
,Run9,548,213.986167109755,155.830001831055
,Run9,549,213.986167109755,155.822006225586
,Run9,550,213.986167109755,155.804000854492
,Run9,551,213.986167109755,155.794006347656
,Run9,552,213.986167109755,155.804000854492
,Run9,553,213.986167109755,155.791000366211
,Run9,554,213.986167109755,155.88200378418
,Run9,555,213.986167109755,155.810012817383
,Run9,556,213.986167109755,155.832000732422
,Run9,557,213.986167109755,155.825012207031
,Run9,558,213.986167109755,155.825012207031
,Run9,559,213.986167109755,155.776000976562
,Run9,560,213.986167109755,155.792007446289
,Run9,561,213.986167109755,155.746002197266
,Run9,562,213.986167109755,155.75700378418
,Run9,563,213.986167109755,155.787002563477
,Run9,564,213.986167109755,155.787002563477
,Run9,565,213.986167109755,155.745010375977
,Run9,566,213.986167109755,155.762008666992
,Run9,567,213.986167109755,155.75
,Run9,568,213.986167109755,155.719009399414
,Run9,569,213.986167109755,155.719009399414
,Run9,570,213.986167109755,155.688003540039
,Run9,571,213.986167109755,155.72200012207
,Run9,572,213.986167109755,155.691009521484
,Run9,573,213.986167109755,155.72200012207
,Run9,574,213.986167109755,155.705001831055
,Run9,575,213.986167109755,155.705001831055
,Run9,576,213.986167109755,155.718002319336
,Run9,577,213.986167109755,155.684005737305
,Run9,578,213.986167109755,155.68701171875
,Run9,579,213.986167109755,155.676010131836
,Run9,580,213.986167109755,155.674011230469
,Run9,581,213.986167109755,155.667007446289
,Run9,582,213.986167109755,155.65901184082
,Run9,583,213.986167109755,155.673004150391
,Run9,584,213.986167109755,155.657012939453
,Run9,585,213.986167109755,155.658004760742
,Run9,586,213.986167109755,155.65901184082
,Run9,587,213.986167109755,155.65901184082
,Run9,588,213.986167109755,155.656005859375
,Run9,589,213.986167109755,155.675003051758
,Run9,590,213.986167109755,155.648010253906
,Run9,591,213.986167109755,155.661010742188
,Run9,592,213.986167109755,155.645004272461
,Run9,593,213.986167109755,155.645004272461
,Run9,594,213.986167109755,155.629013061523
,Run9,595,213.986167109755,155.630004882812
,Run9,596,213.986167109755,155.623001098633
,Run9,597,213.986167109755,155.607009887695
,Run9,598,213.986167109755,155.608001708984
,Run9,599,213.986167109755,155.598007202148
,Run9,600,213.986167109755,155.596008300781
,Run9,601,213.986167109755,155.582000732422
,Run9,602,213.986167109755,155.577011108398
,Run9,603,213.986167109755,155.567001342773
,Run9,604,213.986167109755,155.570007324219
,Run9,605,213.986167109755,155.570007324219
,Run9,606,213.986167109755,155.56201171875
,Run9,607,213.986167109755,155.543014526367
,Run9,608,213.986167109755,155.541000366211
,Run9,609,213.986167109755,155.549011230469
,Run9,610,213.986167109755,155.535003662109
,Run9,611,213.986167109755,155.520004272461
,Run9,612,213.986167109755,155.514007568359
,Run9,613,213.986167109755,155.498001098633
,Run9,614,213.986167109755,155.503005981445
,Run9,615,213.986167109755,155.501007080078
,Run9,616,213.986167109755,155.501007080078
,Run9,617,213.986167109755,155.495010375977
,Run9,618,213.986167109755,155.53401184082
,Run9,619,213.986167109755,155.508010864258
,Run9,620,213.986167109755,155.498001098633
,Run9,621,213.986167109755,155.527008056641
,Run9,622,213.986167109755,155.509002685547
,Run9,623,213.986167109755,155.603012084961
,Run9,624,213.986167109755,155.578002929688
,Run9,625,213.986167109755,155.57600402832
,Run9,626,213.986167109755,155.526000976562
,Run9,627,213.986167109755,155.508010864258
,Run9,628,213.986167109755,155.52799987793
,Run9,629,213.986167109755,155.506011962891
,Run9,630,213.986167109755,155.503005981445
,Run9,631,213.986167109755,155.482009887695
,Run9,632,213.986167109755,155.493011474609
,Run9,633,213.986167109755,155.497009277344
,Run9,634,213.986167109755,155.497009277344
,Run9,635,213.986167109755,155.48600769043
,Run9,636,213.986167109755,155.488006591797
,Run9,637,213.986167109755,155.491012573242
,Run9,638,213.986167109755,155.47900390625
,Run9,639,213.986167109755,155.457000732422
,Run9,640,213.986167109755,155.476013183594
,Run9,641,213.986167109755,155.469009399414
,Run9,642,216.027373385138,155.46501159668
,Run9,643,216.027373385138,155.490005493164
,Run9,644,216.027373385138,155.512008666992
,Run9,645,216.027373385138,155.470001220703
,Run9,646,216.027373385138,155.492004394531
,Run9,647,216.027373385138,155.474014282227
,Run9,648,216.027373385138,155.502014160156
,Run9,649,216.027373385138,155.5
,Run9,650,216.027373385138,155.498001098633
,Run9,651,216.027373385138,155.480010986328
,Run9,652,216.027373385138,155.435012817383
,Run9,653,216.027373385138,155.481002807617
,Run9,654,216.027373385138,155.455001831055
,Run9,655,216.027373385138,155.462005615234
,Run9,656,216.027373385138,155.462005615234
,Run9,657,216.027373385138,155.426010131836
,Run9,658,216.027373385138,155.438003540039
,Run9,659,216.027373385138,155.43000793457
,Run9,660,216.027373385138,155.504013061523
,Run9,661,216.027373385138,155.453002929688
,Run9,662,216.027373385138,155.439010620117
,Run9,663,216.027373385138,155.444000244141
,Run9,664,216.027373385138,155.440002441406
,Run9,665,216.027373385138,155.483001708984
,Run9,666,216.027373385138,155.455001831055
,Run9,667,216.027373385138,155.452011108398
,Run9,668,216.027373385138,155.478012084961
,Run9,669,216.027373385138,155.478012084961
,Run9,670,216.027373385138,155.491012573242
,Run9,671,216.027373385138,155.438003540039
,Run9,672,216.027373385138,155.454010009766
,Run9,673,216.027373385138,155.462005615234
,Run9,674,216.027373385138,155.456008911133
,Run9,675,216.027373385138,155.470001220703
,Run9,676,216.027373385138,155.456008911133
,Run9,677,216.027373385138,155.462005615234
,Run9,678,216.027373385138,155.47200012207
,Run9,679,216.027373385138,155.481002807617
,Run9,680,216.027373385138,155.490005493164
,Run9,681,216.027373385138,155.485000610352
,Run9,682,216.027373385138,155.485000610352
,Run9,683,216.027373385138,155.495010375977
,Run9,684,216.027373385138,155.516006469727
,Run9,685,216.027373385138,155.570007324219
,Run9,686,216.027373385138,155.582000732422
,Run9,687,216.027373385138,155.582000732422
,Run9,688,216.027373385138,155.610000610352
,Run9,689,216.027373385138,155.617004394531
,Run9,690,216.027373385138,155.716003417969
,Run9,691,216.027373385138,155.876007080078
,Run9,692,216.027373385138,155.876007080078
,Run9,693,216.027373385138,155.934005737305
,Run9,694,216.027373385138,156.02799987793
,Run9,695,216.027373385138,156.047012329102
,Run9,696,216.027373385138,155.992004394531
,Run9,697,216.027373385138,155.992004394531
,Run9,698,216.027373385138,156.041000366211
,Run9,699,216.027373385138,156.144012451172
,Run9,700,216.027373385138,156.155014038086
,Run9,701,216.027373385138,156.191009521484
,Run9,702,216.027373385138,156.241012573242
,Run9,703,216.027373385138,156.249008178711
,Run9,704,216.027373385138,156.337005615234
,Run9,705,222.137594773454,156.464004516602
,Run9,706,222.137594773454,156.52799987793
,Run9,707,222.137594773454,156.52799987793
,Run9,708,222.137594773454,156.609008789062
,Run9,709,222.137594773454,156.667007446289
,Run9,710,222.137594773454,156.745010375977
,Run9,711,222.137594773454,156.690002441406
,Run9,712,222.137594773454,156.789001464844
,Run9,713,222.137594773454,156.867004394531
,Run9,714,222.137594773454,156.905014038086
,Run9,715,222.137594773454,156.884002685547
,Run9,716,222.137594773454,156.921005249023
,Run9,717,222.137594773454,156.97900390625
,Run9,718,222.137594773454,157.022003173828
,Run9,719,222.137594773454,157.022003173828
,Run9,720,222.137594773454,157.058013916016
,Run9,721,222.137594773454,157.081008911133
,Run9,722,222.137594773454,157.134002685547
,Run9,723,222.137594773454,157.105010986328
,Run9,724,222.137594773454,157.120010375977
,Run9,725,222.137594773454,157.181015014648
,Run9,726,222.137594773454,157.3330078125
,Run9,727,222.137594773454,157.205001831055
,Run9,728,222.137594773454,157.307006835938
,Run9,729,222.137594773454,157.461013793945
,Run9,730,222.137594773454,157.329010009766
,Run9,731,222.137594773454,157.508010864258
,Run9,732,222.137594773454,157.581008911133
,Run9,733,222.137594773454,157.719009399414
,Run9,734,222.137594773454,157.719009399414
,Run9,735,222.137594773454,157.714004516602
,Run9,736,222.137594773454,157.514007568359
,Run9,737,222.137594773454,157.727005004883
,Run9,738,232.214262039254,157.516006469727
,Run9,739,232.214262039254,157.480010986328
,Run9,740,232.214262039254,157.52799987793
,Run9,741,232.214262039254,157.463012695312
,Run9,742,232.214262039254,157.626007080078
,Run9,743,232.214262039254,157.520004272461
,Run9,744,232.214262039254,157.569000244141
,Run9,745,232.214262039254,157.551010131836
,Run9,746,232.214262039254,157.551010131836
,Run9,747,232.214262039254,157.587005615234
,Run9,748,232.214262039254,157.617004394531
,Run9,749,232.214262039254,157.525009155273
,Run9,750,232.214262039254,157.46501159668
,Run9,751,232.214262039254,157.46501159668
,Run9,752,232.214262039254,157.521011352539
,Run9,753,232.214262039254,157.50700378418
,Run9,754,232.214262039254,157.460006713867
,Run9,755,232.214262039254,157.475006103516
,Run9,756,232.214262039254,157.475006103516
,Run9,757,232.214262039254,157.514007568359
,Run9,758,232.214262039254,157.502014160156
,Run9,759,232.214262039254,157.428009033203
,Run9,760,232.214262039254,157.417007446289
,Run9,761,232.214262039254,157.417007446289
,Run9,762,232.214262039254,157.463012695312
,Run9,763,232.214262039254,157.452011108398
,Run9,764,232.214262039254,157.411010742188
,Run9,765,232.214262039254,157.435012817383
,Run9,766,232.214262039254,157.441009521484
,Run9,767,232.214262039254,157.447006225586
,Run9,768,232.214262039254,157.482009887695
,Run9,769,232.214262039254,157.491012573242
,Run9,770,232.214262039254,157.495010375977
,Run9,771,232.214262039254,157.487014770508
,Run9,772,232.214262039254,157.452011108398
,Run9,773,232.214262039254,157.440002441406
,Run9,774,232.214262039254,157.369003295898
,Run9,775,232.214262039254,157.401000976562
,Run9,776,232.214262039254,157.378005981445
,Run9,777,232.214262039254,157.331008911133
,Run9,778,232.214262039254,157.332000732422
,Run9,779,232.214262039254,157.269012451172
,Run9,780,232.214262039254,157.332000732422
,Run9,781,232.214262039254,157.339004516602
,Run9,782,232.214262039254,157.307006835938
,Run9,783,232.214262039254,157.321014404297
,Run9,784,232.214262039254,157.364013671875
,Run9,785,232.214262039254,157.32600402832
,Run9,786,232.214262039254,157.316009521484
,Run9,787,232.214262039254,157.25
,Run9,788,232.214262039254,157.279006958008
,Run9,789,232.214262039254,157.313003540039
,Run9,790,232.214262039254,157.249008178711
,Run9,791,232.214262039254,157.261001586914
,Run9,792,232.214262039254,157.233001708984
,Run9,793,232.214262039254,157.206008911133
,Run9,794,232.214262039254,157.244003295898
,Run9,795,232.214262039254,157.186004638672
,Run9,796,232.214262039254,157.163009643555
,Run9,797,232.214262039254,157.152008056641
,Run9,798,232.214262039254,157.077011108398
,Run9,799,232.214262039254,157.15901184082
,Run9,800,232.214262039254,157.110000610352
,Run9,801,232.214262039254,157.085006713867
,Run9,802,232.214262039254,157.09001159668
,Run9,803,232.214262039254,157.053009033203
,Run9,804,232.214262039254,157.130004882812
,Run9,805,232.214262039254,157.106002807617
,Run9,806,232.214262039254,157.149002075195
,Run9,807,232.214262039254,157.190002441406
,Run9,808,232.214262039254,157.190002441406
,Run9,809,232.214262039254,157.192001342773
,Run9,810,232.214262039254,157.243011474609
,Run9,811,232.214262039254,157.268005371094
,Run9,812,232.214262039254,157.210006713867
,Run9,813,232.214262039254,157.210006713867
,Run9,814,232.214262039254,157.241012573242
,Run9,815,232.214262039254,157.225006103516
,Run9,816,232.214262039254,157.166000366211
,Run9,817,232.214262039254,157.178009033203
,Run9,818,232.214262039254,157.178009033203
,Run9,819,232.214262039254,157.181015014648
,Run9,820,232.214262039254,157.162002563477
,Run9,821,232.214262039254,157.087005615234
,Run9,822,232.214262039254,157.106002807617
,Run9,823,232.214262039254,157.106002807617
,Run9,824,232.214262039254,157.09700012207
,Run9,825,232.214262039254,157.09700012207
,Run9,826,232.214262039254,157.035003662109
,Run9,827,232.214262039254,157.108001708984
,Run9,828,232.214262039254,157.127014160156
,Run9,829,232.214262039254,157.060012817383
,Run9,830,232.214262039254,157.067001342773
,Run9,831,232.214262039254,156.987014770508
,Run9,832,232.214262039254,157.085006713867
,Run9,833,232.214262039254,157.064010620117
,Run9,834,232.214262039254,157.014007568359
,Run9,835,232.214262039254,156.995010375977
,Run9,836,232.214262039254,156.949005126953
,Run9,837,232.214262039254,156.996002197266
,Run9,838,232.214262039254,156.967010498047
,Run9,839,232.214262039254,156.908004760742
,Run9,840,232.214262039254,156.922012329102
,Run9,841,232.214262039254,156.851013183594
,Run9,842,232.214262039254,156.892013549805
,Run9,843,232.214262039254,156.872009277344
,Run9,844,232.214262039254,156.856002807617
,Run9,845,232.214262039254,156.834014892578
,Run9,846,232.214262039254,156.858001708984
,Run9,847,232.214262039254,156.831008911133
,Run9,848,232.214262039254,156.818008422852
,Run9,849,232.214262039254,156.800003051758
,Run9,850,232.214262039254,156.801010131836
,Run9,851,232.214262039254,156.811004638672
,Run9,852,232.214262039254,156.798004150391
,Run9,853,232.214262039254,156.781005859375
,Run9,854,232.214262039254,156.773010253906
,Run9,855,232.214262039254,156.767013549805
,Run9,856,232.214262039254,156.780014038086
,Run9,857,232.214262039254,156.761001586914
,Run9,858,232.214262039254,156.772003173828
,Run9,859,232.214262039254,156.783004760742
,Run9,860,232.214262039254,156.754013061523
,Run9,861,232.214262039254,156.790008544922
,Run9,862,232.214262039254,156.768005371094
,Run9,863,232.214262039254,156.773010253906
,Run9,864,232.214262039254,156.791000366211
,Run9,865,232.214262039254,156.772003173828
,Run9,866,232.214262039254,156.796005249023
,Run9,867,232.214262039254,156.786010742188
,Run9,868,232.214262039254,156.797012329102
,Run9,869,232.214262039254,156.810012817383
,Run9,870,233.240711829565,156.810012817383
,Run9,871,233.240711829565,156.815002441406
,Run9,872,233.240711829565,156.793014526367
,Run9,873,233.240711829565,156.799011230469
,Run9,874,233.240711829565,156.817001342773
,Run9,875,233.240711829565,156.817001342773
,Run9,876,233.240711829565,156.834014892578
,Run9,877,233.240711829565,156.836013793945
,Run9,878,233.240711829565,156.841003417969
,Run9,879,233.240711829565,156.856002807617
,Run9,880,233.240711829565,156.856002807617
,Run9,881,233.240711829565,156.867004394531
,Run9,882,233.240711829565,156.868011474609
,Run9,883,233.240711829565,156.877014160156
,Run9,884,233.240711829565,156.890014648438
,Run9,885,233.240711829565,156.890014648438
,Run9,886,233.240711829565,156.884002685547
,Run9,887,233.240711829565,156.875
,Run9,888,233.240711829565,156.872009277344
,Run9,889,233.240711829565,156.859008789062
,Run9,890,233.240711829565,156.859008789062
,Run9,891,233.240711829565,156.858001708984
,Run9,892,233.240711829565,156.85400390625
,Run9,893,233.240711829565,156.860000610352
,Run9,894,233.240711829565,156.855010986328
,Run9,895,233.240711829565,156.855010986328
,Run9,896,233.240711829565,156.835006713867
,Run9,897,233.240711829565,156.848007202148
,Run9,898,233.240711829565,156.857009887695
,Run9,899,233.240711829565,156.857009887695
,Run9,900,233.240711829565,156.863006591797
,Run9,901,233.240711829565,156.864013671875
,Run9,902,233.240711829565,156.866012573242
,Run9,903,233.240711829565,156.880004882812
,Run9,904,233.240711829565,156.904006958008
,Run9,905,233.240711829565,156.86100769043
,Run9,906,233.240711829565,156.911010742188
,Run9,907,233.240711829565,156.881011962891
,Run9,908,233.240711829565,156.832000732422
,Run9,909,233.240711829565,156.85400390625
,Run9,910,233.240711829565,156.852005004883
,Run9,911,233.240711829565,156.859008789062
,Run9,912,233.240711829565,156.825012207031
,Run9,913,233.240711829565,156.8330078125
,Run9,914,233.240711829565,156.802001953125
,Run9,915,233.240711829565,156.761001586914
,Run9,916,233.240711829565,156.786010742188
,Run9,917,233.240711829565,156.748001098633
,Run9,918,233.240711829565,156.775009155273
,Run9,919,233.240711829565,156.769012451172
,Run9,920,233.240711829565,156.723007202148
,Run9,921,233.240711829565,156.788009643555
,Run9,922,233.240711829565,156.718002319336
,Run9,923,233.240711829565,156.73600769043
,Run9,924,233.240711829565,156.718002319336
,Run9,925,233.240711829565,156.667007446289
,Run9,926,233.240711829565,156.733001708984
,Run9,927,233.240711829565,156.637008666992
,Run9,928,233.240711829565,156.63200378418
,Run9,929,233.240711829565,156.65901184082
,Run9,930,233.240711829565,156.601013183594
,Run9,931,233.240711829565,156.655014038086
,Run9,932,233.240711829565,156.629013061523
,Run9,933,233.240711829565,156.599014282227
,Run9,934,233.240711829565,156.594009399414
,Run9,935,233.240711829565,156.517013549805
,Run9,936,233.240711829565,156.586013793945
,Run9,937,233.240711829565,156.520004272461
,Run9,938,233.240711829565,156.526000976562
,Run9,939,233.240711829565,156.52799987793
,Run9,940,233.240711829565,156.487014770508
,Run9,941,233.240711829565,156.561004638672
,Run9,942,233.240711829565,156.533004760742
,Run9,943,233.240711829565,156.568008422852
,Run9,944,233.240711829565,156.612014770508
,Run9,945,233.240711829565,156.614013671875
,Run9,946,233.240711829565,156.677001953125
,Run9,947,233.240711829565,156.65901184082
,Run9,948,233.240711829565,156.688003540039
,Run9,949,233.240711829565,156.72200012207
,Run9,950,233.240711829565,156.721008300781
,Run9,951,233.240711829565,156.7080078125
,Run9,952,233.240711829565,156.762008666992
,Run9,953,233.240711829565,156.823013305664
,Run9,954,233.240711829565,156.818008422852
,Run9,955,233.240711829565,156.873001098633
,Run9,956,233.240711829565,156.860000610352
,Run9,957,233.240711829565,156.916000366211
,Run9,958,233.240711829565,156.927001953125
,Run9,959,233.240711829565,156.985000610352
,Run9,960,233.240711829565,157.005004882812
,Run9,961,233.240711829565,157.026000976562
,Run9,962,233.240711829565,157.049011230469
,Run9,963,233.240711829565,157.110000610352
,Run9,964,233.240711829565,157.177001953125
,Run9,965,233.240711829565,157.195007324219
,Run9,966,233.240711829565,157.249008178711
,Run9,967,233.240711829565,157.272003173828
,Run9,968,233.240711829565,157.329010009766
,Run9,969,233.240711829565,157.363006591797
,Run9,970,233.240711829565,157.370010375977
,Run9,971,233.240711829565,157.439010620117
,Run9,972,233.240711829565,157.460006713867
,Run9,973,233.240711829565,157.531005859375
,Run9,974,233.240711829565,157.567001342773
,Run9,975,233.240711829565,157.612014770508
,Run9,976,233.240711829565,157.661010742188
,Run9,977,233.240711829565,157.685012817383
,Run9,978,233.240711829565,157.751007080078
,Run9,979,233.240711829565,157.748001098633
,Run9,980,233.240711829565,157.776000976562
,Run9,981,233.240711829565,157.814010620117
,Run9,982,233.240711829565,157.81201171875
,Run9,983,233.240711829565,157.838012695312
,Run9,984,233.240711829565,157.848007202148
,Run9,985,233.240711829565,157.871002197266
,Run9,986,233.240711829565,157.893005371094
,Run9,987,233.240711829565,157.893005371094
,Run9,988,233.240711829565,157.914001464844
,Run9,989,233.240711829565,157.881011962891
,Run9,990,233.240711829565,157.910003662109
,Run9,991,234.11453537607,157.925003051758
,Run9,992,234.11453537607,157.914001464844
,Run9,993,234.11453537607,157.925003051758
,Run9,994,234.11453537607,157.874008178711
,Run9,995,234.11453537607,157.906005859375
,Run9,996,234.11453537607,157.926010131836
,Run9,997,234.11453537607,157.911010742188
,Run9,998,234.11453537607,157.904006958008
,Run9,999,234.11453537607,157.867004394531
,Run9,1000,234.11453537607,157.852005004883
,Run9,1001,234.11453537607,157.873001098633
,Run9,1002,234.11453537607,157.873001098633
,Run9,1003,234.11453537607,157.855010986328
,Run9,1004,234.11453537607,157.745010375977
,Run9,1005,234.11453537607,157.761001586914
,Run9,1006,234.11453537607,157.626007080078
,Run9,1007,234.11453537607,157.766006469727
,Run9,1008,234.11453537607,157.771011352539
,Run9,1009,234.11453537607,157.697006225586
,Run9,1010,234.11453537607,157.684005737305
,Run9,1011,234.11453537607,157.627014160156
,Run9,1012,234.11453537607,157.697006225586
,Run9,1013,234.11453537607,157.690002441406
,Run9,1014,234.11453537607,157.55500793457
,Run9,1015,234.11453537607,157.538009643555
,Run9,1016,234.11453537607,157.405014038086
,Run9,1017,234.11453537607,157.53401184082
,Run9,1018,234.11453537607,157.413009643555
,Run9,1019,234.11453537607,157.429000854492
,Run9,1020,234.11453537607,157.399002075195
,Run9,1021,234.11453537607,157.308013916016
,Run9,1022,234.11453537607,157.245010375977
,Run9,1023,234.11453537607,157.245010375977
,Run9,1024,234.11453537607,157.194000244141
,Run9,1025,234.11453537607,157.13200378418
,Run9,1026,234.11453537607,157.067001342773
,Run9,1027,234.11453537607,156.993011474609
,Run9,1028,234.11453537607,156.993011474609
,Run9,1029,234.11453537607,156.928009033203
,Run9,1030,234.11453537607,156.850006103516
,Run9,1031,234.11453537607,156.801010131836
,Run9,1032,234.11453537607,156.753005981445
,Run9,1033,234.11453537607,156.753005981445
,Run9,1034,234.11453537607,156.711013793945
,Run9,1035,234.11453537607,156.685012817383
,Run9,1036,234.11453537607,156.677001953125
,Run9,1037,234.11453537607,156.662002563477
,Run9,1038,234.11453537607,156.662002563477
,Run9,1039,234.11453537607,156.631011962891
,Run9,1040,234.11453537607,156.616012573242
,Run9,1041,234.11453537607,156.637008666992
,Run9,1042,234.11453537607,156.615005493164
,Run9,1043,234.11453537607,156.605010986328
,Run9,1044,234.11453537607,156.621002197266
,Run9,1045,234.11453537607,156.59700012207
,Run9,1046,234.11453537607,156.631011962891
,Run9,1047,234.11453537607,156.637008666992
,Run9,1048,234.11453537607,156.738006591797
,Run9,1049,234.11453537607,156.650009155273
,Run9,1050,234.11453537607,156.616012573242
,Run9,1051,234.11453537607,156.603012084961
,Run9,1052,234.11453537607,156.574005126953
,Run9,1053,234.11453537607,156.622009277344
,Run9,1054,234.11453537607,156.578002929688
,Run9,1055,234.11453537607,156.553009033203
,Run9,1056,234.11453537607,156.521011352539
,Run9,1057,234.11453537607,156.545013427734
,Run9,1058,234.11453537607,156.530014038086
,Run9,1059,234.11453537607,156.535003662109
,Run9,1060,234.11453537607,156.535003662109
,Run9,1061,234.11453537607,156.537002563477
,Run9,1062,234.11453537607,156.529006958008
,Run9,1063,234.11453537607,156.491012573242
,Run9,1064,234.11453537607,156.460006713867
,Run9,1065,234.11453537607,156.515014648438
,Run9,1066,234.11453537607,156.48600769043
,Run9,1067,234.11453537607,156.493011474609
,Run9,1068,234.11453537607,156.488006591797
,Run9,1069,234.11453537607,156.473007202148
,Run9,1070,234.11453537607,156.443008422852
,Run9,1071,234.11453537607,156.494003295898
,Run9,1072,234.11453537607,156.464004516602
,Run9,1073,234.11453537607,156.473007202148
,Run9,1074,234.11453537607,156.490005493164
,Run9,1075,234.11453537607,156.448013305664
,Run9,1076,234.11453537607,156.474014282227
,Run9,1077,234.11453537607,156.477005004883
,Run9,1078,234.11453537607,156.484008789062
,Run9,1079,234.11453537607,156.45100402832
,Run9,1080,234.11453537607,156.491012573242
,Run9,1081,234.11453537607,156.491012573242
,Run9,1082,234.11453537607,156.515014648438
,Run9,1083,234.11453537607,156.521011352539
,Run9,1084,234.11453537607,156.517013549805
,Run9,1085,234.11453537607,156.529006958008
,Run9,1086,234.11453537607,156.529006958008
,Run9,1087,234.11453537607,156.52799987793
,Run9,1088,234.11453537607,156.530014038086
,Run9,1089,234.11453537607,156.53401184082
,Run9,1090,234.11453537607,156.529006958008
,Run9,1091,234.11453537607,156.529006958008
,Run9,1092,234.11453537607,156.497009277344
,Run9,1093,234.11453537607,156.537002563477
,Run9,1094,234.11453537607,156.511001586914
,Run9,1095,234.11453537607,156.608001708984
,Run9,1096,234.11453537607,156.608001708984
,Run9,1097,234.11453537607,156.552001953125
,Run9,1098,234.11453537607,156.529006958008
,Run9,1099,234.11453537607,156.606002807617
,Run9,1100,234.11453537607,156.606002807617
,Run9,1101,234.11453537607,156.609008789062
,Run9,1102,234.11453537607,156.700012207031
,Run9,1103,234.11453537607,156.712005615234
,Run9,1104,234.11453537607,156.633010864258
,Run9,1105,234.11453537607,156.489013671875
,Run9,1106,234.11453537607,156.429000854492
,Run9,1107,234.11453537607,156.546005249023
,Run9,1108,234.11453537607,156.618011474609
,Run9,1109,234.11453537607,156.700012207031
,Run9,1110,234.11453537607,156.728012084961
,Run9,1111,234.11453537607,156.768005371094
,Run9,1112,234.11453537607,156.765014648438
,Run9,1113,234.11453537607,156.734008789062
,Run9,1114,234.11453537607,156.660003662109
,Run9,1115,234.11453537607,156.693008422852
,Run9,1116,234.11453537607,156.744003295898
,Run9,1117,234.11453537607,156.752014160156
,Run9,1118,234.11453537607,156.710006713867
,Run9,1119,234.11453537607,156.616012573242
,Run9,1120,234.11453537607,156.75700378418
,Run9,1121,234.11453537607,156.68701171875
,Run9,1122,234.11453537607,156.638000488281
,Run9,1123,234.11453537607,156.695007324219
,Run9,1124,234.11453537607,156.80500793457
,Run9,1125,234.11453537607,156.654006958008
,Run9,1126,234.11453537607,156.689010620117
,Run9,1127,234.11453537607,156.638000488281
,Run9,1128,234.11453537607,156.811004638672
,Run9,1129,234.11453537607,156.785003662109
,Run9,1130,234.11453537607,156.684005737305
,Run9,1131,234.11453537607,156.655014038086
,Run9,1132,234.11453537607,156.639007568359
,Run9,1133,234.11453537607,156.634002685547
,Run9,1134,234.11453537607,156.672012329102
,Run9,1135,234.11453537607,156.678009033203
,Run9,1136,234.11453537607,156.684005737305
,Run9,1137,234.11453537607,156.681015014648
,Run9,1138,234.11453537607,156.713012695312
,Run9,1139,234.11453537607,156.713012695312
,Run9,1140,234.11453537607,156.739013671875
,Run9,1141,234.11453537607,156.782012939453
,Run9,1142,234.11453537607,156.752014160156
,Run9,1143,234.11453537607,156.745010375977
,Run9,1144,234.11453537607,156.745010375977
,Run9,1145,234.11453537607,156.765014648438
,Run9,1146,234.11453537607,156.776000976562
,Run9,1147,234.11453537607,156.787002563477
,Run9,1148,234.11453537607,156.814010620117
,Run9,1149,234.11453537607,156.814010620117
,Run9,1150,234.11453537607,156.810012817383
,Run9,1151,234.11453537607,156.818008422852
,Run9,1152,234.11453537607,156.823013305664
,Run9,1153,234.11453537607,156.835006713867
,Run9,1154,234.11453537607,156.835006713867
,Run9,1155,234.11453537607,156.834014892578
,Run9,1156,234.11453537607,156.878005981445
,Run9,1157,234.11453537607,156.879013061523
,Run9,1158,234.11453537607,156.892013549805
,Run9,1159,234.11453537607,156.939010620117
,Run9,1160,234.11453537607,156.901000976562
,Run9,1161,234.11453537607,156.941009521484
,Run9,1162,234.11453537607,156.943008422852
,Run9,1163,234.11453537607,156.971008300781
,Run9,1164,234.11453537607,156.999008178711
,Run9,1165,244.133643206098,156.948013305664
,Run9,1166,244.133643206098,156.995010375977
,Run9,1167,244.133643206098,157.003005981445
,Run9,1168,244.133643206098,157.003005981445
,Run9,1169,244.133643206098,157.00700378418
,Run9,1170,244.133643206098,157.010009765625
,Run9,1171,244.133643206098,157.018005371094
,Run9,1172,244.133643206098,157.014007568359
,Run9,1173,244.133643206098,156.998001098633
,Run9,1174,244.133643206098,156.994003295898
,Run9,1175,244.133643206098,157.003005981445
,Run9,1176,244.133643206098,156.998001098633
,Run9,1177,244.133643206098,157.004013061523
,Run9,1178,244.133643206098,156.990005493164
,Run9,1179,244.133643206098,156.997009277344
,Run9,1180,244.133643206098,156.995010375977
,Run9,1181,244.133643206098,156.985000610352
,Run9,1182,244.133643206098,156.969009399414
,Run9,1183,244.133643206098,156.987014770508
,Run9,1184,244.133643206098,156.982009887695
,Run9,1185,244.133643206098,156.982009887695
,Run9,1186,244.133643206098,156.964004516602
,Run9,1187,244.133643206098,156.964004516602
,Run9,1188,244.133643206098,156.977005004883
,Run9,1189,244.133643206098,156.989013671875
,Run9,1190,244.133643206098,156.971008300781
,Run9,1191,244.133643206098,156.980010986328
,Run9,1192,244.133643206098,156.984008789062
,Run9,1193,244.133643206098,156.993011474609
,Run9,1194,244.133643206098,156.988006591797
,Run9,1195,244.133643206098,156.999008178711
,Run9,1196,244.133643206098,157.024002075195
,Run9,1197,244.133643206098,157.003005981445
,Run9,1198,244.133643206098,157.060012817383
,Run9,1199,244.133643206098,157.084014892578
,Run9,1200,244.133643206098,157.118011474609
,Run9,1201,244.133643206098,157.161010742188
,Run9,1202,244.133643206098,157.172012329102
,Run9,1203,244.133643206098,157.22200012207
,Run9,1204,244.133643206098,157.242004394531
,Run9,1205,244.133643206098,157.242004394531
,Run9,1206,244.133643206098,157.322006225586
,Run9,1207,244.133643206098,157.299011230469
,Run9,1208,244.133643206098,157.402008056641
,Run9,1209,244.133643206098,157.335006713867
,Run9,1210,244.133643206098,157.455001831055
,Run9,1211,244.133643206098,157.5
,Run9,1212,244.133643206098,157.56201171875
,Run9,1213,244.133643206098,157.628005981445
,Run9,1214,244.133643206098,157.627014160156
,Run9,1215,244.133643206098,157.627014160156
,Run9,1216,244.133643206098,157.72900390625
,Run9,1217,244.133643206098,157.71501159668
,Run9,1218,244.133643206098,157.84001159668
,Run9,1219,244.133643206098,157.783004760742
,Run9,1220,244.133643206098,157.90901184082
,Run9,1221,244.133643206098,157.821014404297
,Run9,1222,244.133643206098,157.874008178711
,Run9,1223,244.133643206098,157.894012451172
,Run9,1224,244.133643206098,157.904006958008
,Run9,1225,244.133643206098,157.938003540039
,Run9,1226,244.133643206098,157.90299987793
,Run9,1227,244.133643206098,157.863006591797
,Run9,1228,244.133643206098,157.859008789062
,Run9,1229,244.133643206098,157.943008422852
,Run9,1230,244.133643206098,157.884002685547
,Run9,1231,244.133643206098,157.952011108398
,Run9,1232,244.133643206098,157.866012573242
,Run9,1233,244.133643206098,157.963012695312
,Run9,1234,244.133643206098,157.884002685547
,Run9,1235,244.133643206098,157.884002685547
,Run9,1236,244.133643206098,157.850006103516
,Run9,1237,244.133643206098,157.926010131836
,Run9,1238,244.133643206098,158.003005981445
,Run9,1239,244.133643206098,157.933013916016
,Run9,1240,244.133643206098,158.02799987793
,Run9,1241,244.133643206098,157.960006713867
,Run9,1242,244.133643206098,158.039001464844
,Run9,1243,244.133643206098,157.973007202148
,Run9,1244,244.133643206098,158.052001953125
,Run9,1245,244.133643206098,158.052001953125
,Run9,1246,244.133643206098,158.016006469727
,Run9,1247,244.133643206098,158.054000854492
,Run9,1248,244.133643206098,158.029006958008
,Run9,1249,244.133643206098,158.054000854492
,Run9,1250,244.133643206098,158.035003662109
,Run9,1251,244.133643206098,158.061004638672
,Run9,1252,244.133643206098,158.080001831055
,Run9,1253,244.133643206098,158.047012329102
,Run9,1254,244.133643206098,158.050003051758
,Run9,1255,244.133643206098,158.027008056641
,Run9,1256,244.133643206098,158.037002563477
,Run9,1257,244.133643206098,158.026000976562
,Run9,1258,244.133643206098,158.026000976562
,Run9,1259,244.133643206098,158.005004882812
,Run9,1260,244.133643206098,158.019012451172
,Run9,1261,244.133643206098,158.018005371094
,Run9,1262,244.133643206098,157.998001098633
,Run9,1263,244.133643206098,158.018005371094
,Run9,1264,244.133643206098,157.985000610352
,Run9,1265,244.133643206098,157.985000610352
,Run9,1266,244.133643206098,157.976013183594
,Run9,1267,244.133643206098,157.982009887695
,Run9,1268,244.133643206098,157.985000610352
,Run9,1269,244.133643206098,157.988006591797
,Run9,1270,244.133643206098,157.995010375977
,Run9,1271,244.133643206098,157.994003295898
,Run9,1272,244.133643206098,157.991012573242
,Run9,1273,244.133643206098,157.985000610352
,Run9,1274,244.133643206098,157.98600769043
,Run9,1275,244.133643206098,157.961013793945
,Run9,1276,244.133643206098,157.98600769043
,Run9,1277,244.133643206098,157.994003295898
,Run9,1278,244.133643206098,157.987014770508
,Run9,1279,244.133643206098,157.98600769043
,Run9,1280,244.133643206098,157.976013183594
,Run9,1281,244.133643206098,157.975006103516
,Run9,1282,244.133643206098,157.984008789062
,Run9,1283,244.133643206098,157.984008789062
,Run9,1284,244.133643206098,157.988006591797
,Run9,1285,244.133643206098,157.98600769043
,Run9,1286,244.133643206098,158.002014160156
,Run9,1287,244.133643206098,157.97900390625
,Run9,1288,244.133643206098,157.998001098633
,Run9,1289,244.133643206098,157.984008789062
,Run9,1290,244.133643206098,157.974014282227
,Run9,1291,244.133643206098,157.973007202148
,Run9,1292,244.133643206098,157.961013793945
,Run9,1293,242.801872051219,157.93701171875
,Run9,1294,242.801872051219,157.978012084961
,Run9,1295,242.801872051219,157.978012084961
,Run9,1296,242.801872051219,157.977005004883
,Run9,1297,242.801872051219,157.993011474609
,Run9,1298,242.801872051219,157.981002807617
,Run9,1299,242.801872051219,157.981002807617
,Run9,1300,242.801872051219,157.98600769043
,Run9,1301,242.801872051219,157.98600769043
,Run9,1302,242.801872051219,157.989013671875
,Run9,1303,242.801872051219,157.987014770508
,Run9,1304,242.801872051219,157.987014770508
,Run9,1305,242.801872051219,157.999008178711
,Run9,1306,242.801872051219,157.991012573242
,Run9,1307,242.801872051219,158.008010864258
,Run9,1308,242.801872051219,157.985000610352
,Run9,1309,242.801872051219,158.021011352539
,Run9,1310,242.801872051219,157.9580078125
,Run9,1311,242.801872051219,157.994003295898
,Run9,1312,242.801872051219,157.946014404297
,Run9,1313,242.801872051219,158.004013061523
,Run9,1314,242.801872051219,157.984008789062
,Run9,1315,242.801872051219,157.938003540039
,Run9,1316,242.801872051219,157.980010986328
,Run9,1317,242.801872051219,157.922012329102
,Run9,1318,242.801872051219,157.967010498047
,Run9,1319,242.801872051219,157.922012329102
,Run9,1320,242.801872051219,157.975006103516
,Run9,1321,242.801872051219,157.908004760742
,Run9,1322,242.801872051219,157.997009277344
,Run9,1323,242.801872051219,157.966003417969
,Run9,1324,242.801872051219,158.014007568359
,Run9,1325,242.801872051219,157.956008911133
,Run9,1326,242.801872051219,157.899002075195
,Run9,1327,242.801872051219,157.948013305664
,Run9,1328,242.801872051219,157.881011962891
,Run9,1329,242.801872051219,157.95100402832
,Run9,1330,242.801872051219,157.896011352539
,Run9,1331,242.801872051219,157.995010375977
,Run9,1332,242.801872051219,157.95100402832
,Run9,1333,242.801872051219,158.001007080078
,Run9,1334,242.801872051219,157.939010620117
,Run9,1335,242.801872051219,158.004013061523
,Run9,1336,242.801872051219,157.93701171875
,Run9,1337,242.801872051219,157.881011962891
,Run9,1338,242.801872051219,157.935012817383
,Run9,1339,242.801872051219,157.870010375977
,Run9,1340,242.801872051219,157.975006103516
,Run9,1341,242.801872051219,157.93701171875
,Run9,1342,242.801872051219,157.969009399414
,Run9,1343,242.801872051219,157.947006225586
,Run9,1344,242.801872051219,157.992004394531
,Run9,1345,242.801872051219,157.957000732422
,Run9,1346,242.801872051219,157.995010375977
,Run9,1347,242.801872051219,157.973007202148
,Run9,1348,242.801872051219,157.999008178711
,Run9,1349,242.801872051219,157.999008178711
,Run9,1350,242.801872051219,157.980010986328
,Run9,1351,242.801872051219,158.006011962891
,Run9,1352,242.801872051219,157.97900390625
,Run9,1353,242.801872051219,158.014007568359
,Run9,1354,242.801872051219,157.976013183594
,Run9,1355,242.801872051219,158.025009155273
,Run9,1356,242.801872051219,157.995010375977
,Run9,1357,242.801872051219,158.022003173828
,Run9,1358,242.801872051219,158.022003173828
,Run9,1359,242.801872051219,158.035003662109
,Run9,1360,242.801872051219,158.032012939453
,Run9,1361,242.801872051219,157.989013671875
,Run9,1362,242.801872051219,158.018005371094
,Run9,1363,242.801872051219,157.995010375977
,Run9,1364,242.801872051219,158.035003662109
,Run9,1365,242.801872051219,157.995010375977
,Run9,1366,242.801872051219,158.035003662109
,Run9,1367,242.801872051219,158.035003662109
,Run9,1368,242.801872051219,158.087005615234
,Run9,1369,242.801872051219,158.046005249023
,Run9,1370,242.801872051219,158.063003540039
,Run9,1371,242.801872051219,158.050003051758
,Run9,1372,242.801872051219,158.051010131836
,Run9,1373,242.801872051219,158.09001159668
,Run9,1374,242.801872051219,158.047012329102
,Run9,1375,242.801872051219,158.075012207031
,Run9,1376,242.801872051219,158.075012207031
,Run9,1377,242.801872051219,158.096008300781
,Run9,1378,242.801872051219,158.068008422852
,Run9,1379,242.801872051219,158.10400390625
,Run9,1380,242.801872051219,158.084014892578
,Run9,1381,242.801872051219,158.128005981445
,Run9,1382,242.801872051219,158.095001220703
,Run9,1383,242.801872051219,158.146011352539
,Run9,1384,242.801872051219,158.117004394531
,Run9,1385,242.801872051219,158.117004394531
,Run9,1386,242.801872051219,158.148010253906
,Run9,1387,242.801872051219,158.119003295898
,Run9,1388,225.000000000019,158.170013427734
,Run9,1389,225.000000000019,158.196014404297
,Run9,1390,225.000000000019,158.196014404297
,Run9,1391,225.000000000019,158.20100402832
,Run9,1392,225.000000000019,158.210006713867
,Run9,1393,225.000000000019,158.231002807617
,Run9,1394,225.000000000019,158.216003417969
,Run9,1395,225.000000000019,158.217010498047
,Run9,1396,225.000000000019,158.20100402832
,Run9,1397,225.000000000019,158.20100402832
,Run9,1398,225.000000000019,158.202011108398
,Run9,1399,225.000000000019,158.189010620117
,Run9,1400,225.000000000019,158.253005981445
,Run9,1401,225.000000000019,158.18000793457
,Run9,1402,225.000000000019,158.190002441406
,Run9,1403,225.000000000019,158.239013671875
,Run9,1404,225.000000000019,158.164001464844
,Run9,1405,225.000000000019,158.156005859375
,Run9,1406,225.000000000019,158.129013061523
,Run9,1407,225.000000000019,158.129013061523
,Run9,1408,225.000000000019,158.15901184082
,Run9,1409,225.000000000019,158.204010009766
,Run9,1410,225.000000000019,158.270004272461
,Run9,1411,225.000000000019,158.218002319336
,Run9,1412,225.000000000019,158.254013061523
,Run9,1413,225.000000000019,158.245010375977
,Run9,1414,225.000000000019,158.245010375977
,Run9,1415,225.000000000019,158.211013793945
,Run9,1416,225.000000000019,158.230010986328
,Run9,1417,225.000000000019,158.269012451172
,Run9,1418,225.000000000019,158.199005126953
,Run9,1419,225.000000000019,158.192001342773
,Run9,1420,225.000000000019,158.20100402832
,Run9,1421,225.000000000019,158.20100402832
,Run9,1422,225.000000000019,158.190002441406
,Run9,1423,225.000000000019,158.22200012207
,Run9,1424,225.000000000019,158.264007568359
,Run9,1425,225.000000000019,158.205001831055
,Run9,1426,225.000000000019,158.195007324219
,Run9,1427,225.000000000019,158.253005981445
,Run9,1428,225.000000000019,158.204010009766
,Run9,1429,225.000000000019,158.200012207031
,Run9,1430,225.000000000019,158.203002929688
,Run9,1431,225.000000000019,158.203002929688
,Run9,1432,225.000000000019,158.22900390625
,Run9,1433,225.000000000019,158.238006591797
,Run9,1434,225.000000000019,158.302001953125
,Run9,1435,225.000000000019,158.260009765625
,Run9,1436,225.000000000019,158.261001586914
,Run9,1437,225.000000000019,158.264007568359
,Run9,1438,225.000000000019,158.264007568359
,Run9,1439,225.000000000019,158.268005371094
,Run9,1440,225.000000000019,158.271011352539
,Run9,1441,225.000000000019,158.309005737305
,Run9,1442,225.000000000019,158.278015136719
,Run9,1443,225.000000000019,158.283004760742
,Run9,1444,225.000000000019,158.308013916016
,Run9,1445,225.000000000019,158.302001953125
,Run9,1446,225.000000000019,158.269012451172
,Run9,1447,225.000000000019,158.295013427734
,Run9,1448,225.000000000019,158.295013427734
,Run9,1449,225.000000000019,158.274002075195
,Run9,1450,225.000000000019,158.270004272461
,Run9,1451,225.000000000019,158.315002441406
,Run9,1452,225.000000000019,158.274002075195
,Run9,1453,225.000000000019,158.274002075195
,Run9,1454,225.000000000019,158.283004760742
,Run9,1455,225.000000000019,158.283004760742
,Run9,1456,225.000000000019,158.279006958008
,Run9,1457,225.000000000019,158.28401184082
,Run9,1458,225.000000000019,158.330001831055
,Run9,1459,225.000000000019,158.291000366211
,Run9,1460,225.000000000019,158.314010620117
,Run9,1461,225.000000000019,158.328002929688
,Run9,1462,225.000000000019,158.328002929688
,Run9,1463,225.000000000019,158.360000610352
,Run9,1464,225.000000000019,158.355010986328
,Run9,1465,225.000000000019,158.392013549805
,Run9,1466,225.000000000019,158.367004394531
,Run9,1467,225.000000000019,158.366012573242
,Run9,1468,225.000000000019,158.386001586914
,Run9,1469,225.000000000019,158.369003295898
,Run9,1470,225.000000000019,158.367004394531
,Run9,1471,225.000000000019,158.34700012207
,Run9,1472,225.000000000019,158.34700012207
,Run9,1473,225.000000000019,158.34001159668
,Run9,1474,225.000000000019,158.311004638672
,Run9,1475,225.000000000019,158.350006103516
,Run9,1476,225.000000000019,158.322006225586
,Run9,1477,225.000000000019,158.337005615234
,Run9,1478,225.000000000019,158.341003417969
,Run9,1479,225.000000000019,158.341003417969
,Run9,1480,225.000000000019,158.342010498047
,Run9,1481,225.000000000019,158.352005004883
,Run9,1482,225.000000000019,158.358001708984
,Run9,1483,225.000000000019,158.34700012207
,Run9,1484,225.000000000019,158.355010986328
,Run9,1485,225.000000000019,158.356002807617
,Run9,1486,225.000000000019,158.365005493164
,Run9,1487,225.000000000019,158.36100769043
,Run9,1488,225.000000000019,158.359008789062
,Run9,1489,225.000000000019,158.359008789062
,Run9,1490,225.000000000019,158.35400390625
,Run9,1491,225.000000000019,158.346008300781
,Run9,1492,225.000000000019,158.349014282227
,Run9,1493,225.000000000019,158.338012695312
,Run9,1494,225.000000000019,158.374008178711
,Run9,1495,225.000000000019,158.370010375977
,Run9,1496,225.000000000019,158.370010375977
,Run9,1497,225.000000000019,158.370010375977
,Run9,1498,225.000000000019,158.351013183594
,Run9,1499,225.000000000019,158.327011108398
,Run9,1500,225.000000000019,158.358001708984
,Run9,1501,225.000000000019,158.357009887695
,Run9,1502,225.000000000019,158.346008300781
,Run9,1503,225.000000000019,158.346008300781
,Run9,1504,225.000000000019,158.345001220703
,Run9,1505,225.000000000019,158.349014282227
,Run9,1506,225.000000000019,158.349014282227
,Run9,1507,225.000000000019,158.359008789062
,Run9,1508,225.000000000019,158.34700012207
,Run9,1509,225.000000000019,158.260009765625
,Run9,1510,225.000000000019,158.351013183594
,Run9,1511,225.000000000019,158.329010009766
,Run9,1512,225.000000000019,158.342010498047
,Run9,1513,225.000000000019,158.342010498047
,Run9,1514,225.000000000019,158.3330078125
,Run9,1515,225.000000000019,158.316009521484
,Run9,1516,227.579147500414,158.129013061523
,Run9,1517,227.579147500414,158.328002929688
,Run9,1518,227.579147500414,158.321014404297
,Run9,1519,227.579147500414,158.189010620117
,Run9,1520,227.579147500414,158.195007324219
,Run9,1521,227.579147500414,158.315002441406
,Run9,1522,227.579147500414,158.196014404297
,Run9,1523,227.579147500414,158.18701171875
,Run9,1524,227.579147500414,158.198013305664
,Run9,1525,227.579147500414,158.198013305664
,Run9,1526,227.579147500414,158.191009521484
,Run9,1527,227.579147500414,158.164001464844
,Run9,1528,227.579147500414,158.164001464844
,Run9,1529,227.579147500414,158.167007446289
,Run9,1530,227.579147500414,158.165008544922
,Run9,1531,227.579147500414,157.966003417969
,Run9,1532,227.579147500414,158.146011352539
,Run9,1533,227.579147500414,158.141006469727
,Run9,1534,227.579147500414,158.141006469727
,Run9,1535,227.579147500414,157.943008422852
,Run9,1536,227.579147500414,158.143005371094
,Run9,1537,227.579147500414,158.165008544922
,Run9,1538,227.579147500414,157.989013671875
,Run9,1539,227.579147500414,157.999008178711
,Run9,1540,227.579147500414,158.178009033203
,Run9,1541,227.579147500414,158.045013427734
,Run9,1542,227.579147500414,158.031005859375
,Run9,1543,227.579147500414,158.021011352539
,Run9,1544,227.579147500414,158.021011352539
,Run9,1545,227.579147500414,157.98600769043
,Run9,1546,227.579147500414,158.003005981445
,Run9,1547,227.579147500414,158.003005981445
,Run9,1548,227.579147500414,158.037002563477
,Run9,1549,227.579147500414,158.043014526367
,Run9,1550,227.579147500414,157.820007324219
,Run9,1551,227.579147500414,158.060012817383
,Run9,1552,227.579147500414,158.082000732422
,Run9,1553,227.579147500414,157.856002807617
,Run9,1554,227.579147500414,157.876007080078
,Run9,1555,227.579147500414,158.112014770508
,Run9,1556,227.579147500414,157.991012573242
,Run9,1557,227.579147500414,158.032012939453
,Run9,1558,227.579147500414,158.045013427734
,Run9,1559,227.579147500414,158.045013427734
,Run9,1560,227.579147500414,158.066009521484
,Run9,1561,227.579147500414,158.080001831055
,Run9,1562,227.579147500414,157.879013061523
,Run9,1563,227.579147500414,158.073013305664
,Run9,1564,227.579147500414,158.07600402832
,Run9,1565,227.579147500414,157.8330078125
,Run9,1566,227.579147500414,157.881011962891
,Run9,1567,227.579147500414,158.105010986328
,Run9,1568,227.579147500414,157.928009033203
,Run9,1569,227.579147500414,157.920013427734
,Run9,1570,227.579147500414,158.117004394531
,Run9,1571,227.579147500414,157.944000244141
,Run9,1572,227.579147500414,157.989013671875
,Run9,1573,227.579147500414,157.990005493164
,Run9,1574,227.579147500414,157.990005493164
,Run9,1575,227.579147500414,158.010009765625
,Run9,1576,227.579147500414,158.027008056641
,Run9,1577,227.579147500414,158.056015014648
,Run9,1578,227.579147500414,158.056015014648
,Run9,1579,227.579147500414,158.07600402832
,Run9,1580,227.579147500414,158.107009887695
,Run9,1581,227.579147500414,157.978012084961
,Run9,1582,227.579147500414,158.136001586914
,Run9,1583,227.579147500414,158.165008544922
,Run9,1584,227.579147500414,158.126007080078
,Run9,1585,227.579147500414,158.205001831055
,Run9,1586,227.579147500414,158.260009765625
,Run9,1587,227.579147500414,158.196014404297
,Run9,1588,227.579147500414,158.210006713867
,Run9,1589,227.579147500414,158.221008300781
,Run9,1590,227.579147500414,158.18000793457
,Run9,1591,227.579147500414,158.175003051758
,Run9,1592,227.579147500414,158.181015014648
,Run9,1593,227.579147500414,158.181015014648
,Run9,1594,227.579147500414,158.179000854492
,Run9,1595,227.579147500414,158.210006713867
,Run9,1596,227.579147500414,158.139007568359
,Run9,1597,227.579147500414,158.22200012207
,Run9,1598,227.579147500414,158.231002807617
,Run9,1599,227.579147500414,158.179000854492
,Run9,1600,227.579147500414,158.200012207031
,Run9,1601,227.579147500414,158.260009765625
,Run9,1602,227.579147500414,158.22900390625
,Run9,1603,227.579147500414,158.25700378418
,Run9,1604,227.579147500414,158.297012329102
,Run9,1605,227.579147500414,158.297012329102
,Run9,1606,227.579147500414,158.296005249023
,Run9,1607,233.426969021854,158.294006347656
,Run9,1608,233.426969021854,158.277008056641
,Run9,1609,233.426969021854,158.287002563477
,Run9,1610,233.426969021854,158.303009033203
,Run9,1611,233.426969021854,158.295013427734
,Run9,1612,233.426969021854,158.30500793457
,Run9,1613,233.426969021854,158.277008056641
,Run9,1614,233.426969021854,158.294006347656
,Run9,1615,233.426969021854,158.277008056641
,Run9,1616,233.426969021854,158.272003173828
,Run9,1617,233.426969021854,158.244003295898
,Run9,1618,233.426969021854,158.21501159668
,Run9,1619,233.426969021854,158.251007080078
,Run9,1620,233.426969021854,158.255004882812
,Run9,1621,233.426969021854,158.240005493164
,Run9,1622,233.426969021854,158.242004394531
,Run9,1623,233.426969021854,158.221008300781
,Run9,1624,233.426969021854,158.255004882812
,Run9,1625,233.426969021854,157.977005004883
,Run9,1626,233.426969021854,153.775009155273
,Run9,1627,233.426969021854,153.795013427734
,Run9,1628,233.426969021854,155.421005249023
,Run9,1629,233.426969021854,156.996002197266
,Run9,1630,233.426969021854,158.276000976562
,Run9,1631,233.426969021854,158.240005493164
,Run9,1632,233.426969021854,158.248001098633
,Run9,1633,233.426969021854,158.245010375977
,Run9,1634,233.426969021854,158.255004882812
,Run9,1635,233.426969021854,158.228012084961
,Run9,1636,233.426969021854,158.218002319336
,Run9,1637,233.426969021854,158.233001708984
,Run9,1638,233.426969021854,158.233001708984
,Run9,1639,233.426969021854,158.238006591797
,Run9,1640,233.426969021854,158.228012084961
,Run9,1641,233.426969021854,158.23600769043
,Run9,1642,233.426969021854,158.260009765625
,Run9,1643,233.426969021854,158.256011962891
,Run9,1644,233.426969021854,158.273010253906
,Run9,1645,233.426969021854,158.281005859375
,Run9,1646,233.426969021854,158.296005249023
,Run9,1647,233.426969021854,158.276000976562
,Run9,1648,233.426969021854,158.269012451172
,Run9,1649,233.426969021854,158.263000488281
,Run9,1650,233.426969021854,158.263000488281
,Run9,1651,233.426969021854,158.262008666992
,Run9,1652,233.426969021854,158.272003173828
,Run9,1653,204.274441134296,158.272003173828
,Run9,1654,204.274441134296,158.281005859375
,Run9,1655,204.274441134296,158.268005371094
,Run9,1656,204.274441134296,158.30500793457
,Run9,1657,204.274441134296,158.196014404297
,Run9,1658,204.274441134296,157.860000610352
,Run9,1659,204.274441134296,157.802001953125
,Run9,1660,204.274441134296,157.388000488281
,Run9,1661,204.274441134296,157.270004272461
,Run9,1662,204.274441134296,157.167007446289
,Run9,1663,204.274441134296,157.019012451172
,Run9,1664,204.274441134296,157.11100769043
,Run9,1665,204.274441134296,157.019012451172
,Run9,1666,204.274441134296,157.059005737305
,Run9,1667,204.274441134296,156.942001342773
,Run9,1668,204.274441134296,156.946014404297
,Run9,1669,204.274441134296,156.941009521484
,Run9,1670,204.274441134296,156.963012695312
,Run9,1671,204.274441134296,156.844009399414
,Run9,1672,204.274441134296,156.798004150391
,Run9,1673,204.274441134296,156.942001342773
,Run9,1674,204.274441134296,156.893005371094
,Run9,1675,204.274441134296,156.792007446289
,Run9,1676,204.274441134296,156.822006225586
,Run9,1677,204.274441134296,156.658004760742
,Run9,1678,204.274441134296,156.59700012207
,Run9,1679,204.274441134296,156.586013793945
,Run9,1680,204.274441134296,156.5830078125
,Run9,1681,204.274441134296,156.589004516602
,Run9,1682,204.274441134296,156.556015014648
,Run9,1683,204.274441134296,156.521011352539
,Run9,1684,204.274441134296,156.496002197266
,Run9,1685,204.274441134296,156.432006835938
,Run9,1686,204.274441134296,156.423004150391
,Run9,1687,204.274441134296,156.423004150391
,Run9,1688,204.274441134296,156.501007080078
,Run9,1689,204.274441134296,156.427001953125
,Run9,1690,204.274441134296,156.491012573242
,Run9,1691,204.274441134296,156.453002929688
,Run9,1692,204.274441134296,156.359008789062
,Run9,1693,204.274441134296,156.388000488281
,Run9,1694,204.274441134296,156.349014282227
,Run9,1695,204.274441134296,156.356002807617
,Run9,1696,204.274441134296,156.317001342773
,Run9,1697,204.274441134296,156.287002563477
,Run9,1698,204.274441134296,156.324005126953
,Run9,1699,204.274441134296,156.28401184082
,Run9,1700,204.274441134296,156.297012329102
,Run9,1701,204.274441134296,156.292007446289
,Run9,1702,204.274441134296,156.290008544922
,Run9,1703,204.274441134296,156.275009155273
,Run9,1704,204.274441134296,156.238006591797
,Run9,1705,204.274441134296,156.240005493164
,Run9,1706,204.274441134296,156.199005126953
,Run9,1707,204.274441134296,156.205001831055
,Run9,1708,204.274441134296,156.216003417969
,Run9,1709,204.274441134296,156.209014892578
,Run9,1710,204.274441134296,156.241012573242
,Run9,1711,204.274441134296,156.207000732422
,Run9,1712,204.274441134296,156.20100402832
,Run9,1713,204.274441134296,156.149002075195
,Run9,1714,204.274441134296,156.145004272461
,Run9,1715,204.274441134296,156.118011474609
,Run9,1716,204.274441134296,156.122009277344
,Run9,1717,204.274441134296,156.102005004883
,Run9,1718,204.274441134296,156.09700012207
,Run9,1719,204.274441134296,156.105010986328
,Run9,1720,204.274441134296,156.05500793457
,Run9,1721,204.274441134296,156.05500793457
,Run9,1722,204.274441134296,156.019012451172
,Run9,1723,204.274441134296,156.009002685547
,Run9,1724,204.274441134296,155.964004516602
,Run9,1725,204.274441134296,155.985000610352
,Run9,1726,204.274441134296,156.017013549805
,Run9,1727,204.274441134296,155.974014282227
,Run9,1728,204.274441134296,156.009002685547
,Run9,1729,204.274441134296,155.967010498047
,Run9,1730,204.274441134296,155.977005004883
,Run9,1731,204.274441134296,155.959014892578
,Run9,1732,204.274441134296,155.954010009766
,Run9,1733,204.274441134296,155.946014404297
,Run9,1734,204.274441134296,155.938003540039
,Run9,1735,204.274441134296,155.935012817383
,Run9,1736,204.274441134296,155.929000854492
,Run9,1737,204.274441134296,155.911010742188
,Run9,1738,204.274441134296,155.901000976562
,Run9,1739,204.274441134296,155.880004882812
,Run9,1740,204.274441134296,155.874008178711
,Run9,1741,204.274441134296,155.844009399414
,Run9,1742,204.274441134296,155.8330078125
,Run9,1743,204.274441134296,155.8330078125
,Run9,1744,204.274441134296,155.82600402832
,Run9,1745,204.274441134296,155.81201171875
,Run9,1746,204.274441134296,155.795013427734
,Run9,1747,204.274441134296,155.785003662109
,Run9,1748,204.274441134296,155.775009155273
,Run9,1749,204.274441134296,155.770004272461
,Run9,1750,204.274441134296,155.766006469727
,Run9,1751,204.274441134296,155.754013061523
,Run9,1752,204.274441134296,155.75
,Run9,1753,204.274441134296,155.741012573242
,Run9,1754,204.274441134296,155.744003295898
,Run9,1755,204.274441134296,155.744003295898
,Run9,1756,204.274441134296,155.724014282227
,Run9,1757,204.274441134296,155.735000610352
,Run9,1758,204.274441134296,155.696014404297
,Run9,1759,204.274441134296,155.714004516602
,Run9,1760,204.274441134296,155.727005004883
,Run9,1761,204.274441134296,155.700012207031
,Run9,1762,204.274441134296,155.712005615234
,Run9,1763,204.274441134296,155.702011108398
,Run9,1764,204.274441134296,155.7080078125
,Run9,1765,204.274441134296,155.702011108398
,Run9,1766,204.274441134296,155.699005126953
,Run9,1767,204.274441134296,155.700012207031
,Run9,1768,204.274441134296,155.695007324219
,Run9,1769,204.274441134296,155.710006713867
,Run9,1770,204.274441134296,155.70100402832
,Run9,1771,204.274441134296,155.696014404297
,Run9,1772,204.274441134296,155.691009521484
,Run9,1773,204.274441134296,155.692001342773
,Run9,1774,204.274441134296,155.68701171875
,Run9,1775,204.274441134296,155.693008422852
,Run9,1776,204.274441134296,155.682006835938
,Run9,1777,204.274441134296,155.682006835938
,Run9,1778,204.274441134296,155.693008422852
,Run9,1779,204.274441134296,155.679000854492
,Run9,1780,204.274441134296,155.671005249023
,Run9,1781,204.274441134296,155.671005249023
,Run9,1782,204.274441134296,155.642013549805
,Run9,1783,205.232831323349,155.661010742188
,Run9,1784,205.232831323349,155.646011352539
,Run9,1785,205.232831323349,155.636001586914
,Run9,1786,205.232831323349,155.617004394531
,Run9,1787,205.232831323349,155.626007080078
,Run9,1788,205.232831323349,155.626007080078
,Run9,1789,205.232831323349,155.621002197266
,Run9,1790,205.232831323349,155.619003295898
,Run9,1791,205.232831323349,155.607009887695
,Run9,1792,205.232831323349,155.618011474609
,Run9,1793,205.232831323349,155.609008789062
,Run9,1794,205.232831323349,155.589004516602
,Run9,1795,205.232831323349,155.614013671875
,Run9,1796,205.232831323349,155.598007202148
,Run9,1797,205.232831323349,155.612014770508
,Run9,1798,205.232831323349,155.61100769043
,Run9,1799,205.232831323349,155.646011352539
,Run9,1800,205.232831323349,155.638000488281
,Run9,1801,205.232831323349,155.612014770508
,Run9,1802,205.232831323349,155.631011962891
,Run9,1803,205.232831323349,155.616012573242
,Run9,1804,205.232831323349,155.634002685547
,Run9,1805,205.232831323349,155.624008178711
,Run9,1806,205.232831323349,155.647003173828
,Run9,1807,205.232831323349,155.626007080078
,Run9,1808,205.232831323349,155.591003417969
,Run9,1809,205.232831323349,155.660003662109
,Run9,1810,205.232831323349,155.640014648438
,Run9,1811,205.232831323349,155.656005859375
,Run9,1812,205.232831323349,155.647003173828
,Run9,1813,205.232831323349,155.651000976562
,Run9,1814,205.232831323349,155.622009277344
,Run9,1815,205.232831323349,155.618011474609
,Run9,1816,205.232831323349,155.620010375977
,Run9,1817,205.232831323349,155.623001098633
,Run9,1818,205.232831323349,155.633010864258
,Run9,1819,205.232831323349,155.60400390625
,Run9,1820,205.232831323349,155.642013549805
,Run9,1821,205.232831323349,155.634002685547
,Run9,1822,205.232831323349,155.607009887695
,Run9,1823,205.232831323349,155.631011962891
,Run9,1824,205.232831323349,155.623001098633
,Run9,1825,205.232831323349,155.620010375977
,Run9,1826,205.232831323349,155.585006713867
,Run9,1827,205.232831323349,155.607009887695
,Run9,1828,205.232831323349,155.596008300781
,Run9,1829,205.232831323349,155.588012695312
,Run9,1830,205.232831323349,155.615005493164
,Run9,1831,205.232831323349,155.609008789062
,Run9,1832,205.232831323349,155.617004394531
,Run9,1833,205.232831323349,155.602005004883
,Run9,1834,205.232831323349,155.613006591797
,Run9,1835,205.232831323349,155.591003417969
,Run9,1836,205.232831323349,155.582000732422
,Run9,1837,205.232831323349,155.57600402832
,Run9,1838,205.232831323349,155.574005126953
,Run9,1839,205.232831323349,155.581008911133
,Run9,1840,205.232831323349,155.566009521484
,Run9,1841,205.232831323349,155.586013793945
,Run9,1842,205.232831323349,155.575012207031
,Run9,1843,205.232831323349,155.56201171875
,Run9,1844,205.232831323349,155.569000244141
,Run9,1845,205.232831323349,155.569000244141
,Run9,1846,205.232831323349,155.557006835938
,Run9,1847,205.232831323349,155.559005737305
,Run9,1848,205.232831323349,155.577011108398
,Run9,1849,205.232831323349,155.588012695312
,Run9,1850,205.232831323349,155.574005126953
,Run9,1851,205.232831323349,155.594009399414
,Run9,1852,205.232831323349,155.59700012207
,Run9,1853,205.232831323349,155.592010498047
,Run9,1854,205.232831323349,155.600006103516
,Run9,1855,205.232831323349,155.592010498047
,Run9,1856,205.232831323349,155.586013793945
,Run9,1857,205.232831323349,155.574005126953
,Run9,1858,205.232831323349,155.59001159668
,Run9,1859,205.232831323349,155.5830078125
,Run9,1860,205.232831323349,155.582000732422
,Run9,1861,205.232831323349,155.593002319336
,Run9,1862,205.232831323349,155.593002319336
,Run9,1863,205.232831323349,155.580001831055
,Run9,1864,205.232831323349,155.5830078125
,Run9,1865,205.232831323349,155.588012695312
,Run9,1866,205.232831323349,155.580001831055
,Run9,1867,205.232831323349,155.601013183594
,Run9,1868,205.232831323349,155.596008300781
,Run9,1869,205.232831323349,155.595001220703
,Run9,1870,205.232831323349,155.601013183594
,Run9,1871,205.232831323349,155.587005615234
,Run9,1872,205.232831323349,155.624008178711
,Run9,1873,205.232831323349,155.617004394531
,Run9,1874,205.232831323349,155.645004272461
,Run9,1875,205.232831323349,155.618011474609
,Run9,1876,205.232831323349,155.624008178711
,Run9,1877,205.232831323349,155.636001586914
,Run9,1878,205.232831323349,155.633010864258
,Run9,1879,205.232831323349,155.644012451172
,Run9,1880,205.232831323349,155.636001586914
,Run9,1881,205.232831323349,155.643005371094
,Run9,1882,205.232831323349,155.628005981445
,Run9,1883,205.232831323349,155.628005981445
,Run9,1884,205.232831323349,155.657012939453
,Run9,1885,205.232831323349,155.63200378418
,Run9,1886,205.232831323349,155.645004272461
,Run9,1887,205.232831323349,155.628005981445
,Run9,1888,205.232831323349,155.644012451172
,Run9,1889,205.232831323349,155.630004882812
,Run9,1890,205.232831323349,155.613006591797
,Run9,1891,205.232831323349,155.628005981445
,Run9,1892,205.232831323349,155.618011474609
,Run9,1893,205.232831323349,155.628005981445
,Run9,1894,205.232831323349,155.618011474609
,Run9,1895,205.232831323349,155.63200378418
,Run9,1896,211.857998891254,155.620010375977
,Run9,1897,211.857998891254,155.634002685547
,Run9,1898,211.857998891254,155.628005981445
,Run9,1899,211.857998891254,155.630004882812
,Run9,1900,211.857998891254,155.634002685547
,Run9,1901,211.857998891254,155.646011352539
,Run9,1902,211.857998891254,155.648010253906
,Run9,1903,211.857998891254,155.654006958008
,Run9,1904,211.857998891254,155.637008666992
,Run9,1905,211.857998891254,155.637008666992
,Run9,1906,211.857998891254,155.635009765625
,Run9,1907,211.857998891254,155.628005981445
,Run9,1908,211.857998891254,155.626007080078
,Run9,1909,211.857998891254,155.618011474609
,Run9,1910,211.857998891254,155.619003295898
,Run9,1911,211.857998891254,155.606002807617
,Run9,1912,211.857998891254,155.615005493164
,Run9,1913,211.857998891254,155.614013671875
,Run9,1914,211.857998891254,155.592010498047
,Run9,1915,211.857998891254,155.619003295898
,Run9,1916,211.857998891254,155.613006591797
,Run9,1917,211.857998891254,155.655014038086
,Run9,1918,211.857998891254,155.624008178711
,Run9,1919,211.857998891254,155.654006958008
,Run9,1920,211.857998891254,155.621002197266
,Run9,1921,211.857998891254,155.621002197266
,Run9,1922,211.857998891254,155.618011474609
,Run9,1923,211.857998891254,155.661010742188
,Run9,1924,211.857998891254,155.667007446289
,Run9,1925,211.857998891254,155.714004516602
,Run9,1926,211.857998891254,155.710006713867
,Run9,1927,211.857998891254,155.710006713867
,Run9,1928,211.857998891254,155.716003417969
,Run9,1929,211.857998891254,155.769012451172
,Run9,1930,211.857998891254,155.717010498047
,Run9,1931,211.857998891254,155.7080078125
,Run9,1932,211.857998891254,155.748001098633
,Run9,1933,211.857998891254,155.818008422852
,Run9,1934,211.857998891254,155.818008422852
,Run9,1935,211.857998891254,155.760009765625
,Run9,1936,211.857998891254,155.763000488281
,Run9,1937,211.857998891254,155.762008666992
,Run9,1938,211.857998891254,155.769012451172
,Run9,1939,211.857998891254,155.760009765625
,Run9,1940,211.857998891254,155.764007568359
,Run9,1941,211.857998891254,155.75700378418
,Run9,1942,211.857998891254,155.767013549805
,Run9,1943,211.857998891254,155.774002075195
,Run9,1944,289.722277764506,155.751007080078
,Run9,1945,289.722277764506,155.751007080078
,Run9,1946,289.722277764506,155.754013061523
,Run9,1947,289.722277764506,155.714004516602
,Run9,1948,289.722277764506,155.703002929688
,Run9,1949,289.722277764506,155.695007324219
,Run9,1950,289.722277764506,155.678009033203
,Run9,1951,289.722277764506,155.662002563477
,Run9,1952,289.722277764506,155.648010253906
,Run9,1953,289.722277764506,155.621002197266
,Run9,1954,289.722277764506,155.626007080078
,Run9,1955,289.722277764506,155.607009887695
,Run9,1956,289.722277764506,155.601013183594
,Run9,1957,289.722277764506,155.5830078125
,Run9,1958,289.722277764506,155.608001708984
,Run9,1959,289.722277764506,156.279006958008
,Run9,1960,289.722277764506,156.942001342773
,Run9,1961,289.722277764506,157.646011352539
,Run9,1962,289.722277764506,157.791000366211
,Run9,1963,289.722277764506,158.496002197266
,Run9,1964,289.722277764506,159.20100402832
,Run9,1965,289.722277764506,160.050003051758
,Run9,1966,289.722277764506,160.755004882812
,Run9,1967,289.722277764506,160.985000610352
,Run9,1968,289.722277764506,161.238006591797
,Run9,1969,289.722277764506,161.276000976562
,Run9,1970,289.722277764506,161.384002685547
,Run9,1971,289.722277764506,161.654006958008
,Run9,1972,289.722277764506,161.665008544922
,Run9,1973,289.722277764506,161.735000610352
,Run9,1974,289.722277764506,161.765014648438
,Run9,1975,289.722277764506,161.739013671875
,Run9,1976,289.722277764506,161.467010498047
,Run9,1977,289.722277764506,161.31201171875
,Run9,1978,289.722277764506,161.136001586914
,Run9,1979,289.722277764506,161.136001586914
,Run9,1980,289.722277764506,160.82600402832
,Run9,1981,289.722277764506,160.436004638672
,Run9,1982,289.722277764506,160.047012329102
,Run9,1983,289.722277764506,159.661010742188
,Run9,1984,289.722277764506,159.265014648438
,Run9,1985,289.722277764506,158.875
,Run9,1986,289.722277764506,158.638000488281
,Run9,1987,289.722277764506,158.466003417969
,Run9,1988,289.722277764506,158.376007080078
,Run9,1989,289.722277764506,159.372009277344
,Run9,1990,289.722277764506,159.161010742188
,Run9,1991,289.722277764506,158.70100402832
,Run9,1992,289.722277764506,158.212005615234
,Run9,1993,289.722277764506,157.830001831055
,Run9,1994,289.722277764506,157.381011962891
,Run9,1995,289.722277764506,157.345001220703
,Run9,1996,289.722277764506,157.345001220703
,Run9,1997,289.722277764506,156.898010253906
,Run9,1998,289.722277764506,156.334014892578
,Run9,1999,289.722277764506,155.591003417969
,Run9,2000,289.722277764506,155.388000488281
,Run9,2001,289.722277764506,155.525009155273
,Run9,2002,289.722277764506,155.532012939453
,Run9,2003,289.722277764506,155.542007446289
,Run9,2004,289.722277764506,155.557006835938
,Run9,2005,289.722277764506,155.559005737305
,Run9,2006,289.722277764506,155.569000244141
,Run9,2007,289.722277764506,155.582000732422
,Run9,2008,289.722277764506,155.600006103516
,Run9,2009,289.722277764506,155.877014160156
,Run9,2010,210.529705900055,155.877014160156
,Run9,2011,210.529705900055,156.010009765625
,Run9,2012,210.529705900055,155.728012084961
,Run9,2013,210.529705900055,156.134002685547
,Run9,2014,210.529705900055,155.814010620117
,Run9,2015,210.529705900055,155.945007324219
,Run9,2016,210.529705900055,155.679000854492
,Run9,2017,210.529705900055,155.795013427734
,Run9,2018,210.529705900055,155.624008178711
,Run9,2019,210.529705900055,155.688003540039
,Run9,2020,210.529705900055,156.086013793945
,Run9,2021,210.529705900055,155.811004638672
,Run9,2022,210.529705900055,155.984008789062
,Run9,2023,210.529705900055,155.797012329102
,Run9,2024,210.529705900055,155.944000244141
,Run9,2025,210.529705900055,155.756011962891
,Run9,2026,210.529705900055,155.86100769043
,Run9,2027,210.529705900055,155.86100769043
,Run9,2028,210.529705900055,155.988006591797
,Run9,2029,210.529705900055,155.787002563477
,Run9,2030,210.529705900055,155.954010009766
,Run9,2031,210.529705900055,155.802001953125
,Run9,2032,210.529705900055,155.906005859375
,Run9,2033,210.529705900055,155.798004150391
,Run9,2034,210.529705900055,156.069000244141
,Run9,2035,210.529705900055,155.896011352539
,Run9,2036,210.529705900055,156.040008544922
,Run9,2037,210.529705900055,155.917007446289
,Run9,2038,210.529705900055,156.049011230469
,Run9,2039,210.529705900055,155.940002441406
,Run9,2040,210.529705900055,156.124008178711
,Run9,2041,210.529705900055,156.004013061523
,Run9,2042,210.529705900055,156.353012084961
,Run9,2043,210.529705900055,156.146011352539
,Run9,2044,210.529705900055,156.370010375977
,Run9,2045,210.529705900055,156.210006713867
,Run9,2046,210.529705900055,156.40901184082
,Run9,2047,210.529705900055,156.281005859375
,Run9,2048,210.529705900055,156.491012573242
,Run9,2049,210.529705900055,156.491012573242
,Run9,2050,210.529705900055,156.75
,Run9,2051,210.529705900055,156.679000854492
,Run9,2052,210.529705900055,156.896011352539
,Run9,2053,210.529705900055,156.886001586914
,Run9,2054,210.529705900055,157.06201171875
,Run9,2055,210.529705900055,157.068008422852
,Run9,2056,210.529705900055,157.241012573242
,Run9,2057,210.529705900055,157.18000793457
,Run9,2058,210.529705900055,157.325012207031
,Run9,2059,210.529705900055,157.302001953125
,Run9,2060,210.529705900055,157.406005859375
,Run9,2061,210.529705900055,157.410003662109
,Run9,2062,210.529705900055,157.523010253906
,Run9,2063,210.529705900055,157.523010253906
,Run9,2064,210.529705900055,157.617004394531
,Run9,2065,210.529705900055,157.609008789062
,Run9,2066,210.529705900055,157.634002685547
,Run9,2067,210.529705900055,157.647003173828
,Run9,2068,210.529705900055,157.615005493164
,Run9,2069,210.529705900055,157.594009399414
,Run9,2070,210.529705900055,157.584014892578
,Run9,2071,210.529705900055,157.584014892578
,Run9,2072,210.529705900055,157.572006225586
,Run9,2073,210.529705900055,157.560012817383
,Run9,2074,210.529705900055,157.498001098633
,Run9,2075,210.529705900055,157.46501159668
,Run9,2076,210.529705900055,157.40901184082
,Run9,2077,210.529705900055,157.364013671875
,Run9,2078,210.529705900055,157.373001098633
,Run9,2079,210.529705900055,157.303009033203
,Run9,2080,210.529705900055,157.243011474609
,Run9,2081,210.529705900055,157.139007568359
,Run9,2082,210.529705900055,157.014007568359
,Run9,2083,210.529705900055,156.836013793945
,Run9,2084,210.529705900055,156.716003417969
,Run9,2085,210.529705900055,156.60400390625
,Run9,2086,210.529705900055,156.484008789062
,Run9,2087,210.529705900055,156.210006713867
,Run9,2088,210.529705900055,156.047012329102
,Run9,2089,210.529705900055,155.865005493164
,Run9,2090,210.529705900055,155.874008178711
,Run9,2091,210.529705900055,155.747009277344
,Run9,2092,210.529705900055,155.747009277344
,Run9,2093,210.529705900055,155.646011352539
,Run9,2094,210.529705900055,155.623001098633
,Run9,2095,210.529705900055,155.518005371094
,Run9,2096,210.529705900055,155.521011352539
,Run9,2097,210.529705900055,155.443008422852
,Run9,2098,210.529705900055,155.464004516602
,Run9,2099,210.529705900055,155.425003051758
,Run9,2100,210.529705900055,155.418014526367
,Run9,2101,210.529705900055,155.388000488281
,Run9,2102,210.529705900055,155.374008178711
,Run9,2103,210.529705900055,155.36100769043
,Run9,2104,210.529705900055,155.353012084961
,Run9,2105,210.529705900055,155.320007324219
,Run9,2106,210.529705900055,155.339004516602
,Run9,2107,210.529705900055,155.321014404297
,Run9,2108,210.529705900055,155.309005737305
,Run9,2109,210.529705900055,155.293014526367
,Run9,2110,210.529705900055,155.300003051758
,Run9,2111,210.529705900055,155.286010742188
,Run9,2112,210.529705900055,155.313003540039
,Run9,2113,210.529705900055,155.28401184082
,Run9,2114,210.529705900055,155.28401184082
,Run9,2115,210.529705900055,155.260009765625
,Run9,2116,210.529705900055,155.274002075195
,Run9,2117,210.529705900055,155.242004394531
,Run9,2118,210.529705900055,155.25700378418
,Run9,2119,210.529705900055,155.234008789062
,Run9,2120,210.529705900055,155.238006591797
,Run9,2121,210.529705900055,155.20100402832
,Run9,2122,210.529705900055,155.206008911133
,Run9,2123,210.529705900055,155.18701171875
,Run9,2124,210.529705900055,155.189010620117
,Run9,2125,210.529705900055,155.164001464844
,Run9,2126,210.529705900055,155.161010742188
,Run9,2127,210.529705900055,155.148010253906
,Run9,2128,210.529705900055,155.148010253906
,Run9,2129,210.529705900055,155.129013061523
,Run9,2130,210.529705900055,155.137008666992
,Run9,2131,210.529705900055,155.117004394531
,Run9,2132,210.529705900055,155.129013061523
,Run9,2133,210.529705900055,155.118011474609
,Run9,2134,210.529705900055,155.120010375977
,Run9,2135,210.529705900055,155.11100769043
,Run9,2136,210.529705900055,155.099014282227
,Run9,2137,210.529705900055,155.095001220703
,Run9,2138,210.529705900055,155.089004516602
,Run9,2139,210.529705900055,155.081008911133
,Run9,2140,210.529705900055,155.080001831055
,Run9,2141,210.529705900055,155.06201171875
,Run9,2142,210.529705900055,155.06201171875
,Run9,2143,210.529705900055,155.048004150391
,Run9,2144,210.529705900055,155.047012329102
,Run9,2145,210.529705900055,155.050003051758
,Run9,2146,210.529705900055,155.021011352539
,Run9,2147,210.529705900055,155.02799987793
,Run9,2148,210.529705900055,155.009002685547
,Run9,2149,210.529705900055,155.018005371094
,Run9,2150,210.529705900055,154.994003295898
,Run9,2151,210.529705900055,154.988006591797
,Run9,2152,210.529705900055,154.961013793945
,Run9,2153,210.529705900055,154.973007202148
,Run9,2154,210.529705900055,154.95100402832
,Run9,2155,210.529705900055,154.954010009766
,Run9,2156,210.529705900055,154.927001953125
,Run9,2157,210.529705900055,154.927001953125
,Run9,2158,210.529705900055,154.921005249023
,Run9,2159,210.529705900055,154.911010742188
,Run9,2160,210.529705900055,154.886001586914
,Run9,2161,210.529705900055,154.890014648438
,Run9,2162,210.529705900055,154.875
,Run9,2163,210.529705900055,154.878005981445
,Run9,2164,210.529705900055,154.860000610352
,Run9,2165,210.529705900055,154.863006591797
,Run9,2166,210.529705900055,154.830001831055
,Run9,2167,210.529705900055,154.842010498047
,Run9,2168,210.529705900055,154.81201171875
,Run9,2169,220.667686016756,154.798004150391
,Run9,2170,220.667686016756,154.793014526367
,Run9,2171,220.667686016756,154.776000976562
,Run9,2172,220.667686016756,154.772003173828
,Run9,2173,220.667686016756,154.759002685547
,Run9,2174,220.667686016756,154.739013671875
,Run9,2175,220.667686016756,154.739013671875
,Run9,2176,220.667686016756,154.721008300781
,Run9,2177,220.667686016756,154.716003417969
,Run9,2178,220.667686016756,154.7080078125
,Run9,2179,220.667686016756,154.698013305664
,Run9,2180,220.667686016756,154.702011108398
,Run9,2181,220.667686016756,154.689010620117
,Run9,2182,220.667686016756,154.667007446289
,Run9,2183,220.667686016756,154.667007446289
,Run9,2184,220.667686016756,154.670013427734
,Run9,2185,220.667686016756,154.652008056641
,Run9,2186,220.667686016756,154.664001464844
,Run9,2187,220.667686016756,154.640014648438
,Run9,2188,220.667686016756,154.644012451172
,Run9,2189,220.667686016756,154.643005371094
,Run9,2190,220.667686016756,154.645004272461
,Run9,2191,220.667686016756,154.623001098633
,Run9,2192,220.667686016756,154.637008666992
,Run9,2193,220.667686016756,154.637008666992
,Run9,2194,220.667686016756,154.630004882812
,Run9,2195,220.667686016756,154.630004882812
,Run9,2196,220.667686016756,154.638000488281
,Run9,2197,220.667686016756,154.629013061523
,Run9,2198,220.667686016756,154.652008056641
,Run9,2199,220.667686016756,154.629013061523
,Run9,2200,220.667686016756,154.644012451172
,Run9,2201,220.667686016756,154.630004882812
,Run9,2202,220.667686016756,154.63200378418
,Run9,2203,220.667686016756,154.643005371094
,Run9,2204,220.667686016756,154.624008178711
,Run9,2205,220.667686016756,154.624008178711
,Run9,2206,220.667686016756,154.623001098633
,Run9,2207,220.667686016756,154.618011474609
,Run9,2208,220.667686016756,154.599014282227
,Run9,2209,220.667686016756,154.617004394531
,Run9,2210,220.667686016756,154.616012573242
,Run9,2211,220.667686016756,154.617004394531
,Run9,2212,220.667686016756,154.617004394531
,Run9,2213,220.667686016756,154.608001708984
,Run9,2214,220.667686016756,154.607009887695
,Run9,2215,220.667686016756,154.621002197266
,Run9,2216,220.667686016756,154.60400390625
,Run9,2217,220.667686016756,154.599014282227
,Run9,2218,220.667686016756,154.617004394531
,Run9,2219,220.667686016756,154.621002197266
,Run9,2220,220.667686016756,154.60400390625
,Run9,2221,220.667686016756,154.626007080078
,Run9,2222,220.667686016756,154.625
,Run9,2223,220.667686016756,154.651000976562
,Run9,2224,220.667686016756,154.623001098633
,Run9,2225,220.667686016756,154.626007080078
,Run9,2226,220.667686016756,154.649002075195
,Run9,2227,220.667686016756,154.646011352539
,Run9,2228,220.667686016756,154.625
,Run9,2229,220.667686016756,154.647003173828
,Run9,2230,220.667686016756,154.646011352539
,Run9,2231,220.667686016756,154.660003662109
,Run9,2232,220.667686016756,154.660003662109
,Run9,2233,220.667686016756,154.65901184082
,Run9,2234,220.667686016756,154.662002563477
,Run9,2235,220.667686016756,154.665008544922
,Run9,2236,220.667686016756,154.671005249023
,Run9,2237,220.667686016756,154.656005859375
,Run9,2238,220.667686016756,154.675003051758
,Run9,2239,220.667686016756,154.68000793457
,Run9,2240,220.667686016756,154.672012329102
,Run9,2241,220.667686016756,154.672012329102
,Run9,2242,220.667686016756,154.683013916016
,Run9,2243,220.667686016756,154.669006347656
,Run9,2244,220.667686016756,154.68000793457
,Run9,2245,220.667686016756,154.667007446289
,Run9,2246,220.667686016756,154.678009033203
,Run9,2247,220.667686016756,154.678009033203
,Run9,2248,220.667686016756,154.679000854492
,Run9,2249,220.667686016756,154.679000854492
,Run9,2250,220.667686016756,154.676010131836
,Run9,2251,220.667686016756,154.689010620117
,Run9,2252,220.667686016756,154.7080078125
,Run9,2253,220.667686016756,154.693008422852
,Run9,2254,220.667686016756,154.691009521484
,Run9,2255,220.667686016756,154.705001831055
,Run9,2256,220.667686016756,154.7080078125
,Run9,2257,220.667686016756,154.689010620117
,Run9,2258,220.667686016756,154.7080078125
,Run9,2259,220.667686016756,154.705001831055
,Run9,2260,220.667686016756,154.718002319336
,Run9,2261,220.667686016756,154.718002319336
,Run9,2262,220.667686016756,154.707000732422
,Run9,2263,220.667686016756,154.724014282227
,Run9,2264,220.667686016756,154.742004394531
,Run9,2265,220.667686016756,154.745010375977
,Run9,2266,220.667686016756,154.745010375977
,Run9,2267,220.667686016756,154.753005981445
,Run9,2268,220.667686016756,154.759002685547
,Run9,2269,220.667686016756,154.77799987793
,Run9,2270,220.667686016756,154.763000488281
,Run9,2271,220.667686016756,154.767013549805
,Run9,2272,220.667686016756,154.78401184082
,Run9,2273,220.667686016756,154.800003051758
,Run9,2274,220.667686016756,154.787002563477
,Run9,2275,220.667686016756,154.800003051758
,Run9,2276,220.667686016756,154.803009033203
,Run9,2277,220.667686016756,154.815002441406
,Run9,2278,229.497151614639,154.815002441406
,Run9,2279,229.497151614639,154.811004638672
,Run9,2280,229.497151614639,154.821014404297
,Run9,2281,229.497151614639,154.809005737305
,Run9,2282,229.497151614639,154.832000732422
,Run9,2283,229.497151614639,154.835006713867
,Run9,2284,229.497151614639,154.825012207031
,Run9,2285,229.497151614639,154.832000732422
,Run9,2286,229.497151614639,154.84001159668
,Run9,2287,229.497151614639,154.832000732422
,Run9,2288,229.497151614639,154.82600402832
,Run9,2289,229.497151614639,154.838012695312
,Run9,2290,229.497151614639,154.838012695312
,Run9,2291,229.497151614639,154.836013793945
,Run9,2292,229.497151614639,154.820007324219
,Run9,2293,229.497151614639,154.821014404297
,Run9,2294,229.497151614639,154.821014404297
,Run9,2295,229.497151614639,154.821014404297
,Run9,2296,229.497151614639,154.818008422852
,Run9,2297,229.497151614639,154.819000244141
,Run9,2298,229.497151614639,154.808013916016
,Run9,2299,229.497151614639,154.821014404297
,Run9,2300,229.497151614639,154.820007324219
,Run9,2301,229.497151614639,154.798004150391
,Run9,2302,229.497151614639,154.799011230469
,Run9,2303,229.497151614639,154.820007324219
,Run9,2304,229.497151614639,154.807006835938
,Run9,2305,229.497151614639,154.810012817383
,Run9,2306,229.497151614639,154.817001342773
,Run9,2307,229.497151614639,154.817001342773
,Run9,2308,229.497151614639,154.821014404297
,Run9,2309,229.497151614639,154.824005126953
,Run9,2310,229.497151614639,154.808013916016
,Run9,2311,229.497151614639,154.830001831055
,Run9,2312,229.497151614639,154.829010009766
,Run9,2313,229.497151614639,154.835006713867
,Run9,2314,229.497151614639,154.84001159668
,Run9,2315,229.497151614639,154.84001159668
,Run9,2316,229.497151614639,154.845001220703
,Run9,2317,229.497151614639,154.853012084961
,Run9,2318,229.497151614639,154.837005615234
,Run9,2319,229.497151614639,154.859008789062
,Run9,2320,229.497151614639,154.886001586914
,Run9,2321,229.497151614639,154.876007080078
,Run9,2322,229.497151614639,154.880004882812
,Run9,2323,229.497151614639,154.901000976562
,Run9,2324,229.497151614639,154.901000976562
,Run9,2325,229.497151614639,154.912002563477
,Run9,2326,229.497151614639,154.928009033203
,Run9,2327,229.497151614639,154.923004150391
,Run9,2328,229.497151614639,154.944000244141
,Run9,2329,229.497151614639,154.949005126953
,Run9,2330,229.497151614639,154.956008911133
,Run9,2331,229.497151614639,154.981002807617
,Run9,2332,229.497151614639,154.981002807617
,Run9,2333,229.497151614639,155.011001586914
,Run9,2334,229.497151614639,155.043014526367
,Run9,2335,229.497151614639,155.048004150391
,Run9,2336,229.497151614639,155.068008422852
,Run9,2337,229.497151614639,155.107009887695
,Run9,2338,229.497151614639,155.115005493164
,Run9,2339,229.497151614639,155.148010253906
,Run9,2340,229.497151614639,155.174011230469
,Run9,2341,229.497151614639,155.186004638672
,Run9,2342,229.497151614639,155.217010498047
,Run9,2343,229.497151614639,155.25700378418
,Run9,2344,229.497151614639,155.272003173828
,Run9,2345,229.497151614639,155.295013427734
,Run9,2346,229.497151614639,155.325012207031
,Run9,2347,229.497151614639,155.337005615234
,Run9,2348,229.497151614639,155.366012573242
,Run9,2349,229.497151614639,155.366012573242
,Run9,2350,229.497151614639,155.387008666992
,Run9,2351,229.497151614639,155.413009643555
,Run9,2352,224.999999999561,155.415008544922
,Run9,2353,224.999999999561,155.435012817383
,Run9,2354,224.999999999561,155.447006225586
,Run9,2355,224.999999999561,155.468002319336
,Run9,2356,224.999999999561,155.468002319336
,Run9,2357,224.999999999561,155.488006591797
,Run9,2358,224.999999999561,155.505004882812
,Run9,2359,224.999999999561,155.503005981445
,Run9,2360,224.999999999561,155.521011352539
,Run9,2361,224.999999999561,155.536010742188
,Run9,2362,224.999999999561,155.559005737305
,Run9,2363,224.999999999561,155.559005737305
,Run9,2364,224.999999999561,155.573013305664
,Run9,2365,224.999999999561,155.575012207031
,Run9,2366,224.999999999561,155.575012207031
,Run9,2367,224.999999999561,155.586013793945
,Run9,2368,224.999999999561,155.602005004883
,Run9,2369,224.999999999561,155.603012084961
,Run9,2370,224.999999999561,155.609008789062
,Run9,2371,224.999999999561,155.618011474609
,Run9,2372,224.999999999561,155.625
,Run9,2373,224.999999999561,155.625
,Run9,2374,237.771242565299,155.629013061523
,Run9,2375,237.771242565299,155.633010864258
,Run9,2376,237.771242565299,155.634002685547
,Run9,2377,237.771242565299,155.628005981445
,Run9,2378,237.771242565299,155.623001098633
,Run9,2379,237.771242565299,155.648010253906
,Run9,2380,237.771242565299,155.628005981445
,Run9,2381,237.771242565299,155.618011474609
,Run9,2382,237.771242565299,155.606002807617
,Run9,2383,237.771242565299,155.600006103516
,Run9,2384,237.771242565299,155.586013793945
,Run9,2385,237.771242565299,155.574005126953
,Run9,2386,237.771242565299,155.574005126953
,Run9,2387,237.771242565299,155.579010009766
,Run9,2388,237.771242565299,155.567001342773
,Run9,2389,237.771242565299,155.573013305664
,Run9,2390,237.771242565299,155.565002441406
,Run9,2391,237.771242565299,155.577011108398
,Run9,2392,237.771242565299,155.577011108398
,Run9,2393,237.771242565299,155.587005615234
,Run9,2394,237.771242565299,155.609008789062
,Run9,2395,237.771242565299,155.595001220703
,Run9,2396,237.771242565299,155.606002807617
,Run9,2397,237.771242565299,155.592010498047
,Run9,2398,237.771242565299,155.603012084961
,Run9,2399,237.771242565299,155.603012084961
,Run9,2400,237.771242565299,155.60400390625
,Run9,2401,237.771242565299,155.586013793945
,Run9,2402,237.771242565299,155.580001831055
,Run9,2403,237.771242565299,155.569000244141
,Run9,2404,237.771242565299,155.560012817383
,Run9,2405,237.771242565299,155.560012817383
,Run9,2406,237.771242565299,155.554000854492
,Run9,2407,237.771242565299,155.551010131836
,Run9,2408,237.771242565299,155.552001953125
,Run9,2409,237.771242565299,155.552001953125
,Run9,2410,237.771242565299,155.551010131836
,Run9,2411,237.771242565299,155.552001953125
,Run9,2412,237.771242565299,155.552001953125
,Run9,2413,237.771242565299,155.554000854492
,Run9,2414,237.771242565299,155.553009033203
,Run9,2415,237.771242565299,155.553009033203
,Run9,2416,237.771242565299,155.552001953125
,Run9,2417,237.771242565299,155.560012817383
,Run9,2418,237.771242565299,155.560012817383
,Run9,2419,237.771242565299,155.568008422852
,Run9,2420,237.771242565299,155.566009521484
,Run9,2421,237.771242565299,155.57600402832
,Run9,2422,237.771242565299,155.578002929688
,Run9,2423,237.771242565299,155.580001831055
,Run9,2424,237.771242565299,155.579010009766
,Run9,2425,237.771242565299,155.579010009766
,Run9,2426,237.771242565299,155.61100769043
,Run9,2427,237.771242565299,155.582000732422
,Run9,2428,237.771242565299,155.586013793945
,Run9,2429,237.771242565299,155.565002441406
,Run9,2430,237.771242565299,155.573013305664
,Run9,2431,237.771242565299,155.573013305664
,Run9,2432,237.771242565299,155.587005615234
,Run9,2433,237.771242565299,155.549011230469
,Run9,2434,237.771242565299,155.561004638672
,Run9,2435,237.771242565299,155.553009033203
,Run9,2436,237.771242565299,155.569000244141
,Run9,2437,252.645975363262,155.567001342773
,Run9,2438,252.645975363262,155.569000244141
,Run9,2439,252.645975363262,155.569000244141
,Run9,2440,252.645975363262,155.550003051758
,Run9,2441,252.645975363262,155.532012939453
,Run9,2442,252.645975363262,155.539001464844
,Run9,2443,252.645975363262,155.549011230469
,Run9,2444,252.645975363262,155.529006958008
,Run9,2445,252.645975363262,155.535003662109
,Run9,2446,252.645975363262,155.525009155273
,Run9,2447,252.645975363262,155.526000976562
,Run9,2448,252.645975363262,155.524002075195
,Run9,2449,252.645975363262,155.513000488281
,Run9,2450,252.645975363262,155.521011352539
,Run9,2451,252.645975363262,155.545013427734
,Run9,2452,252.645975363262,155.547012329102
,Run9,2453,252.645975363262,155.55500793457
,Run9,2454,252.645975363262,155.569000244141
,Run9,2455,252.645975363262,155.582000732422
,Run9,2456,252.645975363262,155.591003417969
,Run9,2457,311.185925163868,155.608001708984
,Run9,2458,311.185925163868,155.571014404297
,Run9,2459,311.185925163868,155.547012329102
,Run9,2460,311.185925163868,155.565002441406
,Run9,2461,311.185925163868,155.553009033203
,Run9,2462,311.185925163868,155.536010742188
,Run9,2463,311.185925163868,155.561004638672
,Run9,2464,311.185925163868,155.571014404297
,Run9,2465,311.185925163868,155.5830078125
,Run9,2466,311.185925163868,155.569000244141
,Run9,2467,311.185925163868,155.575012207031
,Run9,2468,311.185925163868,155.606002807617
,Run9,2469,4.15964229369857,155.595001220703
,Run9,2470,4.15964229369857,155.582000732422
,Run9,2471,4.15964229369857,155.572006225586
,Run9,2472,4.15964229369857,155.564010620117
,Run9,2473,4.15964229369857,155.544006347656
,Run9,2474,4.15964229369857,155.545013427734
,Run9,2475,4.15964229369857,155.532012939453
,Run9,2476,4.15964229369857,155.52799987793
,Run9,2477,4.15964229369857,155.526000976562
,Run9,2478,4.15964229369857,155.516006469727
,Run9,2479,4.15964229369857,155.529006958008
,Run9,2480,4.15964229369857,155.526000976562
,Run9,2481,4.15964229369857,155.527008056641
,Run9,2482,4.15964229369857,155.513000488281
,Run9,2483,4.15964229369857,155.526000976562
,Run9,2484,4.15964229369857,155.529006958008
,Run9,2485,4.15964229369857,155.525009155273
,Run9,2486,4.15964229369857,155.525009155273
,Run9,2487,4.15964229369857,155.527008056641
,Run9,2488,4.15964229369857,155.535003662109
,Run9,2489,4.15964229369857,155.544006347656
,Run9,2490,4.15964229369857,155.543014526367
,Run9,2491,4.15964229369857,155.55500793457
,Run9,2492,4.15964229369857,155.556015014648
,Run9,2493,4.15964229369857,155.561004638672
,Run9,2494,4.15964229369857,155.559005737305
,Run9,2495,4.15964229369857,155.577011108398
,Run9,2496,4.15964229369857,155.543014526367
,Run9,2497,4.15964229369857,155.542007446289
,Run9,2498,4.15964229369857,155.553009033203
,Run9,2499,4.15964229369857,155.560012817383
,Run9,2500,4.15964229369857,155.564010620117
,Run9,2501,4.15964229369857,155.565002441406
,Run9,2502,4.15964229369857,155.567001342773
,Run9,2503,4.15964229369857,155.581008911133
,Run9,2504,4.15964229369857,155.574005126953
,Run9,2505,4.15964229369857,155.582000732422
,Run9,2506,4.15964229369857,155.581008911133
,Run9,2507,4.15964229369857,155.581008911133
,Run9,2508,4.15964229369857,155.574005126953
,Run9,2509,4.15964229369857,155.570007324219
,Run9,2510,4.15964229369857,155.533004760742
,Run9,2511,4.15964229369857,155.52799987793
,Run9,2512,4.15964229369857,155.532012939453
,Run9,2513,4.15964229369857,155.524002075195
,Run9,2514,4.15964229369857,155.522003173828
,Run9,2515,4.15964229369857,155.511001586914
,Run9,2516,4.15964229369857,155.497009277344
,Run9,2517,4.15964229369857,155.494003295898
,Run9,2518,4.15964229369857,155.494003295898
,Run9,2519,4.15964229369857,155.496002197266
,Run9,2520,4.15964229369857,155.496002197266
,Run9,2521,4.15964229369857,155.491012573242
,Run9,2522,4.15964229369857,155.480010986328
,Run9,2523,4.15964229369857,155.478012084961
,Run9,2524,4.15964229369857,155.446014404297
,Run9,2525,4.15964229369857,155.442001342773
,Run9,2526,4.15964229369857,155.428009033203
,Run9,2527,4.15964229369857,155.421005249023
,Run9,2528,4.15964229369857,155.404006958008
,Run9,2529,4.15964229369857,155.40901184082
,Run9,2530,4.15964229369857,155.399002075195
,Run9,2531,4.15964229369857,155.393005371094
,Run9,2532,4.15964229369857,155.386001586914
,Run9,2533,4.15964229369857,155.385009765625
,Run9,2534,270,155.385009765625
,Run9,2535,270,155.399002075195
,Run9,2536,270,155.411010742188
,Run9,2537,270,155.441009521484
,Run9,2538,270,155.467010498047
,Run9,2539,270,155.495010375977
,Run9,2540,270,155.541000366211
,Run9,2541,270,155.572006225586
,Run9,2542,270,155.59700012207
,Run9,2543,188.806792694418,155.621002197266
,Run9,2544,188.806792694418,155.657012939453
,Run9,2545,188.806792694418,155.697006225586
,Run9,2546,188.806792694418,155.755004882812
,Run9,2547,188.806792694418,155.797012329102
,Run9,2548,188.806792694418,155.844009399414
,Run9,2549,188.806792694418,155.891006469727
,Run9,2550,188.806792694418,155.954010009766
,Run9,2551,188.806792694418,156.005004882812
,Run9,2552,188.806792694418,156.138000488281
,Run9,2553,188.806792694418,156.179000854492
,Run9,2554,188.806792694418,156.230010986328
,Run9,2555,188.806792694418,156.290008544922
,Run9,2556,188.806792694418,156.373001098633
,Run9,2557,188.806792694418,156.435012817383
,Run9,2558,188.806792694418,156.499008178711
,Run9,2559,188.806792694418,156.626007080078
,Run9,2560,188.806792694418,156.68000793457
,Run9,2561,188.806792694418,156.768005371094
,Run9,2562,188.806792694418,156.84001159668
,Run9,2563,188.806792694418,156.922012329102
,Run9,2564,188.806792694418,157.002014160156
,Run9,2565,188.806792694418,157.106002807617
,Run9,2566,188.806792694418,157.185012817383
,Run9,2567,188.806792694418,157.261001586914
,Run9,2568,188.806792694418,157.330001831055
,Run9,2569,188.806792694418,157.402008056641
,Run9,2570,188.806792694418,157.47900390625
,Run9,2571,188.806792694418,157.554000854492
,Run9,2572,188.806792694418,157.678009033203
,Run9,2573,188.806792694418,157.755004882812
,Run9,2574,188.806792694418,157.832000732422
,Run9,2575,188.806792694418,157.906005859375
,Run9,2576,188.806792694418,157.970001220703
,Run9,2577,188.806792694418,158.053009033203
,Run9,2578,188.806792694418,158.150009155273
,Run9,2579,188.806792694418,158.238006591797
,Run9,2580,188.806792694418,158.316009521484
,Run9,2581,188.806792694418,158.376007080078
,Run9,2582,188.806792694418,158.471008300781
,Run9,2583,188.806792694418,158.563003540039
,Run9,2584,188.806792694418,158.660003662109
,Run9,2585,188.806792694418,158.735000610352
,Run9,2586,188.806792694418,158.735000610352
,Run9,2587,188.806792694418,158.824005126953
,Run9,2588,188.806792694418,158.900009155273
,Run9,2589,188.806792694418,158.992004394531
,Run9,2590,188.806792694418,159.087005615234
,Run9,2591,188.806792694418,159.172012329102
,Run9,2592,188.806792694418,159.244003295898
,Run9,2593,188.806792694418,159.316009521484
,Run9,2594,188.806792694418,159.390014648438
,Run9,2595,188.806792694418,159.474014282227
,Run9,2596,188.806792694418,159.541000366211
,Run9,2597,188.806792694418,159.630004882812
,Run9,2598,188.806792694418,159.72900390625
,Run9,2599,188.806792694418,159.799011230469
,Run9,2600,188.806792694418,159.881011962891
,Run9,2601,188.806792694418,159.953002929688
,Run9,2602,188.806792694418,160.032012939453
,Run9,2603,188.806792694418,160.112014770508
,Run9,2604,188.806792694418,160.193008422852
,Run9,2605,188.806792694418,160.286010742188
,Run9,2606,188.806792694418,160.379013061523
,Run9,2607,188.806792694418,160.440002441406
,Run9,2608,188.806792694418,160.516006469727
,Run9,2609,188.806792694418,160.591003417969
,Run9,2610,188.806792694418,160.655014038086
,Run9,2611,188.806792694418,160.769012451172
,Run9,2612,188.806792694418,160.843002319336
,Run9,2613,188.806792694418,160.919006347656
,Run9,2614,188.806792694418,161.009002685547
,Run9,2615,188.806792694418,161.079010009766
,Run9,2616,188.806792694418,161.158004760742
,Run9,2617,188.806792694418,161.240005493164
,Run9,2618,188.806792694418,161.338012695312
,Run9,2619,188.806792694418,161.432006835938
,Run9,2620,188.806792694418,161.522003173828
,Run9,2621,188.806792694418,161.595001220703
,Run9,2622,188.806792694418,161.686004638672
,Run9,2623,188.806792694418,161.783004760742
,Run9,2624,188.806792694418,161.980010986328
,Run9,2625,188.806792694418,161.895004272461
,Run9,2626,188.806792694418,161.649002075195
,Run9,2627,162.07208023785,161.217010498047
,Run9,2628,162.07208023785,160.748001098633
,Run9,2629,162.07208023785,159.875
,Run9,2630,162.07208023785,159.462005615234
,Run9,2631,162.07208023785,159.068008422852
,Run9,2632,162.07208023785,158.772003173828
,Run9,2633,162.07208023785,158.369003295898
,Run9,2634,162.07208023785,157.773010253906
,Run9,2635,162.07208023785,157.188003540039
,Run9,2636,162.07208023785,157.141006469727
,Run9,2637,162.07208023785,157.31201171875
,Run9,2638,162.07208023785,157.298004150391
,Run9,2639,162.07208023785,157.170013427734
,Run9,2640,162.07208023785,157.15901184082
,Run9,2641,162.07208023785,157.193008422852
,Run9,2642,162.07208023785,157.166000366211
,Run9,2643,162.07208023785,157.164001464844
,Run9,2644,162.07208023785,157.15901184082
,Run9,2645,162.07208023785,157.145004272461
,Run9,2646,162.07208023785,157.125
,Run9,2647,162.07208023785,157.09700012207
,Run9,2648,162.07208023785,157.070007324219
,Run9,2649,162.07208023785,157.049011230469
,Run9,2650,162.07208023785,157.014007568359
,Run9,2651,162.07208023785,156.977005004883
,Run9,2652,162.07208023785,157.030014038086
,Run9,2653,162.07208023785,157.166000366211
,Run9,2654,162.07208023785,157.219009399414
,Run9,2655,162.07208023785,157.186004638672
,Run9,2656,162.07208023785,157.134002685547
,Run9,2657,162.07208023785,157.103012084961
,Run9,2658,162.07208023785,157.100006103516
,Run9,2659,162.07208023785,157.06201171875
,Run9,2660,162.07208023785,157.043014526367
,Run9,2661,162.07208023785,157.017013549805
,Run9,2662,162.07208023785,156.992004394531
,Run9,2663,162.07208023785,157.044006347656
,Run9,2664,162.07208023785,157.009002685547
,Run9,2665,162.07208023785,156.625
,Run9,2666,162.07208023785,156.353012084961
,Run9,2667,162.07208023785,156.205001831055
,Run9,2668,162.07208023785,156.231002807617
,Run9,2669,153.434948821456,156.368011474609
,Run9,2670,153.434948821456,156.730010986328
,Run9,2671,153.434948821456,157.233001708984
,Run9,2672,153.434948821456,157.808013916016
,Run9,2673,153.434948821456,158.557006835938
,Run9,2674,153.434948821456,158.557006835938
,Run9,2675,153.434948821456,159.131011962891
,Run9,2676,153.434948821456,159.533004760742
,Run9,2677,153.434948821456,160.376007080078
,Run9,2678,153.434948821456,160.837005615234
,Run9,2679,153.434948821456,161.648010253906
,Run9,2680,153.434948821456,162.154006958008
,Run9,2681,153.434948821456,162.629013061523
,Run9,2682,153.434948821456,162.783004760742
,Run9,2683,153.434948821456,162.783004760742
,Run9,2684,153.434948821456,162.706008911133
,Run9,2685,153.434948821456,162.698013305664
,Run9,2686,153.434948821456,162.619003295898
,Run9,2687,109.983106522066,162.617004394531
,Run9,2688,109.983106522066,162.556015014648
,Run9,2689,109.983106522066,162.497009277344
,Run9,2690,109.983106522066,162.436004638672
,Run9,2691,109.983106522066,162.358001708984
,Run9,2692,109.983106522066,162.298004150391
,Run9,2693,109.983106522066,162.207000732422
,Run9,2694,109.983106522066,162.139007568359
,Run9,2695,109.983106522066,162.045013427734
,Run9,2696,109.983106522066,161.990005493164
,Run9,2697,109.983106522066,161.913009643555
,Run9,2698,109.983106522066,161.857009887695
,Run9,2699,109.983106522066,161.780014038086
,Run9,2700,109.983106522066,161.780014038086
,Run9,2701,109.983106522066,161.72200012207
,Run9,2702,109.983106522066,161.645004272461
,Run9,2703,109.983106522066,161.566009521484
,Run9,2704,109.983106522066,161.512008666992
,Run9,2705,109.983106522066,161.43701171875
,Run9,2706,109.983106522066,161.374008178711
,Run9,2707,109.983106522066,161.330001831055
,Run9,2708,109.983106522066,161.25700378418
,Run9,2709,109.983106522066,161.192001342773
,Run9,2710,109.983106522066,161.175003051758
,Run9,2711,109.983106522066,161.114013671875
,Run9,2712,109.983106522066,161.038009643555
,Run9,2713,109.983106522066,161.050003051758
,Run9,2714,109.983106522066,160.991012573242
,Run9,2715,72.121303403691,160.945007324219
,Run9,2716,72.121303403691,160.885009765625
,Run9,2717,72.121303403691,160.834014892578
,Run9,2718,72.121303403691,160.787002563477
,Run9,2719,72.121303403691,160.730010986328
,Run9,2720,72.121303403691,160.638000488281
,Run9,2721,72.121303403691,160.588012695312
,Run9,2722,72.121303403691,160.53401184082
,Run9,2723,72.121303403691,160.494003295898
,Run9,2724,72.121303403691,160.392013549805
,Run9,2725,72.121303403691,160.344009399414
,Run9,2726,72.121303403691,160.308013916016
,Run9,2727,72.121303403691,160.207000732422
,Run9,2728,72.121303403691,160.168014526367
,Run9,2729,72.121303403691,160.123001098633
,Run9,2730,72.121303403691,160.005004882812
,Run9,2731,72.121303403691,159.967010498047
,Run9,2732,72.121303403691,159.932006835938
,Run9,2733,72.121303403691,159.828002929688
,Run9,2734,72.121303403691,159.785003662109
,Run9,2735,72.121303403691,159.744003295898
,Run9,2736,72.121303403691,159.697006225586
,Run9,2737,72.121303403691,159.608001708984
,Run9,2738,72.121303403691,159.608001708984
,Run9,2739,72.121303403691,159.559005737305
,Run9,2740,72.121303403691,159.461013793945
,Run9,2741,72.121303403691,159.428009033203
,Run9,2742,72.121303403691,159.349014282227
,Run9,2743,72.121303403691,159.302001953125
,Run9,2744,72.121303403691,159.247009277344
,Run9,2745,72.121303403691,159.074005126953
,Run9,2746,72.121303403691,159.0830078125
,Run9,2747,72.121303403691,158.877014160156
,Run9,2748,72.121303403691,158.57600402832
,Run9,2749,72.121303403691,158.220001220703
,Run9,2750,72.121303403691,158.380004882812
,Run9,2751,72.121303403691,158.060012817383
,Run9,2752,72.121303403691,157.743011474609
,Run9,2753,62.9873346523904,157.974014282227
,Run9,2754,62.9873346523904,157.681015014648
,Run9,2755,62.9873346523904,157.97200012207
,Run9,2756,62.9873346523904,157.690002441406
,Run9,2757,62.9873346523904,157.696014404297
,Run9,2758,62.9873346523904,157.421005249023
,Run9,2759,62.9873346523904,157.535003662109
,Run9,2760,62.9873346523904,157.226013183594
,Run9,2761,62.9873346523904,156.885009765625
,Run9,2762,62.9873346523904,156.980010986328
,Run9,2763,62.9873346523904,156.732009887695
,Run9,2764,62.9873346523904,156.786010742188
,Run9,2765,62.9873346523904,156.786010742188
,Run9,2766,62.9873346523904,156.867004394531
,Run9,2767,62.9873346523904,156.505004882812
,Run9,2768,62.9873346523904,156.65299987793
,Run9,2769,62.9873346523904,156.424011230469
,Run9,2770,62.9873346523904,156.452011108398
,Run9,2771,62.9873346523904,156.216003417969
,Run9,2772,62.9873346523904,156.051010131836
,Run9,2773,62.9873346523904,156.009002685547
,Run9,2774,62.9873346523904,156.009002685547
,Run9,2775,62.9873346523904,156.237014770508
,Run9,2776,62.9873346523904,155.983001708984
,Run9,2777,62.9873346523904,156.029006958008
,Run9,2778,62.9873346523904,155.797012329102
,Run9,2779,62.9873346523904,155.825012207031
,Run9,2780,62.9873346523904,155.698013305664
,Run9,2781,62.9873346523904,155.702011108398
,Run9,2782,62.9873346523904,155.609008789062
,Run9,2783,62.9873346523904,155.609008789062
,Run9,2784,62.9873346523904,155.677001953125
,Run9,2785,62.9873346523904,155.593002319336
,Run9,2786,62.9873346523904,155.460006713867
,Run9,2787,62.9873346523904,155.301010131836
,Run9,2788,62.9873346523904,155.341003417969
,Run9,2789,62.9873346523904,155.315002441406
,Run9,2790,62.9873346523904,155.392013549805
,Run9,2791,62.9873346523904,155.368011474609
,Run9,2792,62.9873346523904,155.484008789062
,Run9,2793,62.9873346523904,155.38200378418
,Run9,2794,62.9873346523904,155.268005371094
,Run9,2795,62.9873346523904,155.270004272461
,Run9,2796,62.9873346523904,155.217010498047
,Run9,2797,62.9873346523904,155.290008544922
,Run9,2798,62.9873346523904,155.214004516602
,Run9,2799,62.9873346523904,155.267013549805
,Run9,2800,62.9873346523904,155.192001342773
,Run9,2801,62.9873346523904,155.287002563477
,Run9,2802,62.9873346523904,155.261001586914
,Run9,2803,62.9873346523904,155.344009399414
,Run9,2804,62.9873346523904,155.292007446289
,Run9,2805,62.9873346523904,155.25700378418
,Run9,2806,62.9873346523904,155.332000732422
,Run9,2807,62.9873346523904,155.34700012207
,Run9,2808,62.9873346523904,155.430999755859
,Run9,2809,62.9873346523904,155.40901184082
,Run9,2810,62.9873346523904,155.514007568359
,Run9,2811,62.9873346523904,155.485000610352
,Run9,2812,62.9873346523904,155.573013305664
,Run9,2813,62.9873346523904,155.538009643555
,Run9,2814,62.9873346523904,155.635009765625
,Run9,2815,62.9873346523904,155.639007568359
,Run9,2816,62.9873346523904,155.651000976562
,Run9,2817,62.9873346523904,155.709014892578
,Run9,2818,62.9873346523904,155.689010620117
,Run9,2819,62.9873346523904,155.68000793457
,Run9,2820,147.380756928716,155.664001464844
,Run9,2821,147.380756928716,155.623001098633
,Run9,2822,147.380756928716,155.623001098633
,Run9,2823,147.380756928716,155.559005737305
,Run9,2824,147.380756928716,155.501007080078
,Run9,2825,147.380756928716,155.449005126953
,Run9,2826,147.380756928716,155.410003662109
,Run9,2827,147.380756928716,155.348007202148
,Run9,2828,147.380756928716,155.348007202148
,Run9,2829,147.380756928716,155.32600402832
,Run9,2830,147.380756928716,155.27799987793
,Run9,2831,147.380756928716,155.260009765625
,Run9,2832,147.380756928716,155.218002319336
,Run9,2833,147.380756928716,155.221008300781
,Run9,2834,147.380756928716,155.190002441406
,Run9,2835,147.380756928716,155.190002441406
,Run9,2836,147.380756928716,155.15299987793
,Run9,2837,147.380756928716,155.147003173828
,Run9,2838,147.380756928716,155.127014160156
,Run9,2839,147.380756928716,155.100006103516
,Run9,2840,147.380756928716,155.099014282227
,Run9,2841,147.380756928716,155.099014282227
,Run9,2842,147.380756928716,155.086013793945
,Run9,2843,147.380756928716,155.073013305664
,Run9,2844,147.380756928716,155.082000732422
,Run9,2845,147.380756928716,155.07600402832
,Run9,2846,147.380756928716,155.06201171875
,Run9,2847,147.380756928716,155.059005737305
,Run9,2848,147.380756928716,155.05500793457
,Run9,2849,147.380756928716,155.048004150391
,Run9,2850,147.380756928716,155.046005249023
,Run9,2851,147.380756928716,155.040008544922
,Run9,2852,147.380756928716,155.052001953125
,Run9,2853,147.380756928716,155.041000366211
,Run9,2854,147.380756928716,155.041000366211
,Run9,2855,147.380756928716,155.042007446289
,Run9,2856,147.380756928716,155.025009155273
,Run9,2857,147.380756928716,155.029006958008
,Run9,2858,147.380756928716,155.023010253906
,Run9,2859,147.380756928716,155.011001586914
,Run9,2860,147.380756928716,155.003005981445
,Run9,2861,147.380756928716,155.026000976562
,Run9,2862,147.380756928716,155.020004272461
,Run9,2863,147.380756928716,155.015014648438
,Run9,2864,147.380756928716,155.025009155273
,Run9,2865,147.380756928716,155.012008666992
,Run9,2866,147.380756928716,155.017013549805
,Run9,2867,147.380756928716,155.018005371094
,Run9,2868,147.380756928716,155.008010864258
,Run9,2869,147.380756928716,155.001007080078
,Run9,2870,147.380756928716,154.999008178711
,Run9,2871,147.380756928716,154.991012573242
,Run9,2872,147.380756928716,154.990005493164
,Run9,2873,147.380756928716,154.995010375977
,Run9,2874,147.380756928716,154.976013183594
,Run9,2875,147.380756928716,154.995010375977
,Run9,2876,147.380756928716,154.976013183594
,Run9,2877,147.380756928716,154.96501159668
,Run9,2878,147.380756928716,154.967010498047
,Run9,2879,147.380756928716,154.977005004883
,Run9,2880,147.380756928716,154.978012084961
,Run9,2881,147.380756928716,154.974014282227
,Run9,2882,147.380756928716,154.984008789062
,Run9,2883,147.380756928716,154.97900390625
,Run9,2884,147.380756928716,154.97200012207
,Run9,2885,147.380756928716,154.97200012207
,Run9,2886,147.380756928716,154.97200012207
,Run9,2887,147.380756928716,154.980010986328
,Run9,2888,147.380756928716,154.983001708984
,Run9,2889,147.380756928716,154.983001708984
,Run9,2890,147.380756928716,154.981002807617
,Run9,2891,147.380756928716,154.980010986328
,Run9,2892,147.380756928716,154.97900390625
,Run9,2893,147.380756928716,154.978012084961
,Run9,2894,147.380756928716,154.974014282227
,Run9,2895,147.380756928716,154.961013793945
,Run9,2896,147.380756928716,154.955001831055
,Run9,2897,147.380756928716,154.963012695312
,Run9,2898,147.380756928716,154.963012695312
,Run9,2899,147.380756928716,154.960006713867
,Run9,2900,147.380756928716,154.960006713867
,Run9,2901,147.380756928716,154.953002929688
,Run9,2902,147.380756928716,154.943008422852
,Run9,2903,147.380756928716,154.940002441406
,Run9,2904,147.380756928716,154.925003051758
,Run9,2905,147.380756928716,154.944000244141
,Run9,2906,147.380756928716,154.926010131836
,Run9,2907,147.380756928716,154.93000793457
,Run9,2908,147.380756928716,154.911010742188
,Run9,2909,147.380756928716,154.916000366211
,Run9,2910,147.380756928716,154.929000854492
,Run9,2911,147.380756928716,154.929000854492
,Run9,2912,147.380756928716,154.956008911133
,Run9,2913,147.380756928716,154.93701171875
,Run9,2914,147.380756928716,154.933013916016
,Run9,2915,147.380756928716,154.920013427734
,Run9,2916,147.380756928716,154.907012939453
,Run9,2917,147.380756928716,154.907012939453
,Run9,2918,147.380756928716,154.90901184082
,Run9,2919,147.380756928716,154.888000488281
,Run9,2920,147.380756928716,154.887008666992
,Run9,2921,147.380756928716,154.908004760742
,Run9,2922,147.380756928716,154.874008178711
,Run9,2923,147.380756928716,154.878005981445
,Run9,2924,147.380756928716,154.878005981445
,Run9,2925,147.380756928716,154.880004882812
,Run9,2926,147.380756928716,154.849014282227
,Run9,2927,147.380756928716,154.825012207031
,Run9,2928,147.380756928716,154.838012695312
,Run9,2929,147.380756928716,154.830001831055
,Run9,2930,147.380756928716,154.830001831055
,Run9,2931,147.380756928716,154.8330078125
,Run9,2932,147.380756928716,154.863006591797
,Run9,2933,147.380756928716,154.830001831055
,Run9,2934,147.380756928716,154.827011108398
,Run9,2935,147.380756928716,154.818008422852
,Run9,2936,147.380756928716,154.851013183594
,Run9,2937,147.380756928716,154.830001831055
,Run9,2938,147.380756928716,154.902008056641
,Run9,2939,147.380756928716,154.923004150391
,Run9,2940,147.380756928716,155.008010864258
,Run9,2941,147.380756928716,155.05500793457
,Run9,2942,147.380756928716,155.116012573242
,Run9,2943,147.380756928716,155.116012573242
,Run9,2944,147.380756928716,155.069000244141
,Run9,2945,147.380756928716,155.023010253906
,Run9,2946,147.380756928716,155.057006835938
,Run9,2947,147.380756928716,155.064010620117
,Run9,2948,147.380756928716,155.080001831055
,Run9,2949,147.380756928716,155.027008056641
,Run9,2950,147.380756928716,155.054000854492
,Run9,2951,147.380756928716,154.990005493164
,Run9,2952,147.380756928716,154.957000732422
,Run9,2953,147.380756928716,154.957000732422
,Run9,2954,147.380756928716,154.918014526367
,Run9,2955,147.380756928716,154.969009399414
,Run9,2956,147.380756928716,154.926010131836
,Run9,2957,147.380756928716,154.940002441406
,Run9,2958,147.380756928716,154.926010131836
,Run9,2959,147.380756928716,154.910003662109
,Run9,2960,147.380756928716,154.938003540039
,Run9,2961,147.380756928716,154.964004516602
,Run9,2962,147.380756928716,154.948013305664
,Run9,2963,147.380756928716,154.97200012207
,Run9,2964,147.380756928716,154.97900390625
,Run9,2965,147.380756928716,155.033004760742
,Run9,2966,147.380756928716,155.050003051758
,Run9,2967,147.380756928716,155.071014404297
,Run9,2968,147.380756928716,155.048004150391
,Run9,2969,147.380756928716,155.065002441406
,Run9,2970,147.380756928716,155.059005737305
,Run9,2971,147.380756928716,155.042007446289
,Run9,2972,147.380756928716,155.081008911133
,Run9,2973,147.380756928716,155.048004150391
,Run9,2974,147.380756928716,155.048004150391
,Run9,2975,147.380756928716,155.063003540039
,Run9,2976,147.380756928716,155.094009399414
,Run9,2977,147.380756928716,155.088012695312
,Run9,2978,147.380756928716,155.157012939453
,Run9,2979,147.380756928716,155.144012451172
,Run9,2980,147.380756928716,155.192001342773
,Run9,2981,147.380756928716,155.161010742188
,Run9,2982,147.380756928716,155.15901184082
,Run9,2983,147.380756928716,155.177001953125
,Run9,2984,147.380756928716,155.191009521484
,Run9,2985,147.380756928716,155.160003662109
,Run9,2986,147.380756928716,155.178009033203
,Run9,2987,147.380756928716,155.178009033203
,Run9,2988,147.380756928716,155.214004516602
,Run9,2989,147.380756928716,155.185012817383
,Run9,2990,147.380756928716,155.216003417969
,Run9,2991,147.380756928716,155.237014770508
,Run9,2992,147.380756928716,155.230010986328
,Run9,2993,147.380756928716,155.230010986328
,Run9,2994,147.380756928716,155.25700378418
,Run9,2995,147.380756928716,155.217010498047
,Run9,2996,147.380756928716,155.256011962891
,Run9,2997,147.380756928716,155.301010131836
,Run9,2998,147.380756928716,155.242004394531
,Run9,2999,147.380756928716,155.271011352539
,Run9,3000,147.380756928716,155.271011352539
,Run9,3001,147.380756928716,155.334014892578
,Run9,3002,147.380756928716,155.279006958008
,Run9,3003,147.380756928716,155.298004150391
,Run9,3004,147.380756928716,155.23600769043
,Run9,3005,147.380756928716,155.27799987793
,Run9,3006,147.380756928716,155.27799987793
,Run9,3007,147.380756928716,155.323013305664
,Run9,3008,147.380756928716,155.277008056641
,Run9,3009,147.380756928716,155.303009033203
,Run9,3010,147.380756928716,155.328002929688
,Run9,3011,147.380756928716,155.301010131836
,Run9,3012,147.380756928716,155.352005004883
,Run9,3013,147.380756928716,155.325012207031
,Run9,3014,147.380756928716,155.36100769043
,Run9,3015,147.380756928716,155.34001159668
,Run9,3016,147.380756928716,155.375
,Run9,3017,147.380756928716,155.332000732422
,Run9,3018,147.380756928716,155.374008178711
,Run9,3019,147.380756928716,155.374008178711
,Run9,3020,147.380756928716,155.404006958008
,Run9,3021,147.380756928716,155.370010375977
,Run9,3022,147.380756928716,155.404006958008
,Run9,3023,147.380756928716,155.446014404297
,Run9,3024,147.380756928716,155.405014038086
,Run9,3025,147.380756928716,155.442001342773
,Run9,3026,147.380756928716,155.441009521484
,Run9,3027,147.380756928716,155.448013305664
,Run9,3028,147.380756928716,155.425003051758
,Run9,3029,147.380756928716,155.447006225586
,Run9,3030,147.380756928716,155.419006347656
,Run9,3031,147.380756928716,155.448013305664
,Run9,3032,147.380756928716,155.442001342773
,Run9,3033,147.380756928716,155.444000244141
,Run9,3034,147.380756928716,155.43000793457
,Run9,3035,147.380756928716,155.442001342773
,Run9,3036,147.380756928716,155.454010009766
,Run9,3037,147.380756928716,155.435012817383
,Run9,3038,147.380756928716,155.449005126953
,Run9,3039,147.380756928716,155.454010009766
,Run9,3040,147.380756928716,155.462005615234
,Run9,3041,147.380756928716,155.452011108398
,Run9,3042,147.380756928716,155.452011108398
,Run9,3043,147.380756928716,155.440002441406
,Run9,3044,147.380756928716,155.454010009766
,Run9,3045,147.380756928716,155.456008911133
,Run9,3046,147.380756928716,155.444000244141
,Run9,3047,147.380756928716,155.434005737305
,Run9,3048,147.380756928716,155.433013916016
,Run9,3049,147.380756928716,155.433013916016
,Run9,3050,147.380756928716,155.433013916016
,Run9,3051,147.380756928716,155.433013916016
,Run9,3052,147.380756928716,155.420013427734
,Run9,3053,147.380756928716,155.426010131836
,Run9,3054,147.380756928716,155.423004150391
,Run9,3055,147.380756928716,155.447006225586
,Run9,3056,147.380756928716,155.419006347656
,Run9,3057,147.380756928716,155.414001464844
,Run9,3058,147.380756928716,155.407012939453
,Run9,3059,147.380756928716,155.406005859375
,Run9,3060,147.380756928716,155.397003173828
,Run9,3061,147.380756928716,155.40901184082
,Run9,3062,147.380756928716,155.406005859375
,Run9,3063,148.590948447995,155.406005859375
,Run9,3064,148.590948447995,155.417007446289
,Run9,3065,148.590948447995,155.411010742188
,Run9,3066,148.590948447995,155.412002563477
,Run9,3067,148.590948447995,155.384002685547
,Run9,3068,148.590948447995,155.402008056641
,Run9,3069,148.590948447995,155.378005981445
,Run9,3070,148.590948447995,155.413009643555
,Run9,3071,148.590948447995,155.408004760742
,Run9,3072,148.590948447995,155.422012329102
,Run9,3073,148.590948447995,155.425003051758
,Run9,3074,148.590948447995,155.417007446289
,Run9,3075,148.590948447995,155.402008056641
,Run9,3076,148.590948447995,155.405014038086
,Run9,3077,148.590948447995,155.405014038086
,Run9,3078,148.590948447995,155.410003662109
,Run9,3079,148.590948447995,155.411010742188
,Run9,3080,148.590948447995,155.406005859375
,Run9,3081,148.590948447995,155.393005371094
,Run9,3082,148.590948447995,155.386001586914
,Run9,3083,148.590948447995,155.391006469727
,Run9,3084,148.590948447995,155.391006469727
,Run9,3085,148.590948447995,155.394012451172
,Run9,3086,148.590948447995,155.388000488281
,Run9,3087,148.590948447995,155.394012451172
,Run9,3088,148.590948447995,155.378005981445
,Run9,3089,148.590948447995,155.388000488281
,Run9,3090,148.590948447995,155.388000488281
,Run9,3091,148.590948447995,155.386001586914
,Run9,3092,148.590948447995,155.394012451172
,Run9,3093,148.590948447995,155.384002685547
,Run9,3094,148.590948447995,155.378005981445
,Run9,3095,148.590948447995,155.375
,Run9,3096,148.590948447995,155.373001098633
,Run9,3097,148.590948447995,155.370010375977
,Run9,3098,148.590948447995,155.375
,Run9,3099,148.590948447995,155.377014160156
,Run9,3100,148.590948447995,155.384002685547
,Run9,3101,148.590948447995,155.36100769043
,Run9,3102,148.590948447995,155.328002929688
,Run9,3103,148.590948447995,155.389007568359
,Run9,3104,148.590948447995,155.389007568359
,Run9,3105,148.590948447995,155.396011352539
,Run9,3106,148.590948447995,155.390014648438
,Run9,3107,148.590948447995,155.412002563477
,Run9,3108,148.590948447995,155.396011352539
,Run9,3109,148.590948447995,155.385009765625
,Run9,3110,148.590948447995,155.384002685547
,Run9,3111,148.590948447995,155.384002685547
,Run9,3112,148.590948447995,155.376007080078
,Run9,3113,148.590948447995,155.383010864258
,Run9,3114,148.590948447995,155.400009155273
,Run9,3115,148.590948447995,155.396011352539
,Run9,3116,148.590948447995,155.426010131836
,Run9,3117,148.590948447995,155.40901184082
,Run9,3118,148.590948447995,155.424011230469
,Run9,3119,148.590948447995,155.43701171875
,Run9,3120,148.590948447995,155.457000732422
,Run9,3121,148.590948447995,155.443008422852
,Run9,3122,148.590948447995,155.441009521484
,Run9,3123,148.590948447995,155.448013305664
,Run9,3124,148.590948447995,155.455001831055
,Run9,3125,148.590948447995,155.456008911133
,Run9,3126,148.590948447995,155.463012695312
,Run9,3127,148.590948447995,155.450012207031
,Run9,3128,148.590948447995,155.469009399414
,Run9,3129,148.590948447995,155.462005615234
,Run9,3130,148.590948447995,155.47900390625
,Run9,3131,148.590948447995,155.495010375977
,Run9,3132,148.590948447995,155.492004394531
,Run9,3133,148.590948447995,155.489013671875
,Run9,3134,148.590948447995,155.484008789062
,Run9,3135,148.590948447995,155.48600769043
,Run9,3136,148.590948447995,155.453002929688
,Run9,3137,148.590948447995,155.477005004883
,Run9,3138,148.590948447995,155.477005004883
,Run9,3139,148.590948447995,155.469009399414
,Run9,3140,148.590948447995,155.461013793945
,Run9,3141,148.590948447995,155.467010498047
,Run9,3142,148.590948447995,155.444000244141
,Run9,3143,148.590948447995,155.442001342773
,Run9,3144,148.590948447995,155.43000793457
,Run9,3145,148.590948447995,155.453002929688
,Run9,3146,148.590948447995,155.428009033203
,Run9,3147,148.590948447995,155.421005249023
,Run9,3148,148.590948447995,155.417007446289
,Run9,3149,148.590948447995,155.408004760742
,Run9,3150,148.590948447995,155.391006469727
,Run9,3151,148.590948447995,155.397003173828
,Run9,3152,148.590948447995,155.397003173828
,Run9,3153,148.590948447995,155.386001586914
,Run9,3154,148.590948447995,155.400009155273
,Run9,3155,148.590948447995,155.383010864258
,Run9,3156,148.590948447995,155.389007568359
,Run9,3157,148.590948447995,155.359008789062
,Run9,3158,148.590948447995,155.374008178711
,Run9,3159,148.590948447995,155.374008178711
,Run9,3160,148.590948447995,155.384002685547
,Run9,3161,148.590948447995,155.365005493164
,Run9,3162,148.590948447995,155.378005981445
,Run9,3163,148.590948447995,155.367004394531
,Run9,3164,148.590948447995,155.376007080078
,Run9,3165,148.590948447995,155.376007080078
,Run9,3166,148.590948447995,155.379013061523
,Run9,3167,148.590948447995,155.368011474609
,Run9,3168,148.590948447995,155.375
,Run9,3169,148.590948447995,155.357009887695
,Run9,3170,148.590948447995,155.373001098633
,Run9,3171,148.590948447995,155.368011474609
,Run9,3172,148.590948447995,155.387008666992
,Run9,3173,148.590948447995,155.370010375977
,Run9,3174,148.590948447995,155.383010864258
,Run9,3175,148.590948447995,155.365005493164
,Run9,3176,148.590948447995,155.387008666992
,Run9,3177,148.590948447995,155.426010131836
,Run9,3178,148.590948447995,155.400009155273
,Run9,3179,148.590948447995,155.417007446289
,Run9,3180,148.590948447995,155.429000854492
,Run9,3181,148.590948447995,155.471008300781
,Run9,3182,148.590948447995,155.474014282227
,Run9,3183,148.590948447995,155.475006103516
,Run9,3184,148.590948447995,155.457000732422
,Run9,3185,148.590948447995,155.482009887695
,Run9,3186,148.590948447995,155.482009887695
,Run9,3187,148.590948447995,155.499008178711
,Run9,3188,148.590948447995,155.492004394531
,Run9,3189,148.590948447995,155.519012451172
,Run9,3190,148.590948447995,155.497009277344
,Run9,3191,148.590948447995,155.519012451172
,Run9,3192,148.590948447995,155.501007080078
,Run9,3193,148.590948447995,155.540008544922
,Run9,3194,148.590948447995,155.525009155273
,Run9,3195,148.590948447995,155.551010131836
,Run9,3196,148.590948447995,155.532012939453
,Run9,3197,148.590948447995,155.556015014648
,Run9,3198,148.590948447995,155.545013427734
,Run9,3199,148.590948447995,155.561004638672
,Run9,3200,148.590948447995,155.59001159668
,Run9,3201,148.590948447995,155.587005615234
,Run9,3202,148.590948447995,155.599014282227
,Run9,3203,148.590948447995,155.610000610352
,Run9,3204,148.590948447995,155.620010375977
,Run9,3205,148.590948447995,155.613006591797
,Run9,3206,148.590948447995,155.627014160156
,Run9,3207,148.590948447995,155.627014160156
,Run9,3208,148.590948447995,155.639007568359
,Run9,3209,148.590948447995,155.636001586914
,Run9,3210,148.590948447995,155.667007446289
,Run9,3211,148.590948447995,155.662002563477
,Run9,3212,148.590948447995,155.699005126953
,Run9,3213,148.590948447995,155.699005126953
,Run9,3214,148.590948447995,155.739013671875
,Run9,3215,148.590948447995,155.759002685547
,Run9,3216,148.590948447995,155.760009765625
,Run9,3217,148.590948447995,155.781005859375
,Run9,3218,80.6229393059213,155.776000976562
,Run9,3219,80.6229393059213,155.741012573242
,Run9,3220,80.6229393059213,155.745010375977
,Run9,3221,80.6229393059213,155.90901184082
,Run9,3222,80.6229393059213,156.166000366211
,Run9,3223,80.6229393059213,156.495010375977
,Run9,3224,80.6229393059213,156.765014648438
,Run9,3225,80.6229393059213,157.072006225586
,Run9,3226,80.6229393059213,157.157012939453
,Run9,3227,80.6229393059213,156.571014404297
,Run9,3228,80.6229393059213,156.613006591797
,Run9,3229,80.6229393059213,156.564010620117
,Run9,3230,80.6229393059213,156.614013671875
,Run9,3231,80.6229393059213,156.68701171875
,Run9,3232,80.6229393059213,156.68701171875
,Run9,3233,80.6229393059213,156.175003051758
,Run9,3234,80.6229393059213,156.292007446289
,Run9,3235,80.6229393059213,156.365005493164
,Run9,3236,80.6229393059213,156.420013427734
,Run9,3237,80.6229393059213,156.539001464844
,Run9,3238,80.6229393059213,156.601013183594
,Run9,3239,80.6229393059213,156.209014892578
,Run9,3240,80.6229393059213,156.20100402832
,Run9,3241,80.6229393059213,156.220001220703
,Run9,3242,80.6229393059213,156.285003662109
,Run9,3243,80.6229393059213,156.360000610352
,Run9,3244,80.6229393059213,156.401000976562
,Run9,3245,80.6229393059213,156.20100402832
,Run9,3246,80.6229393059213,156.192001342773
,Run9,3247,80.6229393059213,156.151000976562
,Run9,3248,80.6229393059213,156.162002563477
,Run9,3249,80.6229393059213,156.2080078125
,Run9,3250,80.6229393059213,156.252014160156
,Run9,3251,80.6229393059213,156.021011352539
,Run9,3252,80.6229393059213,156.039001464844
,Run9,3253,80.6229393059213,156.077011108398
,Run9,3254,80.6229393059213,156.123001098633
,Run9,3255,80.6229393059213,156.145004272461
,Run9,3256,80.6229393059213,156.198013305664
,Run9,3257,80.6229393059213,155.96501159668
,Run9,3258,80.6229393059213,155.984008789062
,Run9,3259,80.6229393059213,156.006011962891
,Run9,3260,80.6229393059213,156.043014526367
,Run9,3261,80.6229393059213,156.081008911133
,Run9,3262,80.6229393059213,156.136001586914
,Run9,3263,80.6229393059213,155.97900390625
,Run9,3264,80.6229393059213,156.015014648438
,Run9,3265,80.6229393059213,156.037002563477
,Run9,3266,80.6229393059213,156.06201171875
,Run9,3267,80.6229393059213,156.105010986328
,Run9,3268,80.6229393059213,156.133010864258
,Run9,3269,80.6229393059213,156.181015014648
,Run9,3270,80.6229393059213,156.018005371094
,Run9,3271,80.6229393059213,156.027008056641
,Run9,3272,80.6229393059213,156.051010131836
,Run9,3273,80.6229393059213,156.114013671875
,Run9,3274,80.6229393059213,156.164001464844
,Run9,3275,80.6229393059213,156.249008178711
,Run9,3276,80.6229393059213,155.994003295898
,Run9,3277,80.6229393059213,156.001007080078
,Run9,3278,80.6229393059213,156.001007080078
,Run9,3279,80.6229393059213,156.023010253906
,Run9,3280,80.6229393059213,156.095001220703
,Run9,3281,80.6229393059213,156.169006347656
,Run9,3282,80.6229393059213,155.96501159668
,Run9,3283,80.6229393059213,155.969009399414
,Run9,3284,80.6229393059213,155.981002807617
,Run9,3285,80.6229393059213,156.024002075195
,Run9,3286,80.6229393059213,156.078002929688
,Run9,3287,80.6229393059213,156.134002685547
,Run9,3288,80.6229393059213,155.901000976562
,Run9,3289,80.6229393059213,155.919006347656
,Run9,3290,80.6229393059213,155.95100402832
,Run9,3291,80.6229393059213,156.031005859375
,Run9,3292,80.6229393059213,156.061004638672
,Run9,3293,80.6229393059213,156.129013061523
,Run9,3294,80.6229393059213,155.788009643555
,Run9,3295,80.6229393059213,155.842010498047
,Run9,3296,80.6229393059213,155.891006469727
,Run9,3297,80.6229393059213,155.956008911133
,Run9,3298,80.6229393059213,156.043014526367
,Run9,3299,80.6229393059213,156.13200378418
,Run9,3300,80.6229393059213,155.814010620117
,Run9,3301,80.6229393059213,155.885009765625
,Run9,3302,80.6229393059213,155.962005615234
,Run9,3303,80.6229393059213,156.031005859375
,Run9,3304,80.6229393059213,156.105010986328
,Run9,3305,80.6229393059213,156.224014282227
,Run9,3306,80.6229393059213,155.816009521484
,Run9,3307,80.6229393059213,155.857009887695
,Run9,3308,80.6229393059213,155.921005249023
,Run9,3309,80.6229393059213,156.002014160156
,Run9,3310,80.6229393059213,156.133010864258
,Run9,3311,80.6229393059213,156.160003662109
,Run9,3312,80.6229393059213,156.372009277344
,Run9,3313,80.6229393059213,155.910003662109
,Run9,3314,80.6229393059213,155.991012573242
,Run9,3315,80.6229393059213,156.145004272461
,Run9,3316,80.6229393059213,156.203002929688
,Run9,3317,80.6229393059213,156.331008911133
,Run9,3318,80.6229393059213,156.396011352539
,Run9,3319,80.6229393059213,155.955001831055
,Run9,3320,80.6229393059213,156.057006835938
,Run9,3321,80.6229393059213,156.158004760742
,Run9,3322,80.6229393059213,156.240005493164
,Run9,3323,80.6229393059213,156.343002319336
,Run9,3324,80.6229393059213,156.495010375977
,Run9,3325,80.6229393059213,156.082000732422
,Run9,3326,80.6229393059213,156.140014648438
,Run9,3327,80.6229393059213,156.275009155273
,Run9,3328,80.6229393059213,156.446014404297
,Run9,3329,80.6229393059213,156.65299987793
,Run9,3330,80.6229393059213,156.80500793457
,Run9,3331,80.6229393059213,156.330001831055
,Run9,3332,80.6229393059213,156.421005249023
,Run9,3333,80.6229393059213,156.487014770508
,Run9,3334,80.6229393059213,156.573013305664
,Run9,3335,80.6229393059213,156.80500793457
,Run9,3336,80.6229393059213,156.967010498047
,Run9,3337,80.6229393059213,156.473007202148
,Run9,3338,80.6229393059213,156.742004394531
,Run9,3339,80.6229393059213,156.808013916016
,Run9,3340,80.6229393059213,156.911010742188
,Run9,3341,80.6229393059213,157.116012573242
,Run9,3342,80.6229393059213,157.325012207031
,Run9,3343,80.6229393059213,156.925003051758
,Run9,3344,80.6229393059213,157.101013183594
,Run9,3345,80.6229393059213,157.336013793945
,Run9,3346,80.6229393059213,157.478012084961
,Run9,3347,72.0720802380095,157.667007446289
,Run9,3348,72.0720802380095,156.95100402832
,Run9,3349,72.0720802380095,157.112014770508
,Run9,3350,72.0720802380095,157.204010009766
,Run9,3351,72.0720802380095,156.874008178711
,Run9,3352,72.0720802380095,156.866012573242
,Run9,3353,72.0720802380095,156.90299987793
,Run9,3354,72.0720802380095,157.020004272461
,Run9,3355,72.0720802380095,156.520004272461
,Run9,3356,72.0720802380095,156.65299987793
,Run9,3357,72.0720802380095,156.831008911133
,Run9,3358,72.0720802380095,156.387008666992
,Run9,3359,72.0720802380095,156.546005249023
,Run9,3360,72.0720802380095,156.747009277344
,Run9,3361,72.0720802380095,156.2080078125
,Run9,3362,72.0720802380095,156.450012207031
,Run9,3363,72.0720802380095,156.618011474609
,Run9,3364,72.0720802380095,156.138000488281
,Run9,3365,72.0720802380095,156.426010131836
,Run9,3366,72.0720802380095,156.400009155273
,Run9,3367,72.0720802380095,156.489013671875
,Run9,3368,72.0720802380095,155.993011474609
,Run9,3369,72.0720802380095,155.993011474609
,Run9,3370,72.0720802380095,156.397003173828
,Run9,3371,72.0720802380095,155.848007202148
,Run9,3372,72.0720802380095,156.040008544922
,Run9,3373,72.0720802380095,156.197006225586
,Run9,3374,72.0720802380095,155.775009155273
,Run9,3375,72.0720802380095,155.952011108398
,Run9,3376,72.0720802380095,156.079010009766
,Run9,3377,72.0720802380095,155.754013061523
,Run9,3378,72.0720802380095,155.88200378418
,Run9,3379,72.0720802380095,156.019012451172
,Run9,3380,72.0720802380095,156.075012207031
,Run9,3381,72.0720802380095,155.71501159668
,Run9,3382,72.0720802380095,155.863006591797
,Run9,3383,72.0720802380095,156.06201171875
,Run9,3384,72.0720802380095,155.7080078125
,Run9,3385,72.0720802380095,155.787002563477
,Run9,3386,72.0720802380095,155.970001220703
,Run9,3387,72.0720802380095,155.766006469727
,Run9,3388,72.0720802380095,155.875
,Run9,3389,72.0720802380095,156.057006835938
,Run9,3390,72.0720802380095,155.704010009766
,Run9,3391,72.0720802380095,155.762008666992
,Run9,3392,72.0720802380095,155.857009887695
,Run9,3393,72.0720802380095,156.059005737305
,Run9,3394,72.0720802380095,155.832000732422
,Run9,3395,72.0720802380095,155.910003662109
,Run9,3396,72.0720802380095,156.074005126953
,Run9,3397,72.0720802380095,155.82600402832
,Run9,3398,72.0720802380095,155.931015014648
,Run9,3399,72.0720802380095,156.091003417969
,Run9,3400,72.0720802380095,155.883010864258
,Run9,3401,72.0720802380095,155.823013305664
,Run9,3402,72.0720802380095,155.977005004883
,Run9,3403,72.0720802380095,155.815002441406
,Run9,3404,72.0720802380095,155.868011474609
,Run9,3405,72.0720802380095,156.038009643555
,Run9,3406,72.0720802380095,156.152008056641
,Run9,3407,72.0720802380095,155.819000244141
,Run9,3408,72.0720802380095,155.90901184082
,Run9,3409,72.0720802380095,156.078002929688
,Run9,3410,72.0720802380095,155.759002685547
,Run9,3411,72.0720802380095,155.821014404297
,Run9,3412,72.0720802380095,155.88200378418
,Run9,3413,72.0720802380095,155.652008056641
,Run9,3414,72.0720802380095,155.73600769043
,Run9,3415,72.0720802380095,155.780014038086
,Run9,3416,72.0720802380095,155.607009887695
,Run9,3417,72.0720802380095,155.654006958008
,Run9,3418,72.0720802380095,155.647003173828
,Run9,3419,72.0720802380095,155.634002685547
,Run9,3420,72.0720802380095,155.511001586914
,Run9,3421,72.0720802380095,155.481002807617
,Run9,3422,72.0720802380095,155.514007568359
,Run9,3423,72.0720802380095,155.522003173828
,Run9,3424,72.0720802380095,155.511001586914
,Run9,3425,72.0720802380095,155.531005859375
,Run9,3426,72.0720802380095,155.520004272461
,Run9,3427,72.0720802380095,155.467010498047
,Run9,3428,72.0720802380095,155.460006713867
,Run9,3429,72.0720802380095,155.495010375977
,Run9,3430,65.0484877556464,155.463012695312
,Run9,3431,65.0484877556464,155.463012695312
,Run9,3432,65.0484877556464,155.520004272461
,Run9,3433,65.0484877556464,155.516006469727
,Run9,3434,65.0484877556464,155.561004638672
,Run9,3435,65.0484877556464,155.570007324219
,Run9,3436,65.0484877556464,155.561004638672
,Run9,3437,65.0484877556464,155.582000732422
,Run9,3438,65.0484877556464,155.572006225586
,Run9,3439,65.0484877556464,155.574005126953
,Run9,3440,65.0484877556464,155.589004516602
,Run9,3441,65.0484877556464,155.589004516602
,Run9,3442,65.0484877556464,155.61100769043
,Run9,3443,65.0484877556464,155.59700012207
,Run9,3444,65.0484877556464,155.600006103516
,Run9,3445,65.0484877556464,155.615005493164
,Run9,3446,65.0484877556464,155.599014282227
,Run9,3447,65.0484877556464,155.623001098633
,Run9,3448,65.0484877556464,155.624008178711
,Run9,3449,65.0484877556464,155.625
,Run9,3450,65.0484877556464,155.637008666992
,Run9,3451,65.0484877556464,155.647003173828
,Run9,3452,65.0484877556464,155.647003173828
,Run9,3453,65.0484877556464,155.612014770508
,Run9,3454,65.0484877556464,155.624008178711
,Run9,3455,65.0484877556464,155.645004272461
,Run9,3456,65.0484877556464,155.619003295898
,Run9,3457,65.0484877556464,155.633010864258
,Run9,3458,65.0484877556464,155.607009887695
,Run9,3459,65.0484877556464,155.617004394531
,Run9,3460,65.0484877556464,155.581008911133
,Run9,3461,65.0484877556464,155.593002319336
,Run9,3462,65.0484877556464,155.609008789062
,Run9,3463,65.0484877556464,155.563003540039
,Run9,3464,65.0484877556464,155.585006713867
,Run9,3465,65.0484877556464,155.498001098633
,Run9,3466,65.0484877556464,155.543014526367
,Run9,3467,65.0484877556464,155.579010009766
,Run9,3468,65.0484877556464,155.495010375977
,Run9,3469,65.0484877556464,155.533004760742
,Run9,3470,65.0484877556464,155.439010620117
,Run9,3471,65.0484877556464,155.494003295898
,Run9,3472,65.0484877556464,155.355010986328
,Run9,3473,65.0484877556464,155.355010986328
,Run9,3474,65.0484877556464,155.439010620117
,Run9,3475,65.0484877556464,155.243011474609
,Run9,3476,65.0484877556464,155.36100769043
,Run9,3477,65.0484877556464,155.199005126953
,Run9,3478,65.0484877556464,155.329010009766
,Run9,3479,65.0484877556464,155.189010620117
,Run9,3480,65.0484877556464,155.288009643555
,Run9,3481,65.0484877556464,155.378005981445
,Run9,3482,65.0484877556464,155.282012939453
,Run9,3483,65.0484877556464,155.390014648438
,Run9,3484,65.0484877556464,155.198013305664
,Run9,3485,65.0484877556464,155.267013549805
,Run9,3486,65.0484877556464,155.359008789062
,Run9,3487,65.0484877556464,155.265014648438
,Run9,3488,65.0484877556464,155.365005493164
,Run9,3489,65.0484877556464,155.327011108398
,Run9,3490,65.0484877556464,155.420013427734
,Run9,3491,65.0484877556464,155.383010864258
,Run9,3492,65.0484877556464,155.4580078125
,Run9,3493,65.0484877556464,155.516006469727
,Run9,3494,65.0484877556464,155.484008789062
,Run9,3495,65.0484877556464,155.484008789062
,Run9,3496,65.0484877556464,155.430999755859
,Run9,3497,65.0484877556464,155.505004882812
,Run9,3498,65.0484877556464,155.460006713867
,Run9,3499,65.0484877556464,155.514007568359
,Run9,3500,65.0484877556464,155.575012207031
,Run9,3501,65.0484877556464,155.503005981445
,Run9,3502,65.0484877556464,155.5830078125
,Run9,3503,65.0484877556464,155.522003173828
,Run9,3504,65.0484877556464,155.588012695312
,Run9,3505,65.0484877556464,155.634002685547
,Run9,3506,65.0484877556464,155.518005371094
,Run9,3507,65.0484877556464,155.605010986328
,Run9,3508,65.0484877556464,155.522003173828
,Run9,3509,65.0484877556464,155.603012084961
,Run9,3510,65.0484877556464,155.527008056641
,Run9,3511,65.0484877556464,155.650009155273
,Run9,3512,65.0484877556464,155.685012817383
,Run9,3513,65.0484877556464,155.666000366211
,Run9,3514,65.0484877556464,155.706008911133
,Run9,3515,65.0484877556464,155.676010131836
,Run9,3516,65.0484877556464,155.676010131836
,Run9,3517,65.0484877556464,155.567001342773
,Run9,3518,65.0484877556464,155.706008911133
,Run9,3519,65.0484877556464,155.739013671875
,Run9,3520,65.0484877556464,155.724014282227
,Run9,3521,65.0484877556464,155.760009765625
,Run9,3522,65.0484877556464,155.758010864258
,Run9,3523,65.0484877556464,155.793014526367
,Run9,3524,65.0484877556464,155.793014526367
,Run9,3525,65.0484877556464,155.836013793945
,Run9,3526,65.0484877556464,155.85400390625
,Run9,3527,65.0484877556464,155.835006713867
,Run9,3528,65.0484877556464,155.862014770508
,Run9,3529,65.0484877556464,155.862014770508
,Run9,3530,65.0484877556464,155.897003173828
,Run9,3531,65.0484877556464,155.896011352539
,Run9,3532,65.0484877556464,155.891006469727
,Run9,3533,65.0484877556464,155.912002563477
,Run9,3534,65.0484877556464,155.922012329102
,Run9,3535,65.0484877556464,155.925003051758
,Run9,3536,65.0484877556464,155.93701171875
,Run9,3537,65.0484877556464,155.936004638672
,Run9,3538,65.0484877556464,155.936004638672
,Run9,3539,65.0484877556464,155.888000488281
,Run9,3540,65.0484877556464,155.922012329102
,Run9,3541,65.0484877556464,155.948013305664
,Run9,3542,65.0484877556464,155.963012695312
,Run9,3543,65.0484877556464,155.966003417969
,Run9,3544,65.0484877556464,155.977005004883
,Run9,3545,65.0484877556464,155.971008300781
,Run9,3546,65.0484877556464,155.994003295898
,Run9,3547,65.0484877556464,155.969009399414
,Run9,3548,65.0484877556464,155.989013671875
,Run9,3549,65.0484877556464,155.993011474609
,Run9,3550,65.0484877556464,155.975006103516
,Run9,3551,65.0484877556464,156.004013061523
,Run9,3552,65.0484877556464,156.004013061523
,Run9,3553,65.0484877556464,156.026000976562
,Run9,3554,65.0484877556464,155.998001098633
,Run9,3555,65.0484877556464,156.041000366211
,Run9,3556,65.0484877556464,156.025009155273
,Run9,3557,65.0484877556464,156.013000488281
,Run9,3558,65.0484877556464,156.060012817383
,Run9,3559,65.0484877556464,156.060012817383
,Run9,3560,65.0484877556464,156.074005126953
,Run9,3561,65.0484877556464,156.073013305664
,Run9,3562,65.0484877556464,156.106002807617
,Run9,3563,65.0484877556464,156.093002319336
,Run9,3564,65.0484877556464,156.061004638672
,Run9,3565,65.0484877556464,156.106002807617
,Run9,3566,65.0484877556464,156.088012695312
,Run9,3567,65.0484877556464,156.092010498047
,Run9,3568,65.0484877556464,156.102005004883
,Run9,3569,65.0484877556464,156.025009155273
,Run9,3570,65.0484877556464,156.081008911133
,Run9,3571,65.0484877556464,156.09001159668
,Run9,3572,65.0484877556464,156.115005493164
,Run9,3573,65.0484877556464,156.108001708984
,Run9,3574,65.0484877556464,156.135009765625
,Run9,3575,65.0484877556464,156.087005615234
,Run9,3576,65.0484877556464,156
,Run9,3577,65.0484877556464,156.112014770508
,Run9,3578,65.0484877556464,155.978012084961
,Run9,3579,65.0484877556464,156.113006591797
,Run9,3580,65.0484877556464,155.980010986328
,Run9,3581,65.0484877556464,156.164001464844
,Run9,3582,65.0484877556464,156.106002807617
,Run9,3583,65.0484877556464,155.984008789062
,Run9,3584,65.0484877556464,156.09001159668
,Run9,3585,65.0484877556464,155.973007202148
,Run9,3586,65.0484877556464,156.05500793457
,Run9,3587,65.0484877556464,155.966003417969
,Run9,3588,65.0484877556464,156.035003662109
,Run9,3589,65.0484877556464,155.943008422852
,Run9,3590,65.0484877556464,155.967010498047
,Run9,3591,65.0484877556464,155.999008178711
,Run9,3592,65.0484877556464,155.987014770508
,Run9,3593,65.0484877556464,156.094009399414
,Run9,3594,65.0484877556464,156.045013427734
,Run9,3595,65.0484877556464,156.017013549805
,Run9,3596,65.0484877556464,156.038009643555
,Run9,3597,65.0484877556464,156.029006958008
,Run9,3598,65.0484877556464,155.997009277344
,Run9,3599,65.0484877556464,156.032012939453
,Run9,3600,65.0484877556464,156.006011962891
,Run9,3601,65.0484877556464,156.05500793457
,Run9,3602,65.0484877556464,156.05500793457
,Run9,3603,65.0484877556464,156.036010742188
,Run9,3604,65.0484877556464,156.120010375977
,Run9,3605,65.0484877556464,156.064010620117
,Run9,3606,65.0484877556464,156.145004272461
,Run9,3607,65.0484877556464,156.119003295898
,Run9,3608,65.0484877556464,156.213012695312
,Run9,3609,65.0484877556464,156.321014404297
,Run9,3610,65.0484877556464,156.198013305664
,Run9,3611,65.0484877556464,156.380004882812
,Run9,3612,65.0484877556464,156.254013061523
,Run9,3613,65.0484877556464,156.254013061523
,Run9,3614,65.0484877556464,156.476013183594
,Run9,3615,65.0484877556464,156.353012084961
,Run9,3616,52.2750049578569,156.543014526367
,Run9,3617,52.2750049578569,156.441009521484
,Run9,3618,52.2750049578569,156.320007324219
,Run9,3619,52.2750049578569,156.320007324219
,Run9,3620,52.2750049578569,156.245010375977
,Run9,3621,52.2750049578569,156.427001953125
,Run9,3622,52.2750049578569,156.331008911133
,Run9,3623,52.2750049578569,156.242004394531
,Run9,3624,52.2750049578569,156.242004394531
,Run9,3625,52.2750049578569,156.233001708984
,Run9,3626,52.2750049578569,156.298004150391
,Run9,3627,52.2750049578569,156.230010986328
,Run9,3628,52.2750049578569,156.286010742188
,Run9,3629,52.2750049578569,156.286010742188
,Run9,3630,52.2750049578569,156.387008666992
,Run9,3631,52.2750049578569,156.482009887695
,Run9,3632,52.2750049578569,156.380004882812
,Run9,3633,52.2750049578569,156.490005493164
,Run9,3634,52.2750049578569,156.490005493164
,Run9,3635,52.2750049578569,156.598007202148
,Run9,3636,52.2750049578569,156.642013549805
,Run9,3637,52.2750049578569,156.59700012207
,Run9,3638,52.2750049578569,156.666000366211
,Run9,3639,52.2750049578569,156.666000366211
,Run9,3640,52.2750049578569,156.698013305664
,Run9,3641,52.2750049578569,156.70100402832
,Run9,3642,52.2750049578569,156.685012817383
,Run9,3643,52.2750049578569,156.710006713867
,Run9,3644,52.2750049578569,156.754013061523
,Run9,3645,52.2750049578569,156.735000610352
,Run9,3646,52.2750049578569,156.759002685547
,Run9,3647,52.2750049578569,156.75
,Run9,3648,52.2750049578569,156.796005249023
,Run9,3649,52.2750049578569,156.795013427734
,Run9,3650,52.2750049578569,156.788009643555
,Run9,3651,52.2750049578569,156.799011230469
,Run9,3652,52.2750049578569,156.800003051758
,Run9,3653,52.2750049578569,156.815002441406
,Run9,3654,52.2750049578569,156.816009521484
,Run9,3655,52.2750049578569,156.827011108398
,Run9,3656,52.2750049578569,156.850006103516
,Run9,3657,52.2750049578569,156.850006103516
,Run9,3658,52.2750049578569,156.850006103516
,Run9,3659,52.2750049578569,156.855010986328
,Run9,3660,52.2750049578569,156.877014160156
,Run9,3661,52.2750049578569,156.893005371094
,Run9,3662,52.2750049578569,156.873001098633
,Run9,3663,52.2750049578569,156.894012451172
,Run9,3664,52.2750049578569,156.906005859375
,Run9,3665,52.2750049578569,156.940002441406
,Run9,3666,52.2750049578569,156.959014892578
,Run9,3667,52.2750049578569,156.929000854492
,Run9,3668,52.2750049578569,156.973007202148
,Run9,3669,52.2750049578569,156.980010986328
,Run9,3670,52.2750049578569,157.00700378418
,Run9,3671,52.2750049578569,157.045013427734
,Run9,3672,52.2750049578569,156.969009399414
,Run9,3673,52.2750049578569,157.040008544922
,Run9,3674,52.2750049578569,157.066009521484
,Run9,3675,52.2750049578569,157.060012817383
,Run9,3676,52.2750049578569,157.095001220703
,Run9,3677,52.2750049578569,157.042007446289
,Run9,3678,52.2750049578569,157.120010375977
,Run9,3679,52.2750049578569,157.119003295898
,Run9,3680,52.2750049578569,157.123001098633
,Run9,3681,52.2750049578569,157.170013427734
,Run9,3682,52.2750049578569,157.124008178711
,Run9,3683,52.2750049578569,157.149002075195
,Run9,3684,52.2750049578569,157.13200378418
,Run9,3685,52.2750049578569,157.194000244141
,Run9,3686,52.2750049578569,157.194000244141
,Run9,3687,52.2750049578569,157.184005737305
,Run9,3688,52.2750049578569,157.176010131836
,Run9,3689,52.2750049578569,157.177001953125
,Run9,3690,52.2750049578569,157.194000244141
,Run9,3691,52.2750049578569,157.194000244141
,Run9,3692,52.2750049578569,157.197006225586
,Run9,3693,52.2750049578569,157.226013183594
,Run9,3694,52.2750049578569,157.263000488281
,Run9,3695,52.4314079715117,157.291000366211
,Run9,3696,52.4314079715117,157.291000366211
,Run9,3697,52.4314079715117,157.292007446289
,Run9,3698,52.4314079715117,157.322006225586
,Run9,3699,52.4314079715117,157.32600402832
,Run9,3700,52.4314079715117,157.320007324219
,Run9,3701,52.4314079715117,157.320007324219
,Run9,3702,52.4314079715117,157.320007324219
,Run9,3703,52.4314079715117,157.319000244141
,Run9,3704,52.4314079715117,157.310012817383
,Run9,3705,52.4314079715117,157.307006835938
,Run9,3706,52.4314079715117,157.307006835938
,Run9,3707,52.4314079715117,157.313003540039
,Run9,3708,52.4314079715117,157.303009033203
,Run9,3709,52.4314079715117,157.324005126953
,Run9,3710,52.4314079715117,157.299011230469
,Run9,3711,52.4314079715117,157.325012207031
,Run9,3712,52.4314079715117,157.315002441406
,Run9,3713,52.4314079715117,157.34001159668
,Run9,3714,52.4314079715117,157.35400390625
,Run9,3715,52.4314079715117,157.350006103516
,Run9,3716,52.4314079715117,157.363006591797
,Run9,3717,52.4314079715117,157.373001098633
,Run9,3718,52.4314079715117,157.379013061523
,Run9,3719,52.4314079715117,157.395004272461
,Run9,3720,52.4314079715117,157.411010742188
,Run9,3721,52.4314079715117,157.413009643555
,Run9,3722,52.4314079715117,157.417007446289
,Run9,3723,52.4314079715117,157.431015014648
,Run9,3724,52.4314079715117,157.456008911133
,Run9,3725,52.4314079715117,157.441009521484
,Run9,3726,52.4314079715117,157.475006103516
,Run9,3727,52.4314079715117,157.495010375977
,Run9,3728,52.4314079715117,157.477005004883
,Run9,3729,52.4314079715117,157.485000610352
,Run9,3730,52.4314079715117,157.481002807617
,Run9,3731,52.4314079715117,157.505004882812
,Run9,3732,52.4314079715117,157.541000366211
,Run9,3733,26.5650511768641,157.552001953125
,Run9,3734,26.5650511768641,157.532012939453
,Run9,3735,26.5650511768641,157.539001464844
,Run9,3736,26.5650511768641,157.542007446289
,Run9,3737,26.5650511768641,157.55500793457
,Run9,3738,26.5650511768641,157.537002563477
,Run9,3739,26.5650511768641,157.537002563477
,Run9,3740,26.5650511768641,157.536010742188
,Run9,3741,26.5650511768641,157.569000244141
,Run9,3742,26.5650511768641,157.577011108398
,Run9,3743,26.5650511768641,157.589004516602
,Run9,3744,26.5650511768641,157.601013183594
,Run9,3745,26.5650511768641,157.599014282227
,Run9,3746,26.5650511768641,157.606002807617
,Run9,3747,26.5650511768641,157.607009887695
,Run9,3748,26.5650511768641,157.607009887695
,Run9,3749,26.5650511768641,157.607009887695
,Run9,3750,26.5650511768641,157.610000610352
,Run9,3751,26.5650511768641,157.61100769043
,Run9,3752,26.5650511768641,157.617004394531
,Run9,3753,26.5650511768641,157.631011962891
,Run9,3754,26.5650511768641,157.630004882812
,Run9,3755,26.5650511768641,157.647003173828
,Run9,3756,26.5650511768641,157.649002075195
,Run9,3757,26.5650511768641,157.667007446289
,Run9,3758,26.5650511768641,157.65299987793
,Run9,3759,26.5650511768641,157.677001953125
,Run9,3760,26.5650511768641,157.68000793457
,Run9,3761,26.5650511768641,157.707000732422
,Run9,3762,26.5650511768641,157.671005249023
,Run9,3763,26.5650511768641,157.697006225586
,Run9,3764,26.5650511768641,157.777008056641
,Run9,3765,26.5650511768641,157.68701171875
,Run9,3766,26.5650511768641,157.649002075195
,Run9,3767,26.5650511768641,157.607009887695
,Run9,3768,26.5650511768641,157.606002807617
,Run9,3769,26.5650511768641,157.565002441406
,Run9,3770,26.5650511768641,157.554000854492
,Run9,3771,26.5650511768641,157.579010009766
,Run9,3772,26.5650511768641,157.575012207031
,Run9,3773,26.5650511768641,157.563003540039
,Run9,3774,26.5650511768641,157.581008911133
,Run9,3775,327.030596096262,157.596008300781
,Run9,3776,327.030596096262,157.596008300781
,Run9,3777,327.030596096262,157.542007446289
,Run9,3778,327.030596096262,157.548004150391
,Run9,3779,327.030596096262,157.532012939453
,Run9,3780,327.030596096262,157.505004882812
,Run9,3781,327.030596096262,157.47200012207
,Run9,3782,327.030596096262,157.47200012207
,Run9,3783,327.030596096262,157.450012207031
,Run9,3784,327.030596096262,157.455001831055
,Run9,3785,327.030596096262,157.439010620117
,Run9,3786,327.030596096262,157.434005737305
,Run9,3787,327.030596096262,157.421005249023
,Run9,3788,327.030596096262,157.421005249023
,Run9,3789,327.030596096262,157.410003662109
,Run9,3790,327.030596096262,157.417007446289
,Run9,3791,327.030596096262,157.399002075195
,Run9,3792,327.030596096262,157.376007080078
,Run9,3793,327.030596096262,157.374008178711
,Run9,3794,327.030596096262,157.352005004883
,Run9,3795,327.030596096262,157.352005004883
,Run9,3796,327.030596096262,157.327011108398
,Run9,3797,327.030596096262,157.344009399414
,Run9,3798,327.030596096262,157.317001342773
,Run9,3799,327.030596096262,157.321014404297
,Run9,3800,327.030596096262,157.304000854492
,Run9,3801,327.030596096262,157.254013061523
,Run9,3802,327.030596096262,157.279006958008
,Run9,3803,327.030596096262,157.246002197266
,Run9,3804,327.030596096262,157.296005249023
,Run9,3805,327.030596096262,157.248001098633
,Run9,3806,327.030596096262,157.264007568359
,Run9,3807,327.030596096262,157.198013305664
,Run9,3808,327.030596096262,157.232009887695
,Run9,3809,327.030596096262,157.179000854492
,Run9,3810,327.030596096262,157.203002929688
,Run9,3811,327.030596096262,157.170013427734
,Run9,3812,327.030596096262,157.144012451172
,Run9,3813,327.030596096262,157.144012451172
,Run9,3814,327.030596096262,157.092010498047
,Run9,3815,327.030596096262,157.134002685547
,Run9,3816,327.030596096262,157.081008911133
,Run9,3817,327.030596096262,157.103012084961
,Run9,3818,327.030596096262,157.092010498047
,Run9,3819,327.030596096262,157.092010498047
,Run9,3820,327.030596096262,157.086013793945
,Run9,3821,327.030596096262,157.069000244141
,Run9,3822,327.030596096262,157.081008911133
,Run9,3823,327.030596096262,157.052001953125
,Run9,3824,327.030596096262,157.058013916016
,Run9,3825,327.030596096262,157.053009033203
,Run9,3826,317.045408489249,157.053009033203
,Run9,3827,317.045408489249,157.050003051758
,Run9,3828,317.045408489249,157.044006347656
,Run9,3829,317.045408489249,157.053009033203
,Run9,3830,317.045408489249,157.019012451172
,Run9,3831,317.045408489249,157.030014038086
,Run9,3832,317.045408489249,157.026000976562
,Run9,3833,317.045408489249,157.014007568359
,Run9,3834,317.045408489249,157.010009765625
,Run9,3835,317.045408489249,156.992004394531
,Run9,3836,317.045408489249,156.992004394531
,Run9,3837,317.045408489249,156.963012695312
,Run9,3838,317.045408489249,156.955001831055
,Run9,3839,317.045408489249,156.953002929688
,Run9,3840,317.045408489249,156.933013916016
,Run9,3841,317.045408489249,156.933013916016
,Run9,3842,317.045408489249,156.924011230469
,Run9,3843,317.045408489249,156.922012329102
,Run9,3844,317.045408489249,156.933013916016
,Run9,3845,317.045408489249,156.928009033203
,Run9,3846,317.045408489249,156.898010253906
,Run9,3847,317.045408489249,156.894012451172
,Run9,3848,317.045408489249,156.894012451172
,Run9,3849,317.045408489249,156.870010375977
,Run9,3850,317.045408489249,156.880004882812
,Run9,3851,317.045408489249,156.88200378418
,Run9,3852,317.045408489249,156.867004394531
,Run9,3853,317.045408489249,156.860000610352
,Run9,3854,317.045408489249,156.873001098633
,Run9,3855,317.045408489249,156.874008178711
,Run9,3856,317.045408489249,156.848007202148
,Run9,3857,317.045408489249,156.858001708984
,Run9,3858,317.045408489249,156.841003417969
,Run9,3859,317.045408489249,156.818008422852
,Run9,3860,317.045408489249,156.818008422852
,Run9,3861,317.045408489249,156.811004638672
,Run9,3862,317.045408489249,156.791000366211
,Run9,3863,317.045408489249,156.791000366211
,Run9,3864,317.045408489249,156.773010253906
,Run9,3865,317.045408489249,156.749008178711
,Run9,3866,317.045408489249,156.72900390625
,Run9,3867,317.045408489249,156.727005004883
,Run9,3868,317.045408489249,156.710006713867
,Run9,3869,317.045408489249,156.695007324219
,Run9,3870,317.045408489249,156.693008422852
,Run9,3871,317.045408489249,156.676010131836
,Run9,3872,317.045408489249,156.650009155273
,Run9,3873,305.753887253752,156.664001464844
,Run9,3874,305.753887253752,156.633010864258
,Run9,3875,305.753887253752,156.609008789062
,Run9,3876,305.753887253752,156.628005981445
,Run9,3877,305.753887253752,156.626007080078
,Run9,3878,305.753887253752,156.603012084961
,Run9,3879,305.753887253752,156.578002929688
,Run9,3880,305.753887253752,156.5830078125
,Run9,3881,305.753887253752,156.594009399414
,Run9,3882,305.753887253752,156.606002807617
,Run9,3883,305.753887253752,156.606002807617
,Run9,3884,305.753887253752,156.581008911133
,Run9,3885,305.753887253752,156.574005126953
,Run9,3886,305.753887253752,156.591003417969
,Run9,3887,305.753887253752,156.61100769043
,Run9,3888,305.753887253752,156.61100769043
,Run9,3889,305.753887253752,156.61100769043
,Run9,3890,305.753887253752,156.600006103516
,Run9,3891,305.753887253752,156.617004394531
,Run9,3892,305.753887253752,156.59700012207
,Run9,3893,305.753887253752,156.636001586914
,Run9,3894,305.753887253752,156.605010986328
,Run9,3895,305.753887253752,156.640014648438
,Run9,3896,305.753887253752,156.640014648438
,Run9,3897,305.753887253752,156.645004272461
,Run9,3898,305.753887253752,156.669006347656
,Run9,3899,305.753887253752,156.637008666992
,Run9,3900,305.753887253752,156.657012939453
,Run9,3901,305.753887253752,156.655014038086
,Run9,3902,305.753887253752,156.665008544922
,Run9,3903,305.753887253752,156.690002441406
,Run9,3904,305.753887253752,156.657012939453
,Run9,3905,305.753887253752,156.672012329102
,Run9,3906,305.753887253752,156.664001464844
,Run9,3907,305.753887253752,156.68000793457
,Run9,3908,305.753887253752,156.675003051758
,Run9,3909,289.653824058544,156.689010620117
,Run9,3910,289.653824058544,156.681015014648
,Run9,3911,289.653824058544,156.703002929688
,Run9,3912,289.653824058544,156.703002929688
,Run9,3913,289.653824058544,156.697006225586
,Run9,3914,289.653824058544,156.713012695312
,Run9,3915,289.653824058544,156.720001220703
,Run9,3916,289.653824058544,156.719009399414
,Run9,3917,289.653824058544,156.72900390625
,Run9,3918,289.653824058544,156.737014770508
,Run9,3919,289.653824058544,156.740005493164
,Run9,3920,289.653824058544,156.746002197266
,Run9,3921,289.653824058544,156.741012573242
,Run9,3922,289.653824058544,156.751007080078
,Run9,3923,289.653824058544,156.753005981445
,Run9,3924,289.653824058544,156.744003295898
,Run9,3925,289.653824058544,156.75700378418
,Run9,3926,11.3099324743858,156.75700378418
,Run9,3927,11.3099324743858,156.761001586914
,Run9,3928,11.3099324743858,156.761001586914
,Run9,3929,11.3099324743858,156.754013061523
,Run9,3930,11.3099324743858,156.689010620117
,Run9,3931,11.3099324743858,156.748001098633
,Run9,3932,11.3099324743858,156.806015014648
,Run9,3933,11.3099324743858,156.816009521484
,Run9,3934,11.3099324743858,156.835006713867
,Run9,3935,11.3099324743858,156.868011474609
,Run9,3936,11.3099324743858,156.862014770508
,Run9,3937,11.3099324743858,156.900009155273
,Run9,3938,11.3099324743858,156.919006347656
,Run9,3939,11.3099324743858,156.990005493164
,Run9,3940,11.3099324743858,157.021011352539
,Run9,3941,11.3099324743858,157.031005859375
,Run9,3942,11.3099324743858,157.036010742188
,Run9,3943,11.3099324743858,157.023010253906
,Run9,3944,84.4278021959892,156.934005737305
,Run9,3945,84.4278021959892,156.929000854492
,Run9,3946,84.4278021959892,156.918014526367
,Run9,3947,84.4278021959892,156.928009033203
,Run9,3948,84.4278021959892,156.914001464844
,Run9,3949,84.4278021959892,156.90901184082
,Run9,3950,84.4278021959892,156.907012939453
,Run9,3951,84.4278021959892,156.897003173828
,Run9,3952,84.4278021959892,156.911010742188
,Run9,3953,84.4278021959892,156.849014282227
,Run9,3954,84.4278021959892,156.857009887695
,Run9,3955,84.4278021959892,156.85400390625
,Run9,3956,84.4278021959892,156.850006103516
,Run9,3957,84.4278021959892,156.857009887695
,Run9,3958,84.4278021959892,156.841003417969
,Run9,3959,84.4278021959892,156.832000732422
,Run9,3960,84.4278021959892,156.838012695312
,Run9,3961,84.4278021959892,156.836013793945
,Run9,3962,84.4278021959892,156.836013793945
,Run9,3963,84.4278021959892,156.836013793945
,Run9,3964,84.4278021959892,156.935012817383
,Run9,3965,84.4278021959892,156.924011230469
,Run9,3966,84.4278021959892,156.943008422852
,Run9,3967,84.4278021959892,156.940002441406
,Run9,3968,84.4278021959892,156.946014404297
,Run9,3969,84.4278021959892,156.944000244141
,Run9,3970,84.4278021959892,156.944000244141
,Run9,3971,84.4278021959892,156.938003540039
,Run9,3972,84.4278021959892,156.954010009766
,Run9,3973,84.4278021959892,156.940002441406
,Run9,3974,84.4278021959892,156.963012695312
,Run9,3975,84.4278021959892,156.961013793945
,Run9,3976,84.4278021959892,156.948013305664
,Run9,3977,84.4278021959892,156.971008300781
,Run9,3978,84.4278021959892,156.949005126953
,Run9,3979,84.4278021959892,156.9580078125
,Run9,3980,84.4278021959892,156.96501159668
,Run9,3981,84.4278021959892,156.941009521484
,Run9,3982,84.4278021959892,156.95100402832
,Run9,3983,84.4278021959892,156.947006225586
,Run9,3984,84.4278021959892,157.036010742188
,Run9,3985,84.4278021959892,156.973007202148
,Run9,3986,84.4278021959892,156.953002929688
,Run9,3987,84.4278021959892,156.962005615234
,Run9,3988,84.4278021959892,156.961013793945
,Run9,3989,84.4278021959892,156.940002441406
,Run9,3990,84.4278021959892,156.940002441406
,Run9,3991,84.4278021959892,156.93701171875
,Run9,3992,84.4278021959892,156.935012817383
,Run9,3993,84.4278021959892,156.932006835938
,Run9,3994,84.4278021959892,157.122009277344
,Run9,3995,84.4278021959892,157.073013305664
,Run9,3996,84.4278021959892,156.977005004883
,Run9,3997,84.4278021959892,156.950012207031
,Run9,3998,84.4278021959892,156.942001342773
,Run9,3999,84.4278021959892,156.947006225586
,Run9,4000,84.4278021959892,156.935012817383
,Run9,4001,84.4278021959892,156.945007324219
,Run9,4002,84.4278021959892,156.934005737305
,Run9,4003,84.4278021959892,156.883010864258
,Run9,4004,84.4278021959892,156.859008789062
,Run9,4005,84.4278021959892,156.828002929688
,Run9,4006,84.4278021959892,156.849014282227
,Run9,4007,84.4278021959892,156.858001708984
,Run9,4008,84.4278021959892,156.870010375977
,Run9,4009,84.4278021959892,156.872009277344
,Run9,4010,84.4278021959892,156.895004272461
,Run9,4011,84.4278021959892,156.886001586914
,Run9,4012,84.4278021959892,156.885009765625
,Run9,4013,84.4278021959892,156.85400390625
,Run9,4014,84.4278021959892,156.865005493164
,Run9,4015,84.4278021959892,156.839004516602
,Run9,4016,84.4278021959892,156.830001831055
,Run9,4017,84.4278021959892,156.809005737305
,Run9,4018,84.4278021959892,156.815002441406
,Run9,4019,84.4278021959892,156.796005249023
,Run9,4020,84.4278021959892,156.809005737305
,Run9,4021,84.4278021959892,156.857009887695
,Run9,4022,84.4278021959892,156.809005737305
,Run9,4023,84.4278021959892,156.817001342773
,Run9,4024,84.4278021959892,156.798004150391
,Run9,4025,84.4278021959892,156.790008544922
,Run9,4026,84.4278021959892,156.781005859375
,Run9,4027,84.4278021959892,156.787002563477
,Run9,4028,84.4278021959892,156.797012329102
,Run9,4029,84.4278021959892,156.785003662109
,Run9,4030,84.4278021959892,156.801010131836
,Run9,4031,84.4278021959892,156.806015014648
,Run9,4032,84.4278021959892,156.786010742188
,Run9,4033,84.4278021959892,156.787002563477
,Run9,4034,84.4278021959892,156.797012329102
,Run9,4035,84.4278021959892,156.765014648438
,Run9,4036,84.4278021959892,156.730010986328
,Run9,4037,84.4278021959892,156.766006469727
,Run9,4038,84.4278021959892,156.767013549805
,Run9,4039,84.4278021959892,156.753005981445
,Run9,4040,97.12501634684,156.737014770508
,Run9,4041,97.12501634684,156.711013793945
,Run9,4042,97.12501634684,156.622009277344
,Run9,4043,97.12501634684,156.603012084961
,Run9,4044,97.12501634684,156.618011474609
,Run9,4045,97.12501634684,156.613006591797
,Run9,4046,97.12501634684,156.639007568359
,Run9,4047,97.12501634684,156.651000976562
,Run9,4048,97.12501634684,156.690002441406
,Run9,4049,97.12501634684,156.671005249023
,Run9,4050,355.51539399046,156.671005249023
,Run9,4051,355.51539399046,156.70100402832
,Run9,4052,355.51539399046,156.678009033203
,Run9,4053,355.51539399046,156.692001342773
,Run9,4054,355.51539399046,156.689010620117
,Run9,4055,355.51539399046,156.693008422852
,Run9,4056,355.51539399046,156.667007446289
,Run9,4057,355.51539399046,156.656005859375
,Run9,4058,355.51539399046,156.640014648438
,Run9,4059,355.51539399046,156.636001586914
,Run9,4060,355.51539399046,156.652008056641
,Run9,4061,355.51539399046,156.617004394531
,Run9,4062,355.51539399046,156.607009887695
,Run9,4063,355.51539399046,156.577011108398
,Run9,4064,355.51539399046,156.586013793945
,Run9,4065,355.51539399046,156.57600402832
,Run9,4066,355.51539399046,156.566009521484
,Run9,4067,355.51539399046,156.573013305664
,Run9,4068,355.51539399046,156.56201171875
,Run9,4069,355.51539399046,156.5830078125
,Run9,4070,355.51539399046,156.59001159668
,Run9,4071,355.51539399046,156.591003417969
,Run9,4072,355.51539399046,156.580001831055
,Run9,4073,355.51539399046,156.563003540039
,Run9,4074,355.51539399046,156.577011108398
,Run9,4075,355.51539399046,156.52799987793
,Run9,4076,355.51539399046,156.518005371094
,Run9,4077,355.51539399046,156.544006347656
,Run9,4078,355.51539399046,156.543014526367
,Run9,4079,355.51539399046,156.522003173828
,Run9,4080,355.51539399046,156.539001464844
,Run9,4081,355.51539399046,156.553009033203
,Run9,4082,355.51539399046,156.535003662109
,Run9,4083,355.51539399046,156.540008544922
,Run9,4084,355.51539399046,156.522003173828
,Run9,4085,355.51539399046,156.540008544922
,Run9,4086,355.51539399046,156.532012939453
,Run9,4087,355.51539399046,156.542007446289
,Run9,4088,355.51539399046,156.497009277344
,Run9,4089,355.51539399046,156.504013061523
,Run9,4090,355.51539399046,156.506011962891
,Run9,4091,355.51539399046,156.520004272461
,Run9,4092,355.51539399046,156.491012573242
,Run9,4093,355.51539399046,156.514007568359
,Run9,4094,355.51539399046,156.501007080078
,Run9,4095,355.51539399046,156.497009277344
,Run9,4096,355.51539399046,156.492004394531
,Run9,4097,355.51539399046,156.499008178711
,Run9,4098,355.51539399046,156.506011962891
,Run9,4099,355.51539399046,156.525009155273
,Run9,4100,355.51539399046,156.475006103516
,Run9,4101,355.51539399046,156.449005126953
,Run9,4102,355.51539399046,156.436004638672
,Run9,4103,355.51539399046,156.463012695312
,Run9,4104,355.51539399046,156.467010498047
,Run9,4105,355.51539399046,156.481002807617
,Run9,4106,355.51539399046,156.457000732422
,Run9,4107,355.51539399046,156.478012084961
,Run9,4108,355.51539399046,156.464004516602
,Run9,4109,355.51539399046,156.470001220703
,Run9,4110,355.51539399046,156.466003417969
,Run9,4111,355.51539399046,156.454010009766
,Run9,4112,355.51539399046,156.454010009766
,Run9,4113,355.51539399046,156.444000244141
,Run9,4114,355.51539399046,156.457000732422
,Run9,4115,355.51539399046,156.439010620117
,Run9,4116,355.51539399046,156.43000793457
,Run9,4117,355.51539399046,156.427001953125
,Run9,4118,355.51539399046,156.425003051758
,Run9,4119,355.51539399046,156.431015014648
,Run9,4120,355.51539399046,156.401000976562
,Run9,4121,355.51539399046,156.396011352539
,Run9,4122,355.51539399046,156.394012451172
,Run9,4123,355.51539399046,156.393005371094
,Run9,4124,355.51539399046,156.384002685547
,Run9,4125,355.51539399046,156.387008666992
,Run9,4126,355.51539399046,156.392013549805
,Run9,4127,355.51539399046,156.376007080078
,Run9,4128,355.51539399046,156.393005371094
,Run9,4129,355.51539399046,156.389007568359
,Run9,4130,355.51539399046,156.383010864258
,Run9,4131,355.51539399046,156.392013549805
,Run9,4132,355.51539399046,156.386001586914
,Run9,4133,355.51539399046,156.393005371094
,Run9,4134,355.51539399046,156.386001586914
,Run9,4135,355.51539399046,156.413009643555
,Run9,4136,355.51539399046,156.411010742188
,Run9,4137,355.51539399046,156.424011230469
,Run9,4138,355.51539399046,156.420013427734
,Run9,4139,355.51539399046,156.423004150391
,Run9,4140,355.51539399046,156.423004150391
,Run9,4141,355.51539399046,156.43000793457
,Run9,4142,355.51539399046,156.429000854492
,Run9,4143,355.51539399046,156.424011230469
,Run9,4144,355.51539399046,156.429000854492
,Run9,4145,355.51539399046,156.424011230469
,Run9,4146,355.51539399046,156.415008544922
,Run9,4147,355.51539399046,156.428009033203
,Run9,4148,355.51539399046,156.422012329102
,Run9,4149,355.51539399046,156.428009033203
,Run9,4150,355.51539399046,156.420013427734
,Run9,4151,355.51539399046,156.43000793457
,Run9,4152,355.51539399046,156.45100402832
,Run9,4153,355.51539399046,156.453002929688
,Run9,4154,355.51539399046,156.45100402832
,Run9,4155,355.51539399046,156.446014404297
,Run9,4156,355.51539399046,156.439010620117
,Run9,4157,355.51539399046,156.45100402832
,Run9,4158,355.51539399046,156.45100402832
,Run9,4159,355.51539399046,156.45100402832
,Run9,4160,355.51539399046,156.447006225586
,Run9,4161,355.51539399046,156.445007324219
,Run9,4162,355.51539399046,156.435012817383
,Run9,4163,355.51539399046,156.442001342773
,Run9,4164,355.51539399046,156.444000244141
,Run9,4165,355.51539399046,156.450012207031
,Run9,4166,355.51539399046,156.449005126953
,Run9,4167,355.51539399046,156.454010009766
,Run9,4168,355.51539399046,156.459014892578
,Run9,4169,355.51539399046,156.452011108398
,Run9,4170,355.51539399046,156.460006713867
,Run9,4171,355.51539399046,156.463012695312
,Run9,4172,355.51539399046,156.453002929688
,Run9,4173,355.51539399046,156.456008911133
,Run9,4174,355.51539399046,156.4580078125
,Run9,4175,355.51539399046,156.464004516602
,Run9,4176,355.51539399046,156.460006713867
,Run9,4177,355.51539399046,156.461013793945
,Run9,4178,355.51539399046,156.48600769043
,Run9,4179,355.51539399046,156.483001708984
,Run9,4180,355.51539399046,156.493011474609
,Run9,4181,355.51539399046,156.496002197266
,Run9,4182,355.51539399046,156.499008178711
,Run9,4183,355.51539399046,156.495010375977
,Run9,4184,355.51539399046,156.509002685547
,Run9,4185,355.51539399046,156.503005981445
,Run9,4186,355.51539399046,156.506011962891
,Run9,4187,355.51539399046,156.497009277344
,Run9,4188,355.51539399046,156.509002685547
,Run9,4189,355.51539399046,156.503005981445
,Run9,4190,355.51539399046,156.522003173828
,Run9,4191,355.51539399046,156.531005859375
,Run9,4192,355.51539399046,156.525009155273
,Run9,4193,355.51539399046,156.529006958008
,Run9,4194,355.51539399046,156.525009155273
,Run9,4195,355.51539399046,156.539001464844
,Run9,4196,355.51539399046,156.533004760742
,Run9,4197,355.51539399046,156.525009155273
,Run9,4198,355.51539399046,156.536010742188
,Run9,4199,355.51539399046,156.543014526367
,Run9,4200,355.51539399046,156.543014526367
,Run9,4201,355.51539399046,156.540008544922
,Run9,4202,355.51539399046,156.559005737305
,Run9,4203,355.51539399046,156.565002441406
,Run9,4204,355.51539399046,156.581008911133
,Run9,4205,355.51539399046,156.580001831055
,Run9,4206,355.51539399046,156.593002319336
,Run9,4207,355.51539399046,156.588012695312
,Run9,4208,355.51539399046,156.591003417969
,Run9,4209,355.51539399046,156.602005004883
,Run9,4210,355.51539399046,156.60400390625
,Run9,4211,355.51539399046,156.602005004883
,Run9,4212,355.51539399046,156.615005493164
,Run9,4213,355.51539399046,156.618011474609
,Run9,4214,355.51539399046,156.616012573242
,Run9,4215,355.51539399046,156.629013061523
,Run9,4216,355.51539399046,156.656005859375
,Run9,4217,355.51539399046,156.655014038086
,Run9,4218,355.51539399046,156.669006347656
,Run9,4219,355.51539399046,156.672012329102
,Run9,4220,355.51539399046,156.68701171875
,Run9,4221,355.51539399046,156.683013916016
,Run9,4222,355.51539399046,156.693008422852
,Run9,4223,355.51539399046,156.693008422852
,Run9,4224,355.51539399046,156.693008422852
,Run9,4225,355.51539399046,156.691009521484
,Run9,4226,355.51539399046,156.691009521484
,Run9,4227,355.51539399046,156.704010009766
,Run9,4228,355.51539399046,156.713012695312
,Run9,4229,3.32740424173195,156.719009399414
,Run9,4230,3.32740424173195,156.716003417969
,Run9,4231,3.32740424173195,156.698013305664
,Run9,4232,3.32740424173195,156.711013793945
,Run9,4233,3.32740424173195,156.719009399414
,Run9,4234,3.32740424173195,156.716003417969
,Run9,4235,3.32740424173195,156.72900390625
,Run9,4236,3.32740424173195,156.738006591797
,Run9,4237,3.32740424173195,156.73600769043
,Run9,4238,3.32740424173195,156.745010375977
,Run9,4239,3.32740424173195,156.743011474609
,Run9,4240,3.32740424173195,156.760009765625
,Run9,4241,3.32740424173195,156.771011352539
,Run9,4242,3.32740424173195,156.762008666992
,Run9,4243,3.32740424173195,156.773010253906
,Run9,4244,3.32740424173195,156.782012939453
,Run9,4245,3.32740424173195,156.783004760742
,Run9,4246,3.32740424173195,156.771011352539
,Run9,4247,3.32740424173195,156.767013549805
,Run9,4248,3.32740424173195,156.790008544922
,Run9,4249,3.32740424173195,156.783004760742
,Run9,4250,3.32740424173195,156.797012329102
,Run9,4251,3.32740424173195,156.800003051758
,Run9,4252,3.32740424173195,156.808013916016
,Run9,4253,3.32740424173195,156.796005249023
,Run9,4254,3.32740424173195,156.80500793457
,Run9,4255,3.32740424173195,156.82600402832
,Run9,4256,3.32740424173195,156.837005615234
,Run9,4257,3.32740424173195,156.824005126953
,Run9,4258,3.32740424173195,156.850006103516
,Run9,4259,3.32740424173195,156.846008300781
,Run9,4260,3.32740424173195,156.841003417969
,Run9,4261,3.32740424173195,156.858001708984
,Run9,4262,3.32740424173195,156.868011474609
,Run9,4263,3.32740424173195,156.878005981445
,Run9,4264,3.32740424173195,156.885009765625
,Run9,4265,3.32740424173195,156.884002685547
,Run9,4266,3.32740424173195,156.895004272461
,Run9,4267,3.32740424173195,156.904006958008
,Run9,4268,3.32740424173195,156.900009155273
,Run9,4269,3.32740424173195,156.920013427734
,Run9,4270,3.32740424173195,156.902008056641
,Run9,4271,3.32740424173195,156.911010742188
,Run9,4272,3.32740424173195,156.914001464844
,Run9,4273,3.32740424173195,156.928009033203
,Run9,4274,3.32740424173195,156.935012817383
,Run9,4275,3.32740424173195,156.948013305664
,Run9,4276,3.32740424173195,156.948013305664
,Run9,4277,3.32740424173195,156.964004516602
,Run9,4278,3.32740424173195,156.97200012207
,Run9,4279,3.32740424173195,156.989013671875
,Run9,4280,3.32740424173195,157.004013061523
,Run9,4281,3.32740424173195,157.010009765625
,Run9,4282,3.32740424173195,156.999008178711
,Run9,4283,3.32740424173195,157.009002685547
,Run9,4284,3.32740424173195,157.020004272461
,Run9,4285,3.32740424173195,157.022003173828
,Run9,4286,3.32740424173195,157.039001464844
,Run9,4287,3.32740424173195,157.048004150391
,Run9,4288,3.32740424173195,157.053009033203
,Run9,4289,3.32740424173195,157.061004638672
,Run9,4290,3.32740424173195,157.066009521484
,Run9,4291,3.32740424173195,157.077011108398
,Run9,4292,3.32740424173195,157.073013305664
,Run9,4293,3.32740424173195,157.091003417969
,Run9,4294,3.32740424173195,157.109008789062
,Run9,4295,3.32740424173195,157.105010986328
,Run9,4296,3.32740424173195,157.118011474609
,Run9,4297,3.32740424173195,157.126007080078
,Run9,4298,3.32740424173195,157.143005371094
,Run9,4299,3.32740424173195,157.130004882812
,Run9,4300,3.32740424173195,157.141006469727
,Run9,4301,3.32740424173195,157.161010742188
,Run9,4302,3.32740424173195,157.163009643555
,Run9,4303,3.32740424173195,157.179000854492
,Run9,4304,3.32740424173195,157.18000793457
,Run9,4305,3.32740424173195,157.204010009766
,Run9,4306,3.32740424173195,157.198013305664
,Run9,4307,3.32740424173195,157.220001220703
,Run9,4308,3.32740424173195,157.225006103516
,Run9,4309,3.32740424173195,157.238006591797
,Run9,4310,3.32740424173195,157.23600769043
,Run9,4311,3.32740424173195,157.252014160156
,Run9,4312,3.32740424173195,157.256011962891
,Run9,4313,3.32740424173195,157.285003662109
,Run9,4314,3.32740424173195,157.287002563477
,Run9,4315,3.32740424173195,157.295013427734
,Run9,4316,3.32740424173195,157.294006347656
,Run9,4317,3.32740424173195,157.306015014648
,Run9,4318,3.32740424173195,157.31201171875
,Run9,4319,3.32740424173195,157.31201171875
,Run9,4320,3.32740424173195,157.323013305664
,Run9,4321,3.32740424173195,157.343002319336
,Run9,4322,3.32740424173195,157.335006713867
,Run9,4323,3.32740424173195,157.352005004883
,Run9,4324,3.32740424173195,157.371002197266
,Run9,4325,3.32740424173195,157.365005493164
,Run9,4326,3.32740424173195,157.380004882812
,Run9,4327,3.32740424173195,157.398010253906
,Run9,4328,3.32740424173195,157.404006958008
,Run9,4329,3.32740424173195,157.404006958008
,Run9,4330,17.5044727270008,157.428009033203
,Run9,4331,17.5044727270008,157.397003173828
,Run9,4332,17.5044727270008,157.422012329102
,Run9,4333,17.5044727270008,157.439010620117
,Run9,4334,17.5044727270008,157.432006835938
,Run9,4335,17.5044727270008,157.442001342773
,Run9,4336,17.5044727270008,157.442001342773
,Run9,4337,17.5044727270008,157.438003540039
,Run9,4338,17.5044727270008,157.446014404297
,Run9,4339,17.5044727270008,157.476013183594
,Run9,4340,17.5044727270008,157.480010986328
,Run9,4341,17.5044727270008,157.478012084961
,Run9,4342,17.5044727270008,157.495010375977
,Run9,4343,17.5044727270008,157.505004882812
,Run9,4344,17.5044727270008,157.498001098633
,Run9,4345,17.5044727270008,157.508010864258
,Run9,4346,17.5044727270008,157.524002075195
,Run9,4347,17.5044727270008,157.504013061523
,Run9,4348,17.5044727270008,157.527008056641
,Run9,4349,17.5044727270008,157.52799987793
,Run9,4350,17.5044727270008,157.546005249023
,Run9,4351,17.5044727270008,157.525009155273
,Run9,4352,17.5044727270008,157.567001342773
,Run9,4353,17.5044727270008,157.559005737305
,Run9,4354,17.5044727270008,157.566009521484
,Run9,4355,17.5044727270008,157.565002441406
,Run9,4356,17.5044727270008,157.588012695312
,Run9,4357,17.5044727270008,157.592010498047
,Run9,4358,17.5044727270008,157.592010498047
,Run9,4359,17.5044727270008,157.609008789062
,Run9,4360,17.5044727270008,157.625
,Run9,4361,17.5044727270008,157.629013061523
,Run9,4362,17.5044727270008,157.645004272461
,Run9,4363,17.5044727270008,157.660003662109
,Run9,4364,17.5044727270008,157.672012329102
,Run9,4365,17.5044727270008,157.690002441406
,Run9,4366,17.5044727270008,157.692001342773
,Run9,4367,17.5044727270008,157.682006835938
,Run9,4368,17.5044727270008,157.706008911133
,Run9,4369,17.5044727270008,157.735000610352
,Run9,4370,17.5044727270008,157.733001708984
,Run9,4371,17.5044727270008,157.739013671875
,Run9,4372,17.5044727270008,157.753005981445
,Run9,4373,17.5044727270008,157.770004272461
,Run9,4374,17.5044727270008,157.78401184082
,Run9,4375,17.5044727270008,157.797012329102
,Run9,4376,17.5044727270008,157.827011108398
,Run9,4377,17.5044727270008,157.827011108398
,Run9,4378,17.5044727270008,157.870010375977
,Run9,4379,17.5044727270008,157.870010375977
,Run9,4380,17.5044727270008,157.881011962891
,Run9,4381,17.5044727270008,157.879013061523
,Run9,4382,17.5044727270008,157.897003173828
,Run9,4383,17.5044727270008,157.93000793457
,Run9,4384,17.5044727270008,157.914001464844
,Run9,4385,17.5044727270008,157.939010620117
,Run9,4386,17.5044727270008,158.012008666992
,Run9,4387,17.5044727270008,157.971008300781
,Run9,4388,17.5044727270008,158.010009765625
,Run9,4389,17.5044727270008,158.099014282227
,Run9,4390,17.5044727270008,158.161010742188
,Run9,4391,17.5044727270008,158.101013183594
,Run9,4392,17.5044727270008,158.186004638672
,Run9,4393,17.5044727270008,158.194000244141
,Run9,4394,17.5044727270008,158.185012817383
,Run9,4395,17.5044727270008,158.239013671875
,Run9,4396,17.5044727270008,158.25700378418
,Run9,4397,17.5044727270008,158.268005371094
,Run9,4398,17.5044727270008,158.288009643555
,Run9,4399,17.5044727270008,158.308013916016
,Run9,4400,17.5044727270008,158.346008300781
,Run9,4401,17.5044727270008,158.330001831055
,Run9,4402,17.5044727270008,158.370010375977
,Run9,4403,17.5044727270008,158.378005981445
,Run9,4404,17.5044727270008,158.397003173828
,Run9,4405,17.5044727270008,158.429000854492
,Run9,4406,17.5044727270008,158.468002319336
,Run9,4407,17.5044727270008,158.455001831055
,Run9,4408,17.5044727270008,158.515014648438
,Run9,4409,17.5044727270008,158.530014038086
,Run9,4410,32.7842808658141,158.547012329102
,Run9,4411,32.7842808658141,158.587005615234
,Run9,4412,32.7842808658141,158.598007202148
,Run9,4413,32.7842808658141,158.598007202148
,Run9,4414,32.7842808658141,158.589004516602
,Run9,4415,32.7842808658141,158.654006958008
,Run9,4416,32.7842808658141,158.620010375977
,Run9,4417,32.7842808658141,158.68000793457
,Run9,4418,32.7842808658141,158.649002075195
,Run9,4419,32.7842808658141,158.65901184082
,Run9,4420,32.7842808658141,158.65901184082
,Run9,4421,32.7842808658141,158.65901184082
,Run9,4422,32.7842808658141,158.699005126953
,Run9,4423,32.7842808658141,158.700012207031
,Run9,4424,32.7842808658141,158.725006103516
,Run9,4425,32.7842808658141,158.746002197266
,Run9,4426,32.7842808658141,158.746002197266
,Run9,4427,32.7842808658141,158.764007568359
,Run9,4428,32.7842808658141,158.801010131836
,Run9,4429,32.7842808658141,158.827011108398
,Run9,4430,32.7842808658141,158.803009033203
,Run9,4431,32.7842808658141,158.885009765625
,Run9,4432,32.7842808658141,158.753005981445
,Run9,4433,32.7842808658141,158.876007080078
,Run9,4434,32.7842808658141,158.829010009766
,Run9,4435,32.7842808658141,158.942001342773
,Run9,4436,32.7842808658141,158.855010986328
,Run9,4437,32.7842808658141,158.976013183594
,Run9,4438,32.7842808658141,158.922012329102
,Run9,4439,32.7842808658141,158.922012329102
,Run9,4440,32.7842808658141,158.869003295898
,Run9,4441,32.7842808658141,158.98600769043
,Run9,4442,32.7842808658141,158.90901184082
,Run9,4443,32.7842808658141,158.95100402832
,Run9,4444,32.7842808658141,158.987014770508
,Run9,4445,32.7842808658141,158.946014404297
,Run9,4446,32.7842808658141,158.992004394531
,Run9,4447,32.7842808658141,159.026000976562
,Run9,4448,32.7842808658141,159.046005249023
,Run9,4449,32.7842808658141,159.069000244141
,Run9,4450,32.7842808658141,159.09700012207
,Run9,4451,32.7842808658141,159.079010009766
,Run9,4452,32.7842808658141,159.120010375977
,Run9,4453,32.7842808658141,159.145004272461
,Run9,4454,32.7842808658141,159.160003662109
,Run9,4455,32.7842808658141,159.174011230469
,Run9,4456,32.7842808658141,159.196014404297
,Run9,4457,32.7842808658141,159.196014404297
,Run9,4458,32.7842808658141,159.212005615234
,Run9,4459,32.7842808658141,159.214004516602
,Run9,4460,32.7842808658141,159.249008178711
,Run9,4461,32.7842808658141,159.270004272461
,Run9,4462,32.7842808658141,159.300003051758
,Run9,4463,32.7842808658141,159.335006713867
,Run9,4464,32.7842808658141,159.332000732422
,Run9,4465,32.7842808658141,159.356002807617
,Run9,4466,32.7842808658141,159.400009155273
,Run9,4467,32.7842808658141,159.408004760742
,Run9,4468,32.7842808658141,159.464004516602
,Run9,4469,32.7842808658141,159.48600769043
,Run9,4470,32.7842808658141,159.48600769043
,Run9,4471,32.7842808658141,159.526000976562
,Run9,4472,32.7842808658141,159.532012939453
,Run9,4473,32.7842808658141,159.57600402832
,Run9,4474,32.7842808658141,159.59700012207
,Run9,4475,32.7842808658141,159.638000488281
,Run9,4476,32.7842808658141,159.638000488281
,Run9,4477,32.7842808658141,159.673004150391
,Run9,4478,32.7842808658141,159.691009521484
,Run9,4479,32.7842808658141,159.705001831055
,Run9,4480,32.7842808658141,159.737014770508
,Run9,4481,32.7842808658141,159.75
,Run9,4482,32.7842808658141,159.764007568359
,Run9,4483,32.7842808658141,159.776000976562
,Run9,4484,32.7842808658141,159.814010620117
,Run9,4485,32.7842808658141,159.820007324219
,Run9,4486,32.7842808658141,159.829010009766
,Run9,4487,32.7842808658141,159.850006103516
,Run9,4488,32.7842808658141,159.894012451172
,Run9,4489,32.7842808658141,159.894012451172
,Run9,4490,32.7842808658141,159.927001953125
,Run9,4491,32.7842808658141,159.954010009766
,Run9,4492,32.7842808658141,159.971008300781
,Run9,4493,32.7842808658141,160.008010864258
,Run9,4494,32.7842808658141,160.017013549805
,Run9,4495,32.7842808658141,160.043014526367
,Run9,4496,32.7842808658141,160.065002441406
,Run9,4497,32.7842808658141,160.102005004883
,Run9,4498,32.7842808658141,160.120010375977
,Run9,4499,32.7842808658141,160.145004272461
,Run9,4500,32.7842808658141,160.162002563477
,Run9,4501,32.7842808658141,160.185012817383
,Run9,4502,32.7842808658141,160.202011108398
,Run9,4503,32.7842808658141,160.258010864258
,Run9,4504,32.7842808658141,160.278015136719
,Run9,4505,32.7842808658141,160.296005249023
,Run9,4506,32.7842808658141,160.322006225586
,Run9,4507,32.7842808658141,160.286010742188
,Run9,4508,32.7842808658141,160.34700012207
,Run9,4509,32.7842808658141,160.356002807617
,Run9,4510,32.7842808658141,160.399002075195
,Run9,4511,32.7842808658141,160.402008056641
,Run9,4512,32.7842808658141,160.441009521484
,Run9,4513,32.7842808658141,160.433013916016
,Run9,4514,32.7842808658141,160.476013183594
,Run9,4515,32.7842808658141,160.50700378418
,Run9,4516,32.7842808658141,160.518005371094
,Run9,4517,32.7842808658141,160.551010131836
,Run9,4518,32.7842808658141,160.531005859375
,Run9,4519,32.7842808658141,160.59700012207
,Run9,4520,32.7842808658141,160.59700012207
,Run9,4521,32.7842808658141,160.609008789062
,Run9,4522,32.7842808658141,160.624008178711
,Run9,4523,32.7842808658141,160.636001586914
,Run9,4524,32.7842808658141,160.634002685547
,Run9,4525,32.7842808658141,160.671005249023
,Run9,4526,32.7842808658141,160.671005249023
,Run9,4527,32.7842808658141,160.7080078125
,Run9,4528,32.7842808658141,160.758010864258
,Run9,4529,32.7842808658141,160.725006103516
,Run9,4530,32.7842808658141,160.777008056641
,Run9,4531,32.7842808658141,160.778015136719
,Run9,4532,32.7842808658141,160.810012817383
,Run9,4533,32.7842808658141,160.810012817383
,Run9,4534,32.7842808658141,160.851013183594
,Run9,4535,32.7842808658141,160.846008300781
,Run9,4536,32.7842808658141,160.865005493164
,Run9,4537,32.7842808658141,160.866012573242
,Run9,4538,32.7842808658141,160.896011352539
,Run9,4539,32.7842808658141,160.956008911133
,Run9,4540,32.7842808658141,160.936004638672
,Run9,4541,32.7842808658141,160.988006591797
,Run9,4542,32.7842808658141,160.980010986328
,Run9,4543,32.7842808658141,161.017013549805
,Run9,4544,32.7842808658141,161.042007446289
,Run9,4545,32.7842808658141,161.06201171875
,Run9,4546,32.7842808658141,161.050003051758
,Run9,4547,32.7842808658141,161.0830078125
,Run9,4548,32.7842808658141,161.077011108398
,Run9,4549,32.7842808658141,161.125015258789
,Run9,4550,32.7842808658141,161.125015258789
,Run9,4551,32.7842808658141,161.153015136719
,Run9,4552,32.7842808658141,161.167007446289
,Run9,4553,32.7842808658141,161.172012329102
,Run9,4554,32.7842808658141,161.198013305664
,Run9,4555,32.7842808658141,161.194000244141
,Run9,4556,32.7842808658141,161.227005004883
,Run9,4557,32.7842808658141,161.212005615234
,Run9,4558,32.7842808658141,161.242004394531
,Run9,4559,32.7842808658141,161.247009277344
,Run9,4560,32.7842808658141,161.256011962891
,Run9,4561,32.7842808658141,161.262008666992
,Run9,4562,32.7842808658141,161.286010742188
,Run9,4563,32.7842808658141,161.339004516602
,Run9,4564,32.7842808658141,161.339004516602
,Run9,4565,32.7842808658141,161.360000610352
,Run9,4566,32.7842808658141,161.363006591797
,Run9,4567,32.7842808658141,161.400009155273
,Run9,4568,32.7842808658141,161.372009277344
,Run9,4569,32.7842808658141,161.412002563477
,Run9,4570,32.7842808658141,161.412002563477
,Run9,4571,32.7842808658141,161.439010620117
,Run9,4572,32.7842808658141,161.441009521484
,Run9,4573,32.7842808658141,161.493011474609
,Run9,4574,32.7842808658141,161.455001831055
,Run9,4575,32.7842808658141,161.497009277344
,Run9,4576,32.7842808658141,161.518005371094
,Run9,4577,32.7842808658141,161.518005371094
,Run9,4578,32.7842808658141,161.542007446289
,Run9,4579,32.7842808658141,161.544006347656
,Run9,4580,32.7842808658141,161.563003540039
,Run9,4581,32.7842808658141,161.557006835938
,Run9,4582,32.7842808658141,161.586013793945
,Run9,4583,32.7842808658141,161.586013793945
,Run9,4584,32.7842808658141,161.607009887695
,Run9,4585,32.7842808658141,161.607009887695
,Run9,4586,32.7842808658141,161.630004882812
,Run9,4587,32.7842808658141,161.662002563477
,Run9,4588,32.7842808658141,161.636001586914
,Run9,4589,32.7842808658141,161.681015014648
,Run9,4590,32.7842808658141,161.673004150391
,Run9,4591,32.7842808658141,161.699005126953
,Run9,4592,32.7842808658141,161.696014404297
,Run9,4593,32.7842808658141,161.721008300781
,Run9,4594,32.7842808658141,161.726013183594
,Run9,4595,32.7842808658141,161.742004394531
,Run9,4596,32.7842808658141,161.755004882812
,Run9,4597,32.7842808658141,161.754013061523
,Run9,4598,32.7842808658141,161.762008666992
,Run9,4599,32.7842808658141,161.78401184082
,Run9,4600,32.7842808658141,161.798004150391
,Run9,4601,32.7842808658141,161.802001953125
,Run9,4602,32.7842808658141,161.809005737305
,Run9,4603,32.7842808658141,161.803009033203
,Run9,4604,32.7842808658141,161.830001831055
,Run9,4605,32.7842808658141,161.822006225586
,Run9,4606,32.7842808658141,161.850006103516
,Run9,4607,32.7842808658141,161.838012695312
,Run9,4608,32.7842808658141,161.883010864258
,Run9,4609,32.7842808658141,161.860000610352
,Run9,4610,32.7842808658141,161.893005371094
,Run9,4611,32.7842808658141,161.921005249023
,Run9,4612,32.7842808658141,161.904006958008
,Run9,4613,32.7842808658141,161.93701171875
,Run9,4614,32.7842808658141,161.93701171875
,Run9,4615,32.7842808658141,161.967010498047
,Run9,4616,32.7842808658141,161.957000732422
,Run9,4617,32.7842808658141,161.975006103516
,Run9,4618,32.7842808658141,161.973007202148
,Run9,4619,32.7842808658141,162.006011962891
,Run9,4620,32.7842808658141,161.988006591797
,Run9,4621,32.7842808658141,161.998001098633
,Run9,4622,32.7842808658141,162.002014160156
,Run9,4623,32.7842808658141,162.030014038086
,Run9,4624,32.7842808658141,162.008010864258
,Run9,4625,32.7842808658141,162.018005371094
,Run9,4626,32.7842808658141,162.025009155273
,Run9,4627,32.7842808658141,162.025009155273
,Run9,4628,32.7842808658141,162.030014038086
,Run9,4629,32.7842808658141,162.047012329102
,Run9,4630,32.7842808658141,162.070007324219
,Run9,4631,32.7842808658141,162.099014282227
,Run9,4632,32.7842808658141,162.102005004883
,Run9,4633,32.7842808658141,162.102005004883
,Run9,4634,32.7842808658141,162.126007080078
,Run9,4635,32.7842808658141,162.110000610352
,Run9,4636,32.7842808658141,162.149002075195
,Run9,4637,32.7842808658141,162.170013427734
,Run9,4638,32.7842808658141,162.466003417969
,Run9,4639,32.7842808658141,162.212005615234
,Run9,4640,32.7842808658141,162.344009399414
,Run9,4641,32.7842808658141,162.296005249023
,Run9,4642,32.7842808658141,162.379013061523
,Run9,4643,32.7842808658141,162.366012573242
,Run9,4644,32.7842808658141,162.393005371094
,Run9,4645,32.7842808658141,162.446014404297
,Run9,4646,32.7842808658141,162.446014404297
,Run9,4647,32.7842808658141,162.438003540039
,Run9,4648,32.7842808658141,162.408004760742
,Run9,4649,32.7842808658141,162.421005249023
,Run9,4650,32.7842808658141,162.453002929688
,Run9,4651,32.7842808658141,162.443008422852
,Run9,4652,32.7842808658141,162.441009521484
,Run9,4653,32.7842808658141,162.46501159668
,Run9,4654,32.7842808658141,162.487014770508
,Run9,4655,32.7842808658141,162.504013061523
,Run9,4656,29.7895737836295,162.490005493164
,Run9,4657,29.7895737836295,162.471008300781
,Run9,4658,29.7895737836295,162.482009887695
,Run9,4659,29.7895737836295,162.482009887695
,Run9,4660,29.7895737836295,162.514007568359
,Run9,4661,29.7895737836295,162.495010375977
,Run9,4662,29.7895737836295,162.520004272461
,Run9,4663,29.7895737836295,162.514007568359
,Run9,4664,29.7895737836295,162.543014526367
,Run9,4665,29.7895737836295,162.495010375977
,Run9,4666,29.7895737836295,162.483001708984
,Run9,4667,29.7895737836295,162.502014160156
,Run9,4668,29.7895737836295,162.385009765625
,Run9,4669,29.7895737836295,162.386001586914
,Run9,4670,29.7895737836295,162.374008178711
,Run9,4671,29.7895737836295,162.371002197266
,Run9,4672,29.7895737836295,162.357009887695
,Run9,4673,29.7895737836295,162.372009277344
,Run9,4674,29.7895737836295,162.356002807617
,Run9,4675,29.7895737836295,162.343002319336
,Run9,4676,29.7895737836295,162.450012207031
,Run9,4677,29.7895737836295,162.595001220703
,Run9,4678,29.7895737836295,162.559005737305
,Run9,4679,29.7895737836295,162.623001098633
,Run9,4680,29.7895737836295,162.644012451172
,Run9,4681,29.7895737836295,162.644012451172
,Run9,4682,29.7895737836295,162.546005249023
,Run9,4683,29.7895737836295,162.527008056641
,Run9,4684,29.7895737836295,162.527008056641
,Run9,4685,29.7895737836295,162.517013549805
,Run9,4686,29.7895737836295,162.516006469727
,Run9,4687,29.7895737836295,162.549011230469
,Run9,4688,29.7895737836295,162.649002075195
,Run9,4689,29.7895737836295,162.649002075195
,Run9,4690,29.7895737836295,162.628005981445
,Run9,4691,29.7895737836295,162.623001098633
,Run9,4692,29.7895737836295,162.565002441406
,Run9,4693,29.7895737836295,162.516006469727
,Run9,4694,29.7895737836295,162.512008666992
,Run9,4695,29.7895737836295,162.541000366211
,Run9,4696,29.7895737836295,162.578002929688
,Run9,4697,29.7895737836295,162.578002929688
,Run9,4698,29.7895737836295,162.605010986328
,Run9,4699,29.7895737836295,162.733001708984
,Run9,4700,29.7895737836295,162.605010986328
,Run9,4701,29.7895737836295,162.606002807617
,Run9,4702,29.7895737836295,162.546005249023
,Run9,4703,29.7895737836295,162.541000366211
,Run9,4704,29.7895737836295,162.603012084961
,Run9,4705,29.7895737836295,162.574005126953
,Run9,4706,29.7895737836295,162.563003540039
,Run9,4707,29.7895737836295,162.561004638672
,Run9,4708,29.7895737836295,162.612014770508
,Run9,4709,29.7895737836295,162.674011230469
,Run9,4710,29.7895737836295,162.569000244141
,Run9,4711,29.7895737836295,162.532012939453
,Run9,4712,29.7895737836295,162.551010131836
,Run9,4713,29.7895737836295,162.563003540039
,Run9,4714,29.7895737836295,162.563003540039
,Run9,4715,29.7895737836295,162.546005249023
,Run9,4716,29.7895737836295,162.547012329102
,Run9,4717,29.7895737836295,162.578002929688
,Run9,4718,29.7895737836295,162.650009155273
,Run9,4719,29.7895737836295,162.650009155273
,Run9,4720,29.7895737836295,162.529006958008
,Run9,4721,29.7895737836295,162.511001586914
,Run9,4722,29.7895737836295,162.533004760742
,Run9,4723,29.7895737836295,162.523010253906
,Run9,4724,29.7895737836295,162.615005493164
,Run9,4725,29.7895737836295,162.558013916016
,Run9,4726,29.7895737836295,162.651000976562
,Run9,4727,29.7895737836295,162.651000976562
,Run9,4728,29.7895737836295,162.56201171875
,Run9,4729,29.7895737836295,162.504013061523
,Run9,4730,29.7895737836295,162.454010009766
,Run9,4731,29.7895737836295,162.470001220703
,Run9,4732,29.7895737836295,162.319000244141
,Run9,4733,29.7895737836295,162.303009033203
,Run9,4734,29.7895737836295,162.348007202148
,Run9,4735,29.7895737836295,162.336013793945
,Run9,4736,29.7895737836295,162.344009399414
,Run9,4737,29.7895737836295,162.328002929688
,Run9,4738,29.7895737836295,162.355010986328
,Run9,4739,29.7895737836295,162.322006225586
,Run9,4740,29.7895737836295,162.337005615234
,Run9,4741,29.7895737836295,162.296005249023
,Run9,4742,29.7895737836295,162.32600402832
,Run9,4743,29.7895737836295,162.309005737305
,Run9,4744,29.7895737836295,162.313003540039
,Run9,4745,29.7895737836295,162.302001953125
,Run9,4746,29.7895737836295,162.303009033203
,Run9,4747,29.7895737836295,162.286010742188
,Run9,4748,29.7895737836295,162.313003540039
,Run9,4749,29.7895737836295,162.293014526367
,Run9,4750,29.7895737836295,162.321014404297
,Run9,4751,29.7895737836295,162.311004638672
,Run9,4752,29.7895737836295,162.298004150391
,Run9,4753,29.7895737836295,162.275009155273
,Run9,4754,29.7895737836295,162.291000366211
,Run9,4755,29.7895737836295,162.311004638672
,Run9,4756,29.7895737836295,162.277008056641
,Run9,4757,29.7895737836295,162.277008056641
,Run9,4758,29.7895737836295,162.283004760742
,Run9,4759,29.7895737836295,162.270004272461
,Run9,4760,29.7895737836295,162.275009155273
,Run9,4761,29.7895737836295,162.264007568359
,Run9,4762,29.7895737836295,162.25700378418
,Run9,4763,29.7895737836295,162.258010864258
,Run9,4764,29.7895737836295,162.271011352539
,Run9,4765,29.7895737836295,162.271011352539
,Run9,4766,29.7895737836295,162.252014160156
,Run9,4767,29.7895737836295,162.248001098633
,Run9,4768,29.7895737836295,162.275009155273
,Run9,4769,29.7895737836295,162.238006591797
,Run9,4770,29.7895737836295,162.228012084961
,Run9,4771,29.7895737836295,162.233001708984
,Run9,4772,29.7895737836295,162.233001708984
,Run9,4773,29.7895737836295,162.225006103516
,Run9,4774,29.7895737836295,162.22200012207
,Run9,4775,29.7895737836295,162.22200012207
,Run9,4776,29.7895737836295,162.203002929688
,Run9,4777,29.7895737836295,162.211013793945
,Run9,4778,29.7895737836295,162.218002319336
,Run9,4779,29.7895737836295,162.191009521484
,Run9,4780,29.7895737836295,162.191009521484
,Run9,4781,29.7895737836295,162.177001953125
,Run9,4782,29.7895737836295,162.174011230469
,Run9,4783,29.7895737836295,162.164001464844
,Run9,4784,29.7895737836295,162.175003051758
,Run9,4785,29.7895737836295,162.153015136719
,Run9,4786,29.7895737836295,162.160003662109
,Run9,4787,29.7895737836295,162.148010253906
,Run9,4788,29.7895737836295,162.142013549805
,Run9,4789,29.7895737836295,162.126007080078
,Run9,4790,29.7895737836295,162.13200378418
,Run9,4791,29.7895737836295,162.10400390625
,Run9,4792,29.7895737836295,162.106002807617
,Run9,4793,29.7895737836295,162.0830078125
,Run9,4794,29.7895737836295,162.089004516602
,Run9,4795,29.7895737836295,162.052001953125
,Run9,4796,29.7895737836295,162.060012817383
,Run9,4797,29.7895737836295,162.031005859375
,Run9,4798,29.7895737836295,162.042007446289
,Run9,4799,29.7895737836295,162.012008666992
,Run9,4800,29.7895737836295,162.014007568359
,Run9,4801,29.7895737836295,161.993011474609
,Run9,4802,29.7895737836295,162.000015258789
,Run9,4803,29.7895737836295,161.962005615234
,Run9,4804,29.7895737836295,161.960006713867
,Run9,4805,29.7895737836295,161.949005126953
,Run9,4806,29.7895737836295,161.948013305664
,Run9,4807,29.7895737836295,161.936004638672
,Run9,4808,29.7895737836295,161.943008422852
,Run9,4809,29.7895737836295,161.914001464844
,Run9,4810,29.7895737836295,161.914001464844
,Run9,4811,29.7895737836295,161.894012451172
,Run9,4812,29.7895737836295,161.903015136719
,Run9,4813,29.7895737836295,161.876007080078
,Run9,4814,29.7895737836295,161.868011474609
,Run9,4815,29.7895737836295,161.849014282227
,Run9,4816,29.7895737836295,161.864013671875
,Run9,4817,29.7895737836295,161.828002929688
,Run9,4818,29.7895737836295,161.828002929688
,Run9,4819,29.7895737836295,161.809005737305
,Run9,4820,29.7895737836295,161.794006347656
,Run9,4821,29.7895737836295,161.795013427734
,Run9,4822,29.7895737836295,161.780014038086
,Run9,4823,29.7895737836295,161.747009277344
,Run9,4824,29.7895737836295,161.761001586914
,Run9,4825,29.7895737836295,161.756011962891
,Run9,4826,29.7895737836295,161.733001708984
,Run9,4827,29.7895737836295,161.739013671875
,Run9,4828,29.7895737836295,161.738006591797
,Run9,4829,29.7895737836295,161.718002319336
,Run9,4830,29.7895737836295,161.737014770508
,Run9,4831,29.7895737836295,161.7080078125
,Run9,4832,29.7895737836295,161.709014892578
,Run9,4833,29.7895737836295,161.697006225586
,Run9,4834,29.7895737836295,161.702011108398
,Run9,4835,29.7895737836295,161.695007324219
,Run9,4836,29.7895737836295,161.697006225586
,Run9,4837,29.7895737836295,161.684005737305
,Run9,4838,29.7895737836295,161.693008422852
,Run9,4839,29.7895737836295,161.673004150391
,Run9,4840,29.7895737836295,161.673004150391
,Run9,4841,29.7895737836295,161.660003662109
,Run9,4842,30.6618848285648,161.668014526367
,Run9,4843,30.6618848285648,161.642013549805
,Run9,4844,30.6618848285648,161.623001098633
,Run9,4845,30.6618848285648,161.636001586914
,Run9,4846,30.6618848285648,161.628005981445
,Run9,4847,30.6618848285648,161.612014770508
,Run9,4848,30.6618848285648,161.612014770508
,Run9,4849,30.6618848285648,161.592010498047
,Run9,4850,30.6618848285648,161.603012084961
,Run9,4851,30.6618848285648,161.564010620117
,Run9,4852,30.6618848285648,161.605010986328
,Run9,4853,30.6618848285648,161.579010009766
,Run9,4854,30.6618848285648,161.582000732422
,Run9,4855,30.6618848285648,161.560012817383
,Run9,4856,30.6618848285648,161.577011108398
,Run9,4857,30.6618848285648,161.559005737305
,Run9,4858,30.6618848285648,161.582000732422
,Run9,4859,30.6618848285648,161.554000854492
,Run9,4860,30.6618848285648,161.564010620117
,Run9,4861,30.6618848285648,161.554000854492
,Run9,4862,30.6618848285648,161.554000854492
,Run9,4863,30.6618848285648,161.545013427734
,Run9,4864,30.6618848285648,161.560012817383
,Run9,4865,30.6618848285648,161.528015136719
,Run9,4866,30.6618848285648,161.528015136719
,Run9,4867,30.6618848285648,161.537002563477
,Run9,4868,30.6618848285648,161.542007446289
,Run9,4869,30.6618848285648,161.542007446289
,Run9,4870,30.6618848285648,161.527008056641
,Run9,4871,30.6618848285648,161.545013427734
,Run9,4872,30.6618848285648,161.530014038086
,Run9,4873,30.6618848285648,161.533004760742
,Run9,4874,30.6618848285648,161.492004394531
,Run9,4875,30.6618848285648,161.543014526367
,Run9,4876,30.6618848285648,161.531005859375
,Run9,4877,30.6618848285648,161.556015014648
,Run9,4878,30.6618848285648,161.554000854492
,Run9,4879,30.6618848285648,161.548004150391
,Run9,4880,30.6618848285648,161.549011230469
,Run9,4881,30.6618848285648,161.533004760742
,Run9,4882,30.6618848285648,161.525009155273
,Run9,4883,30.6618848285648,161.525009155273
,Run9,4884,30.6618848285648,161.516006469727
,Run9,4885,30.6618848285648,161.525009155273
,Run9,4886,30.6618848285648,161.503005981445
,Run9,4887,30.6618848285648,161.511001586914
,Run9,4888,30.6618848285648,161.490005493164
,Run9,4889,30.6618848285648,161.498001098633
,Run9,4890,30.6618848285648,161.482009887695
,Run9,4891,30.6618848285648,161.482009887695
,Run9,4892,30.6618848285648,161.481002807617
,Run9,4893,30.6618848285648,161.48600769043
,Run9,4894,30.6618848285648,161.476013183594
,Run9,4895,30.6618848285648,161.483001708984
,Run9,4896,30.6618848285648,161.483001708984
,Run9,4897,30.6618848285648,161.484008789062
,Run9,4898,30.6618848285648,161.489013671875
,Run9,4899,30.6618848285648,161.493011474609
,Run9,4900,30.6618848285648,161.491012573242
,Run9,4901,30.6618848285648,161.498001098633
,Run9,4902,30.6618848285648,161.495010375977
,Run9,4903,30.6618848285648,161.473007202148
,Run9,4904,30.6618848285648,161.477005004883
,Run9,4905,30.6618848285648,161.477005004883
,Run9,4906,30.6618848285648,161.487014770508
,Run9,4907,30.6618848285648,161.467010498047
,Run9,4908,30.6618848285648,161.47900390625
,Run9,4909,30.6618848285648,161.487014770508
,Run9,4910,30.6618848285648,161.489013671875
,Run9,4911,30.6618848285648,161.483001708984
,Run9,4912,30.6618848285648,161.494003295898
,Run9,4913,30.6618848285648,161.512008666992
,Run9,4914,30.6618848285648,161.519012451172
,Run9,4915,30.6618848285648,161.521011352539
,Run9,4916,30.6618848285648,161.503005981445
,Run9,4917,30.6618848285648,161.524002075195
,Run9,4918,30.6618848285648,161.522003173828
,Run9,4919,30.6618848285648,161.544006347656
,Run9,4920,30.6618848285648,161.533004760742
,Run9,4921,30.6618848285648,161.532012939453
,Run9,4922,30.6618848285648,161.535003662109
,Run9,4923,30.6618848285648,161.56201171875
,Run9,4924,30.6618848285648,161.540008544922
,Run9,4925,30.6618848285648,161.548004150391
,Run9,4926,30.6618848285648,161.548004150391
,Run9,4927,30.6618848285648,161.563003540039
,Run9,4928,30.6618848285648,161.557006835938
,Run9,4929,30.6618848285648,161.581008911133
,Run9,4930,30.6618848285648,161.59700012207
,Run9,4931,30.6618848285648,161.591003417969
,Run9,4932,30.6618848285648,161.589004516602
,Run9,4933,30.6618848285648,161.619003295898
,Run9,4934,30.6618848285648,161.603012084961
,Run9,4935,30.6618848285648,161.633010864258
,Run9,4936,30.6618848285648,161.633010864258
,Run9,4937,23.4985656759899,161.65901184082
,Run9,4938,23.4985656759899,161.650009155273
,Run9,4939,23.4985656759899,161.647003173828
,Run9,4940,23.4985656759899,161.636001586914
,Run9,4941,23.4985656759899,161.666000366211
,Run9,4942,23.4985656759899,161.685012817383
,Run9,4943,23.4985656759899,161.685012817383
,Run9,4944,23.4985656759899,161.693008422852
,Run9,4945,23.4985656759899,161.710006713867
,Run9,4946,23.4985656759899,161.68701171875
,Run9,4947,23.4985656759899,161.717010498047
,Run9,4948,23.4985656759899,161.735000610352
,Run9,4949,23.4985656759899,161.739013671875
,Run9,4950,23.4985656759899,161.760009765625
,Run9,4951,23.4985656759899,161.772003173828
,Run9,4952,23.4985656759899,161.774002075195
,Run9,4953,23.4985656759899,161.785003662109
,Run9,4954,23.4985656759899,161.778015136719
,Run9,4955,23.4985656759899,161.814010620117
,Run9,4956,23.4985656759899,161.804000854492
,Run9,4957,23.4985656759899,161.836013793945
,Run9,4958,23.4985656759899,161.831008911133
,Run9,4959,23.4985656759899,161.831008911133
,Run9,4960,23.4985656759899,161.872009277344
,Run9,4961,23.4985656759899,161.85400390625
,Run9,4962,23.4985656759899,161.886001586914
,Run9,4963,23.4985656759899,161.898010253906
,Run9,4964,23.4985656759899,161.868011474609
,Run9,4965,23.4985656759899,161.905014038086
,Run9,4966,23.4985656759899,161.902008056641
,Run9,4967,23.4985656759899,161.934005737305
,Run9,4968,23.4985656759899,161.93000793457
,Run9,4969,23.4985656759899,161.924011230469
,Run9,4970,23.4985656759899,161.964004516602
,Run9,4971,23.4985656759899,161.959014892578
,Run9,4972,23.4985656759899,162.041000366211
,Run9,4973,23.4985656759899,162.033004760742
,Run9,4974,23.4985656759899,161.998001098633
,Run9,4975,23.4985656759899,162.026000976562
,Run9,4976,23.4985656759899,162.011001586914
,Run9,4977,23.4985656759899,162.030014038086
,Run9,4978,23.4985656759899,162.043014526367
,Run9,4979,23.4985656759899,162.043014526367
,Run9,4980,23.4985656759899,162.081008911133
,Run9,4981,23.4985656759899,162.085006713867
,Run9,4982,23.4985656759899,162.112014770508
,Run9,4983,23.4985656759899,162.118011474609
,Run9,4984,23.4985656759899,162.134002685547
,Run9,4985,23.4985656759899,162.150009155273
,Run9,4986,23.4985656759899,162.147003173828
,Run9,4987,23.4985656759899,162.198013305664
,Run9,4988,23.4985656759899,162.169006347656
,Run9,4989,23.4985656759899,162.178009033203
,Run9,4990,23.4985656759899,162.259002685547
,Run9,4991,23.4985656759899,162.259002685547
,Run9,4992,23.4985656759899,162.254013061523
,Run9,4993,23.4985656759899,162.246002197266
,Run9,4994,23.4985656759899,162.250015258789
,Run9,4995,23.4985656759899,162.291000366211
,Run9,4996,23.4985656759899,162.310012817383
,Run9,4997,23.4985656759899,162.348007202148
,Run9,4998,23.4985656759899,162.335006713867
,Run9,4999,23.4985656759899,162.34001159668
,Run9,5000,23.4985656759899,162.383010864258
,Run9,5001,23.4985656759899,162.373001098633
,Run9,5002,23.4985656759899,162.413009643555
,Run9,5003,23.4985656759899,162.413009643555
,Run9,5004,23.4985656759899,162.438003540039
,Run9,5005,23.4985656759899,162.471008300781
,Run9,5006,23.4985656759899,162.457000732422
,Run9,5007,23.4985656759899,162.463012695312
,Run9,5008,23.4985656759899,162.489013671875
,Run9,5009,23.4985656759899,162.503005981445
,Run9,5010,23.4985656759899,162.536010742188
,Run9,5011,23.4985656759899,162.548004150391
,Run9,5012,23.4985656759899,162.553009033203
,Run9,5013,23.4985656759899,162.564010620117
,Run9,5014,23.4985656759899,162.598007202148
,Run9,5015,23.4985656759899,162.602005004883
,Run9,5016,23.4985656759899,162.619003295898
,Run9,5017,23.4985656759899,162.645004272461
,Run9,5018,23.4985656759899,162.647003173828
,Run9,5019,23.4985656759899,162.656005859375
,Run9,5020,23.4985656759899,162.667007446289
,Run9,5021,23.4985656759899,162.691009521484
,Run9,5022,23.4985656759899,162.685012817383
,Run9,5023,23.4985656759899,162.65901184082
,Run9,5024,23.4985656759899,162.709014892578
,Run9,5025,23.1208486623315,162.723007202148
,Run9,5026,23.1208486623315,162.746002197266
,Run9,5027,23.1208486623315,162.750015258789
,Run9,5028,23.1208486623315,162.761001586914
,Run9,5029,23.1208486623315,162.778015136719
,Run9,5030,23.1208486623315,162.78401184082
,Run9,5031,23.1208486623315,162.794006347656
,Run9,5032,23.1208486623315,162.817001342773
,Run9,5033,23.1208486623315,162.828002929688
,Run9,5034,23.1208486623315,162.855010986328
,Run9,5035,23.1208486623315,162.862014770508
,Run9,5036,23.1208486623315,162.874008178711
,Run9,5037,23.1208486623315,162.917007446289
,Run9,5038,23.1208486623315,162.920013427734
,Run9,5039,23.1208486623315,162.93701171875
,Run9,5040,23.1208486623315,162.931015014648
,Run9,5041,23.1208486623315,162.942001342773
,Run9,5042,23.1208486623315,162.964004516602
,Run9,5043,23.1208486623315,162.987014770508
,Run9,5044,23.1208486623315,162.993011474609
,Run9,5045,23.1208486623315,163.002014160156
,Run9,5046,23.1208486623315,163.020004272461
,Run9,5047,23.1208486623315,163.071014404297
,Run9,5048,23.1208486623315,163.052001953125
,Run9,5049,23.1208486623315,163.066009521484
,Run9,5050,23.1208486623315,163.093002319336
,Run9,5051,23.1208486623315,163.106002807617
,Run9,5052,23.1208486623315,163.106002807617
,Run9,5053,23.1208486623315,163.101013183594
,Run9,5054,23.1208486623315,163.124008178711
,Run9,5055,23.1208486623315,163.103012084961
,Run9,5056,23.1208486623315,163.146011352539
,Run9,5057,23.1208486623315,163.144012451172
,Run9,5058,23.1208486623315,163.160003662109
,Run9,5059,23.1208486623315,163.155014038086
,Run9,5060,23.1208486623315,163.139007568359
,Run9,5061,23.1208486623315,163.165008544922
,Run9,5062,23.1208486623315,163.148010253906
,Run9,5063,23.1208486623315,163.175003051758
,Run9,5064,23.1208486623315,163.183013916016
,Run9,5065,23.1208486623315,163.183013916016
,Run9,5066,23.1208486623315,163.183013916016
,Run9,5067,23.1208486623315,163.197006225586
,Run9,5068,23.1208486623315,163.227005004883
,Run9,5069,23.1208486623315,163.217010498047
,Run9,5070,23.1208486623315,163.219009399414
,Run9,5071,23.1208486623315,163.223007202148
,Run9,5072,23.1208486623315,163.242004394531
,Run9,5073,23.1208486623315,163.258010864258
,Run9,5074,23.1208486623315,163.267013549805
,Run9,5075,23.1208486623315,163.287002563477
,Run9,5076,23.1208486623315,163.299011230469
,Run9,5077,23.1208486623315,163.299011230469
,Run9,5078,23.1208486623315,163.285003662109
,Run9,5079,23.1208486623315,163.317001342773
,Run9,5080,23.1208486623315,163.360000610352
,Run9,5081,23.1208486623315,163.344009399414
,Run9,5082,23.1208486623315,163.36100769043
,Run9,5083,23.1208486623315,163.373001098633
,Run9,5084,23.1208486623315,163.396011352539
,Run9,5085,23.1208486623315,163.422012329102
,Run9,5086,23.1208486623315,163.404006958008
,Run9,5087,23.1208486623315,163.452011108398
,Run9,5088,23.1208486623315,163.456008911133
,Run9,5089,23.1208486623315,163.485000610352
,Run9,5090,23.1208486623315,163.485000610352
,Run9,5091,23.1208486623315,163.488006591797
,Run9,5092,23.1208486623315,163.499008178711
,Run9,5093,23.1208486623315,163.517013549805
,Run9,5094,23.1208486623315,163.543014526367
,Run9,5095,23.1208486623315,163.549011230469
,Run9,5096,23.1208486623315,163.553009033203
,Run9,5097,23.1208486623315,163.566009521484
,Run9,5098,23.1208486623315,163.5830078125
,Run9,5099,23.1208486623315,163.588012695312
,Run9,5100,23.1208486623315,163.608001708984
,Run9,5101,23.1208486623315,163.619003295898
,Run9,5102,23.1208486623315,163.619003295898
,Run9,5103,23.1208486623315,163.640014648438
,Run9,5104,23.1208486623315,163.636001586914
,Run9,5105,23.1208486623315,163.645004272461
,Run9,5106,23.1208486623315,163.645004272461
,Run9,5107,23.1208486623315,163.681015014648
,Run9,5108,23.1208486623315,163.703002929688
,Run9,5109,23.1208486623315,163.702011108398
,Run9,5110,23.1208486623315,163.731002807617
,Run9,5111,23.1208486623315,163.741012573242
,Run9,5112,23.1208486623315,163.756011962891
,Run9,5113,23.1208486623315,163.765014648438
,Run9,5114,23.1208486623315,163.768005371094
,Run9,5115,23.1208486623315,163.768005371094
,Run9,5116,23.1208486623315,163.811004638672
,Run9,5117,23.1208486623315,163.817001342773
,Run9,5118,23.1208486623315,163.824005126953
,Run9,5119,23.1208486623315,163.8330078125
,Run9,5120,23.1208486623315,163.851013183594
,Run9,5121,23.1208486623315,163.862014770508
,Run9,5122,23.1208486623315,163.869003295898
,Run9,5123,23.1208486623315,163.893005371094
,Run9,5124,23.1208486623315,163.899002075195
,Run9,5125,23.1208486623315,163.942001342773
,Run9,5126,23.1208486623315,163.946014404297
,Run9,5127,23.1208486623315,163.907012939453
,Run9,5128,23.1208486623315,163.943008422852
,Run9,5129,23.1208486623315,163.935012817383
,Run9,5130,23.1208486623315,163.959014892578
,Run9,5131,23.1208486623315,163.98600769043
,Run9,5132,23.1208486623315,163.991012573242
,Run9,5133,23.1208486623315,164.020004272461
,Run9,5134,23.1208486623315,164.041000366211
,Run9,5135,23.1208486623315,164.042007446289
,Run9,5136,23.1208486623315,164.078002929688
,Run9,5137,23.1208486623315,164.074005126953
,Run9,5138,33.4533094541993,164.066009521484
,Run9,5139,33.4533094541993,164.087005615234
,Run9,5140,33.4533094541993,164.102005004883
,Run9,5141,33.4533094541993,164.089004516602
,Run9,5142,33.4533094541993,164.131011962891
,Run9,5143,33.4533094541993,164.138000488281
,Run9,5144,33.4533094541993,164.121002197266
,Run9,5145,33.4533094541993,164.127014160156
,Run9,5146,33.4533094541993,164.145004272461
,Run9,5147,33.4533094541993,164.156005859375
,Run9,5148,33.4533094541993,164.183013916016
,Run9,5149,33.4533094541993,164.20100402832
,Run9,5150,33.4533094541993,164.222015380859
,Run9,5151,33.4533094541993,164.222015380859
,Run9,5152,33.4533094541993,164.221008300781
,Run9,5153,33.4533094541993,164.258010864258
,Run9,5154,33.4533094541993,164.274002075195
,Run9,5155,33.4533094541993,164.247009277344
,Run9,5156,33.4533094541993,164.287002563477
,Run9,5157,33.4533094541993,164.275009155273
,Run9,5158,33.4533094541993,164.285003662109
,Run9,5159,33.4533094541993,164.302001953125
,Run9,5160,33.4533094541993,164.320007324219
,Run9,5161,33.4533094541993,164.315002441406
,Run9,5162,33.4533094541993,164.348007202148
,Run9,5163,33.4533094541993,164.313003540039
,Run9,5164,33.4533094541993,164.353012084961
,Run9,5165,33.4533094541993,164.370010375977
,Run9,5166,33.4533094541993,164.357009887695
,Run9,5167,33.4533094541993,164.380004882812
,Run9,5168,33.4533094541993,164.365005493164
,Run9,5169,33.4533094541993,164.365005493164
,Run9,5170,33.4533094541993,164.381011962891
,Run9,5171,33.4533094541993,164.418014526367
,Run9,5172,33.4533094541993,164.431015014648
,Run9,5173,33.4533094541993,164.436004638672
,Run9,5174,33.4533094541993,164.449005126953
,Run9,5175,33.4533094541993,164.411010742188
,Run9,5176,33.4533094541993,164.434005737305
,Run9,5177,33.4533094541993,164.455001831055
,Run9,5178,33.4533094541993,164.473007202148
,Run9,5179,33.4533094541993,164.4580078125
,Run9,5180,33.4533094541993,164.492004394531
,Run9,5181,33.4533094541993,164.460006713867
,Run9,5182,33.4533094541993,164.519012451172
,Run9,5183,33.4533094541993,164.523010253906
,Run9,5184,33.4533094541993,164.516006469727
,Run9,5185,33.4533094541993,164.543014526367
,Run9,5186,33.4533094541993,164.554000854492
,Run9,5187,33.4533094541993,164.554000854492
,Run9,5188,33.4533094541993,164.549011230469
,Run9,5189,33.4533094541993,164.591003417969
,Run9,5190,33.4533094541993,164.57600402832
,Run9,5191,33.4533094541993,164.623001098633
,Run9,5192,33.4533094541993,164.603012084961
,Run9,5193,33.4533094541993,164.603012084961
,Run9,5194,33.4533094541993,164.625015258789
,Run9,5195,33.4533094541993,164.609008789062
,Run9,5196,33.4533094541993,164.665008544922
,Run9,5197,33.4533094541993,164.63200378418
,Run9,5198,33.4533094541993,164.673004150391
,Run9,5199,33.4533094541993,164.655014038086
,Run9,5200,33.4533094541993,164.669006347656
,Run9,5201,33.4533094541993,164.681015014648
,Run9,5202,33.4533094541993,164.712005615234
,Run9,5203,33.4533094541993,164.707000732422
,Run9,5204,33.4533094541993,164.750015258789
,Run9,5205,33.4533094541993,164.750015258789
,Run9,5206,33.4533094541993,164.739013671875
,Run9,5207,33.4533094541993,164.711013793945
,Run9,5208,33.4533094541993,164.751007080078
,Run9,5209,33.4533094541993,164.772003173828
,Run9,5210,33.4533094541993,164.761001586914
,Run9,5211,33.4533094541993,164.761001586914
,Run9,5212,33.4533094541993,164.752014160156
,Run9,5213,33.4533094541993,164.769012451172
,Run9,5214,33.4533094541993,164.770004272461
,Run9,5215,33.4533094541993,164.770004272461
,Run9,5216,33.4533094541993,164.810012817383
,Run9,5217,47.0454084887474,164.782012939453
,Run9,5218,47.0454084887474,164.766006469727
,Run9,5219,47.0454084887474,164.817001342773
,Run9,5220,47.0454084887474,164.801010131836
,Run9,5221,47.0454084887474,164.809005737305
,Run9,5222,47.0454084887474,164.829010009766
,Run9,5223,47.0454084887474,164.835006713867
,Run9,5224,47.0454084887474,164.823013305664
,Run9,5225,47.0454084887474,164.81201171875
,Run9,5226,47.0454084887474,164.863006591797
,Run9,5227,47.0454084887474,164.849014282227
,Run9,5228,47.0454084887474,164.841003417969
,Run9,5229,47.0454084887474,164.834014892578
,Run9,5230,47.0454084887474,164.834014892578
,Run9,5231,47.0454084887474,164.848007202148
,Run9,5232,47.0454084887474,164.86100769043
,Run9,5233,47.0454084887474,164.850006103516
,Run9,5234,47.0454084887474,164.875015258789
,Run9,5235,47.0454084887474,164.871002197266
,Run9,5236,47.0454084887474,164.848007202148
,Run9,5237,47.0454084887474,164.875015258789
,Run9,5238,47.0454084887474,164.881011962891
,Run9,5239,47.0454084887474,164.863006591797
,Run9,5240,47.0454084887474,164.878005981445
,Run9,5241,47.0454084887474,164.900009155273
,Run9,5242,47.0454084887474,164.883010864258
,Run9,5243,47.0454084887474,164.903015136719
,Run9,5244,47.0454084887474,164.900009155273
,Run9,5245,47.0454084887474,164.900009155273
,Run9,5246,47.0454084887474,164.908004760742
,Run9,5247,47.0454084887474,164.911010742188
,Run9,5248,47.0454084887474,164.907012939453
,Run9,5249,47.0454084887474,164.907012939453
,Run9,5250,47.0454084887474,164.919006347656
,Run9,5251,47.0454084887474,164.927001953125
,Run9,5252,47.0454084887474,164.927001953125
,Run9,5253,47.0454084887474,164.934005737305
,Run9,5254,47.0454084887474,164.942001342773
,Run9,5255,47.0454084887474,164.925003051758
,Run9,5256,47.0454084887474,165.082000732422
,Run9,5257,47.0454084887474,165.008010864258
,Run9,5258,47.0454084887474,164.963012695312
,Run9,5259,47.0454084887474,164.935012817383
,Run9,5260,47.0454084887474,164.967010498047
,Run9,5261,47.0454084887474,164.941009521484
,Run9,5262,47.0454084887474,165.005004882812
,Run9,5263,47.0454084887474,165.091003417969
,Run9,5264,47.0454084887474,164.93701171875
,Run9,5265,47.0454084887474,164.938003540039
,Run9,5266,47.0454084887474,164.946014404297
,Run9,5267,47.0454084887474,164.946014404297
,Run9,5268,47.0454084887474,164.946014404297
,Run9,5269,47.0454084887474,164.946014404297
,Run9,5270,47.0454084887474,164.944000244141
,Run9,5271,47.0454084887474,164.956008911133
,Run9,5272,47.0454084887474,164.95100402832
,Run9,5273,47.0454084887474,164.969009399414
,Run9,5274,47.0454084887474,164.954010009766
,Run9,5275,47.0454084887474,164.974014282227
,Run9,5276,47.0454084887474,164.98600769043
,Run9,5277,47.0454084887474,164.973007202148
,Run9,5278,47.0454084887474,164.995010375977
,Run9,5279,47.0454084887474,164.995010375977
,Run9,5280,47.0454084887474,164.978012084961
,Run9,5281,47.0454084887474,164.972015380859
,Run9,5282,47.0454084887474,164.994003295898
,Run9,5283,47.0454084887474,164.981002807617
,Run9,5284,47.0454084887474,164.981002807617
,Run9,5285,47.0454084887474,164.971008300781
,Run9,5286,47.0454084887474,164.971008300781
,Run9,5287,47.0454084887474,164.981002807617
,Run9,5288,47.0454084887474,164.982009887695
,Run9,5289,47.0454084887474,164.970001220703
,Run9,5290,47.0454084887474,164.970001220703
,Run9,5291,47.0454084887474,164.976013183594
,Run9,5292,47.0454084887474,164.974014282227
,Run9,5293,47.0454084887474,164.978012084961
,Run9,5294,47.0454084887474,164.968002319336
,Run9,5295,47.0454084887474,164.98600769043
,Run9,5296,47.0454084887474,164.943008422852
,Run9,5297,47.0454084887474,164.978012084961
,Run9,5298,47.0454084887474,164.983001708984
,Run9,5299,47.0454084887474,164.933013916016
,Run9,5300,47.0454084887474,164.970001220703
,Run9,5301,47.0454084887474,164.999008178711
,Run9,5302,47.0454084887474,165.001007080078
,Run9,5303,47.0454084887474,165.002014160156
,Run9,5304,47.0454084887474,165.032012939453
,Run9,5305,47.0454084887474,165.013000488281
,Run9,5306,47.0454084887474,165.015014648438
,Run9,5307,47.0454084887474,165.006011962891
,Run9,5308,47.0454084887474,165.006011962891
,Run9,5309,47.0454084887474,164.993011474609
,Run9,5310,46.6664894060303,165.032012939453
,Run9,5311,46.6664894060303,164.997009277344
,Run9,5312,46.6664894060303,165.014007568359
,Run9,5313,46.6664894060303,165.040008544922
,Run9,5314,46.6664894060303,165.025009155273
,Run9,5315,46.6664894060303,165.022003173828
,Run9,5316,46.6664894060303,165.052001953125
,Run9,5317,46.6664894060303,165.063003540039
,Run9,5318,46.6664894060303,165.036010742188
,Run9,5319,46.6664894060303,165.068008422852
,Run9,5320,46.6664894060303,165.059005737305
,Run9,5321,46.6664894060303,165.050003051758
,Run9,5322,46.6664894060303,165.045013427734
,Run9,5323,46.6664894060303,165.069000244141
,Run9,5324,46.6664894060303,165.042007446289
,Run9,5325,46.6664894060303,165.059005737305
,Run9,5326,46.6664894060303,165.060012817383
,Run9,5327,46.6664894060303,165.060012817383
,Run9,5328,46.6664894060303,165.070007324219
,Run9,5329,46.6664894060303,165.046005249023
,Run9,5330,46.6664894060303,165.046005249023
,Run9,5331,46.6664894060303,165.057006835938
,Run9,5332,46.6664894060303,165.063003540039
,Run9,5333,46.6664894060303,165.070007324219
,Run9,5334,46.6664894060303,165.070007324219
,Run9,5335,46.6664894060303,165.079010009766
,Run9,5336,46.6664894060303,165.078002929688
,Run9,5337,46.6664894060303,165.057006835938
,Run9,5338,46.6664894060303,165.097015380859
,Run9,5339,46.6664894060303,165.100006103516
,Run9,5340,46.6664894060303,165.068008422852
,Run9,5341,46.6664894060303,165.09001159668
,Run9,5342,46.6664894060303,165.094009399414
,Run9,5343,46.6664894060303,165.082000732422
,Run9,5344,46.6664894060303,165.098007202148
,Run9,5345,46.6664894060303,165.11100769043
,Run9,5346,46.6664894060303,165.095001220703
,Run9,5347,46.6664894060303,165.102005004883
,Run9,5348,46.6664894060303,165.106002807617
,Run9,5349,46.6664894060303,165.121002197266
,Run9,5350,46.6664894060303,165.113006591797
,Run9,5351,46.6664894060303,165.119003295898
,Run9,5352,46.6664894060303,165.126007080078
,Run9,5353,46.6664894060303,165.126007080078
,Run9,5354,46.6664894060303,165.128005981445
,Run9,5355,46.6664894060303,165.137008666992
,Run9,5356,46.6664894060303,165.137008666992
,Run9,5357,46.6664894060303,165.130004882812
,Run9,5358,46.6664894060303,165.124008178711
,Run9,5359,46.6664894060303,165.089004516602
,Run9,5360,46.6664894060303,165.123001098633
,Run9,5361,46.6664894060303,165.146011352539
,Run9,5362,46.6664894060303,165.13200378418
,Run9,5363,46.6664894060303,165.137008666992
,Run9,5364,46.6664894060303,165.136001586914
,Run9,5365,46.6664894060303,165.147003173828
,Run9,5366,46.6664894060303,165.152008056641
,Run9,5367,46.6664894060303,165.164001464844
,Run9,5368,46.6664894060303,165.152008056641
,Run9,5369,46.6664894060303,165.152008056641
,Run9,5370,46.6664894060303,165.172012329102
,Run9,5371,46.6664894060303,165.177001953125
,Run9,5372,46.6664894060303,165.169006347656
,Run9,5373,46.6664894060303,165.175003051758
,Run9,5374,46.6664894060303,165.168014526367
,Run9,5375,46.6664894060303,165.171005249023
,Run9,5376,46.6664894060303,165.170013427734
,Run9,5377,46.6664894060303,165.173004150391
,Run9,5378,46.6664894060303,165.173004150391
,Run9,5379,46.6664894060303,165.162002563477
,Run9,5380,46.6664894060303,165.178009033203
,Run9,5381,46.6664894060303,165.175003051758
,Run9,5382,46.6664894060303,165.168014526367
,Run9,5383,46.6664894060303,165.182006835938
,Run9,5384,46.6664894060303,165.189010620117
,Run9,5385,46.6664894060303,165.189010620117
,Run9,5386,46.6664894060303,165.182006835938
,Run9,5387,46.6664894060303,165.175003051758
,Run9,5388,46.6664894060303,165.178009033203
,Run9,5389,46.6664894060303,165.194000244141
,Run9,5390,46.6664894060303,165.183013916016
,Run9,5391,46.6664894060303,165.191009521484
,Run9,5392,46.6664894060303,165.183013916016
,Run9,5393,46.6664894060303,165.150009155273
,Run9,5394,46.6664894060303,165.198013305664
,Run9,5395,46.6664894060303,165.2080078125
,Run9,5396,46.6664894060303,165.170013427734
,Run9,5397,46.6664894060303,165.203002929688
,Run9,5398,46.6664894060303,165.209014892578
,Run9,5399,46.6664894060303,165.214004516602
,Run9,5400,46.6664894060303,165.192001342773
,Run9,5401,46.6664894060303,165.218002319336
,Run9,5402,46.6664894060303,165.21501159668
,Run9,5403,46.6664894060303,165.212005615234
,Run9,5404,46.6664894060303,165.212005615234
,Run9,5405,46.6664894060303,165.231002807617
,Run9,5406,46.6664894060303,165.227005004883
,Run9,5407,46.6664894060303,165.227005004883
,Run9,5408,46.6664894060303,165.212005615234
,Run9,5409,46.6664894060303,165.220001220703
,Run9,5410,46.6664894060303,165.23600769043
,Run9,5411,46.6664894060303,165.194000244141
,Run9,5412,46.6664894060303,165.249008178711
,Run9,5413,46.6664894060303,165.211013793945
,Run9,5414,46.6664894060303,165.191009521484
,Run9,5415,46.6664894060303,165.211013793945
,Run9,5416,46.6664894060303,165.222015380859
,Run9,5417,46.6664894060303,165.2080078125
,Run9,5418,46.6664894060303,165.211013793945
,Run9,5419,46.6664894060303,165.21501159668
,Run9,5420,46.6664894060303,165.249008178711
,Run9,5421,46.6664894060303,165.225006103516
,Run9,5422,46.6664894060303,165.241012573242
,Run9,5423,46.6664894060303,165.253005981445
,Run9,5424,46.6664894060303,165.244003295898
,Run9,5425,46.6664894060303,165.219009399414
,Run9,5426,46.6664894060303,165.219009399414
,Run9,5427,46.6664894060303,165.234008789062
,Run9,5428,46.6664894060303,165.211013793945
,Run9,5429,46.6664894060303,165.211013793945
,Run9,5430,46.6664894060303,165.224014282227
,Run9,5431,46.6664894060303,165.202011108398
,Run9,5432,46.6664894060303,165.230010986328
,Run9,5433,46.6664894060303,165.197006225586
,Run9,5434,46.6664894060303,165.213012695312
,Run9,5435,46.6664894060303,165.230010986328
,Run9,5436,46.6664894060303,165.22900390625
,Run9,5437,46.6664894060303,165.220001220703
,Run9,5438,46.6664894060303,165.20100402832
,Run9,5439,46.6664894060303,165.232009887695
,Run9,5440,46.6664894060303,165.23600769043
,Run9,5441,46.6664894060303,165.221008300781
,Run9,5442,46.6664894060303,165.22900390625
,Run9,5443,46.6664894060303,165.212005615234
,Run9,5444,46.6664894060303,165.206008911133
,Run9,5445,46.6664894060303,165.226013183594
,Run9,5446,46.6664894060303,165.228012084961
,Run9,5447,46.6664894060303,165.22900390625
,Run9,5448,46.6664894060303,165.22900390625
,Run9,5449,46.6664894060303,165.228012084961
,Run9,5450,46.6664894060303,165.203002929688
,Run9,5451,46.6664894060303,165.223007202148
,Run9,5452,46.6664894060303,165.198013305664
,Run9,5453,46.6664894060303,165.228012084961
,Run9,5454,46.6664894060303,165.221008300781
,Run9,5455,46.6664894060303,165.221008300781
,Run9,5456,46.6664894060303,165.218002319336
,Run9,5457,46.6664894060303,165.203002929688
,Run9,5458,46.6664894060303,165.235000610352
,Run9,5459,46.6664894060303,165.199005126953
,Run9,5460,46.6664894060303,165.196014404297
,Run9,5461,46.6664894060303,165.251007080078
,Run9,5462,46.6664894060303,165.2080078125
,Run9,5463,46.6664894060303,165.205001831055
,Run9,5464,46.6664894060303,165.250015258789
,Run9,5465,46.6664894060303,165.232009887695
,Run9,5466,46.6664894060303,165.223007202148
,Run9,5467,46.6664894060303,165.233001708984
,Run9,5468,46.6664894060303,165.227005004883
,Run9,5469,46.6664894060303,165.212005615234
,Run9,5470,46.6664894060303,165.213012695312
,Run9,5471,46.6664894060303,165.230010986328
,Run9,5472,46.6664894060303,165.233001708984
,Run9,5473,46.6664894060303,165.217010498047
,Run9,5474,46.6664894060303,165.253005981445
,Run9,5475,46.6664894060303,165.246002197266
,Run9,5476,46.6664894060303,165.243011474609
,Run9,5477,46.6664894060303,165.243011474609
,Run9,5478,46.6664894060303,165.241012573242
,Run9,5479,46.6664894060303,165.251007080078
,Run9,5480,46.6664894060303,165.266006469727
,Run9,5481,46.6664894060303,165.239013671875
,Run9,5482,46.6664894060303,165.234008789062
,Run9,5483,46.6664894060303,165.265014648438
,Run9,5484,46.6664894060303,165.239013671875
,Run9,5485,46.6664894060303,165.237014770508
,Run9,5486,46.6664894060303,165.234008789062
,Run9,5487,46.6664894060303,165.254013061523
,Run9,5488,46.6664894060303,165.230010986328
,Run9,5489,46.6664894060303,165.224014282227
,Run9,5490,46.6664894060303,165.246002197266
,Run9,5491,46.6664894060303,165.25700378418
,Run9,5492,46.6664894060303,165.230010986328
,Run9,5493,46.6664894060303,165.234008789062
,Run9,5494,46.6664894060303,165.251007080078
,Run9,5495,46.6664894060303,165.243011474609
,Run9,5496,46.6664894060303,165.256011962891
,Run9,5497,46.6664894060303,165.265014648438
,Run9,5498,46.6664894060303,165.256011962891
,Run9,5499,46.6664894060303,165.256011962891
,Run9,5500,46.6664894060303,165.267013549805
,Run9,5501,46.6664894060303,165.252014160156
,Run9,5502,46.6664894060303,165.263000488281
,Run9,5503,46.6664894060303,165.263000488281
,Run9,5504,46.6664894060303,165.252014160156
,Run9,5505,46.6664894060303,165.263000488281
,Run9,5506,46.6664894060303,165.263000488281
,Run9,5507,46.6664894060303,165.331008911133
,Run9,5508,46.6664894060303,165.300003051758
,Run9,5509,46.6664894060303,165.262008666992
,Run9,5510,46.6664894060303,165.234008789062
,Run9,5511,46.6664894060303,165.245010375977
,Run9,5512,46.6664894060303,165.259002685547
,Run9,5513,46.6664894060303,165.247009277344
,Run9,5514,46.6664894060303,165.265014648438
,Run9,5515,46.6664894060303,165.261001586914
,Run9,5516,46.6664894060303,165.262008666992
,Run9,5517,46.6664894060303,165.318008422852
,Run9,5518,46.6664894060303,165.277008056641
,Run9,5519,46.6664894060303,165.344009399414
,Run9,5520,46.6664894060303,165.330001831055
,Run9,5521,46.6664894060303,165.355010986328
,Run9,5522,46.6664894060303,165.310012817383
,Run9,5523,46.6664894060303,165.36100769043
,Run9,5524,46.6664894060303,165.366012573242
,Run9,5525,46.6664894060303,165.366012573242
,Run9,5526,46.6664894060303,165.390014648438
,Run9,5527,46.6664894060303,165.401000976562
,Run9,5528,46.6664894060303,165.401000976562
,Run9,5529,46.6664894060303,165.395004272461
,Run9,5530,46.6664894060303,165.390014648438
,Run9,5531,46.6664894060303,165.394012451172
,Run9,5532,46.6664894060303,165.419006347656
,Run9,5533,46.6664894060303,165.445007324219
,Run9,5534,46.6664894060303,165.420013427734
,Run9,5535,46.6664894060303,165.431015014648
,Run9,5536,46.6664894060303,165.45100402832
,Run9,5537,46.6664894060303,165.360000610352
,Run9,5538,46.6664894060303,165.299011230469
,Run9,5539,46.6664894060303,165.221008300781
,Run9,5540,46.6664894060303,165.100006103516
,Run9,5541,46.6664894060303,165.008010864258
,Run9,5542,46.6664894060303,164.906005859375
,Run9,5543,46.6664894060303,164.825012207031
,Run9,5544,46.6664894060303,164.722015380859
,Run9,5545,46.6664894060303,164.607009887695
,Run9,5546,46.6664894060303,164.463012695312
,Run9,5547,46.6664894060303,164.463012695312
,Run9,5548,46.6664894060303,164.352005004883
,Run9,5549,46.6664894060303,164.195007324219
,Run9,5550,46.6664894060303,164.195007324219
,Run9,5551,46.6664894060303,164.038009643555
,Run9,5552,46.6664894060303,163.945007324219
,Run9,5553,46.6664894060303,163.876007080078
,Run9,5554,46.6664894060303,163.876007080078
,Run9,5555,46.6664894060303,163.883010864258
,Run9,5556,46.6664894060303,163.914001464844
,Run9,5557,46.6664894060303,164.375015258789
,Run9,5558,46.8717449652853,163.955001831055
,Run9,5559,46.8717449652853,163.96501159668
,Run9,5560,46.8717449652853,164.024002075195
,Run9,5561,46.8717449652853,163.984008789062
,Run9,5562,46.8717449652853,163.960006713867
,Run9,5563,46.8717449652853,163.999008178711
,Run9,5564,46.8717449652853,163.940002441406
,Run9,5565,46.8717449652853,163.935012817383
,Run9,5566,46.8717449652853,163.908004760742
,Run9,5567,46.8717449652853,163.915008544922
,Run9,5568,46.8717449652853,164.047012329102
,Run9,5569,46.8717449652853,164.047012329102
,Run9,5570,46.8717449652853,164.156005859375
,Run9,5571,46.8717449652853,164.258010864258
,Run9,5572,46.8717449652853,164.346008300781
,Run9,5573,46.8717449652853,164.385009765625
,Run9,5574,46.8717449652853,164.483001708984
,Run9,5575,46.8717449652853,164.608001708984
,Run9,5576,46.8717449652853,164.608001708984
,Run9,5577,46.8717449652853,164.721008300781
,Run9,5578,46.8717449652853,164.884002685547
,Run9,5579,46.8717449652853,165.256011962891
,Run9,5580,46.8717449652853,165.033004760742
,Run9,5581,46.8717449652853,165.177001953125
,Run9,5582,46.8717449652853,165.389007568359
,Run9,5583,46.8717449652853,165.478012084961
,Run9,5584,46.8717449652853,165.444000244141
,Run9,5585,46.8717449652853,165.495010375977
,Run9,5586,46.8717449652853,165.450012207031
,Run9,5587,46.8717449652853,165.428009033203
,Run9,5588,46.8717449652853,165.45100402832
,Run9,5589,46.8717449652853,165.448013305664
,Run9,5590,46.8717449652853,165.473007202148
,Run9,5591,46.8717449652853,165.500015258789
,Run9,5592,46.8717449652853,165.466003417969
,Run9,5593,46.8717449652853,165.476013183594
,Run9,5594,46.8717449652853,165.503005981445
,Run9,5595,46.8717449652853,165.503005981445
,Run9,5596,46.8717449652853,165.497009277344
,Run9,5597,46.8717449652853,165.510009765625
,Run9,5598,46.8717449652853,165.510009765625
,Run9,5599,46.8717449652853,165.478012084961
,Run9,5600,46.8717449652853,165.481002807617
,Run9,5601,46.8717449652853,165.459014892578
,Run9,5602,46.8717449652853,165.478012084961
,Run9,5603,46.8717449652853,165.447006225586
,Run9,5604,46.8717449652853,165.412002563477
,Run9,5605,46.8717449652853,165.428009033203
,Run9,5606,46.8717449652853,165.428009033203
,Run9,5607,46.8717449652853,165.416000366211
,Run9,5608,46.8717449652853,165.420013427734
,Run9,5609,46.8717449652853,165.475006103516
,Run9,5610,46.8717449652853,165.43701171875
,Run9,5611,46.8717449652853,165.429000854492
,Run9,5612,46.8717449652853,165.401000976562
,Run9,5613,46.8717449652853,165.462005615234
,Run9,5614,46.8717449652853,165.413009643555
,Run9,5615,46.8717449652853,165.420013427734
,Run9,5616,46.8717449652853,165.397003173828
,Run9,5617,46.8717449652853,165.397003173828
,Run9,5618,46.8717449652853,165.391006469727
,Run9,5619,46.8717449652853,165.386001586914
,Run9,5620,46.8717449652853,165.320007324219
,Run9,5621,46.8717449652853,165.389007568359
,Run9,5622,46.8717449652853,165.379013061523
,Run9,5623,46.8717449652853,165.304000854492
,Run9,5624,46.8717449652853,165.35400390625
,Run9,5625,46.8717449652853,165.349014282227
,Run9,5626,46.8717449652853,165.285003662109
,Run9,5627,46.8717449652853,165.293014526367
,Run9,5628,46.8717449652853,165.337005615234
,Run9,5629,46.8717449652853,165.270004272461
,Run9,5630,46.8717449652853,165.268005371094
,Run9,5631,46.8717449652853,165.249008178711
,Run9,5632,46.8717449652853,165.319000244141
,Run9,5633,46.8717449652853,165.227005004883
,Run9,5634,46.8717449652853,165.223007202148
,Run9,5635,46.8717449652853,165.298004150391
,Run9,5636,46.8717449652853,165.225006103516
,Run9,5637,46.8717449652853,165.183013916016
,Run9,5638,46.8717449652853,165.188003540039
,Run9,5639,46.8717449652853,165.188003540039
,Run9,5640,46.8717449652853,165.190002441406
,Run9,5641,46.8717449652853,165.176010131836
,Run9,5642,46.8717449652853,165.160003662109
,Run9,5643,46.8717449652853,165.15901184082
,Run9,5644,46.8717449652853,165.141006469727
,Run9,5645,46.8717449652853,165.145004272461
,Run9,5646,46.8717449652853,165.134002685547
,Run9,5647,46.8717449652853,165.119003295898
,Run9,5648,46.8717449652853,165.140014648438
,Run9,5649,46.8717449652853,165.09001159668
,Run9,5650,46.8717449652853,165.096008300781
,Run9,5651,46.8717449652853,165.056015014648
,Run9,5652,46.8717449652853,165.075012207031
,Run9,5653,46.8717449652853,165.043014526367
,Run9,5654,46.8717449652853,165.029006958008
,Run9,5655,46.8717449652853,165.050003051758
,Run9,5656,46.8717449652853,165.016006469727
,Run9,5657,46.8717449652853,165.016006469727
,Run9,5658,46.8717449652853,165.016006469727
,Run9,5659,46.8717449652853,164.985000610352
,Run9,5660,46.8717449652853,164.967010498047
,Run9,5661,46.8717449652853,164.967010498047
,Run9,5662,46.8717449652853,164.954010009766
,Run9,5663,46.8717449652853,164.93000793457
,Run9,5664,46.8717449652853,164.939010620117
,Run9,5665,46.8717449652853,164.908004760742
,Run9,5666,46.8717449652853,164.891006469727
,Run9,5667,46.8717449652853,164.903015136719
,Run9,5668,46.8717449652853,164.886001586914
,Run9,5669,46.8717449652853,164.893005371094
,Run9,5670,46.8717449652853,164.855010986328
,Run9,5671,46.8717449652853,164.8330078125
,Run9,5672,46.8717449652853,164.846008300781
,Run9,5673,46.8717449652853,164.807006835938
,Run9,5674,46.8717449652853,164.81201171875
,Run9,5675,46.8717449652853,164.776000976562
,Run9,5676,46.8717449652853,164.766006469727
,Run9,5677,46.8717449652853,164.768005371094
,Run9,5678,46.8717449652853,164.748001098633
,Run9,5679,46.8717449652853,164.719009399414
,Run9,5680,46.8717449652853,164.719009399414
,Run9,5681,46.8717449652853,164.688003540039
,Run9,5682,46.8717449652853,164.691009521484
,Run9,5683,46.8717449652853,164.691009521484
,Run9,5684,46.8717449652853,164.665008544922
,Run9,5685,37.4505782317619,164.645004272461
,Run9,5686,37.4505782317619,164.645004272461
,Run9,5687,37.4505782317619,164.645004272461
,Run9,5688,37.4505782317619,164.606002807617
,Run9,5689,37.4505782317619,164.559005737305
,Run9,5690,37.4505782317619,164.531005859375
,Run9,5691,37.4505782317619,164.537002563477
,Run9,5692,37.4505782317619,164.537002563477
,Run9,5693,37.4505782317619,164.509002685547
,Run9,5694,37.4505782317619,164.480010986328
,Run9,5695,37.4505782317619,164.461013793945
,Run9,5696,37.4505782317619,164.443008422852
,Run9,5697,37.4505782317619,164.443008422852
,Run9,5698,37.4505782317619,164.423004150391
,Run9,5699,37.4505782317619,164.394012451172
,Run9,5700,37.4505782317619,164.366012573242
,Run9,5701,37.4505782317619,164.34001159668
,Run9,5702,37.4505782317619,164.34001159668
,Run9,5703,37.4505782317619,164.289001464844
,Run9,5704,37.4505782317619,164.309005737305
,Run9,5705,37.4505782317619,164.240005493164
,Run9,5706,37.4505782317619,164.243011474609
,Run9,5707,37.4505782317619,164.226013183594
,Run9,5708,37.4505782317619,164.20100402832
,Run9,5709,37.4505782317619,164.171005249023
,Run9,5710,37.4505782317619,164.124008178711
,Run9,5711,37.4505782317619,164.136001586914
,Run9,5712,37.4505782317619,164.098007202148
,Run9,5713,37.4505782317619,164.115005493164
,Run9,5714,37.4505782317619,164.099014282227
,Run9,5715,37.4505782317619,164.112014770508
,Run9,5716,37.4505782317619,164.070007324219
,Run9,5717,37.4505782317619,164.050003051758
,Run9,5718,37.4505782317619,164.029006958008
,Run9,5719,37.4505782317619,163.999008178711
,Run9,5720,37.4505782317619,164.054000854492
,Run9,5721,37.4505782317619,163.968002319336
,Run9,5722,37.4505782317619,164.00700378418
,Run9,5723,37.4505782317619,163.967010498047
,Run9,5724,37.4505782317619,163.915008544922
,Run9,5725,37.4505782317619,163.962005615234
,Run9,5726,37.4505782317619,163.896011352539
,Run9,5727,37.4505782317619,163.929000854492
,Run9,5728,37.4505782317619,163.869003295898
,Run9,5729,37.4505782317619,163.831008911133
,Run9,5730,37.4505782317619,163.889007568359
,Run9,5731,37.4505782317619,163.800003051758
,Run9,5732,37.4505782317619,163.828002929688
,Run9,5733,37.4505782317619,163.756011962891
,Run9,5734,37.4505782317619,163.682006835938
,Run9,5735,37.4505782317619,163.791000366211
,Run9,5736,37.4505782317619,163.682006835938
,Run9,5737,37.4505782317619,163.673004150391
,Run9,5738,37.4505782317619,163.7080078125
,Run9,5739,37.4505782317619,163.620010375977
,Run9,5740,37.4505782317619,163.620010375977
,Run9,5741,37.4505782317619,163.60400390625
,Run9,5742,37.4505782317619,163.566009521484
,Run9,5743,37.4505782317619,163.606002807617
,Run9,5744,37.4505782317619,163.551010131836
,Run9,5745,37.4505782317619,163.551010131836
,Run9,5746,37.4505782317619,163.522003173828
,Run9,5747,37.4505782317619,163.456008911133
,Run9,5748,37.4505782317619,163.483001708984
,Run9,5749,37.4505782317619,163.434005737305
,Run9,5750,37.4505782317619,163.434005737305
,Run9,5751,37.4505782317619,163.421005249023
,Run9,5752,37.4505782317619,163.398010253906
,Run9,5753,37.4505782317619,163.388000488281
,Run9,5754,28.8556612196855,163.349014282227
,Run9,5755,28.8556612196855,163.349014282227
,Run9,5756,28.8556612196855,163.321014404297
,Run9,5757,28.8556612196855,163.309005737305
,Run9,5758,28.8556612196855,163.283004760742
,Run9,5759,28.8556612196855,163.254013061523
,Run9,5760,28.8556612196855,163.195007324219
,Run9,5761,28.8556612196855,163.244003295898
,Run9,5762,28.8556612196855,163.175003051758
,Run9,5763,28.8556612196855,163.237014770508
,Run9,5764,28.8556612196855,163.158004760742
,Run9,5765,28.8556612196855,163.213012695312
,Run9,5766,28.8556612196855,163.11100769043
,Run9,5767,28.8556612196855,163.178009033203
,Run9,5768,28.8556612196855,163.122009277344
,Run9,5769,28.8556612196855,163.124008178711
,Run9,5770,28.8556612196855,163.09700012207
,Run9,5771,28.8556612196855,163.116012573242
,Run9,5772,28.8556612196855,163.024002075195
,Run9,5773,28.8556612196855,163.079010009766
,Run9,5774,28.8556612196855,163.07600402832
,Run9,5775,28.8556612196855,163.047012329102
,Run9,5776,28.8556612196855,163.024002075195
,Run9,5777,28.8556612196855,162.997009277344
,Run9,5778,28.8556612196855,162.977005004883
,Run9,5779,28.8556612196855,162.947006225586
,Run9,5780,28.8556612196855,162.947006225586
,Run9,5781,28.8556612196855,162.881011962891
,Run9,5782,28.8556612196855,162.817001342773
,Run9,5783,28.8556612196855,162.785003662109
,Run9,5784,28.8556612196855,162.796005249023
,Run9,5785,28.8556612196855,162.75700378418
,Run9,5786,28.8556612196855,162.774002075195
,Run9,5787,28.8556612196855,162.772003173828
,Run9,5788,28.8556612196855,162.772003173828
,Run9,5789,28.8556612196855,162.750015258789
,Run9,5790,28.8556612196855,162.739013671875
,Run9,5791,28.8556612196855,162.723007202148
,Run9,5792,28.8556612196855,162.684005737305
,Run9,5793,28.8556612196855,162.683013916016
,Run9,5794,28.8556612196855,162.667007446289
,Run9,5795,28.8556612196855,162.629013061523
,Run9,5796,28.8556612196855,162.629013061523
,Run9,5797,28.8556612196855,162.595001220703
,Run9,5798,28.8556612196855,162.586013793945
,Run9,5799,28.8556612196855,162.548004150391
,Run9,5800,28.8556612196855,162.537002563477
,Run9,5801,28.8556612196855,162.522003173828
,Run9,5802,28.8556612196855,162.498001098633
,Run9,5803,28.8556612196855,162.481002807617
,Run9,5804,28.8556612196855,162.457000732422
,Run9,5805,28.8556612196855,162.460006713867
,Run9,5806,28.8556612196855,162.411010742188
,Run9,5807,28.8556612196855,162.413009643555
,Run9,5808,28.8556612196855,162.372009277344
,Run9,5809,28.8556612196855,162.362014770508
,Run9,5810,28.8556612196855,162.317001342773
,Run9,5811,28.8556612196855,162.306015014648
,Run9,5812,28.8556612196855,162.244003295898
,Run9,5813,28.8556612196855,162.302001953125
,Run9,5814,28.8556612196855,162.198013305664
,Run9,5815,28.8556612196855,162.242004394531
,Run9,5816,28.8556612196855,162.138000488281
,Run9,5817,28.8556612196855,162.183013916016
,Run9,5818,28.8556612196855,162.0830078125
,Run9,5819,28.8556612196855,162.145004272461
,Run9,5820,20.5560452193751,162.027008056641
,Run9,5821,20.5560452193751,162.039001464844
,Run9,5822,20.5560452193751,162.079010009766
,Run9,5823,20.5560452193751,161.98600769043
,Run9,5824,20.5560452193751,162.001007080078
,Run9,5825,20.5560452193751,162.011001586914
,Run9,5826,20.5560452193751,161.970001220703
,Run9,5827,20.5560452193751,161.985000610352
,Run9,5828,20.5560452193751,161.963012695312
,Run9,5829,20.5560452193751,161.926010131836
,Run9,5830,20.5560452193751,161.914001464844
,Run9,5831,20.5560452193751,161.898010253906
,Run9,5832,20.5560452193751,161.863006591797
,Run9,5833,20.5560452193751,161.865005493164
,Run9,5834,20.5560452193751,161.84001159668
,Run9,5835,20.5560452193751,161.810012817383
,Run9,5836,20.5560452193751,161.810012817383
,Run9,5837,20.5560452193751,161.762008666992
,Run9,5838,20.5560452193751,161.764007568359
,Run9,5839,20.5560452193751,161.754013061523
,Run9,5840,20.5560452193751,161.727005004883
,Run9,5841,20.5560452193751,161.720001220703
,Run9,5842,20.5560452193751,161.717010498047
,Run9,5843,20.5560452193751,161.651000976562
,Run9,5844,20.5560452193751,161.640014648438
,Run9,5845,20.5560452193751,161.642013549805
,Run9,5846,20.5560452193751,161.615005493164
,Run9,5847,20.5560452193751,161.59700012207
,Run9,5848,20.5560452193751,161.563003540039
,Run9,5849,20.5560452193751,161.543014526367
,Run9,5850,142.125016348178,161.564010620117
,Run9,5851,142.125016348178,161.463012695312
,Run9,5852,142.125016348178,161.488006591797
,Run9,5853,142.125016348178,161.505004882812
,Run9,5854,142.125016348178,161.551010131836
,Run9,5855,142.125016348178,161.582000732422
,Run9,5856,142.125016348178,161.612014770508
,Run9,5857,142.125016348178,161.617004394531
,Run9,5858,142.125016348178,161.646011352539
,Run9,5859,142.125016348178,161.704010009766
,Run9,5860,142.125016348178,161.749008178711
,Run9,5861,142.125016348178,161.855010986328
,Run9,5862,142.125016348178,161.860000610352
,Run9,5863,142.125016348178,161.892013549805
,Run9,5864,142.125016348178,161.955001831055
,Run9,5865,142.125016348178,162.029006958008
,Run9,5866,142.125016348178,162.114013671875
,Run9,5867,142.125016348178,162.091003417969
,Run9,5868,142.125016348178,162.145004272461
,Run9,5869,142.125016348178,162.2080078125
,Run9,5870,142.125016348178,162.190002441406
,Run9,5871,142.125016348178,162.190002441406
,Run9,5872,142.125016348178,162.124008178711
,Run9,5873,142.125016348178,162.125015258789
,Run9,5874,142.125016348178,162.107009887695
,Run9,5875,142.125016348178,162.086013793945
