"Time (s)","Latitude (°)","Longitude (°)","Height (m)","Velocity (m/s)","Direction (°)","Horizontal Accuracy (m)","Vertical Accuracy (°)"
9.561197758E-1,5.057589500E1,8.669046714E0,1.833862979E2,7.298766799E-1,1.663099814E2,6.634736421E0,4.455985318E0
1.956114769E0,5.057589322E1,8.669062688E0,1.832023580E2,6.256298523E-1,1.516647840E2,6.621792287E0,4.258720173E0
2.956109166E0,5.057588407E1,8.669077321E0,1.830868064E2,1.048235381E0,1.459260140E2,6.534401152E0,3.957732478E0
3.956103325E0,5.057587901E1,8.669093333E0,1.838854019E2,1.107388884E0,1.364214763E2,6.584046587E0,3.737873221E0
4.956098557E0,5.057586877E1,8.669107677E0,1.834977169E2,1.292438759E0,1.367510493E2,6.549929824E0,3.111143808E0
5.956092119E0,5.057585860E1,8.669133549E0,1.821985782E2,1.537371519E0,1.321710210E2,6.713460672E0,3.006590717E0
6.956086755E0,5.057585287E1,8.669145699E0,1.834870394E2,1.300813802E0,1.349668855E2,6.738627037E0,3.014072863E0
7.956080794E0,5.057584666E1,8.669152821E0,1.832715947E2,9.512648138E-1,1.344792032E2,6.684032340E0,3.000000000E0
8.956075549E0,5.057584795E1,8.669151473E0,1.842961794E2,5.171931526E-1,1.339469791E2,6.677452781E0,3.000000000E0
9.956070423E0,5.057583740E1,8.669167725E0,1.843176261E2,6.366505134E-1,1.391196545E2,6.557955811E0,3.000000000E0
1.095606446E1,5.057585114E1,8.669199081E0,1.824767607E2,4.161998427E-1,7.320783754E1,6.665574885E0,3.000000000E0
1.195605874E1,5.057584837E1,8.669246070E0,1.839617902E2,6.598326399E-1,1.034988064E2,7.089945731E0,3.000000000E0
1.295605230E1,5.057582957E1,8.669277504E0,1.829650563E2,9.084620932E-1,1.138021790E2,7.248393556E0,3.041099528E0
1.395604706E1,5.057580466E1,8.669302692E0,1.839429948E2,1.341368114E0,1.260954110E2,7.425153172E0,3.060856348E0
1.495604205E1,5.057578683E1,8.669322402E0,1.843993141E2,1.289397711E0,1.290198947E2,7.496579333E0,3.042230375E0
1.595603549E1,5.057577750E1,8.669326783E0,1.845712570E2,1.104897972E0,1.315085120E2,7.495066764E0,3.142203175E0
1.695603049E1,5.057576710E1,8.669362828E0,1.859172420E2,1.502230153E0,1.294726231E2,7.434965259E0,3.246576544E0
1.795602560E1,5.057576149E1,8.669402525E0,1.848233684E2,1.748990079E0,1.231432478E2,7.456992509E0,3.422293570E0
1.895601916E1,5.057574541E1,8.669406982E0,1.834757272E2,1.522468342E0,1.375330998E2,7.555498181E0,3.155284991E0
1.995601344E1,5.057572462E1,8.669417044E0,1.853909673E2,1.451071761E0,1.486521784E2,7.791059957E0,3.070740775E0
2.095600820E1,5.057569121E1,8.669438396E0,1.842983139E2,1.732370338E0,1.473078087E2,7.811622917E0,3.029986776E0
2.195600271E1,5.057567985E1,8.669443268E0,1.845604633E2,1.372190902E0,1.500153178E2,7.760927570E0,3.000000000E0
2.295599699E1,5.057567117E1,8.669474141E0,1.856896965E2,1.080286298E0,1.285901392E2,7.946059348E0,3.294527111E0
2.395599043E1,5.057565086E1,8.669488105E0,1.843568656E2,1.092006211E0,1.281222084E2,7.954130321E0,3.385760904E0
2.495598590E1,5.057564433E1,8.669506189E0,1.843482222E2,6.391291225E-1,1.111473977E2,8.077460273E0,3.352307800E0
2.595597935E1,5.057562687E1,8.669538590E0,1.833517575E2,9.194792680E-1,1.118222787E2,8.193402622E0,3.444347303E0
2.695597410E1,5.057561402E1,8.669543485E0,1.839910374E2,6.241318048E-1,1.491809503E2,8.316296275E0,3.565325890E0
2.795596778E1,5.057559948E1,8.669559478E0,1.853180659E2,6.781845620E-1,1.772404336E2,8.484435639E0,3.667904286E0
2.895596254E1,5.057559726E1,8.669585375E0,1.839898843E2,7.010302249E-1,1.204847756E2,8.609234930E0,3.587412201E0
2.995595717E1,5.057555871E1,8.669601617E0,1.849927096E2,1.630327925E0,1.372890604E2,8.477491880E0,3.374123381E0
3.095595133E1,5.057553986E1,8.669643633E0,1.850503864E2,1.807238138E0,1.310117306E2,8.573602965E0,3.540770820E0
3.195594561E1,5.057552041E1,8.669672357E0,1.854259103E2,2.109222537E0,1.308649761E2,8.457485621E0,3.781252078E0
3.295594001E1,5.057550543E1,8.669706062E0,1.859176211E2,2.427913862E0,1.358707356E2,8.285911974E0,4.402521312E0
3.395690393E1,5.057547164E1,8.669698424E0,1.864009582E2,2.449854713E0,1.563561021E2,8.092317263E0,4.525187655E0
3.495691109E1,5.057545642E1,8.669697399E0,1.852162537E2,2.029065201E0,1.684799182E2,7.942534644E0,4.498015299E0
3.595690298E1,5.057542734E1,8.669710785E0,1.868502768E2,2.183575296E0,1.668678747E2,8.001121544E0,4.235758335E0
3.695690715E1,5.057542216E1,8.669737190E0,1.858153707E2,2.277241519E0,1.634824600E2,7.981223565E0,4.435879372E0
3.795691442E1,5.057539880E1,8.669741992E0,1.865699022E2,2.478702367E0,1.687949629E2,7.896755083E0,4.428415803E0
3.895690382E1,5.057536907E1,8.669740712E0,1.866488332E2,2.617010091E0,1.705506817E2,7.935579527E0,4.378629605E0
3.995690954E1,5.057534025E1,8.669746554E0,1.847670598E2,2.651437005E0,1.707899008E2,7.882248240E0,4.265519778E0
4.095690906E1,5.057531953E1,8.669756134E0,1.858882930E2,2.339099806E0,1.613471449E2,7.745105664E0,4.261204555E0
4.195689511E1,5.057529525E1,8.669791627E0,1.852620186E2,2.709202650E0,1.439874057E2,7.591325796E0,4.397647228E0
4.295689404E1,5.057528071E1,8.669815447E0,1.862951240E2,2.802047671E0,1.362526618E2,7.480435117E0,4.532513054E0
4.395689869E1,5.057526933E1,8.669843810E0,1.867281337E2,2.830025430E0,1.318423629E2,7.478470744E0,4.159519558E0
4.495688415E1,5.057524935E1,8.669844919E0,1.853057341E2,2.369312459E0,1.442348585E2,7.394125969E0,4.204816731E0
4.595688641E1,5.057523580E1,8.669863375E0,1.848182356E2,2.024101500E0,1.492437415E2,7.379374544E0,4.455774789E0
4.695688772E1,5.057522870E1,8.669866921E0,1.840806956E2,1.567794843E0,1.516158918E2,7.231634241E0,4.302358927E0
4.795687318E1,5.057520059E1,8.669865625E0,1.852663313E2,1.457335080E0,1.678330046E2,7.179767380E0,4.128599270E0
4.895685744E1,5.057519395E1,8.669863595E0,1.854685517E2,5.464349082E-1,1.820956053E2,7.054369085E0,4.171919642E0
4.995684385E1,5.057518875E1,8.669869498E0,1.858112559E2,1.470802710E-1,1.831814196E2,7.070429845E0,4.321413209E0
5.095682943E1,5.057518314E1,8.669889817E0,1.857887533E2,3.518641787E-1,1.366989250E2,7.133676773E0,4.093501909E0
5.195681608E1,5.057515267E1,8.669910383E0,1.877342301E2,1.465472152E0,1.344115044E2,7.228583004E0,4.055265342E0
5.295680404E1,5.057514332E1,8.669924433E0,1.858706876E2,1.830532337E0,1.299796171E2,7.208299380E0,4.008136427E0
5.395679069E1,5.057511839E1,8.669959459E0,1.857990872E2,2.857025189E0,1.325537505E2,7.140139203E0,4.089242245E0
5.495677888E1,5.057509125E1,8.669953980E0,1.843087116E2,3.051066770E0,1.473221298E2,7.219917476E0,4.035609815E0
5.595676684E1,5.057506307E1,8.669980292E0,1.847665766E2,3.324768871E0,1.452748530E2,7.622185029E0,4.073184571E0
5.695675540E1,5.057503923E1,8.669980167E0,1.876157113E2,3.110425186E0,1.533748538E2,7.667227981E0,4.064167510E0
5.795674431E1,5.057501476E1,8.669983233E0,1.861557223E2,3.109220607E0,1.567623093E2,7.652131154E0,4.029813261E0
5.895673335E1,5.057502105E1,8.670020732E0,1.853466018E2,2.660321850E0,1.272996113E2,7.506631683E0,4.150305396E0
5.995672297E1,5.057500897E1,8.670038551E0,1.851137343E2,2.192554585E0,1.285754427E2,7.840870222E0,4.138543804E0
6.095671201E1,5.057498448E1,8.670056132E0,1.856125486E2,2.151174193E0,1.302848614E2,7.953663997E0,4.026588967E0
6.195670271E1,5.057495652E1,8.670074756E0,1.859347216E2,2.529747808E0,1.422949932E2,7.830754082E0,3.839627392E0
6.295669234E1,5.057493958E1,8.670082427E0,1.840885108E2,2.794168102E0,1.584499189E2,7.652579647E0,4.211702892E0
6.395668316E1,5.057492004E1,8.670093741E0,1.857619502E2,2.998708633E0,1.608379425E2,7.553414785E0,4.051570627E0
6.495667279E1,5.057489610E1,8.670090838E0,1.861986773E2,2.884319048E0,1.686312659E2,7.536643363E0,3.770140148E0
6.595666468E1,5.057487418E1,8.670086905E0,1.877480169E2,2.525385951E0,1.757178429E2,7.681185290E0,3.832794675E0
6.695665467E1,5.057484316E1,8.670100329E0,1.888688739E2,2.680144738E0,1.740525811E2,7.619610073E0,4.337132470E0
6.795664573E1,5.057482287E1,8.670104888E0,1.886503236E2,2.493663443E0,1.645439180E2,7.473013807E0,4.073950495E0
6.895663750E1,5.057477332E1,8.670088784E0,1.865723990E2,2.933173793E0,1.647776270E2,7.466737443E0,4.142944456E0
6.995662868E1,5.057475114E1,8.670105562E0,1.884757012E2,3.017896735E0,1.551258142E2,7.495662450E0,4.272898842E0
7.095662022E1,5.057473728E1,8.670149496E0,1.882484893E2,2.834074504E0,1.498668380E2,7.446713958E0,4.522620138E0
7.195661139E1,5.057471921E1,8.670182375E0,1.895315158E2,3.166727556E0,1.368217073E2,7.398511936E0,4.307155915E0
7.295660341E1,5.057469608E1,8.670195844E0,1.894702071E2,3.088910449E0,1.398018748E2,7.452380365E0,4.152036196E0
7.395659614E1,5.057467125E1,8.670202231E0,1.869583443E2,3.284546090E0,1.551686526E2,7.446789303E0,4.306577569E0
7.495658720E1,5.057464434E1,8.670242267E0,1.893475311E2,3.706501985E0,1.490043453E2,7.222857491E0,4.013391556E0
7.595657980E1,5.057465062E1,8.670256991E0,1.896265024E2,2.875601091E0,1.390973635E2,7.112681262E0,4.147324380E0
7.695657218E1,5.057462389E1,8.670258198E0,1.903826224E2,2.590256930E0,1.535671103E2,6.953817850E0,4.278441435E0
7.795656407E1,5.057460239E1,8.670276939E0,1.890377173E2,2.792945726E0,1.588042272E2,6.809084192E0,4.526054502E0
7.895655680E1,5.057459087E1,8.670307981E0,1.876464689E2,3.045066479E0,1.595246260E2,6.622809256E0,4.777021305E0
7.995654953E1,5.057458646E1,8.670341284E0,1.904515710E2,2.432121145E0,1.472509697E2,6.450495989E0,4.999037825E0
8.095654094E1,5.057457724E1,8.670358612E0,1.913017870E2,1.984558267E0,1.468692553E2,6.304153738E0,5.024589604E0
8.195653439E1,5.057455899E1,8.670382436E0,1.905487474E2,2.047754455E0,1.415905933E2,6.194775931E0,5.105573052E0
8.295652652E1,5.057452870E1,8.670398188E0,1.895669136E2,2.709621579E0,1.543040154E2,6.125297251E0,5.180570050E0
8.395651948E1,5.057452058E1,8.670420861E0,1.901155538E2,2.311853566E0,1.468942649E2,5.992522758E0,5.248469357E0
8.495651281E1,5.057452470E1,8.670463505E0,1.914008773E2,2.415316083E0,1.147192229E2,5.878441217E0,5.363249047E0
8.595650518E1,5.057451618E1,8.670499678E0,1.913478081E2,2.599967603E0,1.092843293E2,5.714616586E0,5.289854542E0
8.695649791E1,5.057449013E1,8.670521130E0,1.912610453E2,2.730465858E0,1.282504448E2,5.576619566E0,5.032101608E0
8.795649111E1,5.057448564E1,8.670553013E0,1.895700733E2,2.568683837E0,1.175682939E2,5.453964416E0,4.435410649E0
8.895648313E1,5.057445194E1,8.670562536E0,1.895807556E2,2.775066261E0,1.428828439E2,5.339725630E0,4.616311254E0
8.995647669E1,5.057443178E1,8.670587911E0,1.887626011E2,2.999949687E0,1.415114818E2,5.239216552E0,4.798545652E0
9.095646954E1,5.057442182E1,8.670616330E0,1.900832857E2,2.970433426E0,1.308496755E2,5.135916589E0,4.390275083E0
9.195646203E1,5.057441055E1,8.670644499E0,1.915138005E2,2.864827492E0,1.246940003E2,5.027651209E0,4.353864663E0
9.295645595E1,5.057439606E1,8.670646825E0,1.895432149E2,2.084849586E0,1.360394399E2,4.958475347E0,4.526366480E0
9.395644903E1,5.057439511E1,8.670655903E0,1.893234108E2,1.104993032E0,1.383270149E2,4.959193201E0,4.569784865E0
9.495644188E1,5.057438373E1,8.670682542E0,1.895846543E2,1.040487239E0,1.368836832E2,4.879542058E0,4.617299692E0
9.595643461E1,5.057437218E1,8.670715540E0,1.887427002E2,1.424655792E0,1.292507043E2,4.920618912E0,4.668092666E0
9.695642793E1,5.057434827E1,8.670763269E0,1.893746955E2,2.349480067E0,1.279784851E2,4.965721610E0,4.764591275E0
9.795642149E1,5.057433196E1,8.670803976E0,1.885417283E2,2.792234598E0,1.279475015E2,4.893628731E0,4.499127326E0
9.895641422E1,5.057431411E1,8.670825277E0,1.885790160E2,2.684423155E0,1.429542721E2,4.836630814E0,4.436732416E0
9.995640826E1,5.057429806E1,8.670852472E0,1.884727666E2,2.770505334E0,1.494880598E2,4.789300246E0,4.286637370E0
1.009564013E2,5.057429268E1,8.670880295E0,1.884184743E2,2.198667201E0,1.427554683E2,4.711198472E0,4.258711352E0
1.019563948E2,5.057425914E1,8.670892996E0,1.879020614E2,3.043189087E0,1.568786050E2,4.659114654E0,3.953382744E0
1.029563884E2,5.057424145E1,8.670907098E0,1.891536439E2,2.866547458E0,1.559016398E2,4.584818861E0,3.821532063E0
1.039563816E2,5.057420732E1,8.670893834E0,1.895739260E2,3.132916141E0,1.749557323E2,4.460755887E0,3.764809931E0
1.049563745E2,5.057418795E1,8.670923317E0,1.900466618E2,2.936271394E0,1.612484447E2,4.378171779E0,3.645308317E0
1.059563677E2,5.057417477E1,8.670958516E0,1.904818659E2,2.750761666E0,1.437581688E2,4.259263228E0,3.534732262E0
1.069563611E2,5.057415478E1,8.670967709E0,1.913735072E2,2.600825525E0,1.500317009E2,4.160280652E0,3.489951860E0
1.079563546E2,5.057413548E1,8.670969388E0,1.922063879E2,2.427704263E0,1.625772584E2,4.089294935E0,3.380944332E0
1.089563484E2,5.057410805E1,8.670946153E0,1.915659541E2,2.718785075E0,1.870791521E2,4.000204950E0,3.195504763E0
1.099563416E2,5.057408821E1,8.670938525E0,1.909536316E2,2.628566029E0,1.905795527E2,3.918460653E0,3.112069411E0
1.109563354E2,5.057407462E1,8.670959262E0,1.916658390E2,2.374346647E0,1.695783516E2,3.904080597E0,3.324059451E0
1.119563284E2,5.057405454E1,8.670968444E0,1.925866809E2,2.526275965E0,1.578886855E2,3.884172362E0,3.312091282E0
1.129563226E2,5.057404801E1,8.670956620E0,1.925909360E2,1.424591138E0,1.645731485E2,3.802003983E0,3.374599747E0
1.139563154E2,5.057403536E1,8.670956567E0,1.918625010E2,9.091963531E-1,1.558149472E2,3.711903792E0,3.398016147E0
1.149563091E2,5.057402022E1,8.670953874E0,1.920681397E2,9.471877719E-1,1.688426186E2,3.683553631E0,3.455903205E0
1.159563022E2,5.057398500E1,8.670959399E0,1.922690667E2,2.099984222E0,1.695389588E2,3.665235968E0,3.327081667E0
1.169562956E2,5.057396208E1,8.670957730E0,1.920435539E2,2.235550334E0,1.698270471E2,3.653471239E0,3.288599993E0
1.179562894E2,5.057394619E1,8.670967989E0,1.927997750E2,1.978537050E0,1.664830785E2,3.592732321E0,3.421743512E0
1.189562826E2,5.057392009E1,8.670969191E0,1.917174247E2,2.327636909E0,1.646417705E2,3.554745872E0,3.276351723E0
1.199562765E2,5.057389806E1,8.670956147E0,1.916950200E2,2.262851040E0,1.768234586E2,3.525568878E0,3.161227597E0
1.209562701E2,5.057388273E1,8.670964741E0,1.911551404E2,1.878675748E0,1.678085652E2,3.604402399E0,3.071244427E0
1.219562627E2,5.057386251E1,8.670971209E0,1.913610779E2,2.083644506E0,1.653084564E2,3.637646224E0,3.000000000E0
1.229562571E2,5.057384582E1,8.670980926E0,1.900075810E2,2.064580465E0,1.594393292E2,3.900610479E0,3.000000000E0
1.239562497E2,5.057381625E1,8.670958009E0,1.913385925E2,2.159154251E0,1.728654151E2,4.027069544E0,3.000000000E0
1.249562443E2,5.057379079E1,8.670951613E0,1.925005559E2,2.580574999E0,1.733259754E2,4.269805035E0,3.000000000E0
1.259562367E2,5.057376522E1,8.670924646E0,1.928442584E2,2.539743689E0,1.787914603E2,4.480488968E0,3.000000000E0
1.269562310E2,5.057374857E1,8.670906819E0,1.917915483E2,2.143640291E0,1.779051817E2,4.685481380E0,3.000000000E0
1.279562246E2,5.057371610E1,8.670904962E0,1.922207912E2,2.688032558E0,1.730703842E2,4.571015216E0,3.050893236E0
1.289562174E2,5.057369009E1,8.670898332E0,1.932810899E2,2.823416075E0,1.694676461E2,4.442464462E0,3.112278016E0
1.299562109E2,5.057367181E1,8.670891998E0,1.958925507E2,2.525956803E0,1.673045079E2,4.413829307E0,3.033655119E0
1.309562054E2,5.057365277E1,8.670883258E0,1.950084945E2,2.407054560E0,1.655125980E2,4.334706866E0,3.013005209E0
1.319561983E2,5.057362455E1,8.670892017E0,1.958915544E2,2.921392452E0,1.566003461E2,4.270854559E0,3.091114958E0
1.329561914E2,5.057358978E1,8.670868346E0,1.965230088E2,3.171896003E0,1.679445146E2,4.255821943E0,3.344472001E0
1.339561855E2,5.057356878E1,8.670864177E0,1.970727513E2,2.647616200E0,1.678268044E2,4.265800299E0,3.331572637E0
1.349561795E2,5.057355385E1,8.670875078E0,1.974625711E2,2.201732604E0,1.656573168E2,4.282262133E0,3.497608885E0
1.359561727E2,5.057354288E1,8.670857116E0,1.959723137E2,1.727579844E0,1.928920586E2,4.219421466E0,3.342050787E0
1.369561657E2,5.057354032E1,8.670827100E0,1.945395625E2,1.420988948E0,2.305528660E2,4.489532171E0,3.254397672E0
1.379561603E2,5.057353816E1,8.670832144E0,1.968730392E2,3.984854338E-1,2.389943477E2,4.621757867E0,3.329867772E0
1.389561535E2,5.057352027E1,8.670826313E0,1.970703417E2,3.183785035E-1,1.591589396E2,4.658349351E0,3.000000000E0
1.399561466E2,5.057350112E1,8.670809260E0,1.956983237E2,3.951302575E-1,1.900541487E2,5.016083273E0,3.000000000E0
1.409561410E2,5.057347297E1,8.670837121E0,1.953112448E2,8.413703626E-1,1.509961771E2,5.163024196E0,3.000000000E0
1.419561346E2,5.057344832E1,8.670841132E0,1.953607396E2,1.201386380E0,1.585182305E2,5.313378558E0,3.000000000E0
1.429561273E2,5.057343035E1,8.670834957E0,1.962471115E2,1.154021743E0,1.770436252E2,5.451336817E0,3.102114275E0
1.439561213E2,5.057343796E1,8.670843536E0,1.949250265E2,3.462205232E-1,1.391978201E2,5.452947380E0,3.056734159E0
1.449561149E2,5.057342360E1,8.670865337E0,1.930773678E2,1.470220349E0,1.439446724E2,5.669522614E0,3.105959737E0
1.459561082E2,5.057339593E1,8.670890920E0,1.950401469E2,2.980314433E0,1.436842814E2,5.930501674E0,3.000000000E0
1.469561020E2,5.057336824E1,8.670914012E0,1.955372390E2,3.813776688E0,1.413872512E2,6.453659537E0,3.000000000E0
1.479560959E2,5.057333532E1,8.670932365E0,1.946228406E2,4.479625580E0,1.425840051E2,6.552609793E0,3.000000000E0
1.489560887E2,5.057329463E1,8.670928643E0,1.951049107E2,4.728217745E0,1.509762621E2,7.172267680E0,3.000000000E0
1.499560823E2,5.057327519E1,8.670936256E0,1.948270157E2,4.245741127E0,1.534501544E2,7.629464889E0,3.000000000E0
1.509560759E2,5.057324134E1,8.670931932E0,1.958869927E2,4.518660369E0,1.563786175E2,7.625789611E0,3.000000000E0
1.519560698E2,5.057320582E1,8.670950628E0,1.945488339E2,4.607029009E0,1.577091634E2,7.624245853E0,3.000000000E0
1.529560628E2,5.057318382E1,8.670961137E0,1.939021533E2,4.108937062E0,1.566909799E2,7.534969760E0,3.000000000E0
1.539560572E2,5.057318382E1,8.670989189E0,1.920119326E2,3.609328771E0,1.394162603E2,7.569506023E0,3.000000000E0
1.549560509E2,5.057317369E1,8.670964560E0,1.940460382E2,2.130297477E0,1.580099077E2,7.571926027E0,3.260058859E0
1.559560443E2,5.057314850E1,8.670984917E0,1.963868357E2,2.262402197E0,1.542951555E2,7.504511561E0,3.468240426E0
1.569560372E2,5.057311838E1,8.670982886E0,1.956154609E2,2.391377823E0,1.621857263E2,7.496161075E0,3.481649690E0
1.579560310E2,5.057309939E1,8.670974314E0,1.960680600E2,2.044676426E0,1.649399149E2,7.530974336E0,3.692321906E0
1.589560254E2,5.057307069E1,8.670964244E0,1.964618705E2,2.252484438E0,1.648204504E2,7.480503924E0,3.737302292E0
1.599573410E2,5.057304600E1,8.670949293E0,1.974495221E2,2.246314033E0,1.665379660E2,7.469547408E0,3.657892532E0
1.609573478E2,5.057302309E1,8.670939872E0,1.955533774E2,2.283948441E0,1.701460361E2,7.597288375E0,3.737334917E0
1.619573340E2,5.057299496E1,8.670947974E0,1.956153741E2,2.646246394E0,1.677234600E2,7.660263917E0,3.824082921E0
1.629573350E2,5.057296798E1,8.670963040E0,1.964015683E2,2.848173393E0,1.584141116E2,7.690550558E0,3.783545823E0
1.639573284E2,5.057293812E1,8.670974792E0,1.949046673E2,3.433683144E0,1.579146884E2,7.783826149E0,3.523653194E0
1.649573073E2,5.057291669E1,8.671006739E0,1.930494162E2,3.973716610E0,1.482794195E2,8.050859579E0,3.311420448E0
1.659573060E2,5.057289782E1,8.671014645E0,1.945170701E2,3.955592289E0,1.449775866E2,8.559186112E0,3.251527440E0
1.669572995E2,5.057286700E1,8.670993673E0,1.954564491E2,3.492276128E0,1.492804203E2,8.560141484E0,3.273955113E0
1.679572767E2,5.057285229E1,8.671023987E0,1.960212238E2,3.830295623E0,1.379041477E2,8.563957702E0,3.475831770E0
1.689572678E2,5.057283350E1,8.670991801E0,1.937156284E2,3.274418687E0,1.537159480E2,8.415924865E0,3.470443422E0
1.699572589E2,5.057282290E1,8.671011012E0,1.951940766E2,2.936934241E0,1.497533935E2,8.327963145E0,3.574114708E0
1.709572318E2,5.057278895E1,8.671019179E0,1.951579076E2,2.884387441E0,1.472813973E2,8.339293236E0,3.883536866E0
1.719572248E2,5.057277758E1,8.671037430E0,1.953092671E2,2.460439856E0,1.409120120E2,8.437502494E0,3.899607489E0
1.729572127E2,5.057276849E1,8.671034003E0,1.953477796E2,2.004906926E0,1.554402704E2,8.269317879E0,3.625610795E0
1.739571879E2,5.057272725E1,8.671048584E0,1.948786896E2,2.916841767E0,1.616329922E2,8.365885770E0,3.619329570E0
1.749571671E2,5.057270680E1,8.671055321E0,1.962309923E2,2.724004139E0,1.702289917E2,8.372641799E0,3.491142333E0
1.759571468E2,5.057269256E1,8.671033989E0,1.938759780E2,2.494880441E0,1.856250152E2,8.337640171E0,3.465345144E0
1.769571271E2,5.057266471E1,8.671007805E0,1.926650195E2,2.854128787E0,1.989698250E2,8.252121033E0,3.331048425E0
1.779571084E2,5.057266311E1,8.670978112E0,1.933380175E2,2.497294011E0,2.137908778E2,8.232327520E0,3.398524136E0
1.789570903E2,5.057264205E1,8.670939949E0,1.951025052E2,2.838993543E0,2.112045277E2,8.089590605E0,3.360413184E0
1.799570727E2,5.057266013E1,8.670936312E0,1.944490902E2,2.115914613E0,2.060586203E2,8.014011844E0,3.297697739E0
1.809570565E2,5.057265208E1,8.670891619E0,1.950066744E2,2.933165608E0,2.151705097E2,7.840188767E0,3.112669277E0
1.819570401E2,5.057264072E1,8.670847186E0,1.958857419E2,3.094405430E0,2.189094667E2,7.896490650E0,3.042711931E0
1.829570237E2,5.057263387E1,8.670833815E0,1.954017455E2,2.419693945E0,2.082506666E2,7.940799427E0,3.098888537E0
1.839570086E2,5.057263567E1,8.670792292E0,1.963805841E2,2.491697357E0,2.212605380E2,8.019597534E0,3.199345612E0
1.849569930E2,5.057263261E1,8.670750627E0,1.967429380E2,2.770817834E0,2.333943358E2,7.899845185E0,3.110707652E0
1.859569787E2,5.057262633E1,8.670707837E0,1.971814994E2,2.798897908E0,2.343116559E2,8.025522355E0,3.138727597E0
1.869569653E2,5.057260947E1,8.670684931E0,1.974305716E2,2.573195519E0,2.273231296E2,7.980831929E0,3.451152921E0
1.879569516E2,5.057260193E1,8.670656509E0,1.954199491E2,2.770502416E0,2.192778796E2,7.820713427E0,3.333846739E0
1.889569374E2,5.057259575E1,8.670605358E0,1.943227812E2,2.952237843E0,2.243781654E2,7.910235659E0,3.275649667E0
1.899569250E2,5.057258687E1,8.670593710E0,1.961697540E2,2.611853444E0,2.163584907E2,8.024057317E0,3.261903287E0
1.909569119E2,5.057258863E1,8.670561260E0,1.975121489E2,2.858965611E0,2.188110853E2,8.078077510E0,3.169339120E0
1.919569001E2,5.057257272E1,8.670531392E0,1.948674310E2,3.101102014E0,2.152177313E2,8.012248242E0,3.203735480E0
1.929568874E2,5.057257792E1,8.670521461E0,1.962885999E2,2.338760552E0,2.123325463E2,8.146587725E0,3.271883885E0
1.939568752E2,5.057258301E1,8.670498820E0,1.971775218E2,1.968211836E0,2.104154074E2,8.034504562E0,3.143618554E0
1.949568636E2,5.057259140E1,8.670453889E0,1.978656022E2,2.263230343E0,2.262311317E2,7.957286677E0,3.170395342E0
1.959568522E2,5.057258335E1,8.670407339E0,1.965603468E2,2.928592291E0,2.336905452E2,8.068560741E0,3.311874152E0
1.969568413E2,5.057258729E1,8.670370930E0,1.961925440E2,2.893645121E0,2.306878569E2,8.046182088E0,3.523552621E0
1.979568310E2,5.057259430E1,8.670346875E0,1.967360817E2,2.973561985E0,2.207928854E2,8.170776121E0,3.812405093E0
1.989568200E2,5.057257026E1,8.670309075E0,1.955596213E2,3.902757810E0,2.096832625E2,8.227133652E0,3.801838688E0
1.999568080E2,5.057258438E1,8.670290196E0,1.949200481E2,2.635174335E0,2.060055905E2,8.237835433E0,3.889218140E0
2.009567978E2,5.057263024E1,8.670256001E0,1.953800098E2,1.542385759E0,2.652665778E2,8.056627832E0,4.102444079E0
2.019567866E2,5.057262762E1,8.670257533E0,1.961012192E2,4.926798920E-1,2.136312615E2,7.986208873E0,4.362766877E0
2.029567775E2,5.057262472E1,8.670229444E0,1.956247202E2,7.094891031E-1,2.216677496E2,7.911297634E0,4.485370889E0
2.039567668E2,5.057261163E1,8.670176268E0,1.958501897E2,1.929689708E0,2.288123421E2,7.637892163E0,4.858637614E0
2.049567565E2,5.057261112E1,8.670134554E0,1.973928939E2,2.289680170E0,2.376619756E2,7.389127884E0,4.939660530E0
2.059567462E2,5.057259895E1,8.670106138E0,1.975346728E2,2.089881736E0,2.377768507E2,7.188499856E0,5.111725645E0
2.069567368E2,5.057258132E1,8.670070727E0,1.972870741E2,2.688225970E0,2.283506738E2,6.973173493E0,5.047283205E0
2.079567267E2,5.057254002E1,8.670049794E0,1.964495721E2,3.899097556E0,2.041973294E2,6.822469351E0,5.349176558E0
2.089567169E2,5.057252001E1,8.670039802E0,1.965590589E2,3.694140448E0,1.991583049E2,6.687931770E0,5.505164913E0
2.099567084E2,5.057248704E1,8.670029051E0,1.966784179E2,3.907475243E0,1.969272903E2,6.565801424E0,5.031059185E0
2.109566979E2,5.057249888E1,8.670026869E0,1.961179373E2,1.762450945E0,1.999251676E2,6.413720225E0,4.925916722E0
2.119566886E2,5.057248589E1,8.670012518E0,1.960629682E2,1.289088960E0,1.978287038E2,6.251805859E0,4.531192618E0
2.129566795E2,5.057249391E1,8.669964727E0,1.981086822E2,1.168823375E0,2.318641248E2,6.249538966E0,4.131398868E0
2.139566702E2,5.057249625E1,8.669920397E0,1.967733788E2,1.668280107E0,2.489042987E2,6.145517735E0,4.019227895E0
2.149566610E2,5.057248110E1,8.669876947E0,1.967109178E2,2.408083938E0,2.341358055E2,5.990877085E0,3.971338038E0
2.159566524E2,5.057247848E1,8.669840509E0,1.989598992E2,2.417660829E0,2.345651011E2,5.864691760E0,3.927978205E0
2.169566430E2,5.057247718E1,8.669802129E0,1.967679403E2,2.127928948E0,2.490149054E2,5.799963104E0,3.714861532E0
2.179566334E2,5.057247829E1,8.669754991E0,1.952546702E2,2.282962777E0,2.488635674E2,5.714533355E0,3.706380919E0
2.189566251E2,5.057244925E1,8.669719176E0,1.962955400E2,2.963468185E0,2.249668212E2,5.661392296E0,3.603589927E0
2.199566157E2,5.057245610E1,8.669678164E0,1.969693697E2,2.904752420E0,2.412010175E2,5.518971105E0,3.506846014E0
2.209566069E2,5.057245163E1,8.669661006E0,1.968187145E2,2.122512555E0,2.425140293E2,5.438646852E0,3.815057576E0
2.219565984E2,5.057243358E1,8.669644242E0,1.956917132E2,1.693433303E0,2.369780154E2,5.305737613E0,3.616244445E0
2.229565897E2,5.057240789E1,8.669650637E0,1.970481908E2,1.435298853E0,1.969488834E2,5.176776580E0,3.983738518E0
2.239565808E2,5.057237944E1,8.669677401E0,1.968620185E2,2.475065454E0,1.588129801E2,5.063476214E0,3.883309249E0
2.249565719E2,5.057235869E1,8.669686466E0,1.965373431E2,2.594455411E0,1.470599553E2,4.968677870E0,3.994923885E0
2.259565641E2,5.057234989E1,8.669682626E0,1.968355987E2,2.114581419E0,1.480557757E2,4.918538332E0,3.940115336E0
2.269565548E2,5.057232458E1,8.669686710E0,1.956384737E2,2.441524191E0,1.469979749E2,4.851089744E0,3.702611305E0
2.279565464E2,5.057228537E1,8.669679582E0,1.958234781E2,3.141613127E0,1.547888948E2,4.790306333E0,3.723768444E0
2.289565382E2,5.057225410E1,8.669665910E0,1.959957457E2,3.054822635E0,1.596297813E2,4.672248474E0,3.877402823E0
2.299565293E2,5.057223140E1,8.669647444E0,1.960304226E2,2.595709456E0,1.800622924E2,4.590361087E0,3.828793822E0
2.309565210E2,5.057219923E1,8.669639606E0,1.969586377E2,2.924605962E0,1.861020438E2,4.497836733E0,3.694727969E0
2.319565114E2,5.057218007E1,8.669661361E0,1.991296787E2,2.639967216E0,1.610144117E2,4.439349302E0,3.602335214E0
2.329565034E2,5.057216519E1,8.669658326E0,1.984314098E2,2.151755720E0,1.541229914E2,4.321767225E0,3.687500555E0
2.339564949E2,5.057214480E1,8.669665911E0,1.991808058E2,2.200552651E0,1.498765956E2,4.242478555E0,3.578033402E0
2.349564866E2,5.057212579E1,8.669693611E0,1.973345427E2,2.461360309E0,1.324626663E2,4.130354646E0,3.363367339E0
2.359564781E2,5.057210936E1,8.669721145E0,1.965613811E2,2.946199584E0,1.191648817E2,4.064535208E0,3.188717503E0
2.369564692E2,5.057209069E1,8.669712781E0,1.969024126E2,2.331624030E0,1.282619246E2,3.993139740E0,3.162771629E0
2.379564611E2,5.057204878E1,8.669724447E0,1.961356140E2,3.350684956E0,1.422501207E2,3.959862538E0,3.290550685E0
2.389564527E2,5.057201952E1,8.669755866E0,1.946716533E2,3.938022672E0,1.345260730E2,3.892498730E0,3.068389752E0
2.399564446E2,5.057199889E1,8.669715958E0,1.947120983E2,2.527475476E0,1.568253144E2,3.881585726E0,3.205971985E0
2.409564359E2,5.057196814E1,8.669711119E0,1.929735310E2,2.312720236E0,1.764730285E2,3.842745997E0,3.346230516E0
2.419564282E2,5.057194068E1,8.669702956E0,1.949731276E2,2.431407979E0,1.914614622E2,3.771284293E0,3.169353973E0
2.429564186E2,5.057191634E1,8.669720890E0,1.942522544E2,2.128198952E0,1.737688409E2,3.682720122E0,3.139950732E0
2.439564109E2,5.057190989E1,8.669720376E0,1.962370868E2,1.009474603E0,1.502578384E2,3.639659250E0,3.286641760E0
2.449564023E2,5.057187223E1,8.669745598E0,1.963729638E2,2.395913250E0,1.395592302E2,3.618154285E0,3.289581131E0
2.459563941E2,5.057185025E1,8.669815354E0,1.936192490E2,4.452839529E0,1.175532356E2,3.543604958E0,3.000000000E0
2.469563861E2,5.057183778E1,8.669857933E0,1.939916708E2,4.984244803E0,1.109543489E2,3.641283805E0,3.000000000E0
2.479563774E2,5.057182078E1,8.669847750E0,1.935055663E2,3.643468299E0,1.218368249E2,3.779864578E0,3.000000000E0
2.489563689E2,5.057180409E1,8.669840601E0,1.935589894E2,2.176725328E0,1.379901102E2,4.066172305E0,3.000000000E0
2.499563603E2,5.057177612E1,8.669840642E0,1.932156133E2,1.978956418E0,1.597887721E2,4.140831744E0,3.000000000E0
2.509563524E2,5.057175380E1,8.669795918E0,1.928297290E2,1.916247471E0,2.082661041E2,4.327734743E0,3.000000000E0
2.519563440E2,5.057171156E1,8.669774483E0,1.932190446E2,3.482839263E0,2.049179470E2,4.374647222E0,3.000000000E0
2.529563357E2,5.057167509E1,8.669767397E0,1.929290256E2,4.304147259E0,2.001756487E2,4.393695595E0,3.000000000E0
2.539563279E2,5.057163112E1,8.669735325E0,1.931473497E2,5.411132763E0,2.022715352E2,4.488215822E0,3.000000000E0
2.549563189E2,5.057160408E1,8.669768781E0,1.939596059E2,4.694933404E0,1.908562305E2,4.598634513E0,3.000000000E0
2.559563112E2,5.057159757E1,8.669769659E0,1.946187434E2,3.559073344E0,1.922673894E2,4.851471198E0,3.000000000E0
2.569563030E2,5.057157596E1,8.669801410E0,1.954130979E2,3.063294360E0,1.740639689E2,4.864388227E0,3.000000000E0
2.579562945E2,5.057157023E1,8.669823752E0,1.928714471E2,2.365213984E0,1.637615805E2,4.857643439E0,3.000000000E0
2.589562865E2,5.057154781E1,8.669809321E0,1.933426576E2,2.172253159E0,1.783133140E2,4.917433651E0,3.000000000E0
2.599562778E2,5.057151465E1,8.669799961E0,1.952787668E2,2.579967303E0,1.841923250E2,4.986293595E0,3.000000000E0
2.609562697E2,5.057148747E1,8.669811133E0,1.953848205E2,2.768358355E0,1.788981446E2,5.008754975E0,3.000000000E0
2.619562615E2,5.057145218E1,8.669821862E0,1.951542618E2,3.323048644E0,1.762335104E2,4.980908505E0,3.000000000E0
2.629562531E2,5.057141583E1,8.669830143E0,1.944070482E2,3.754914888E0,1.778594788E2,5.030914579E0,3.000000000E0
2.639562447E2,5.057137915E1,8.669836296E0,1.943899361E2,4.136158175E0,1.773844597E2,5.415981890E0,3.000000000E0
2.649562370E2,5.057133733E1,8.669837228E0,1.940413937E2,4.507914735E0,1.791578628E2,5.353462791E0,3.000000000E0
2.659562281E2,5.057129419E1,8.669841155E0,1.938456449E2,4.708980465E0,1.790860067E2,5.420748569E0,3.000000000E0
2.669562200E2,5.057125108E1,8.669842140E0,1.933183888E2,4.858180312E0,1.796438951E2,5.705120374E0,3.000000000E0
2.679562114E2,5.057121117E1,8.669865937E0,1.934560224E2,4.864280898E0,1.754030238E2,6.620321420E0,3.000000000E0
2.689562042E2,5.057121533E1,8.669864815E0,1.928386841E2,2.983093281E0,1.756004549E2,7.785874355E0,3.000000000E0
2.699561954E2,5.057119666E1,8.669860988E0,1.923190035E2,2.562633382E0,1.775152740E2,9.127299917E0,3.000000000E0
2.709561875E2,5.057118428E1,8.669890339E0,1.921274936E2,2.151805834E0,1.694031776E2,1.030680763E1,3.000000000E0
2.719561784E2,5.057116529E1,8.669873706E0,1.919312544E2,2.042365348E0,1.790999242E2,8.644976236E0,3.000000000E0
2.729561709E2,5.057114366E1,8.669904440E0,1.918240106E2,2.028392435E0,1.691109934E2,7.750787694E0,3.000000000E0
2.739561627E2,5.057114305E1,8.669901748E0,1.925563739E2,1.764391982E0,1.771573628E2,7.064845839E0,3.000000000E0
2.749561541E2,5.057111714E1,8.669910941E0,1.925249004E2,2.155624551E0,1.757735743E2,7.741338336E0,3.000000000E0
2.759561461E2,5.057111238E1,8.669922729E0,1.926329740E2,1.906483422E0,1.761580441E2,8.085395557E0,3.000000000E0
2.769561384E2,5.057109897E1,8.669941389E0,1.925528259E2,1.992576636E0,1.731400642E2,8.207666427E0,3.000000000E0
2.779561303E2,5.057107909E1,8.669941700E0,1.923462409E2,2.163287106E0,1.727139840E2,8.259265940E0,3.000000000E0
2.789561218E2,5.057104992E1,8.669957400E0,1.928966971E2,2.370651012E0,1.706296892E2,8.477983072E0,3.000000000E0
2.799561132E2,5.057104879E1,8.669972069E0,1.929424599E2,2.089819279E0,1.658790890E2,8.697417302E0,3.000000000E0
2.809561048E2,5.057104140E1,8.669992571E0,1.928540674E2,2.074285701E0,1.648111538E2,8.634019514E0,3.000000000E0
2.819560969E2,5.057099319E1,8.669994644E0,1.927810828E2,2.559771663E0,1.682495208E2,8.596310594E0,3.000000000E0
2.829560887E2,5.057096258E1,8.669996031E0,1.926849936E2,2.490431037E0,1.693117495E2,8.624677965E0,3.000000000E0
2.839560804E2,5.057094049E1,8.670031165E0,1.926643797E2,2.513354053E0,1.645484787E2,9.107633416E0,3.000000000E0
2.849560722E2,5.057092390E1,8.670036130E0,1.923609146E2,2.365570296E0,1.653477640E2,9.301303178E0,3.000000000E0
2.859574716E2,5.057088746E1,8.670012614E0,1.920778723E2,2.860531270E0,1.744092880E2,9.524133903E0,3.000000000E0
2.869574652E2,5.057087459E1,8.670063674E0,1.926811255E2,2.654294631E0,1.628698667E2,9.197644605E0,3.000000000E0
2.879574422E2,5.057085908E1,8.670090733E0,1.929077167E2,2.599104295E0,1.580884234E2,9.370517549E0,3.000000000E0
2.889574363E2,5.057083054E1,8.670078668E0,1.919511320E2,2.650405141E0,1.610220325E2,8.888285867E0,3.000000000E0
2.899574323E2,5.057081163E1,8.670069383E0,1.914498926E2,2.573943288E0,1.632876070E2,8.643554491E0,3.000000000E0
2.909574062E2,5.057078168E1,8.670078379E0,1.928321147E2,2.511363824E0,1.663042463E2,8.588659596E0,3.000000000E0
2.919573947E2,5.057074550E1,8.670057157E0,1.928679325E2,2.731550351E0,1.709181326E2,8.622898299E0,3.000000000E0
2.929573812E2,5.057072422E1,8.670068216E0,1.923472914E2,2.500512386E0,1.703122467E2,8.438244690E0,3.000000000E0
2.939573486E2,5.057071256E1,8.670071024E0,1.924676741E2,2.374881662E0,1.727484300E2,8.171486457E0,3.000000000E0
2.949573358E2,5.057069617E1,8.670048911E0,1.926442689E2,2.370867355E0,1.773774962E2,8.222335748E0,3.000000000E0
2.959573210E2,5.057067652E1,8.670076946E0,1.924401859E2,2.486660375E0,1.679662276E2,7.990348951E0,3.000000000E0
2.969572910E2,5.057065809E1,8.670105588E0,1.923974192E2,2.401697747E0,1.637069493E2,7.745145729E0,3.012445002E0
2.979572811E2,5.057063122E1,8.670110313E0,1.928453613E2,2.474536872E0,1.681241004E2,7.489585351E0,3.106416406E0
2.989572695E2,5.057060053E1,8.670115607E0,1.927856032E2,2.479914211E0,1.681565551E2,7.366297735E0,3.286378544E0
2.999572380E2,5.057057925E1,8.670129474E0,1.922171282E2,2.581033787E0,1.626114411E2,7.245286909E0,3.501523587E0
3.009572062E2,5.057055819E1,8.670136310E0,1.915003414E2,2.505382363E0,1.645003576E2,7.051127041E0,3.623036522E0
3.019571760E2,5.057053425E1,8.670144392E0,1.928683461E2,2.539392872E0,1.644176843E2,7.001042469E0,3.546473442E0
3.029571468E2,5.057050936E1,8.670140189E0,1.928403277E2,2.466659522E0,1.725772425E2,6.821131837E0,3.405888210E0
3.039571187E2,5.057048470E1,8.670137233E0,1.923066937E2,2.423869847E0,1.762635142E2,6.694862412E0,3.288839928E0
3.049570920E2,5.057045428E1,8.670130073E0,1.923927829E2,2.538172903E0,1.792808819E2,6.581108853E0,3.305114659E0
3.059570657E2,5.057043338E1,8.670133240E0,1.924290846E2,2.478463959E0,1.775798681E2,6.388490350E0,3.070483641E0
3.069570410E2,5.057041143E1,8.670146370E0,1.921009840E2,2.418648639E0,1.686393006E2,6.240221736E0,3.461561469E0
3.079570175E2,5.057039311E1,8.670169529E0,1.919086045E2,2.341688203E0,1.581318963E2,6.129054838E0,3.320898883E0
3.089569948E2,5.057036477E1,8.670177506E0,1.916571207E2,2.478148674E0,1.615711463E2,5.978035543E0,3.043369025E0
3.099569718E2,5.057034020E1,8.670191779E0,1.923987259E2,2.591184398E0,1.617015666E2,5.820225074E0,3.000000000E0
3.109569502E2,5.057031072E1,8.670194474E0,1.922115454E2,2.679173046E0,1.654449993E2,5.663616078E0,3.000000000E0
3.119569298E2,5.057028674E1,8.670204402E0,1.919278009E2,2.586648251E0,1.650885165E2,5.600377568E0,3.000000000E0
3.129569093E2,5.057026506E1,8.670205573E0,1.919748569E2,2.472049591E0,1.689669683E2,5.457878767E0,3.000000000E0
3.139568906E2,5.057023818E1,8.670220296E0,1.922745035E2,2.584422321E0,1.660898197E2,5.313214789E0,3.000000000E0
3.149568716E2,5.057021465E1,8.670234647E0,1.920650496E2,2.457390619E0,1.629523617E2,5.147554052E0,3.000000000E0
3.159568527E2,5.057019020E1,8.670245111E0,1.914802828E2,2.528979466E0,1.618423122E2,5.037566182E0,3.000000000E0
3.169568350E2,5.057016374E1,8.670241118E0,1.920269609E2,2.573038525E0,1.682871567E2,4.904741967E0,3.000000000E0
3.179568175E2,5.057013962E1,8.670252483E0,1.921680847E2,2.610581371E0,1.676872099E2,4.884565006E0,3.000000000E0
3.189568008E2,5.057011679E1,8.670252175E0,1.925438152E2,2.524654152E0,1.708402040E2,4.760926636E0,3.000000000E0
3.199567845E2,5.057009219E1,8.670268432E0,1.924086476E2,2.476562603E0,1.663919476E2,4.651533992E0,3.000000000E0
3.209567685E2,5.057006926E1,8.670267686E0,1.927305517E2,2.368819361E0,1.684268804E2,4.518957288E0,3.000000000E0
3.219567521E2,5.057004059E1,8.670260494E0,1.930881769E2,2.460020900E0,1.732820752E2,4.431947265E0,3.000000000E0
3.229567370E2,5.057001712E1,8.670271247E0,1.922279004E2,2.543559053E0,1.703505268E2,4.367181928E0,3.000000000E0
3.239567214E2,5.056998898E1,8.670280344E0,1.918219445E2,2.618140488E0,1.694055556E2,4.315101784E0,3.000000000E0
3.249567064E2,5.056996398E1,8.670297102E0,1.916557324E2,2.655807856E0,1.676448959E2,4.237133507E0,3.000000000E0
3.259566928E2,5.056993838E1,8.670291981E0,1.935184209E2,2.517326582E0,1.749822734E2,4.205385793E0,3.000000000E0
3.269566778E2,5.056991853E1,8.670297780E0,1.917247730E2,2.359320815E0,1.717398448E2,4.162323888E0,3.000000000E0
3.279566643E2,5.056989382E1,8.670309735E0,1.914347114E2,2.323725640E0,1.664370405E2,4.158824234E0,3.000000000E0
3.289566507E2,5.056986905E1,8.670329096E0,1.919382007E2,2.495091238E0,1.577905769E2,4.055979074E0,3.000000000E0
3.299566369E2,5.056985232E1,8.670349371E0,1.920017530E2,2.451717699E0,1.494716050E2,3.970064493E0,3.000000000E0
3.309566231E2,5.056982366E1,8.670350088E0,1.924388786E2,2.714932196E0,1.595681448E2,3.893821352E0,3.000000000E0
3.319566108E2,5.056979524E1,8.670357873E0,1.921001788E2,2.641281405E0,1.595534118E2,3.935443321E0,3.000000000E0
3.329565978E2,5.056975898E1,8.670360407E0,1.923056748E2,2.926047218E0,1.665083552E2,3.884560963E0,3.000000000E0
3.339565855E2,5.056973267E1,8.670364521E0,1.930947373E2,2.736529340E0,1.718374740E2,3.842332892E0,3.000000000E0
3.349565723E2,5.056971133E1,8.670365306E0,1.922024935E2,2.555468671E0,1.760017326E2,3.777020340E0,3.000000000E0
3.359565603E2,5.056968098E1,8.670383057E0,1.920412840E2,2.806988778E0,1.702377322E2,3.751719136E0,3.000000000E0
3.369565477E2,5.056965453E1,8.670399215E0,1.928497415E2,2.809311157E0,1.671055903E2,3.722942822E0,3.000000000E0
3.379565359E2,5.056963107E1,8.670403660E0,1.923373840E2,2.675746338E0,1.683005122E2,3.798468305E0,3.000000000E0
3.389565239E2,5.056960803E1,8.670408804E0,1.921653316E2,2.570063163E0,1.671844491E2,3.708544887E0,3.000000000E0
3.399565117E2,5.056958142E1,8.670428859E0,1.920723435E2,2.670727590E0,1.642396804E2,3.731240276E0,3.000000000E0
3.409564999E2,5.056955444E1,8.670439570E0,1.916872130E2,2.623682180E0,1.611807738E2,3.661441713E0,3.000000000E0
3.419564879E2,5.056952954E1,8.670444590E0,1.916831028E2,2.496640946E0,1.642869222E2,3.677627798E0,3.000000000E0
3.429564763E2,5.056950696E1,8.670458032E0,1.914164618E2,2.455406056E0,1.645687257E2,3.652951685E0,3.000000000E0
3.439564643E2,5.056948275E1,8.670470002E0,1.916390206E2,2.466011375E0,1.620228682E2,3.626019995E0,3.000000000E0
3.449564538E2,5.056946065E1,8.670481731E0,1.912268403E2,2.487594224E0,1.626286004E2,3.559849427E0,3.000000000E0
3.459564420E2,5.056943276E1,8.670488144E0,1.917927031E2,2.633870617E0,1.625425041E2,3.537634255E0,3.000000000E0
3.469564309E2,5.056940590E1,8.670501455E0,1.915144359E2,2.703318950E0,1.622921299E2,3.485333383E0,3.000000000E0
3.479564198E2,5.056937101E1,8.670510500E0,1.923359607E2,2.872717577E0,1.682311488E2,3.431981525E0,3.000000000E0
3.489564090E2,5.056934935E1,8.670490006E0,1.909417845E2,2.452943753E0,2.005812926E2,3.450952026E0,3.000000000E0
3.499563977E2,5.056931623E1,8.670514791E0,1.915310421E2,2.752177739E0,1.777982413E2,3.505949462E0,3.000000000E0
3.509563860E2,5.056929235E1,8.670543661E0,1.918791290E2,2.743428578E0,1.581760418E2,3.483695464E0,3.000000000E0
3.519563756E2,5.056927349E1,8.670562160E0,1.926615603E2,2.505661206E0,1.504923896E2,3.498614158E0,3.000000000E0
3.529563644E2,5.056925630E1,8.670595130E0,1.924383681E2,2.611189599E0,1.405417880E2,3.489844881E0,3.000000000E0
3.539563538E2,5.056922354E1,8.670595464E0,1.926775578E2,2.766196567E0,1.597194426E2,3.415352608E0,3.000000000E0
3.549563425E2,5.056919868E1,8.670621235E0,1.915533317E2,2.840968168E0,1.538273192E2,3.366264485E0,3.000000000E0
3.559563314E2,5.056917234E1,8.670634444E0,1.916507216E2,2.803799340E0,1.584888031E2,3.334561947E0,3.000000000E0
3.569563208E2,5.056914973E1,8.670657181E0,1.923528847E2,2.770799230E0,1.572515500E2,3.302721060E0,3.000000000E0
3.579563106E2,5.056912490E1,8.670665942E0,1.924819265E2,2.692266734E0,1.614168408E2,3.249068540E0,3.000000000E0
3.589562998E2,5.056909947E1,8.670687465E0,1.923943437E2,2.744738401E0,1.584360709E2,3.186615116E0,3.000000000E0
3.599562891E2,5.056907298E1,8.670706315E0,1.925516046E2,2.793131934E0,1.560141939E2,3.131144498E0,3.000000000E0
3.609562784E2,5.056905065E1,8.670720975E0,1.921372952E2,2.684671795E0,1.602165539E2,3.086015683E0,3.000000000E0
3.619562678E2,5.056902713E1,8.670730266E0,1.918930321E2,2.564696931E0,1.619398109E2,3.041487550E0,3.000000000E0
3.629562578E2,5.056900146E1,8.670747083E0,1.921974819E2,2.646900864E0,1.584247593E2,2.989413175E0,3.000000000E0
3.639562471E2,5.056897696E1,8.670762906E0,1.918377217E2,2.755772712E0,1.583890431E2,2.940062219E0,3.000000000E0
3.649562365E2,5.056895797E1,8.670790818E0,1.913439810E2,2.696204427E0,1.517695281E2,2.893059115E0,3.000000000E0
3.659562255E2,5.056893703E1,8.670818227E0,1.916454026E2,2.763602902E0,1.495215916E2,2.881513321E0,3.000000000E0
3.669562151E2,5.056891185E1,8.670828994E0,1.922291925E2,2.708551786E0,1.544943662E2,2.847299285E0,3.000000000E0
3.679562048E2,5.056888447E1,8.670825374E0,1.915530801E2,2.632154752E0,1.629668617E2,2.812258610E0,3.000000000E0
3.689561936E2,5.056885705E1,8.670830243E0,1.923430567E2,2.629996936E0,1.662561113E2,2.809662753E0,3.000000000E0
3.699561843E2,5.056883180E1,8.670840537E0,1.921072710E2,2.642659897E0,1.645143624E2,2.905571446E0,3.000000000E0
3.709561731E2,5.056881072E1,8.670854678E0,1.913461660E2,2.597387980E0,1.615173844E2,3.362770020E0,3.000000000E0
3.719561626E2,5.056879084E1,8.670876120E0,1.911409487E2,2.557405400E0,1.599245432E2,3.958878450E0,3.000000000E0
3.729561529E2,5.056876710E1,8.670886394E0,1.905334762E2,2.551680529E0,1.623938677E2,4.680028065E0,3.000000000E0
3.739561421E2,5.056873825E1,8.670892809E0,1.918029409E2,2.627170180E0,1.648560362E2,4.601027000E0,3.000000000E0
3.749561323E2,5.056871069E1,8.670881639E0,1.913758907E2,2.550294713E0,1.686521544E2,3.987868969E0,3.000000000E0
3.759561212E2,5.056868686E1,8.670891913E0,1.911833701E2,2.507515406E0,1.658763792E2,4.254160801E0,3.000000000E0
3.769561110E2,5.056865504E1,8.670918517E0,1.907971177E2,2.610871356E0,1.612505737E2,4.149139693E0,3.000000000E0
3.779561011E2,5.056863854E1,8.670940529E0,1.912087199E2,2.516709576E0,1.563542491E2,4.041682708E0,3.000000000E0
3.789560903E2,5.056861494E1,8.670963642E0,1.915474409E2,2.588655578E0,1.548689423E2,3.939598571E0,3.000000000E0
3.799560797E2,5.056858387E1,8.670977980E0,1.913785419E2,2.734370693E0,1.578724953E2,3.905009741E0,3.000000000E0
3.809560697E2,5.056855671E1,8.670983007E0,1.907648416E2,2.744062531E0,1.628709400E2,3.809759250E0,3.000000000E0
3.819560593E2,5.056853748E1,8.671002150E0,1.904650120E2,2.641749071E0,1.605069684E2,3.725418321E0,3.000000000E0
3.829560493E2,5.056852104E1,8.671020356E0,1.901868503E2,2.437473359E0,1.591625699E2,3.639147401E0,3.000000000E0
3.839560391E2,5.056848862E1,8.671030275E0,1.922386820E2,2.583442324E0,1.618439650E2,3.592382516E0,3.000000000E0
3.849560283E2,5.056846292E1,8.671049823E0,1.916553625E2,2.749772501E0,1.602531050E2,3.591258210E0,3.000000000E0
3.859560186E2,5.056843701E1,8.671067473E0,1.917943628E2,2.794226748E0,1.595856508E2,3.569124942E0,3.000000000E0
3.869560076E2,5.056841043E1,8.671069523E0,1.914016313E2,2.743567711E0,1.692341259E2,3.490668684E0,3.000000000E0
3.879559977E2,5.056838820E1,8.671100019E0,1.912226835E2,2.764037849E0,1.620072632E2,3.433031538E0,3.000000000E0
3.889559880E2,5.056836747E1,8.671112834E0,1.910088964E2,2.631232057E0,1.638900602E2,3.361379957E0,3.000000000E0
3.899559771E2,5.056834033E1,8.671135468E0,1.901922125E2,2.732090466E0,1.590579040E2,3.333892048E0,3.000000000E0
3.909559669E2,5.056831961E1,8.671159859E0,1.897013790E2,2.638839022E0,1.524950746E2,3.334555307E0,3.000000000E0
3.919559568E2,5.056829507E1,8.671174375E0,1.916123386E2,2.613325846E0,1.559544941E2,3.267827544E0,3.000000000E0
3.929559472E2,5.056827119E1,8.671183658E0,1.909750400E2,2.595254036E0,1.622497845E2,3.212534455E0,3.000000000E0
3.939559367E2,5.056825056E1,8.671213629E0,1.907372272E2,2.714671037E0,1.558502270E2,3.196044355E0,3.000000000E0
3.949559259E2,5.056822817E1,8.671234511E0,1.902924735E2,2.667939720E0,1.551058684E2,3.149087003E0,3.000000000E0
3.959559160E2,5.056819878E1,8.671226127E0,1.901589929E2,2.642640915E0,1.594217175E2,3.172619649E0,3.000000000E0
3.969559054E2,5.056817999E1,8.671260813E0,1.918634957E2,2.629997440E0,1.476167177E2,3.129471310E0,3.000000000E0
3.979558954E2,5.056814962E1,8.671277741E0,1.908409981E2,2.848738902E0,1.508152143E2,3.101932940E0,3.000000000E0
3.989558856E2,5.056813287E1,8.671301519E0,1.904052983E2,2.692450663E0,1.465755874E2,3.046836292E0,3.000000000E0
3.999558752E2,5.056811009E1,8.671320078E0,1.909791433E2,2.658965220E0,1.486368567E2,3.148225757E0,3.000000000E0
4.009558642E2,5.056807535E1,8.671312496E0,1.907122831E2,2.690192205E0,1.606935025E2,3.259331327E0,3.000000000E0
4.019558541E2,5.056804974E1,8.671331870E0,1.918620763E2,2.756566779E0,1.555242165E2,3.036596330E0,3.000000000E0
4.029558445E2,5.056801780E1,8.671335879E0,1.905097717E2,2.910635084E0,1.611728221E2,2.968187011E0,3.000000000E0
4.039558337E2,5.056799714E1,8.671357936E0,1.904403123E2,2.888648832E0,1.603900588E2,2.919777656E0,3.000000000E0
4.049558243E2,5.056797655E1,8.671380882E0,1.909825601E2,2.823416653E0,1.568544321E2,2.917101917E0,3.000000000E0
4.059558135E2,5.056795451E1,8.671406455E0,1.904411594E2,2.867467332E0,1.538663459E2,2.946972276E0,3.000000000E0
4.069558039E2,5.056792133E1,8.671406078E0,1.909966126E2,3.003543514E0,1.614632523E2,2.867873186E0,3.000000000E0
4.079557936E2,5.056790074E1,8.671414098E0,1.908797927E2,2.824599978E0,1.591678463E2,2.835115873E0,3.000000000E0
4.089557825E2,5.056787115E1,8.671422517E0,1.906870587E2,2.940028659E0,1.608323139E2,2.864651150E0,3.000000000E0
4.099557734E2,5.056784799E1,8.671447747E0,1.905673848E2,3.005701892E0,1.558310037E2,2.840777648E0,3.000000000E0
4.109557621E2,5.056782410E1,8.671455464E0,1.906425788E2,2.838014566E0,1.553125163E2,2.822640429E0,3.000000000E0
4.119572712E2,5.056780208E1,8.671475066E0,1.905438540E2,2.823047550E0,1.547837542E2,2.793679860E0,3.000000000E0
4.129572806E2,5.056777625E1,8.671490485E0,1.909979028E2,2.898925174E0,1.567849736E2,2.813780157E0,3.000000000E0
4.139572679E2,5.056775352E1,8.671511894E0,1.906302445E2,2.947480274E0,1.545469481E2,2.773091154E0,3.000000000E0
4.149572695E2,5.056773194E1,8.671527310E0,1.905546454E2,2.800015451E0,1.549746529E2,2.825213207E0,3.000000000E0
4.159572681E2,5.056770723E1,8.671538675E0,1.908363321E2,2.776009166E0,1.560421581E2,2.849349739E0,3.000000000E0
4.169572451E2,5.056768413E1,8.671566080E0,1.904149183E2,2.758836032E0,1.462475959E2,2.900527962E0,3.000000000E0
4.179572409E2,5.056765385E1,8.671570140E0,1.914904394E2,2.911871305E0,1.534772769E2,2.955534915E0,3.000000000E0
4.189572378E2,5.056762527E1,8.671581593E0,1.904555862E2,2.881589675E0,1.518521264E2,3.054403232E0,3.000000000E0
4.199572104E2,5.056759653E1,8.671595543E0,1.900820290E2,3.063045354E0,1.538522130E2,3.035711516E0,3.000000000E0
4.209572010E2,5.056757260E1,8.671626514E0,1.897144210E2,3.083284069E0,1.428682866E2,3.038448387E0,3.000000000E0
4.219571937E2,5.056754415E1,8.671630420E0,1.907761555E2,2.956351330E0,1.511111608E2,3.094442589E0,3.000000000E0
4.229571666E2,5.056751799E1,8.671631181E0,1.909777904E2,2.824737044E0,1.582831386E2,3.062055371E0,3.000000000E0
4.239571639E2,5.056749049E1,8.671634526E0,1.909902483E2,2.744733670E0,1.638172266E2,3.021310611E0,3.000000000E0
4.249571530E2,5.056746383E1,8.671630224E0,1.906735461E2,2.664939280E0,1.731134902E2,3.027568678E0,3.000000000E0
4.259571264E2,5.056743828E1,8.671625397E0,1.903889439E2,2.771157436E0,1.798361558E2,3.016311183E0,3.000000000E0
4.269570986E2,5.056740853E1,8.671613655E0,1.906276118E2,2.876867052E0,1.860340328E2,3.104058850E0,3.000000000E0
4.279570742E2,5.056738247E1,8.671604075E0,1.922130960E2,2.906627722E0,1.899306723E2,3.220389224E0,3.000000000E0
4.289570488E2,5.056735138E1,8.671597392E0,1.918445253E2,3.066902560E0,1.891790730E2,3.251526604E0,3.000000000E0
4.299570247E2,5.056732250E1,8.671593445E0,1.899579871E2,3.161997315E0,1.874186437E2,3.305166685E0,3.000000000E0
4.309570011E2,5.056729811E1,8.671588202E0,1.889314121E2,2.985055724E0,1.851235053E2,3.239908352E0,3.000000000E0
4.319569792E2,5.056727881E1,8.671571401E0,1.907232893E2,2.774371473E0,1.898195271E2,3.266938638E0,3.000000000E0
4.329569576E2,5.056725342E1,8.671573648E0,1.905527881E2,2.672977149E0,1.849693001E2,3.518767094E0,3.000000000E0
4.339569367E2,5.056722868E1,8.671584013E0,1.910291333E2,2.578584044E0,1.795172906E2,3.777483881E0,3.000000000E0
4.349569159E2,5.056720102E1,8.671595932E0,1.909774729E2,2.687520683E0,1.762152272E2,3.971007191E0,3.000000000E0
4.359568959E2,5.056717752E1,8.671616607E0,1.895401643E2,2.700863909E0,1.696603369E2,4.328753716E0,3.000000000E0
4.369568760E2,5.056714869E1,8.671604691E0,1.899254035E2,2.799563755E0,1.764445485E2,4.603818067E0,3.000000000E0
4.379568561E2,5.056712393E1,8.671644591E0,1.900940858E2,2.920131564E0,1.595600286E2,4.889504614E0,3.000000000E0
4.389568391E2,5.056710070E1,8.671640570E0,1.902840531E2,2.605991840E0,1.743189828E2,5.126100455E0,3.000000000E0
4.399568202E2,5.056708428E1,8.671623180E0,1.895688549E2,2.506497300E0,1.948437108E2,5.113444533E0,3.000000000E0
4.409568026E2,5.056707900E1,8.671596823E0,1.899746115E2,2.587110043E0,2.118709861E2,5.007080985E0,3.000000000E0
4.419567847E2,5.056707582E1,8.671547121E0,1.901352439E2,2.909485515E0,2.312189742E2,4.910387821E0,3.000000000E0
4.429567672E2,5.056707160E1,8.671519599E0,1.903788121E2,2.909036903E0,2.354026477E2,5.131612517E0,3.000000000E0
4.439567512E2,5.056705033E1,8.671482099E0,1.904339317E2,3.061479625E0,2.340802929E2,5.208209879E0,3.000000000E0
4.449567343E2,5.056704329E1,8.671430848E0,1.910962533E2,3.066034579E0,2.431991990E2,5.170158087E0,3.000000000E0
4.459567183E2,5.056702758E1,8.671391660E0,1.903048406E2,3.033335751E0,2.412347735E2,5.036034905E0,3.000000000E0
4.469567015E2,5.056700687E1,8.671362053E0,1.901567630E2,2.895507972E0,2.367937742E2,5.058712955E0,3.000000000E0
4.479566865E2,5.056698406E1,8.671332922E0,1.903478566E2,2.957462382E0,2.315693458E2,4.993640459E0,3.000000000E0
4.489566708E2,5.056696457E1,8.671301549E0,1.913693098E2,2.870820475E0,2.286874101E2,4.940902907E0,3.000000000E0
4.499566563E2,5.056693901E1,8.671286017E0,1.906426479E2,2.790875417E0,2.238842756E2,4.893152334E0,3.000000000E0
4.509566414E2,5.056692060E1,8.671254071E0,1.911017107E2,2.865343944E0,2.273835697E2,4.928958956E0,3.000000000E0
4.519566264E2,5.056690530E1,8.671221368E0,1.914442127E2,2.952647956E0,2.304228086E2,4.853808772E0,3.000000000E0
4.529566109E2,5.056688970E1,8.671187905E0,1.913061993E2,2.963633540E0,2.307143065E2,4.802825175E0,3.000000000E0
4.539565964E2,5.056687834E1,8.671154498E0,1.905496679E2,2.925968799E0,2.354337686E2,4.732892113E0,3.000000000E0
4.549565823E2,5.056685583E1,8.671130473E0,1.903728755E2,2.890252063E0,2.310206633E2,4.643643753E0,3.000000000E0
4.559565690E2,5.056682963E1,8.671106758E0,1.914638852E2,2.861797502E0,2.224226857E2,4.637406463E0,3.000000000E0
4.569565549E2,5.056680428E1,8.671072191E0,1.910165412E2,2.901129201E0,2.266058918E2,4.584315668E0,3.000000000E0
4.579565411E2,5.056678527E1,8.671033737E0,1.910229275E2,3.052508874E0,2.305551664E2,4.550551225E0,3.000000000E0
4.589565270E2,5.056676455E1,8.671003180E0,1.904514440E2,2.964234059E0,2.284991864E2,4.470225298E0,3.000000000E0
4.599565138E2,5.056674811E1,8.670972188E0,1.898873567E2,2.904177000E0,2.321911500E2,4.398336653E0,3.000000000E0
4.609564992E2,5.056672533E1,8.670950295E0,1.897422774E2,2.825149239E0,2.238635514E2,4.278419815E0,3.000000000E0
4.619564862E2,5.056670168E1,8.670909334E0,1.910483175E2,3.078745546E0,2.222779184E2,4.238437508E0,3.000000000E0
4.629564729E2,5.056668866E1,8.670875697E0,1.913390038E2,2.989581769E0,2.298719407E2,4.170373641E0,3.000000000E0
4.639564595E2,5.056666686E1,8.670851412E0,1.910609462E2,2.915052153E0,2.235869828E2,4.199940811E0,3.000000000E0
4.649564468E2,5.056665061E1,8.670812890E0,1.911858055E2,2.896759768E0,2.296273277E2,4.131498561E0,3.000000000E0
4.659564341E2,5.056664114E1,8.670768161E0,1.902496166E2,2.959478534E0,2.402516864E2,4.138987680E0,3.000000000E0
4.669564207E2,5.056662195E1,8.670734489E0,1.912149412E2,2.941396325E0,2.341362014E2,4.093161051E0,3.000000000E0
4.679564072E2,5.056660402E1,8.670689159E0,1.915749659E2,3.151021121E0,2.374372089E2,4.039145634E0,3.000000000E0
4.689563946E2,5.056658606E1,8.670655708E0,1.914097372E2,3.093695000E0,2.328155063E2,3.971047424E0,3.000000000E0
4.699563816E2,5.056656740E1,8.670622829E0,1.910683344E2,3.055582131E0,2.300546916E2,3.911814719E0,3.000000000E0
4.709563690E2,5.056655606E1,8.670571112E0,1.903121031E2,3.227648581E0,2.394081865E2,3.880077773E0,3.000000000E0
4.719563562E2,5.056653848E1,8.670539684E0,1.909820619E2,2.959640537E0,2.359705022E2,3.879153451E0,3.000000000E0
4.729563441E2,5.056652692E1,8.670498315E0,1.913398042E2,2.948112289E0,2.412950250E2,3.807154334E0,3.000000000E0
4.739563309E2,5.056651036E1,8.670463375E0,1.913241260E2,2.979009345E0,2.412029365E2,3.748883119E0,3.000000000E0
4.749563185E2,5.056649239E1,8.670432890E0,1.909961047E2,2.955590681E0,2.366212873E2,3.695857697E0,3.000000000E0
4.759563057E2,5.056647648E1,8.670401896E0,1.913598742E2,2.927325235E0,2.342637218E2,3.649142611E0,3.000000000E0
4.769562942E2,5.056645904E1,8.670370687E0,1.912444157E2,2.919271565E0,2.340358739E2,3.682127426E0,3.000000000E0
4.779562806E2,5.056643961E1,8.670335074E0,1.913763634E2,3.099831076E0,2.338721954E2,3.678599775E0,3.000000000E0
4.789562682E2,5.056641233E1,8.670297148E0,1.911307654E2,3.169159813E0,2.310684862E2,3.669649374E0,3.000000000E0
4.799562560E2,5.056639782E1,8.670250907E0,1.917455890E2,3.023423439E0,2.377567366E2,3.633285831E0,3.000000000E0
4.809562436E2,5.056637974E1,8.670218874E0,1.918818641E2,3.135538499E0,2.325976429E2,3.683818390E0,3.000000000E0
4.819562324E2,5.056636426E1,8.670185321E0,1.917546137E2,3.107817795E0,2.329694451E2,3.851215194E0,3.000000000E0
4.829562197E2,5.056634352E1,8.670161531E0,1.916746553E2,2.934816827E0,2.289675896E2,3.972028220E0,3.000000000E0
4.839562067E2,5.056633032E1,8.670121081E0,1.913746018E2,2.799002799E0,2.308588871E2,4.158297314E0,3.000000000E0
4.849561943E2,5.056631647E1,8.670085605E0,1.921293657E2,2.725926518E0,2.327047304E2,4.201417331E0,3.000000000E0
4.859561824E2,5.056630730E1,8.670054702E0,1.919130273E2,2.588994970E0,2.392292038E2,4.536548564E0,3.000000000E0
4.869561707E2,5.056628770E1,8.670015738E0,1.923462392E2,2.761991711E0,2.378284592E2,4.520043923E0,3.000000000E0
4.879561583E2,5.056626631E1,8.669982502E0,1.915721692E2,2.899659768E0,2.365559416E2,4.394041724E0,3.000000000E0
4.889561462E2,5.056623338E1,8.669952914E0,1.919334619E2,2.966544762E0,2.292472969E2,4.329754383E0,3.000000000E0
4.899561336E2,5.056621050E1,8.669916033E0,1.918597183E2,3.138702054E0,2.267697980E2,4.308510837E0,3.000000000E0
4.909561217E2,5.056618461E1,8.669882531E0,1.920484754E2,3.133274124E0,2.234626172E2,4.254204295E0,3.000000000E0
4.919561100E2,5.056618119E1,8.669837637E0,1.922265157E2,2.669139002E0,2.373121383E2,4.196391367E0,3.000000000E0
4.929560982E2,5.056616462E1,8.669796624E0,1.930044741E2,2.822526224E0,2.364665581E2,4.107165412E0,3.000000000E0
4.939560858E2,5.056615444E1,8.669754097E0,1.933462416E2,2.805631792E0,2.419635831E2,4.078380301E0,3.000000000E0
4.949560734E2,5.056614387E1,8.669720978E0,1.943486921E2,2.762471958E0,2.413444935E2,4.030021043E0,3.000000000E0
4.959560612E2,5.056612979E1,8.669687400E0,1.947677777E2,2.858309665E0,2.379703869E2,3.954610647E0,3.000000000E0
4.969560493E2,5.056610579E1,8.669656561E0,1.943283486E2,3.094413851E0,2.285490743E2,3.896069947E0,3.000000000E0
4.979560372E2,5.056608571E1,8.669639187E0,1.948730062E2,2.906863010E0,2.228990613E2,3.841089660E0,3.000000000E0
4.989560257E2,5.056606791E1,8.669607987E0,1.953980872E2,2.859566642E0,2.218716610E2,3.892241062E0,3.000000000E0
4.999560131E2,5.056607068E1,8.669580152E0,1.946320098E2,1.591291029E0,2.410135429E2,3.860294806E0,3.000000000E0
5.009560014E2,5.056607934E1,8.669516948E0,1.946856596E2,2.806050484E0,2.645842943E2,3.795974390E0,3.000000000E0
5.019559890E2,5.056606956E1,8.669511966E0,1.945024231E2,1.568918426E0,2.590437573E2,3.766388337E0,3.000000000E0
5.029559778E2,5.056604222E1,8.669484416E0,1.944990626E2,2.000085739E0,2.394237999E2,3.781717237E0,3.000000000E0
5.039559661E2,5.056600871E1,8.669483972E0,1.940657145E2,1.651959732E0,2.107451717E2,3.732656276E0,3.000000000E0
5.049559529E2,5.056599295E1,8.669467180E0,1.941711761E2,1.666246944E0,2.110021338E2,3.796811037E0,3.000000000E0
5.059559419E2,5.056598215E1,8.669462850E0,1.937578662E2,1.187591464E0,1.964442627E2,3.706970487E0,3.000000000E0
5.069559292E2,5.056596950E1,8.669435862E0,1.932159379E2,1.540024253E0,2.131849012E2,3.709273079E0,3.000000000E0
5.079559169E2,5.056594934E1,8.669397382E0,1.933542915E2,2.172103965E0,2.194962263E2,3.684101157E0,3.000000000E0
5.089559060E2,5.056592607E1,8.669353232E0,1.927056452E2,2.781105572E0,2.230710038E2,3.752298759E0,3.000000000E0
5.099558939E2,5.056589846E1,8.669294092E0,1.931238589E2,3.477079370E0,2.291231416E2,3.798611838E0,3.000000000E0
5.109558814E2,5.056588419E1,8.669240728E0,1.932823427E2,3.464557907E0,2.351218810E2,3.858141660E0,3.000000000E0
5.119558694E2,5.056585747E1,8.669202912E0,1.936635669E2,3.418602607E0,2.317509876E2,3.818182086E0,3.000000000E0
5.129558573E2,5.056583458E1,8.669155725E0,1.938428183E2,3.280271766E0,2.327531324E2,3.882030580E0,3.000000000E0
5.139558460E2,5.056581474E1,8.669115524E0,1.933490870E2,3.040418807E0,2.328112423E2,3.951121352E0,3.000000000E0
5.149558342E2,5.056579887E1,8.669077141E0,1.927174784E2,2.965682435E0,2.347918122E2,3.997186640E0,3.000000000E0
5.159558214E2,5.056577506E1,8.669035957E0,1.936252652E2,2.866285131E0,2.290847443E2,3.931009171E0,3.000000000E0
5.169558101E2,5.056574946E1,8.668999130E0,1.944327038E2,2.965811540E0,2.245447396E2,4.009166269E0,3.000000000E0
5.179557980E2,5.056573312E1,8.668961221E0,1.938423466E2,2.963592538E0,2.244167543E2,3.908707952E0,3.000000000E0
5.189557856E2,5.056571672E1,8.668916348E0,1.937853566E2,3.114989230E0,2.316914443E2,3.825212860E0,3.000000000E0
5.199557741E2,5.056569465E1,8.668880210E0,1.931429690E2,3.166100492E0,2.294514003E2,3.773781259E0,3.000000000E0
5.209557619E2,5.056567381E1,8.668846795E0,1.937747570E2,3.132625990E0,2.252769745E2,3.709342438E0,3.000000000E0
5.219557500E2,5.056565278E1,8.668809639E0,1.943884633E2,3.199070614E0,2.253630812E2,3.677475356E0,3.000000000E0
5.229557382E2,5.056563553E1,8.668763971E0,1.940953454E2,3.192459712E0,2.302274490E2,3.630870821E0,3.000000000E0
5.239557266E2,5.056563147E1,8.668715173E0,1.942426222E2,2.997790201E0,2.407220728E2,3.607876433E0,3.000000000E0
5.249557149E2,5.056561486E1,8.668673991E0,1.931637658E2,3.030738801E0,2.385429509E2,3.692832950E0,3.000000000E0
5.259557021E2,5.056559479E1,8.668628993E0,1.941750749E2,3.123079030E0,2.360969571E2,3.642454880E0,3.000000000E0
5.269556904E2,5.056557042E1,8.668598422E0,1.943234891E2,3.160767455E0,2.289789779E2,3.656700405E0,3.000000000E0
5.279556795E2,5.056555183E1,8.668563301E0,1.940051984E2,2.998755027E0,2.281934904E2,3.643872957E0,3.000000000E0
5.289556668E2,5.056553370E1,8.668523838E0,1.938566432E2,3.064168585E0,2.344122798E2,3.706515370E0,3.000000000E0
5.299556550E2,5.056551218E1,8.668491961E0,1.936637183E2,3.051871504E0,2.333634709E2,3.718145540E0,3.000000000E0
5.309556428E2,5.056550265E1,8.668446331E0,1.934136823E2,3.024585994E0,2.374211199E2,3.668550564E0,3.000000000E0
5.319556307E2,5.056548873E1,8.668407955E0,1.941792550E2,3.025222771E0,2.390032030E2,3.700942591E0,3.000000000E0
5.329556190E2,5.056546545E1,8.668377980E0,1.940615083E2,3.077575461E0,2.332043122E2,3.615895459E0,3.000000000E0
5.339556079E2,5.056544842E1,8.668342104E0,1.942509887E2,3.068616510E0,2.326548913E2,3.535100686E0,3.000000000E0
5.349555953E2,5.056543313E1,8.668304301E0,1.940211293E2,3.017540358E0,2.331906038E2,3.547757699E0,3.000000000E0
5.359555835E2,5.056541300E1,8.668266213E0,1.929217070E2,3.060083016E0,2.309340189E2,3.620658997E0,3.000000000E0
5.369555714E2,5.056539067E1,8.668230237E0,1.941759000E2,3.180782214E0,2.299926476E2,3.548459400E0,3.000000000E0
5.379570577E2,5.056537152E1,8.668199387E0,1.946337226E2,3.020859299E0,2.275620694E2,3.519692494E0,3.000000000E0
5.389570665E2,5.056535264E1,8.668167075E0,1.943272346E2,3.042793476E0,2.288955331E2,3.508075321E0,3.000000000E0
5.399570507E2,5.056532694E1,8.668142579E0,1.938657917E2,2.993501154E0,2.208746723E2,3.482080860E0,3.000000000E0
5.409570504E2,5.056530902E1,8.668093101E0,1.931962092E2,3.114988991E0,2.256474010E2,3.457821479E0,3.000000000E0
5.419570547E2,5.056529038E1,8.668043919E0,1.937891587E2,3.201667981E0,2.273440934E2,3.486373858E0,3.000000000E0
5.429570330E2,5.056527237E1,8.667995041E0,1.942571613E2,3.232865056E0,2.328736146E2,3.554736378E0,3.000000000E0
5.439570316E2,5.056525151E1,8.667953097E0,1.944885840E2,3.263176718E0,2.311620585E2,3.491641403E0,3.000000000E0
5.449570289E2,5.056522705E1,8.667922375E0,1.938759859E2,3.255576878E0,2.269075175E2,3.436487199E0,3.000000000E0
5.459570076E2,5.056520899E1,8.667883404E0,1.935003128E2,3.218526782E0,2.270186136E2,3.454186865E0,3.000000000E0
5.469570091E2,5.056518468E1,8.667846824E0,1.934725795E2,3.259101279E0,2.233064865E2,3.431196935E0,3.000000000E0
5.479570036E2,5.056516259E1,8.667819266E0,1.936322460E2,3.107229223E0,2.222228430E2,3.359637089E0,3.000000000E0
5.489569802E2,5.056514368E1,8.667788530E0,1.945366054E2,2.997525956E0,2.234439490E2,3.311288683E0,3.000000000E0
5.499569776E2,5.056512580E1,8.667754740E0,1.936283811E2,3.001067742E0,2.254895250E2,3.796616302E0,3.000000000E0
5.509569775E2,5.056509855E1,8.667723094E0,1.933132085E2,3.137042460E0,2.246468646E2,3.958099656E0,3.000000000E0
5.519569559E2,5.056506889E1,8.667705314E0,1.930463859E2,3.130272723E0,2.167539680E2,4.175198938E0,3.000000000E0
5.529569317E2,5.056504769E1,8.667677318E0,1.935350438E2,3.070316191E0,2.165296777E2,4.466415012E0,3.000000000E0
5.539569087E2,5.056502755E1,8.667645458E0,1.935400114E2,3.005707434E0,2.171009750E2,4.463154366E0,3.000000000E0
5.549568863E2,5.056500818E1,8.667607925E0,1.937014474E2,3.060723377E0,2.207904739E2,4.669936084E0,3.000000000E0
5.559568650E2,5.056498452E1,8.667577134E0,1.933073789E2,3.126525842E0,2.201340888E2,5.022753151E0,3.000000000E0
5.569568439E2,5.056495399E1,8.667540123E0,1.934111718E2,3.118789320E0,2.199110228E2,4.925957135E0,3.000000000E0
5.579568233E2,5.056493408E1,8.667505430E0,1.932541963E2,3.067793936E0,2.224925541E2,4.802216272E0,3.000000000E0
5.589568024E2,5.056491462E1,8.667466021E0,1.930033405E2,3.110139622E0,2.255624296E2,4.746950576E0,3.000000000E0
5.599567835E2,5.056488368E1,8.667422885E0,1.931043188E2,3.333681304E0,2.214264475E2,4.719247669E0,3.000000000E0
5.609567640E2,5.056486127E1,8.667399165E0,1.927200816E2,3.133986261E0,2.204437967E2,4.624573409E0,3.000000000E0
5.619567450E2,5.056483760E1,8.667372848E0,1.928443095E2,3.071559009E0,2.177424549E2,4.611209334E0,3.000000000E0
5.629567264E2,5.056482124E1,8.667336277E0,1.930288612E2,3.069636786E0,2.235325101E2,4.520717103E0,3.000000000E0
5.639567084E2,5.056480422E1,8.667292921E0,1.930691676E2,3.157146118E0,2.287710531E2,4.421619619E0,3.000000000E0
5.649566901E2,5.056478250E1,8.667254405E0,1.933286005E2,3.160325173E0,2.278296645E2,4.346005345E0,3.000000000E0
5.659566734E2,5.056475868E1,8.667219372E0,1.929637498E2,3.197967474E0,2.267581754E2,4.308677711E0,3.000000000E0
5.669566555E2,5.056473716E1,8.667188300E0,1.927074079E2,3.138031584E0,2.261112767E2,4.214937681E0,3.000000000E0
5.679566383E2,5.056471888E1,8.667158403E0,1.928852076E2,3.025946002E0,2.243854698E2,4.177269739E0,3.000000000E0
5.689566215E2,5.056469374E1,8.667119793E0,1.927141352E2,3.144946754E0,2.218068989E2,4.249337611E0,3.000000000E0
5.699566054E2,5.056467309E1,8.667089389E0,1.935871330E2,3.037300842E0,2.215060416E2,4.154060505E0,3.000000000E0
5.709565889E2,5.056464486E1,8.667074183E0,1.930841548E2,3.049376549E0,2.149460155E2,4.111814921E0,3.000000000E0
5.719565729E2,5.056462133E1,8.667045567E0,1.927102405E2,3.078962205E0,2.161059128E2,4.026530475E0,3.000000000E0
5.729565573E2,5.056460002E1,8.667014701E0,1.929079036E2,3.066744379E0,2.177910786E2,3.967854407E0,3.000000000E0
5.739565414E2,5.056457940E1,8.666988038E0,1.926434796E2,2.967030637E0,2.180515430E2,3.970384734E0,3.000000000E0
5.749565252E2,5.056455777E1,8.666958674E0,1.921046322E2,2.980626084E0,2.195299297E2,3.918892479E0,3.000000000E0
5.759565099E2,5.056453482E1,8.666919874E0,1.928294136E2,3.087021826E0,2.233450904E2,3.856687121E0,3.000000000E0
5.769564947E2,5.056451966E1,8.666884159E0,1.927790842E2,3.045314658E0,2.288475539E2,3.974079285E0,3.000000000E0
5.779564799E2,5.056449291E1,8.666854171E0,1.925362731E2,3.033083686E0,2.231140681E2,3.974707285E0,3.000000000E0
5.789564644E2,5.056447161E1,8.666830502E0,1.929064059E2,2.903511268E0,2.159741363E2,3.940623945E0,3.000000000E0
5.799564502E2,5.056444810E1,8.666798306E0,1.920722594E2,2.992294804E0,2.156264894E2,3.958951301E0,3.000000000E0
5.809564354E2,5.056442044E1,8.666770026E0,1.928299035E2,3.093366335E0,2.142643155E2,3.868160315E0,3.000000000E0
5.819564205E2,5.056440012E1,8.666735757E0,1.930573832E2,3.090339239E0,2.188236182E2,3.793764073E0,3.000000000E0
5.829564062E2,5.056437660E1,8.666696219E0,1.925741688E2,3.091608265E0,2.186741460E2,3.800594213E0,3.000000000E0
5.839563916E2,5.056435115E1,8.666674091E0,1.930375287E2,3.076113441E0,2.161562221E2,3.794081045E0,3.000000000E0
5.849563777E2,5.056433142E1,8.666645125E0,1.925872259E2,2.986692394E0,2.191074368E2,3.813771637E0,3.000000000E0
5.859563636E2,5.056431382E1,8.666608489E0,1.909135877E2,2.875448792E0,2.240793407E2,4.049293210E0,3.000000000E0
5.869563490E2,5.056428693E1,8.666582083E0,1.923136228E2,2.961867880E0,2.211809727E2,4.128515156E0,3.000000000E0
5.879563349E2,5.056426466E1,8.666541060E0,1.930822011E2,2.989212224E0,2.235988882E2,4.186684484E0,3.000000000E0
5.889563212E2,5.056424570E1,8.666504296E0,1.927762787E2,3.020896854E0,2.249478456E2,4.152656012E0,3.000000000E0
5.899563068E2,5.056422160E1,8.666476628E0,1.922749739E2,3.064148932E0,2.222327553E2,4.177192723E0,3.000000000E0
5.909562925E2,5.056419210E1,8.666447191E0,1.925824359E2,3.299740547E0,2.119797278E2,4.070313777E0,3.000000000E0
5.919562786E2,5.056417003E1,8.666408005E0,1.924854472E2,3.320730956E0,2.158485724E2,4.032264885E0,3.000000000E0
5.929562657E2,5.056415347E1,8.666371218E0,1.911797691E2,3.098213080E0,2.227126835E2,3.986373369E0,3.000000000E0
5.939562514E2,5.056413684E1,8.666326433E0,1.926018152E2,3.113730217E0,2.302156404E2,3.910225395E0,3.000000000E0
5.949562379E2,5.056411727E1,8.666284395E0,1.931616578E2,3.129023650E0,2.315039854E2,3.873739962E0,3.000000000E0
5.959562246E2,5.056409535E1,8.666255630E0,1.927660426E2,3.090744110E0,2.274315305E2,3.809000188E0,3.000000000E0
5.969562109E2,5.056407197E1,8.666217514E0,1.922315052E2,3.156872759E0,2.259926311E2,3.790109039E0,3.000000000E0
5.979561975E2,5.056404885E1,8.666179895E0,1.922875006E2,3.161071633E0,2.251628680E2,3.786072656E0,3.000000000E0
5.989561832E2,5.056402937E1,8.666148085E0,1.922289634E2,3.093995394E0,2.250756785E2,3.836957348E0,3.000000000E0
5.999561696E2,5.056400280E1,8.666117016E0,1.923809529E2,3.120053770E0,2.211141460E2,3.745109492E0,3.000000000E0
6.009561565E2,5.056398364E1,8.666065672E0,1.934012622E2,3.350077086E0,2.299512633E2,3.688560945E0,3.000000000E0
6.019561431E2,5.056395032E1,8.666038822E0,1.929355628E2,3.474029246E0,2.191866546E2,3.632159457E0,3.000000000E0
6.029561296E2,5.056393024E1,8.666000270E0,1.920949628E2,3.327574392E0,2.224504460E2,3.593202947E0,3.000000000E0
6.039561163E2,5.056391169E1,8.665959674E0,1.921585227E2,3.237982188E0,2.253461635E2,3.593043972E0,3.000000000E0
6.049561025E2,5.056389208E1,8.665924716E0,1.927890384E2,3.146296897E0,2.264995117E2,3.536812700E0,3.000000000E0
6.059560897E2,5.056386946E1,8.665896436E0,1.923728885E2,3.053283898E0,2.250642982E2,3.459972069E0,3.000000000E0
6.069560757E2,5.056384653E1,8.665853120E0,1.929368492E2,3.252642541E0,2.273472142E2,3.392483005E0,3.000000000E0
6.079560634E2,5.056382676E1,8.665823123E0,1.932671581E2,3.107470029E0,2.264595850E2,3.404013543E0,3.000000000E0
6.089560490E2,5.056381126E1,8.665791812E0,1.932394223E2,2.999182311E0,2.279484312E2,3.333812869E0,3.000000000E0
6.099560369E2,5.056379130E1,8.665757000E0,1.928317143E2,3.079862198E0,2.268437473E2,3.420029703E0,3.000000000E0
6.109560236E2,5.056377550E1,8.665718872E0,1.926946433E2,3.098923341E0,2.296396353E2,3.568913800E0,3.000000000E0
6.119560101E2,5.056375344E1,8.665685394E0,1.927494663E2,3.109148454E0,2.281279868E2,3.662782046E0,3.000000000E0
6.129559965E2,5.056372457E1,8.665660826E0,1.931151848E2,3.186922983E0,2.203387696E2,3.941258305E0,3.000000000E0
6.139559834E2,5.056369760E1,8.665631342E0,1.924604557E2,3.208315064E0,2.188736321E2,4.252168480E0,3.000000000E0
6.149559704E2,5.056367755E1,8.665591196E0,1.927785253E2,3.178544663E0,2.234581275E2,4.411613055E0,3.000000000E0
6.159559575E2,5.056365067E1,8.665556399E0,1.928557223E2,3.137038138E0,2.213915348E2,4.291032403E0,3.000000000E0
6.169559447E2,5.056362306E1,8.665517304E0,1.933674272E2,3.240330693E0,2.239537808E2,4.460917315E0,3.000000000E0
6.179559308E2,5.056359058E1,8.665485561E0,1.923137318E2,3.230574390E0,2.209547125E2,4.338958062E0,3.000000000E0
6.189559177E2,5.056356904E1,8.665445613E0,1.925487619E2,3.169038324E0,2.245133910E2,4.323481238E0,3.000000000E0
6.199559041E2,5.056355926E1,8.665408552E0,1.929055907E2,3.086279983E0,2.296645729E2,4.211166382E0,3.000000000E0
6.209558915E2,5.056353144E1,8.665374549E0,1.932693451E2,3.152393907E0,2.244836555E2,4.193124829E0,3.000000000E0
6.219558783E2,5.056350880E1,8.665350288E0,1.930536374E2,3.002255153E0,2.211029513E2,4.115121323E0,3.000000000E0
6.229558654E2,5.056348694E1,8.665309995E0,1.931255305E2,3.112894823E0,2.239150800E2,4.047562754E0,3.000000000E0
6.239558519E2,5.056345371E1,8.665274645E0,1.925554905E2,3.275340572E0,2.202383341E2,4.038586713E0,3.000000000E0
6.249558388E2,5.056343013E1,8.665247661E0,1.925746891E2,3.206781509E0,2.175711603E2,3.973821112E0,3.000000000E0
6.259558262E2,5.056340120E1,8.665208668E0,1.927962258E2,3.343787405E0,2.179389133E2,3.904809146E0,3.000000000E0
6.269558128E2,5.056337877E1,8.665174484E0,1.932236522E2,3.281294815E0,2.191707998E2,3.809568694E0,3.000000000E0
6.279557993E2,5.056335570E1,8.665140095E0,1.930909478E2,3.249249345E0,2.213759647E2,3.719090263E0,3.000000000E0
6.289557868E2,5.056332402E1,8.665104016E0,1.932403502E2,3.336349194E0,2.187191029E2,3.676167669E0,3.000000000E0
6.299557739E2,5.056329920E1,8.665064093E0,1.933843848E2,3.335245464E0,2.199889839E2,3.665542122E0,3.000000000E0
6.309557606E2,5.056327872E1,8.665029384E0,1.932955194E2,3.283351975E0,2.225635609E2,3.616311922E0,3.000000000E0
6.319557472E2,5.056325248E1,8.665002634E0,1.927282816E2,3.237166912E0,2.190465505E2,3.573670283E0,3.000000000E0
6.329557345E2,5.056322663E1,8.664974682E0,1.923650295E2,3.208395870E0,2.176000736E2,3.527278439E0,3.000000000E0
6.339557216E2,5.056320019E1,8.664931894E0,1.934487972E2,3.377537771E0,2.210188339E2,3.480782695E0,3.000000000E0
6.349557086E2,5.056317254E1,8.664892687E0,1.926611101E2,3.513095129E0,2.207654578E2,3.419881882E0,3.000000000E0
6.359556957E2,5.056315105E1,8.664850651E0,1.918563808E2,3.455359434E0,2.226482936E2,3.379818257E0,3.000000000E0
6.369556818E2,5.056312934E1,8.664810263E0,1.926635450E2,3.405489554E0,2.249239988E2,3.336962104E0,3.000000000E0
6.379556694E2,5.056311090E1,8.664772776E0,1.937657572E2,3.263038067E0,2.276978099E2,3.356194417E0,3.000000000E0
6.389556569E2,5.056308741E1,8.664742258E0,1.926295550E2,3.198279377E0,2.262683580E2,3.320170070E0,3.000000000E0
6.399556432E2,5.056306577E1,8.664699392E0,1.921293808E2,3.355298753E0,2.292721162E2,3.304610661E0,3.000000000E0
6.409556297E2,5.056304163E1,8.664662515E0,1.923088706E2,3.361913120E0,2.276246069E2,3.263106253E0,3.000000000E0
6.419556172E2,5.056302690E1,8.664617458E0,1.928319095E2,3.409165361E0,2.348504684E2,3.315860957E0,3.000000000E0
6.429556042E2,5.056300188E1,8.664580782E0,1.915861752E2,3.440928260E0,2.309682730E2,3.334226795E0,3.000000000E0
6.439555906E2,5.056297972E1,8.664539680E0,1.921703216E2,3.434253351E0,2.300837375E2,3.603282826E0,3.000000000E0
6.449555779E2,5.056295540E1,8.664501464E0,1.924493023E2,3.421014204E0,2.285207584E2,3.917294167E0,3.000000000E0
6.459555649E2,5.056292402E1,8.664472791E0,1.924104955E2,3.452603227E0,2.225289231E2,4.121529987E0,3.000000000E0
6.469555515E2,5.056289731E1,8.664445142E0,1.917720539E2,3.311710875E0,2.198722327E2,4.263201464E0,3.000000000E0
6.479555389E2,5.056287499E1,8.664404032E0,1.920121658E2,3.291863982E0,2.237589352E2,4.383027685E0,3.000000000E0
6.489555258E2,5.056286271E1,8.664355803E0,1.922976911E2,3.285354405E0,2.298934549E2,4.562638570E0,3.000000000E0
6.499555123E2,5.056283173E1,8.664320777E0,1.923985500E2,3.319080332E0,2.263261498E2,4.735544574E0,3.000000000E0
6.509554995E2,5.056280142E1,8.664295916E0,1.911979870E2,3.371635605E0,2.204208457E2,4.598767337E0,3.000000000E0
6.519554869E2,5.056278275E1,8.664258025E0,1.910738968E2,3.268074128E0,2.210632225E2,4.468828962E0,3.000000000E0
6.529554732E2,5.056276297E1,8.664215494E0,1.928605203E2,3.230634511E0,2.245921651E2,4.393602622E0,3.000000000E0
6.539554607E2,5.056272899E1,8.664178362E0,1.919433264E2,3.598187208E0,2.194845392E2,4.279216190E0,3.000000000E0
6.549554476E2,5.056270217E1,8.664142496E0,1.916230138E2,3.512585611E0,2.189001084E2,4.224296605E0,3.000000000E0
6.559554343E2,5.056268253E1,8.664087574E0,1.918779537E2,3.477578877E0,2.255409725E2,4.264486406E0,3.000000000E0
6.569554217E2,5.056266317E1,8.664045274E0,1.920754687E2,3.422409149E0,2.273894407E2,4.281034074E0,3.000000000E0
6.579554087E2,5.056264411E1,8.664005136E0,1.908441540E2,3.326349162E0,2.291544449E2,4.290927173E0,3.000000000E0
6.589553958E2,5.056261979E1,8.663965918E0,1.911627704E2,3.370447690E0,2.250637851E2,4.222615523E0,3.000000000E0
6.599553827E2,5.056259530E1,8.663933816E0,1.915718879E2,3.347893154E0,2.240938723E2,4.223825223E0,3.000000000E0
6.609553691E2,5.056257125E1,8.663897020E0,1.911778443E2,3.373463279E0,2.243049640E2,4.213191435E0,3.000000000E0
6.619553567E2,5.056254275E1,8.663867970E0,1.907794211E2,3.439182255E0,2.223118164E2,4.158769786E0,3.000000000E0
6.629553440E2,5.056251618E1,8.663834453E0,1.914126825E2,3.410130946E0,2.211683863E2,4.082977311E0,3.000000000E0
6.639569342E2,5.056249544E1,8.663790443E0,1.912201846E2,3.411341098E0,2.241568761E2,4.069913450E0,3.000000000E0
6.649569408E2,5.056247433E1,8.663748202E0,1.906305799E2,3.462770840E0,2.255480692E2,4.010607419E0,3.000000000E0
6.659569250E2,5.056244948E1,8.663719511E0,1.903060954E2,3.387279092E0,2.223484217E2,3.910077038E0,3.000000000E0
6.669569252E2,5.056241907E1,8.663693682E0,1.906780743E2,3.358067167E0,2.188904750E2,3.878040462E0,3.000000000E0
6.679569291E2,5.056238318E1,8.663664138E0,1.908336722E2,3.544048668E0,2.136619011E2,3.915127306E0,3.000000000E0
6.689569103E2,5.056235442E1,8.663634346E0,1.906165574E2,3.468230279E0,2.118704313E2,3.938386652E0,3.000000000E0
6.699569111E2,5.056233165E1,8.663596895E0,1.899745722E2,3.445562123E0,2.153685675E2,4.166917822E0,3.000000000E0
6.709569119E2,5.056230705E1,8.663576116E0,1.898108502E2,3.253421924E0,2.149882486E2,4.591188611E0,3.000000000E0
6.719568894E2,5.056228814E1,8.663539514E0,1.897864710E2,3.178467683E0,2.192908177E2,4.959633749E0,3.000000000E0
6.729568921E2,5.056226135E1,8.663505456E0,1.889392685E2,3.267740313E0,2.186453873E2,5.525745925E0,3.000000000E0
6.739568921E2,5.056223914E1,8.663466575E0,1.894654047E2,3.341229728E0,2.215026210E2,6.153973766E0,3.000000000E0
6.749568721E2,5.056221105E1,8.663435550E0,1.893713763E2,3.397570995E0,2.211034715E2,6.310186426E0,3.000000000E0
6.759568757E2,5.056219652E1,8.663393000E0,1.891117069E2,3.346423029E0,2.270579329E2,6.117300318E0,3.000000000E0
6.769568738E2,5.056216610E1,8.663365384E0,1.898580909E2,3.360233902E0,2.229587186E2,6.248259333E0,3.000000000E0
6.779568545E2,5.056211842E1,8.663353003E0,1.895265216E2,3.505702182E0,2.156474014E2,6.103026537E0,3.000000000E0
6.789568319E2,5.056208113E1,8.663326276E0,1.893600498E2,3.678935686E0,2.137290714E2,6.160016938E0,3.000000000E0
6.799568105E2,5.056204772E1,8.663309451E0,1.887825969E2,3.518732599E0,2.102932273E2,6.238031913E0,3.000000000E0
6.809567899E2,5.056200792E1,8.663291561E0,1.889305576E2,3.503417394E0,2.082963002E2,6.239323934E0,3.000000000E0
6.819567705E2,5.056197979E1,8.663264373E0,1.891333633E2,3.368488918E0,2.093378884E2,6.457483567E0,3.000000000E0
6.829567531E2,5.056194949E1,8.663231604E0,1.889110763E2,3.370241880E0,2.107187231E2,6.538170219E0,3.000000000E0
6.839567368E2,5.056191362E1,8.663224610E0,1.892710021E2,3.454540022E0,1.998429632E2,6.351754862E0,3.000000000E0
6.849567209E2,5.056187490E1,8.663207070E0,1.893586700E2,3.488368771E0,2.004343800E2,6.550414752E0,3.000000000E0
6.859567053E2,5.056185372E1,8.663152966E0,1.889592646E2,3.450226943E0,2.075023758E2,6.405671150E0,3.000000000E0
6.869566898E2,5.056181535E1,8.663140899E0,1.882778525E2,3.513842352E0,2.042430143E2,6.333441856E0,3.000000000E0
6.879566737E2,5.056177257E1,8.663146000E0,1.886993813E2,3.709943248E0,1.917295649E2,6.587859585E0,3.000000000E0
6.889566579E2,5.056174439E1,8.663102313E0,1.882846724E2,3.549128039E0,1.970017003E2,6.490914535E0,3.000000000E0
6.899566430E2,5.056171923E1,8.663055497E0,1.874276167E2,3.485914078E0,2.003841699E2,6.512625646E0,3.000000000E0
6.909566276E2,5.056169142E1,8.663022091E0,1.875566158E2,3.476551413E0,2.014112353E2,6.530611927E0,3.000000000E0
6.919566122E2,5.056165623E1,8.663017890E0,1.871539517E2,3.436549642E0,1.997023734E2,6.456386974E0,3.000000000E0
6.929565972E2,5.056163233E1,8.663013200E0,1.876634772E2,3.339290467E0,1.965754475E2,6.469543934E0,3.000000000E0
6.939565821E2,5.056160304E1,8.663023948E0,1.886630390E2,3.311554577E0,1.915609785E2,7.019122169E0,3.000000000E0
6.949565672E2,5.056157472E1,8.662977300E0,1.878869807E2,3.439143816E0,1.946154209E2,7.006103783E0,3.000000000E0
6.959565529E2,5.056154554E1,8.662927342E0,1.872562367E2,3.429930496E0,2.009450943E2,6.867254800E0,3.000000000E0
6.969565374E2,5.056151484E1,8.662913056E0,1.876434432E2,3.425145040E0,1.976170294E2,6.860267667E0,3.000000000E0
6.979565229E2,5.056148756E1,8.662884204E0,1.876970221E2,3.386965147E0,1.993800651E2,7.102267417E0,3.000000000E0
6.989565080E2,5.056146609E1,8.662832058E0,1.867030849E2,3.328538420E0,2.087144412E2,6.956137503E0,3.000000000E0
6.999564937E2,5.056143955E1,8.662788665E0,1.871036431E2,3.396382673E0,2.110342000E2,7.266604034E0,3.000000000E0
7.009564794E2,5.056139622E1,8.662782074E0,1.871870947E2,3.553540557E0,2.031051068E2,7.403523195E0,3.000000000E0
7.019564642E2,5.056137934E1,8.662725517E0,1.880890439E2,3.369755052E0,2.174568690E2,7.409983134E0,3.000000000E0
7.029564499E2,5.056135254E1,8.662669785E0,1.877981641E2,3.573809901E0,2.203383994E2,7.286659072E0,3.000000000E0
7.039564358E2,5.056133111E1,8.662649852E0,1.870212249E2,3.402237098E0,2.187308595E2,7.479868325E0,3.000000000E0
7.049564221E2,5.056129753E1,8.662625048E0,1.867087490E2,3.323125923E0,2.168546034E2,7.540692284E0,3.000000000E0
7.059564072E2,5.056128110E1,8.662569295E0,1.866826297E2,3.394821450E0,2.232444606E2,7.389240165E0,3.000000000E0
7.069563930E2,5.056125870E1,8.662531047E0,1.872567438E2,3.371636531E0,2.245228712E2,7.165576627E0,3.000000000E0
7.079563782E2,5.056123320E1,8.662510287E0,1.869800560E2,3.343624163E0,2.224186401E2,7.063413880E0,3.000000000E0
7.089563642E2,5.056120116E1,8.662488823E0,1.871326811E2,3.399681498E0,2.203391115E2,7.212052601E0,3.000000000E0
7.099563502E2,5.056120563E1,8.662442172E0,1.870045829E2,3.258351290E0,2.301873769E2,7.048651748E0,3.000000000E0
7.109563359E2,5.056120581E1,8.662375860E0,1.869042483E2,3.290930764E0,2.365168518E2,6.868480378E0,3.000000000E0
7.119563220E2,5.056117102E1,8.662370902E0,1.857977172E2,3.273133447E0,2.264433873E2,6.625056358E0,3.000000000E0
7.129563071E2,5.056115178E1,8.662323553E0,1.870965265E2,3.241641814E0,2.304902934E2,6.429794946E0,3.000000000E0
7.139562935E2,5.056113272E1,8.662280670E0,1.876499750E2,3.200420372E0,2.332767096E2,6.208305205E0,3.000000000E0
7.149562798E2,5.056110684E1,8.662248230E0,1.871541464E2,3.291754930E0,2.294510046E2,6.037782440E0,3.000000000E0
7.159562656E2,5.056108774E1,8.662219660E0,1.870631681E2,3.247931562E0,2.279945328E2,5.905956161E0,3.000000000E0
7.169562510E2,5.056107570E1,8.662176884E0,1.868504257E2,3.286701896E0,2.341314981E2,5.806976101E0,3.000000000E0
7.179562377E2,5.056105804E1,8.662146777E0,1.869333237E2,3.119948894E0,2.339874919E2,5.655030377E0,3.000000000E0
7.189562232E2,5.056103397E1,8.662123697E0,1.869759586E2,3.179783744E0,2.298576399E2,5.565766797E0,3.000000000E0
7.199562094E2,5.056103723E1,8.662077063E0,1.870086690E2,3.087366368E0,2.442826422E2,5.387478451E0,3.000000000E0
7.209561956E2,5.056102617E1,8.662042331E0,1.876712123E2,3.124363133E0,2.437228414E2,5.470808342E0,3.000000000E0
7.219561814E2,5.056101064E1,8.662006247E0,1.877306212E2,3.159189730E0,2.421413110E2,5.607053599E0,3.000000000E0
7.229561684E2,5.056098184E1,8.661986024E0,1.878612260E2,3.184821904E0,2.356686791E2,5.854341216E0,3.000000000E0
7.239561533E2,5.056096730E1,8.661941972E0,1.876424524E2,3.225394661E0,2.367558415E2,6.237130465E0,3.000000000E0
7.249561400E2,5.056095503E1,8.661911201E0,1.870791865E2,3.172976689E0,2.357838559E2,6.468817155E0,3.000000000E0
7.259561257E2,5.056092200E1,8.661890103E0,1.876563352E2,3.227750170E0,2.287241948E2,5.795502325E0,3.000000000E0
7.269561120E2,5.056091135E1,8.661829885E0,1.884856477E2,3.162627961E0,2.339923777E2,5.743028686E0,3.000000000E0
7.279560983E2,5.056088558E1,8.661794645E0,1.882603059E2,3.117009718E0,2.308570928E2,5.577791118E0,3.000000000E0
7.289560846E2,5.056086608E1,8.661763670E0,1.882407423E2,3.086038926E0,2.297297804E2,5.480425209E0,3.000000000E0
7.299560710E2,5.056084785E1,8.661730430E0,1.875921699E2,3.092411648E0,2.291842310E2,5.508477259E0,3.000000000E0
7.309560574E2,5.056083009E1,8.661697435E0,1.883843521E2,3.072251128E0,2.277782940E2,5.982140107E0,3.000000000E0
7.319560431E2,5.056081349E1,8.661660480E0,1.889431390E2,3.101340646E0,2.290077779E2,7.816542691E0,3.000000000E0
7.329560297E2,5.056079773E1,8.661624102E0,1.889742958E2,3.126209184E0,2.299017926E2,7.856903153E0,3.000000000E0
7.339560153E2,5.056077367E1,8.661606904E0,1.885488007E2,3.069467872E0,2.260797140E2,8.620393894E0,3.000000000E0
7.349560019E2,5.056074057E1,8.661610224E0,1.882426768E2,2.934416463E0,2.138812187E2,8.428921898E0,3.000000000E0
7.359559880E2,5.056071540E1,8.661586013E0,1.877286500E2,3.008703453E0,2.133633797E2,8.509995147E0,3.000000000E0
7.369559740E2,5.056069885E1,8.661549804E0,1.885934547E2,2.994205038E0,2.153157770E2,8.603984261E0,3.000000000E0
7.379559602E2,5.056065395E1,8.661567167E0,1.890616038E2,3.008680983E0,2.042537559E2,8.524500477E0,3.000000000E0
7.389559464E2,5.056062330E1,8.661583052E0,1.884408517E2,3.005577190E0,1.901422389E2,8.510948605E0,3.000000000E0
7.399559323E2,5.056060042E1,8.661579799E0,1.879088210E2,3.058928137E0,1.834169054E2,8.344512185E0,3.000000000E0
7.409559180E2,5.056057649E1,8.661600875E0,1.876574776E2,3.160187005E0,1.767023048E2,8.320019763E0,3.000000000E0
7.419559052E2,5.056055452E1,8.661624392E0,1.878733349E2,3.286671337E0,1.694518731E2,8.126577407E0,3.000000000E0
7.429558908E2,5.056054856E1,8.661664501E0,1.876930518E2,3.149566578E0,1.584315129E2,7.924734587E0,3.000000000E0
7.439558768E2,5.056052864E1,8.661701422E0,1.878874144E2,3.091037745E0,1.531099377E2,7.697060149E0,3.000000000E0
7.449558632E2,5.056050065E1,8.661731703E0,1.880357675E2,3.178580776E0,1.507644179E2,7.505632611E0,3.000000000E0
7.459558495E2,5.056048226E1,8.661761080E0,1.877663983E2,3.093826978E0,1.488413750E2,7.386264379E0,3.000000000E0
7.469558357E2,5.056046561E1,8.661796324E0,1.877951313E2,3.070551471E0,1.429231598E2,7.143591712E0,3.000000000E0
7.479558246E2,5.056044714E1,8.661822669E0,1.867202896E2,3.038667691E0,1.399609341E2,6.886412121E0,3.000000000E0
7.489558083E2,5.056042577E1,8.661837294E0,1.876610113E2,3.002060348E0,1.447360316E2,6.695420926E0,3.000000000E0
7.499557943E2,5.056040819E1,8.661866132E0,1.883004861E2,3.042096734E0,1.426699446E2,6.550694227E0,3.000000000E0
7.509557806E2,5.056038689E1,8.661891021E0,1.883520820E2,3.102537148E0,1.426766741E2,6.328861313E0,3.000000000E0
7.519557675E2,5.056036857E1,8.661917180E0,1.879802378E2,3.055128626E0,1.419988836E2,6.186004742E0,3.000000000E0
7.529557534E2,5.056033919E1,8.661922838E0,1.876989743E2,3.017107442E0,1.494139187E2,6.059291963E0,3.000000000E0
7.539557396E2,5.056032321E1,8.661957113E0,1.870133954E2,2.970076243E0,1.441342105E2,5.856327362E0,3.000000000E0
7.549557264E2,5.056030073E1,8.661972224E0,1.888800244E2,2.864826276E0,1.480979228E2,6.003831433E0,3.000000000E0
7.559557120E2,5.056027509E1,8.661993450E0,1.888754112E2,3.009249873E0,1.493436467E2,5.843308110E0,3.000000000E0
7.569556990E2,5.056025438E1,8.662028459E0,1.887650250E2,3.151840859E0,1.452215027E2,6.183724386E0,3.000000000E0
7.579556848E2,5.056022971E1,8.662047103E0,1.877193447E2,3.141699409E0,1.477211870E2,6.244550626E0,3.000000000E0
7.589556711E2,5.056020225E1,8.662060568E0,1.877923011E2,3.098025648E0,1.513473877E2,7.200322988E0,3.000000000E0
7.599556575E2,5.056017509E1,8.662071211E0,1.883561752E2,3.067246113E0,1.548014040E2,8.035161581E0,3.000000000E0
7.609556444E2,5.056014272E1,8.662088684E0,1.886674615E2,3.125735050E0,1.565003366E2,8.420403962E0,3.000000000E0
7.619556298E2,5.056012411E1,8.662122316E0,1.885003260E2,3.053811596E0,1.520272814E2,9.201994970E0,3.000000000E0
7.629556161E2,5.056010419E1,8.662138056E0,1.885028617E2,2.973992648E0,1.538188499E2,9.883161946E0,3.000000000E0
7.639556031E2,5.056008649E1,8.662173820E0,1.885974246E2,2.980890566E0,1.498015555E2,1.073600670E1,3.000000000E0
7.649555889E2,5.056006878E1,8.662206921E0,1.884126672E2,2.953067091E0,1.477795359E2,1.090567323E1,3.000000000E0
7.659555758E2,5.056006132E1,8.662270608E0,1.879871090E2,2.957894680E0,1.406419829E2,1.143557253E1,3.000000000E0
7.669555607E2,5.056004133E1,8.662253833E0,1.884618955E2,2.615685816E0,1.440608201E2,1.139980327E1,3.000000000E0
7.679555472E2,5.056001228E1,8.662265725E0,1.884493204E2,2.553890637E0,1.473212570E2,1.183023639E1,3.000000000E0
7.689555341E2,5.055999612E1,8.662308133E0,1.886334983E2,2.611845729E0,1.435574035E2,1.224078446E1,3.000000000E0
7.699555206E2,5.055998381E1,8.662331385E0,1.888036089E2,2.478521425E0,1.420189062E2,1.176910636E1,3.000000000E0
7.709555061E2,5.055998783E1,8.662381897E0,1.888605503E2,2.477841841E0,1.370701058E2,8.965751323E0,3.000000000E0
7.719554930E2,5.055993997E1,8.662431667E0,1.877166972E2,3.089251845E0,1.406502888E2,8.196794362E0,3.000000000E0
7.729554791E2,5.055991208E1,8.662456643E0,1.897273998E2,3.088446244E0,1.428494129E2,8.078462488E0,3.000000000E0
7.739554658E2,5.055988684E1,8.662475038E0,1.894931913E2,2.993181293E0,1.524289858E2,7.843593812E0,3.066408541E0
7.749554514E2,5.055986992E1,8.662522651E0,1.899699792E2,3.032259729E0,1.432200317E2,7.678542718E0,3.330370759E0
7.759554380E2,5.055985228E1,8.662564129E0,1.893907699E2,3.135759366E0,1.336002888E2,7.394615582E0,3.488223413E0
7.769554235E2,5.055983882E1,8.662606470E0,1.888196213E2,3.129437846E0,1.246504929E2,7.124884798E0,3.517865263E0
7.779554111E2,5.055982824E1,8.662649276E0,1.897073403E2,3.124755594E0,1.197499293E2,6.946033463E0,3.057149591E0
7.789553967E2,5.055981196E1,8.662690646E0,1.904247149E2,3.112906660E0,1.195088869E2,7.082100936E0,3.000000000E0
7.799553829E2,5.055979756E1,8.662725117E0,1.904809160E2,3.101545570E0,1.195225561E2,6.899225388E0,3.000000000E0
7.809553691E2,5.055979493E1,8.662773499E0,1.898939241E2,3.095531004E0,1.121298550E2,6.818350458E0,3.000000000E0
7.819553553E2,5.055979088E1,8.662822173E0,1.898837827E2,3.066725529E0,1.074347353E2,6.724275799E0,3.000000000E0
7.829553411E2,5.055978005E1,8.662860335E0,1.899380782E2,3.089551081E0,1.080476982E2,6.748238088E0,3.000000000E0
7.839553285E2,5.055977032E1,8.662898703E0,1.904870771E2,3.100998313E0,1.088650323E2,6.538852463E0,3.000000000E0
7.849553149E2,5.055977207E1,8.662951777E0,1.901606432E2,3.177723674E0,1.025209092E2,6.581946406E0,3.000000000E0
7.859553005E2,5.055977007E1,8.662992213E0,1.907215857E2,3.062237827E0,1.018057685E2,6.352849085E0,3.000000000E0
7.869552866E2,5.055975109E1,8.663039787E0,1.906987550E2,3.153985104E0,1.064918870E2,6.177846965E0,3.000000000E0
7.879552733E2,5.055973367E1,8.663075968E0,1.908276561E2,3.050595230E0,1.105348967E2,6.040313681E0,3.000000000E0
7.889552599E2,5.055972016E1,8.663115178E0,1.914638012E2,3.031123507E0,1.123248366E2,5.995261994E0,3.000000000E0
7.899567550E2,5.055970166E1,8.663158334E0,1.903541633E2,3.094206597E0,1.146826111E2,5.924841399E0,3.000000000E0
7.909567600E2,5.055968912E1,8.663195860E0,1.919950608E2,3.066816348E0,1.149718912E2,5.963383592E0,3.000000000E0
7.919567429E2,5.055967327E1,8.663234504E0,1.920445298E2,3.160758349E0,1.166970055E2,6.141175262E0,3.000000000E0
7.929567419E2,5.055967654E1,8.663284379E0,1.915674649E2,3.190306384E0,1.091724377E2,6.683414677E0,3.000000000E0
7.939567491E2,5.055966071E1,8.663320416E0,1.913113390E2,3.137057541E0,1.128007803E2,6.995168118E0,3.000000000E0
7.949567316E2,5.055965026E1,8.663358826E0,1.919204355E2,3.094570013E0,1.139002346E2,7.411992553E0,3.000000000E0
7.959567326E2,5.055962505E1,8.663389679E0,1.915977967E2,3.115940894E0,1.195534255E2,8.195538139E0,3.000000000E0
7.969567342E2,5.055959951E1,8.663424414E0,1.910651848E2,3.154636009E0,1.208874147E2,8.159618461E0,3.000000000E0
7.979567153E2,5.055960777E1,8.663485071E0,1.919126989E2,3.170386849E0,1.121020562E2,6.927212527E0,3.000000000E0
7.989567194E2,5.055961347E1,8.663535064E0,1.921299274E2,3.147856322E0,1.061521014E2,6.875072585E0,3.000000000E0
7.999567187E2,5.055960981E1,8.663588266E0,1.914944232E2,3.197017071E0,1.044731374E2,6.670479253E0,3.000000000E0
8.009566994E2,5.055960145E1,8.663636415E0,1.908268863E2,3.167471452E0,1.067877267E2,6.444342245E0,3.000000000E0
8.019567032E2,5.055958578E1,8.663689238E0,1.920774932E2,3.285703122E0,1.105856153E2,6.270544261E0,3.000000000E0
8.029567082E2,5.055958075E1,8.663735820E0,1.921325258E2,3.249821631E0,1.081861027E2,6.072279175E0,3.000000000E0
8.039566927E2,5.055957044E1,8.663778703E0,1.915251960E2,3.241661671E0,1.095372698E2,6.120966007E0,3.000000000E0
8.049566746E2,5.055956185E1,8.663813942E0,1.912860257E2,3.147458809E0,1.102916647E2,5.950785322E0,3.000000000E0
8.059566567E2,5.055955171E1,8.663868668E0,1.919523315E2,3.277967673E0,1.083856658E2,5.846972847E0,3.000000000E0
8.069566387E2,5.055954782E1,8.663921339E0,1.922925764E2,3.309322399E0,1.047667723E2,5.700396444E0,3.000000000E0
8.079566214E2,5.055953727E1,8.663958685E0,1.922581393E2,3.224109350E0,1.079771185E2,5.515376623E0,3.000000000E0
8.089566041E2,5.055952050E1,8.664006627E0,1.924255907E2,3.269729220E0,1.105858486E2,5.359368578E0,3.000000000E0
8.099565876E2,5.055951340E1,8.664052637E0,1.924966365E2,3.231226781E0,1.092023637E2,5.247773487E0,3.000000000E0
8.109565706E2,5.055950202E1,8.664100197E0,1.917683982E2,3.216939220E0,1.100687395E2,5.129704985E0,3.000000000E0
8.119565533E2,5.055947934E1,8.664132530E0,1.927689584E2,3.123274529E0,1.206133070E2,5.005943940E0,3.000000000E0
8.129565372E2,5.055947827E1,8.664172249E0,1.926635086E2,3.138109954E0,1.160249442E2,4.909241465E0,3.000000000E0
8.139565207E2,5.055946046E1,8.664205225E0,1.917050328E2,3.135232920E0,1.207315714E2,4.763779387E0,3.000000000E0
8.149565053E2,5.055945444E1,8.664245933E0,1.928177228E2,3.144094670E0,1.170474186E2,4.700014219E0,3.000000000E0
8.159564888E2,5.055945365E1,8.664300847E0,1.932657712E2,3.206193601E0,1.090501716E2,4.783410517E0,3.000000000E0
8.169564731E2,5.055944683E1,8.664352083E0,1.930941316E2,3.294939469E0,1.048017127E2,4.824406365E0,3.000000000E0
8.179564575E2,5.055943631E1,8.664392636E0,1.926789391E2,3.265450973E0,1.053444711E2,4.696953310E0,3.000000000E0
8.189564414E2,5.055942566E1,8.664435595E0,1.925660645E2,3.213008018E0,1.071574458E2,4.717400451E0,3.000000000E0
8.199564264E2,5.055941680E1,8.664476711E0,1.926776284E2,3.166915787E0,1.076387296E2,5.595831224E0,3.000000000E0
8.209564108E2,5.055941010E1,8.664519368E0,1.931904267E2,3.188136950E0,1.072164590E2,6.592257659E0,3.000000000E0
8.219563955E2,5.055940630E1,8.664560477E0,1.934305004E2,3.167918067E0,1.055068326E2,7.604085693E0,3.000000000E0
8.229563804E2,5.055940511E1,8.664606359E0,1.931366208E2,3.174439285E0,1.030421210E2,8.433921481E0,3.000000000E0
8.239563646E2,5.055940125E1,8.664649431E0,1.929344737E2,3.146079825E0,1.022911156E2,9.548409267E0,3.000000000E0
8.249563496E2,5.055940415E1,8.664692185E0,1.933563333E2,3.047113262E0,9.790346709E1,1.071366686E1,3.000000000E0
8.259563348E2,5.055940157E1,8.664725529E0,1.931339946E2,2.947811534E0,9.721831993E1,1.175555174E1,3.000000000E0
8.269563202E2,5.055941117E1,8.664771995E0,1.920520930E2,3.001089460E0,9.121328186E1,1.155540895E1,3.000000000E0
8.279563054E2,5.055936230E1,8.664774446E0,1.924813086E2,2.575241045E0,1.026717151E2,8.135551599E0,3.000000000E0
8.289562904E2,5.055933541E1,8.664820618E0,1.934694403E2,2.773679258E0,1.111225612E2,7.134971160E0,3.000000000E0
8.299562751E2,5.055932100E1,8.664883986E0,1.934855210E2,3.084454888E0,1.109779147E2,7.053387239E0,3.000000000E0
8.309562603E2,5.055930422E1,8.664921531E0,1.931668423E2,3.152792992E0,1.120295587E2,6.800717878E0,3.000000000E0
8.319562459E2,5.055927592E1,8.664963266E0,1.926756739E2,3.249884320E0,1.205381603E2,6.590919221E0,3.000000000E0
8.329562318E2,5.055926792E1,8.665007412E0,1.927768695E2,3.201350319E0,1.183116731E2,6.387831551E0,3.000000000E0
8.339562167E2,5.055924989E1,8.665042477E0,1.929492742E2,3.176451229E0,1.207649998E2,6.296832507E0,3.000000000E0
8.349562020E2,5.055925383E1,8.665082242E0,1.929902937E2,3.052136475E0,1.117186249E2,6.420430722E0,3.000000000E0
8.359561874E2,5.055923947E1,8.665112755E0,1.933579692E2,2.985186113E0,1.124512225E2,6.272937858E0,3.000000000E0
8.369561734E2,5.055923509E1,8.665160007E0,1.935626405E2,3.095872085E0,1.082510507E2,6.094601360E0,3.000000000E0
8.379561592E2,5.055923014E1,8.665205817E0,1.929712991E2,3.153780291E0,1.069120574E2,6.488560449E0,3.000000000E0
8.389561441E2,5.055921356E1,8.665244999E0,1.926316965E2,3.163190329E0,1.102529614E2,6.431979207E0,3.000000000E0
8.399561303E2,5.055920614E1,8.665291539E0,1.926635896E2,3.216749110E0,1.084352046E2,6.821510477E0,3.000000000E0
8.409561157E2,5.055919784E1,8.665332565E0,1.932001730E2,3.205439566E0,1.094405420E2,6.929412930E0,3.000000000E0
8.419561020E2,5.055918444E1,8.665372226E0,1.933850823E2,3.202197720E0,1.108646193E2,7.545326042E0,3.000000000E0
8.429560868E2,5.055917225E1,8.665413743E0,1.933432844E2,3.224335304E0,1.114184942E2,8.811429674E0,3.000000000E0
8.439560734E2,5.055916198E1,8.665454938E0,1.930196624E2,3.195463521E0,1.118961230E2,1.023507831E1,3.000000000E0
8.449560586E2,5.055913936E1,8.665493949E0,1.934281202E2,3.218840726E0,1.152347310E2,1.137184009E1,3.000000000E0
8.459560452E2,5.055913428E1,8.665536298E0,1.937641427E2,3.116833190E0,1.129137142E2,1.271947898E1,3.000000000E0
8.469560302E2,5.055912595E1,8.665569165E0,1.923047243E2,2.964825480E0,1.128217776E2,1.369551337E1,3.000000000E0
8.479560162E2,5.055912540E1,8.665600001E0,1.931289555E2,2.723405134E0,1.095368236E2,1.324989582E1,3.000000000E0
8.489560022E2,5.055911839E1,8.665619369E0,1.938280485E2,2.419448887E0,1.082450020E2,1.374759395E1,3.000000000E0
8.499559879E2,5.055912759E1,8.665648247E0,1.935836036E2,2.253079589E0,1.040657161E2,1.481600960E1,3.000000000E0
8.509559739E2,5.055913086E1,8.665716531E0,1.931046555E2,2.619822952E0,1.021401125E2,1.569738664E1,3.000000000E0
8.519559598E2,5.055910002E1,8.665766313E0,1.933714695E2,3.030892059E0,1.088631173E2,1.594347017E1,3.000000000E0
8.529559460E2,5.055909695E1,8.665821397E0,1.935539990E2,3.171049408E0,1.089111899E2,1.628089651E1,3.000000000E0
8.539559319E2,5.055908138E1,8.665842596E0,1.928132414E2,3.036913623E0,1.124070028E2,1.671354177E1,3.000000000E0
8.549559175E2,5.055904419E1,8.665853005E0,1.933930677E2,2.855913467E0,1.192645474E2,1.715614266E1,3.000000000E0
8.559559039E2,5.055901820E1,8.665886712E0,1.936741850E2,2.874023375E0,1.223692662E2,1.794220064E1,3.000000000E0
8.569558889E2,5.055903001E1,8.665916234E0,1.944078349E2,2.617991318E0,1.180606786E2,1.767145083E1,3.000000000E0
8.579558753E2,5.055901484E1,8.665942935E0,1.936084923E2,2.534228054E0,1.195884532E2,1.875313507E1,3.000000000E0
8.589558611E2,5.055895341E1,8.665981014E0,1.937258481E2,2.820040077E0,1.289018669E2,1.908423077E1,3.000000000E0
8.599558475E2,5.055895711E1,8.666005437E0,1.941827752E2,2.598768853E0,1.254682747E2,1.900619533E1,3.000000000E0
8.609558330E2,5.055894581E1,8.666050209E0,1.938974618E2,2.658866858E0,1.234249717E2,2.023291850E1,3.000000000E0
8.619558190E2,5.055899244E1,8.666157011E0,1.935076537E2,3.065653848E0,1.072139526E2,2.028040817E1,3.000000000E0
8.629558054E2,5.055898477E1,8.666180166E0,1.938594841E2,2.938242427E0,1.097640261E2,1.966497808E1,3.000000000E0
8.639557908E2,5.055896311E1,8.666223318E0,1.944747585E2,3.024915099E0,1.118375551E2,1.849527074E1,3.000000000E0
8.649557773E2,5.055895076E1,8.666262128E0,1.939093100E2,3.066784750E0,1.127060974E2,2.000662057E1,3.000000000E0
8.659557630E2,5.055894964E1,8.666299120E0,1.937637510E2,2.959894274E0,1.126827329E2,2.166347149E1,3.000000000E0
8.669557493E2,5.055892900E1,8.666342013E0,1.943196209E2,3.006881161E0,1.140941854E2,2.351004016E1,3.000000000E0
8.679557357E2,5.055892255E1,8.666413858E0,1.936111009E2,3.234306428E0,1.115253552E2,2.361051977E1,3.000000000E0
8.689557217E2,5.055886781E1,8.666510498E0,1.933476068E2,3.682819532E0,1.143460210E2,2.052038003E1,3.000000000E0
8.699557076E2,5.055890431E1,8.666523630E0,1.938756570E2,3.163201613E0,1.080952550E2,1.796509866E1,3.000000000E0
8.709556934E2,5.055893954E1,8.666561284E0,1.942364819E2,3.093932107E0,1.047774577E2,1.676106291E1,3.000000000E0
8.719556799E2,5.055889611E1,8.666570929E0,1.941189912E2,3.002843061E0,1.125978759E2,1.706557443E1,3.000000000E0
8.729556652E2,5.055889028E1,8.666679600E0,1.935834205E2,3.079230925E0,1.151464678E2,1.413149968E1,3.000000000E0
8.739556519E2,5.055889835E1,8.666713096E0,1.931753039E2,2.958383968E0,1.130377175E2,9.483105503E0,3.000000000E0
8.749556379E2,5.055887835E1,8.666745068E0,1.944899390E2,3.035877539E0,1.141798700E2,7.759276736E0,3.000000000E0
8.759556228E2,5.055884825E1,8.666793153E0,1.940680058E2,3.122931654E0,1.171574273E2,7.203538429E0,3.000000000E0
8.769556097E2,5.055883528E1,8.666840382E0,1.930442357E2,3.155433463E0,1.156768439E2,6.787531400E0,3.000000000E0
8.779555954E2,5.055882883E1,8.666894118E0,1.944826824E2,3.257020504E0,1.105530453E2,6.516875748E0,3.000000000E0
8.789555813E2,5.055882124E1,8.666940904E0,1.943327885E2,3.222135099E0,1.083754443E2,6.182134981E0,3.000000000E0
8.799555682E2,5.055882570E1,8.666967540E0,1.945543646E2,3.071101561E0,1.050462588E2,6.113327111E0,3.000000000E0
8.809555537E2,5.055881605E1,8.666999223E0,1.937925793E2,3.098908025E0,1.051309285E2,6.150166843E0,3.000000000E0
8.819555405E2,5.055880240E1,8.667043566E0,1.941563448E2,3.103158669E0,1.063081890E2,5.969580614E0,3.000000000E0
8.829555256E2,5.055878097E1,8.667081847E0,1.945676897E2,2.964213378E0,1.124866498E2,5.932667956E0,3.000000000E0
8.839555118E2,5.055877080E1,8.667122937E0,1.935119578E2,3.021713989E0,1.135704895E2,6.085927596E0,3.000000000E0
8.849554981E2,5.055874630E1,8.667156089E0,1.943548468E2,3.084011900E0,1.209048203E2,6.839377126E0,3.000000000E0
8.859554837E2,5.055874016E1,8.667203371E0,1.943952829E2,3.126923276E0,1.176741050E2,7.895923684E0,3.000000000E0
8.869554696E2,5.055872236E1,8.667237947E0,1.940220382E2,3.132427605E0,1.207441359E2,9.230959641E0,3.000000000E0
8.879554567E2,5.055871677E1,8.667284282E0,1.934760270E2,3.179806594E0,1.167273911E2,1.008622794E1,3.000000000E0
8.889554422E2,5.055867413E1,8.667313122E0,1.938290623E2,3.313066200E0,1.258015388E2,1.148795555E1,3.000000000E0
8.899554290E2,5.055870821E1,8.667438133E0,1.937008411E2,3.925193245E0,1.037445448E2,9.467049930E0,3.000000000E0
8.909554149E2,5.055872391E1,8.667477540E0,1.936935658E2,3.429240079E0,9.875792089E1,7.609008965E0,3.000000000E0
8.919554006E2,5.055870675E1,8.667513122E0,1.942173579E2,3.134460082E0,1.018485902E2,7.945222208E0,3.000000000E0
8.929553868E2,5.055867955E1,8.667540828E0,1.940166653E2,3.069425738E0,1.099018177E2,7.724800661E0,3.000000000E0
8.939553727E2,5.055866312E1,8.667594302E0,1.942202630E2,3.147944238E0,1.101999202E2,7.169109092E0,3.000000000E0
8.949553585E2,5.055863397E1,8.667637094E0,1.942102255E2,3.180789156E0,1.158411246E2,6.747083279E0,3.000000000E0
8.959553447E2,5.055861086E1,8.667677793E0,1.933354174E2,3.015846964E0,1.218086189E2,6.693024960E0,3.000000000E0
8.969553304E2,5.055860298E1,8.667712193E0,1.933404879E2,3.050163729E0,1.210766716E2,6.576914532E0,3.000000000E0
8.979553167E2,5.055860559E1,8.667767890E0,1.940825349E2,3.171661698E0,1.110839386E2,6.273833430E0,3.000000000E0
8.989553032E2,5.055860815E1,8.667823758E0,1.935151635E2,3.286672508E0,1.041201414E2,6.019981425E0,3.000000000E0
8.999552892E2,5.055858637E1,8.667856372E0,1.942451395E2,3.208000300E0,1.108429755E2,5.954005065E0,3.000000000E0
9.009552752E2,5.055857547E1,8.667891732E0,1.937738475E2,3.157783807E0,1.109618293E2,5.706879747E0,3.000000000E0
9.019552618E2,5.055857887E1,8.667944064E0,1.939269127E2,3.163865445E0,1.046866941E2,5.701676811E0,3.000000000E0
9.029552476E2,5.055856672E1,8.667993868E0,1.934989145E2,3.218318738E0,1.062504507E2,5.890928021E0,3.000000000E0
9.039552333E2,5.055855823E1,8.668049553E0,1.932864275E2,3.327310031E0,1.057997523E2,5.801682286E0,3.000000000E0
9.049552203E2,5.055854898E1,8.668104869E0,1.933841255E2,3.388556617E0,1.056226793E2,5.664626371E0,3.000000000E0
9.059552059E2,5.055853172E1,8.668155928E0,1.935764419E2,3.372393081E0,1.082388271E2,5.659072761E0,3.000000000E0
9.069551921E2,5.055853362E1,8.668196589E0,1.938532136E2,3.244059652E0,1.036974423E2,5.940791233E0,3.000000000E0
9.079551777E2,5.055852916E1,8.668242324E0,1.940325970E2,3.236623743E0,1.028631524E2,5.862675574E0,3.000000000E0
9.089551644E2,5.055851929E1,8.668285228E0,1.941840882E2,3.241474138E0,1.041698743E2,6.243483451E0,3.000000000E0
9.099551500E2,5.055850850E1,8.668329149E0,1.937441772E2,3.250736428E0,1.049904025E2,6.637342268E0,3.000000000E0
9.109551364E2,5.055850057E1,8.668372445E0,1.923909837E2,3.216055564E0,1.053768291E2,7.921725795E0,3.000000000E0
9.119551225E2,5.055848984E1,8.668417114E0,1.939673428E2,3.284928125E0,1.072930009E2,9.587580501E0,3.000000000E0
9.129551089E2,5.055848115E1,8.668461053E0,1.948244386E2,3.260335645E0,1.076295793E2,1.122826312E1,3.000000000E0
9.139550945E2,5.055846989E1,8.668506536E0,1.926620390E2,3.312888067E0,1.076972701E2,1.347139438E1,3.000000000E0
9.149550800E2,5.055844109E1,8.668545810E0,1.930841486E2,3.361933645E0,1.134595708E2,1.544822121E1,3.000000000E0
9.159565940E2,5.055842316E1,8.668594149E0,1.943848909E2,3.474250127E0,1.151193943E2,1.682481802E1,3.000000000E0
9.169566019E2,5.055840879E1,8.668632559E0,1.940123002E2,3.372135901E0,1.167390102E2,1.886836925E1,3.000000000E0
9.179565916E2,5.055841063E1,8.668682696E0,1.941246476E2,3.301286453E0,1.129536589E2,1.946130669E1,3.000000000E0
9.189566044E2,5.055837182E1,8.668692911E0,1.943798768E2,3.077009822E0,1.213555190E2,2.121885657E1,3.000000000E0
9.199566125E2,5.055837233E1,8.668760312E0,1.936241538E2,3.250567904E0,1.165405208E2,2.034104916E1,3.000000000E0
9.209566004E2,5.055837076E1,8.668840275E0,1.933809816E2,3.449467454E0,1.120284741E2,2.065635783E1,3.000000000E0
9.219566092E2,5.055838645E1,8.668923871E0,1.935770166E2,3.564443436E0,1.060384492E2,2.124670976E1,3.000000000E0
9.229566163E2,5.055840621E1,8.668997286E0,1.938078342E2,3.704626304E0,9.997101335E1,1.863868141E1,3.000000000E0
9.239566065E2,5.055839655E1,8.669037509E0,1.940775429E2,3.441025690E0,1.015377542E2,1.895059140E1,3.000000000E0
9.249566151E2,5.055840244E1,8.669086852E0,1.942865171E2,3.427555977E0,9.893205197E1,1.953041571E1,3.000000000E0
9.259566255E2,5.055840674E1,8.669159798E0,1.951641614E2,3.491255087E0,9.708649479E1,2.001636139E1,3.000000000E0
9.269566145E2,5.055838129E1,8.669203224E0,1.949812440E2,3.458754834E0,1.011427840E2,2.113225406E1,3.000000000E0
9.279566228E2,5.055836896E1,8.669244521E0,1.938307481E2,3.434538955E0,1.013578705E2,2.199760426E1,3.000000000E0
9.289566271E2,5.055836354E1,8.669290846E0,1.953844084E2,3.405823858E0,1.015720540E2,2.294479273E1,3.000000000E0
9.299566114E2,5.055829938E1,8.669331712E0,1.946770090E2,3.494673065E0,1.107801892E2,2.236178088E1,3.000000000E0
9.309565961E2,5.055823478E1,8.669380385E0,1.942063035E2,3.837036289E0,1.200772500E2,2.263745265E1,3.000000000E0
9.319565820E2,5.055824265E1,8.669408503E0,1.948754614E2,3.433194352E0,1.172393866E2,2.228816706E1,3.000000000E0
9.329565678E2,5.055822995E1,8.669445362E0,1.940224987E2,3.410387788E0,1.184227382E2,2.217325209E1,3.000000000E0
9.339565525E2,5.055818996E1,8.669477529E0,1.948628483E2,3.305072090E0,1.224518649E2,2.245101546E1,3.000000000E0
9.349565380E2,5.055818345E1,8.669507521E0,1.953127652E2,3.202630528E0,1.192550859E2,2.168619269E1,3.000000000E0
9.359565237E2,5.055816698E1,8.669554094E0,1.950068155E2,3.245315828E0,1.183409322E2,2.158822268E1,3.000000000E0
9.369565095E2,5.055818018E1,8.669636541E0,1.944131876E2,3.382678818E0,1.140092112E2,2.044250287E1,3.000000000E0
9.379564952E2,5.055815180E1,8.669680982E0,1.946526538E2,3.367513753E0,1.157128399E2,1.994142606E1,3.000000000E0
9.389564809E2,5.055813997E1,8.669711313E0,1.944601801E2,3.175090938E0,1.154283805E2,1.890979589E1,3.000000000E0
9.399564669E2,5.055813197E1,8.669804825E0,1.941859521E2,3.587748895E0,1.107263053E2,1.866302587E1,3.000000000E0
9.409564520E2,5.055814743E1,8.669840734E0,1.946881592E2,3.371319006E0,1.068629530E2,1.823975834E1,3.000000000E0
9.419564372E2,5.055816760E1,8.669910677E0,1.950486756E2,3.277223747E0,1.056227378E2,1.355210151E1,3.000000000E0
9.429564230E2,5.055820224E1,8.669987259E0,1.942680237E2,3.403037109E0,9.723083117E1,1.294313345E1,3.000000000E0
9.439564095E2,5.055814122E1,8.670030392E0,1.949419100E2,3.332480057E0,1.065964160E2,1.192998552E1,3.000000000E0
9.449563949E2,5.055810104E1,8.670062112E0,1.951815879E2,3.244784740E0,1.135657364E2,1.162700810E1,3.000000000E0
9.459563807E2,5.055807012E1,8.670091512E0,1.950063050E2,3.233571391E0,1.187061429E2,1.128539836E1,3.000000000E0
9.469563669E2,5.055808050E1,8.670148572E0,1.942236460E2,3.279410537E0,1.037250858E2,1.057003778E1,3.000000000E0
9.479563524E2,5.055806715E1,8.670191050E0,1.944001334E2,3.321141534E0,1.067519470E2,1.022250707E1,3.000000000E0
9.489563380E2,5.055805191E1,8.670233137E0,1.950588308E2,3.332848705E0,1.098485745E2,9.940006820E0,3.000000000E0
9.499563246E2,5.055803411E1,8.670269574E0,1.938354854E2,3.291124452E0,1.145691576E2,9.717059505E0,3.000000000E0
9.509563106E2,5.055801674E1,8.670313189E0,1.949018487E2,3.332439089E0,1.172322091E2,1.117270255E1,3.000000000E0
9.519562962E2,5.055798079E1,8.670338233E0,1.950237572E2,3.386746486E0,1.259789568E2,1.198343822E1,3.000000000E0
9.529562815E2,5.055799311E1,8.670403238E0,1.948569392E2,3.389365957E0,1.159303177E2,1.243777605E1,3.000000000E0
9.539562684E2,5.055799525E1,8.670474125E0,1.944853548E2,3.486710423E0,1.094195365E2,1.226676833E1,3.000000000E0
9.549562540E2,5.055794372E1,8.670482934E0,1.944288552E2,3.385757090E0,1.213440117E2,1.238451861E1,3.000000000E0
9.559562398E2,5.055796466E1,8.670553158E0,1.950286175E2,3.409951724E0,1.117732791E2,1.183796500E1,3.000000000E0
9.569562250E2,5.055796271E1,8.670606184E0,1.942220072E2,3.378168498E0,1.080427914E2,1.137620383E1,3.000000000E0
9.579562117E2,5.055794451E1,8.670650376E0,1.948695822E2,3.341749323E0,1.098046806E2,1.125286911E1,3.000000000E0
9.589561973E2,5.055794548E1,8.670705820E0,1.950917763E2,3.331447772E0,1.043315506E2,1.083494262E1,3.000000000E0
9.599561836E2,5.055794386E1,8.670759230E0,1.950646889E2,3.321549486E0,1.018898440E2,1.063344107E1,3.000000000E0
9.609561703E2,5.055793774E1,8.670808578E0,1.948819950E2,3.366739746E0,1.002224284E2,1.021016683E1,3.000000000E0
9.619561558E2,5.055792453E1,8.670849619E0,1.947136060E2,3.132394645E0,1.027574247E2,9.960058399E0,3.000000000E0
9.629561412E2,5.055790306E1,8.670903641E0,1.943088670E2,3.238227077E0,1.086579473E2,9.822051129E0,3.000000000E0
9.639561275E2,5.055787945E1,8.670939632E0,1.944216087E2,3.284070372E0,1.165037642E2,9.477130991E0,3.000000000E0
9.649561138E2,5.055787503E1,8.670990624E0,1.955362534E2,3.317313281E0,1.123537633E2,9.265442694E0,3.000000000E0
9.659560995E2,5.055786293E1,8.671036551E0,1.949895125E2,3.364384030E0,1.135021272E2,9.372152153E0,3.000000000E0
9.669560856E2,5.055784148E1,8.671078131E0,1.943310292E2,3.375969475E0,1.163982271E2,9.384733388E0,3.000000000E0
9.679560720E2,5.055783602E1,8.671128445E0,1.951721082E2,3.365626583E0,1.132090694E2,9.108939804E0,3.000000000E0
9.689560574E2,5.055783440E1,8.671186798E0,1.950476018E2,3.416789708E0,1.069563460E2,8.883322192E0,3.000000000E0
9.699560440E2,5.055783322E1,8.671225731E0,1.939589597E2,3.272911112E0,1.060743162E2,9.001751121E0,3.000000000E0
9.709560297E2,5.055781950E1,8.671267086E0,1.944996882E2,3.248189810E0,1.089064891E2,9.024228439E0,3.000000000E0
9.719560162E2,5.055780861E1,8.671311897E0,1.956921820E2,3.275519022E0,1.100064299E2,9.213616553E0,3.000000000E0
9.729560022E2,5.055779653E1,8.671355933E0,1.950010264E2,3.338382372E0,1.098485238E2,9.306704640E0,3.000000000E0
9.739559889E2,5.055779442E1,8.671401797E0,1.943543692E2,3.364914471E0,1.063518766E2,9.223823048E0,3.000000000E0
9.749559745E2,5.055775196E1,8.671435503E0,1.948736919E2,3.432026492E0,1.173022952E2,1.092148502E1,3.000000000E0
9.759559612E2,5.055774971E1,8.671482258E0,1.948177445E2,3.286577359E0,1.133608942E2,1.149330098E1,3.000000000E0
9.769559467E2,5.055773658E1,8.671532771E0,1.948770352E2,3.302850007E0,1.128653580E2,1.207484109E1,3.000000000E0
9.779559330E2,5.055772635E1,8.671591070E0,1.939998944E2,3.403173186E0,1.113638832E2,1.277772692E1,3.000000000E0
9.789559193E2,5.055771983E1,8.671635216E0,1.949204288E2,3.322001969E0,1.103639351E2,1.323258284E1,3.000000000E0
9.799559052E2,5.055768736E1,8.671665878E0,1.953332251E2,3.330181624E0,1.155439053E2,1.370134880E1,3.000000000E0
9.809558917E2,5.055769310E1,8.671717359E0,1.941554539E2,3.328815788E0,1.107624912E2,1.417806308E1,3.000000000E0
9.819558775E2,5.055768483E1,8.671765309E0,1.948105928E2,3.352232850E0,1.100092337E2,1.554341310E1,3.000000000E0
9.829558635E2,5.055768356E1,8.671793969E0,1.952598964E2,3.128813252E0,1.089337792E2,1.600534859E1,3.000000000E0
9.839558493E2,5.055766142E1,8.671866493E0,1.944561999E2,3.574457101E0,1.070775900E2,1.585262356E1,3.000000000E0
9.849558350E2,5.055767936E1,8.671905283E0,1.953131561E2,3.321693994E0,1.021163268E2,1.559737781E1,3.000000000E0
9.859558219E2,5.055767364E1,8.671946390E0,1.949126383E2,3.280203226E0,1.034610257E2,1.615400096E1,3.000000000E0
9.869558071E2,5.055762178E1,8.671989628E0,1.937228101E2,3.546688561E0,1.109172517E2,1.634602830E1,3.000000000E0
9.879557936E2,5.055758725E1,8.672046096E0,1.951797985E2,3.582804061E0,1.143898647E2,1.669855871E1,3.000000000E0
9.889557794E2,5.055757555E1,8.672088268E0,1.957255983E2,3.368737005E0,1.129070885E2,1.697086838E1,3.000000000E0
9.899557662E2,5.055755977E1,8.672138676E0,1.955232191E2,3.356760517E0,1.127479797E2,1.744506544E1,3.000000000E0
9.909557518E2,5.055750730E1,8.672162741E0,1.950983518E2,3.350202674E0,1.183254237E2,1.734013451E1,3.000000000E0
9.919557381E2,5.055747148E1,8.672224028E0,1.955707148E2,3.531116392E0,1.191100287E2,1.847910435E1,3.000000000E0
9.929557242E2,5.055743699E1,8.672258876E0,1.952300534E2,3.559997015E0,1.235207623E2,1.947348930E1,3.000000000E0
9.939557104E2,5.055736977E1,8.672287598E0,1.950590975E2,3.685853241E0,1.302559733E2,2.004569820E1,3.000000000E0
9.949556963E2,5.055739544E1,8.672368833E0,1.953392609E2,3.625459700E0,1.205346246E2,2.006220526E1,3.000000000E0
9.959556829E2,5.055741149E1,8.672440907E0,1.960216030E2,3.620917146E0,1.125566134E2,2.065535310E1,3.000000000E0
9.969556683E2,5.055738890E1,8.672484248E0,1.964079742E2,3.630660318E0,1.169789954E2,2.054166684E1,3.000000000E0
9.979556546E2,5.055737966E1,8.672528211E0,1.957354116E2,3.438358912E0,1.165109636E2,2.066326854E1,3.000000000E0
9.989556410E2,5.055738011E1,8.672535489E0,1.951784332E2,2.842098426E0,1.151085807E2,2.102848247E1,3.000000000E0
9.999556273E2,5.055737950E1,8.672600009E0,1.961317766E2,2.913180401E0,1.130530385E2,2.134770645E1,3.000000000E0
1.000955613E3,5.055735781E1,8.672638416E0,1.961985295E2,2.942178292E0,1.157203622E2,1.974620395E1,3.000000000E0
1.001955600E3,5.055735195E1,8.672695770E0,1.952176848E2,2.849232814E0,1.183027167E2,1.962325306E1,3.000000000E0
1.002955585E3,5.055743832E1,8.672795866E0,1.958142196E2,3.382618985E0,1.085847488E2,1.243950178E1,3.000000000E0
1.003955571E3,5.055743715E1,8.672817818E0,1.967906322E2,3.242087443E0,1.098837979E2,1.004609968E1,3.000000000E0
1.004955558E3,5.055742436E1,8.672840559E0,1.961218057E2,3.145587781E0,1.149953343E2,9.670850462E0,3.000000000E0
1.005955544E3,5.055742704E1,8.672880950E0,1.959342875E2,3.167293182E0,1.105341550E2,8.539485174E0,3.000000000E0
1.006955530E3,5.055742320E1,8.672900318E0,1.955641189E2,3.189739442E0,1.114014910E2,7.755724307E0,3.000000000E0
1.007955516E3,5.055741060E1,8.672917777E0,1.959797438E2,2.799455132E0,1.233247849E2,7.360252485E0,3.000000000E0
1.008955502E3,5.055740131E1,8.672957212E0,1.964166066E2,2.856264889E0,1.273930271E2,6.764668880E0,3.000000000E0
1.009955488E3,5.055739506E1,8.673001544E0,1.963188003E2,3.046036590E0,1.222981500E2,6.893933634E0,3.000000000E0
1.010955474E3,5.055737994E1,8.673040727E0,1.962009460E2,3.093875105E0,1.210359113E2,6.901470328E0,3.000000000E0
1.011955461E3,5.055736539E1,8.673080181E0,1.955688763E2,3.191775665E0,1.217517358E2,8.499354742E0,3.000000000E0
1.012955447E3,5.055735370E1,8.673118979E0,1.959005422E2,3.211825935E0,1.209867932E2,8.716320439E0,3.000000000E0
1.013955432E3,5.055733861E1,8.673158680E0,1.958466836E2,3.259635421E0,1.208043798E2,8.647603417E0,3.000000000E0
1.014955419E3,5.055732427E1,8.673197377E0,1.957470919E2,3.249526170E0,1.207926731E2,9.061163390E0,3.000000000E0
1.015955405E3,5.055731424E1,8.673233811E0,1.962953181E2,3.173356557E0,1.193775156E2,9.989680082E0,3.000000000E0
1.016955391E3,5.055730463E1,8.673263684E0,1.961716512E2,2.901731339E0,1.176714802E2,1.105192940E1,3.000000000E0
1.017955377E3,5.055729644E1,8.673296713E0,1.958924953E2,2.743600637E0,1.158814163E2,1.162518896E1,3.000000000E0
1.018955363E3,5.055731306E1,8.673352916E0,1.959772986E2,2.715651144E0,1.090265218E2,8.115616261E0,3.000000000E0
1.019955349E3,5.055730400E1,8.673398809E0,1.951661434E2,2.969456437E0,1.082422553E2,7.909548806E0,3.000000000E0
1.020955335E3,5.055729487E1,8.673441440E0,1.950199717E2,3.063620174E0,1.088752111E2,7.683048906E0,3.000000000E0
1.021955321E3,5.055730678E1,8.673476853E0,1.965110032E2,2.997720969E0,1.043571959E2,7.421124422E0,3.000000000E0
1.022955308E3,5.055729787E1,8.673518541E0,1.959008217E2,3.058119027E0,1.058410261E2,7.170665227E0,3.000000000E0
1.023955294E3,5.055729485E1,8.673566442E0,1.957379144E2,3.164008339E0,1.032404790E2,6.929656129E0,3.000000000E0
1.024955280E3,5.055728050E1,8.673602133E0,1.951152666E2,3.159774530E0,1.079700331E2,6.804976043E0,3.000000000E0
1.025955266E3,5.055726925E1,8.673638901E0,1.954141737E2,3.026962025E0,1.112868745E2,6.588185892E0,3.000000000E0
1.026955252E3,5.055725591E1,8.673673431E0,1.956375660E2,2.942520768E0,1.129158097E2,6.435759492E0,3.000000000E0
1.027955239E3,5.055724890E1,8.673715389E0,1.955884519E2,2.971962118E0,1.057751443E2,6.319360634E0,3.000000000E0
1.028955225E3,5.055724637E1,8.673764769E0,1.954660752E2,3.204026125E0,1.005912675E2,6.178361667E0,3.000000000E0
1.029955210E3,5.055724326E1,8.673800541E0,1.947158291E2,3.135914645E0,9.936438568E1,6.818744694E0,3.000000000E0
1.030955196E3,5.055724265E1,8.673849134E0,1.945455038E2,3.261931691E0,9.677051036E1,6.750490120E0,3.000000000E0
1.031955183E3,5.055724033E1,8.673893674E0,1.948769883E2,3.244303901E0,9.669440986E1,6.783088899E0,3.000000000E0
1.032955169E3,5.055724304E1,8.673937762E0,1.944389128E2,3.178487324E0,9.357064081E1,7.056745702E0,3.000000000E0
1.033955156E3,5.055724074E1,8.673985706E0,1.947992209E2,3.171539823E0,9.304362868E1,7.884986793E0,3.000000000E0
1.034955141E3,5.055722667E1,8.674017980E0,1.947221473E2,3.003528223E0,9.815698653E1,8.408863801E0,3.000000000E0
1.035955127E3,5.055723723E1,8.674062608E0,1.942793332E2,2.967889441E0,9.451300840E1,8.884254323E0,3.000000000E0
1.036955114E3,5.055724453E1,8.674101658E0,1.939732607E2,2.951918753E0,9.165096129E1,9.458005484E0,3.000000000E0
1.037955099E3,5.055722417E1,8.674128071E0,1.931569887E2,2.826140522E0,9.878316542E1,9.530015549E0,3.000000000E0
1.038955086E3,5.055722098E1,8.674169111E0,1.929089754E2,2.895330514E0,9.862167542E1,1.019414777E1,3.000000000E0
1.039955071E3,5.055723943E1,8.674225896E0,1.934681862E2,3.105346989E0,9.144194649E1,1.071025758E1,3.000000000E0
1.040955058E3,5.055722898E1,8.674273226E0,1.934716948E2,3.132663654E0,9.224096367E1,9.866457020E0,3.000000000E0
1.041956528E3,5.055729524E1,8.674299813E0,1.929862574E2,3.098985726E0,7.861932519E1,7.488997344E0,3.000000000E0
1.042956535E3,5.055729489E1,8.674334601E0,1.931421507E2,3.078878056E0,7.927946583E1,7.208923982E0,3.000000000E0
1.043956526E3,5.055729932E1,8.674373212E0,1.931159592E2,2.992771594E0,7.423627389E1,6.902067310E0,3.000000000E0
1.044956534E3,5.055731021E1,8.674419750E0,1.929785665E2,3.102820325E0,7.287832774E1,6.582595518E0,3.000000000E0
1.045956546E3,5.055732924E1,8.674463969E0,1.928047396E2,3.190391016E0,7.053726381E1,6.231362293E0,3.000000000E0
1.046956537E3,5.055734004E1,8.674503818E0,1.933701243E2,3.062159253E0,6.919648755E1,6.004106129E0,3.000000000E0
1.047956540E3,5.055735873E1,8.674538127E0,1.933562615E2,3.054636338E0,6.563848013E1,5.786312071E0,3.000000000E0
1.048956552E3,5.055735813E1,8.674590481E0,1.933400671E2,3.162692913E0,7.216541621E1,5.627834703E0,3.000000000E0
1.049956543E3,5.055735921E1,8.674637860E0,1.926376332E2,3.128190111E0,7.575250069E1,5.515292681E0,3.000000000E0
1.050956552E3,5.055737025E1,8.674678440E0,1.932010722E2,3.087296758E0,7.359837797E1,5.369722091E0,3.000000000E0
1.051956565E3,5.055737988E1,8.674718677E0,1.932533212E2,3.115807302E0,7.178842312E1,5.218258945E0,3.000000000E0
1.052956556E3,5.055739084E1,8.674744482E0,1.926422204E2,3.040089900E0,7.089174153E1,5.057345991E0,3.000000000E0
1.053956560E3,5.055740305E1,8.674778217E0,1.933326713E2,3.071763078E0,7.125741912E1,5.003678339E0,3.000000000E0
1.054956571E3,5.055741543E1,8.674824035E0,1.936878163E2,3.167335918E0,6.908494888E1,4.914934787E0,3.000000000E0
1.055956560E3,5.055741900E1,8.674871212E0,1.930687902E2,3.126105290E0,7.204532912E1,4.814755440E0,3.000000000E0
1.056956549E3,5.055742402E1,8.674921314E0,1.931505121E2,3.218266383E0,7.365693393E1,4.771528223E0,3.000000000E0
1.057956538E3,5.055743795E1,8.674957569E0,1.922723950E2,3.198188747E0,6.874658791E1,4.661090000E0,3.000000000E0
1.058956527E3,5.055744283E1,8.675004527E0,1.930585280E2,3.114920761E0,7.516241966E1,4.595894480E0,3.000000000E0
1.059956517E3,5.055746273E1,8.675035450E0,1.935968706E2,3.044315722E0,7.105548325E1,4.506223553E0,3.000000000E0
1.060956505E3,5.055748573E1,8.675070300E0,1.930447410E2,3.105547260E0,6.264282128E1,4.495650648E0,3.000000000E0
1.061956494E3,5.055748355E1,8.675114405E0,1.930136701E2,3.031410271E0,7.143082571E1,4.409534629E0,3.000000000E0
1.062956483E3,5.055749312E1,8.675165214E0,1.929959690E2,3.137260359E0,7.163859022E1,4.402312413E0,3.000000000E0
1.063956471E3,5.055750165E1,8.675215533E0,1.932899902E2,3.176915753E0,7.345198471E1,4.349915798E0,3.000000000E0
1.064956460E3,5.055751298E1,8.675246659E0,1.936205260E2,3.070310357E0,7.320258729E1,4.298865049E0,3.000000000E0
1.065956448E3,5.055750930E1,8.675297484E0,1.928707077E2,3.117219485E0,8.004419842E1,4.212802233E0,3.000000000E0
1.066956436E3,5.055750205E1,8.675348311E0,1.929451650E2,3.160654246E0,8.686082911E1,4.330450255E0,3.000000000E0
1.067956424E3,5.055752304E1,8.675384283E0,1.927148958E2,3.166638856E0,7.952495907E1,4.362480761E0,3.000000000E0
1.068956412E3,5.055752909E1,8.675426398E0,1.930920520E2,3.148081569E0,7.931900178E1,4.153613285E0,3.000000000E0
1.069956400E3,5.055754784E1,8.675454665E0,1.930502508E2,3.058921578E0,7.408679214E1,4.053249117E0,3.000000000E0
1.070956388E3,5.055755585E1,8.675495541E0,1.918090365E2,3.101052099E0,7.323958417E1,3.924422662E0,3.000000000E0
1.071956376E3,5.055756784E1,8.675533951E0,1.930394428E2,3.144294480E0,7.142098719E1,4.115001158E0,3.000000000E0
1.072956363E3,5.055757885E1,8.675570423E0,1.923424191E2,3.162613268E0,7.003111276E1,3.964371610E0,3.000000000E0
1.073956351E3,5.055758246E1,8.675622066E0,1.922424803E2,3.217853652E0,7.589948102E1,3.767040287E0,3.000000000E0
1.074956338E3,5.055760304E1,8.675660132E0,1.917616328E2,3.279106040E0,6.656332135E1,3.731370253E0,3.000000000E0
1.075956326E3,5.055760732E1,8.675706556E0,1.913105647E2,3.221650678E0,6.995120253E1,4.360852315E0,3.000000000E0
1.076956313E3,5.055761630E1,8.675745919E0,1.918550943E2,3.146866208E0,7.007039606E1,5.034647840E0,3.000000000E0
1.077956300E3,5.055762672E1,8.675790093E0,1.916401252E2,3.239134185E0,6.985598696E1,5.790474275E0,3.000000000E0
1.078956288E3,5.055764626E1,8.675826293E0,1.918578391E2,3.303484414E0,6.708390471E1,6.449138646E0,3.000000000E0
1.079956274E3,5.055765304E1,8.675874365E0,1.921540477E2,3.280232051E0,6.933907758E1,6.973104233E0,3.000000000E0
1.080956261E3,5.055766074E1,8.675913341E0,1.919149613E2,3.162990552E0,7.019869375E1,7.192532863E0,3.000000000E0
1.081956249E3,5.055766935E1,8.675946773E0,1.923294793E2,3.067883201E0,7.247567865E1,6.070215467E0,3.000000000E0
1.082956236E3,5.055768257E1,8.675985760E0,1.919914076E2,3.076429947E0,7.170529742E1,4.831212625E0,3.000000000E0
1.083956223E3,5.055768352E1,8.676028586E0,1.915178239E2,3.075671925E0,7.374185887E1,4.363709011E0,3.000000000E0
1.084956210E3,5.055768058E1,8.676084275E0,1.922942389E2,3.167146990E0,7.756070670E1,4.245523562E0,3.000000000E0
1.085956196E3,5.055768392E1,8.676126508E0,1.923785797E2,3.143605969E0,7.855476402E1,4.214947478E0,3.000000000E0
1.086956183E3,5.055768005E1,8.676177406E0,1.915614201E2,3.187518429E0,8.398497987E1,4.170584029E0,3.000000000E0
1.087956170E3,5.055769613E1,8.676219224E0,1.924421517E2,3.129287060E0,7.769373425E1,4.118636425E0,3.000000000E0
1.088956157E3,5.055770727E1,8.676260768E0,1.921521338E2,3.192012242E0,7.604699334E1,4.012704605E0,3.000000000E0
1.089956143E3,5.055771747E1,8.676303345E0,1.915781108E2,3.222089439E0,7.463395819E1,4.539159175E0,3.000000000E0
1.090956130E3,5.055772337E1,8.676347990E0,1.918422883E2,3.193406970E0,7.556235092E1,5.282570166E0,3.000000000E0
1.091956118E3,5.055773876E1,8.676382017E0,1.922877447E2,3.143644945E0,7.148118210E1,6.008241699E0,3.000000000E0
1.092956104E3,5.055775250E1,8.676425246E0,1.914246294E2,3.241143006E0,6.917287731E1,6.556026906E0,3.000000000E0
1.093956091E3,5.055775958E1,8.676464315E0,1.923093630E2,3.169888025E0,6.895227636E1,7.087367143E0,3.000000000E0
1.094956077E3,5.055779437E1,8.676493996E0,1.921876505E2,3.296128767E0,5.791867758E1,7.699913711E0,3.000000000E0
1.095956064E3,5.055778137E1,8.676545448E0,1.920273710E2,3.284145073E0,6.730575101E1,7.893990380E0,3.000000000E0
1.096956051E3,5.055780982E1,8.676565949E0,1.917406359E2,3.211008364E0,5.997956557E1,8.263825058E0,3.000000000E0
1.097956037E3,5.055784218E1,8.676603316E0,1.920122222E2,3.271070603E0,5.665305247E1,8.483749053E0,3.000000000E0
1.098956024E3,5.055786149E1,8.676631374E0,1.915759217E2,3.216787379E0,5.312519742E1,8.528566417E0,3.000000000E0
1.099956011E3,5.055786481E1,8.676677695E0,1.918773774E2,3.186617969E0,5.742328378E1,8.442574587E0,3.000000000E0
1.100955997E3,5.055787467E1,8.676731286E0,1.909139794E2,3.292784569E0,6.176950605E1,8.258050345E0,3.000000000E0
1.101955983E3,5.055788603E1,8.676779615E0,1.919543798E2,3.309027156E0,6.223569892E1,8.080990645E0,3.000000000E0
1.102955970E3,5.055791317E1,8.676806878E0,1.932768054E2,3.224815084E0,5.765198161E1,8.000596091E0,3.000000000E0
1.103955957E3,5.055792210E1,8.676836061E0,1.926608671E2,3.159604372E0,5.747129819E1,7.924605190E0,3.000000000E0
1.104955943E3,5.055793590E1,8.676886650E0,1.930685442E2,3.218834699E0,5.914052493E1,8.101238542E0,3.000000000E0
1.105955930E3,5.055794939E1,8.676929205E0,1.927204662E2,3.207308526E0,6.099342292E1,8.195889538E0,3.000000000E0
1.106955916E3,5.055796169E1,8.676966730E0,1.929971072E2,3.198216333E0,6.005248438E1,8.318258600E0,3.000000000E0
1.107955902E3,5.055798282E1,8.676999782E0,1.931225271E2,3.223264020E0,5.722105866E1,8.609638165E0,3.000000000E0
1.108955890E3,5.055799609E1,8.677029614E0,1.937831332E2,3.148230469E0,5.774086718E1,8.926962836E0,3.000000000E0
1.109955875E3,5.055797615E1,8.677087780E0,1.939952334E2,3.094727623E0,6.671239882E1,8.795223359E0,3.000000000E0
1.110955862E3,5.055798821E1,8.677118762E0,1.933704938E2,3.131332890E0,6.499779792E1,8.807296322E0,3.000000000E0
1.111955849E3,5.055799449E1,8.677151834E0,1.934777424E2,3.161412627E0,6.287404904E1,8.914326285E0,3.000000000E0
1.112955835E3,5.055801396E1,8.677193411E0,1.932517854E2,3.186664092E0,6.056894071E1,8.699709068E0,3.000000000E0
1.113955821E3,5.055802281E1,8.677229886E0,1.930006527E2,3.130268857E0,6.155078216E1,8.797477588E0,3.000000000E0
1.114955808E3,5.055804523E1,8.677268661E0,1.931101928E2,3.201202047E0,5.871345082E1,9.226322605E0,3.000000000E0
1.115955794E3,5.055807070E1,8.677275228E0,1.922770667E2,3.128535208E0,5.412461584E1,9.685789988E0,3.000000000E0
1.116955781E3,5.055809012E1,8.677308931E0,1.928864184E2,3.123647761E0,5.112756851E1,1.022108269E1,3.000000000E0
1.117955768E3,5.055812359E1,8.677323134E0,1.931513142E2,3.160265181E0,4.515290233E1,1.106229733E1,3.000000000E0
1.118955753E3,5.055815991E1,8.677336298E0,1.928180195E2,3.262479967E0,3.796373669E1,1.192881239E1,3.000000000E0
1.119955740E3,5.055820114E1,8.677297799E0,1.927350835E2,3.014919546E0,2.557311241E1,1.163385056E1,3.000000000E0
1.120955726E3,5.055825928E1,8.677265522E0,1.927297633E2,3.176736280E0,1.412294019E1,1.076312431E1,3.000000000E0
1.121955713E3,5.055828888E1,8.677248012E0,1.935934280E2,3.098940699E0,7.335228994E0,8.908109530E0,3.000000000E0
1.122955699E3,5.055830232E1,8.677260362E0,1.933161061E2,3.054762293E0,8.369200733E0,8.534103692E0,3.000000000E0
1.123955686E3,5.055832427E1,8.677249277E0,1.943908902E2,2.949018256E0,7.840432261E0,8.351546808E0,3.000000000E0
1.124955672E3,5.055835148E1,8.677237819E0,1.947788416E2,3.034027190E0,4.098090925E0,7.998683097E0,3.000000000E0
1.125955658E3,5.055837981E1,8.677226744E0,1.946060169E2,3.119264668E0,2.989238572E0,7.827406150E0,3.000000000E0
1.126955645E3,5.055840770E1,8.677228971E0,1.946535665E2,3.147973469E0,5.916946441E0,7.633757345E0,3.000000000E0
1.127955631E3,5.055842260E1,8.677264818E0,1.940709175E2,3.040873318E0,1.918354074E1,7.402255501E0,3.000000000E0
1.128955617E3,5.055844736E1,8.677278669E0,1.950413068E2,3.067131414E0,2.056221266E1,7.245747509E0,3.000000000E0
1.129955605E3,5.055847323E1,8.677288534E0,1.948520339E2,3.065488591E0,2.035682028E1,7.058527538E0,3.000000000E0
1.130955590E3,5.055849567E1,8.677294430E0,1.947472221E2,2.964203686E0,1.937831665E1,6.820328068E0,3.000000000E0
1.131955605E3,5.055851467E1,8.677312829E0,1.950945701E2,2.923202224E0,2.040672373E1,6.690659817E0,3.000000000E0
1.132955563E3,5.055853784E1,8.677324646E0,1.949328747E2,2.925064559E0,1.938038132E1,6.466681716E0,3.000000000E0
1.133955550E3,5.055855370E1,8.677361287E0,1.948233353E2,2.905004433E0,2.584009156E1,6.267554318E0,3.000000000E0
1.134955536E3,5.055857449E1,8.677397399E0,1.949199434E2,2.962581723E0,3.071854914E1,6.076923694E0,3.000000000E0
1.135955522E3,5.055860628E1,8.677403763E0,1.943461513E2,3.093729627E0,2.356741629E1,5.920262869E0,3.000000000E0
1.136955509E3,5.055862868E1,8.677408576E0,1.957361451E2,3.057610921E0,2.024741729E1,5.827139270E0,3.000000000E0
1.137955495E3,5.055865670E1,8.677415146E0,1.950959268E2,3.128602037E0,1.837278847E1,5.962716935E0,3.000000000E0
1.138955482E3,5.055867563E1,8.677421794E0,1.951194986E2,3.004115336E0,1.775416323E1,5.821832417E0,3.000000000E0
1.139955468E3,5.055870178E1,8.677426548E0,1.952707079E2,3.036075023E0,1.536083188E1,6.092084498E0,3.000000000E0
1.140955455E3,5.055872636E1,8.677454385E0,1.941825296E2,3.058110846E0,2.011231331E1,6.551065374E0,3.000000000E0
1.141955440E3,5.055875027E1,8.677474528E0,1.946108953E2,2.998589325E0,2.143269055E1,7.109519910E0,3.000000000E0
1.142955427E3,5.055877251E1,8.677479616E0,1.945691959E2,2.828300329E0,1.876297095E1,7.824307498E0,3.000000000E0
1.143955413E3,5.055879679E1,8.677478775E0,1.947667271E2,2.722711547E0,1.547370650E1,8.986794988E0,3.000000000E0
1.144955400E3,5.055881749E1,8.677488382E0,1.945789556E2,2.660200771E0,1.560000873E1,9.970591509E0,3.000000000E0
1.145955387E3,5.055884180E1,8.677483808E0,1.942555001E2,2.674304384E0,1.248227849E1,1.015160424E1,3.000000000E0
1.146955373E3,5.055886536E1,8.677460476E0,1.941139212E2,2.611247837E0,6.966571127E0,8.366661864E0,3.000000000E0
1.147955359E3,5.055886572E1,8.677483433E0,1.942849752E2,2.324701933E0,1.316023872E1,7.669529701E0,3.000000000E0
1.148955346E3,5.055888464E1,8.677495259E0,1.941617910E2,2.243838514E0,1.404413027E1,7.419794384E0,3.000000000E0
1.149955332E3,5.055890332E1,8.677483147E0,1.948657375E2,2.140554331E0,9.035438203E0,7.783820768E0,3.000000000E0
1.150955318E3,5.055892046E1,8.677520883E0,1.942532455E2,2.202321483E0,1.861586424E1,8.467401629E0,3.000000000E0
1.151955304E3,5.055893985E1,8.677536131E0,1.942611903E2,2.255211328E0,1.960487767E1,9.441965264E0,3.000000000E0
1.152955291E3,5.055896285E1,8.677540481E0,1.940002684E2,2.374961465E0,1.672902587E1,1.010336593E1,3.000000000E0
1.153955277E3,5.055898400E1,8.677555813E0,1.932667421E2,2.410533501E0,1.761962544E1,1.117173019E1,3.000000000E0
1.154955264E3,5.055900508E1,8.677582170E0,1.939781664E2,2.510398720E0,2.002861336E1,1.213721975E1,3.000000000E0
1.155955250E3,5.055903316E1,8.677610313E0,1.941843939E2,2.724146346E0,2.197834465E1,1.270961528E1,3.000000000E0
1.156955236E3,5.055905029E1,8.677607329E0,1.943475971E2,2.451324455E0,1.931527164E1,1.301667066E1,3.000000000E0
1.157955224E3,5.055905373E1,8.677717739E0,1.941224206E2,2.664438308E0,3.485941984E1,1.121297646E1,3.000000000E0
1.158955210E3,5.055907345E1,8.677753611E0,1.942827440E2,2.783510823E0,3.286383978E1,1.074101084E1,3.000000000E0
1.159955196E3,5.055910616E1,8.677778884E0,1.937368813E2,3.032094702E0,3.014868142E1,1.055035451E1,3.000000000E0
1.160955182E3,5.055913382E1,8.677803380E0,1.934550117E2,3.055444262E0,2.952907953E1,1.054505037E1,3.000000000E0
1.161955168E3,5.055915207E1,8.677807102E0,1.934827795E2,3.054164990E0,2.591672352E1,1.111145133E1,3.000000000E0
1.162955155E3,5.055918542E1,8.677818247E0,1.938220021E2,3.057952296E0,2.434980678E1,1.200010126E1,3.000000000E0
1.163955141E3,5.055921722E1,8.677821515E0,1.937537761E2,3.004213578E0,2.099960836E1,1.264569241E1,3.000000000E0
1.164955128E3,5.055925802E1,8.677747971E0,1.940045056E2,3.027784418E0,6.586712887E0,1.327004959E1,3.000000000E0
1.165955113E3,5.055929288E1,8.677721735E0,1.941610563E2,2.869905320E0,1.063678407E0,1.363631941E1,3.000000000E0
1.166955100E3,5.055930789E1,8.677720691E0,1.941003155E2,2.702801962E0,1.956022471E-1,1.454155047E1,3.000000000E0
1.167956603E3,5.055934179E1,8.677691448E0,1.938649839E2,2.889270598E0,3.571650489E2,1.489588646E1,3.000000000E0
1.168956606E3,5.055937052E1,8.677659539E0,1.935251804E2,2.948434553E0,3.537272322E2,1.514637694E1,3.000000000E0
1.169956593E3,5.055937781E1,8.677739130E0,1.938926135E2,2.733142906E0,7.768456101E0,1.505740875E1,3.000000000E0
1.170956602E3,5.055939580E1,8.677753185E0,1.936415239E2,2.627010018E0,1.036396044E1,1.452708381E1,3.000000000E0
1.171956615E3,5.055942404E1,8.677768929E0,1.940737880E2,2.765292077E0,1.139968262E1,1.497673462E1,3.000000000E0
1.172956604E3,5.055946295E1,8.677752104E0,1.935704092E2,2.877192387E0,8.053050453E0,1.377167673E1,3.000000000E0
1.173956611E3,5.055947610E1,8.677778797E0,1.936240961E2,2.928990232E0,1.115915287E1,1.398213132E1,3.000000000E0
1.174956622E3,5.055950527E1,8.677740478E0,1.935163000E2,2.798327275E0,4.094703082E0,1.401905700E1,3.000000000E0
1.175956613E3,5.055953353E1,8.677738256E0,1.941282255E2,2.816870479E0,4.302864019E0,1.407104846E1,3.000000000E0
1.176956623E3,5.055953944E1,8.677753519E0,1.942851996E2,2.702177160E0,5.354505497E0,1.473444777E1,3.000000000E0
1.177956630E3,5.055955980E1,8.677805146E0,1.939607547E2,2.833977964E0,1.148868942E1,1.468891179E1,3.000000000E0
1.178956616E3,5.055957211E1,8.677864266E0,1.936316633E2,2.779021688E0,1.768857670E1,1.542059338E1,3.000000000E0
1.179956624E3,5.055960543E1,8.677845060E0,1.936761169E2,2.894913000E0,1.265031840E1,1.624421604E1,3.000000000E0
1.180956628E3,5.055964809E1,8.677842085E0,1.933551769E2,3.145550034E0,1.043567644E1,1.693748846E1,3.000000000E0
1.181956613E3,5.055965557E1,8.677948465E0,1.930879731E2,3.286118654E0,2.432843183E1,1.291911744E1,3.000000000E0
1.182956598E3,5.055967911E1,8.677912788E0,1.927478016E2,3.097983613E0,1.774603682E1,8.870725636E0,3.000000000E0
1.183956583E3,5.055969630E1,8.677949700E0,1.920487455E2,3.045787162E0,2.245864898E1,8.526424771E0,3.000000000E0
1.184956568E3,5.055972908E1,8.677986462E0,1.926915541E2,3.163166183E0,2.571498009E1,8.182824009E0,3.000000000E0
1.185956553E3,5.055975305E1,8.678007773E0,1.927413359E2,3.130023676E0,2.483938038E1,7.962672941E0,3.000000000E0
1.186956538E3,5.055977730E1,8.678025629E0,1.934130658E2,3.127436920E0,2.489226413E1,8.478136806E0,3.000000000E0
1.187956523E3,5.055980249E1,8.678048450E0,1.930341426E2,3.161989150E0,2.615391757E1,8.314502928E0,3.000000000E0
1.188956508E3,5.055982871E1,8.678070333E0,1.928606209E2,3.097550483E0,2.398317286E1,8.630104317E0,3.000000000E0
1.189956493E3,5.055985177E1,8.678096353E0,1.928489210E2,3.052813276E0,2.633347392E1,1.018599828E1,3.000000000E0
1.190956479E3,5.055986464E1,8.678151043E0,1.921022873E2,3.062247706E0,3.456132335E1,1.116610463E1,3.000000000E0
1.191956464E3,5.055989166E1,8.678141936E0,1.917039715E2,2.773920255E0,2.490809114E1,1.098937763E1,3.000000000E0
1.192956450E3,5.055991913E1,8.678140152E0,1.921715031E2,2.723533691E0,2.096482198E1,1.225410438E1,3.000000000E0
1.193956435E3,5.055994980E1,8.678135332E0,1.918924157E2,2.761509268E0,1.675143925E1,1.239244371E1,3.000000000E0
1.194956421E3,5.055998964E1,8.678085514E0,1.929693680E2,2.877510229E0,6.480719008E0,8.806232669E0,3.000000000E0
1.195956407E3,5.056002155E1,8.678104223E0,1.925089641E2,3.182141292E0,9.485564875E0,8.595886360E0,3.000000000E0
1.196956393E3,5.056005576E1,8.678118521E0,1.927453338E2,3.233086363E0,1.126272301E1,8.396557465E0,3.000000000E0
1.197956378E3,5.056007924E1,8.678147265E0,1.920840074E2,3.259700385E0,1.780930401E1,8.258675914E0,3.000000000E0
1.198956364E3,5.056009819E1,8.678165140E0,1.921098950E2,3.238146402E0,1.922996957E1,7.959189013E0,3.000000000E0
1.199956350E3,5.056012551E1,8.678184115E0,1.921380017E2,3.228024809E0,2.132903259E1,7.682668200E0,3.000000000E0
1.200956336E3,5.056015539E1,8.678184665E0,1.922511691E2,3.224041232E0,1.764454048E1,7.648099580E0,3.000000000E0
1.201956322E3,5.056018119E1,8.678197224E0,1.912630820E2,3.181478474E0,1.774366297E1,7.755398901E0,3.000000000E0
1.202956308E3,5.056021015E1,8.678195969E0,1.913400576E2,3.172581411E0,1.394983503E1,8.470888308E0,3.000000000E0
1.203956294E3,5.056024101E1,8.678204573E0,1.924141434E2,3.126591147E0,1.291602265E1,9.877789840E0,3.000000000E0
1.204956279E3,5.056026207E1,8.678203759E0,1.917866146E2,2.804103959E0,9.588495379E0,1.101307924E1,3.000000000E0
1.205956266E3,5.056028193E1,8.678239219E0,1.915419524E2,2.623468322E0,1.912694669E1,1.129533836E1,3.000000000E0
1.206956251E3,5.056030420E1,8.678263785E0,1.915603753E2,2.602458700E0,2.148130806E1,1.206258501E1,3.000000000E0
1.207956238E3,5.056031385E1,8.678334164E0,1.910090778E2,2.603548209E0,3.703556717E1,1.247237054E1,3.000000000E0
1.208956224E3,5.056032627E1,8.678330525E0,1.904123834E2,2.405319880E0,3.419201899E1,1.313576852E1,3.000000000E0
1.209956210E3,5.056035086E1,8.678360579E0,1.915618625E2,2.773009457E0,3.414516471E1,1.367916725E1,3.000000000E0
1.210956197E3,5.056038125E1,8.678378251E0,1.906584072E2,2.801664610E0,3.035284889E1,1.379674974E1,3.000000000E0
1.211956183E3,5.056041087E1,8.678406366E0,1.912155453E2,2.967467518E0,3.033181612E1,1.431901760E1,3.000000000E0
1.212956169E3,5.056044650E1,8.678412836E0,1.911589791E2,3.097351510E0,2.641380267E1,1.497592591E1,3.000000000E0
1.213956155E3,5.056047114E1,8.678432103E0,1.912287091E2,3.135890630E0,2.669507900E1,1.358029948E1,3.000000000E0
1.214956141E3,5.056047602E1,8.678526226E0,1.910816146E2,3.252469072E0,3.383079927E1,1.196936765E1,3.000000000E0
1.215956128E3,5.056051755E1,8.678529421E0,1.911070542E2,3.284381845E0,2.883614099E1,1.177794098E1,3.000000000E0
1.216956114E3,5.056054633E1,8.678545591E0,1.908666876E2,3.323009699E0,2.460176926E1,1.123399173E1,3.000000000E0
1.217956100E3,5.056057283E1,8.678546594E0,1.903010218E2,3.291290962E0,2.277362694E1,1.145526434E1,3.000000000E0
1.218956087E3,5.056059921E1,8.678538348E0,1.889612110E2,3.235251303E0,1.896481180E1,1.206708294E1,3.000000000E0
1.219956073E3,5.056062051E1,8.678555275E0,1.903753537E2,3.213292291E0,1.794179096E1,1.286303360E1,3.000000000E0
1.220956060E3,5.056064639E1,8.678563515E0,1.911289108E2,3.170010528E0,1.764122687E1,1.402599911E1,3.000000000E0
1.221956046E3,5.056066843E1,8.678592543E0,1.899605502E2,3.151898848E0,2.025864426E1,1.552660125E1,3.000000000E0
1.222956032E3,5.056067411E1,8.678613274E0,1.900099992E2,2.903979862E0,2.344791164E1,1.669159621E1,3.000000000E0
1.223956018E3,5.056070419E1,8.678594152E0,1.903096850E2,2.861780722E0,1.889269935E1,1.751625290E1,3.000000000E0
1.224956005E3,5.056072554E1,8.678582970E0,1.897853300E2,2.830586732E0,1.730630548E1,1.760180257E1,3.000000000E0
1.225955991E3,5.056076244E1,8.678574191E0,1.890095792E2,2.944847321E0,1.130599500E1,1.682789006E1,3.000000000E0
1.226955978E3,5.056075575E1,8.678657987E0,1.892196595E2,2.682314998E0,2.103630908E1,1.628350336E1,3.000000000E0
1.227955964E3,5.056076967E1,8.678697034E0,1.892373451E2,2.682830597E0,2.213406347E1,1.568869961E1,3.000000000E0
1.228955950E3,5.056080459E1,8.678704464E0,1.895298028E2,2.828639822E0,2.129420181E1,1.579787942E1,3.000000000E0
1.229955936E3,5.056079642E1,8.678763525E0,1.897590989E2,2.680827437E0,2.819720312E1,1.560793169E1,3.000000000E0
1.230955923E3,5.056083095E1,8.678760039E0,1.895288611E2,2.820828549E0,2.270126265E1,1.489995069E1,3.000000000E0
1.231955910E3,5.056086116E1,8.678792575E0,1.894393106E2,3.103315541E0,2.388090173E1,1.267382189E1,3.000000000E0
1.232955896E3,5.056089949E1,8.678795449E0,1.891291861E2,3.269377075E0,2.076004302E1,1.215598932E1,3.000000000E0
1.233955883E3,5.056094846E1,8.678765392E0,1.888635884E2,3.214548233E0,1.218377267E1,1.142598912E1,3.000000000E0
1.234955869E3,5.056099572E1,8.678768369E0,1.892164485E2,3.377803471E0,8.105842802E0,1.124347188E1,3.000000000E0
1.235955855E3,5.056103187E1,8.678766212E0,1.892446363E2,3.625284311E0,1.131882370E1,1.086494059E1,3.000000000E0
1.236955842E3,5.056104719E1,8.678796075E0,1.890736469E2,3.464782713E0,1.816416916E1,1.045290334E1,3.000000000E0
1.237955829E3,5.056105693E1,8.678826789E0,1.884774649E2,3.123394856E0,2.232994383E1,1.009073693E1,3.000000000E0
1.238955815E3,5.056107128E1,8.678861424E0,1.878420501E2,2.930476865E0,2.497251929E1,9.724748452E0,3.000000000E0
1.239955801E3,5.056108665E1,8.678885609E0,1.884199722E2,2.821070342E0,2.672115448E1,9.405633835E0,3.000000000E0
1.240955787E3,5.056109821E1,8.678927921E0,1.880885054E2,2.883750618E0,3.529384851E1,9.192189478E0,3.000000000E0
1.241955774E3,5.056109642E1,8.678993227E0,1.884548005E2,3.023752225E0,4.941677772E1,8.865796854E0,3.000000000E0
1.242955760E3,5.056110612E1,8.679035382E0,1.881934650E2,3.116769565E0,5.367541188E1,8.578049243E0,3.000000000E0
1.243955747E3,5.056111057E1,8.679080164E0,1.882579870E2,3.173138009E0,5.866793564E1,8.252273780E0,3.000000000E0
1.244955734E3,5.056111731E1,8.679119475E0,1.882663876E2,3.155064611E0,6.164988949E1,8.060687139E0,3.000000000E0
1.245955720E3,5.056112241E1,8.679163839E0,1.880577930E2,3.171827503E0,6.617115349E1,7.757652782E0,3.000000000E0
1.246955706E3,5.056110546E1,8.679221774E0,1.882184017E2,3.147232836E0,7.808720680E1,7.472938933E0,3.000000000E0
1.247955693E3,5.056112071E1,8.679253878E0,1.879549356E2,3.108075184E0,7.654922478E1,7.199291984E0,3.000000000E0
1.248955679E3,5.056113468E1,8.679283967E0,1.883032922E2,3.088169732E0,7.413215894E1,6.939327386E0,3.000000000E0
1.249955666E3,5.056113256E1,8.679344265E0,1.877448378E2,3.211941056E0,7.617551261E1,6.832848512E0,3.000000000E0
1.250955652E3,5.056113598E1,8.679375851E0,1.878142924E2,3.066816575E0,7.890830414E1,6.598561104E0,3.000000000E0
1.251955638E3,5.056114139E1,8.679423266E0,1.878962788E2,3.143620326E0,7.979033716E1,6.486145506E0,3.000000000E0
1.252955625E3,5.056117167E1,8.679434994E0,1.880842136E2,3.032809692E0,6.732717352E1,6.267490402E0,3.000000000E0
1.253955612E3,5.056118073E1,8.679473315E0,1.878637702E2,3.012102752E0,6.911305408E1,6.054115881E0,3.000000000E0
1.254955598E3,5.056119647E1,8.679497972E0,1.880641367E2,2.985182686E0,6.680635811E1,5.851410084E0,3.000000000E0
1.255955584E3,5.056122311E1,8.679515220E0,1.877692684E2,3.009720843E0,5.883057178E1,5.848174992E0,3.000000000E0
1.256955571E3,5.056122620E1,8.679555241E0,1.879477070E2,3.053951365E0,6.455980422E1,5.695929149E0,3.000000000E0
1.257955558E3,5.056122613E1,8.679597895E0,1.877068456E2,3.079756786E0,7.008962716E1,5.511132696E0,3.000000000E0
1.258955544E3,5.056123073E1,8.679636457E0,1.880963375E2,3.091865845E0,7.224139501E1,5.359843641E0,3.000000000E0
1.259955531E3,5.056125954E1,8.679636117E0,1.884989904E2,2.705554134E0,5.092386818E1,5.219878218E0,3.000000000E0
1.260955517E3,5.056127287E1,8.679666229E0,1.881995632E2,2.866281732E0,4.686755221E1,5.246346458E0,3.000000000E0
1.261955504E3,5.056127563E1,8.679708274E0,1.884684472E2,2.913848698E0,5.305490268E1,5.188822299E0,3.000000000E0
1.262955490E3,5.056129322E1,8.679735456E0,1.879912502E2,2.874751064E0,5.051716061E1,5.111277259E0,3.000000000E0
1.263955477E3,5.056129680E1,8.679772509E0,1.867753069E2,2.682663201E0,5.167707073E1,5.094384395E0,3.000000000E0
1.264955464E3,5.056132008E1,8.679778623E0,1.879026024E2,2.738433422E0,3.150177225E1,5.017676422E0,3.000000000E0
1.265955450E3,5.056135029E1,8.679778589E0,1.880991179E2,2.978594925E0,1.632459346E1,5.080141167E0,3.000000000E0
1.266955436E3,5.056137885E1,8.679779437E0,1.879533112E2,3.271198875E0,1.055870376E1,5.118112152E0,3.000000000E0
1.267955423E3,5.056140790E1,8.679779097E0,1.878102784E2,3.403083533E0,7.929940741E0,5.128754906E0,3.000000000E0
1.268955409E3,5.056143325E1,8.679753305E0,1.880965207E2,3.423430582E0,3.579219339E2,5.095590958E0,3.000000000E0
1.269955395E3,5.056146056E1,8.679746296E0,1.877567497E2,3.324497097E0,3.556330465E2,5.143536239E0,3.000000000E0
1.270955382E3,5.056148785E1,8.679745215E0,1.871956518E2,3.228611210E0,3.558436325E2,6.428678849E0,3.000000000E0
1.271955369E3,5.056151344E1,8.679728665E0,1.863675283E2,3.076633996E0,3.508914340E2,7.264032086E0,3.000000000E0
1.272955355E3,5.056154213E1,8.679739840E0,1.869009554E2,3.039270207E0,3.554435077E2,7.750114686E0,3.000000000E0
1.273955342E3,5.056156984E1,8.679738299E0,1.867601525E2,3.004063524E0,3.558233522E2,9.160552151E0,3.000000000E0
1.274955328E3,5.056159562E1,8.679723241E0,1.872977553E2,2.926815168E0,3.529125176E2,1.057176958E1,3.000000000E0
1.275955314E3,5.056162217E1,8.679717509E0,1.872626877E2,2.857432613E0,3.523025573E2,1.253798780E1,3.000000000E0
1.276955301E3,5.056164802E1,8.679716757E0,1.869886307E2,2.840578879E0,3.533682796E2,1.418999230E1,3.000000000E0
1.277955287E3,5.056167965E1,8.679671824E0,1.870865530E2,3.106102658E0,3.458449658E2,1.473273297E1,3.000000000E0
1.278955275E3,5.056169350E1,8.679642028E0,1.869825567E2,2.944577301E0,3.414722127E2,1.332945665E1,3.000000000E0
1.279955260E3,5.056172250E1,8.679587095E0,1.866319907E2,3.109031812E0,3.392534483E2,1.150523947E1,3.000000000E0
1.280955247E3,5.056175094E1,8.679593224E0,1.862188888E2,3.055832639E0,3.438713054E2,1.063559244E1,3.000000000E0
1.281955234E3,5.056175188E1,8.679533940E0,1.858215377E2,3.028206664E0,3.429266627E2,8.323120397E0,3.000000000E0
1.282955221E3,5.056177662E1,8.679508239E0,1.858074663E2,3.098204563E0,3.417283416E2,8.072728026E0,3.000000000E0
1.283955207E3,5.056180847E1,8.679503998E0,1.854647166E2,3.142956453E0,3.506361714E2,7.794593540E0,3.000000000E0
1.284955193E3,5.056183770E1,8.679478567E0,1.858783307E2,3.143736365E0,3.446264983E2,7.558163462E0,3.000000000E0
1.285955180E3,5.056186674E1,8.679461902E0,1.858321163E2,3.147280858E0,3.430491316E2,7.369799525E0,3.000000000E0
1.286955166E3,5.056189254E1,8.679449532E0,1.853092575E2,3.135339222E0,3.433990640E2,7.298909749E0,3.000000000E0
1.287955153E3,5.056192241E1,8.679433405E0,1.851156554E2,3.188099529E0,3.414067244E2,7.220832551E0,3.000000000E0
1.288955139E3,5.056195099E1,8.679415179E0,1.854078501E2,3.205571980E0,3.399042688E2,7.112473841E0,3.000000000E0
1.289955126E3,5.056197576E1,8.679408912E0,1.848830219E2,3.121851239E0,3.420211184E2,7.006421665E0,3.000000000E0
1.290955112E3,5.056200805E1,8.679392231E0,1.841795478E2,3.119216196E0,3.394118969E2,6.829052793E0,3.000000000E0
1.291955098E3,5.056203822E1,8.679369933E0,1.847392014E2,3.231729782E0,3.373363677E2,6.720382253E0,3.000000000E0
1.292955086E3,5.056206336E1,8.679352739E0,1.841176469E2,3.212265747E0,3.375877025E2,6.635946713E0,3.000000000E0
1.293956613E3,5.056209337E1,8.679331358E0,1.841117743E2,3.262861553E0,3.362853882E2,6.515425428E0,3.000000000E0
1.294956621E3,5.056212160E1,8.679319803E0,1.840387816E2,3.233985015E0,3.378608594E2,6.541183597E0,3.000000000E0
1.295956611E3,5.056214839E1,8.679296491E0,1.845848029E2,3.270925409E0,3.360515856E2,6.410463595E0,3.000000000E0
1.296956624E3,5.056218369E1,8.679290923E0,1.842881528E2,3.291529140E0,3.390061637E2,6.269704058E0,3.000000000E0
1.297956633E3,5.056221645E1,8.679280137E0,1.838245730E2,3.294076000E0,3.413753432E2,6.130045140E0,3.000000000E0
1.298956621E3,5.056224482E1,8.679262430E0,1.837704266E2,3.244786246E0,3.415834395E2,5.923542882E0,3.000000000E0
1.299956626E3,5.056227371E1,8.679249651E0,1.833745935E2,3.219837634E0,3.430955711E2,5.727365739E0,3.000000000E0
1.300956638E3,5.056229418E1,8.679205605E0,1.831971400E2,3.235508502E0,3.356631898E2,5.545031881E0,3.000000000E0
1.301956626E3,5.056232322E1,8.679188855E0,1.832774147E2,3.261592849E0,3.375905122E2,5.468258996E0,3.000000000E0
1.302956632E3,5.056235820E1,8.679204781E0,1.833762480E2,3.216856682E0,3.485638817E2,5.525163844E0,3.000000000E0
1.303956644E3,5.056239581E1,8.679210880E0,1.833847730E2,3.220702618E0,3.521404618E2,5.513525635E0,3.000000000E0
1.304956633E3,5.056242687E1,8.679189719E0,1.835790848E2,3.318711999E0,3.486310363E2,5.256432532E0,3.000000000E0
1.305956643E3,5.056245692E1,8.679181322E0,1.833625321E2,3.342942854E0,3.474198803E2,5.055034054E0,3.000000000E0
1.306956654E3,5.056248888E1,8.679164718E0,1.828943133E2,3.351682022E0,3.448352802E2,5.002691934E0,3.000000000E0
1.307956641E3,5.056251331E1,8.679137925E0,1.813690879E2,3.281035702E0,3.412924802E2,5.131275857E0,3.000000000E0
1.308956628E3,5.056254427E1,8.679133573E0,1.825346907E2,3.306776317E0,3.431261931E2,5.534118429E0,3.000000000E0
1.309956613E3,5.056257096E1,8.679112278E0,1.823098010E2,3.256697089E0,3.404922207E2,6.308357878E0,3.000000000E0
1.310956599E3,5.056259729E1,8.679105810E0,1.828486440E2,3.210047704E0,3.405698290E2,6.326916440E0,3.000000000E0
1.311956585E3,5.056262966E1,8.679082672E0,1.827262341E2,3.313235021E0,3.394455401E2,7.005083306E0,3.000000000E0
1.312956571E3,5.056265538E1,8.679059306E0,1.826484679E2,3.342224268E0,3.387892488E2,5.983506605E0,3.000000000E0
1.313956556E3,5.056268465E1,8.679031662E0,1.822490594E2,3.422738315E0,3.378857626E2,5.890032234E0,3.000000000E0
1.314956542E3,5.056271848E1,8.679027497E0,1.817430074E2,3.393838284E0,3.420647277E2,5.741156348E0,3.000000000E0
1.315956528E3,5.056274791E1,8.679015798E0,1.819688979E2,3.360604027E0,3.436912930E2,6.367160146E0,3.000000000E0
1.316956514E3,5.056277799E1,8.679007973E0,1.819105318E2,3.306757433E0,3.460711596E2,7.230496305E0,3.000000000E0
1.317956500E3,5.056280402E1,8.678979009E0,1.820043436E2,3.279373599E0,3.422502951E2,7.953767233E0,3.000000000E0
1.318956486E3,5.056283326E1,8.678966637E0,1.816424592E2,3.270197336E0,3.438712132E2,9.001117322E0,3.000000000E0
1.319956472E3,5.056285999E1,8.678940037E0,1.813417310E2,3.284009245E0,3.420562768E2,9.453770059E0,3.000000000E0
1.320956459E3,5.056289464E1,8.678957217E0,1.820201265E2,3.321740132E0,3.483664274E2,9.430748074E0,3.000000000E0
1.321956445E3,5.056292344E1,8.678942440E0,1.814222586E2,3.370063250E0,3.482365282E2,9.742143142E0,3.000000000E0
1.322956430E3,5.056295083E1,8.678924740E0,1.797540184E2,3.306795200E0,3.502804855E2,8.817668832E0,3.000000000E0
1.323956417E3,5.056298391E1,8.678914602E0,1.810383198E2,3.371290069E0,3.504681293E2,9.664525160E0,3.000000000E0
1.324956403E3,5.056301158E1,8.678888587E0,1.801749034E2,3.375598023E0,3.479660790E2,1.028999680E1,3.000000000E0
1.325956389E3,5.056304183E1,8.678885966E0,1.808757008E2,3.387339265E0,3.497043296E2,1.150542364E1,3.000000000E0
1.326956375E3,5.056307269E1,8.678865880E0,1.815680672E2,3.362665687E0,3.480998334E2,1.254296706E1,3.000000000E0
1.327956362E3,5.056309915E1,8.678846645E0,1.809199016E2,3.316398574E0,3.452433375E2,1.258294235E1,3.000000000E0
1.328956348E3,5.056312823E1,8.678836638E0,1.808671165E2,3.323182398E0,3.455011306E2,1.396745677E1,3.000000000E0
1.329956334E3,5.056315577E1,8.678816719E0,1.799612459E2,3.308098918E0,3.448556677E2,1.504568129E1,3.000000000E0
1.330956321E3,5.056318393E1,8.678804475E0,1.803984996E2,3.297459909E0,3.448448269E2,1.706709933E1,3.000000000E0
1.331956306E3,5.056320872E1,8.678763487E0,1.804429726E2,3.335930454E0,3.407435382E2,1.846508715E1,3.000000000E0
1.332956293E3,5.056323567E1,8.678739768E0,1.805786488E2,3.347978690E0,3.397735925E2,2.073519910E1,3.000000000E0
1.333956280E3,5.056326113E1,8.678729439E0,1.805315333E2,3.259230607E0,3.405000494E2,2.132424009E1,3.000000000E0
1.334956266E3,5.056329280E1,8.678757118E0,1.802716921E2,3.117561491E0,3.485275788E2,2.198313887E1,3.000000000E0
1.335956251E3,5.056331309E1,8.678735254E0,1.800138657E2,2.997762528E0,3.504377949E2,2.303427621E1,3.000000000E0
1.336956239E3,5.056332461E1,8.678652065E0,1.801793095E2,2.882804596E0,3.451668987E2,2.387259834E1,3.000000000E0
1.337956225E3,5.056335358E1,8.678622048E0,1.804189333E2,3.037922777E0,3.425542257E2,2.418658013E1,3.000000000E0
1.338956210E3,5.056334735E1,8.678681042E0,1.802612250E2,2.496673772E0,3.477427055E2,2.494264596E1,3.000000000E0
1.339956197E3,5.056338800E1,8.678677806E0,1.790092763E2,2.613247268E0,3.505673538E2,1.413232701E1,3.000000000E0
1.340956184E3,5.056340914E1,8.678597780E0,1.803793843E2,2.650271553E0,3.451719917E2,1.303886555E1,3.000000000E0
1.341956171E3,5.056341516E1,8.678570053E0,1.802750909E2,2.721542850E0,3.411554474E2,1.257405567E1,3.000000000E0
1.342956157E3,5.056344587E1,8.678555432E0,1.800774203E2,3.084338060E0,3.416576000E2,1.246910618E1,3.000000000E0
1.343956143E3,5.056347700E1,8.678544120E0,1.798475822E2,3.226871923E0,3.469812727E2,1.225399395E1,3.000000000E0
1.344956129E3,5.056350658E1,8.678532926E0,1.807335827E2,3.309472502E0,3.478063045E2,1.254776989E1,3.000000000E0
1.345956116E3,5.056353658E1,8.678528237E0,1.801614481E2,3.368756781E0,3.483751953E2,1.258436862E1,3.000000000E0
1.346956102E3,5.056356544E1,8.678523000E0,1.802042747E2,3.341097238E0,3.503889046E2,1.249488300E1,3.000000000E0
1.347956089E3,5.056358909E1,8.678476996E0,1.798302676E2,3.360778783E0,3.428085732E2,1.234635281E1,3.000000000E0
1.348956075E3,5.056361405E1,8.678452925E0,1.792285313E2,3.339065975E0,3.426430323E2,1.324570476E1,3.000000000E0
1.349956062E3,5.056365200E1,8.678467797E0,1.787928306E2,3.329957316E0,3.466095492E2,1.345232584E1,3.000000000E0
1.350956048E3,5.056368108E1,8.678443082E0,1.798316502E2,3.319193025E0,3.458988764E2,1.416599662E1,3.000000000E0
1.351956034E3,5.056371289E1,8.678395750E0,1.796003323E2,3.308865170E0,3.440819777E2,1.413668367E1,3.000000000E0
1.352956020E3,5.056373626E1,8.678385669E0,1.798845557E2,3.264141722E0,3.457318861E2,1.369522486E1,3.000000000E0
1.353956007E3,5.056377062E1,8.678391799E0,1.796697755E2,3.290177898E0,3.484669806E2,1.362320821E1,3.000000000E0
1.354955994E3,5.056381237E1,8.678413985E0,1.794442263E2,3.263529316E0,3.477418389E2,1.334262162E1,3.000000000E0
1.355955980E3,5.056383945E1,8.678407105E0,1.795137893E2,3.249024932E0,3.470978735E2,1.301677599E1,3.000000000E0
1.356955967E3,5.056387667E1,8.678378443E0,1.786239083E2,3.255724211E0,3.432762287E2,1.322129784E1,3.000000000E0
1.357955953E3,5.056390170E1,8.678368282E0,1.791368878E2,3.253958390E0,3.457898417E2,1.298458409E1,3.000000000E0
1.358955939E3,5.056393121E1,8.678350617E0,1.781488982E2,3.273263772E0,3.422273574E2,1.320626434E1,3.000000000E0
1.359955926E3,5.056395753E1,8.678340143E0,1.791518324E2,3.240580474E0,3.451440907E2,1.307104521E1,3.000000000E0
1.360955912E3,5.056399719E1,8.678357060E0,1.788863928E2,3.258203457E0,3.490915446E2,1.297057146E1,3.000000000E0
1.361955898E3,5.056402807E1,8.678345153E0,1.788195253E2,3.238374069E0,3.470101159E2,1.361417951E1,3.000000000E0
1.362955885E3,5.056405350E1,8.678325505E0,1.789797921E2,3.218753403E0,3.445521588E2,1.348868247E1,3.000000000E0
1.363955872E3,5.056406908E1,8.678292877E0,1.788707309E2,3.149854652E0,3.403579234E2,1.401676516E1,3.000000000E0
1.364955858E3,5.056409152E1,8.678246798E0,1.790386792E2,3.236128156E0,3.343008164E2,1.403207987E1,3.000000000E0
1.365955845E3,5.056412235E1,8.678239399E0,1.781019777E2,3.276804277E0,3.372108092E2,1.378931359E1,3.000000000E0
1.366955831E3,5.056414957E1,8.678223818E0,1.785536433E2,3.285123154E0,3.392404304E2,1.382426748E1,3.000000000E0
1.367955816E3,5.056418692E1,8.678209566E0,1.787674444E2,3.236330997E0,3.421505598E2,1.419490575E1,3.000000000E0
1.368955801E3,5.056421855E1,8.678213683E0,1.787219494E2,3.253265128E0,3.470699436E2,1.478545039E1,3.000000000E0
1.369955787E3,5.056424189E1,8.678203206E0,1.785632564E2,3.249643931E0,3.473176132E2,1.479721256E1,3.000000000E0
1.370955772E3,5.056426978E1,8.678193125E0,1.788836441E2,3.207898641E0,3.462090181E2,1.432958622E1,3.000000000E0
1.371955757E3,5.056430369E1,8.678234726E0,1.790783574E2,3.105082366E0,3.542955632E2,1.435667380E1,3.000000000E0
1.372955743E3,5.056432103E1,8.678148480E0,1.781692878E2,3.088974959E0,3.362662348E2,1.408718937E1,3.000000000E0
1.373955728E3,5.056433912E1,8.678130068E0,1.784516142E2,3.120964162E0,3.299676575E2,1.392265483E1,3.000000000E0
1.374955715E3,5.056436143E1,8.678085865E0,1.790342888E2,3.452216600E0,3.258620238E2,1.389798606E1,3.000000000E0
1.375955700E3,5.056437933E1,8.678040491E0,1.797319230E2,3.657348556E0,3.245949756E2,1.386821332E1,3.000000000E0
1.376955686E3,5.056439256E1,8.678009193E0,1.788891169E2,3.533656651E0,3.287564197E2,1.373829768E1,3.000000000E0
1.377955672E3,5.056441575E1,8.677997709E0,1.796820707E2,3.396937662E0,3.334638318E2,1.394372602E1,3.000000000E0
1.378955658E3,5.056443059E1,8.677956959E0,1.786600861E2,3.306535460E0,3.305204510E2,1.348917170E1,3.000000000E0
1.379955644E3,5.056445879E1,8.677925105E0,1.790906231E2,3.336429548E0,3.280531429E2,1.310165600E1,3.000000000E0
1.380955630E3,5.056447817E1,8.677889259E0,1.789960869E2,3.331437995E0,3.277765032E2,1.299472014E1,3.000000000E0
1.381955616E3,5.056450657E1,8.677872498E0,1.799259430E2,3.321597359E0,3.343070280E2,1.289729834E1,3.000000000E0
1.382955602E3,5.056453655E1,8.677826741E0,1.788235806E2,3.340464466E0,3.340323246E2,1.266344078E1,3.000000000E0
1.383955588E3,5.056457003E1,8.677831216E0,1.795152946E2,3.345136818E0,3.399435390E2,1.259663281E1,3.000000000E0
1.384955574E3,5.056460281E1,8.677797530E0,1.793136232E2,3.343358554E0,3.351860194E2,1.246200468E1,3.000000000E0
1.385955559E3,5.056463382E1,8.677784328E0,1.796788440E2,3.334644177E0,3.346022482E2,1.218950735E1,3.000000000E0
1.386955546E3,5.056466025E1,8.677731027E0,1.801086904E2,3.471287212E0,3.321003935E2,1.212628888E1,3.000000000E0
1.387955532E3,5.056468812E1,8.677704661E0,1.803051112E2,3.571570491E0,3.328016228E2,1.178476619E1,3.000000000E0
1.388955519E3,5.056472265E1,8.677712025E0,1.792093629E2,3.508505699E0,3.390185457E2,1.177923021E1,3.000000000E0
1.389955504E3,5.056475536E1,8.677691617E0,1.804933833E2,3.453311501E0,3.410490773E2,1.186914277E1,3.000000000E0
1.390955491E3,5.056478499E1,8.677670095E0,1.806133897E2,3.353717040E0,3.394626402E2,1.216038464E1,3.000000000E0
1.391955477E3,5.056481020E1,8.677643005E0,1.796737365E2,3.384302593E0,3.373653025E2,1.223691362E1,3.000000000E0
1.392955463E3,5.056483881E1,8.677630596E0,1.811994193E2,3.398069523E0,3.389968863E2,1.204728500E1,3.000000000E0
1.393955449E3,5.056486392E1,8.677624135E0,1.800737556E2,3.291140906E0,3.392984733E2,1.178515772E1,3.000000000E0
1.394955436E3,5.056490061E1,8.677627458E0,1.808660488E2,3.377155641E0,3.431112099E2,1.186326870E1,3.000000000E0
1.395955422E3,5.056492816E1,8.677603557E0,1.804419486E2,3.389980166E0,3.382591616E2,1.158697080E1,3.000000000E0
1.396955408E3,5.056496634E1,8.677583923E0,1.811946061E2,3.555648030E0,3.379476985E2,1.171369298E1,3.000000000E0
1.397955395E3,5.056499892E1,8.677576548E0,1.811802187E2,3.537791099E0,3.423839915E2,1.154415129E1,3.000000000E0
1.398955381E3,5.056503329E1,8.677576950E0,1.810423202E2,3.451643154E0,3.454111330E2,1.145208318E1,3.000000000E0
1.399955367E3,5.056506153E1,8.677573973E0,1.807834536E2,3.225762816E0,3.474441201E2,1.144050156E1,3.000000000E0
1.400955353E3,5.056508682E1,8.677525269E0,1.816873249E2,3.157475671E0,3.344049624E2,1.133013907E1,3.000000000E0
1.401955340E3,5.056511023E1,8.677489271E0,1.810146978E2,3.114985172E0,3.268269143E2,1.107751519E1,3.000000000E0
1.402955326E3,5.056512553E1,8.677429995E0,1.809580095E2,3.128783133E0,3.165808032E2,1.120487664E1,3.000000000E0
1.403955312E3,5.056514621E1,8.677399613E0,1.809371388E2,3.341394138E0,3.165492534E2,1.105452255E1,3.000000000E0
1.404955299E3,5.056517257E1,8.677362974E0,1.810562532E2,3.461478587E0,3.242147560E2,1.112864075E1,3.000000000E0
1.405955285E3,5.056520946E1,8.677351579E0,1.810701081E2,3.458498599E0,3.322686044E2,1.097055197E1,3.000000000E0
1.406955272E3,5.056524017E1,8.677342741E0,1.809894118E2,3.398730463E0,3.399417846E2,1.083070061E1,3.000000000E0
1.407955258E3,5.056526547E1,8.677326488E0,1.810366526E2,3.365333639E0,3.379561455E2,1.076832323E1,3.000000000E0
1.408955245E3,5.056530123E1,8.677325208E0,1.810749976E2,3.365625146E0,3.410838197E2,1.078157156E1,3.000000000E0
1.409955231E3,5.056533153E1,8.677307003E0,1.811227080E2,3.490124541E0,3.411297569E2,1.093287582E1,3.000000000E0
1.410955217E3,5.056536138E1,8.677275873E0,1.809256405E2,3.527980616E0,3.403222291E2,1.101520100E1,3.000000000E0
1.411955204E3,5.056538652E1,8.677242815E0,1.810196530E2,3.326867137E0,3.332819174E2,1.056444096E1,3.000000000E0
1.412955190E3,5.056541380E1,8.677228068E0,1.808027048E2,3.326986208E0,3.318257941E2,1.031059508E1,3.000000000E0
1.413955177E3,5.056544810E1,8.677214743E0,1.813076511E2,3.468892416E0,3.350214210E2,9.945650657E0,3.000000000E0
1.414955162E3,5.056548544E1,8.677203514E0,1.811841552E2,3.563224074E0,3.363660291E2,9.635258528E0,3.000000000E0
1.415955149E3,5.056551983E1,8.677189178E0,1.811992683E2,3.570480809E0,3.391784995E2,9.398588565E0,3.000000000E0
1.416955136E3,5.056556180E1,8.677180375E0,1.815621132E2,3.576687876E0,3.457894328E2,9.186262277E0,3.000000000E0
1.417955123E3,5.056559081E1,8.677156896E0,1.807524120E2,3.417564177E0,3.418071707E2,9.091553747E0,3.000000000E0
1.418955109E3,5.056562276E1,8.677143841E0,1.811074284E2,3.342017616E0,3.435588558E2,8.805234227E0,3.000000000E0
1.419956692E3,5.056565744E1,8.677134573E0,1.809318286E2,3.298977266E0,3.437068546E2,8.782658020E0,3.000000000E0
1.420956705E3,5.056569626E1,8.677136189E0,1.810896672E2,3.411833634E0,3.468169761E2,8.501285863E0,3.000000000E0
1.421956691E3,5.056573333E1,8.677130400E0,1.813247492E2,3.484314741E0,3.492425436E2,8.376600418E0,3.000000000E0
1.422956689E3,5.056576754E1,8.677127162E0,1.811235237E2,3.581737952E0,3.506243579E2,8.148071388E0,3.000000000E0
1.423956692E3,5.056579985E1,8.677120935E0,1.812557921E2,3.648509369E0,3.520669779E2,7.984842277E0,3.000000000E0
1.424956678E3,5.056583263E1,8.677108602E0,1.811035978E2,3.739221612E0,3.511895090E2,7.738410130E0,3.000000000E0
1.425956689E3,5.056586441E1,8.677077118E0,1.807908375E2,3.790899263E0,3.475921434E2,7.626453366E0,3.000000000E0
1.426956702E3,5.056589587E1,8.677064662E0,1.808761383E2,3.728327183E0,3.472679594E2,7.453375772E0,3.000000000E0
1.427956690E3,5.056593140E1,8.677059538E0,1.805104509E2,3.712776816E0,3.498401256E2,7.337088153E0,3.000000000E0
1.428956694E3,5.056596641E1,8.677069773E0,1.804306024E2,3.548851081E0,3.531978352E2,7.433901041E0,3.000000000E0
1.429956700E3,5.056599824E1,8.677060230E0,1.799094926E2,3.382624705E0,3.535974734E2,7.377093322E0,3.000000000E0
1.430956681E3,5.056603392E1,8.677053298E0,1.799222516E2,3.364201868E0,3.539405152E2,7.133232383E0,3.000000000E0
1.431956682E3,5.056606648E1,8.677033020E0,1.809822135E2,3.465803660E0,3.540793559E2,7.489658432E0,3.000000000E0
1.432956692E3,5.056609612E1,8.677022390E0,1.799475722E2,3.419731803E0,3.533591944E2,7.258058206E0,3.000000000E0
1.433956678E3,5.056613437E1,8.677026327E0,1.806689012E2,3.508539296E0,3.579119380E2,7.340070801E0,3.000000000E0
1.434956665E3,5.056617168E1,8.677021282E0,1.805517345E2,3.511160325E0,3.564555298E2,7.762817100E0,3.000000000E0
1.435956651E3,5.056619723E1,8.677003119E0,1.806025961E2,3.512598244E0,3.531779248E2,7.903580855E0,3.000000000E0
1.436956638E3,5.056623399E1,8.676924434E0,1.799561391E2,3.763099639E0,3.442511504E2,7.777282665E0,3.000000000E0
1.437956625E3,5.056626958E1,8.676915529E0,1.801907730E2,3.784824022E0,3.469220080E2,7.393184620E0,3.000000000E0
1.438956611E3,5.056631592E1,8.676908534E0,1.801773212E2,3.892546353E0,3.483351414E2,7.184982700E0,3.000000000E0
1.439956597E3,5.056635813E1,8.676871996E0,1.801034808E2,4.129499035E0,3.423843514E2,6.964217040E0,3.000000000E0
1.440956583E3,5.056639003E1,8.676849771E0,1.801711806E2,3.969386043E0,3.389571943E2,6.845324236E0,3.000000000E0
1.441956570E3,5.056642336E1,8.676837420E0,1.803878587E2,3.871809140E0,3.412623567E2,6.576139553E0,3.000000000E0
1.442956556E3,5.056645654E1,8.676834352E0,1.798285455E2,3.817258679E0,3.436820050E2,6.420764802E0,3.000000000E0
1.443956542E3,5.056648707E1,8.676829820E0,1.799211452E2,3.731996376E0,3.452199062E2,6.204532833E0,3.000000000E0
1.444956529E3,5.056652222E1,8.676822634E0,1.804297444E2,3.666511258E0,3.432671828E2,6.195062390E0,3.000000000E0
1.445956515E3,5.056655590E1,8.676821207E0,1.798706528E2,3.554886473E0,3.484241186E2,6.392451634E0,3.000000000E0
1.446956503E3,5.056659200E1,8.676810747E0,1.795191069E2,3.527914027E0,3.476551705E2,6.392734673E0,3.000000000E0
1.447956489E3,5.056662502E1,8.676795878E0,1.796018954E2,3.548472760E0,3.454543226E2,6.601568157E0,3.000000000E0
1.448956474E3,5.056665996E1,8.676778648E0,1.790121415E2,3.604627459E0,3.414936468E2,6.612719844E0,3.000000000E0
1.449956461E3,5.056669450E1,8.676771663E0,1.799646413E2,3.648123067E0,3.423176270E2,6.999749185E0,3.000000000E0
1.450956447E3,5.056672803E1,8.676752491E0,1.799789394E2,3.647487704E0,3.452285819E2,7.091356639E0,3.000000000E0
1.451956433E3,5.056676412E1,8.676745412E0,1.792107965E2,3.658666834E0,3.459161586E2,7.567584356E0,3.000000000E0
1.452956420E3,5.056679380E1,8.676734263E0,1.797363121E2,3.610974477E0,3.483660363E2,7.787956548E0,3.000000000E0
1.453956406E3,5.056682825E1,8.676723619E0,1.794609586E2,3.668586210E0,3.461488527E2,8.177884449E0,3.000000000E0
1.454956393E3,5.056686279E1,8.676706687E0,1.798547150E2,3.808079646E0,3.474350879E2,8.462940638E0,3.000000000E0
1.455956380E3,5.056689301E1,8.676700528E0,1.798350868E2,3.707438825E0,3.484105126E2,8.662330984E0,3.000000000E0
1.456956366E3,5.056693642E1,8.676726403E0,1.797217990E2,3.650997191E0,3.500294397E2,8.455229021E0,3.000000000E0
1.457956351E3,5.056696278E1,8.676677995E0,1.796032912E2,3.582786659E0,3.413553035E2,7.877779170E0,3.000000000E0
1.458956339E3,5.056699365E1,8.676666329E0,1.798840953E2,3.583274309E0,3.424594331E2,7.863351553E0,3.000000000E0
1.459956324E3,5.056702941E1,8.676667951E0,1.783958866E2,3.601032775E0,3.450185136E2,7.375872130E0,3.000000000E0
1.460956310E3,5.056706487E1,8.676658594E0,1.794651183E2,3.664841063E0,3.429562043E2,7.631392079E0,3.000000000E0
1.461956297E3,5.056710200E1,8.676640557E0,1.792128583E2,3.780219857E0,3.429160032E2,7.876379109E0,3.000000000E0
1.462956284E3,5.056713925E1,8.676631490E0,1.792127560E2,3.805144358E0,3.439722835E2,8.116050497E0,3.000000000E0
1.463956270E3,5.056717367E1,8.676624252E0,1.798595513E2,3.710214477E0,3.473382055E2,8.316111487E0,3.000000000E0
1.464956256E3,5.056720312E1,8.676605965E0,1.793363479E2,3.716165655E0,3.485748489E2,8.670570737E0,3.000000000E0
1.465956242E3,5.056722989E1,8.676579633E0,1.793070429E2,3.685339925E0,3.486709174E2,9.023635931E0,3.000000000E0
1.466956228E3,5.056727245E1,8.676573492E0,1.793558229E2,3.728026093E0,3.496460522E2,8.981546375E0,3.000000000E0
1.467956215E3,5.056730938E1,8.676582639E0,1.789981512E2,3.780353975E0,3.489706036E2,9.225523428E0,3.000000000E0
1.468956201E3,5.056735033E1,8.676575449E0,1.792230298E2,3.823145290E0,3.497586011E2,9.060447274E0,3.000000000E0
1.469956187E3,5.056738212E1,8.676552122E0,1.794309753E2,3.724634200E0,3.489395554E2,9.213138914E0,3.000000000E0
1.470956174E3,5.056741750E1,8.676505928E0,1.784328955E2,3.705010466E0,3.461789383E2,9.152004727E0,3.000000000E0
1.471956160E3,5.056745816E1,8.676489319E0,1.794817005E2,3.731696613E0,3.454581556E2,9.497127549E0,3.000000000E0
1.472956147E3,5.056750087E1,8.676504191E0,1.796993930E2,3.692680101E0,3.462542627E2,9.445643580E0,3.000000000E0
1.473956133E3,5.056753446E1,8.676478256E0,1.788951023E2,3.787851107E0,3.484070059E2,9.064794593E0,3.000000000E0
1.474956120E3,5.056756572E1,8.676476303E0,1.792393815E2,3.711616204E0,3.482722032E2,8.858401098E0,3.000000000E0
1.475956105E3,5.056759747E1,8.676446790E0,1.793694950E2,3.642542545E0,3.426479833E2,9.178498423E0,3.000000000E0
1.476956091E3,5.056762841E1,8.676432679E0,1.796907501E2,3.619535933E0,3.445801639E2,9.447200684E0,3.000000000E0
1.477956078E3,5.056766202E1,8.676422478E0,1.796422782E2,3.655406506E0,3.498349055E2,9.576408557E0,3.000000000E0
1.478956064E3,5.056769744E1,8.676418255E0,1.794309311E2,3.746108466E0,3.527366380E2,9.892916849E0,3.000000000E0
1.479956051E3,5.056772665E1,8.676416704E0,1.793929206E2,3.633897419E0,3.492488398E2,9.692531386E0,3.000000000E0
1.480956036E3,5.056774953E1,8.676375386E0,1.798163362E2,3.646277828E0,3.470283687E2,9.598236207E0,3.000000000E0
1.481956023E3,5.056777785E1,8.676340109E0,1.798626966E2,3.664582298E0,3.451593879E2,9.417218310E0,3.000000000E0
1.482956010E3,5.056780561E1,8.676336321E0,1.798595949E2,3.604073895E0,3.450562977E2,6.750357563E0,3.000000000E0
1.483955996E3,5.056784634E1,8.676339050E0,1.802710366E2,3.645605265E0,3.475667137E2,6.625480402E0,3.000000000E0
1.484955982E3,5.056787633E1,8.676321214E0,1.807995231E2,3.604167348E0,3.455798196E2,6.394206374E0,3.000000000E0
1.485955969E3,5.056790857E1,8.676306888E0,1.801982243E2,3.611152924E0,3.444755488E2,6.174496050E0,3.000000000E0
1.486955955E3,5.056792842E1,8.676280971E0,1.801491661E2,3.463339503E0,3.374771356E2,6.014211965E0,3.000000000E0
1.487955940E3,5.056794612E1,8.676271189E0,1.809718586E2,3.315532561E0,3.353204019E2,5.902328021E0,3.000000000E0
1.488955927E3,5.056797331E1,8.676257419E0,1.805915166E2,3.286999210E0,3.382044248E2,5.773948093E0,3.000000000E0
1.489955913E3,5.056800093E1,8.676244833E0,1.806825156E2,3.345933036E0,3.406959042E2,5.650353635E0,3.000000000E0
1.490955900E3,5.056802571E1,8.676236088E0,1.807663875E2,3.322683029E0,3.422902872E2,5.520185736E0,3.000000000E0
1.491955886E3,5.056805249E1,8.676208990E0,1.814202935E2,3.420953632E0,3.374341188E2,5.555913278E0,3.000000000E0
1.492955872E3,5.056807885E1,8.676196472E0,1.817248568E2,3.227762740E0,3.335027879E2,5.509976962E0,3.000000000E0
1.493955858E3,5.056810393E1,8.676192117E0,1.812349001E2,3.142131603E0,3.348369950E2,5.463977691E0,3.000000000E0
1.494955845E3,5.056813637E1,8.676189923E0,1.818749717E2,3.235994586E0,3.423339121E2,5.421207024E0,3.000000000E0
1.495955831E3,5.056817420E1,8.676193000E0,1.813863874E2,3.377241820E0,3.469540713E2,5.278438816E0,3.000000000E0
1.496955817E3,5.056819942E1,8.676180338E0,1.813158012E2,3.277642097E0,3.453001159E2,5.207480705E0,3.000000000E0
1.497955803E3,5.056822627E1,8.676176208E0,1.812504088E2,3.373288720E0,3.494616764E2,5.124563258E0,3.000000000E0
1.498955790E3,5.056825689E1,8.676159780E0,1.819071086E2,3.538171534E0,3.450090867E2,4.968335104E0,3.000000000E0
1.499955777E3,5.056828755E1,8.676158008E0,1.822028892E2,3.450814368E0,3.464321651E2,4.954340559E0,3.000000000E0
1.500955763E3,5.056831800E1,8.676148628E0,1.820297843E2,3.463168905E0,3.483085972E2,4.813233616E0,3.000000000E0
1.501955749E3,5.056834777E1,8.676129466E0,1.817968927E2,3.468866852E0,3.450849952E2,4.698832988E0,3.000000000E0
1.502955735E3,5.056837662E1,8.676116574E0,1.822700440E2,3.470311956E0,3.449422932E2,4.578486620E0,3.000000000E0
1.503955721E3,5.056840588E1,8.676110095E0,1.820446872E2,3.531104593E0,3.467483300E2,4.562049496E0,3.000000000E0
1.504955708E3,5.056843598E1,8.676104304E0,1.821702610E2,3.502744001E0,3.490494264E2,4.460095232E0,3.000000000E0
1.505955694E3,5.056846706E1,8.676081327E0,1.822712890E2,3.525448335E0,3.448919817E2,4.364850687E0,3.000000000E0
1.506955680E3,5.056849253E1,8.676060810E0,1.818743520E2,3.496665254E0,3.422756586E2,4.371155560E0,3.000000000E0
1.507955667E3,5.056851998E1,8.676028655E0,1.824591043E2,3.494564734E0,3.371341207E2,4.385420654E0,3.000000000E0
1.508955652E3,5.056854468E1,8.676023089E0,1.823410701E2,3.358676646E0,3.402508152E2,4.331982944E0,3.000000000E0
1.509955649E3,5.056858246E1,8.676030120E0,1.824044027E2,3.472835016E0,3.473443171E2,4.321848141E0,3.000000000E0
1.510955625E3,5.056861308E1,8.676009361E0,1.821057177E2,3.433553468E0,3.453957364E2,4.361153017E0,3.000000000E0
1.511955612E3,5.056864536E1,8.676004613E0,1.840936409E2,3.440144534E0,3.480734078E2,4.370118862E0,3.000000000E0
1.512955597E3,5.056867175E1,8.675984781E0,1.834126279E2,3.439531635E0,3.445595571E2,4.329643137E0,3.000000000E0
1.513955584E3,5.056870099E1,8.675969023E0,1.828823963E2,3.428810804E0,3.430780707E2,4.630816029E0,3.000000000E0
1.514955571E3,5.056872955E1,8.675961839E0,1.834004850E2,3.348325445E0,3.445315629E2,5.081892311E0,3.000000000E0
1.515955557E3,5.056876154E1,8.675955715E0,1.833456442E2,3.395483870E0,3.466072710E2,5.825091777E0,3.000000000E0
1.516955543E3,5.056878778E1,8.675937116E0,1.832449147E2,3.344980039E0,3.450692148E2,6.719332208E0,3.000000000E0
1.517955530E3,5.056881924E1,8.675935019E0,1.833412425E2,3.371256299E0,3.476789555E2,7.328494471E0,3.000000000E0
1.518955515E3,5.056884012E1,8.675892208E0,1.834397989E2,3.334795623E0,3.394938662E2,7.295808297E0,3.000000000E0
1.519955502E3,5.056886593E1,8.675844486E0,1.834807678E2,3.424151204E0,3.354549402E2,6.451890786E0,3.000000000E0
1.520955488E3,5.056890128E1,8.675834480E0,1.846507300E2,3.420349885E0,3.413324092E2,4.561668062E0,3.000000000E0
1.521955475E3,5.056891857E1,8.675841743E0,1.849839001E2,3.273734071E0,3.463579305E2,4.572024917E0,3.000000000E0
1.522955461E3,5.056895261E1,8.675836042E0,1.843666688E2,3.348113612E0,3.482085747E2,4.620138641E0,3.000000000E0
1.523955447E3,5.056898066E1,8.675822757E0,1.849054903E2,3.324579809E0,3.469254563E2,4.591590033E0,3.000000000E0
1.524955433E3,5.056901015E1,8.675798499E0,1.846806421E2,3.308838908E0,3.358377733E2,4.548860443E0,3.000000000E0
1.525955419E3,5.056903017E1,8.675773321E0,1.847324376E2,3.176502987E0,3.194163280E2,4.570170283E0,3.000000000E0
1.526955405E3,5.056905143E1,8.675738329E0,1.849687092E2,3.219526362E0,3.106198519E2,4.487469142E0,3.000000000E0
1.527955392E3,5.056907709E1,8.675708699E0,1.853802024E2,3.254603934E0,3.150519014E2,4.456801832E0,3.000000000E0
1.528955379E3,5.056909572E1,8.675676020E0,1.841472626E2,3.190857721E0,3.162119667E2,4.374399360E0,3.000000000E0
1.529955365E3,5.056911587E1,8.675660764E0,1.843594217E2,3.107450027E0,3.242055790E2,4.281451044E0,3.000000000E0
1.530955351E3,5.056915108E1,8.675653258E0,1.868392029E2,3.272197563E0,3.345642634E2,4.407887910E0,3.000000000E0
1.531955337E3,5.056917749E1,8.675648688E0,1.864692990E2,3.232270142E0,3.397357132E2,4.442668358E0,3.000000000E0
1.532955323E3,5.056920270E1,8.675655930E0,1.854929475E2,3.209624008E0,3.474111976E2,4.353237574E0,3.000000000E0
1.533955310E3,5.056922617E1,8.675647308E0,1.859095349E2,3.160883341E0,3.464718651E2,4.271014093E0,3.000000000E0
1.534955296E3,5.056925635E1,8.675635950E0,1.857519464E2,3.228085166E0,3.467474140E2,4.300780548E0,3.000000000E0
1.535955282E3,5.056928276E1,8.675625800E0,1.852093537E2,3.149335108E0,3.477051312E2,4.359819489E0,3.000000000E0
1.536955269E3,5.056930818E1,8.675608387E0,1.857761685E2,3.143613033E0,3.467991929E2,4.253053729E0,3.000000000E0
1.537955255E3,5.056933949E1,8.675597014E0,1.856919299E2,3.232574212E0,3.454358507E2,4.168640459E0,3.000000000E0
1.538955241E3,5.056936798E1,8.675590928E0,1.858968329E2,3.229593967E0,3.465973510E2,4.120745514E0,3.000000000E0
1.539955227E3,5.056939431E1,8.675584787E0,1.854772765E2,3.150955018E0,3.502286815E2,4.099195609E0,3.000000000E0
1.540955214E3,5.056942187E1,8.675556837E0,1.862375972E2,3.213530852E0,3.427212207E2,4.047843290E0,3.000000000E0
1.541955200E3,5.056944763E1,8.675533611E0,1.858428880E2,3.246165246E0,3.391268261E2,3.983410097E0,3.000000000E0
1.542955186E3,5.056947489E1,8.675527481E0,1.857198929E2,3.230521690E0,3.417372506E2,3.954660248E0,3.000000000E0
1.543955172E3,5.056950424E1,8.675500683E0,1.859034935E2,3.340243501E0,3.376140041E2,3.901173216E0,3.000000000E0
1.544955159E3,5.056953734E1,8.675495610E0,1.862743232E2,3.361798634E0,3.422152745E2,3.999781633E0,3.000000000E0
1.545956742E3,5.056956324E1,8.675488024E0,1.862752551E2,3.291930271E0,3.444824791E2,4.001723570E0,3.000000000E0
1.546956749E3,5.056959015E1,8.675466896E0,1.861017950E2,3.282637610E0,3.407740714E2,4.020319359E0,3.000000000E0
1.547956735E3,5.056961952E1,8.675457461E0,1.864137982E2,3.215238108E0,3.409195462E2,3.987710470E0,3.000000000E0
1.548956743E3,5.056963325E1,8.675417589E0,1.862311945E2,3.045963954E0,3.245776437E2,3.930927741E0,3.000000000E0
1.549956745E3,5.056965050E1,8.675396968E0,1.852400518E2,2.895934102E0,3.213892844E2,3.915346332E0,3.000000000E0
1.550956729E3,5.056967844E1,8.675385611E0,1.858003165E2,2.928804831E0,3.240797880E2,3.917263848E0,3.000000000E0
1.551956739E3,5.056970868E1,8.675378641E0,1.860678493E2,3.008822974E0,3.315987046E2,3.962092597E0,3.000000000E0
1.552956746E3,5.056974186E1,8.675361123E0,1.857488039E2,3.172773625E0,3.338970540E2,3.931641435E0,3.000000000E0
1.553956733E3,5.056977200E1,8.675360800E0,1.856255313E2,3.156927634E0,3.431628768E2,3.926917578E0,3.000000000E0
1.554956738E3,5.056980130E1,8.675344763E0,1.861704405E2,3.301660363E0,3.414388608E2,3.830571692E0,3.000000000E0
1.555956747E3,5.056983331E1,8.675327474E0,1.860701646E2,3.570648584E0,3.405404875E2,3.806706227E0,3.000000000E0
1.556956730E3,5.056985593E1,8.675305420E0,1.858008012E2,3.389642396E0,3.343335350E2,3.831502968E0,3.000000000E0
1.557956733E3,5.056987621E1,8.675270603E0,1.861318925E2,3.301070381E0,3.259526916E2,3.805701174E0,3.000000000E0
1.558956740E3,5.056989267E1,8.675239160E0,1.857398792E2,3.058671116E0,3.214276306E2,3.788239782E0,3.000000000E0
1.559956725E3,5.056991221E1,8.675212569E0,1.859226089E2,3.054854210E0,3.219420802E2,3.771806590E0,3.000000000E0
1.560956709E3,5.056993387E1,8.675186874E0,1.859418403E2,3.074435622E0,3.221461875E2,3.987523439E0,3.000000000E0
1.561956693E3,5.056996222E1,8.675172602E0,1.859643884E2,3.122255317E0,3.278822269E2,4.140185763E0,3.000000000E0
1.562956678E3,5.056999125E1,8.675163636E0,1.854628670E2,3.143933811E0,3.333428888E2,4.972907583E0,3.000000000E0
1.563956662E3,5.057001904E1,8.675149726E0,1.857543680E2,3.144588399E0,3.341875354E2,5.411487338E0,3.000000000E0
1.564956647E3,5.057005250E1,8.675148842E0,1.864323510E2,3.221486695E0,3.410066605E2,5.544817771E0,3.000000000E0
1.565956631E3,5.057007177E1,8.675115848E0,1.865424228E2,3.209168176E0,3.329530916E2,5.447586890E0,3.000000000E0
1.566956616E3,5.057010858E1,8.675124250E0,1.855990678E2,3.227559483E0,3.443005638E2,5.586963873E0,3.000000000E0
1.567956600E3,5.057014051E1,8.675121233E0,1.858210552E2,3.232716557E0,3.482576396E2,4.800993890E0,3.000000000E0
1.568956585E3,5.057017344E1,8.675124735E0,1.852120736E2,3.219306607E0,3.509057919E2,4.762182387E0,3.000000000E0
1.569956570E3,5.057019689E1,8.675107843E0,1.859551781E2,3.199218930E0,3.468823838E2,4.624073262E0,3.000000000E0
1.570956556E3,5.057022197E1,8.675078434E0,1.857278060E2,3.276106754E0,3.407149466E2,4.548049289E0,3.000000000E0
1.571956540E3,5.057024946E1,8.675073588E0,1.848046238E2,3.236850738E0,3.439312991E2,4.462376210E0,3.000000000E0
1.572956526E3,5.057028089E1,8.675062811E0,1.854284134E2,3.247091714E0,3.473652088E2,4.434245534E0,3.000000000E0
1.573956511E3,5.057030954E1,8.675045395E0,1.861802031E2,3.241611088E0,3.442722539E2,4.353564272E0,3.000000000E0
1.574956495E3,5.057034000E1,8.675027662E0,1.860411337E2,3.310708942E0,3.436945027E2,4.444490732E0,3.000000000E0
1.575956482E3,5.057036758E1,8.675021253E0,1.857220808E2,3.271650511E0,3.459695773E2,4.356014879E0,3.000000000E0
1.576956467E3,5.057039437E1,8.675007072E0,1.853693469E2,3.236065509E0,3.455660087E2,4.415560170E0,3.000000000E0
1.577956452E3,5.057042170E1,8.675002274E0,1.848810755E2,3.180186866E0,3.457206136E2,4.399953591E0,3.000000000E0
1.578956438E3,5.057045004E1,8.674991494E0,1.846920377E2,3.162475010E0,3.455964133E2,4.406414053E0,3.000000000E0
1.579956423E3,5.057047746E1,8.674981233E0,1.845014189E2,3.149231861E0,3.457172634E2,4.333716664E0,3.000000000E0
1.580956409E3,5.057050572E1,8.674963758E0,1.854345738E2,3.224536877E0,3.427714792E2,4.357513620E0,3.000000000E0
1.581956394E3,5.057053285E1,8.674950293E0,1.858491715E2,3.274567354E0,3.430485505E2,4.401607934E0,3.000000000E0
1.582956380E3,5.057055574E1,8.674918224E0,1.857142816E2,3.325775767E0,3.365623042E2,4.472389166E0,3.000000000E0
1.583956366E3,5.057058490E1,8.674912138E0,1.851085666E2,3.277406898E0,3.405810235E2,4.405307780E0,3.000000000E0
1.584956351E3,5.057060956E1,8.674888012E0,1.849491458E2,3.239473170E0,3.371100393E2,4.423087090E0,3.000000000E0
1.585956337E3,5.057063862E1,8.674886591E0,1.852491427E2,3.170434904E0,3.429433117E2,4.340885048E0,3.000000000E0
1.586956323E3,5.057066102E1,8.674865528E0,1.845369683E2,3.071671716E0,3.410538667E2,4.277028655E0,3.000000000E0
1.587956309E3,5.057068152E1,8.674835480E0,1.846624146E2,3.089269518E0,3.358121003E2,4.215008365E0,3.000000000E0
1.588956295E3,5.057070772E1,8.674814384E0,1.844220922E2,3.162247618E0,3.350985647E2,4.113545310E0,3.000000000E0
1.589956281E3,5.057073473E1,8.674797806E0,1.852183033E2,3.132787893E0,3.373806291E2,4.017862788E0,3.000000000E0
1.590956267E3,5.057076080E1,8.674802104E0,1.849095542E2,2.991061214E0,3.506333128E2,3.992812453E0,3.000000000E0
1.591956252E3,5.057078883E1,8.674781851E0,1.850303206E2,3.156887021E0,3.485644464E2,3.989914114E0,3.000000000E0
1.592956238E3,5.057081880E1,8.674781276E0,1.840754216E2,3.280221374E0,3.535647964E2,3.930951471E0,3.000000000E0
1.593956224E3,5.057084625E1,8.674765624E0,1.839739300E2,3.279844010E0,3.479920322E2,3.868302141E0,3.000000000E0
1.594956210E3,5.057087707E1,8.674736230E0,1.841322542E2,3.471112691E0,3.384930889E2,3.813630569E0,3.000000000E0
1.595956195E3,5.057089933E1,8.674704510E0,1.841554456E2,3.370486778E0,3.324853202E2,3.760238943E0,3.000000000E0
1.596956182E3,5.057092356E1,8.674683880E0,1.831669642E2,3.290567562E0,3.314138225E2,3.793440502E0,3.000000000E0
1.597956168E3,5.057096267E1,8.674668106E0,1.839711655E2,3.420052687E0,3.369108881E2,3.716476418E0,3.000000000E0
1.598956154E3,5.057099579E1,8.674663275E0,1.848240921E2,3.398126713E0,3.432631978E2,3.714611140E0,3.000000000E0
1.599956140E3,5.057102536E1,8.674649416E0,1.839123839E2,3.362998429E0,3.438568696E2,3.719919516E0,3.000000000E0
1.600956126E3,5.057105116E1,8.674650048E0,1.831699054E2,3.192774191E0,3.497665520E2,3.645838775E0,3.000000000E0
1.601956112E3,5.057107379E1,8.674628746E0,1.832464990E2,3.110875704E0,3.435127746E2,3.582623295E0,3.000000000E0
1.602956098E3,5.057110117E1,8.674623891E0,1.835466183E2,3.091934098E0,3.449286781E2,3.557311066E0,3.000000000E0
1.603956083E3,5.057112955E1,8.674602327E0,1.831968120E2,3.183117774E0,3.408167813E2,3.541537331E0,3.000000000E0
1.604956070E3,5.057115574E1,8.674586170E0,1.834555665E2,3.167611140E0,3.406360659E2,3.529489666E0,3.000000000E0
1.605956056E3,5.057119029E1,8.674585853E0,1.832882720E2,3.330520333E0,3.494446970E2,3.506901234E0,3.000000000E0
1.606956042E3,5.057122180E1,8.674586573E0,1.827910943E2,3.307025850E0,3.557989194E2,3.459414454E0,3.000000000E0
1.607956028E3,5.057125305E1,8.674574957E0,1.833274608E2,3.410406024E0,3.490098487E2,3.506140179E0,3.000000000E0
1.608956014E3,5.057128487E1,8.674573102E0,1.829264039E2,3.342206278E0,3.484244915E2,3.527854738E0,3.000000000E0
1.609956000E3,5.057131264E1,8.674555698E0,1.826130385E2,3.305451536E0,3.448488239E2,3.477134645E0,3.000000000E0
1.610955986E3,5.057134171E1,8.674549914E0,1.830579298E2,3.242513872E0,3.461907653E2,3.431652247E0,3.000000000E0
1.611955973E3,5.057136870E1,8.674525622E0,1.824258795E2,3.301052548E0,3.417799136E2,3.398597265E0,3.000000000E0
1.612955959E3,5.057139178E1,8.674510544E0,1.819869155E2,3.154823171E0,3.405268567E2,3.378722858E0,3.000000000E0
1.613955945E3,5.057141857E1,8.674486625E0,1.819082843E2,3.204051416E0,3.373701141E2,3.425110643E0,3.000000000E0
1.614955931E3,5.057144816E1,8.674474561E0,1.822300864E2,3.228053960E0,3.396348147E2,3.354806007E0,3.000000000E0
1.615955916E3,5.057146935E1,8.674455177E0,1.827137597E2,3.203967818E0,3.362298449E2,3.288560355E0,3.000000000E0
1.616955903E3,5.057148968E1,8.674441535E0,1.814677439E2,3.125327774E0,3.357116659E2,3.277687262E0,3.000000000E0
1.617955889E3,5.057151226E1,8.674424153E0,1.826132755E2,3.084638500E0,3.363462813E2,3.315497083E0,3.000000000E0
1.618955875E3,5.057154133E1,8.674415275E0,1.821696780E2,3.181674532E0,3.400582411E2,3.280318616E0,3.000000000E0
1.619955862E3,5.057156726E1,8.674391601E0,1.816093607E2,3.200625321E0,3.384934825E2,3.231837588E0,3.000000000E0
1.620955848E3,5.057159850E1,8.674371451E0,1.813222573E2,3.329110293E0,3.382101038E2,3.330418461E0,3.000000000E0
1.621955834E3,5.057162229E1,8.674342392E0,1.813708522E2,3.327824093E0,3.330144920E2,3.339864380E0,3.000000000E0
1.622955820E3,5.057165096E1,8.674327200E0,1.814888176E2,3.289217040E0,3.353634263E2,3.329858865E0,3.000000000E0
1.623955806E3,5.057168193E1,8.674310614E0,1.814680835E2,3.319079360E0,3.381121620E2,3.378294779E0,3.000000000E0
1.624955792E3,5.057170339E1,8.674296384E0,1.808422873E2,3.180565848E0,3.377750765E2,3.342072133E0,3.000000000E0
1.625955778E3,5.057173438E1,8.674281904E0,1.816761919E2,3.222993323E0,3.405897095E2,3.401399525E0,3.000000000E0
1.626955764E3,5.057175603E1,8.674257319E0,1.815002576E2,3.223157971E0,3.382942920E2,3.422159497E0,3.000000000E0
1.627955750E3,5.057178628E1,8.674253733E0,1.822784490E2,3.234883037E0,3.402463759E2,3.438134235E0,3.000000000E0
1.628955737E3,5.057181036E1,8.674230224E0,1.821056217E2,3.202291408E0,3.373365196E2,3.366227526E0,3.000000000E0
1.629955723E3,5.057184107E1,8.674213338E0,1.819439987E2,3.374163122E0,3.397503802E2,3.493116861E0,3.000000000E0
1.630955709E3,5.057186671E1,8.674199064E0,1.819421361E2,3.317050450E0,3.402082270E2,3.922772352E0,3.000000000E0
1.631955695E3,5.057189593E1,8.674183268E0,1.814939127E2,3.322250309E0,3.398427482E2,4.512504586E0,3.000000000E0
1.632955681E3,5.057191928E1,8.674171428E0,1.818586288E2,3.188503527E0,3.406689486E2,4.859941738E0,3.000000000E0
1.633955668E3,5.057194884E1,8.674154268E0,1.820530785E2,3.245906867E0,3.389018229E2,5.188059968E0,3.000000000E0
1.634955654E3,5.057197504E1,8.674147198E0,1.819150939E2,3.161697672E0,3.398100933E2,5.339276526E0,3.000000000E0
1.635955639E3,5.057199484E1,8.674122659E0,1.817654500E2,3.138836676E0,3.349132122E2,5.242846146E0,3.000000000E0
1.636955626E3,5.057203176E1,8.674105427E0,1.824623735E2,3.214989427E0,3.383615990E2,4.717758079E0,3.000000000E0
1.637955613E3,5.057206096E1,8.674084518E0,1.822636366E2,3.240815484E0,3.374608671E2,4.702795645E0,3.000000000E0
1.638955598E3,5.057208545E1,8.674068600E0,1.822650037E2,3.231861460E0,3.376517410E2,4.645249116E0,3.000000000E0
1.639955585E3,5.057210679E1,8.674041142E0,1.831435768E2,3.213189393E0,3.337815659E2,4.656361652E0,3.000000000E0
1.640955570E3,5.057213377E1,8.674022743E0,1.815146623E2,3.291808245E0,3.340434326E2,5.540005768E0,3.000000000E0
1.641955557E3,5.057215847E1,8.674003429E0,1.835072830E2,3.198511468E0,3.330296374E2,5.963978456E0,3.000000000E0
1.642955543E3,5.057218923E1,8.674014848E0,1.828557441E2,3.208567909E0,3.410919770E2,5.478909290E0,3.000000000E0
1.643955529E3,5.057221799E1,8.674005049E0,1.828396803E2,3.254488330E0,3.414242008E2,5.391826589E0,3.000000000E0
1.644955515E3,5.057225028E1,8.673985991E0,1.830057751E2,3.333604064E0,3.397897103E2,4.882397398E0,3.000000000E0
1.645955502E3,5.057227271E1,8.673963167E0,1.839629664E2,3.258231365E0,3.390177037E2,4.922613810E0,3.000000000E0
1.646955488E3,5.057229294E1,8.673947141E0,1.839246510E2,3.223485278E0,3.394449124E2,4.617934554E0,3.000000000E0
1.647955474E3,5.057231987E1,8.673928330E0,1.838386829E2,3.281703290E0,3.368765962E2,4.348232231E0,3.000000000E0
1.648955460E3,5.057234496E1,8.673912557E0,1.841331198E2,3.252378329E0,3.402317355E2,4.324920153E0,3.000000000E0
1.649955446E3,5.057236876E1,8.673917944E0,1.837652226E2,3.216507088E0,3.457469914E2,4.310488631E0,3.000000000E0
1.650955432E3,5.057239697E1,8.673906092E0,1.836591221E2,3.203222925E0,3.456944969E2,4.212505775E0,3.000000000E0
1.651955418E3,5.057242709E1,8.673890060E0,1.839819265E2,3.234480900E0,3.424383197E2,4.529626221E0,3.000000000E0
1.652955405E3,5.057245675E1,8.673867157E0,1.835013005E2,3.253265046E0,3.379075889E2,4.852490889E0,3.000000000E0
1.653955391E3,5.057248391E1,8.673854712E0,1.844166651E2,3.231757374E0,3.415009857E2,5.023111959E0,3.000000000E0
1.654955377E3,5.057251006E1,8.673838421E0,1.836960514E2,3.272362974E0,3.412671694E2,5.306051327E0,3.000000000E0
1.655955363E3,5.057253847E1,8.673808819E0,1.840963572E2,3.345390740E0,3.373842174E2,5.557421153E0,3.000000000E0
1.656955349E3,5.057256376E1,8.673795463E0,1.839833622E2,3.275284887E0,3.380304745E2,5.840060206E0,3.000000000E0
1.657955335E3,5.057259397E1,8.673770067E0,1.841142989E2,3.301427357E0,3.348823497E2,5.865121078E0,3.000000000E0
1.658955322E3,5.057261777E1,8.673755092E0,1.834789291E2,3.139539218E0,3.416596343E2,5.614534965E0,3.000000000E0
1.659955308E3,5.057263822E1,8.673706182E0,1.850216092E2,3.205192277E0,3.306194557E2,5.553582848E0,3.000000000E0
1.660955294E3,5.057265223E1,8.673676173E0,1.842695447E2,3.252711177E0,3.255106841E2,5.375903707E0,3.000000000E0
1.661955281E3,5.057267064E1,8.673614824E0,1.849412804E2,3.633695109E0,3.115692511E2,5.278388314E0,3.000000000E0
1.662955266E3,5.057269926E1,8.673599629E0,1.853424899E2,3.412080300E0,3.174504256E2,5.168881823E0,3.000000000E0
1.663955253E3,5.057272552E1,8.673567422E0,1.852788718E2,3.491108372E0,3.192218587E2,5.166024678E0,3.000000000E0
1.664955238E3,5.057275595E1,8.673552618E0,1.853383067E2,3.338670935E0,3.279670787E2,5.049957948E0,3.000000000E0
1.665955225E3,5.057277890E1,8.673530134E0,1.858113015E2,3.239734351E0,3.302820229E2,4.951377263E0,3.000000000E0
1.666955211E3,5.057279875E1,8.673503912E0,1.856928344E2,3.172605855E0,3.281850616E2,4.854406583E0,3.000000000E0
1.667955198E3,5.057282176E1,8.673483344E0,1.859358370E2,3.134961028E0,3.287633037E2,4.791996017E0,3.000000000E0
1.668955184E3,5.057284243E1,8.673459845E0,1.858012541E2,3.065264140E0,3.277965375E2,4.823037016E0,3.000000000E0
1.669955169E3,5.057286711E1,8.673437549E0,1.863341572E2,3.147249785E0,3.275986547E2,4.855062617E0,3.000000000E0
1.670955156E3,5.057288205E1,8.673409730E0,1.867012272E2,3.101356689E0,3.244557085E2,4.901218155E0,3.000000000E0
1.671956771E3,5.057290198E1,8.673374780E0,1.862396387E2,3.124817775E0,3.199873623E2,4.794592495E0,3.000000000E0
1.672956781E3,5.057292936E1,8.673350451E0,1.867173915E2,3.186585375E0,3.211205406E2,4.684022728E0,3.000000000E0
1.673956767E3,5.057294123E1,8.673316026E0,1.870897219E2,3.150960658E0,3.134613267E2,4.549821597E0,3.000000000E0
1.674956772E3,5.057294923E1,8.673262746E0,1.880855122E2,3.321531589E0,3.025114162E2,4.526570012E0,3.000000000E0
1.675956778E3,5.057294140E1,8.673209368E0,1.877398682E2,3.320179747E0,2.882377273E2,4.464433342E0,3.000000000E0
1.676956762E3,5.057294664E1,8.673172127E0,1.882470654E2,3.177899800E0,2.802448890E2,4.540218590E0,3.000000000E0
1.677956767E3,5.057293401E1,8.673131189E0,1.885736550E2,3.030414696E0,2.685217311E2,4.449414109E0,3.000000000E0
1.678956758E3,5.057291802E1,8.673091961E0,1.884534745E2,3.026407504E0,2.609235411E2,4.326943403E0,3.000000000E0
1.679956772E3,5.057290213E1,8.673069150E0,1.885835843E2,2.909025643E0,2.517384735E2,4.372765308E0,3.000000000E0
1.680956742E3,5.057288579E1,8.673029450E0,1.883014917E2,3.066183798E0,2.476184728E2,4.254127039E0,3.000000000E0
1.681956751E3,5.057286673E1,8.673001979E0,1.883351264E2,3.068583201E0,2.418631841E2,4.247883457E0,3.000000000E0
1.682956735E3,5.057286658E1,8.672953609E0,1.885104768E2,3.201708532E0,2.507908899E2,4.203146781E0,3.000000000E0
1.683956736E3,5.057286435E1,8.672914754E0,1.899623472E2,3.138112899E0,2.537576773E2,4.171406087E0,3.000000000E0
1.684956745E3,5.057284158E1,8.672890872E0,1.894338516E2,3.086919459E0,2.460576643E2,4.112619065E0,3.000000000E0
1.685956731E3,5.057284004E1,8.672851591E0,1.889495016E2,3.064653651E0,2.510901733E2,4.050812691E0,3.000000000E0
1.686956716E3,5.057282225E1,8.672821304E0,1.893801829E2,3.074169652E0,2.457390862E2,3.948272054E0,3.000000000E0
1.687956701E3,5.057281440E1,8.672788755E0,1.890051441E2,2.955800238E0,2.469651797E2,4.094982859E0,3.000000000E0
1.688956686E3,5.057280002E1,8.672760874E0,1.889951119E2,2.923200239E0,2.429084561E2,4.079373862E0,3.000000000E0
1.689956672E3,5.057278128E1,8.672730467E0,1.896311800E2,3.042141743E0,2.353663983E2,4.231328986E0,3.000000000E0
1.690956657E3,5.057276320E1,8.672695153E0,1.899046934E2,3.150777072E0,2.342266505E2,4.968081181E0,3.000000000E0
1.691956642E3,5.057274730E1,8.672656052E0,1.897621761E2,3.276655265E0,2.344594568E2,5.902426668E0,3.000000000E0
1.692956627E3,5.057273282E1,8.672615880E0,1.902137837E2,3.289213850E0,2.360502066E2,6.944311624E0,3.000000000E0
1.693956613E3,5.057273310E1,8.672566490E0,1.898506360E2,3.218490441E0,2.442318493E2,7.679595410E0,3.000000000E0
1.694956599E3,5.057273413E1,8.672526739E0,1.898656386E2,3.090363188E0,2.500916873E2,8.106991872E0,3.000000000E0
1.695956584E3,5.057271936E1,8.672494779E0,1.899524191E2,3.007362899E0,2.487985367E2,8.321677179E0,3.000000000E0
1.696956569E3,5.057273256E1,8.672446168E0,1.902332162E2,3.043201814E0,2.587283924E2,7.655999190E0,3.000000000E0
1.697956555E3,5.057274667E1,8.672403226E0,1.905714564E2,3.037324657E0,2.631662670E2,6.560974799E0,3.000000000E0
1.698956540E3,5.057274354E1,8.672376576E0,1.908410177E2,2.950944815E0,2.640768702E2,5.679293903E0,3.000000000E0
1.699956525E3,5.057275261E1,8.672343770E0,1.910924256E2,2.918825676E0,2.698447522E2,5.357296203E0,3.000000000E0
1.700956511E3,5.057277580E1,8.672312921E0,1.897826616E2,2.969596648E0,2.853316910E2,4.951917520E0,3.000000000E0
1.701956496E3,5.057278192E1,8.672294584E0,1.914605115E2,2.893019197E0,2.905303979E2,4.961410199E0,3.000000000E0
1.702956482E3,5.057280418E1,8.672278146E0,1.902944516E2,2.842299719E0,2.989922640E2,4.619967515E0,3.000000000E0
1.703956467E3,5.057282350E1,8.672260066E0,1.899342873E2,2.782027318E0,3.036471051E2,4.450401711E0,3.000000000E0
1.704956454E3,5.057289508E1,8.672236374E0,1.916350963E2,3.123393861E0,3.186064934E2,4.320711376E0,3.000000000E0
1.705956439E3,5.057289867E1,8.672193518E0,1.923747843E2,3.056447051E0,3.074476981E2,4.034680348E0,3.000000000E0
1.706956425E3,5.057289538E1,8.672148432E0,1.919226080E2,2.988365271E0,2.921284185E2,3.961511513E0,3.000000000E0
1.707956410E3,5.057288768E1,8.672107669E0,1.912957921E2,2.894951894E0,2.787748028E2,3.765360361E0,3.000000000E0
1.708956396E3,5.057288048E1,8.672072658E0,1.916648637E2,2.812889090E0,2.731339369E2,3.615000791E0,3.000000000E0
1.709956382E3,5.057287664E1,8.672029829E0,1.918851353E2,3.004542541E0,2.695372009E2,3.530832286E0,3.000000000E0
1.710956367E3,5.057285919E1,8.671989514E0,1.921609606E2,3.101960225E0,2.618271698E2,3.639935359E0,3.000000000E0
1.711956353E3,5.057286661E1,8.671947371E0,1.919128574E2,3.087684094E0,2.675927537E2,4.553497595E0,3.000000000E0
1.712956339E3,5.057285634E1,8.671906237E0,1.924262574E2,3.082438833E0,2.622228604E2,5.535976773E0,3.000000000E0
1.713956325E3,5.057284872E1,8.671862691E0,1.923003711E2,3.112459606E0,2.596939050E2,6.567233278E0,3.000000000E0
1.714956310E3,5.057286654E1,8.671810808E0,1.918320740E2,3.209498168E0,2.700705240E2,6.896632809E0,3.000000000E0
1.715956296E3,5.057286580E1,8.671770419E0,1.916325972E2,3.111972311E0,2.707409482E2,7.830617043E0,3.000000000E0
1.716956281E3,5.057287358E1,8.671726749E0,1.928446557E2,3.085502312E0,2.737437526E2,8.739699792E0,3.000000000E0
1.717956267E3,5.057286763E1,8.671681918E0,1.934799912E2,3.054121006E0,2.706316000E2,9.873429466E0,3.000000000E0
1.718956253E3,5.057287194E1,8.671638528E0,1.930062715E2,3.003077613E0,2.715835458E2,1.126560497E1,3.000000000E0
1.719956239E3,5.057287204E1,8.671597439E0,1.930130050E2,2.949340437E0,2.713420142E2,1.249999003E1,3.000000000E0
1.720956224E3,5.057286614E1,8.671559794E0,1.935129035E2,2.839919872E0,2.677772838E2,1.335195251E1,3.000000000E0
1.721956210E3,5.057286537E1,8.671538348E0,1.932981001E2,2.507416262E0,2.671650236E2,1.526356309E1,3.000000000E0
1.722956196E3,5.057287159E1,8.671495905E0,1.928489831E2,2.549603079E0,2.694758968E2,1.689272027E1,3.000000000E0
1.723956182E3,5.057286417E1,8.671488901E0,1.934950021E2,2.136053321E0,2.669539235E2,1.870019148E1,3.000000000E0
1.724956168E3,5.057285981E1,8.671467293E0,1.935890475E2,1.963939968E0,2.661794131E2,1.974474974E1,3.000000000E0
1.725956154E3,5.057286331E1,8.671420527E0,1.942689107E2,2.153355267E0,2.679213701E2,2.182574274E1,3.000000000E0
1.726956139E3,5.057286787E1,8.671329140E0,1.938848901E2,2.862149682E0,2.691878549E2,2.386846013E1,3.000000000E0
1.727956125E3,5.057285748E1,8.671275326E0,1.939344079E2,2.924361301E0,2.665566640E2,2.578342978E1,3.000000000E0
1.728956111E3,5.057286083E1,8.671251265E0,1.943479496E2,2.622278623E0,2.675499650E2,2.783616572E1,3.000000000E0
1.729956097E3,5.057283088E1,8.671224368E0,1.942521312E2,2.594034279E0,2.627103453E2,2.766822177E1,3.000000000E0
1.730956082E3,5.057280167E1,8.671254995E0,1.945178580E2,1.979922265E0,2.558548443E2,2.505039758E1,3.000000000E0
1.731956068E3,5.057282997E1,8.671205558E0,1.948586484E2,2.109968226E0,2.647538657E2,2.456017219E1,3.000000000E0
1.732956053E3,5.057281736E1,8.671165790E0,1.951357589E2,2.265742939E0,2.621582391E2,2.473700207E1,3.000000000E0
1.733956040E3,5.057281865E1,8.671139346E0,1.946163956E2,2.197535980E0,2.632908740E2,2.291197345E1,3.000000000E0
1.734956025E3,5.057290204E1,8.671125025E0,1.946411610E2,2.052622486E0,2.834943226E2,1.681916528E1,3.000000000E0
1.735956011E3,5.057285802E1,8.671106806E0,1.943219495E2,1.775774267E0,2.772906942E2,1.572266152E1,3.000000000E0
1.736955997E3,5.057284999E1,8.671107116E0,1.944093797E2,1.312948022E0,2.778695239E2,1.511703897E1,3.000000000E0
1.737955983E3,5.057285290E1,8.671113139E0,1.945380156E2,9.795478949E-1,2.821930449E2,1.578688116E1,3.000000000E0
1.738955968E3,5.057286501E1,8.671088185E0,1.950312857E2,9.866037027E-1,2.848359060E2,1.582073934E1,3.000000000E0
1.739955954E3,5.057286369E1,8.671098712E0,1.950272920E2,8.112217353E-1,2.852218932E2,1.527497556E1,3.000000000E0
1.740955940E3,5.057277298E1,8.671112737E0,1.953671469E2,2.719285514E-1,2.408502245E2,7.406374238E0,3.000000000E0